:020000040000FA
:10000000A8300120D90C02008FCD0300C50C0200DE
:10001000C50C0200C50C0200C50C0200C50C020094
:10002000000000000000000000000000790E020047
:10003000C50C020000000000D50D0200C50C020036
:100040008D1002008D1002008D1002008D10020034
:100050008D1002008D1002008D1002008D10020024
:100060008D1002008D1002008D1002008D10020014
:100070008D1002008D1002008D1002008D10020004
:100080008D1002008D1002008D1002008D100200F4
:100090008D1002008D1002008D1002008D100200E4
:1000A0008D1002008D1002008D1002008D100200D4
:1000B0008D1002008D1002008D1002008D100200C4
:1000C0008D1002008D1002008D1002008D100200B4
:1000D0008D1002008D1002008D1002008D100200A4
:1000E0008D1002008D1002008D1002008D10020094
:1000F0008D1002008D1002008D1002008D10020084
:100100008D1002008D1002008D1002008D10020073
:100110008D1002008D1002008D1002008D10020063
:100120008D1002008D1002008D1002008D10020053
:100130008D1002008D1002008D1002008D10020043
:100140008D1002008D1002008D1002008D10020033
:100150008D1002008D1002008D1002008D10020023
:100160008D1002008D1002008D1002008D10020013
:100170008D1002008D1002008D1002008D10020003
:100180008D1002008D1002008D1002008D100200F3
:100190008D1002008D1002008D1002008D100200E3
:1001A0008D1002008D1002008D1002008D100200D3
:1001B0008D1002008D1002008D1002008D100200C3
:1001C0008D1002008D1002008D1002008D100200B3
:1001D0008D1002008D1002008D1002008D100200A3
:1001E0008D1002008D1002008D1002008D10020093
:1001F0008D1002008D1002008D1002008D10020083
:100200008D1002008D1002008D1002008D10020072
:100210008D1002008D1002008D1002008D10020062
:100220008D1002008D1002008D1002008D10020052
:100230008D1002008D1002008D1002008D10020042
:100240008D1002008D1002008D1002008D10020032
:100250008D100200E50404008D1002008D100200D4
:100260008D1002008D100200CF0404008D100200DA
:100270008D1002008D1002008D1002008D10020002
:100280008D1002008D1002008D1002008D100200F2
:100290008D1002008D1002008D1002008D100200E2
:1002A0008D1002008D1002008D1002008D100200D2
:1002B0008D1002008D1002008D1002008D100200C2
:1002C0008D1002008D1002008D1002008D100200B2
:1002D0008D1002008D1002008D1002008D100200A2
:1002E0008D1002008D1002008D1002008D10020092
:1002F0008D1002008D1002008D1002008D10020082
:100300008D1002008D1002008D1002008D10020071
:100310008D1002008D1002008D1002008D10020061
:100320008D1002008D1002008D1002008D10020051
:100330008D1002008D1002008D1002008D10020041
:100340008D1002008D1002008D1002008D10020031
:100350008D1002008D1002008D1002008D10020021
:100360008D1002008D1002008D1002008D10020011
:100370008D1002008D1002008D1002008D10020001
:100380008D1002008D1002008D1002008D100200F1
:100390008D1002008D1002008D1002008D100200E1
:1003A0008D1002008D1002008D1002008D100200D1
:1003B0008D1002008D1002008D1002008D100200C1
:1003C0008D1002008D1002008D1002008D100200B1
:1003D0008D100200B90404008D1002008D1002007F
:1003E0008D1002008D1002008D1002008D10020091
:1003F0008D1002008D1002008D1002008D10020081
:100400008D1002008D1002008D1002008D10020070
:100410008D1002008D1002008D1002008D10020060
:100420008D1002008D1002008D1002008D10020050
:100430008D1002008D1002008D1002008D10020040
:100440008D1002008D1002008D1002008D10020030
:100450008D1002008D1002008D1002008D10020020
:100460008D1002008D1002008D1002008D10020010
:0C0470008D1002008D1002008D100200A3
:10048000084B1B78002B4FF00003836018BF02223B
:10049000036008BF0122044B4360FF23C271037253
:1004A000704700BF5815002028010800064A074B76
:1004B000DB7802604FF43672C37100238280082219
:1004C00003728271704700BFF1B30100581500201C
:1004D000064A074B1B7902604FF4B472C371FF23C5
:1004E0008280082203728271704700BF4DAF010005
:1004F00058150020054A064B9B790260A822C3715B
:100500000123828008220372827170477DE9000016
:1005100058150020064A074B5B7F02604FF490722B
:10052000C371FF238280082203728271704700BF6B
:1005300045BA010058150020044BDA7F0023036000
:100540008360034B4360C271704700BF58150020A1
:1005500000010800064A9378D27813440022826092
:100560000260044A4260C371FF230372704700BFF8
:1005700058150020880008002DE9F743C41D002805
:10058000064624F007040CBF0020204601F070F856
:10059000071E04DA6FF00B0003B0BDE8F0830EB95C
:1005A000FC42F7D4374D6989288903316B7B0330CE
:1005B0002A7B89B280B215F07AF8011EEADB3C444E
:1005C000AB78EA78002E04F10304134408BF00203E
:1005D00024F0030403FB01F118BF204601F0EEF9FB
:1005E00020440EB90028D5DB2B790446B3B1697DD0
:1005F00019446B791944FF29CCDC0330002E2A8A78
:10060000C9B220F003070CBF0020384601F046FABB
:10061000041EBFDB3C440EB9002CBBDB012001F003
:100620001DF8C8B1A97BB9B195F82C300734002B5F
:1006300024F0070715BF402325234FF48172282299
:10064000002E14BF3846002005F046FA041EA1DB38
:100650003C440EB9002C9DDBAB7CE3B12B799BB104
:100660000734002EA97C24F007070CBF0020384671
:100670000AF07EF8041E8DDB3C4466B9002C0ADAD1
:1006800088E700BF58150020012000F0E7FF10B1F7
:10069000AB7B002BE4D1744B1B6893B1A97981B17A
:1006A0000334002EEA7C24F003070CBF00203846F8
:1006B0009847041EFFF66EAF3C4416B9002CFFF6B7
:1006C00069AF6A4B1B688BB1297D79B10334002E69
:1006D00024F003070CBF002038469847041EFFF69D
:1006E00059AF3C4416B9002CFFF654AF604BD3F819
:1006F0000080B8F1000F16D0697DA1B10334002E3F
:100700002B7E24F0030708BF0020009318BF384653
:10071000EB7DAA7DC047041EFFF63CAF3C4416B9F2
:10072000002CFFF637AF072000F098FF98B1A979A9
:1007300089B10334002EAA7E24F003070CBF0020E9
:10074000384601F01DFB041EFFF624AF3C4416B9E9
:10075000002CFFF61FAFB6FA86F895F825004FEA91
:100760005818A0B1E71CEB7F297F27F00707194431
:10077000434647F00407C9B23A4601F043FB041E62
:10078000FFF608AF3C4416B9002CFFF603AF95F80E
:100790002610002959D00734002E2A8D24F007078F
:1007A0000CBF0020384614F097FF041EFFF6F2AE8F
:1007B0003C4416B9002CFFF6EDAE1EB1298D38462B
:1007C00011F0D6FC95F82010002940D095F824307F
:1007D000002B3CD06A8C0734002E02F1240224F056
:1007E00007090CBF0020484692B214F075FF071E9F
:1007F000FFF6D0AE4F4416B9002FFFF6CBAE03374D
:10080000AB7F297F27F0070795F82400194443465A
:1008100047F00407C9B23A4601F0E6FA041EFFF6B3
:10082000B9AE3C4416B9002CFFF6B4AE3EB16A8CAA
:10083000484695F82010083292B211F0DBFE2B6B7F
:100840005BB176B12C630020A6E60F46B5E7002E1B
:10085000F5D0002211461046EFE7002EF3D12046D6
:100860009AE62834FBD595E6AC000020B0000020C5
:10087000B40000201FB572B6194B5D6BE5B9BFF32C
:100880004F8F1849184BCA6802F4E0621343CB60DB
:10089000BFF34F8F00BFFDE7B4FBF6F4D3B20132D4
:1008A000002CF9D103F110026A4402F80C4C0A2220
:1008B00033B901A8A847E2E7044600220A26EDE77B
:1008C000013BDBB203F110040DEB0406B0FBF2F4C4
:1008D00002FB1400303006F80C0C2046E8E700BF9D
:1008E0005815002000ED00E00400FA0513B5114C86
:1008F0006846637B8DF80130237B8DF80030638977
:10090000ADF804302389ADF8023007F0BDFC18B112
:10091000E8219C20FFF7AEFF207E07F011FD08B113
:10092000EB21F6E7E07D07F005FD08B1EC21F0E7EB
:1009300002B010BD5815002037B50546002859D023
:1009400013F09EFF20B94FF0FF34204603B030BDB6
:1009500012F054FCB0F5FA7FF5D8284C28486563AE
:10096000002500F0F5FD2A222946A01C84F8385005
:10097000257084F82C50256384F839501CF0E2FC73
:1009800040F2011301212A4663801B23217108468E
:100990002381638140F20323A176A3810323A37300
:1009A0001F2323824FF40273638244F60113E38210
:1009B000F7236384FB23238594F83B30009394F85A
:1009C0003A3006F01BFB014620B14FF460719C20C9
:1009D000FFF750FF06F038FB044610B140F28531B6
:1009E000F5E7EFF3108572B601F058FA002DACD19F
:1009F00062B6AAE76FF01504A7E700BF58150020FC
:100A0000ED08000037B51446002840F0D7806D4D42
:100A100095F83830032B00F0CE80C1B11AB96FF0D1
:100A2000150003B030BD0139162900F2C780DFE898
:100A300001F00C1D20355F68863B6B6E8041475589
:100A40005A8C8F9DA0A395A6AA001378AB700020A6
:100A5000FFF792FD0028B7BF012302236FF00B00C0
:100A600085F83830A8BF85F83830DAE71378EB70AE
:100A7000EDE71379002BD2D05379002BCFD0128819
:100A8000FB2ACCD81A2A6388C9D91B3BE02BC6D8CD
:100A90002368A288AB604C4B9A80D8E713786A79B8
:100AA0009342BCD32B71D2E713782A799342B6D8FC
:100AB0006B71CCE713782A799342B0D86B75C6E78F
:100AC0001378002BABD05378013BDBB2F82BA6D8C0
:100AD00013889278EB823D4B9A70B8E7107868766D
:100AE0000DF0BEFDB3E71378002B98D0AB76AEE7E0
:100AF000012000F0B3FD237808B1012B8FD9AB732F
:100B0000A5E713882B82A2E71378AB719FE7072034
:100B100000F0A4FD10B92378012B80D9072000F044
:100B20009DFD18B12378002B3FF479AF2378EB7447
:100B30008DE71378082B3FF672AF2B7587E7138884
:100B4000FF2B3FF66CAFAB7481E71378EB767EE753
:100B500013780E2B3FF663AF2B7778E723681C4A98
:100B60002B62636853602389138170E713786B7776
:100B70006DE71378EB776AE71378AB7767E713785D
:100B800085F82A3063E795F83B3095F839200093D3
:100B9000617895F83A30207806F030FA00287FF432
:100BA00040AF6378012B7FF652AF11F0C7FA0028EF
:100BB0007FF44DAF33E74FF0FF3032E76FF02C009A
:100BC0002FE700BF58150020601500206E1500208B
:100BD00078150020F8B50D46064630B329B311F05C
:100BE000070422D1124F97F83830012B02D16FF051
:100BF0000B00F8BD032B02D14FF0FF30F9E700F0F6
:100C000005F90028F8D02846FFF7B6FC0028EEDBEF
:100C10001BF039F93046396B07F0E0FCFFF766FE50
:100C20000323204687F83830E3E76FF01500E0E74C
:100C30005815002010B5074C94F83830032B03D119
:100C400007F0E8FC08F024FE14F0E4FE002084F82D
:100C5000380010BD5815002050B1074B03F11402A5
:100C600053F8041B934240F8041BF9D1002070474D
:100C70006FF01500704700BF38430400074B10B5F4
:100C800093F838403CB907F029FC0320044900F0F0
:100C9000DDFC204610BD4FF0FF30FBE7581500206B
:100CA000D1040000074B10B593F838403CB907F069
:100CB00029FC0220044900F0C9FC204610BD4FF079
:100CC000FF30FBE758150020AD04000038B5094D92
:100CD00095F8384054B907F037FC0120064900F078
:100CE000B5FC0123204685F82C3038BD4FF0FF308D
:100CF000FBE700BF5815002081040000054B10B52C
:100D000093F838401CB907F077FB204610BD4FF030
:100D1000FF30FBE758150020054B10B593F838401D
:100D20001CB917F0FCFE204610BD4FF0FF30FBE76A
:100D300058150020054B10B593F838401CB917F032
:100D4000F1FE204610BD4FF0FF30FBE758150020A4
:100D50000A4B10B593F838406CB907F009FC052030
:100D6000074900F073FC074B074A20461A60074BFF
:100D7000074A1A6010BD4FF0FF30FBE758150020FE
:100D8000F5040000AC0000201DF10000B0000020C0
:100D9000F11C0000094B10B593F838405CB907F01E
:100DA000FFFB07490A2000F051FC0C20054900F028
:100DB0004DFC204610BD4FF0FF30FBE758150020DA
:100DC0001505000039050000074B10B593F83840B1
:100DD0003CB907F01FFB1120044900F037FC204606
:100DE00010BD4FF0FF30FBE75815002055050000FF
:100DF00002680020014B1A60704700BF9415002064
:100E0000014B1B68184700BF94150020024B18685F
:100E1000003818BF0120704794150020F7B504462C
:100E20002D4E071D2C48376008F04AFD0228054664
:100E300006D12949204613F0E8FF284603B0F0BD4B
:100E4000042842D13378092B0AD0262B1ED03146F4
:100E5000204600F043F8B0F5817F2DD3722112E0D7
:100E600005213E2013F0A4FF0028F0D1F37801A95A
:100E70003279684643EA0223ADF8003014F06AF98B
:100E80000028CFD053210820FFF7F4FC1A213E2080
:100E900013F08EFF0028DAD17368694601A8C3F306
:100EA0000F23ADF8043011238DF8063014F0A4F9A7
:100EB0000028B7D06521E6E70028B3D0A1782078D4
:100EC00013F076FF0028B8D1ACE70828B5D1024965
:100ED000204613F0D2FFB0E7981500202DE9F84323
:100EE0000B7805460C46013B832B00F2C782DFE8F6
:100EF00013F09A009E00A2005301C5021B012101BC
:100F000027012D0133013701390149014F018400C7
:100F1000C502A700C502AB003D0143015D016301AD
:100F20005701C5026901C5027C01AC01B201B801DB
:100F3000C502BE01CA01D001C50200020E02620252
:100F4000400254025C0246024E0214021A022002BF
:100F500026022C02320236023A029D02A302B1029C
:100F6000B70268026E028C027402C502C502C50295
:100F7000C502C502C502C502C502C502C502C50239
:100F8000C502C502C502C502C502C502C502C50229
:100F9000C502C502C502C502C502C502C502C50219
:100FA000C502C502C502C502C502C502C502C50209
:100FB000C502C502C502C502C502C502C502C502F9
:100FC000C502C502C502C502C502C502C502C502E9
:100FD000C502C502C502C502C502C502C502C502D9
:100FE000C502C502C502C502C502C502C502C502C9
:100FF000C502C5027A02800286020E23B1F80320E0
:101000000B7042F283039A4209D10623637066781B
:10101000214628460236324613F006FE5AE03521B4
:10102000C720FFF727FC0C230B700823EEE71A23D9
:101030000B700123EAE73E230B700223A370E6E75F
:101040003E230B700B23F9E7292000F071FA28B139
:101050003E232370222363702923EFE70A2000F048
:1010600067FA3E2305F1080204F108012B70A0B3D2
:101070000A23AB70E378EB70A3882B71A3881B0A5B
:101080006B71A379AB71E379EB71A368AB608B886B
:1010900093801F22D4F80E30C5F80E30638A6B821D
:1010A00063696B61238B2B83638BAB76638B1B0A2A
:1010B000EB76A38B2B77A38B1B0A6B77E38BAB773A
:1010C000E38B1B0AEB7794F8203085F820306A70A8
:1010D000023296B23046BDE8F8830123AB70E37864
:1010E000EB70A3882B71A3881B0A6B71A379AB717A
:1010F000E37903F00103EB71A368AB608B88938005
:101100001322638BAB73638B1B0AEB73A38B2B7460
:10111000A38B1B0A6B74E38BAB74E38B1B0AEB741E
:1011200094F820302B75D2E73E230B7004234B70CC
:10113000142383E73E230B700C234B7004237DE7BD
:101140003E230B700A234B70032377E73E230B707B
:101150000D234B70052371E705232370042355E706
:101160000823FAE730230B7003234FE73E230B706D
:101170000B234B70072361E73E230B7006234B7054
:101180000C235BE713230B708B789B0001333DE747
:1011900057230B70022339E73E230B700D234DE7D5
:1011A0003E230B7001234B70112347E73E230B7046
:1011B00006234B70122341E73E230B7009234B702B
:1011C00013233BE73E230370242000F0B1F90028ED
:1011D00015BF24230E2313260F263246A11CE81C1C
:1011E000AB7013F021FD721C71E73E2303702520C4
:1011F00000F09EF9C0B125230A26AB70D4F8023066
:10120000C5F80330D4F80630C5F807306389A5F86F
:101210000B30F01CE27A04F10C01284413F004FDB9
:10122000E27A0132324452E70F230726AB7063881B
:10123000A5F8033023796B716379AB71A379EB71F6
:10124000A37A2B72E37A6B72E3E73E230B700323DE
:101250004B701023F2E63E230B7005234B702023C6
:10126000ECE63E230B7009234B702123E6E63E2378
:101270000370262000F05CF9002815BF26231823F0
:1012800017261326A9E73E230B7004234B70272350
:10129000D4E63E234FF000088146037028234646DB
:1012A0008370D1F8023049F8033FAA795FFA88F3D6
:1012B0009A4205D8721D92B2002A3FF4A8AE06E702
:1012C000B21D331D08F10108A118A25809EB030053
:1012D00049F80320063131F8023C063020F8023C80
:1012E00010F8017C3A46063713F09EFC3E44B6B235
:1012F000DBE73E232A200B7000F01AF918B12B23EC
:1013000063702A239AE61D236370192396E63E2311
:101310000B7007234B701A2390E63E230B7020239B
:101320004B702C238AE63E230B704C234B702D23ED
:1013300084E63E230B7004234B702E237EE63E236F
:101340000B7022234B702F2378E63E230B7016235D
:101350004B70302372E63E230B7031236EE63E2342
:101360000B7032236AE63E230B7002234B7033234B
:1013700064E63E230B7014234B7022235EE63E236B
:101380000B700B7C5B000F334B701D2356E63E2326
:101390000B7003234B701E2350E63E230B700B7D16
:1013A0005B0013334B701B2348E63E230B70032373
:1013B0004B701C2342E63E230B7005234B701F230A
:1013C0003CE6FF230B700B234B70A22336E6FF2372
:1013D0000B7005234B70A32330E6FF230B700D2306
:1013E0004B7080232AE6FF230B700D234B70822362
:1013F00024E6FF230B7002234B7083231EE6FF239A
:101400000B7004234B70842318E6FF23C21C037067
:1014100081238370D1F8033003F1280153F8040BC2
:101420008B4242F8040BF9D1292250E63E230B707F
:101430000C234B70232301E6124B1B78002B14BFA7
:10144000FF233E230B704FF00E034B7014BF852318
:101450003723F3E53E230B700A234B703523EDE56C
:10146000084B1B78002B14BFFF233E230B704FF05B
:10147000FE034B7014BF86232B23DFE540F262216D
:10148000CEE500BF9C160020074B4FF0FF3141F620
:10149000FF72C3E9001205490022C1E900221F21A1
:1014A000C3E90212704700BF40000020A0160020D0
:1014B0003F280CD801380B4BC0F3421200F01F003C
:1014C00053F8223023FA00F000F001007047FF28A3
:1014D00006D04038044BC0F3421200F01F00EFE783
:1014E0000120704740000020A0160020074B014655
:1014F000006849681A4603C240F48C221A6041F021
:10150000107242F4FF625A60704700BF4000002032
:101510000246024B0068516803C37047A0160020C2
:101520000246024B0068516803C370474800002020
:101530000138064BC0F3421200F01F0003EB820398
:101540009B6823FA00F000F0010070474000002083
:10155000014B1860704700BFA816002007B5FFF7C1
:1015600093FF15F0A7FF044B1B6813B10190984738
:10157000019803B05DF804FBA816002070B50C8834
:10158000C27CA6B2C4F30E04931C058804F11802B1
:101590001D44825AADB21A4443882A44013AB2FB30
:1015A000F5F202FB054292B29342044B8BBF3340EB
:1015B000B34313439BB20B8070BD00BF0080FFFF9D
:1015C00008B54B1E062B04D84FF4D1711520FFF738
:1015D00051F90A4B994202D940F2A311F6E719B921
:1015E00000B10160084608BD28B103680022C3E9C4
:1015F00001211A1D1A600431F4E700BFFAFFFF7FD2
:1016000010B5114B00EB41041A786389B3FBF2F378
:1016100003FB0223013A1A44B2F5706F027928BF26
:1016200000231A448378B2FBF3F0194403FB102023
:10163000091AB1FBF3F003FB101313446FEA4343A1
:101640006FEA5343638110BDAC160020024B03EBDD
:1016500080004160704700BFAC160020034B03EBD5
:1016600080004068003818BF01207047AC16002089
:101670002DE9F04F10F0070A85B0054604D040F27E
:1016800061111720FFF7F6F8544F04464FF0010B95
:1016900007F15406B146B04657F8043B8DF80BA04D
:1016A0003BB101A898479DF80A30082B01D9E821E1
:1016B000E7E79DF80B1081BB05B13160B94506F134
:1016C0000406E9D12DB30023DFF814E114221E46ED
:1016D0008EF8003058F82200013A60B190F804A06A
:1016E0008178BAF1FF0F64D14FF000078E42077185
:1016F0003CBFCEB20123511CECD10BB18EF800607F
:10170000142640F6FF6A58F82670002F63D1013E78
:10171000F9D2601B05B0BDE8F08F9DF80AC04A1DE4
:10172000BCF1020FE64604EB420438BF4FF0020E54
:1017300053000EF1FF300444CEF100002040BDF80C
:1017400008406444CCF1000C013C04EA0C04B4F5FC
:10175000803F01D3F82194E775B1C31A33609970C3
:101760001C8083F803B09DF80C201A71019A4FEA8F
:10177000124C1A81A3F806C004FB01049EE758F836
:101780002C90B9F1000F06D099F804B0D34504BFEE
:1017900099F802904F440CF1FF3CBCF1000FEEDAD7
:1017A0003944FF29A2D90BB18EF8006040F227110D
:1017B00067E794460027F0E707EB410309F10109C9
:1017C0003846A3F80AA0FFF71BFF5FFA89F1BB7840
:1017D0008B42F1D89BE74FF00009F6E7B0160020E6
:1017E000AC160020034B03EB8000806D00B18078C5
:1017F000704700BFAC160020F8B54FF6FF730546E2
:101800000380184B03EB8101886DB8B186780379AA
:10181000B3FBF6F206FB1233DBB219460A1D00EBEE
:101820004202B2F902705488002F09DB0131B1FB8A
:10183000F6F206FB1211C9B28B42EFD10020F8BDBF
:10184000FF29FBD0C4F30E03C4782B8024B94FF4D6
:10185000D5711720FFF70EF85380BDE8F84013F05C
:10186000E1BE00BFAC1600201D4B03EB810170B53B
:101870008C6D054644B3030404D54FF4DC71172086
:10188000FEF7F8FF0146204613F0AFFEFF280146A1
:1018900004D02046BDE8704013F0C4BEA078B5FB6C
:1018A000F0F300FB1353DBB219460A1D04EB4206AA
:1018B000B6F90260002E09DB0131B1FBF0F200FB4A
:1018C0001211C9B28B42F0D1002070BDFF29FBD0AC
:1018D0008B4204EB42021CBF0023E3705580D8E723
:1018E000AC160020094B03EB810110B58C6D01464D
:1018F000204613F07AFEFF28014604D02046BDE8BA
:10190000104013F08FBE002010BD00BFAC160020A9
:10191000F8B5104B074603EB81018C6D014620465C
:1019200013F063FEFF28054611D0E688238953EAA9
:10193000064606D00146204613F074FE014638469E
:10194000B04720462946FFF75BFE0020F8BD052082
:10195000FCE700BFAC16002038B50E4B0446827978
:1019600003EB8203986D08B9052038BD8278E179D0
:101970009142F9D24B1CE37100EB41035D89B3F94D
:101980000A30002BF3DBA58013F04CFE2060002012
:10199000EBE700BFAC16002008B5074B03EB810353
:1019A0000146986D13F021FEFF2804D140F21E215C
:1019B0001720FEF75FFF08BDAC16002070B5044687
:1019C00010F003000E4603D04E211820FEF752FF00
:1019D000FFF7F6FD054624B1034831460460FFF7E2
:1019E000EFFD284670BD00BF581700202DE9F347D2
:1019F0001C4C90461E46074622680D469DF828302E
:101A00009DF82CA01AB960211820FEF733FF1A4662
:101A100009214046019313F053FC52461FFA80F906
:101A20000921304613F04CFC80B209EB000120681C
:101A300013F0B0FD019B386018B9286002B0BDE812
:101A4000F08700EB0904414609222C60386813F046
:101A5000EDFB534609223146286802B0BDE8F04745
:101A600013F0E4BB5817002070B50E46044613F07F
:101A70003AFC0546304613F036FC044B2A18214642
:101A80001868BDE8704013F0A9BD00BF58170020CA
:101A9000014B186813F072BD581700201F2AF8B5C3
:101AA00004460ED89200033222F00303B3F5803FC0
:101AB0002ED2194DB4B1A00711D05F210920FEF735
:101AC000D9FEFF2A4FEA420304D9FF329A42A8BF47
:101AD0001A46E8E77C2BB8BF7C231A46E3E7297057
:101AE0006C602B8122F0030228230127120403FBE0
:101AF00001F06B680025120CEEB28E4200D3F8BDE7
:101B000014B126181F705E60104401352833F3E7C6
:101B10004FF0FF30F3E700BF5C170020144A0021AC
:101B200038B553681478C8B2844203D8AB21092071
:101B3000FEF7A0FE1846013128330578002DF2D0BB
:101B400000218170012412898161051D4470920871
:101B5000C16100F12001446821F8022B994245F847
:101B6000044B1444F8D100234361037038BD00BF17
:101B70005C1700200A4B1B89B3F5FF7F4FEA9300E7
:101B800006D25A089B1A9BB2984238BF1846704733
:101B9000B3F5EE6F01D8FF22F4E740F27263F3E78A
:101BA0005C1700202DE9F8434B7880460C4602F084
:101BB000040602F0FB07D3B1DFB12E4BD4F804903A
:101BC0001D89B7BB0123AD084A46211D637004F18E
:101BD000280004F12003A761E76123F8025B984223
:101BE00041F8042B2A44F8D10023636101E0002F5F
:101BF000E3D0FF23A370002E18BF0226A3191B7D7C
:101C0000032B03D1022F1CBF0136F6B2A319012208
:101C10001A7506F10C02002304EB860624F8123034
:101C20007268A3704046C8F80020A8F80430BDE8E8
:101C3000F883002114226170A0181BF083FBB5F516
:101C4000FF7F0FD26B08ED1AADB209EB0502C4F8A5
:101C500004902584A2606384C4F80C90A58422615A
:101C6000E384C6E7B5F5EE6F4FF0FF03EBD940F222
:101C70007265EAE75C170020F7B5D2000B684000F8
:101C8000002502F07802CDF8013000F006008B88C4
:101C90000243ADF805300D4B42F001021E785F683B
:101CA0008DF80020EBB29E4201D800240AE0C5EB7B
:101CB000C5040722694601353C4420461BF019FB48
:101CC0000028EFD1204603B0F0BD00BF6817002008
:101CD000014B1878704700BF68170020034B0021A4
:101CE0001A785868C2EBC2021BF02CBB68170020A0
:101CF00010B50C4650B1830703D020214120FEF7D8
:101D0000B9FD044B58601970FFF7E8FFC4EBC4003D
:101D100010BD00BF68170020F8B504460D461646F2
:101D2000FFF7AAFF38BB154B93F800C05F68034666
:101D3000DAB2944501D807201CE0C3EBC30201339B
:101D4000B85CB918024610F00100F1D1630022F02E
:101D50007F02F60003F0060306F0780643F0010365
:101D6000334313430A4602F8013B2B68C1F80130A4
:101D7000AB889380F8BD1220FCE700BF68170020F5
:101D80002DE9F84305460C46F7200521914613F04E
:101D900097FA061E22DB1DB906FB04F0BDE8F883A6
:101DA00015F0030703D098211920FEF763FDDFF833
:101DB0003480C8F81050A5B2A8F81460BBB29D4298
:101DC000EAD9B8F814C04B46D8F810000522F7211C
:101DD00007FB0C00013713F029FAEFE74FF0FF3053
:101DE000DCE700BF7017002007B5CDE900230B46E4
:101DF00003490246081D13F0BAFD03B05DF804FB69
:101E00008817002013B5064CCDE900230B46024687
:101E100004F1080104F10C0013F0A9FD02B010BD9B
:101E200088170020024BD3E9002113F0C6BD00BF84
:101E300088170020034B1B28D3E9022138BF1B2041
:101E400013F0BBBD88170020024B0146D3E90020E8
:101E500013F0C4BB88170020024B0146D3E90220CF
:101E600013F0BCBB8817002008B54B1E032B03D909
:101E700023219020FEF7FEFC002801F1010114BF90
:101E80000C230523C9B203EB8101034B013121F07F
:101E90000101197008BD00BF981700201E4B0122D8
:101EA0004FF0FF3000211B685A60C3F80803C3F8E5
:101EB0000015C3F80425194B1B685A60C3F80803C2
:101EC000C3F8001540F6FE71154B1648C3F8081507
:101ED00001680BB2002B0BDB01F01F015B098A408C
:101EE0002033114941F82320BFF34F8FBFF36F8F89
:101EF000026813B2002B09DB01215B0902F01F020B
:101F0000603301FA02F2084941F82320044B40F6FD
:101F1000FE72C3F8082570472C27002028270020D0
:101F2000002008504027002000E100E00A46064853
:101F30003C2302F8033BC368C1F8033003695360D4
:101F400043699360704700BFA0170020024B5A8C72
:101F500002435A845B6A1847A0170020014B0021F6
:101F60005B6A1847A017002010B5154C0FF05EFCF7
:101F70000EF002FF208DFFF7F1FF237E63B12246B2
:101F8000104904F1190052F80C3BE3606368536098
:101F9000A368936017F0C4FD0B4B228D93E80300F8
:101FA00008F06EFC236B188808F096FBA36B94F87E
:101FB000341094F835009847002384F83C3010BD65
:101FC000A01700202D1F0000CC170020034B93F812
:101FD0003C300BB1FFF7C8BF704700BFA01700200F
:101FE00070B5254C0646636C256B236495F89430D8
:101FF00094F848000BB1031DD8B295F875102EB9AE
:10200000FF2803D195F874308B4201D00FF096FA77
:1020100095F8943053B3E06C0FF0EAFC94F82C3050
:10202000E16C003B206C18BF012384F87030D5E9C7
:102030003C23C4E918230EF0B7FD5EB995F875305E
:10204000033B012B2B8F94BF28200020184480B223
:102050000FF030FDA88E0FF0E9F995F8741000200C
:102060000FF088FD022384F83C3070BD206C0FF027
:10207000BFFC0EF081FEE0E7A01700200138C0B2DF
:10208000032808B504D94FF48E610620FEF7F2FB51
:10209000014B185C08BD00BF5043040008B5094B54
:1020A00093F83C20022A04D040F231212720FEF789
:1020B000E1FBDA7A42F00102DA72BDE80840FFF78C
:1020C00053BF00BFA017002003280B4B10B50446D8
:1020D00005D19A6FD278022A01D1002010BDD86FA5
:1020E00013F097F90028F9D1032CF6D006F0CEFCB6
:1020F00080F00100C0B2F1E7A017002038B5204CF5
:102100000546D4F88030984708B9012038BD94F8C6
:102110003430002BF9D194F82C301BB9012D03D0A9
:102120000020F3E7002DFBD194F88430DD06C3F3E3
:10213000001005D5A36F187800F00300FFF7C4FF67
:10214000636CD4F888201B78C3F300132AB9B4F861
:102150008C2013B1B2FA82F35B0994F82C10628CD4
:1021600039B1910705D5A36FD878023818BF01207F
:10217000CCE7002AC9D10028D2D183F00100C5E7FD
:10218000A017002010B5094CD4F8883023B940F2CC
:10219000CE412720FEF76EFBB4F88C201846216C48
:1021A000033212F041FD206410BD00BFA0170020D3
:1021B0002DE9F043344C87B006460F4694F83C3086
:1021C000012B5FFA83F904D040F2DC412720FEF7AF
:1021D00051FB256B04A8A16F13F01EFC95F8843009
:1021E0009DF8108053B10021042085F88410FFF77A
:1021F000ADFE94F82C300BB185F88690B8F1030F42
:102200003BD195F88A301BB9A16F0220FFF79EFEE3
:10221000032300E0012385F88A3095F89430D3B188
:1022200094F82C30216B003B94F8482091F875000D
:1022300018BF01230392D5E93C8984F87030C4E9C2
:102240001889FFF71BFF00210346039A0091022023
:102250000E490EF041FC26B107B0BDE8F043FFF790
:1022600083BE002FF8D03046FFF748FF0028F3D197
:1022700007B0BDE8F043FFF7B3BE9DF81430002B64
:10228000C8D00223C7E700BFA0170020F017002026
:102290002DE9F341744C0023256B8DF8053095F83A
:1022A000942094F848300AB10433DBB295F87410E6
:1022B00028B9FF2B03D195F875308B4202D0FF204F
:1022C0000FF03CF995F88A30032B00F2BF80DFE86D
:1022D00003F0023A9CAF94F88E306448ADF80630B3
:1022E000A5F8643006F0A8FB80B1A16F4FF48070B0
:1022F000FFF72CFE0121A36F85F88510DB781B2BDF
:102300001DD105F110000FF053F918E00DF1050291
:102310000DF10601E06F13F00DF8A06798B195F884
:10232000CF3083B99DF805302BB90380012183702C
:10233000A06F17F008FBA36FBDF806205A700123A9
:1023400084F88F3001E04A4BA367A16F95F88B208A
:102350000B78D20003F0030603F0F30302F0080247
:102360003046134395F88C20920002F00402134388
:1023700023F010030B70FFF7A7FE0028A06F14BF17
:1023800010230023027890F801801343037017F0A4
:10239000EBFA95F89330071E18BF0127002B58D091
:1023A000B8F1000F55D0E06C0FF022FB94F82C3000
:1023B000E16CB3FA83F3A06F5B0984F87030D5E960
:1023C0003A23C4E918233A460FF08AFD18B9A16FE1
:1023D000E06C0EF0E9FB304613F03FFBE88E0FF0A7
:1023E00025F895F8751001200FF0C4FBA26F0123AA
:1023F000118884F8E030A4F8841091781D4A84F89C
:102400003C30917002B0BDE8F081B5F864300DF158
:1024100005020DF10601E06FADF8063012F08AFFFB
:10242000A06700288BD140F2D1212720FEF722FAA5
:102430000E4806F001FB10B940F2DB21F5E7A36F6F
:10244000DB781B2B7FF47BAF01215AE740F2E921B7
:10245000EBE7A06F0FF0CCFA0EF08EFC3946A06FC0
:1024600019F086FDB7E700BFA0170020181800205C
:102470003018002024180020064B10B593F83C209B
:1024800002F0FF0422B91C7608F0F2F9204610BDD4
:102490000C24FBE7A01700200A4B0B4A70B5064638
:1024A0000D461A60FFF7E8FF18B1ED212720FEF76F
:1024B000E1F9064C012104F1900017F044FA66643A
:1024C000E56470BDB8000020502C0000A01700206B
:1024D000024B012283F8E120704700BFA0170020C3
:1024E000F0B585B0954C02AE0A9F86E8030094F8DB
:1024F0003C1001F0FF0511B90AB103B127B94FF43F
:10250000BE712720FEF7B6F996E8030004F12C0C03
:1025100084F8E15084F8345084F8E25084F835505F
:1025200084F8E05084F88F50658425856262C4F891
:102530008030A7638CE80300256B0FF05BF80EF08A
:102540001BFC95F97C000FF0B9F8A86A0FF034FA7B
:10255000286A0FF0B9F895F8A4000FF0BFF894F8C6
:102560002C00002840F0A38095F87420744B03EBF6
:10257000820359684FF47A7301F5FA71B1FBF3F1F4
:102580006E310FF03FF96F4B6F4E05F58477186889
:102590000FF018FA6B69E367AB69C4F8E43005F132
:1025A000F8031868083353F8041C3246BB4203C2D0
:1025B0001646F6D15968D5F80801236B634A03C261
:1025C00093F88E2093F87400A2F12601012903D913
:1025D00093F88F10262972D194F82C20002A6BD101
:1025E00093F80A1213F029FA064605F13C07314622
:1025F000384617F057FB314616F07FFDB5F84830E6
:1026000095F87510984228BF184684F88E00384611
:1026100017F00EFB95F8751095F894700429B5F82D
:10262000506008BF032116F068FD0FB9043080B276
:10263000B04228BF3046C6B284F8E86007F058FAC6
:1026400028B107F05BFAB04238BF3046C6B294F802
:102650002C7084F84860002F55D195F893308BB1D9
:10266000012395F8740084F87030D5E93A23C4E961
:102670001823FFF703FDFB2203463349042000978C
:102680000EF02AFA0120FFF703FE002323606360A7
:10269000A360B5F8883063802B88238095F8A43038
:1026A0002371AB6F0BB101221A6005B0F0BD95F834
:1026B0007520C421012064E793F8A21292E7213A21
:1026C000012A0ED824290ED094F82C20B2B193F808
:1026D0002E315A0710D413F0010183D103F0020107
:1026E00080E724290AD194F82C203AB193F82E21BE
:1026F00093F86D301340ECE7042173E7032814BF0F
:102700000646042671E795F8943093B1012395F8B5
:10271000750084F87030D5E93C23C4E91823FFF72D
:10272000ADFC0022034608490092022032460EF01A
:10273000D3F90120FFF754FCA7E700BFA017002042
:1027400050430400B8000020F017002008180020B3
:1027500008B5114B93F83C201AB9BDE80840FFF7C3
:1027600003BC93F82C2042B993F83C30012B12D0D3
:1027700040F20F212720FEF77DF893F83C20022A33
:1027800002D040F21321F5E71B6BD3F8E001BDE85E
:1027900008400FF063B908BDA0170020014B187660
:1027A000704700BFA0170020014B93F8E00070476E
:1027B000A0170020044B93F88F201AB9188DC0F38E
:1027C0000030704701207047A0170020024B188D81
:1027D000C0F3C020704700BFA0170020014B93F842
:1027E000E2007047A01700202DE9FF41324C03465C
:1027F0000E4602A8216C256B13F00EF913F00108A8
:102800009DF80C7003F002002BD0002384F8E9300F
:1028100090B1FFF7B7FC0DF1020201A9D4F8E40072
:1028200012F0A2FE019812F085FE012230603946B6
:10283000D4F8E40012F02DFEB8F1000F0ED0D5E967
:102840003C32013342F10002C5E93C3295F88C304C
:10285000012B0CBF0023012385F88C3004B0BDE8A8
:10286000F08194F8E930032B20D801A252F823F02C
:1028700011280000812800009B2800009B280000F0
:102880000028EBD0FFF77EFC00223946D4F8E400A4
:1028900004B0BDE8F04112F0FCBD0028DED0D4F851
:1028A000E40004B0BDE8F04112F05ABE40F27A41B3
:1028B0002720FDF7DFFF00BFA01700202DE9F04F14
:1028C0000023B24C87B080468A46276BCDE902339D
:1028D00094F83C30022B04D040F25F512720FDF7E2
:1028E000C9FF238D590606D44020FFF737FB238DFF
:1028F00043F040032385216C04A813F08DF89DF864
:10290000146097F89430B8F1000F00F045819DF8FD
:1029100010909DF811B07BB10EF03CFA60B95EB139
:1029200097F88C305B4507D1012384F83530FFF7E9
:102930001BFB07B0BDE8F08FB1B2A4F88C10F9B161
:10294000D4F8E40012F086FDC4F88800238D9DF8C9
:10295000122043F40073238597F88B309A4200F0DD
:10296000BD80256B95F88A30002B40D0022B11D109
:1029700002A9E06F12F000FD28B940F21441ADE762
:10298000C4F88810E2E7D5E93A32013342F1000297
:10299000C5E93A32002194F82C3085F88A103BB111
:1029A00095F8863023B1102085F88610FFF7CEFA0F
:1029B00095F885309BB1002185F8851006F04EF81A
:1029C000002110B940F22B4188E70820FFF7BEFA3A
:1029D000D5E93A32013342F10002C5E93A3295F8BD
:1029E0008B30012B0CBF0023012385F88B30238D06
:1029F000002543F40063238597F88C305B456FD046
:102A0000002648464FF0000913F027F897F8933056
:102A1000B3B194F82C3097F87400B3FA83F35B09E0
:102A200084F87030D7E93A23C4E91823FFF726FB6E
:102A300000220346564900920420FB220EF04CF877
:102A4000BAF1000F00F0D1800FF0F4F8002E40F042
:102A5000F2804FF0010985B194F82C3043B1B4F8FD
:102A60000720B4F805301343B7F88820134304D087
:102A7000B4F809300133A4F80930B8F1000F00F0C0
:102A8000E080B4F805300133A4F80530002384F861
:102A9000E230404807F00EFE029830B112F04AFDD5
:102AA000216B0022027206F04FFF039B33B1216BB2
:102AB00000221A720C22039806F014FFB9F1000FDD
:102AC0007FF435AF238D1B063FF533AF8020FFF732
:102AD00045FA238D43F0800323852AE745468BE79B
:102AE000B9F1020FD4F830B025D8B9F1000F2FD0CA
:102AF00076B3238D9BF894B043F4805323850EF076
:102B0000A5FC042894F8E83007D1BBF1000F14BFEE
:102B10001B221F22934228BF1346B3422AD3D4F864
:102B20008830002B3FF46CAF94F8E13063B3202081
:102B3000FFF714FA64E7B9F1030F09D1238D0120DF
:102B4000216C43F480538BF884002385FFF7FEF952
:102B50009BF88C30013B18BF01238BF88C30002E82
:102B60003FF44EAFDBE93C32013342F10002CBE9E6
:102B70003C3245E794F83430012043F0100384F8E8
:102B8000343010F0DBFB3BE746463AE7A017002065
:102B9000F0170020CC1700200BB10EF00FF994F8BD
:102BA000E230013384F8E230238D43F480632385DF
:102BB00097F87530033B012B0FD8012010F0BEFBB6
:102BC0000EF044FC04280CD11B2E4FF0000694BFDD
:102BD0004FF000094FF0010905E006F089FF0028D9
:102BE000EBD10026B146354610E794F82C2094F836
:102BF000E2303AB1628C120704D5A26FD278022A71
:102C00003FF422AF012B3FF61FAF0120FFF776FA0A
:102C100000287FF419AF1EB103A90120FFF7E4FDDE
:102C20000020FFF735FB002E3FF415AF03A902206B
:102C3000FFF7DAFD0FE703A90320B146FFF7D4FD44
:102C400009E7B4F807300133A4F8073021E700BFE3
:102C50009D200000BD280000B1210000CD1F000014
:102C60002DE9F04F04461E4600230D4690462DEDFB
:102C7000028B8BB090F87570069316F03CF894F8C0
:102C8000C8310B2B04D940F2FB310620FDF7F2FDD1
:102C9000874A32F813B094F88F308344442B1FFADC
:102CA0008BFB3DD00E2B94F88E2039D0443A534202
:102CB0005341039388F001030493B8F1000F5FD1EF
:102CC00094F80C32032B5BD1039B002B58D0B4F843
:102CD000A032AB4254D1D4F814322046B4F8E421E7
:102CE00041F64B59C4F80032E369C4F80432B4F831
:102CF0005A321344C4F808320BF078F9D4F8A832E9
:102D000094F8B4224B458CBF4FF000094FF00109F5
:102D100042B9E26993421BD0208819F090F817E07D
:102D20000123C6E7208819F087F818B940F23E71F0
:102D30003020ABE7B4F8B032C1466386B4F8B232A3
:102D40008381B4F8A032A0F80E804381013B038256
:102D500094F87E30002B41D1B9F1000F41D1D4F865
:102D6000A43284F87E90E362B4F8A2322386D4F8C9
:102D7000A832E361D4F8AC326362022384F80C32E7
:102D8000B4F858A204F50A73B4F88890A5EB0A0ABF
:102D900008EE103AA5EB0909DFF818810FFA8AF35B
:102DA0000FFA89F9002BB8BFD4E9902394F80CA24C
:102DB000ACBF3246C4E994235FFA8AFABFBF00234E
:102DC000012284F823324B46BAF1030F00F2CE8180
:102DD000DFE81AF013002F0172004F01B9F1000F64
:102DE00005D04FF04D13636300232387B7E74FF0FF
:102DF0009613A4F838906363B1E794F8751094F8CB
:102E0000DE0116F0A1F90746E06A5946384410F091
:102E1000A9F95946C4F81002E06910F0A3F994F832
:102E20007E3007A9002B18BF4FF0020A5044C4F8A7
:102E3000140208A80EF006FF079BD4E99401009342
:102E4000DDE908231AF0F2F88146204612F027FE49
:102E5000D4F85C3294F87500D4F82CA006930FF0E7
:102E600037F8069B00F52240D4F81012BB3BB13076
:102E70009A444FF47A73AAEB010A3031B0FBF3F0B5
:102E80005744238EA7EB090703EB41013F1A94F83F
:102E90007500069712F010FED4F85C22069BC8F865
:102EA00000009B1ACC2B66D840F2DE4140E700BF01
:102EB000744304008C180020E36A5946D4F80402D5
:102EC000184410F04FF95946C4F81002E06910F0A8
:102ED00049F994F87E30002B08BF4FF0000A5044A7
:102EE000C4F81402204612F0DAFDB4F8E431E76ABF
:102EF000D4F804A2002B40F09780002E00F09480BC
:102F000094F8750057440EF0E3FF00F52240D4F822
:102F100010324FF47A7BB130BB3FB0FBFBF9FF1AA4
:102F200094F87500D4F848321F44C31ED4E99012B7
:102F3000012BA7EB010774D90EF0CAFF00F2E730AE
:102F4000B0FBFBFBA7EB09075F44D4F81012D4F8E1
:102F50000032D4F80822303194F8750002FB0311D6
:102F6000238E069703EB410112F0A6FD0123C8F85A
:102F7000000084F80C32E7694FF00009D4F81432ED
:102F800004F13C00A7F5A277069984F82892FF1A6D
:102F9000D8F800309F4228BF1F46D4E99432C4F8C5
:102FA000E0715B1842F10002C4E98E3216F03EFE79
:102FB0003844A4F85852C4F82C02D4E98E23C4E94A
:102FC00094230AF001FA20B1D4F82C321E33C4F84D
:102FD0002C32B4F8D01184F830924D1B2DB2002D54
:102FE000C4BF022384F83032039B002B40F0C18021
:102FF000002E40F0BF8094F80C32002B00F0D780F8
:10300000E16918EE100AD4F81432C91A16F044F81F
:1030100080B2002800F0CB80169B03B118800120FD
:10302000D5E04FF03E0B8DE75744D4F81032FF1A2D
:103030008BE7D4F81422E169D4F80872891AD4F81D
:1030400000024B43218E0693B4F8E4319944FB43CC
:103050009944D4F81032303300FB073394F87500EC
:1030600002FB093301EB430112F026FDC8F8000012
:1030700081E7E0695843069056B3B4F8E41139BBD0
:1030800084F82312D4F8141201FB130A94F88E303A
:10309000262BCDF818A003D094F88F30262B09D119
:1030A000B4F8A032EB1A1B0404D494F8A332002B1A
:1030B00018BF1F46D2B3B4F8E431BBBBD4E99023A8
:1030C000D4E9920182428B4108D340F232512FE67B
:1030D00094F8231200297FF44EAFD3E794F87500DB
:1030E000C31E012B3DD90EF0F3FE00F522404FF434
:1030F0007A7BB130B0FBFBF000F1AB0BD4F8483277
:1031000094F87500103BD4E990125A1AC31E012B93
:10311000924429D90EF0DCFE4FF47A7300F2E730C6
:10312000B0FBF3F0AAEB0B0A50440690B4F8E4119C
:103130003846D4F814324944594330314900059196
:1031400012F0BAFC244A94F87E3005991060002BE6
:103150003FF411AF06ABE06916F013F884F82302D0
:1031600009E74FF4897BC9E73E20DBE740F24A518B
:10317000DEE5E6B1B4F8F81119B3B4F8FA2194F821
:10318000FC31501CA4F8FA2102FB033399420EDDF6
:1031900094F830325BB10023A4F8FA0184F830329D
:1031A00006F0B2FC00F00700013084F8FC0118EED4
:1031B000101A94F8240210F04DFF20B940F29351F8
:1031C000B6E50A46DBE7049B84F8203200200BB00A
:1031D000BDEC028BBDE8F08F8C180020F0B50446E2
:1031E00085B018B9AA213020FDF744FB072900F269
:1031F0000681DFE811F008004500450040000401A9
:10320000F000F800020190F8203253B3B0F81E32FB
:10321000B0F8882093421ED1B0F8D421D31AA0F878
:103220008820A0F8D6312046D4E98E23C4E9902323
:103230000AF0FCFD94F8DB31002B00F0CA8018F096
:103240000CF9704B1B68002B00F0C380204605B0C2
:10325000BDE8F04018479A1AA0F8D621A4F88830A3
:10326000E1E7B0F81C32B0F888209B1AA0F8D631FC
:10327000B0F81C32F2E705B0BDE8F0400EF0EEBC4D
:1032800019F065FED4E99023801A61EB030101284F
:1032900071F1000302DA40F21E61A4E76FF001034E
:1032A00083424FF000038B4102DA40F21F619AE73C
:1032B000E5690DB1B0FBF5F594F88F30442B14D0CF
:1032C00094F88E20442A0AD00E2B08D0A2F143068F
:1032D00072427241B4F81E12B4F888303AB1B4F8B0
:1032E0001E320133A4F81E3214E00122F2E72B440F
:1032F0009BB2CA1A150454BF4B1C01339BB2A4F8ED
:103300001E3294F821322BB9B4F81E22B4F8D4310D
:103310009342E6D0B4F85A3202AEB4F88850013382
:10332000394FA4F85A32B4F8C2301D44B4F8C03052
:10333000013DED1AADB23B685BB1B4F81E1200223C
:103340002046013989B29847B4F81E321844A4F8CF
:103350001E02B4F81E126B1A18041ED40023204655
:1033600000961A46FFF77CFC98B3012812D1B4F8F6
:103370001E22B4F8D011BDF808301344521A1204BA
:103380009BB204D5EA1A12F4004F18BF0B46A4F8FA
:103390001E32D0E740F2766125E794F8923030464D
:1033A0000394002B0CBF3E23082384F8B130012383
:1033B0008DF8083006F016FF204618F050F800236C
:1033C00094F8240284F80C3210F0CCFD202384F809
:1033D000243205B0F0BD01200FF0B0FF05B0BDE80C
:1033E000F04012F047BB90F80C32042B01D0D021F2
:1033F000F9E6002380F80C32EBE7D621F3E6DA2178
:10340000F1E600BFBC000020C40000202DE9F0411F
:1034100004460E46154690F8383103F0FF071BB1FD
:103420000C273846BDE8F08101464B4810F074FD8A
:1034300020288046F4D05822394604F5887019F0C7
:1034400081FF84F81081C4F81461FF2384F83831B7
:1034500036B106F071FB00F00700013086F8FC0180
:1034600002234FF00008A4F8483184F840810FF09F
:10347000CFFE493086B2204617F0FFFD0146D8B393
:1034800015F039FC00F5CD6081B228460FF06AFED8
:103490002844C4F8440119F05AFD30184FF00106D1
:1034A000A4F8268041F1000184F81861C4E95401B0
:1034B000204617F0F8FDD0B1A5F2AA4531462046C6
:1034C00017F04EFD2D1AC4F81C514FF0FF326FF06B
:1034D0000043C4E9562304F5A07194F8100110F0DC
:1034E000B9FD70BB40F2CD113020FDF7C3F9304675
:1034F000AE3D17F0D1FEE5E72046DFF8608017F01B
:103500002FFDAE30C4F84401B8F8040048B1E08C97
:1035100038B106F011FBB8F80430B0FBF3F202FB4F
:103520001300064419F013FD361841F10001C4E9F7
:103530005461002DC9D0AE1941F10001C4E95661B2
:10354000C9E7D4E9542300212046C4E94A23C4E949
:103550004C2317F0D1FD64E7875B01008C18002035
:10356000F0B5002385B0CDE9003303238DF8063094
:103570006846FEF7F1F988B11F4E01230027B371A9
:103580000223CDE902778DF80E3002A8FEF7E4F9A8
:103590000546C8B10023B37105B0F0BD009812F024
:1035A000D9FBE5E790F8240210F048FE94F82402D5
:1035B00011F036F894F8240284F80C5210F0D2FC82
:1035C000202384F82432DBE7029B002BDDD093F824
:1035D0002422202AD9D018884FF6FF739842D9D0D8
:1035E0000221FEF77FF904460028DBD14FF49B71DE
:1035F0003020FDF73FF900BF8C180020044B00225B
:10360000DA719A7142F210729A80FFF7A9BF00BF77
:103610008C180020014BD871704700BF8C18002017
:1036200008B50DF035FF044B9A6882422ABF98799D
:10363000002080F0010008BD8C180020F0B5044681
:1036400085B090F8DB3103F0FF05002B6ED190F8C8
:103650000C32032B6AD119F07AFCD4E99023801A3A
:1036600061EB0301012871F100035FDB6FF00103DF
:10367000834275EB010304DA40F2C7513020FDF7B5
:10368000F9F8E269B4F888300AB1B0FBF2F201331C
:1036900013449BB2A4F81C32B4F8D431B4F81C2201
:1036A0009B1A1BB2002B41DD94F8240210F0C6FDDA
:1036B00000283BD0FF2384F82132B4F8C2300DF14A
:1036C0000E07B4F888501A4E1D44B4F8C030013DBE
:1036D000ED1AADB2336863B1B4F81C120022204673
:1036E000013989B29847B4F81C32184480B2A4F862
:1036F0001C02B4F81C32EB1A1B0417D4B4F81C12C9
:1037000000230122204689B20097FFF7A9FA68B189
:10371000012808D1B4F81C32BDF80E2013449BB226
:10372000A4F81C32D6E740F20E61A7E705B0F0BD61
:10373000C40000202DE9F7430446062900F2A480C6
:10374000DFE801F0042714242B309D00504B9B79B7
:1037500003F0FF0253B900920123B0F8D411FFF730
:103760007FFA30B140F2DC61302031E0042384F88C
:103770000C320EF0B7F810F0E7FA0023B4F8882006
:10378000A4F85A32A4F81E2284F8213203B0BDE80E
:10379000F083032380F80C32F8E718F0ABFBC4E9A0
:1037A0009201F3E73B4B1B681BB10246D0E9920143
:1037B000984713212088FEF795F800285DD094F8EB
:1037C0007530022B57D005D8012B08D0CD21B4205D
:1037D000FDF750F8033B012BF8D81E3000E00A300B
:1037E000858894F87530D4F81422033BDFF8A09054
:1037F000012BE36994BF2827002707F58077AF42A4
:1038000034BFED1B0025A9188B428ABF9B1A0025E7
:103810005D1B99F807301BB9E36B9D4228BF1D461D
:10382000D4F8E06104F13C0016F000FA06EB000861
:10383000022010F051FE0221A5EB080626EAE676EA
:10384000864228BF0646304610F08CFE00B9B044D0
:1038500001233A464146204616F071FAD4F8E03189
:10386000C9F80800E069184410F008FE00288DD15E
:1038700040F28A3178E71430B2E79625B1E703B019
:10388000BDE8F04312F00BB94FF4F3616CE700BFF1
:103890008C180020C0000020012A70B505460C4697
:1038A000164615D0022A18D042BB0DF0F1FD324663
:1038B0000146204612F01EFA2A46124994F81001D9
:1038C0000FF02CFD40B940F2AB713020FCF7D2FF75
:1038D0000DF0DEFDC5F85C0270BDD0F85C1201226F
:1038E000204612F007FA2A46064994F810010FF014
:1038F00015FD0028F0D140F2BC71E6E740F2C2713C
:10390000E3E700BFDD310000014B9880704700BF46
:103910008C1800200D4B0321186830B50D4690F827
:10392000A52090F84B400132B2FBF5F303EB4303C3
:10393000D31ADAB244FA03F3DB0703D4013911F0E6
:10394000FF01F0D180F8A52030BD00BF98180020FD
:10395000014B186812F0E1BA9818002008B505F07C
:1039600029FD014B187008BD50000020064B10B413
:103970001C68827C836804F1420194F841005DF880
:10398000044B15F0FFBA00BF981800202DE9F04154
:10399000064690461D460C46D1B9194F386800F1CD
:1039A0005B0390F85A2000F1780190F87E0015F042
:1039B000E9FA7B685B79082B05D03A6892F84E10DB
:1039C000CB1A5C425C413B6893F85630012B03D123
:1039D000B36853B9012404E083B90028F8D1002C5E
:1039E000F6D104F00100BDE8F081B8F1000FF1D18B
:1039F00025B13046FFF7BAFF0446F2E70024F0E7AE
:103A000098180020024B18686C3002F0CDB800BF47
:103A10009818002038B50F4CFFF7F4FF656802F0E6
:103A20007DF863682860186820B940F2EC413220C4
:103A3000FCF720FF12F011FC10B940F2EE41F6E75E
:103A40000DF0D6FF00200EF035F8636804221A71DD
:103A500038BD00BF9818002038B5194D04466B6872
:103A60001B79022B04D940F6F3013220FCF702FF48
:103A70002B68027C83F8A4201A44C168996692F8E6
:103A8000242183F820214268C3F88820037A022B7E
:103A90000ED00DF0AFFD0EF053F80CF083FF094887
:103AA0000DF090FF08480DF087FF08480DF00CFE60
:103AB000637C23B12B685B6E0BB101221A6038BDA9
:103AC00098180020D400002055555500D6BE898E88
:103AD00008B5FFF743FF034B586802F0B1F8012027
:103AE00008BD00BF9818002038B505460C4604F004
:103AF000FDFD420704D4A37803F0E003402B30D04F
:103B000004F0F4FD830704D4A37803F0E003202B32
:103B100027D0237803F03F03242B22D80DF09CFC00
:103B200094F90030A278002B637802F01F02ACBF3A
:103B30001E214FF4967143EA02234B431A1AB2F541
:103B4000877F0ED398420CD8074B294618682388E4
:103B5000A0F82131A37880F82331BDE8384012F075
:103B60008EBE002038BD00BF98180020F0B5044676
:103B700087B0084663785A0671D4227803F01F0391
:103B800052EA03236BD06188052968D9237A6268D9
:103B9000C3F30403134362D0324B1B684BB140B1F3
:103BA000984700285BD0304B01221B68D3F8903037
:103BB0005A762D4E227A3368C2F30402D3F890501D
:103BC000636805F11E008DF81420190A8DF8103075
:103BD0008DF81110190C1B0E8DF8121004A98DF818
:103BE000133015F01CFB638840F2E2425343A27B82
:103BF000AB67D4F809302B60637B43EA0223E27B96
:103C000043EA02436B60238A013BA5F86230237AC2
:103C1000C3F3421385F89230336893F82031EB7583
:103C20006378257813F0200F03F01F0314BF4FF4BF
:103C300096771E2745EA032307FB03F518F05AF988
:103C400033680246D3F89060238A06F1500000954D
:103C500006339BB2CDE901730B4606F075FE07B043
:103C6000F0BD00BFD00000209818002008B5074B19
:103C700093F900207F2A04D140F292313220FCF7E0
:103C8000F9FD02707F221A7008BD00BF50000020AD
:103C900010B504788EB004F00F0404A9224612F087
:103CA0001BFBFFF75BFE042C33D11B4C059A2368EA
:103CB000107893F8781088422BD1507893F87910C7
:103CC000884226D1907893F87A10884221D1D07812
:103CD00093F87B1088421CD1107993F87C108842AD
:103CE00017D1517993F87D20914212D19DF821206E
:103CF00093F87E309A420CD10DF10F00FFF7B6FF1A
:103D00009DF90F3004A90093237B227A606812F09A
:103D1000B6FA03200EB010BD981800202DE9F04F20
:103D2000044689B0062900F2C780DFE811F062007E
:103D3000E9000700C500C500C50028006F4D0DF063
:103D400075FD2F6897F854309E0701D1032036E0A7
:103D50006E68B379002BF9D00DF11F00FFF786FFD5
:103D60009DF91F3002222146029330462B7A01939F
:103D7000FF23009307F1420312F071FAE6E75F4D6B
:103D80006E68B379002B00F097802F6897F8542065
:103D9000900717D50DF11F00FFF768FF9DF91F3041
:103DA00030460622029321462B7A0193FF2300938B
:103DB00007F1420312F053FA002309202B7309B0D4
:103DC000BDE8F08FD10777D5530701D50DF02EFD53
:103DD0000DF11F00FFF74AFF9DF91F202B6802928B
:103DE0002A7A42330192FF22009206222146686815
:103DF000C2E7424D2B6893F85420570737D56968BE
:103E0000CA79002A33D0426893F85B00167886425C
:103E100055D1567893F85C00864250D1967893F845
:103E20005D0086424BD1D67893F85E00864246D13B
:103E3000167993F85F00864241D1507993F860205B
:103E400090423CD1627C93F85A00161A7242724139
:103E500093F8560001284ED0002A4CD193F84E30EA
:103E6000082B02D04A799A4245D00DF0DFFC6E68EB
:103E7000B379002B3DD02F6897F85420900720D5B8
:103E80000DF11F00FFF7F2FE9DF91F3030460022B2
:103E9000029321462B7A0193FF23009307F14203FB
:103EA00012F0DDF9012309202B736B68DA79002AFF
:103EB00085D19B79002B82D10DF0B8FC46E700221A
:103EC000C6E7D10715D5520701D50DF0AFFC0DF1AE
:103ED0001F00FFF7CBFE9DF91F202B6821460292A1
:103EE0002A7A423368680192FF220092002212F07F
:103EF000B6F90320D9E70A20D7E700BF98180020B9
:103F0000644D81686E682A68B379807C0493F37984
:103F100092F84880059311F0A6FF92F8543088F08B
:103F2000010807465B0740F1898092F84D30002B6D
:103F300000F0848092F84E60082E00F081803046B8
:103F400004F03EFF002818BF8046002F7AD030468C
:103F5000A16805F019F906462B6893F841900EB157
:103F600049F0020993F85420500746D5626893F847
:103F70005B101078884267D1507893F85C108842C3
:103F800062D1907893F85D1088425DD1D07893F833
:103F90005E10884258D1107993F85F10884253D14F
:103FA000517993F8602091424ED1617C93F85A2068
:103FB000891AD1F1000B4BEB010B6968497908298B
:103FC00045D093F84E305A1AD2F1000A4AEB020A51
:103FD000002E3FD1B8F1000F3ED02046FFF7C6FCBF
:103FE000059B43B1296891F8561001294DD011B9AC
:103FF0005BEA0A0349D10DF019FC2B6893F85430A1
:104000009B073FF4A3AE0DF011FC049B002B3FF483
:104010009DAE2046FFF7AAFC10B9D5F80080EEB19E
:104020000DF11F00FFF722FE9DF91F202B68029261
:1040300042332A7ACDE900920122D7E676797BE7EE
:10404000002689E73E4687E74FF0000BB5E74FF0C3
:10405000000ABDE70120C3E73046C1E798F85520C4
:10406000023A012A3FF672AE002F3FF46FAE0DF117
:104070001F00FFF7FBFD9DF91F3002932B7A019380
:10408000FE23009308F14203D6E70028B3D00A20AC
:1040900095E600BF981800202DE9F04188B0174C34
:1040A00006460F460DF11F00FFF7E0FD65682B790E
:1040B000032B20D02B79062B0CBF4FF003084FF0B9
:1040C00001082368423305930DF0C0F99DF91F20C4
:1040D0003146059B0292227ACDF80C80CDE9000290
:1040E0003A46284601F0E0FD10B1606801F078FD25
:1040F00008B0BDE8F0814FF00008E2E79818002012
:104100002DE9F041324E88B005460A467468A3791D
:1041100023B90024204608B0BDE8F081376897F83D
:10412000953033B90378002B0CBF0123022387F8A5
:1041300095302379062BD9B225D0072914BF4FF02B
:1041400001084FF002080DF11F000592FFF78EFDE8
:104150000DF07CF99DF91F30059A29460293337AB8
:10416000CDF80C80CDE9000307F14203204601F0B1
:104170009BFD0028CDD06C7814F0100406D1706837
:1041800001F02EFDC6E74FF00308DCE7A969022025
:10419000FFF7AAFC0446B8B10022336883F89620E2
:1041A0006A696AB15178C1F3031183F897101178E5
:1041B000527802F00F0241EA0222A3F89820A9E700
:1041C000FF2283F89720A5E7706801F039FDA1E789
:1041D000981800200D4A536810B51979022904D89F
:1041E0004FF4A5513220FCF745FB1979082902D973
:1041F00041F2A141F6E71B79126903F1804392680D
:10420000033BBDE8104052F82330184798180020AF
:1042100010B5054C637A2BB10DF092FC0CF0C2FB8B
:104220000023637210BD00BF9818002010B5054C24
:1042300023792BB10DF084FC0CF0B4FB0023237127
:1042400010BD00BFD81F002010B5094CFFF7E0FFDC
:10425000012263681A7100232268A2F8213182F8D2
:104260002331FFF7CFFB2068BDE8104012F0D5BC2A
:104270009818002008B5044B586801F0E1FCBDE82F
:10428000084011F052BE00BF98180020062938B52A
:104290001C469DF8105019D908291DD802B1DDB16E
:1042A00043689BB912B94378DB0617D40C4B5B68A3
:1042B000186811F0F3FF00B135B92CB904F0A2FD74
:1042C00000F00104204638BD0120F9E79DF81430C4
:1042D000002C08BF1C46F5E70024F3E70124F1E7B2
:1042E0009818002038B50D1E044614BF0320052081
:1042F000104404F09FFE094B587270B15DB9033C45
:10430000012C94BF552450240CF020FB2046BDE81E
:1043100038400DF009BC4024F6E738BD981800205D
:10432000F8B53E4CFFF76EFB656801F0F7FB63687C
:104330002860186820B940F249413220FCF79AFA07
:1043400011F08BFF054610B940F24B41F5E72368A9
:1043500093F8A6306BB123681A6D93F8A710C3F8D1
:10436000102193F854200A4383F85420002283F844
:10437000A620206890F8A430034493F82471636861
:1043800080F820711A7952B11B79012B07D00021D6
:1043900012F075FA18B9BDE8F840FFF755BF236869
:1043A0001F4A93F8A530D05C0DF098F9236893F874
:1043B000A420134493F82461022E2CD004D8012E9B
:1043C00005D040F2F371B8E7F31E012BF9D801F0E4
:1043D0009FFB314680B20DF0B1F828460DF008FB86
:1043E000314601200DF0A6F97B1E2A463846594277
:1043F0005941FFF777FF626808210023517121724C
:104400002168D3801372E37281F89530A37223730D
:1044100003231371F8BD0D20DBE700BF98180020BF
:104420008C43040010B50A4C0521206812F027FACD
:1044300018B9BDE81040FFF707BF2368012093F8C3
:1044400020110DF097FB63680B221A7110BD00BF9D
:1044500098180020124A10B5536800B931B91846AF
:1044600001F0EEFBBDE81040FFF7EEBE1979082918
:1044700004D841F270413220FCF7FCF919790C297B
:1044800002D941F27141F6E71B79126903F18043C9
:104490005268093BBDE8104052F82330184700BF6E
:1044A00098180020054B1A6892F85420920703D000
:1044B0005B68186801F05CBB586970479818002069
:1044C00070B5304D06466B681A79032A02D01A7906
:1044D000042A09D1186811F0C0FE044638B941F227
:1044E000A8313220FCF7C6F9FFF7DCFFF5E72B68AF
:1044F00093F8543013B941F2AE31F2E776B115F0CA
:10450000EBF930B16B681A79022A0ED841F22E31DC
:10451000E7E7204615F0FBF90028F3D16B681A791C
:10452000022A17D841F28E31DBE71A79082A02D91C
:1045300041F22F31D5E71B7920462A6903F18043E8
:104540001269033B52F8233098470C2812D941F2E4
:10455000C131C6E71A79082A02D941F28F31C0E782
:104560001B792A6903F180435269033B52F82330D7
:104570009847EAE72B69DB68BDE8704053F82030C4
:10458000184700BF9818002038B5FFF78BFF044686
:1045900020B940F213513220FCF76CF90B4DFF208B
:1045A0002B6893F820110CF0C9FF20460DF020FA7B
:1045B0002B6893F82031033B012B94BF2820002067
:1045C0000DF078FA6B6807221A7138BD9818002030
:1045D00010B5074C606801F003FBFFF7BFF92068D6
:1045E0000021A03014F056FBBDE81040FFF72CBEB0
:1045F0009818002010B504468AB0FFF7AFF9237869
:1046000003F00F03072B23D16946204611F0F7FE74
:10461000684611F09AFF9DF80030CBB99DF8013043
:10462000DB0715D50D4C019922689DF8110002F1A8
:10463000780392F87E2014F0A5FC48B1206801218F
:10464000A03014F027FBFF216846FFF759FD08B999
:10465000012000E002200AB010BD00BF9818002021
:10466000F0B5504D85B004460F462B6893F8943052
:104670000BB9002626E043781B07FAD50378002BF8
:10468000F7D12B68D3F89000503016F065F8002869
:10469000EFD12B68D3F89060B27D2AB9636959785D
:1046A000B37AB3EB111FE4D1636873B9002F6DD0F7
:1046B000012FDED16B68186811F0F0FD0028D8D00A
:1046C0006B681E7A304605B0F0BD696848790828E5
:1046D0003CD002AA0DF1070104F066FC064620B9A1
:1046E00040F6CC713220FCF7C5F82B689DF8070026
:1046F000D3F89070BB7DFBB1636902A95A781209A7
:1047000011F020F90028B4D02B680298D3F890203B
:10471000BDF80C10D06011829DF80720D3F89030BE
:10472000DA722B68D3F890200123937463695B7865
:10473000C3F303139372C5E7024602AB07F10C0102
:10474000F87A14F01FFC002893D0EAE7607CFAB1F5
:10475000626919465278120911F0F4F8002888D0DD
:10476000626929685278D1F89030C2F303129A72C4
:1047700062681068D86092881A82D1F89030627CA2
:10478000DA722B680022D3F890309A74012699E7E8
:10479000024606F10C01F07A14F0F4FB0028F0D187
:1047A00067E700BF9818002007292DE9F043064667
:1047B00087B00F4690464568654C23D11DBB002A43
:1047C00048D1D4E9001091F8543013F0030218BF17
:1047D000012213F00403827103D033785A1E53422E
:1047E0005341C37191F894304BB12368D3F89000D2
:1047F000503015F0B1FF10B9636801221A7207B08A
:10480000BDE8F08335B32946707C11F02CFB072FEF
:10481000814664D1637A63B158B1B8F1000F55D0C5
:10482000656814F0F3FB636868715B792372012398
:10483000A37263685879082858D17168707C15F0A4
:10484000A7FD6268054671680532707C04F0E0FAE5
:1048500000285DD0236893F8540010F003000AD0BC
:104860006268394693F84C3030460195927900924F
:104870004246FFF70BFD00F001006268236890716B
:1048800093F8540010F0040009D093F84D303946E5
:1048900001953046D27900924246FFF7F7FC2D4B46
:1048A00000F0010065681B68E8711BB141463046A5
:1048B00098472872726872B3717C236883F87E10FF
:1048C000116899679288A3F87C2024E0236893F804
:1048D00020110129A4D1284604F07EFB6072637A7E
:1048E000002BA6D0B9F1000FA3D099E704AA0DF1CF
:1048F0000F0104F059FB20B94FF43A613220FBF765
:10490000B9FF04A99DF80F0015F042FD0546A1E787
:104910006368D88018726268137AB3B9D388003B91
:1049200018BF0123B06800283FF469AF072F7FF458
:1049300066AF517908293FF462AF002B3FF45FAFB7
:1049400004F068FB0123E37259E70123EAE700BFA3
:1049500098180020CC0000202DE9F74F2F4D9346EA
:1049600007468A462A688168807C92F848800193CD
:1049700011F079FA6C7A88F001080646CCB192F809
:1049800054305B071FD592F84D30E3B192F84E409A
:10499000082C23D0204604F013FA002818BF8046C4
:1049A000002E36D0EB7A73B314F03AFB00230446A2
:1049B000EB72019B8BF800408AF8006083F800805E
:1049C00003B0BDE8F08F7B6813B16B685C79DFE7FB
:1049D0006B68186811F062FC0028F6D1CEB195F82A
:1049E0000A90B9F1000F14D14946B86804F0F4FAFE
:1049F000044668720028DCD014F008FB08280AD0AE
:104A00006B685871D5E72046B96804F0BDFB0446D1
:104A1000CFE70024CDE74C46CBE700BF9818002035
:104A20002DE9F0419E4E88B00546376897F857301B
:104A3000002B00F03381D6F8048098F806303BB99B
:104A400098F8072022B998F80820002A00F026815B
:104A50002C78012C7AD0022C00F0CE80002C40F073
:104A60001D8197F85420910700F0188123B998F818
:104A70000830002B00F012816B7813F0100FC3F395
:104A8000001714BF0822012232EA030340F0068116
:104A90000023AA688DF81C308DF81D308DF81E306B
:104AA000002A4AD00DF11E0307AA0DF11D01284668
:104AB000FFF752FF336893F841409DF81C30002BFC
:104AC00000F0D88044F00204002F3AD00DF11F000E
:104AD0000027FFF7CBF8D6E90038423305930CF0F6
:104AE000B5FC9DF91F202946059B0292327A039757
:104AF000CDE900022246404601F0D6F8002800F039
:104B0000CD80A9690120FEF7EFFF002800F0C680E4
:104B1000336883F896706A69002A69D05178C1F3C6
:104B2000031183F897101178527802F00F0241EACE
:104B30000222A3F89820022494E0FF24C4E7FE2474
:104B4000C2E721462846FFF7A7FAA7E097F82021F9
:104B50006B78022A2DD103F01903192B40F09E80A7
:104B600097F854305A0728D40DF11F00FFF77EF84C
:104B7000D6E90034423305930CF068FC0022059B13
:104B8000294603929DF91F200292327ACDE9000254
:104B9000FF22204601F088F800287FD0A969012073
:104BA000FEF7A2FF002879D03368012283F896200F
:104BB000B1E703F01803182BD0E7696800232846F3
:104BC000B1FA81F11A464909FEF7E0FE002865D0E6
:104BD000AB6932689B7813F0E00304D192F8493056
:104BE000002BC1D15AE0402BBED192F84A30F7E7F2
:104BF000FF2283F897209EE797F854309B074DD00B
:104C00006B7803F01803182B48D10DF11F00FFF744
:104C10002DF80CF01BFC0023FF22294603939DF97D
:104C20001F300293337ACDE9000307F14203404677
:104C300001F03AF890B3A9690120FEF755FF68B377
:104C4000336883F896406A6982B15178C1F30311E1
:104C500083F897101178527802F00F0241EA02228D
:104C6000A3F89820204608B0BDE8F081FF2283F821
:104C70009720F7E72846FEF779FE00287FF424AF57
:104C8000336893F85530023B012B07D89DF81D304F
:104C900023B19DF81C30002B3FF451AF0324E1E712
:104CA0009818002030B505468BB0FEF757FE2C78DB
:104CB00028466946294D04F00F0411F0A0FB2B682B
:104CC000072C16D193F82011684611F0A1FB0022A1
:104CD00021466846FFF768FD2B6893F82031022BC8
:104CE00032D017D8012B1AD041F229213220FBF7FC
:104CF000C1FD93F8542012F0060FE8D093F8A420D9
:104D0000134493F82421012AE1D19621002017F0C1
:104D100002F9DCE7033B012BE6D8072C19E0062C4F
:104D200002D00BD8022C0BD821466846FEF7F6FFBE
:104D30000446FFF76DFA20460BB030BD072C09D0B2
:104D40000CF074FD0324F4E7072CFBD19DF8003030
:104D5000012BF7D16846FFF763FEE9E798180020BA
:104D600038B5174D2C6894F8483013B36FF00043F2
:104D7000D4E920129A4208BFB1F1FF3F19D018F0D0
:104D8000E6F8D4E92023904271EB030311D32B689A
:104D900093F8483073B92D6804F000F9044618F010
:104DA000D6F8084AA4FB0232181842EB0102C5E902
:104DB000200238BD012004F0B3F90028F9D0EAE759
:104DC0009818002040420F0070B51E4D06462A6814
:104DD00092F823115F294FEA511096BF1A4B002415
:104DE0001B1892F8210100F03F0098BFDC780CF00E
:104DF00075FC2B6893F958000CF060FCFEB12B6831
:104E00002246996E01200CF0FDFC2B68214693F898
:104E10009630022B0CBF4020FF200CF08FFBFFF7D9
:104E200041FB2B68064693F8951019B902462046B7
:104E3000FFF758FA3046BDE870400CF0D9BD224665
:104E40007321DFE7981800208C430400F0B52D4C47
:104E5000074685B0226892F823115F294FEA511066
:104E600097BF294B00251B18DD78936E13B10120E5
:104E7000FFF7AAFF2368D3F888000CF0EFFD236842
:104E800093F85420910703D593F89610022905D082
:104E900052070FD593F89620012A0BD1EA1E012A5A
:104EA00026D893F85930012B14BF2946032100203E
:104EB0000CF060FE266863689A361868D7B911F05E
:104EC000EDF963680390186811F0EEF9276802465F
:104ED000039997F8200197F896300090304611F02A
:104EE000E9FA236883F820510023A37205B0F0BDCE
:104EF0002946DCE711F0E4F90146304611F0CFFA1B
:104F0000EFE700BF981800208C43040008B501208B
:104F1000FFF79CFF024B06225B681A7108BD00BFB9
:104F20009818002008B50020FFF790FF024B0522DB
:104F30005B681A7108BD00BF9818002010B50446C0
:104F4000FEF78AFD237A032B0AD1194B1B68986E52
:104F500020B140F638113220FBF78CFCFFF734FF0C
:104F6000237A012B06D003D9023B012B12D910BDA5
:104F7000FEF7D0FC0E4C236893F958000CF09EFB12
:104F80002368002283F89520FFF7CAF9BDE8104096
:104F9000FFF7E6BE064B1B6893F895301BB9BDE8DA
:104FA0001040FFF7BFBFBDE81040FFF7AFBF00BF25
:104FB0009818002008B5044B586800F011FEFEF761
:104FC000CDFC012008BD00BF981800202DE9F84352
:104FD0006F4F0023054689467869D7F80080037033
:104FE00043700CF01FFD064628B9032004F09AFC1C
:104FF0003046BDE8F883032D7C6947D1237823F040
:105000000F0343F0030323700C236370D8F8783048
:105010007869C0F80930B8F87C30A0F80D3098F8FD
:105020007E1014F04AFA0021786916F0A1FF3B685F
:1050300093F8482003F1420493F8418092B193F829
:105040005420520740F1928093F84D20002A00F03E
:105050008D8093F84E0004F0D1F800281CBF044660
:105060004FF00108236841467869C0F80330A388EF
:10507000A0F8073014F014FA464BD3F80C32002B8A
:1050800077D040F234613220FBF7F4FB052DBDD11F
:105090002378222223F02F03627043EA491141F062
:1050A0000501217039680B6D1B6AC4F80F300A6D59
:1050B000936A180AE3741B0C2075637592F87E00DE
:1050C000138E00284CD04FF0640CB3FBFCF3DBB222
:1050D000A375D36A002846D06420B3FBF0F39BB2DB
:1050E00041F27070E3751B0A2376D369A3F57A7CCD
:1050F000844595BF4FF47A7040F2E240B3FBF0F381
:10510000B3FBF0F398BF03F550639BB263761B0AC1
:10511000A376938CE3761B0A2377D38C63771B0AE1
:10512000A377D2F89730C4F81F3092F89B3094F8E8
:10513000242084F823300B6D22F01F0293F8A23054
:1051400003F01F03134384F8243003F0F5FA94F8B6
:10515000243003F01F0343EA401084F8240055E78D
:1051600040F2E24CB1E740F2E240B6E77B685879A2
:1051700071E7052D7FF43CAF3B6821681A6DC2F8DA
:105180000A10A188D1811B6D83F8098030E700BF28
:105190009818002000A0085010B500210320FFF748
:1051A00015FF18B9BDE81040FFF74EB8074C0321B2
:1051B000206811F064FB0028F4D0012108460CF0AF
:1051C000D9FC636809221A7110BD00BF981800202D
:1051D0002DE9F041054692B00E46FEF7BFFB2B7855
:1051E0009B4C03F00F03072B07D00125606800F0EC
:1051F00027FD284612B0BDE8F08108A9284611F025
:10520000FEF8206808A99A3011F071F923689DF81A
:10521000201093F89620914240F05981032E03D13B
:1052200093F89720FF2A16D09DF82120150740F10A
:105230004E810D9A93F897105078B1EB101F40F003
:105240004681127800F00F00B3F8983042EA00204F
:10525000984240F03C8108A832460721FFF7A4FAA3
:105260006068C3881BB9037A002B00F031810023EA
:105270008DF81C308DF81D308DF81E300A9B002BE8
:1052800047D00DF11E0307AA0DF11D0108A8FFF775
:1052900063FB236893F841609DF81C300BB146F026
:1052A00002069DF820509DF81C80012D9DF81D7070
:1052B0009DF81E302FD0022D7FD0002D40F00781A9
:1052C000236893F854309D0730D09DF8213098071B
:1052D00071D5B8F1000F0BD108A8FEF747FB38B91C
:1052E000236893F85530023B012B1FD8F7B1FE26F7
:1052F00063681B7A33B1574B1B681BB10F9808B119
:1053000011999847314608A8FEF7FAFE70B10225B8
:105310003FE0FF26C5E79DF82100226800F0090C58
:1053200092F89A10BCF1090F04D009B9012530E0B8
:105330000007FBD592F85420500711D463689B797D
:10534000002BF3D0236893F854309A07EED09DF8E1
:1053500021309B0716D4FF2108A8FEF79DFEE5E744
:105360006268D279002AE9D0424608A8FEF70EFB0F
:105370000028E3D02068A03013F0AEFC0028DDD078
:105380000C2506E0B8F1000F06D0314608A8FEF75C
:1053900083FEFEF73DFF2CE708A8FEF7E7FA00289A
:1053A000F3D1236893F85530023B012BBED8002F70
:1053B000BCD0FE21D0E7FF269AE7226892F854205D
:1053C0009107B3D0616889790029AFD09DF8215049
:1053D00005F009010929A9D1920705F0020568D550
:1053E000002D39D0B8F1000F2AD00DF11F00FEF7C3
:1053F0003DFC00210320FFF7E9FD0546D4E9003715
:10540000423305930CF022F80122059B08A9039270
:105410009DF91F200292227ACDE9000232463846D9
:1054200000F042FC002D81D000283FF47FAF2068BF
:10543000A03013F051FC00283FF478AF0B25A8E70B
:10544000002BAED008A8FEF791FA0028CDD1A8E72E
:1054500098180020C80000200DF11F00FEF706FC80
:10546000294603200125FFF7B1FD0746D4E900389E
:10547000423305930BF0EAFF9DF91F2008A9059B15
:105480000292227A0395CDE900023246404600F0AE
:105490000BFC002F3FF47DAF00283FF47AAF20686B
:1054A000A03013F019FC0028C8D1606800F098FB08
:1054B0006FE7002D3FF44FAFB8F1000F01D0314638
:1054C0004AE708A8FEF752FA0028F8D169E76068B1
:1054D00000F0B6FB2AE700BFF8B5184F0E460121D1
:1054E00078610020FCF7C0F9054620B940F67C0140
:1054F0003220FBF7BFF94FF49472002117F022FF1E
:1055000001210846FCF7B0F9044620B14FF494722B
:10551000002117F017FF3B6913B940F68601E7E752
:10552000304610F039FD284611F016FA24B1204615
:10553000BDE8F84011F010BAF8BD00BF981800207F
:10554000014B024A1A617047981800206801002038
:10555000034B044A1A60044B044A1A60704700BFA8
:10556000C80000206D3B0000CC0000206146000018
:10557000036810B523B940F667113220FBF77AF9BA
:10558000044A13606C3353601369BDE810401B6814
:10559000184700BF9818002008B5044B586800F061
:1055A0004FFBBDE80840FEF74FBE00BF9818002033
:1055B00038B590F84030044613F0FD0F04F1420175
:1055C00014BF0120002084F8410003F087FA94F80A
:1055D0004030023BDBB2012B94BF0123002384F84F
:1055E000483018D803F0DAFC054617F0B0FC0A4A38
:1055F000A5FB0232181894F8483042EB0102C4E9C6
:10560000200243B1002003F08BFD20B940F60F21AA
:105610003220FBF72FF938BD40420F0001493630E8
:1056200014F078BA8B5E010010B5084C0222636852
:1056300020681A7100F0BEFC38B9206810F073FDC4
:105640002068BDE8104011F0E8BA10BD981800209D
:10565000013808B5C0B20A4B41B1032801D8185C23
:1056600008BD40F2B9113320FBF704F9032802D832
:1056700018440079F4E740F249310620F4E700BF0E
:105680009243040008B510F05FF8054AD2E84F3F96
:105690000133DBB2C2E8413F0029F7D108BD00BFAA
:1056A000B0180020024BA0F108015868FFF7EABFCC
:1056B000B01800202DE9F84F0D461E4600213B4B47
:1056C0009346046801601A789DF828709DF82C8034
:1056D0009DF930909DF834A032B9A4F108015868C2
:1056E000BDE8F84FFFF7CEBF1A2204F1090017F00A
:1056F00029FE0123A372BBF1060F4FD8DFE80BF0A0
:105700000433394E434E3D00E37A23F0130343F054
:105710001303E372012304F10E0241462846237568
:1057200047F6FF7384F81890E38204F10D0310F03C
:1057300068FDE37A5B0736D5BA1E04F11C03012A23
:105740008BBFAA6832681168E2618ABFE161B288E2
:1057500092889A80E7760023237215492046BDE897
:10576000F84F14F0D7B9E37A23F0150343F015038B
:10577000CFE7E37A43F01003CBE7E37A23F0120399
:1057800043F01203C5E7E27A4AF01A0A22F01B023C
:105790000AF01B0A42EA0A02E272BBE740F22B411E
:1057A0003320FBF767F8FF23E376D4E7B018002037
:1057B000B55700002DE9F04705468EB00C46002095
:1057C0000121FCF78FF8064620B940F2C7113320BB
:1057D000FBF750F8A83011F045F818B196F854309E
:1057E000042B2FD1304610F0D1FB58BBB84C04F13C
:1057F000080704F10C08AE6A9EB92846FFF752FF6D
:1058000002238DF80C608DF80D309DF80C300020CF
:1058100063F307009DF80D3063F30F200EB0BDE871
:10582000F087A96A0B68B942AB624FF000030B70B6
:105830004B708B70CB70DED04145DCD06068FFF7D9
:1058400021FFD8E7AE6A36B3A24B9E4226D0043B76
:105850009E4223D006F13B0A4FF0000802F0FEFE04
:105860008146B8F1000F40F02E8104A9504610F097
:10587000C6FDB9F1000F16D004F10D00EF7A17F054
:10588000100713D09DF8207007993A460FF0CCF915
:105890004FF0010828E005F1330ADDE74FF0010879
:1058A0004FF0000ADAE704F11C00E7E7002EEFD022
:1058B0009DF81030022BEBD0014695F83230E522EE
:1058C000504613F087FF95F83230074603445046A0
:1058D00085F8323013F076FF95F83280A8EB000C93
:1058E000DCF1000848EB0C08B9F1000F2CD10423BF
:1058F00005F12301237007F11803AA7A5343E270DC
:10590000221D0233637005F10B0353F8040B8B4225
:1059100042F8040BF9D195F814A095F8159002F00F
:10592000DBFEC1F3402150460191FFF791FE019942
:105930006073B9F1000F03D04846FFF789FEA073EA
:10594000E7762CE0C8460027EB7AD80601D45B2125
:105950003DE75907AA7A95F80DE004F1060005F134
:105960000E0C2FD5E97EFE292CD11123E27084F88C
:1059700005E0237013010233637001232371D5F80E
:105980000E30C4F80630BCF8043083802173EB6914
:10599000C4F80D302B8CA4F811302B7EE3744C4FDF
:1059A00007F1080A56453AD12379022605F1280065
:1059B00066F34613237110F040FC2846FFF772FE91
:1059C00004273FE007F10A030321E27053432170EB
:1059D000023384F805E06370D5F80E30C4F8063061
:1059E000BCF804308380277327442B7E7B73EA7ACC
:1059F00012F0080002D004232371D0E702F0030361
:105A0000032B01D12071CAE7520701D50123F3E727
:105A1000022BF1D00BB92171C1E7A221D7E607F122
:105A20000C094E4515D105F1280010F006FC6A7DE1
:105A30006AB92379042762F34613237102262846A4
:105A4000FFF730FE8DF80C708DF80D60DDE6002755
:105A5000F4E77EB3B8F1000F26D005F128084046E0
:105A600010F0EBFB31467868FFF70CFEAB6A0022C2
:105A7000534585F8322097D04B450BD123794046CA
:105A800062F34613237110F0D8FB28460226FFF775
:105A900009FE95E79DF81030022B05D123790126E8
:105AA00023F0680323718BE72379012666F34613FD
:105AB000237185E7EF7A17F01007C3D0237966F3D7
:105AC00046132371E1E700287FF43CAF07460EE759
:105AD000B0180020BC180020343270B5054692B2D0
:105AE0000C461E460FF0F8FD25B1034A55601474AC
:105AF0005674147070BD00BFB018002010B5034C70
:105B000060680FF00BFE237C237010BDB0180020DE
:105B1000014B587C704700BFB018002038B5134DBA
:105B200068680FF001FE044620B940F247113320A7
:105B3000FAF7A0FED5E84F3F013BDBB2C5E8413F95
:105B40000029F7D104F108033422184617F0FAFBB4
:105B500047F6FF720121E462E283FF22627584F856
:105B60002320E27C61F34612E27438BDB0180020B5
:105B700038B5436A044693B90A4D68680FF0D4FDFE
:105B8000606220B94FF4B0713320FAF773FED5E8A4
:105B90004F3F013BDBB2C5E8423F002AF7D1606AC4
:105BA0003B3038BDB0180020036810B504465BB127
:105BB000596A49B101F10802934204BF002303600E
:105BC000064B5868FFF75EFD216831B1034B083979
:105BD0005868FFF757FD0023236010BDB018002060
:105BE00038B5046805469CB11349204613F09BFF65
:105BF000124B00221A735A739A73DA73EFF31082FE
:105C000072B6A16A0C3399B9A362E36202B962B6B3
:105C10002C68616A49B101F108039C4203D0074B2B
:105C20005868FFF72FFD0023636200232B6038BD07
:105C3000E16A0B60E9E700BFB5570000B01800202B
:105C400070B50668044656B3716A154D41B101F14D
:105C500008039E4202D06868FFF714FD00237362B8
:105C600021684E7DB6B100232B726B72AB72EB7262
:105C7000EFF3108272B6886A0A4B40B98B62CB622E
:105C800002B962B62046BDE87040FFF7A9BFC86AF6
:105C90000360F4E708396868FFF7F4FC266070BD1C
:105CA000B0180020B81800202DE9F047046891468C
:105CB00007460D469A469DF820209DF82C6024B991
:105CC0004FF448713320FAF7D5FDDFF8AC8198F82E
:105CD0000030ABB9022E0AD006D9032E0AD03B6899
:105CE0005BB90020BDE8F087FFF75EFFF7E7FFF73D
:105CF00077FFF4E7FFF7A4FFF1E740F23D31E1E77A
:105D0000636A0BB94021DDE75E74CB687BB1097C27
:105D1000238E0B4440F272618B4207DDFFF790FF48
:105D20003B68002BDDD040F25A31CBE723860123BC
:105D3000A3729DF928302376002E60D122756B69FD
:105D40001BB15B78C3F30313A375EB6913B15B88D5
:105D5000A4F819302B78E27A581E4142414161F390
:105D600000029107E2724CD4991E4A424A41E17AFC
:105D700062F34101E17211F0020118BFB3FA83F13D
:105D8000E37A18BF490961F3C303E372AB681BB13F
:105D9000E37A43F00403E3722B6A13B193F9003002
:105DA000E3756B6843B104F10D0304F10E029DF835
:105DB0002410284610F025FAAB688BB1A9F1020136
:105DC00004F11C02012995BFDAF800301968E3617B
:105DD000E16194BFBAF804309B88938084F81B90EB
:105DE000AA6986B9002A33D09378517803F01F034B
:105DF00051EA03232CD13846FFF7D6FE71E76275CE
:105E00009DE70122B3E70021636A19705970997008
:105E1000D970A16A09BBA362E362AAB153789278F0
:105E200002F01F0253EA02230ED1A26A88F808305A
:105E300088F8093088F80A3088F80B300C4B7AB9AA
:105E4000A362E36200233B600A49204613F06BFE25
:105E5000636A43B940F2971134E7E16A0B60DBE70C
:105E6000E26A1360EDE70023012063623AE700BFB6
:105E7000B8180020B5570000B018002008B5431E20
:105E8000DBB2032B0AD80E4A0428D35C03F10503C6
:105E9000DBB207D1980100F5C87008BDFD219E2036
:105EA000FAF7E8FC032803D1180100F5BF70F4E706
:105EB00002280BBF981D581D8000C000EDE700BFF1
:105EC0009C430400014610B504460E480EF024F829
:105ED000202884F8170111D021460A480EF01CF83A
:105EE000202884F81E010BD194F817010EF03AF81F
:105EF00020B940F28F212120FAF7BCFC002010BD10
:105F00000120FCE787690100014B1870704700BF52
:105F1000510000207FB590F8143103F0FF0223B147
:105F200040F2B7212120FAF7A5FC0C78039214F077
:105F3000010318BF8D68CDE9012218BF0195A6079E
:105F400007D504ADCE6805EB83050133DBB245F818
:105F50000C6C650707D504AD0E6905EB83050133AD
:105F6000DBB245F80C6C013B114D80F81D314B68DC
:105F7000C0F8C830C0F8F83040F27123A0F8FC3007
:105F8000032315F8011B0C420BD004A900EB820679
:105F900001EB8201013251F80C1CD2B22B39C6F848
:105FA000CC10013B13F0FF03EBD104B070BD00BF78
:105FB000A043040090F823215F2A4FEA52112DE9F3
:105FC000F04F044689B000F2A9808F4B0B4493F840
:105FD0000790B9F1040F04D100234FF0030980F8B2
:105FE0001F3194F9213102F01F0294F822A1002BF5
:105FF00094F821314AEA0222ACBF4FF01E084FF458
:106000009678DB0908FB02FA14BF4FF4967B4FF039
:106010001E0B0BF021FAAAEB00070BF059FA94F8CB
:10602000212107EB0B03804612F0400F0193D0446F
:1060300014BF32254FF4FA7512F05DFE019B054442
:10604000F62F03FB05F5714B05F5742505F23F2589
:10605000B5FBF3F56DD994F8153103F0FF0A002B69
:106060005FD148460BF02CFF674B4FF47A7203EB7D
:106070008903DF6807F52243B133B3FBF2F3AB3397
:106080009B440BEB450B0BEB000648460BF018FF4F
:10609000019048460BF01CFF83464946204610F00D
:1060A0005CFAA7EB0B074FF47A728C30019B3044FB
:1060B0008DF808A08DF811A0C31AB7FBF2F7DF1B0B
:1060C000D4E92C320397843B42F1FF3213EB0803EF
:1060D00042F100025B1B62F10002CDE906324C4B3B
:1060E0001878FE2803D094F854305A0701D40DF0E4
:1060F00035F98DF8100002A994F81701C4F8D8708A
:10610000C4F81861DDE90623C4E92E230DF0A2FFCF
:1061100038B940F2B5612120FAF7ACFB4FF0000925
:106120005FE70BF0DFFB0DF00FFE012009B0BDE8CB
:10613000F08F48464FF47A7A0BF0C2FE324B03EBF5
:106140008903DF6807F2E732B2FBFAF220325A44E1
:1061500042442A44161848460BF0B2FE01904846C5
:106160000BF0B6FE83464946204610F0F6F9A7EB41
:106170000B078C30019BD4F8D8903044B7FBFAF76A
:10618000C31ADF1BB94513D3A8F1100302A8029468
:106190005D1B94F81C3103968DF818300223059589
:1061A0008DF8103000238DF81930FFF7E1F9BCE7C6
:1061B000174B93F800A0BAF1FE0F03D094F85430B7
:1061C0005B0702D40DF0CAF88246A7EB09075046D8
:1061D0000EF082F95146192F38BF1927874228BF80
:1061E000074638460EF0BEF908B100209EE7D4F805
:1061F000D8003844C4F8D8008238C4F8E0000EF063
:106200003DF90028C0D1F0E79C43040040420F0054
:106210005100002008B50B4B30B101280DD040F6DD
:1062200016012120FAF726FB18601A6841F6690367
:106230009A4206D940F61F01F3E740F6C4121A60ED
:10624000F3E708BDC41800202DE9F04F04468FB0D5
:106250001F469246BDF86060039116F078FE0290EA
:106260002046049110F0F4F9D4F8CC908346002F26
:1062700000F03082002800F04D82204610F076FBBE
:1062800080F00100C7B2BAF1000F00F0FA80029B63
:1062900013F5FA630593049B43F1000804F0D8FC5E
:1062A00004F092FC054604F1E8002946069004F04B
:1062B00067FCD4F8101111B1069810F026FB1DB13F
:1062C000B5F92420A4F80C21BBF1000F15D0D4F8A7
:1062D000F0B0ADB1A868059BD5E90021CDE9003843
:1062E00080185A4641F1000114F038FB834508D26A
:1062F00040F266312120FAF7BDFAD4F8C8B0E8E7D9
:106300002846069004F0AAFCD4F8C820DDE9053040
:10631000C51802F2CF73034448F10008B3FBF2F34F
:106320005343EB1A68F10002C4E93A32002E40F000
:106330009F804FF0FF326FF00043C4E92A23012110
:106340004FF0000B04EB0B03069193F82431184631
:106350000593FFF793FD059B064618460BF0B8FD25
:1063600000F522404FF47A738C36B130B0FBF3F075
:10637000D4E92A32064400205B1B62EB0802012BA1
:1063800072F100010699C0F29C81994570EB0202FE
:1063900000DB994604EB8B0BDBF8CC304B4594BF0C
:1063A000C4F8DC30C4F8DC9027BB19B34900B4F959
:1063B0000C0189B213F0EBFCB4F80C21D4F81031C5
:1063C0004FEAE07C121A12B2A4F80C2143B1A3F8F0
:1063D000EC21D3E97221121841EB0C01C3E97221BF
:1063E000D4E93A32451948EB0C08181842EB0C0274
:1063F000C4E93A02BAF1000F05D0D4E93A23C4E95E
:106400002C58C4E93023039B4FF00009C4F8D8602E
:106410002A462046C4E92E5883F80990434610F0D6
:106420002DF9039B18725E60002F00F04E8101234E
:10643000039A1370029B049AD4E92A01C31A61EBF0
:106440000201012B71F10002C0F23D81B448984273
:1064500079EB010200DB1846801B039B1861D4F81E
:10646000DC00B04234BF002001200FB0BDE8F08F47
:1064700042F2107329464246E6FB0312C4E92A128F
:106480005DE7002F47D06FF00043D4E92A129A420B
:1064900008BFB1F1FF3F00F00E8194F81C31234496
:1064A00093F824613046FFF7E9FC054630460BF0CF
:1064B0000FFD00F522434FF47A708C35B1338DF81F
:1064C00020A0B3FBF0F31D44029B08A813F1AB021C
:1064D000049B099543F10003CDE90C230223ADF899
:1064E00028300DF055FD10B940F2924102E7D4E991
:1064F0002A230C990127DDF81080521A0D9963EBBD
:106500000103521B5146029D63F10003002BB8BFEB
:10651000D146D34616E7D4E93A1202980027D4F8B8
:10652000C830451AC818B5FBF3F503FB05F542F171
:106530000008029A2D18A5EB020248F10008AA2AC9
:106540000DD8D4F8B820521AB2FBF3F203FB0211B3
:10655000691A5D19B1FBF3F148F10008F0E694F80F
:1065600024618DF820703046FFF788FC05463046E0
:106570000BF0AEFC00F522434FF47A708C35B1334A
:10658000D4F8B8108DF82970B3FBF0F32B44D4F88D
:10659000C8500993D4E93A030A1AB2FBF5F26A43E8
:1065A0001218204643F10003CDE90C2310F066F8E1
:1065B00029468DF8280008A812F06EFD0146DDE995
:1065C0000C58BDE652F8041B013301F12B06BE4204
:1065D0009FBF2B3F0BF101067F1A5FFA86FBD9B2F2
:1065E0008842EFD804EB0B0304EB8B0993F82431BA
:1065F000D9F8CC20184606930792FFF73FFC069B7C
:10660000064618460BF064FC00F522404FF47A73FE
:10661000079AB130B0FBF3F007F18C031E4430440D
:10662000824209D3D9F8CC30DF1B002F26DA40F2A2
:106630004C415FE62F4666E094F81D21D4F8C8303F
:106640005A4513D90BF10106AB425FFA86FB0AD912
:1066500004EB8B03D3F8CC302B3304EB8B021D46B9
:10666000D2F8CC70E1E740F2264143E6AB42F4D8E1
:106670005B009D42F1D340F243413BE615EB080538
:10668000059B2046B94643F100080027D4E92C2396
:106690000FF0ADFFD4F8C8305843D4E93A321B1894
:1066A000204642F10002C4E93A322A4643460FF03E
:1066B0009EFF014646E6029D0127DDF81080514607
:1066C00027E7814666E64846C6E6039B1F70C3E996
:1066D0000458C4E6BAF1000F7FF4D9AD0299D4F89A
:1066E000C870D4E93A238D1AB5FBF7F57D4315EB55
:1066F000020801F1AB05A5EB080543F10003AF4229
:10670000059397D8EF1B002394F81D0104F1CC02E8
:106710009B4664E7BAF1000F3FF4FDAE5F46B6E575
:106720000040420FF7B501231F4E00273370CDE91B
:1067300000776846FBF710F90546E8B1002333708F
:1067400003B0F0BD90F8F1010DF078FD94F8F1017F
:106750000DF066FF94F8F10184F8F0510DF002FCA1
:1067600010B94FF4DE711BE0202304F5E47084F8C7
:10677000F13104F0E9F9DAE7009B002BD9D093F866
:10678000F021002AD5D018884FF6FF739842D5D053
:106790002946FBF7A7F804460028D3D140F2CD11D3
:1067A0003520FAF767F800BFC8180020024B002216
:1067B000C3E90022FFF7B6BFC8180020014B58708C
:1067C000704700BFC818002010B5104C206820B1D9
:1067D000616815F09DFC00232360A3680BB10023C2
:1067E000A36094F82030022B03D194F82430DB0707
:1067F00006D50BF01BF8002384F820300AF0BCFA11
:10680000A36A94F82400BDE810401847D01800206F
:106810000123F0B5564C85B084F82C30236B1B7ADD
:10682000FBB1616B94F8382091F8D830101E03F159
:10683000FF3318BF0120022ADBB234BF012202223B
:1068400084F86000032BD1E93201C4E9140159D85E
:10685000009204F14001474A0420D35CFB220AF075
:106860003BF9636BFF2093F8D8100AF067FE94F8A9
:106870006830032B4BD10023E56EA36094F83830C9
:106880006E78012B5BD83146287810F0F9F96368EF
:10689000C0F3C002ADF80C0093F8A03003F0010182
:1068A00061F382004306C7B28DF80C0058BF636BDA
:1068B0009DF80D0058BF93F8C830687058BF03F0BA
:1068C000010207F05003C7F301073B4343EA81038A
:1068D00043EAC2032B70236B1B7A002B3AD0002EA5
:1068E00038D0206F0BF084F80022216F28460BF07F
:1068F000F7FA00283AD12946206F05B0BDE8F040EC
:106900000AF052B94FF48E610620F9F7B3FF012B5C
:10691000616B94F8380009D1097F0BF055FCA06039
:10692000A56855B940F291114720EEE7009008465E
:10693000D1E932230BF062FCF1E720359EE794F8B1
:1069400068302846032B02D109F000FBC3E709F0A9
:10695000DFFAC0E728460BF04BF80AF00DFA0021E9
:10696000284605B0BDE8F04015F002BB05B0F0BD0B
:10697000D0180020FC4304002DE9F7430F460646DB
:10698000804CA0B994F86830032B14BF626840268D
:10699000646F1EBFD36E0133D3660AF081FD0146DA
:1069A0003046A04703B0BDE8F043FFF70DBF2368B2
:1069B000002B36D0203394F838205978012A32D869
:1069C000187810F05DF96368C0F3C002C0F3801955
:1069D00093F8A030ADF8040003F001039A42636B12
:1069E00093F8C8800CBF0126002688EA900000F0CA
:1069F00001083FD0B9F1000F0CBF88250825236B93
:106A00001B7ACBB3B9F1000F36D1A9B3A6B30AF004
:106A1000C1F988BB94F8243043F0030384F8243090
:106A2000C0E7E36EC7E7022A21D19DF804201B7856
:106A300022F03F0203F03F03134394F86820032A37
:106A40008DF8043008D103F00303032B0DD094F824
:106A5000243043F00103E1E713F0200F0CBF0825B9
:106A60000C254FF00008C146C9E74825F9E74FF06B
:106A70000008C1460825C2E794F8383013F0FD0F2E
:106A800003D115F037FAC4E91E010AF009FD15F02B
:106A90004003014603D0636F2846984782E7B9F167
:106AA000000F32D166B3206818B3D4F8802045F0C7
:106AB0001005A36FB14613EB020CE36F43EBE272D8
:106AC000B4F88430003B18BF0123C0E904C2037648
:106AD000B8F1000F01D045F02005636F28469847B4
:106AE000B9F1000F27D023688BB9A3214720F9F70C
:106AF000C1FE63681B6E002BEAD145F01005E7E785
:106B00006268536F01335367E2E79946E0E700217B
:106B10006268197059709970D970D16BB9B9D36323
:106B2000136492F8393023B960681749313012F094
:106B3000F1FF00232360002F89D194F838304BB146
:106B4000013B012B7FF62EAF4FF43371CEE7116C72
:106B50000B60E5E7FFF75CFE94F82050012D0DD1A6
:106B60000AF09EFCE16802232A460144074884F8A3
:106B7000203003B0BDE8F0430BF030B803B0BDE8FF
:106B8000F08300BFD0180020CFC10100E018002022
:106B9000D3B502233A4C94F8681084F82C30236B58
:106BA00003291A7A08BF0820636818BF987F0AB1C2
:106BB0000430C0B293F8B0100AF0C0FC236B1B7A0B
:106BC00023B3206F0AF014FF94F838104B1E18BF3F
:106BD000012384F8603063689A7FD3E9286793F8CB
:106BE000B0301B2A03F1FF3338BF1B220229DBB26E
:106BF00034BF01210221032BC4E9146730D800916E
:106C000002202049CB5C204909F066FF94F86830E7
:106C1000023B012B29D9606815F06DFA20602068CD
:106C200030B363682030D3E9282340E90623236B7F
:106C30001B7AFBB1216F09F0B7FF94F8383003F0ED
:106C4000FD03012B19D1636893F8B030033B012B8E
:106C500094BF2820002002B0BDE8D0400AF02ABF2F
:106C60004FF48E610620F9F705FE00232360D6E776
:106C7000E06EDCE70AF0BCFEDFE702B0D0BD00BF8B
:106C8000D0180020FC4304001019002073B5264CD6
:106C9000054694F86830032B04D102B0BDE870407B
:106CA000FFF792BDA26822B94FF439714720F9F776
:106CB000E1FD012B0CD0D4F88830606BD4E91E21A3
:106CC00000F1C8069A18009641EBE37316F09CF8A1
:106CD0000023A36035B194F8243043F0010384F815
:106CE0002430DAE794F83830002BD6D0032BD4D0F8
:106CF000012B13D1FFF74CFF94F82030012B10D15A
:106D00000AF0F8FBE16802232A460144074884F8A8
:106D1000203002B0BDE870400AF060BF4FF441710E
:106D2000C4E702B070BD00BFD0180020E0180020FA
:106D3000044B054AC3F88C200022C3E91B0183F8E9
:106D400020207047D01800206C6F0000034B58675C
:106D5000D3F88C0099620AF035BE00BFD01800202D
:106D6000024B002283F82020704700BFD01800207B
:106D70002DE9F3410D9F1546404C0C9A6760C4F80D
:106D800080300E9F089B6763C4F88830BDF824707C
:106D90009DF82830A4F88470002784F86830137AAE
:106DA0000F9E94F820E084F83850226384F8247011
:106DB000C4E91E01A3B106F1100304F1400C06F171
:106DC00020081868083353F8041C6746434503C776
:106DD000BC46F6D11168336A4B40A365736AE3651C
:106DE000BEF1020F05D1032D3FD8DFE805F02D3BA2
:106DF0002D3B10680AF068FC9DF82C000AF06EFC30
:106E0000236B58680AF0D8FD636B93F9D9000AF038
:106E100055FC94F8383003F0FD03012B0DBF636B74
:106E20000120636800200CBF93F8D83093F8B0308D
:106E3000D4E91E67009332463B4615F079F80028E6
:106E4000D1D102B0BDE8F081FFF7A2FE94F838007E
:106E5000012805D870B1636893F8B0100AF08AFE73
:106E60000120EEE7FFF7D4FCF0E74FF4587147201C
:106E7000F9F700FD636B93F8D810EFE7D018002006
:106E8000074B002283F8202093F82C20022A06D1F9
:106E9000D3E91E21801841F1000115F056B8704762
:106EA000D0180020044A92F8243043F0010382F8FD
:106EB0002430FFF789BC00BFD018002070B456689A
:106EC00093F8D840126893F9D9500F4BC3E90426C0
:106ED000FF225C7619764FF47A715A830B4A1D773C
:106EE00002EB84025468022204F5FA7483F820202D
:106EF0000022B4FBF1F400F16E0103F11000214413
:106F000070BC0AF06BBE00BFD0180020FC43040028
:106F100070B49DF80C40D4B99C7F157A0DB104343F
:106F2000E4B2566893F8B05012680A4BC3E90426DD
:106F3000002219765D7601461A7702225C8303F1FE
:106F4000100083F82020012270BC0AF05DBE0824E6
:106F5000E3E700BFD0180020034B186808B12030C9
:106F60007047D86E704700BFD01800207D6C0100BC
:106F7000796900008D6C0000996C01000138C0B285
:106F8000032808B504D940F249310620F9F772FC0C
:106F9000014B185C08BD00BF204404000138C0B29A
:106FA000032808B504D940F249310620F9F762FCFC
:106FB000014B185C08BD00BFBC4404000138C0B2DE
:106FC000032808B504D940F249310620F9F752FCEC
:106FD000014B185C08BD00BF384504000138C0B241
:106FE000032808B504D940F249310620F9F742FCDC
:106FF000014B185C08BD00BF4846040038B5044684
:10700000013803281AD8481E032817D89DF8100005
:107010000C4D0028697014BF022000200129214670
:1070200043EA00031046AC70EB7014BF0A23002340
:107030002A71AB72FAF718FF002038BD6FF0150007
:10704000FBE700BFBE060020084A537A50B143F068
:107050000403002953724FF0000014BF07230023DC
:107060005371704703F0FB03F3E700BFBE06002037
:107070002DE9F0410F46063940F67A45BDF81880F3
:1070800089B2BDF82460A9423ED8941FA4B2AC4294
:107090008CBF002401242546002837D11E490979D8
:1070A00069B15CB96FF450603918062906D86FF4DD
:1070B00050615418062C8CBF00240124254605B3CA
:1070C000974226D803FB0666B6F5FA7F21DCA8F1C5
:1070D0000A0340F676409BB283421AD810460FF05E
:1070E000CDFE42F21073704303FB08F8B8EB400F7B
:1070F0000FD9BDF81C50BDF8200085428CBF00257B
:1071000001252846BDE8F0810024C4E790F87D10F1
:10711000C6E70025F5E700BF90190020304BF0B519
:10712000B0F868700C4611461A88B0F8666085B0F1
:1071300097425D8828BF1746964228BF16461B2EE9
:107140002ED0B5F5A47F2DD040F6480301AA9D426C
:1071500028BF1D460FF0F9FEBDF80A309F4228BF38
:107160001F46BDF80C30AB42E78028BF2B46238179
:10717000BDF806309E4228BF1E46BDF808309D422D
:10718000668028BF1D46A580FF232370E3881B3B34
:107190009BB2E02B08D940F277613920F9F76AFBFE
:1071A0001B2FCED105B0F0BD63881B3B9BB2E02BFB
:1071B00002D940F27961F0E7238940F64812A3F53D
:1071C000A4739BB2934202D940F27B61E5E7A388A6
:1071D000A3F5A4739BB29342E4D940F27D61DCE74E
:1071E000901900202DE9F341002304460E4617466E
:1071F00000F10A08CDE900336846FAF7ADFB08B1A3
:10720000002015E0009DA542F6D03046EB1C0FF0A3
:107210002FFE3946AA7811F0B5FE0028ECD005F112
:107220000A036A7A4146607A11F0ACFE0028E3D086
:1072300002B0BDE8F0810000054A134692F8202014
:1072400053F8211B11F8030BC0F3801011F09ABE04
:107250000C1F0020012821D8022B0DD1A2F57A7035
:10726000104B98421CD8A1F57A70984218D88A42DF
:107270008CBF1220002070470B48824210D8012B8F
:1072800007D140F252739A420AD9A1F6C410074BB3
:10729000EBE7042BF9D140F6C313F4E71220704753
:1072A00030207047A7F970028FFD7002CBF3700297
:1072B00010B504460A480EF005FF0A492046FEF7BD
:1072C00029FE20460EF080FE38B12046FEF770F908
:1072D00020460EF0F4FE002010BD1220FCE700BF97
:1072E000AC190020B41900202DE9FF410678804632
:1072F000012E40F0988031460020FAF7F3FA054657
:1073000020B940F68F613920F9F7B4FAB8F80430A3
:10731000002B40F082800EF039FE00287FD195F8D6
:107320001431002B7DD12846FFF7C2FF0446002808
:107330006FD1584F31463046FAF7D4FA97F83810E3
:10734000064619B110B940F6AB61DCE73A7F00237D
:10735000CDE9023312F001031CBFF86A0290520714
:1073600041BF04AA02EB83037A6B43F8082C00297F
:1073700045D096F81431002B41D0B8F80230002BDC
:107380003DD13B7F3046BA6A009302ABB97F0EF025
:107390002EFEA0B330460FF06BFA06F14003804694
:1073A00005F14002683653F8041BB34242F8041B4F
:1073B000F9D12846FFF77CFF024610B140F6CD61B7
:1073C000A1E7B8F10C0F07D1014628460FF017FCD2
:1073D000F8B940F6D16196E7B8F1000F02D040F657
:1073E000D66190E77B7F2846296D43F0040385F83A
:1073F00054300FF0E0FB60B940F6D86183E7B8F88D
:1074000004202846B8F802100FF0F9FB002808BF46
:107410000724204604B0BDE8F0811124F9E73A249E
:10742000F7E70C24F5E701210020FAF75BFA05469F
:1074300010B940F6EB6166E70FF0A9F904460028A1
:10744000E7D195F8543095F8A62022B195F8A720F9
:10745000134385F8A600053B012BDAD82B6D13B931
:1074600040F6FB614FE701210846FAF73BFA29464F
:107470004FF4947206460DF0D7FB0423316D30466D
:1074800086F854300FF097FB0028C2D14FF470619A
:1074900039E700BF90190020114BF7B59C7F0646D5
:1074A000DD7F1F8C14B901F021F90446A5B901F064
:1074B0001DF9054614B9092003B0F0BD0028FAD023
:1074C000304601A98DF804408DF80550ADF80670DE
:1074D00011F036FE0020EFE7002CF1D1EBE700BF02
:1074E000541E0020014B024A1A6070478801002098
:1074F00051E9000010B503210020FAF7F3F9044622
:1075000070B90321FAF7B0F9044620B940F291317D
:107510003920F9F7AFF9034B93F9601013F0DAFC57
:10752000204610BD9019002038B511F02AFD002525
:1075300001F052FC234C01F0E7F812F0C9FA01F017
:1075400061FF03F027F901F091FF012001F080F8BD
:107550001D4B1E4A29461D601D4BA4F854501A604D
:107560001B22DD839A80F9221D8483F822501D7727
:10757000184B22835868184A1B8922601422E06144
:1075800004F124002384A576A580A57515F0DAFE04
:10759000012342F2107204F13A0084F8565084F844
:1075A000243084F83930C4E90A2214F03BFC04F199
:1075B000440014F05CFC0022002384F87050C4E9FD
:1075C0001A2338BD901900208001002003021B00FF
:1075D000541E0020BC4404001B004801064B41F629
:1075E0004C521B215A611974C3E9022241F28832BC
:1075F0009A61FFF799BF00BF541E002073B53B4D41
:107600000446AB68C3633A4B1B79003B18BF0123A8
:1076100080F87D30374BC3610EF0D3FB064601F096
:107620005BF82B7C10F0200FA4F8466084F84430FF
:10763000314B0EBF1B22AA8869881B6814BFA4F8AF
:107640006610A4F86620A4F868201BB194F97C1099
:1076500020889847294B1B6813B1294920889847EF
:107660002046FFF719FF064650B102212088FAF79D
:107670004FF9002836D040F224613920F9F7FAF8A2
:10768000012363861F4B1B6813B10146208898476E
:107690001D4B1B6813B10021208898471B4B1B68AA
:1076A0000BB1208898471A4B1B680BB1208898476C
:1076B000697804F11400AB886A8801910333297852
:1076C00003329BB2009192B204F11801FAF78EF9DD
:1076D000636913B940F24E61CFE7A3691BB940F269
:1076E0004F61CAE70926304602B070BD541E002023
:1076F0009019002000093D009C010020900100200D
:1077000098190020AC010020A0010020A401002055
:10771000A80100202DE9F34105460E4613F01BFC9D
:10772000002800F0AF80284613F0A7FC30B1B6F86F
:107730000130013B7F2B01D9122404E0284613F0CD
:10774000A0FC20B90C24204602B0BDE8F0812846F8
:107750000EF083FB0028F5D1284613F0A5FB8046E8
:107760000028EFD1284604F0F1FD0028E4D042F2D1
:107770001073B6F80170F17828465F4313F068FC87
:1077800004213078FAF7AEF8044606213078FAF78B
:10779000A9F8002C78D038B141F67D313920F9F7BD
:1077A00069F8044690F8BD80414E3368002B6DD0D7
:1077B0004034204613F002F8002867D0204612F02B
:1077C000CBFF002862D1B8F1000F08D0394B20461A
:1077D0001B689847002859D041F69131DEE73649B9
:1077E0004246336820464969984700284ED041F602
:1077F0009631D3E7284613F040FC40B902210DF141
:107800000600F9F7F9FF064658B90D249BE728460C
:1078100013F045FC0028F1D1284B1B79002BEDD14A
:107820008AE7002101F056FDBDF8063028463146B2
:10783000338013F052FC284613F031FCA8B9296AB2
:10784000284613F036FC01463046FFF7D7FE0446C3
:1078500000287FF478AF3A4631462846FBF7D6FD3C
:10786000044620B141F6C23198E70121ECE7134B01
:10787000DB6D002B3FF467AF024606F59171304691
:10788000984760E742245EE700288AD1284613F033
:10789000ECFB01460028ADD13A462846FBF7B6FD81
:1078A000044600283FF44FAF41F69F3176E700BF12
:1078B0008401002094010020541E00209019002013
:1078C000024B1B6803B118470C2070478001002051
:1078D000014B93F96000704790190020B0F9002027
:1078E000F8B514B292B202F5A0639BB2B3F5206F63
:1078F00036D8B0F902301DB29BB203F5A06189B24F
:10790000B1F5206F2CD802F2F64140F2BE5089B298
:10791000814227D803F2F64189B2814222D8002C55
:107920004FF00A00C4BF093214B2002DC8BF09339A
:1079300094FBF0F4C8BF1DB201F06CFD0A2167B2E0
:10794000064695FBF1F1384649B201F055FD074B6B
:107950001B684BB1A01B40B208B198470020F8BD8E
:107960003020FCE71120FAE71846F8E798010020DC
:10797000034B5A8802801B7883700020704700BF39
:10798000541E00207FB5837806461A2B09D8042B95
:1079900005D9012202FA03F3314A134205D1122517
:1079A0001AE0292B01D03B2BF9D13088B0F5706F4C
:1079B000F5D2694611F036FB88B9019B93F8202176
:1079C00002F0FF05C2B9B27883F82121FF2283F8C3
:1079D0002021684612F055F8284604B070BD0921F0
:1079E0003088F9F77FFF0446002837D002A9B0F8A5
:1079F000AC0111F017FB08B10C25EDE70821B4F834
:107A0000AE01F9F76FFF20B940F691113920F8F770
:107A100031FF03781BB994F8C831032BECD1039BD9
:107A200093F83621002AE7D194F8F02102F0FF05FF
:107A3000002AE1D1B4F8B021A3F8382194F8B42198
:107A400083F83A21027D83F83B21B27883F83C2108
:107A500084F8F021FF2283F83621BDE70225BBE739
:107A6000200038040188A1F11B039BB2E02B0CD845
:107A7000428844F24810A2F5A4739BB2834204D812
:107A8000034B002019805A8070471220704700BFB6
:107A900090190020034B1A885B88028043800020E5
:107AA000704700BF9019002038B50478427804F080
:107AB0000103857804F0020452EA030101D1112088
:107AC00038BDBCB9002DFAD0002B08BF144601E028
:107AD0000024254620460FF0D3FA0028EFD0284690
:107AE0000FF0CEFA0028EAD0054B00209C77DD7716
:107AF0001884E5E7002BEBD114461D46EAE700BFEA
:107B0000541E002013B50088694611F08BFA18B195
:107B10000224204602B010BD68460FF091FB0028F9
:107B2000F6D0019890F832310BB13A24F1E790F891
:107B3000DA3003F0FF04002BF7D190F8D1309B0727
:107B400006D1FF2380F83231684611F09AFFE0E752
:107B50000249D23011F0E4FFDBE700BF01A30100CE
:107B60002DE9F84303780446032B03D91225284650
:107B7000BDE8F8834378032BF8D8437E85780BB9AA
:107B8000012DF3D115F0F80FF0D1A80751D5022D32
:107B9000ECD1504B5B79002BE8D000F0A7FD35EA23
:107BA000000340F0928094F8029019F0010506D08D
:107BB00001232269A168E078FFF74CFB054619F024
:107BC000020F07D002232269A168E078FFF742FB89
:107BD0002843C5B219F0040F07D004232269A16815
:107BE000E078FFF737FB2843C5B2002DBFD1B9F1CC
:107BF000050F0FD194F804900423E16862694846A8
:107C0000FFF728FB00285ED1E3784B455DD1A368E0
:107C100099425AD1237E013B062BA7D8012100208F
:107C2000F9F760FE814638B94FF459613920F8F709
:107C300021FE69079AD0B0E7A8300EF013FE18B104
:107C400099F854309A0742D194F819C0E278BCF1FF
:107C5000000CA178A06818BF4FF0010C012AB4F8FD
:107C6000009014BFB2FA82F2022294F818E018BF12
:107C70005209CB071ED54B0727690BD56669BB197F
:107C8000984207D243089F4228BF1F46C31B9E420B
:107C900028BF1E460F4B19775A77A3F81E9083F81A
:107CA00020E083F821C083F82410C3E90A07C3E960
:107CB0000C865CE7022902D1D4F81080EAE74B0772
:107CC00048BF2669E6E7054651E711254FE70C2531
:107CD0004DE700BF901900202DE9F041044688B01F
:107CE000002000F0B5FC23788DF8043063788DF81F
:107CF0000530A37803F001058DF806305B0748BF17
:107D0000013500F0F3FC9DF8062032EA00034AD169
:107D10000DF1070003A904F1030840F2712E0E468D
:107D20008446DAB2954219D8214B93F8202093F873
:107D300039308DF81C20A2788DF81D3032F0050303
:107D400033D112F0050F30D01A4CDAB2954217D861
:107D500001A8FFF705FF08B0BDE8F08103EB83023F
:107D6000013318F8027022440CF8017B9788D288FE
:107D70000EFB07F70EFB02F246F8047B7260D0E7B9
:107D800010F8012B012A10D88A680E46A2F6C412F8
:107D9000A24206D8326804310133A2F6C412A242CC
:107DA000D3D93020D7E71120D5E71220D3E700BF81
:107DB00090190020CBF3700200B589B0437940F2EE
:107DC00071218DF8043083798DF8053001238DF809
:107DD000063003788DF80730B0F801304B43039339
:107DE000B0F803204A430D4991F820100592A2F6FD
:107DF000C4128DF81C1000218DF81D1008498A420C
:107E000009D8A3F6C4138B4205D801A8FFF7A8FE32
:107E100009B05DF804FB3020FAE700BF901900209C
:107E20003C369C002DE9FF41077804460E46EF2FB3
:107E300004D91226304604B0BDE8F081B0F8013014
:107E4000ADF80C309DF90C209DF80C30002AF0DBC9
:107E50009DF80D209507ECD1D80660D4990603F063
:107E6000030259D5002AE4D11D0703D503F06703A7
:107E7000012BDED16378180711D42179E278E079FB
:107E800042EA0122617942EA0142A17941EA0021F4
:107E9000207A41EA00418A42CBD81F2AC9D9627AA6
:107EA000013A062AC5D8A27A032AC2D813F00401DF
:107EB00002D1023A012A03D8E27A012AB9D811B9CB
:107EC000A27C032AB5D813F01001227D37D0012AF5
:107ED000AFD1237E012BACD8002940D06378D907DD
:107EE00003D500F02BFB002840D06378227D03F0FF
:107EF0001803082B4AD1022A38D11FFA87F8032128
:107F00004046F9F7EFFC0546002845D00DF0A5FFE7
:107F100000284DD00C268DE7032AA5D189E713F060
:107F2000600F86D103F00F0203F00703052BA1D0E9
:107F3000931E012B9ED9002A7FF47BAF9AE7022A79
:107F400004D103F06F03092B7FF473AFA37D013BD2
:107F5000022B3FF66EAFE37D0F2BBAD969E700F035
:107F6000C5FB820707D4237D022B01D1112661E7CF
:107F7000A37D022BFAD000F0B9FB4307AED4237DDA
:107F8000032BF3D0A37D032BA8D1EFE7022AB4D0B3
:107F9000237F002BB1D0E9E703214046F9F764FCC9
:107FA0000546002843D0234B93F9601012F092FF4E
:107FB0000021384613F0BFFA28BB284613F052F8C8
:107FC00021463070E074284604F018FAE37E064635
:107FD000002B3FF42FAF00287FF42CAF0246E96C52
:107FE0006846F9F7DFFD3246E86C01210DF0F4FB3D
:107FF000E96C68460422F9F7D5FD32463146E86C53
:108000000DF0EAFB16E7403012F0D8FB0028D4D080
:10801000637813F0330F7FF40CAFA77D2846296AED
:1080200013F047F8FEF7BAFF8742C6D072E707267B
:1080300000E700BF9019002030B502798BB00346ED
:10804000042A5CD84488B4F5804F58D82D480021C4
:108050001044ADF800108DF80810827C457B42F08A
:1080600010028DF81D1042EA4502C57D007F42EAEC
:10807000850242EAC00202F01F028DF80020BDF81E
:108080000020ADF809201A888DF80E40240A8DF8DA
:108090000B20120A8DF80D108DF810108DF80C20A1
:1080A0008DF80F405A7BD3F807008DF811205A79CC
:1080B000059002A88DF812209A798DF81320B3F854
:1080C0000B209B7BADF818208DF81A307F238DF89C
:1080D0001B3001238DF81C308DF81E308DF81F10D9
:1080E0008DF820108DF823108DF824108DF82110B4
:1080F0008DF822106946FFF795FE0BB030BD1220B7
:10810000FBE700BFBC440400037813F0F80F73B51D
:10811000044640F0AA8013F0010307D142780F2AE9
:1081200000F2A5808278012A00F2A180B4F809202B
:10813000B2F5FA7F80F09B80B4F80B2043F6F6711D
:108140000A3A92B28A4200F29280627B1F2A00F2BF
:108150008E8002F01702172A03D10C24204602B0A9
:1081600070BD4BB9E51CCDE9003305238DF8063011
:108170006846F9F7F1FB38B105216846F9F73CFB91
:10818000054688B90724E9E700986378827A9A421D
:10819000EED100F10C012B46A278C07A10F0F2FE6D
:1081A0000028E5D00B24D9E7324B0146BDF800008A
:1081B00005F150061B689847BDF8003030462B810A
:1081C000237883F00203C3F34003EB742378C3F3F3
:1081D00080032B756378AB72A378EB722378C3F3BB
:1081E0000003AB75637B2B76D4F80330EB60B4F8F7
:1081F00007302B82A27A637A43EA022342F210729A
:10820000A5F88830B4F80B305343C5F88C3002F031
:1082100095FB58B10521BDF80000F9F779FB00285E
:10822000B0D042F2D6013920F8F724FB28460DF0F1
:1082300084FF044680B1304612F058FB10B142F280
:10824000DC01F0E70521BDF80000F9F761FB00282B
:1082500083D042F2DD01E6E7074B1B68002B3FF4B9
:108260007DAFBDF80000984778E7112476E7122427
:1082700074E700BF880100208C01002001490EF046
:108280002DBE00BF981900200278034672B14278D3
:1082900062B142881A2A09D982881A2A06D9006846
:1082A000034A106000209B8893807047122070471B
:1082B000541E002002680020014B9A60704700BFE6
:1082C000541E00200378A3F10A02112A9BBF024A20
:1082D0000020122013747047541E00200378FF2BD7
:1082E00016D14378FF2B13D18378FF2B10D1C3789D
:1082F000FF2B0DD1037923F0E0021F2A08D113F0E0
:10830000E00F05D05B09034A002082F82030704757
:1083100012207047901900200378012B9DBF03F0B5
:108320000103034A0020122098BF82F839307047B9
:1083300090190020014B18760020704790190020FA
:10834000014B58760020704790190020024B1B68A3
:1083500003B1184711207047B001002038B50388D9
:1083600004469AB20B80B2F5706F3ED28278012A31
:108370003BD8C078FF2838D02179032901D1237B4D
:108380009BBBA57A637A43EA0523E57A43EA054372
:10839000184DAB4229D850BB032928D182F00105E2
:1083A00005F0010572B109212088F9F79BFA78B927
:1083B0000B212088F9F796FA78B12946BDE83840B4
:1083C00010F05FB90AF024F90028ECD10C2038BD78
:1083D0002946BDE8384010F00AB90C212088F9F789
:1083E00081FA0028E9D10220F1E71220EFE71120FD
:1083F000EDE700BF00093D0008B5052000F034F9A5
:1084000005F076FE014B024ADA6508BD901900209E
:108410001D71000008B52B21012001F04DFB192032
:1084200000F022F913F054F801F0D4FE06F06AFAD5
:10843000014B024A1A6008BD900100200DB50100F1
:1084400008B503F067FEFBF7D9F80248BDE808401D
:1084500003F04ABE041A002008B502F061FBFEF7E3
:10846000A5F9FFF735FA01460248BDE80840FDF7D7
:1084700033B800BF041A0020054808B500F5847120
:1084800013F0C1FA06F0A4FFBDE8084006F042BAB6
:10849000041A002008B510F072FD064800F584713A
:1084A000F9F7FAFF02200DF0E9F80020BDE80840D6
:1084B0000DF0E4B8041A002008B50122064B83F839
:1084C0000A2203F02FFE04F071FFFFF7E3FFBDE87F
:1084D000084001F0EDB900BF041A002010B5064CA9
:1084E000064904F5037010F039FB04F504700449E3
:1084F000BDE8104010F032BB041A0020B401002087
:10850000BC01002010B5094C094904F5037010F0B6
:1085100025FB04F50470074910F020FB04F50570F5
:108520000549BDE8104010F019BB00BF041A002037
:10853000C4010020CC010020D4010020014B93F89D
:108540000A027047041A002010B5064C064904F5CB
:10855000037010F003FB04F504700449BDE81040FB
:1085600010F0FCBA041A0020DC010020E401002015
:1085700010B5084C0D2000F077F8074904F503709A
:1085800010F0ECFA04F504700449BDE8104010F056
:10859000E5BA00BF041A0020EC010020F40100201D
:1085A00010B50A4C1F2000F05FF8094904F503706C
:1085B00010F0D4FA04F50470064910F0CFFA04F56F
:1085C00005700549BDE8104010F0C8BA041A002033
:1085D000040200200C020020FC01002038B5094CE8
:1085E0000D4601F041F9D4F80C02C4F8045110F022
:1085F000ADFAFEF7F3FF01F0B7FA012384F8183261
:1086000038BD00BF041A0020014B93F818027047D0
:10861000041A002010B50D4CD4F8100210F096FA90
:10862000D4F8140210F092FAFEF77EFF202000F03A
:1086300031F82F2000F02EF8262000F02BF829200A
:1086400000F028F8002384F8183210BD041A002026
:10865000014B83F819027047041A0020014B93F86C
:1086600019027047041A0020C2080849012300F0CB
:10867000070003FA00F08B5C1843885404490B7818
:10868000934238BF13460B70704700BF580000205C
:108690001E1C00200E4B012110B503EBD002C408B4
:1086A00000F007008140185D20EA010009491855D3
:1086B0000B78A34205D1002012F8014914B100B192
:1086C0000B7010BD002BFAD0013B0120DBB2F3E7A9
:1086D000580000201E1C0020014BD3E90001704708
:1086E000580000200048704760000020054B1868C3
:1086F000C0F3C022C0F30020400040EA820040F0F6
:10870000010070475800002008B50AF077FD0023EB
:10871000074A32F82310814205D302EB83039B788A
:10872000044A137008BD01330C2BF2D10023F7E784
:10873000084504001F1C0020024B1878072828BF9A
:10874000072070471F1C002010B54468238884F858
:108750008311A4F8843194F87400FEF72FFC84F898
:10876000860194F87500FEF729FC054984F8870115
:1087700004F5BD7011F0D4F9002384F82C3110BD3C
:10878000FB8C0100406807490388A0F8763190F817
:108790006C3080F8783190F86D3000F26D10037312
:1087A00011F0B8B9118D01002DE9FF418846097912
:1087B000054698F8052001F007016C6802F00702F1
:1087C0004B1E94F88E70501E0B401040034394F8DB
:1087D0008F0024282FD104F18F06002B47D110469B
:1087E00010F0E5FA88B394F8743098422DD094F8DC
:1087F0002CC1BCF1010F0CBF94F82EC194F870C0CD
:1088000012EA0C0F33D0222F1FD094F86DC012EA59
:108810000C0F1AD10138C0B2032807D8013BDFF88A
:1088200070C1DBB26044032B00790AD940F21F21EA
:108830000620F8F71FF8222F40F0A58004F18E06DD
:10884000CBE763441B79834211D8084610F0AFFA96
:10885000B0B394F87530834232D094F82C31012BA8
:108860000CBF94F82F3194F87130194228D194F844
:108870002C31012B14D11E212846FFF765FF222F32
:1088800012D16B68182283F811210A2283F88E20F6
:1088900093F8CA30002B43D140F2B321AE20C8E791
:1088A000002384F82C31EAE700232846337011F0C6
:1088B000BEFA1821284604B0BDE8F04111F0E3BA31
:1088C000B8F8067003AB204600933B4610F079FAE7
:1088D0006C6878BB94F82C31012B28D1B4F888301F
:1088E00004F5287294F87410B4F8300110F0C9FA45
:1088F0000446B8B901462846FFF726FF34706B6876
:1089000003F18F02964202D1002283F88F206B6818
:10891000002403F18F02964232D1284611F087FAE3
:10892000002031E06B68282283F88E20E7E784F886
:108930002C01E4E7B4F88830A4F8A072DB431F44AC
:1089400047F6FD73BFB29F4206D92823284684F814
:10895000B13001F047FCDAE794F88F300E2B02D0EB
:108960000B3B012B01D82A23F0E79DF80C3084F84B
:10897000A2329DF80D3084F8A33226233370C6E767
:1089800083F8CA40CCE7022004B0BDE8F08100BF04
:1089900038450400064B002283F850204FF6FF7242
:1089A000A3F85220A3F85420A3F85620704700BF24
:1089B000201C0020064BB3F85220824201BF002247
:1089C00083F850204FF6FF72A3F85220704700BF83
:1089D000201C0020014BA3F854007047201C0020ED
:1089E000084B4FF6FF72B3F85210914206D193F83C
:1089F0005020012A04D00360012070470023036047
:108A000000207047201C0020074B93F85020012ABB
:108A10001BBF0120B3F85420002083F8500018BF7A
:108A2000A3F85220704700BF201C0020014BA3F880
:108A300056007047201C0020074AB2F85210B2F8C6
:108A40005630994205D192F8503013B1026001209E
:108A500070470020704700BF201C00200A4BB3F86D
:108A60005210B3F85620914201D0002070474FF6C3
:108A7000FF72A3F8522093F85020002AF5D000226C
:108A8000012083F850207047201C0020064BB3F8CB
:108A90005210B3F85620914203BF93F85000B0FA39
:108AA00080F0400901207047201C002050B90A4A7C
:108AB0000120134603F8010B0868C2F801008A88F8
:108AC0009A807047012805D1034B0A68D8719A60D3
:108AD0008A889A81704700BF781C002048B90A4BE9
:108AE000187880B1D3F80120B3F805300A608B8084
:108AF0007047012806D1044BD87920B19A689B8928
:108B00000A60F4E700207047781C002020B9054B6C
:108B1000187800F00100704701280ABF014B0020BF
:108B2000D879F6E7781C0020F7B58B8800228DF8FD
:108B30000600ADF8043008680B4B8DF8072001469D
:108B40001C7803F5AC73019DD0B2844201D8082093
:108B500007E0D3E9007601320833AE4208BF8F4206
:108B6000F2D103B0F0BD00BF881C0020084B0146C5
:108B7000002230B55C7803F58173D0B2844201D80D
:108B8000082004E013F8015B01328D42F5D130BDBD
:108B9000881C0020F8B52D4C63782218013B92F810
:108BA0000251DBB28342637030D01A010101961C7E
:108BB0008F1C2644274406F1100C56F804EB66453A
:108BC00047F804EBF9D1823282312244214402F188
:108BD000100652F8047BB24241F8047BF9D1E11847
:108BE000221891F8026182F80261062673437043ED
:108BF00003F5857300F58570E618E35827182350B0
:108C0000B388BB8091F83A3182F83A312846FFF7B1
:108C1000ADFF082818D12378013BDBB29D422370B9
:108C200012D02B3305F12B0204EBC30304EBC20279
:108C300093E8030082E803002078FFF797FF0828F5
:108C40001CBF241884F80251F8BD00BF881C002006
:108C5000F0B5254D89B095F8984105F2991168460F
:108C600022460BF0E1FF2146684610F0A9F90446C0
:108C7000B8B300EB400102A8C9B2F8F7C1F8601E12
:108C800095F8A1610124C0B295F8982105E0731C04
:108C9000B3FBF2F102FB1133DEB206F120030DEB60
:108CA000030111F8203C002BF1D100EB400201F848
:108CB000204C06EB460320322B446A4412F8187C01
:108CC00083F8A27112F8177C12F8162C83F8A3719E
:108CD00083F8A4210138AB19C0B283F89941FF2869
:108CE000D2D109B0F0BD00BF881C002070B5064687
:108CF00088B00C46002A4ED0294A92F8A131D018EB
:108D000090F8991119B9FF212820F7F7B3FD03EB6B
:108D100043010133114491F8A251E57091F8A35138
:108D200091F8A41125716171002180F8991192F8D0
:108D30009811B3FBF1F001FB103382F8A13192F8E6
:108D4000C23123B9174902F5DD7010F0E6FE6579EE
:108D50000D220021684605F03F0545F0400565718C
:108D600014F0F0FAE37804AA69468DF80F30304623
:108D700023798DF80D508DF80E30042314F0D5F9B9
:108D80009DF81F3023709DF81E3063709DF81D30D4
:108D9000A37008B070BD03216018F8F731F8D6E76A
:108DA000881C0020518C0000044B5A78824286BFF8
:108DB0001B1893F84A010020704700BF881C002050
:108DC000044B5A78824286BF1B1893F84201002058
:108DD000704700BF881C0020064B00224FF46171D1
:108DE0001A8083F8C32183F8C421A3F8C61183F83D
:108DF000C2217047881C0020014B83F8C4017047D2
:108E0000881C0020014B93F8C4017047881C002087
:108E100010B51446FFF788FE082803D1012000F0A2
:108E2000010010BDFFF7A2FE064B5A788242F5D929
:108E300004B12070184490F83A31012BEED090F82C
:108E40004A01ECE7881C00202DE9F3478246894659
:108E500017469846FFF768FE08280546064603D0E1
:108E6000FFF784FE082864D1344C6378072B62D85E
:108E7000082D18D12678731C072E237003D96C2176
:108E80002820F7F7F7FC06F12B03D9F80000DAB237
:108E900004EBC30344F8320004EBC201B9F8042028
:108EA0008A8083F806A0657807F110026B1C2901FF
:108EB00063704B1C234412F8010DBA4203F8010FF2
:108EC000F9D1813108F11003214413F8012D98459F
:108ED00001F8012FF9D125441021404610F0D0F8B7
:108EE000102185F84201384610F0CAF80023617855
:108EF00085F84A0185F83A3185F8026110480191F8
:108F000010F05EF8054601990E4810F059F8012D51
:108F100003D8002818BF0135EDB284F89851002518
:108F2000284684F8A151FFF793FE284602B0BDE819
:108F3000F0871220FAE70720F8E700BF881C00201E
:108F4000CA1D0020D21D0020064B10B558780138EC
:108F500040B2002800DA10BDC4B22046FFF71AFE66
:108F6000601EF5E7881C0020014B83F8C3017047A1
:108F7000881C0020014B93F8C3017047881C002017
:108F8000431E4AF2B7129BB293429DBF024BA3F815
:108F9000C601012000207047881C0020014BB3F857
:108FA000C6017047881C00200A4B30B55C788442AB
:108FB0000ED9184490F802012B3003EBC004A579B8
:108FC0000D7053F8300010600120A388938030BDED
:108FD0000020FCE7881C002037B50D46019008F002
:108FE000AFFD07F0DFFC0A4B93F8C3415CB1597841
:108FF000019A59B1981C8233002D08BF184607F01A
:1090000073FC07F003FD204603B030BD0C46FAE7C1
:10901000881C00200246064800EB0110012108B51B
:10902000823007F061FCBDE8084007F0EFBC00BFEC
:10903000881C00200246074810B590F8C34124B1AF
:10904000417821B1023007F04FFC204610BD0C469C
:10905000FBE700BF881C00202DE9F74F2F4C80460E
:1090600000921A4663788946834254D9231893F8AC
:10907000425185F00105E9B193F84A31D3B945F081
:1090800002070135C2B9F9070BD5062104EB081018
:10909000009201FB0841823001F58571FFF726FE41
:1090A000009ABB0733D504EB081049460230FFF79E
:1090B0001DFE2CE02F46E5E794F8A1614FF0010A70
:1090C000002DE0D004EB060B9BF8991199B9009B99
:1090D0000192D3B100F018FD019A06EB46018BF81E
:1090E00099A14FEA102C214481F8A201000C81F8CB
:1090F000A3C181F8A401013694F89811013DB6FB93
:10910000F1F001FB1066F6B2DAE747F004073846E3
:1091100003B0BDE8F08F0027F9E700BF881C0020EE
:10912000F8B50646174C48B3617804F5A1700FF006
:1091300047FF94F89851074604F2991029460FF01A
:109140003FFF2D1AEDB2AF421AD8002506270FE0D7
:10915000E21892F8422152B907FB034104EB0313D2
:10916000324601F5857103F18200FFF7BFFD01353D
:109170006278EBB29A42EBD80120F8BD0546E5E7EC
:109180000020FAE7881C0020F0B51B4E89B0074686
:109190000D46737883422CD9331893F8424144BB6F
:1091A0000D222146684614F0CDF8EB7806EB071047
:1091B00004AA8DF80F3069462B7982308DF80E3075
:1091C0006B798DF80D30042313F0AFFF2A789DF8EA
:1091D0001F309A420AD16A789DF81E309A4205D112
:1091E000AC789DF81D00231A5C425C41204609B012
:1091F000F0BD0020FBE700BF881C0020074B5A7819
:10920000824209D91A1892F842212AB9062202FB91
:10921000003000F58570704700207047881C0020E2
:10922000064B5A78824281BF1B1893F83A01B0FA74
:1092300080F0400998BF0020704700BF881C0020C4
:10924000F8B50E4607460621154630460FF018FFC2
:10925000044640B10A482946427800F59D7014F052
:1092600071F82046F8BD314638460FF0C5FE082893
:109270001FBF034B0124C01880F83A51F1E700BF2B
:10928000881C002030B5002442F21075A0F8404040
:10929000B0F844404C43B4FBF2F4A0F84440541EF0
:1092A00005FB0343B3FBF2F3A0F84230084BB3FBDA
:1092B000F2F30133A0F84830838F05FB0344436B7E
:1092C0005943B4FBF2F4B1FBF2F28463426330BD64
:1092D000005A620270B504460D4659BB4FF436720F
:1092E00014F030F8012384F8E65084F896306FF0DB
:1092F000360384F8E130042384F8E2306FF03B0356
:1093000084F8E3306F2384F8E4306FF03C0384F892
:10931000E5306FF07F0384F8E7302B2384F8E030EA
:10932000FE2384F816317F2384F88D30202384F8BF
:10933000243270BD012917D10023A0F8E43180F850
:10934000DB310D4BC26913441146B3FBF2F3C0F895
:10935000B83040F6B833A0F8BC30C38C04F18000BC
:10936000BDE87040FFF78EBF0229E2D1B0F8AE32FF
:10937000D0F8A822C169F1E77FC3C901034B80F887
:109380007C101B680BB1008818477047140200203E
:10939000074B93F900301844142804DC10F17F0FB8
:1093A00003DB40B27047142070476FF07E007047B7
:1093B000501E00207F2307B50DF107008DF8073000
:1093C00008F0CCFB9DF9073068B10A4A507840425A
:1093D00040B21844142808DC10F17F0F07DB40B2BC
:1093E00003B05DF804FB1846FAE71420F8E76FF0C5
:1093F0007E00F5E7501E0020014B18705970704731
:10940000501E0020024B00221A705A70704700BF95
:10941000501E0020014B93F900007047501E0020A1
:10942000014B93F901007047501E0020054B1B783B
:1094300033B9054B1A681B7902600371012070472C
:1094400000207047521E002068000020054BFF22BC
:109450001A70054A016811600179117100221A70B1
:10946000704700BF521E002068000020064B07B561
:1094700018681B79009068468DF80430FFF7E6FF06
:1094800003B05DF804FB00BFB85F0500437893B1FB
:10949000C2783F2A05D80A49885CC31A5842584105
:1094A000704702F11401C9B2022906D804490A44DE
:1094B00012F8AC0CF1E7184670470120704700BF66
:1094C000404504003F2908B5C17003D80B4B5B5CD5
:1094D000437008BD01F11403DBB2022B04D8074B23
:1094E000194411F8AC3CF3E7FF2904D04FF48A612A
:1094F0002A20F7F7BFF90123EAE700BF404504003F
:109500002DE9F34789466946164698460FF08AFDCD
:109510000546002840D1019F36B9012487F89540BF
:10952000204602B0BDE8F087D7F814A03146504677
:109530000BF0ABFE04460028F2D0194B5B88B34217
:109540002CD3014650460BF0F1FF97F895300446B6
:109550000580002B85700CBF4946022110F0F3F9FD
:1095600032464146E01C0BF05FFB314650460BF0A3
:10957000C6FE044618B97E212B20F7F77BF99DF82B
:1095800000302BB1684610F07CFA019BA3F8D25151
:10959000002387F89530C3E70124C1E72C46BFE7D5
:1095A000541E0020034B93F82200C04300F001003A
:1095B000704700BF541E0020034B93F8220080F038
:1095C0000200C0F340007047541E002083230B703C
:1095D000014B1B78CB707047781E00202DE9F347B4
:1095E000D0F804800D46D8F8186030460BF090FF94
:1095F000044618B9FF211020F7F73CF90146304620
:109600000BF094FFB4F800A081461FFA8AF717B94F
:1096100040F20311EFE71F4BC11C1B688BB9B8F870
:109620000030A5F806A0AB8000236B7299F80030DB
:1096300003F00303012B11D0022B0FD040F21D11B8
:10964000D9E73A46B8F800000191984701990446D5
:109650000028E4D1204602B0BDE8F08730462B72E6
:1096600001910BF069FF0199044610B94FF4937111
:10967000C1E7FB2F02D940F23511BCE7286810B9C9
:109680004FF49B71B7E73A460BF0CEFA30460BF039
:1096900098FEDFE7180200202DE9F34706460D4645
:1096A0000527DFF86481DFF864912B694BB11B7AE1
:1096B0001BB980211020F7F7DDF82C6994B900233D
:1096C00065E06C68237A012BF9D0EFF3108372B652
:1096D0006A6812686A6003B962B62C61237A0BB9B2
:1096E000A621E7E794F808A05FFA8AFA27720AF140
:1096F000FF330B2B72D8DFE803F06E0610266B3CAD
:109700004E3C3C3C3C61636813B94FF4D771D1E7E0
:1097100031462046984704231DE0636813B940F2A0
:10972000B711C7E7314620469847ADF80400C3B2E9
:10973000C0F30720012855D002280CD100222A614D
:10974000002BB2D023E0636813B940F2BF11B1E738
:10975000204698470023EFF3108272B6217A05293C
:10976000C8B247D1002121722961002AE8D162B62E
:10977000E6E7D9F80030002BEDD05246314660685C
:109780009847BAF10A0FC6D100232B61042318466B
:1097900002B0BDE8F08763680BB9B5218AE70D22F6
:1097A00000243270012219885869B270A6F803109B
:1097B0007271B4710BF005FE2C61E7E7D8F8003048
:1097C00031462046984760B100232B610223DEE733
:1097D0004FF4FB716EE740F2F9116BE74FF4FE7145
:1097E00068E7034684F808A0002BD0D100287FF456
:1097F0005CAF64E710B940F21D215BE7002A7FF4FB
:1098000054AF62B651E700BF200200201C020020C6
:1098100038B5134C14220021231D184613F092FD75
:1098200003460125257404331422002104F1180095
:10983000C4E9013313F086FD84F8245004F11C03BD
:10984000084AC4E906330023E362236384F8343012
:10985000C4F83530C4F8393084F83D30136038BD71
:10986000781E00201802002010B5084C2378FF2B2A
:1098700004D04FF4A0711020F6F7FCFF0BF0DCF8D9
:109880002070BDE81040FFF7C3BF00BF6D0000208F
:1098900010B5034C20780BF0EBF8FF23237010BDBC
:1098A0006D000020014B18780BF0F2B86D0000201D
:1098B000014B024A1A60704720020020DD9500002B
:1098C00010B506490446FFF7E7FE28B920460449CB
:1098D000BDE81040FFF7E0BE10BD00BF901E0020A5
:1098E0007C1E0020134610B5027A22B140F2992165
:1098F0001020F6F7BFFF0A4601460248BDE81040B7
:1099000010F0E8B87C1E0020044890F834301BB9F1
:1099100003492C3010F0FBB8704700BF781E0020C0
:10992000C79A01000346064890F83E203AB190F8E5
:109930003D2022B9034900F8353B10F0E8B87047E4
:10994000781E0020CD9500000A4610B5037A23B199
:1099500040F2A1211020F6F78DFF014607230248AF
:10996000BDE8104010F0B6B8901E00201346027AF1
:109970000AB1037270470A460146014810F0AAB8BE
:109980007C1E00201B234FF01B1283840384826102
:109990008382C260038541B94FF4A473094AC3842A
:1099A0004384C261C382026170474FF429634FF45C
:1099B000A472C384438403F12963C282C361036137
:1099C000704700BF4801480103460846B3F86020CD
:1099D000B3F85410B3F84AC08A42F0B493F8754013
:1099E00028BF0A46B3F85860B3F86210033CB3F8D6
:1099F0005070B142E4B2B3F84E5028BF3146012C4A
:109A0000A3F84A208BBFB3F852604FF429660C4686
:109A10004FF429649742A3F84E4038BF17468E4250
:109A200038BF0E469445A3F85070A3F8526026D173
:109A30002C1B18BF0124B3F85C20B3F85650B3F8C0
:109A400048609542B3F84C1028BF154693F874202F
:109A5000033A012A15D9B3F85A20B3F85E70BA4216
:109A600028BF3A46AE42A3F84850A3F84C2002D192
:109A7000914200D144B10549F0BC10F051B8012425
:109A8000D9E74FF42962EDE7F0BC7047339B010042
:109A90000B8BA2F809001046A2F80B304B8BA2F8F2
:109AA0000D308B8BA2F80F30CB8B0249A2F811300E
:109AB00010F030B8959B010008B50B4A0B4B70B104
:109AC000492904D940F29B212C20F6F7D3FE01202E
:109AD00010701A78914238BF1146197008BD107085
:109AE0001B221A70FAE700BFB71E00206E0000208C
:109AF000014B1878704700BFB71E0020014B187843
:109B0000704700BF6E000020094AD2E900034340BD
:109B100083EAB01181EA43214FEAF34311605360B5
:109B2000044B58434FEAF06000EB8000704700BFE1
:109B3000B81E0020BB79379E094AD2E90003434092
:109B400083EAB01181EA43214FEAF3431160536085
:109B5000044B58434FEAF06000EB8000704700BFB1
:109B600070000020BB79379E10B50A4C08210948C7
:109B7000F7F746F9D4E900231343F7D0064CFFF773
:109B8000DBFF2060FFF7D8FF236860600343F6D057
:109B900010BD00BF70000020B81E0020174B184AEF
:109BA0009A60184A5A60184A1A60184A9A62184A03
:109BB000DA62184ADA60184A9A61184A1A63184A2F
:109BC0001A62184ADA64184A9A64184A5A62184B98
:109BD000184A9A60184A5A62184ADA62184A1A6190
:109BE000184A5A61184A9A61184A1A63184A9A64BC
:109BF000184ADA64184A9A63704700BF300300209D
:109C0000AD9E0100DD9E0100499F010001A1010000
:109C100073A101000DA3000089A1010001A60000AD
:109C200065A4000047A201006FA20100C9A40000C2
:109C30003C040020C99E010007A20100ABA1010065
:109C40004FA10100CFA10100B5A300001FA3010097
:109C5000BFA20100A9A20100EDA10100044B054A29
:109C60005A65054B054A1A65054A5A65704700BF93
:109C7000300300207BA001003C04002061A0010013
:109C8000A9A00100054B064A9A65064A1A66064BCA
:109C9000064A9A65064ADA65704700BF300300201D
:109CA000BD8E0100A98700003C040020958D0100B5
:109CB0005F8F0100024B034A1367034A1367704723
:109CC000F9E3000024020020300300203F2A37B5CA
:109CD0000C4643D83F2A44D8DFE812F048008B00F6
:109CE00094009F00B60086008600C200C400CA002F
:109CF00086008600CF00D900C40043004300DD0089
:109D000086008600F000F00006010D0118014300F6
:109D100043002F014C0159015F016501700172017F
:109D20007401760181018901B801BA014300430041
:109D30009101C201C001AA01A001A201A401A601D2
:109D4000AC01B001AE01B40186004300B201A8012C
:109D5000B601C401C6014300BC01BE01FF2A00F0E8
:109D6000858140F2D4415120F6F784FD416841F2EB
:109D70007070D1F81432B1F80E22A3F57A758542CD
:109D80000CD84FF47A70B3FBF0F303F550639BB239
:109D90006420B2FBF0F20120D2B20DE040F2E240CA
:109DA0006FF45065B3FBF0F39BB25D19062DEFD94C
:109DB000B2FBF0F20020D2B22271D1F81022A8B189
:109DC0006420E3711B0AB2FBF0F292B2237262715B
:109DD000120AA271B1F8183263721B0AA372B1F8A9
:109DE0001A32E3721B0A237303B030BD40F2E24023
:109DF000E7E74368D3F80032D3F801204A605B7983
:109E00002372F1E702784368012A02D193F81831EE
:109E100001E093F821312371E6E74368D3F8482243
:109E20004A60D3F84C228A60B3F850228A81D3F872
:109E30002822C1F80E20D3F82C22C1F81220D3F822
:109E40000831C1F81630CFE74268D2F8EE314B60E6
:109E5000D2F8F2318B604368D3F80C31CB60C3E7A2
:109E60004368D3E7084603B0BDE8304000F082BB4A
:109E700003B0BDE8304000F08DBB0F230B715923B8
:109E80004B7100238B716923CB713023B8E7436892
:109E900093F81231BFE7027843684AB993F8182162
:109EA00032B193F815210A7193F8143163719BE76D
:109EB00093F81321227193F81231F7E74368B3F84E
:109EC00060200A71120A4A71B3F81A218A71120AC3
:109ED000CA71B3F85C200A72120A4A72B3F81831D8
:109EE0008B721B0ACB727FE7436893F82E21227195
:109EF00093F82F31DAE7436893F82C21012AF4D044
:109F000093F870200A7193F87130CFE7456895F89F
:109F10000B020EF0C9FF607195F80A02C31E012BF7
:109F200007D895F87430DA1E012A02D8984218BF73
:109F300000200EF0B9FF207156E745680023204647
:109F400001218DF804300FF006FD2A7C01A96B7CFD
:109F50002046032A03F01F0308BF002243EA8213AE
:109F60009DF8042002F0200213438DF804300FF016
:109F7000FFFC39E7436811211888F7F7B3FC00F1BB
:109F80005B01204603B0BDE830400FF033BD08460A
:109F900003B0BDE8304011F035BF084603B0BDE85E
:109FA000304011F037BF374B1B68002B3FF41CAF1C
:109FB0000146204603B0BDE830401847324BF3E776
:109FC000324BF1E7324BEFE7324B1B68002B3FF48B
:109FD0000BAF0246232003B0BDE8304018472D4B9D
:109FE0001B68002B3FF400AF02462420F3E7294B07
:109FF0001B68002B3FF4F8AE02462520EBE74368D0
:10A0000011211888F7F76EFC00F17D0200F15B0169
:10A01000204603B0BDE830400FF0F8BC1E4BC3E74C
:10A020001E4BC1E71E4BBFE71E4BBDE71E4BBBE7F8
:10A030001E4BB9E71E4BB7E71E4BB5E71E4BB3E708
:10A040001E4BB1E71E4BAFE71E4BADE71E4BABE718
:10A050001E4BA9E71E4BA7E71E4BA5E71E4BA3E728
:10A060001E4BA1E71E4B9FE71E4B9DE74368204612
:10A0700093F89722D3F8981203B0BDE830400FF060
:10A080007ABC00BF48050020500500204C05002088
:10A0900054050020580500205C05002060050020C4
:10A0A00064050020680500206C0500207005002074
:10A0B000740500207C050020780500208005002024
:10A0C00084050020880500209405002098050020C4
:10A0D0009C050020A00500208C0500209005002094
:10A0E000A4050020A80500203F2803D8064B53F8FC
:10A0F0002000704700F11403DBB2022B01D8AC380A
:10A10000F4E70020704700BF300300203F2803D849
:10A11000064B53F82000704700F11403DBB2022B0A
:10A1200001D8AC38F4E70020704700BF3C040020A1
:10A1300030F8023CF7B505460E4630F8A84C73B12E
:10A1400001226846ADF801408DF80020ADF80330DB
:10A15000FDF7B6FB18B195216320F6F78BFB194B81
:10A160001B6813B1A5F128009847174B1B680BB16A
:10A1700020469847154B1B680BB1204698470A2389
:10A180000027A6F803403370B7706B7A55F8900C2F
:10A1900073710BF020F908B9BA21DDE72046FEF70C
:10A1A00009FC39462046F7F7B3FB02212046F7F7B2
:10A1B000AFFB18B9064B1B6803B198474FF4017009
:10A1C00003B0F0BDAC050020B0050020B8050020AC
:10A1D000B4050020014B024A1A607047B005002008
:10A1E000D5B40100F7B5456804464FF6FF776E69B0
:10A1F0000DF102010DF101023046ADF802700BF0D5
:10A2000099F801A930460BF0B7F840B101980BF06E
:10A2100091F9616800220272FFF796FBE8E70449B2
:10A2200005F1A80003B0BDE8F0400FF073BC00BF1B
:10A2300031A10000F0B5044685B00D46FF2600F8B8
:10A24000C16C10F8C23CF3B1184F3B781BB14821E8
:10A250001F20F6F70FFB0C21381DF6F7D1FD3E70DD
:10A26000002304F8C13C09232A4602F8033BD4F832
:10A270000930C5F80330D4F80D305360D4F81130EC
:10A28000936005B0F0BD01A80C21F6F7B9FDA4F567
:10A290002E73039AC3F80C2101AB03CB44F8CA0C0C
:10A2A00044F8C61C04F8C26CDAE700BFC01E0020E8
:10A2B00010B5054C23782BB90C21201DF6F7A0FD15
:10A2C000FF23237010BD00BFC01E0020024690F87F
:10A2D000F631BBB990F8F73103F0FF010BB1002064
:10A2E0007047094B18780028F9D01970D9680433E1
:10A2F000C2F80C1103CBC2F8EE01C2F8F211FF2331
:10A3000082F8F63101207047C01E0020426838B53F
:10A3100092F88F3004460D463BB1142B05D0123B0A
:10A320000B2B94BF0820012038BDD2F81C3183BB11
:10A3300092F8D03013B920460FF069FD6268D5F865
:10A340000E30C2F8E631D5F81230C2F8EA3163684F
:10A35000D5F81620C3F808211A88A3F8C1226A6824
:10A36000C3F8C322AA68C3F8C7226368AA89A3F8FE
:10A37000CB226368002583F8F65160680C4900F52C
:10A380002E700FF0C4FB63681622284683F88F20D6
:10A39000CAE70C22032120460FF05CFD63683222DD
:10A3A000204683F88F200FF032FD0020BCE700BF6D
:10A3B00035A2000038B54368044693F88F201D2A63
:10A3C00004D04FF4DE711F20F6F754FA002293F800
:10A3D000D0101D8803F5D77083F8CF2069B10B49E1
:10A3E00083F8D020A3F8B85183F8B7210FF08FFB82
:10A3F0006368002283F88F2038BD012283F8B711EB
:10A40000A3F8B851024983F8BA21EFE7EDA00100A3
:10A41000DFA001000B46072210B503F8032B04460A
:10A42000D0F80920C1F80320D0F80D205A60B0F808
:10A4300011201A81C27C9A7210F8483C7BB1084BFB
:10A440001B681BB93D211C20F6F714FAA0F5C47255
:10A45000A0F5847168389847002304F8483C10BD83
:10A46000BC05002038B50578446825B994F88F30CC
:10A470002BB1012519E0D4F88030DB07F9D44A6804
:10A480000F4B896813400F4AC4F8E030C3F30763E9
:10A490000A4043F00803C4F8E42084F8E3300FF0E6
:10A4A000B6FC25B9042384F88F30284638BDD4F88B
:10A4B0008030002543F00103C4F88030F5E700BF89
:10A4C0002FC904F76FDB0080436810B593F88E2026
:10A4D000042A31D14A6800788C68C3F8E020C2F3BE
:10A4E0000762C3F8E44042F0080283F8E320002248
:10A4F00083F8CA2083F88E2008B983F8330193F8D3
:10A50000342112B10024204610BD93F8902102F0AE
:10A51000FF04002AF6D11A8803F5C47083F891412C
:10A52000A3F892214A68C3F894218A680349C3F8C2
:10A5300098210FF0ECFAE6E70124E4E715A4000007
:10A54000436893F8342112B1084B1B68184793F8FD
:10A55000902152B91A8803F5C4700549A3F89221D5
:10A560001A2283F891210FF0D2BA7047C00500205B
:10A5700015A4000010B50446FEF7AEF8034A044BDC
:10A5800002400B406260A36010BD00BF2FC904F7FA
:10A590006FDB008037B50C464568FEF79DF8084B29
:10A5A000084A03400A4095F8E01000930B400192DE
:10A5B0008DF800306B4603CB6060A16003B030BD06
:10A5C0002FC904F76FDB0080DB0410B5144604D5F7
:10A5D000037D13B10023436310BD436B0133436319
:10A5E0000FF07EFED0E90D239A42F5D300230349F4
:10A5F00043632046BDE810400FF092BA39A2010033
:10A6000070B544680546067894F88E30012B09D061
:10A6100026B994F88F302BB101203DE0D4F880307A
:10A620009807F9D494F8D1309A0715D40A79D80745
:10A6300084F8DB20B1F80520A4F8DC20B1F807206D
:10A64000A4F8DE2043F0020284F8D12010D5184986
:10A6500004F1D2000FF064FA94F8D130D90712D483
:10A66000DEB994F88F3043B150214020F6F702F95B
:10A6700094F83231002BEAD1EEE7012384F88F30D1
:10A6800028460FF0C4FB94F88E300020012B03D134
:10A6900084F88E0084F8CA0070BDD4F880309A0720
:10A6A00001D55521E1E743F00203C4F88030E7E724
:10A6B00001A3010070B545680446FEF77BFE054B1B
:10A6C000014685F88D001B681BB12046BDE870402F
:10A6D000184770BDC8050020024B1B6803B118471E
:10A6E000704700BFC4050020F0B5204D00242B7832
:10A6F0001470CBB3013B6F68DBB21D1B012D0BDC6B
:10A7000007EBC40557F834606D688D4208BF864278
:10A7100012D114700120F0BD1D196E10C5F347054C
:10A7200057F836C007EBC60E8445DEF804608E414C
:10A730002CBF2B462C46E0E7B04271EB050502D258
:10A7400014700020E7E707EBC30457F83350646840
:10A750008C4208BF854201D11370DBE7A842A141BA
:10A7600028BF01331370ECE71846D4E7E01E002041
:10A7700010F0070208B503D063214820F6F77AF8F5
:10A7800018B1034B197258601A70C80008BD00BF99
:10A79000E01E0020014B00221A707047E01E0020CE
:10A7A000014B187A704700BFE01E00202DE9F743E7
:10A7B0000FF0E2FD0DF1070206460D46FFF794FF8C
:10A7C00098B910490A780B7A93420ED04C68134618
:10A7D0006FF060479DF80700984209D304EBC0036F
:10A7E000013201200A70C3E9006503B0BDE8F083BF
:10A7F000D819013B04EBC000DBB2D0E90089C0E905
:10A800000289E7E7E01E002037B50FF0B5FD0DF136
:10A810000702FFF769FF0446A0B10C4A9DF8070044
:10A8200013785568411C013B05EBC101DBB2137085
:10A830001A1AD2B2D200834238BF002205EBC00000
:10A8400012F068FD204603B030BD00BFE01E0020BE
:10A850000A460648822302F8033B0368C1F8033026
:10A860004368536083689360704700BFE91E00200F
:10A8700016220021014812F065BD00BFE91E00202C
:10A8800017B402AB03E903001C48437D8BB30B46AE
:10A890009DF8001011BB93F87410194A52F821204A
:10A8A0004FF47A7102F2E732B2FBF1F2D3E972149B
:10A8B0006E3144F100045218198844F100044260DA
:10A8C00001808460B3F8883002220E490C3020F8F1
:10A8D0000A3C03B05DF8044BFFF748B8520608D5B0
:10A8E0001A880280D3F848224260D3F84C22826052
:10A8F000E8E703B05DF8044B704700BFE91E002095
:10A90000C445040051A8000008B50022034B1A609A
:10A9100006F0E8FFBDE8084009F016BA001F002065
:10A920000B2808B504D940F2FB310620F5F7A2FF49
:10A93000014B33F8100008BDE445040001490FF055
:10A9400026BE00BFD5A701002DE9F04786B004461A
:10A95000174698460E9D037C012B4CD10246274991
:10A96000007908F0DBFC20B940F24F210B20F5F70D
:10A9700081FFB7F1A506BDF840304FF0000A48F15D
:10A98000FF39A3857619BDF83C3049F10009A4F8D8
:10A990004030C4E9087804232374294620460FF088
:10A9A000AFFDA36805468DF800A020681B68984796
:10A9B00000F5B670A36800EB45005B680190206865
:10A9C0009847761B8DF80800694669EBE5732046C9
:10A9D0008DF809A0C4E90C78CDE904630FF02BFDD4
:10A9E00048B1049B059AA53342F100025B1942F17C
:10A9F0000002C4E9083206B0BDE8F087D5A701001F
:10AA0000024610B5072927D8DFE801F004262612F0
:10AA100017202923438A013343820FF09DFE936858
:10AA200020B9DB681068BDE8104018479B68F9E75B
:10AA300083685B69BDE810401847094B1B68002B11
:10AA4000F8D140F251110B20F5F714FF83681B6910
:10AA5000F0E74FF4B171F6E740F26511F3E710BD8E
:10AA6000001F002038B504460D46037C062B0AD192
:10AA7000052303740E490246007908F04FFC38B9EB
:10AA800040F2293101E040F226310B20F5F7F2FEC9
:10AA90003DB1204600210FF08FFDBDE83840FFF7A3
:10AAA00033BF20460121BDE838400FF085BD00BF0F
:10AAB000D5A70100418A10B50131848D091B090415
:10AAC0000CD5D0E90810521A054963EB00038A42FD
:10AAD00073F10003ACBF0120002010BD0120FCE792
:10AAE0000140420F30B5D0E90C14C56B511A63EB2D
:10AAF00004048D424FF00001A1410CD3D0E90810AD
:10AB0000521A064963EB00038A4273F10003ACBF9B
:10AB10000120002030BD0120FCE700BF0140420FB2
:10AB2000024B0022C3E90022704700BF041F00202F
:10AB300008B5044B186810B9FFF7F2FF08BD0C20E8
:10AB4000FCE700BF041F002010B5D0E906436BB13D
:10AB5000D0E902219C611144DA680A44DA60826912
:10AB60003AB1D3610023C0E9063310BD034A146033
:10AB7000F5E7002BF6D0DA60F4E700BF041F0020F1
:10AB800008B5C16191B90F4A1368836103B1D861F7
:10AB900010600023C269C3609AB1D3687BB1816839
:10ABA0008B420AD22D213720F5F764FE8B6988612C
:10ABB0008361002BEDD0D861EBE75B1AC360002303
:10ABC000D36008BD041F0020034B00201B6803B99D
:10ABD000704718469B69FAE7041F00200B4B0022C0
:10ABE00030B51B6804464FF0FF35104623B911B944
:10ABF000002808BF104630BDDA68A24203D3AA423B
:10AC00003CBF154618461A469B69EFE7041F002013
:10AC100038B5036A1BB182689C68A24203D2CD2179
:10AC20003720F5F727FEC1698569D9619D6141B17A
:10AC30008B61996941B1CB61C1680A44121BDA602A
:10AC400038BD02490B60F4E7D960F9E7041F002022
:10AC5000014B01221A717047041F0020014B002292
:10AC60001A717047041F0020014B1879704700BF0C
:10AC7000041F00200F4B4FF47A72042953F821303F
:10AC800010B503F2E73300F1FF34B3FBF2F34FEA00
:10AC9000C41409D003290AD002290CBF6022F02273
:10ACA000234400FB023010BD4FF4D262F8E740F2BB
:10ACB000BE22F5E7FC450400264B1A6810B5D2F811
:10ACC0000F300362537D117D1B0443EA0123D17CC5
:10ACD0000B436FF450618362B2F81930591806299A
:10ACE0008DBF40F2E241A3F550634FF47A714B43BC
:10ACF0008EBF00214B430121C36180F87E10937DFC
:10AD0000D9B103EB830303EB83039B000386B2F803
:10AD10001730D9B164214B43C362B2F81B3083842E
:10AD2000B2F81D30C38492F8243003F01F025B098F
:10AD300080F8A22080F8C83110BDC3EB431403EBA8
:10AD4000840303EB83035B009BB2DFE740F2E24145
:10AD5000E1E700BF0C1F0020042913B518D19B01A7
:10AD600003F53473417990F844400139C9B203299D
:10AD70001BD81B48014491F82000D101CA3103FBC4
:10AD80000213184A934215D94FF4EE612D200FE0BB
:10AD9000032903D11B0103F5E773E3E702290BBF86
:10ADA0000B330A339B00DB00DCE740F29B310620CB
:10ADB000F5F760FD1E2204F03F01B3FBF2F31A0A1F
:10ADC00041F04001DBB242EA4012002061F307008B
:10ADD00063F30F20D3B263F3174002B010BD00BF7E
:10ADE000FC450400C3BF0300074BD0F869201B6873
:10ADF000C3F80320B0F86D20A3F8072090F868107E
:10AE000018460EF04DBB00BF0C1F0020D0F880305C
:10AE1000F7B50BB101221A604388DB0727D5002361
:10AE2000056A144E05F10A07CDE9003302238DF8B7
:10AE30000630FF2386F820306846F6F78DFDB0B95E
:10AE4000009CA542F8D03B466A7A04F10A01607A78
:10AE50000EF098F80028EFD0A37886F82030D4F8C8
:10AE60000330C6F82130044BB4F807209A8003B0B1
:10AE7000F0BD00BF0C1F00202D1F002038B5084D6D
:10AE8000044600F169010623286800220EF01FFC29
:10AE900094F868102868BDE838400EF001BB00BF88
:10AEA0000C1F002007B50EF080F98DF8070005484B
:10AEB000012306220DF1070100680EF008FC03B023
:10AEC0005DF804FB0C1F002008B5044B986910B115
:10AED00040300FF041FC00F0010008BD0C1F0020C5
:10AEE00008B5044BD86910B140300FF035FC00F0C4
:10AEF000010008BD0C1F002070B504460E46134625
:10AF0000807F6588324615F004050CBF294604F1A0
:10AF10007701FEF7A1F84207054623D4C3070BD5F6
:10AF20000123A07F84F86830FEF768F90368C4F84D
:10AF300069308388A4F86D3015F0020F4FF00105D9
:10AF40000ED0094B294684F876501868D4F877302B
:10AF5000C0F80930B4F87B30A0F80D300EF0ADFA2F
:10AF6000284600E0002070BD0C1F002010B50446EC
:10AF7000084694F8D8306BBB2378082904F1DB022B
:10AF800084F8D93016D004F1DA01FEF70DF820B9B3
:10AF900040F645712D20F5F76DFC94F8DA3043F05A
:10AFA000020384F8DA3004F1D0000B49BDE8104008
:10AFB0000EF0ADBD094B1868034613F8031BC1F32F
:10AFC000801184F8DA10D0F80310C4F8DB109B88E5
:10AFD0009380E8E710BD00BFA9A901000C1F002065
:10AFE00070B504460E461546FDF738FB98B9237830
:10AFF000A4F8C16084F8C030637C84F8BF500BB102
:10B0000094F8483004F1B60084F8C3300249BDE832
:10B0100070400EF07CBD70BD53AE010010B504460B
:10B020000E498C300EF073FD0D4904F1C4000EF092
:10B030006EFD94F89520B4F896102046FFF7D0FFE7
:10B04000084B00221A71084B1B682BB12146206A5D
:10B050000222BDE81040184710BD00BFCFAC010070
:10B0600093A901000C1F0020D005002003292DE921
:10B07000F043054685B090467BD090F8883005298E
:10B08000DBB202D14288D0075FD5002B5DD101270A
:10B09000DFF8E89099F81260B6B10DF0B7FF082814
:10B0A00088F8000014D002AA0DF10701FDF77CFF1B
:10B0B00020B940F6CF612D20F5F7DCFB02A99DF801
:10B0C00007000FF065F9064698F80030082B08D104
:10B0D000D9F8001011F8030BC0F380100FF058F9E5
:10B0E0000646D9F8001005F1700395F86F2011F8A5
:10B0F000030BC0F380100DF045FFD9F80010044693
:10B1000011F8030BC0F380100DF076FF8146FEF7B7
:10B1100087F840B1B9F1080F1CD04846FDF744FE4E
:10B1200080F00100C0B298F80020082A16D09CB91F
:10B13000AB7F991A4B424B416A88520706D420B91B
:10B140009EB92B7D9BB1BB4211D00023184605B0A0
:10B15000BDE8F0830020E6E70123EDE714B180F0BD
:10B160000104E4B204F00103E6E73346EEE701230D
:10B17000ECE743889B07E8D5022789E70C1F0020EE
:10B18000F0B585B00823052104460DF107028DF8BE
:10B190000730FFF76BFF054618B90025284605B0B4
:10B1A000F0BDFCF749F806460028F6D1324F216A77
:10B1B0003A6891F89630104610F803CB03EA5C1316
:10B1C00003F0010381F89630D2F80330C1F8033060
:10B1D0008388A1F807301346D4F820C013F81F1B4A
:10B1E000C1F380118CF80210D2F81F001B79029075
:10B1F00060468DF80C30FFF75FFD02AB94F9132029
:10B200000121206A0FF095FD216A84F8956020469F
:10B210000B889DF80720A4F89630FF2384F8B330FC
:10B220004FF6FF73A4F8B4300FF0ACFD134904F1EE
:10B230008C000EF06CFCFDF711FA60B9236A04F182
:10B24000C4000F491A88A4F8CD2093F8963084F8EA
:10B25000CF300EF05CFC236A002220461988FFF7ED
:10B26000BFFE084B00221B683A71002B96D0214686
:10B27000206A984792E700BF0C1F0020CFAC010066
:10B2800093A90100D0050020032973B5044604D01A
:10B2900005292BD0012002B070BD08230DF1070253
:10B2A0008DF80730FFF7E2FE0028F3D0237C23B1AE
:10B2B0009DF807102046FFF759FE114D062204267F
:10B2C00020462B685A701E70FFF78EFD94F85C20A4
:10B2D000A16D28680EF00AF928682E7106F088FB27
:10B2E0002868002110F044FE0020D4E7054B1B68BD
:10B2F00023B1984780F00100C0B2CCE71846CAE7F6
:10B300000C1F0020CC05002038B5B0F848300446AA
:10B31000194D0133C3F30E03A0F84830AB7C2BB1B9
:10B3200006F00EFC05F03EFB0023AB7400232B71EE
:10B3300094F889302BB101212046BDE838400AF04D
:10B340004CBD637CB3B1B4F848209A4212D30121BA
:10B3500020460AF042FD63882046DB0747BF236A88
:10B36000432243224FF6FF7148BF1988BDE8384099
:10B37000FFF736BE0021DFE70C1F002010B5094C97
:10B380002379012B02D02379022B05D1A37C1BB199
:10B3900006F0D6FB05F006FBA06ABDE81040FFF7FB
:10B3A000B3BF00BF0C1F00200346074A906A03B9D1
:10B3B00009B9FFF7A9BF1379D26A03F18043126973
:10B3C000033B52F8233018470C1F002003292DE9B6
:10B3D000F743044605D0052900F08A80FFF794FF63
:10B3E00080E008230DF103028DF80330FFF73EFEE5
:10B3F00000287BD0237C23B19DF803102046FFF763
:10B40000B5FD0123B4F802803E4E00251F464FEAE9
:10B4100098123068294662F3861707224370C8F3F2
:10B420008018C57002700EF07CF92A4639463068E3
:10B430000EF07EF92046FFF721FD30680EF0E2F9AC
:10B44000B4F85C30C0F1FE008342B4BFDDB2C5B2D7
:10B45000AB422AD947F010070022A5F10309306852
:10B460003946023D0EF064F930680EF056F9284472
:10B470005FFA89F9C1B220460FF01BFC0422C0F329
:10B4800007238DF80400C0F307400DEB02018DF88F
:10B4900005304D4603238DF8060030680EF017F98D
:10B4A0000022394630680EF043F9B8F1000F06D09B
:10B4B00094F9132094F844106079FFF7F3FC2A46BE
:10B4C000A16D30680EF068F9FF203582617906F0D1
:10B4D00035F807233068337106F08AFA00213068A6
:10B4E00010F046FD002003B0BDE8F083204675E76C
:10B4F000054B1B6823B1984780F00100C0B2F2E70A
:10B500001846F0E70C1F0020D40500202DE9F34178
:10B51000444C2379012B07D02379022B04D040F629
:10B5200057412D20F5F7A6F9A26A176A0FB197F8CF
:10B530007D70A8B90125A37C1BB106F001FB05F0C5
:10B5400031FA002D6BD0A06A0AF029FC002860D0E7
:10B5500006F06CF9E36A9B6802B0BDE8F041184759
:10B56000216802F1690392F8682011F8096BF0096B
:10B570000DF008FD0028DDD006F00F062068052E2E
:10B580002CD190F8243003F01F03102B26D9D4F8C7
:10B59000288098F812500DB308230DF107023146A8
:10B5A00040468DF80730FFF761FD0028C3D098F8BA
:10B5B000E930002BBFD1226808F1EA01D31C233205
:10B5C00053F8040B934241F8040BF9D11B8808F19E
:10B5D000E1000B8014490EF09AFAACE739460DF001
:10B5E00094FF0028A6D02379A06A012B05D02379E7
:10B5F000022B02D04FF4436193E723793146E26A8C
:10B6000003F180435269013B52F8233098470546C5
:10B6100091E7A06A02B0BDE8F041FFF775BE02B045
:10B62000BDE8F0810C1F0020C1A90100F8B5044657
:10B630000F4619B300F1300528460FF0D7FDA0B929
:10B6400063881A072ED528460FF0E5FD06462846E2
:10B650000FF0CCFD301AC0B20FF01EFE494A9368BD
:10B660001844906028460FF0A0FD28460FF0A2FD78
:10B6700006F034F82179252005F060FF414E0023C3
:10B6800094F876203068037043706388103B0D2B6C
:10B6900068D8DFE803F063675F0C67446767676734
:10B6A000676767442046BDE8F840FFF72DBE0623D4
:10B6B0004370202303702046FFF796FB638823F036
:10B6C00008039BB2152B05D094F85420216D3068E7
:10B6D0000DF0FDFE306806F08BF90021306810F0A7
:10B6E00047FC032321790020337106F023F8054637
:10B6F00007B9F06063881B0704D50FF0CAFD284422
:10B70000C4F820016388103B0D2B36D8DFE803F026
:10B7100038352F2F352F353535353535352F0C2329
:10B7200021214370034603F8091B52B1D4F8772056
:10B730000121C0F80920B4F87B209A800DF0BDFEED
:10B74000B9E7226FC0F80920B4F874209A8094F801
:10B750006F10F3E7062303704370ACE70223037016
:10B760000623F9E740F234612D20F5F783F82179BB
:10B770000120BDE8F84006F0FDB940F6CA41F3E704
:10B78000F8BD00BF0C1F002038B543880446102BBD
:10B7900004D10121BDE83840FFF748BF0B4DAB7C19
:10B7A00023B105F0D3F8402006F0BEF9286806F072
:10B7B0001FF9608810F0040002D1217906F0DAF94F
:10B7C000002006F077F901232B7138BD0C1F0020F3
:10B7D00010B5154CA37C1BB106F0B2F905F0E2F8E8
:10B7E000A06A0AF0DCFA20B1A06A438803F01803CB
:10B7F00023B9A06ABDE81040FFF786BD2379012B6D
:10B8000007D02379022B04D040F658312D20F5F7CC
:10B8100031F82379E26A03F18043D268013BBDE845
:10B82000104052F8233018470C1F00202DE9F04F2C
:10B83000B0F802B08BB0044616461BF00307019126
:10B8400008D0012F06D0022F04D040F261612D20D4
:10B85000F5F710F80BF00703052B08D1002E72D076
:10B860004FF000094FF0010A4D46012209E0022B7A
:10B870005DD1002E67D04FF000094FF0010A4D4610
:10B880004A464FF001081BF0400B04D0002E00F098
:10B89000FE804FF0010B48EA4202DFF87885012173
:10B8A000072042EACA03002243EA051343EA491982
:10B8B00049EA8B1B0BF07B030093D8F800309DF80E
:10B8C00000B05A7018705970002E40F00381B146D4
:10B8D000DE703946D8F800000DF023FFD8F80000DC
:10B8E0004A469DF800100DF023FF009B9DF8007064
:10B8F000D80702D52046FFF7C1FAB90710D5019B3A
:10B90000D8F80000002B00F0F68004F17701062340
:10B9100001220DF0DCFE0121D8F800000DF0CDFD74
:10B920000023002B00F0F08040F643018FE7002B4E
:10B9300047D15EBB0BF02303B4F85420134309D066
:10B940001BF0200913D04FF0000901254A46AA46F2
:10B95000C84698E7FFF7B8FA0028F1D1FFF7C0FA18
:10B9600002460028ECD1B1463546B24689E794F844
:10B9700004800125A8F10308AA46B8F1010F94BF7D
:10B980004FF000084FF001084A467CE7FFF79CFAA9
:10B99000A8B9FFF7A5FA1BF0200500F001096CD14A
:10B9A00094F804804FF0010A2A46A8F10308B8F180
:10B9B000010F8CBF4FF000084FF0010863E7012032
:10B9C000E9E7012B17D194F8048056B9A8F10205D4
:10B9D000B1469A463246D5F1000848EB05081D46A7
:10B9E00051E7B8F102084FF000099A4618BF4FF02E
:10B9F00001084D46C8E7062B3FF430AF042B39D180
:10BA000026BB0BF02303B4F85420134311D0227942
:10BA10004FF000090125033A012A94BF00220122B8
:10BA20001BF0200F0CBF90464FF000084FF0010AAA
:10BA300029E7FFF749FA0028E9D1FFF751FA8246D2
:10BA40000028E4D14FF000094D460EE7FFF73CFA1D
:10BA500070B9FFF745FA227900F00109033A012A8B
:10BA60008CBF002201221BF020050CD19046DDE79F
:10BA70000120F0E740F20471E9E600254FF0010AE9
:10BA80002A46A846FFE600254FF0010AF9E7B4F878
:10BA9000541059B194F804B0ABF1030BBBF1010F92
:10BAA00094BF4FF0000B4FF0010BF4E6618801F0FA
:10BAB00023010029EED10092FFF706FA009A002830
:10BAC000E8D1FFF70DFA009A0028E3D1002F3FF4E8
:10BAD000E0AEDFE7DA70FFF703FA50B1D8F81C30B8
:10BAE00093F8BD30002B0CBF4FF000094FF00A094E
:10BAF000EFE68146EDE604F17001062301220DF028
:10BB0000E6FD94F86F1007E73A0716D5626C05A9B1
:10BB1000D8F80000C2F30B2262F30B0394F846201E
:10BB2000ADF814301209C3F3072362F3071303229D
:10BB30008DF8153002230DF0CAFDBF0640F1B2802A
:10BB4000D4F85031D8F81C700293D4F854310393D0
:10BB50000FB9D8F81870D7E918A30193FFF7C0F907
:10BB600080B1D8F81C3093F8BD305BB107F14000CC
:10BB70000FF0F5FC30B93B6F13EB0A0A019B43F160
:10BB800000030193397C4FF0000CA14BD8F814E06E
:10BB900053F821004FF47A73029A00F2E730B0FBB9
:10BBA000F3F0DEF16E0361EB01019B1A039A61EB86
:10BBB0000201C318019A41F1000113EB0A039DF839
:10BBC000150042EB0101D4F84421B3F5161F00F033
:10BBD000BF00A2EB0E0E71F100024FEAEE7A0ADB13
:10BBE0006CF345108DF81500BDF814306FF30C039D
:10BBF000ADF8143026E0B3F5703F71F1000208DBB8
:10BC00009E457AEB0102EBDA40F020008DF815003A
:10BC100007E09E456CF345107AEB01028DF81500A4
:10BC2000E2DA9DF8152012F0200FBDF8142014BFA1
:10BC30004FF4967A4FF01E0AB3FBFAF363F30C024B
:10BC4000ADF814203B6F40F2E242B3FBF2F3ADF8E3
:10BC50001630D7F81730FA7E06939DF81C3062F341
:10BC600004038DF81C30FCF767FD9DF81C3060F371
:10BC700047138DF81C309DF815306FF3C7138DF8FE
:10BC800015303B68CDF81D303B798DF821307B793C
:10BC90008DF82230BB798DF82330B7F8523001335C
:10BCA000ADF82430012E4FD1B4F85430002B4BD0D6
:10BCB0006388980748D4DFF85CA1DAF800000DF03B
:10BCC0002CFD421CB4F854100346D2B2BAF81070DE
:10BCD000C2F1FF00CF1B8742A8BFD743FFB2B942D2
:10BCE00027D96288D10724D401934A46009B033F99
:10BCF000D8F80000012543F01001FFB28B460DF08B
:10BD000017FD019B2046191D3944C9B20EF0D1FF21
:10BD1000C0F307238DF81000C0F307408DF81130F1
:10BD200004228DF81200032304A9D8F800000DF0B6
:10BD3000CEFC3A46216DDAF800000DF02DFDBAF880
:10BD400010301F44AAF8107065F3041B1BF0200F7D
:10BD50005FFA8BF506D02F481223052205A900684B
:10BD60000DF0B5FC6A060CD5002E4AD104F1300066
:10BD700026790FF05BFA014694F913203046FFF75D
:10BD800091F8FFF7ADF8002836D0224CE36993F81C
:10BD9000BD308BB3072120680DF0B8FC092340F2B9
:10BDA000E241037032234370E369D3F8903083702B
:10BDB000E369D3F890301B0AC370E369B3F892309B
:10BDC0000371E36993F893304371E36993F8A13009
:10BDD0008371E369D3F89420B2FBF1F2C2717D2242
:10BDE000E369D3F89830B3FBF1F30372E369D3F856
:10BDF0009C30B3FBF2F343722B0606D540F6A80144
:10BE000025E5667994F84410B6E70BB0BDE8F08FED
:10BE1000FC4504000C1F00202DE9F74F04460F4697
:10BE200090F8440005F05AFC6179FF20774D05F049
:10BE300085FB002F4CD128680DF030FB94F804806E
:10BE4000064604F130000FF0E6F9B8F1040F30D1E6
:10BE5000B60106F53476EB6803EBC013CA3306FB74
:10BE600000366388002019076E6142BFAB68F61880
:10BE70006E616279696905F0C5FC63889A072ED006
:10BE80007FBB6179012005F075FE012294F87610E0
:10BE90002046FFF7CBFC286805F0AAFD00212868A2
:10BEA00010F066F806232B7101236B7103B0BDE817
:10BEB000F08FB8F1030F03D1360106F5E776CAE734
:10BEC000B8F1020F0BBF0B360A36B600F600C2E718
:10BED00062794FF4A571002010F01DF8CDE7002F16
:10BEE000D3D066884FF0000A286806F00203C6F334
:10BEF00080165146002B4FF007030EBF4FF001098B
:10BF00004FF00009D4F858804FEAC90912BFB4F8BD
:10BF10005C70D4F85080B4F8547049EA861B037002
:10BF2000012380F803A0D94643700DF0FAFB524676
:10BF3000594628680DF0FCFB1BF0080F17D0626C07
:10BF400001A9BDF80430C2F30B22286862F30B0389
:10BF500094F84620ADF804301209C3F3072362F3C6
:10BF6000071303228DF8053002230DF0B0FB28687B
:10BF70000DF048FC2B8AC0F1FE00FE1A8642B4BFC9
:10BF8000F6B2C6B233449F422BDD002249F01001C5
:10BF900028680DF0CDFB28680DF034FC2E8AC0F126
:10BFA000FE00BF1B8742A8BFC6B22868B8BFFEB25A
:10BFB0000DF0B3FB3044411C2046C9B20EF079FEAF
:10BFC0000422C0F307238DF80400C0F307400DEBF3
:10BFD00002018DF8053003238DF8060028680DF066
:10BFE00076FB63885B0606D594F9132094F8441019
:10BFF0006079FEF757FF298A3246286841440DF0E0
:10C00000CBFB288A06442E8245E700BF0C1F002088
:10C0100010B5084CB0F85C30228A9A4205D0012154
:10C02000FFF7FAFE0723237110BDBDE81040FFF7AC
:10C030006BB900BF0C1F002038B5438804461E4D65
:10C0400013F0020F0FD1DB070DD42A8AB0F8543059
:10C050009A4203D1BDE83840FFF756B90121BDE847
:10C060003840FFF7D9BE0020617905F083FD638871
:10C07000617913F0020F14BF0C20222005F05EFA44
:10C0800002232B71AB7C4BB104F060FC6379033B62
:10C09000012B94BF4520402005F046FD6379033B0A
:10C0A000012B94BF2820002005F004FD2868BDE87E
:10C0B000384005F09DBC00BF0C1F0020094810B59A
:10C0C000037903F0FF0453B924222146043011F010
:10C0D00039F905F035FD04F065FC204610BD0C244F
:10C0E000FBE700BF0C1F002010B50023084C237194
:10C0F0002060FFF7E3FF20B140F2EF212D20F4F79D
:10C10000B9FBE36A13B940F2F221F7E710BD00BFB3
:10C110000C1F0020014B024ADA6270470C1F0020FE
:10C12000A4C90000044B054A1A60054B054A1A6071
:10C13000054B064A1A607047CC05002081B100000B
:10C14000D005002099380000D4050020F9C5000072
:10C150002DE9FF4704460E4600297ED000F1300548
:10C1600028460FF043F828B9638818076FD528468A
:10C170000FF01BF828460FF01DF805F0AFFA2179F3
:10C18000252005F0DBF9384D28680379D90622D53A
:10C19000C3789A061FD00DF081F92179019004F13E
:10C1A000300000910FF022F8421C019B00992046BC
:10C1B000D2B2FEF7D1FDC0F307238DF80C00C0F317
:10C1C00007408DF80D3004228DF80E00032303A9DB
:10C1D00028680DF07CFA46B304F1300A2868D5F8D7
:10C1E0000C800DF05BF9814650460FF014F80746BD
:10C1F0005046013F0EF0FAFF1FFA89F2391A2079F2
:10C20000C9B20FF030F8638880441B0708D5AB68CB
:10C210000121204698440EF0A3FE4044C4F82001BA
:10C2200022794146002005F0EDFA286805F0E0FB90
:10C23000002128680FF09CFE26B92179304605F0D0
:10C2400079FAE86005232B7104B0BDE8F087204639
:10C2500004B0BDE8F047FFF757B80A4690F87610EB
:10C26000FFF7E4FA8FE700BF0C1F002070B5174EF0
:10C27000012504463030B5710EF0B8FFF8B9638877
:10C28000DA0604D52046BDE87040FFF73DB8B27924
:10C29000002AF7D003F02303B4F85420134305D049
:10C2A00020460021BDE87040FFF7B6BDFEF70CFE4A
:10C2B0000028F5D1FEF714FE0028F1D1E2E7294667
:10C2C0002046BDE87040FFF743BF00BF0C1F0020B1
:10C2D00070B5124D0026012104462E826E710EF0BB
:10C2E0003FFEAB681844B4F848300133A860C3F38C
:10C2F0000E03A4F84830FDF707FC4FF47F7394F861
:10C300007610B0FBF3F202FB1300AB683246184420
:10C31000A8602046BDE87040FFF788BA0C1F0020D7
:10C3200010B5094CA06A4388092B07D1FFF7D0FF4D
:10C33000A06A0121BDE81040FFF70ABF0121BDE856
:10C340001040FFF773B900BF0C1F0020F8B5467D01
:10C350000446B31EDBB2012B8CBF0027012796B326
:10C36000023E18BF0126012B2DD800F1700190F874
:10C370006F000CF041FE054663889B0605D4082D2E
:10C380002CD02846FCF71CFD40BBA577677784F8C6
:10C390006860FCF703FE054610F0D9FD164B00223D
:10C3A000A5FB033584F87620181845EB01051146E6
:10C3B000C4E918052046FEF79FFD70B940F27A41A6
:10C3C0002D20F4F757FA0825D6E704F16901304625
:10C3D000FCF784FB0028D8D10020F8BD002EF4D053
:10C3E000237F002BF8D0D4F81630C4F86930638B63
:10C3F000A4F86D30C9E700BF40420F002DE9F04FAF
:10C4000007469BB00C4605460EAE0FCF0FC60FCFAA
:10C410000FC697E80F0086E80F0006A86E790EF0A9
:10C42000AAFEA37A61780293237801F07F08039330
:10C43000237D013BDBB2022B00F28A806D4AC906E4
:10C44000134493F8247007D4A37D013BDBB2022B85
:10C450007ED8134493F82460637E03F0FD03012B20
:10C4600002D1042F08BF0327A37E03F0FD03012B95
:10C4700002D1042E08BF0326617A06A80EF082FEC0
:10C48000237D227F06A8022B02F101020CBF617DF1
:10C490000121D2B204BF0131C9B20EF075FE18F00D
:10C4A000080F6CD106A80EF0B6FE63788246DA0655
:10C4B00053D4F5F75FFB814639465046FEF7DAFB69
:10C4C0000123014632464846CDF800800EF087FA37
:10C4D00040F27121227900F29920E378B0FBF1F06B
:10C4E00043EA02236279484343EA02434B439842BA
:10C4F00038D84FF0000B94F818A00593A37CE86C93
:10C5000004930AF1FF33D3F1000A4AEB030A09F05E
:10C51000EFF98146E86C09F0FBF9059B484538BF07
:10C5200048460DF1180980B260B308A9CDF82090F3
:10C53000ADF824808DF830708DF83160CDE90A3B7C
:10C540000EF07FFB059BE8B945201BB0BDE8F08FDE
:10C5500040F25F310620F4F78DF92822414600F0C1
:10C560002DFAB5E7E379A27942EA0322237A42EA77
:10C57000034201FB02F3984298BF0346B9E7002348
:10C580009B46B8E7CDE9103B049B039A8DF84C30ED
:10C590008DF83C700EAF029B8DF83D602E468DF8F5
:10C5A00048A08DF84D308DF83820ADF83A800FCF87
:10C5B0000FC60FCF0FC697E80F0086E80F0099E867
:10C5C000030028630020A986E37A13F0FD0F14BF4F
:10C5D0000123002385F86F30E3682B67238AA5F8D1
:10C5E000743095F84630E27D62F3071385F84630E3
:10C5F000ABE700BFFC4504002DE9FF4108230DF126
:10C600000702052104468DF80730FEF72FFD0028AC
:10C6100079D0FAF711FE002875D13D4D206AFEF75A
:10C620004BFB2B68D3F81F0093F8232002908DF862
:10C630000C20226AD3F80310C2F80310B3F80710D5
:10C64000A2F807101B78206AC3F380138370314B64
:10C650001B6813B1012221469847276A0E232868D8
:10C66000082697F802800021437006700DF059F8F3
:10C6700000224FF0030128680DF05AF82046FEF71B
:10C68000FDFB414628680CF018FF06230122F91C27
:10C6900028680DF01CF86179FF2004F04FFF28682E
:10C6A00005F0A6F9002128680FF062FC276A2046F1
:10C6B00039460EF0FEFC0DEB0603014694F91320FB
:10C6C00038460EF036FB216A00239DF807202046ED
:10C6D00084F895300B88A4F89630FF2384F8B330A3
:10C6E0004FF6FF73A4F8B4300EF04CFB236A1A889F
:10C6F0002E71A4F8CD2093F8963084F8CF30012025
:10C7000004B0BDE8F0812046FEF7FEFDF7E700BF6C
:10C710000C1F0020D00500202DE9F041594E86B0B5
:10C720000446327902F0FF0312B90278FF2A04D1DD
:10C7300040F6B7112D20F4F79DF83382B360737182
:10C74000B37180F88930504B02A802934F4B03938A
:10C750004F4B0493F36A5B68059305F033F904F0DB
:10C7600049FF05F0EDF904F01DF94A4804F0ACFF6B
:10C77000494805F021F904F1300001900EF015FD53
:10C7800001980EF017FD04F0A9FF2179252004F08F
:10C79000D5FE94F9130004F091FF04F15001E06C10
:10C7A00009F037F8074604F15801E06C09F056F833
:10C7B0008046002F3BD094F82430002B37D0B4F9BA
:10C7C0004850ED43ED0F637F13B963885B0709D5CC
:10C7D0006FF00043D4E918129A4208BFB1F1FF3F4D
:10C7E0002FD1B5BB002F08BF474694F88B3003B953
:10C7F000AFB1638813F0100511D1606CC0F30B204A
:10C800000EF062FC94F8463084F84500C0F3032033
:10C8100023F00F03184384F8460084F88B503068E7
:10C820000330FCF707FCB07406B0BDE8F081B8F146
:10C83000000F04D094F82550002DC0D1C3E7454621
:10C84000C1E710F084FBD4E91823904271EB030395
:10C85000C7D3012229462046FEF74EFB68B1FCF7FC
:10C860009DFB054610F073FB0C4AA5FB02321B181A
:10C8700042EB0102C4E91832B4E7002DB2D040F611
:10C88000F41157E70C1F0020D1B700000DB50000D0
:10C89000A9B30000D6BE898E5555550040420F0001
:10C8A00037B504461C4DFFF737FF04212078F5F714
:10C8B00019F80621A8612078F5F714F8AB69E8614A
:10C8C0002BB120B140F62B212D20F3F7D3FF2046CA
:10C8D0000EF0E1F9618811F0100118D00021204616
:10C8E000FEF7A4FE94F88A305BB16846FCF79EFD23
:10C8F00038B1694604F136000CF091FC002384F84D
:10C900008A30204603B0BDE83040FEF77FBA2046AB
:10C91000FFF71EFCE6E700BF0C1F0020024B9862E9
:10C92000DB6A1B68184700BF0C1F002043881A07EA
:10C9300010B504460ED5036A3C220F498C30427272
:10C940001B884381FF2380F827304FF6FF73038550
:10C950000DF0DDF863882046DB0747BF236A3C22E1
:10C960003C224FF6FF7148BF1988FEF739FBFF23C1
:10C9700084F8893010BD00BFCFAC01009FAE01002C
:10C98000ADAF010089B70000A5AE01006DC2000087
:10C9900039C0000011C000001DB0000089B20000C5
:10C9A000CDB30000A1C800007DB3000021C300008A
:10C9B0007CC9000084C900009CC90000013802281D
:10C9C00008B503D9C3212F20F3F754FF13290A4BCD
:10C9D00005D811290CD8102907D0D121F3E7152942
:10C9E000FBD103EB4003D88801E033F8100008BD09
:10C9F00003EB40039889FAE724460400F8B52F4B6F
:10CA000040281A8842EA00021A8005D10421986859
:10CA1000BDE8F840F6F78EBE802801D10521F6E783
:10CA200000F00302032A04D140F696213120F3F7E7
:10CA300021FF10F0020418BFD960C50705D5CA78D8
:10CA40001961062A0DD00B2A18D02CB1DA68D278D9
:10CA5000052A1FD00B2A2AD0820644BF08221A7545
:10CA6000F8BD9A6892F88F101929EED10026002798
:10CA70000121C2E93A6782F89310E6E79A6892F8D2
:10CA80008F10132901BF002182F89310012182F831
:10CA9000D010DAE79A6892F88F101729DCD10024B9
:10CAA00000250121C2E93C4582F89410D4E79A6838
:10CAB00092F88F101229CFD10021F5E73C1F0020FA
:10CAC00013B5044601A8FBF78BFF20B940F6870198
:10CAD0003120F3F7CFFE50220021019810F032FCF4
:10CAE000032101980CF02FFF01982146037823F0D1
:10CAF00010030370FCF7E6FC224601990548FDF798
:10CB0000E5F8FBF781FF10B940F69101E0E702B0CC
:10CB100010BD00BF401F00202DE9F0412B4CA36841
:10CB200093F8A27293F8A362002F48D193F874503F
:10CB3000002E46D193F8758083F8745083F8758081
:10CB4000FF2283F87620224B1B6813B12946A06888
:10CB50009847204B1B681BB12A4641461E48984700
:10CB6000A36893F82C31012B02D057EA060303D0B7
:10CB700000211948FBF7E8FDA0683C300DF056F89D
:10CB80000546A06800F25111FCF71EFFA0680621BF
:10CB9000F6F7D0FDA0683C300DF048F88542044619
:10CBA00011D206F0DBFB0146601B192838BF1920A3
:10CBB00007F0D8FCB0FA80F04009BDE8F0813D46AE
:10CBC000B6E7B046B8E70120F7E700BF3C1F0020FA
:10CBD000E80500202C060020401F002073B5044605
:10CBE0004068D0F8803013F0300F4CD10D891A2DE9
:10CBF0000AD94B89B3F5A47F06D38A881A2A03D9A8
:10CC0000CE88B6F5A47F06D2C978204602B0BDE82A
:10CC100070400DF038B929463C3000960DF03BF8D5
:10CC20001A4B1A88920710D5DA68D278142A0CD1D8
:10CC30006268D2F8803043F01003C2F8803020469A
:10CC40000DF0E5F8002002B070BD626892F88E1019
:10CC50001E29EDD092F82321002AE9D1626892F8CA
:10CC60002221002AE4D16168D1F8802042F020021C
:10CC7000C1F880209A68114602F5AD7231F83C0B7C
:10CC8000FCF706FFDBE70120DDE700BF3C1F0020CB
:10CC900008B50C4B9B6893F81621FE2A04D040F689
:10CCA00096013120F3F7E6FD83F8160111B9A3F8D8
:10CCB000CC1008BD0022A3F8C620012283F8CA20A8
:10CCC000F7E700BF3C1F00200D4B1A7DA2B948B901
:10CCD0009B68B3F86410B3F8482091420FD8184607
:10CCE000F6F79EBC1A88120708D59B6893F8900047
:10CCF000083818BF01207047002070470120704796
:10CD00003C1F0020164BDB6810B51979436893F877
:10CD10008E200A2A09D193F811218A4205D10022D6
:10CD200083F88E2083F8CA2010BDD3F8802012F03B
:10CD3000080407D022F00802BDE81040C3F88020A4
:10CD40000DF075B8FF2905D1342283F8944283F899
:10CD50008E20E9E740F242513120F3F78BFD00BF0E
:10CD60003C1F0020034600291046A3F10E0208BF15
:10CD70001F2110B5302A30D8DFE802F0192F2F2FED
:10CD8000192F192F20192F2F2F2F2F452F2F4D2FD0
:10CD90002F3D3D3D572F2F2F2F2F2F2F5F2F5F2FF1
:10CDA0005F2F2F5F5F2F2F2F2F6C2F2F67000246D3
:10CDB00000211846BDE810400EF0BBBA264CA3680F
:10CDC00093F88E20222A0AD1201DFBF7BDFCA36810
:10CDD000002283F88E2083F8CA20002010BD2F2A5D
:10CDE000FBD193F88F30A3F12102062AEFD92F2B24
:10CDF000EDD02A21E8E7194A1268002AEDD018463A
:10CE0000BDE810401047164B1B68002BE5D01D20D5
:10CE1000BDE810401847134B1B68002BDDD00A46B5
:10CE200011482021BDE810401847104B1B68002B0B
:10CE3000D3D00D48BDE8104018470D4A1468002CA7
:10CE4000CBD00A4619462346ECE70A4B1B68002B59
:10CE5000F0D1C2E7084BF9E73C1F0020E0050020B5
:10CE6000F0050020F8050020401F002004060020E7
:10CE7000100600201C060020380600201C4B02462D
:10CE800009799B6893F88E0022281DD02F281BD08B
:10CE900029281BD004281BD010281BD01E281BD0EB
:10CEA00093F88F30242B19D0302819D0352819D079
:10CEB000362807D0372817D03B2817D0412814BF71
:10CEC000FE203520FFF74EBF1620FBE72320F9E7B1
:10CED0000E20F7E71220F5E71420F3E71720F1E71B
:10CEE0002620EFE72E20EDE73020EBE73220E9E7C0
:10CEF0003C1F002037B50C7942683E2C92F88E30EA
:10CF00006ED8222C07D8A4F10E02D5B20F2D41D92C
:10CF1000002003B030BD233C1B2CF9D801A252F8ED
:10CF200024F000BF43D0000011CF000011CF00005B
:10CF300061D0000011CF000011CF000011CF000020
:10CF400011CF0000DBD0000011CF000011CF000096
:10CF500073D0000011CF00009FD0000011CF00005F
:10CF6000B3D0000011CF000011CF0000C7D00000E7
:10CF700089D0000011CF000011CF000011CF0000B8
:10CF800011CF0000DFD0000011CF000011CF000052
:10CF90006FD000000F2ABBD801A555F822F000BFC2
:10CFA000F5CF000011CF000011CF000011CF00001D
:10CFB000F5CF000011CF0000F5CF000011CF000029
:10CFC00005D00000F5CF000011CF000011CF000008
:10CFD00011CF000011CF000011CF000057D000008A
:10CFE000FF2C95D13F4B9B69002B91D0012382F8F8
:10CFF00096328DE702460121204603B0BDE830405D
:10D000000EF097B9222B01D02F2B81D101900CF07B
:10D01000F5FE0198436893F88F20232A3FF478AFF8
:10D0200093F8E1201A2122F0010283F8E1204268FE
:10D0300092F8E13023F0080382F8E130FBF784FB3B
:10D0400066E7292B7FF464AF274B1B68002B3FF466
:10D050005FAF98475CE7332B7FF45AAF234BF4E77D
:10D06000234B1B68002B3FF453AF984750E7214BED
:10D07000F7E7352B7FF44CAF1F4B1B68002B3FF4B9
:10D0800047AF2E21984743E7362B7FF441AF1A4A2A
:10D090001268002A3FF43CAF1946904738E7372B17
:10D0A0007FF436AF144B1B68002B3FF431AF3021B7
:10D0B000E8E73B2B7FF42CAF0F4B1B68002B3FF4B2
:10D0C00027AF3221DEE7412B7FF422AF0A4B1B68EA
:10D0D000002B3FF41DAF3521D4E7084BC1E7084BC7
:10D0E000BFE700BF3C1F0020E4050020F40500203E
:10D0F0000806002020060020140600202806002034
:10D100003C060020F7B50546994C002840F0EB801E
:10D1100023881F075DD5A26892F816312A2B17D0F5
:10D120000DD81C2B14D0222B19D0A36893F81621EC
:10D13000FE2A21D140F2BE513120F3F79BFB3C2B5C
:10D14000F3D18C4B1B68002BEFD0201D9847ECE7E8
:10D15000002382F8353188480CF050FEE5E782F86C
:10D160003601864B1B68002BF5D0A06800F59B713B
:10D1700000F58E709847EEE7FE2283F8162193F8AB
:10D180008F201B2A08D100267B4883F8CF600CF043
:10D190004EFEA36883F88F60A36893F88E20342A2C
:10D1A0003BD0402A42D0212A0AD193F88F20A2F105
:10D1B0002101062901D92F2A2DD12F2283F88E2073
:10D1C000A36893F89020082A02BF0222227783F8EE
:10D1D00016212388DE075AD5A368276993F88F3074
:10D1E000123B0B2B0DD8FB78023BDBB2092B00F274
:10D1F000BA80012202FA03F340F23332134200F004
:10D20000B2803846FCF742F9FE78B0B931465A4848
:10D210000CF039FE89E02222D0E7012283F8952222
:10D22000002283F88E2083F8CA20C9E7002283F801
:10D23000452151480CF0E2FDC2E7012E01D9162E1E
:10D240000FD1A36893F88E000CF00AFE48B1A368D2
:10D2500093F88E20212A04D0222A40D12F2283F84D
:10D260008E20112E65D058D8072E64D00D2E64D094
:10D270003046FCF739FF0346002853D1FF2E5ED11C
:10D28000A369002B5BD0A368012283F89622238830
:10D29000580706D5A26892F89020072A04BF0122F9
:10D2A000227799070FD5E368DE780D2E49D0112E2D
:10D2B00049D0072E49D03046FCF728FF0346002806
:10D2C00045D02D4898472388DA060CD5A36893F8F3
:10D2D0008F200B2A07D10C2283F88F2003E0162E13
:10D2E0000CBF20250225237D1B0713D5A36893F8C7
:10D2F0008F30123B0B2B38D9002601A90320019651
:10D30000F5F772FA019B2BB11E720C22A1680198ED
:10D31000FCF7E8FA284603B0F0BD142EA8D1184B4C
:10D320001B6863B12169144898470028AFD00546AF
:10D33000D9E7144BF6E7144BF4E7144BF2E7F9780E
:10D3400065E7134BBDE7134BBBE7134BB9E7FF2E64
:10D3500006D1A268342182F8940282F88E10B2E7D6
:10D3600040F2B251E8E60825BDE70825D2E700BF44
:10D370003C1F002030060020401F00200006002037
:10D38000DC050020D7B30100F5CE00007DCE000003
:10D39000A1B20100BFB2010005CD0000024B002088
:10D3A00098611862704700BF3C1F002008B500223A
:10D3B000044B9A611A62FCF7F1FBBDE80840FCF7E8
:10D3C00077BF00BF3C1F0020024B9869003818BF90
:10D3D000012070473C1F00202DE9F047814C0E468C
:10D3E00086B00746B4F80080A16818F4007F01F108
:10D3F00080050CBFB1F8C020002328460DBF0132C4
:10D40000A1F8C03081F8DF31A1F8C0200DF06FFF26
:10D4100028B1434601F5A4722846FDF7D5F82388C4
:10D4200003F4C06343B1A06890F89230002B00F081
:10D43000AF80032B00F0B280A168238891F892207E
:10D44000012A04D11D0544BF022281F89220002F39
:10D4500040F07081580657BFB1F8F8213A460132C2
:10D4600092B2A1F8F82103F00A020A2A0DD1E2686B
:10D47000D278022A09D123F0080330462380FFF72F
:10D4800041FE30430823C6B223803046FFF73AFE00
:10D49000A3693043C6B2002B5FD01422002101A83B
:10D4A0000FF050FFA36893F8750004F011FDA36816
:10D4B000054693F8750004F003FD05F5FA754FF481
:10D4C0007A71A268B5FBF1F513882844ADF80430F1
:10D4D000B2F88830ADF80A0041F27070ADF808304B
:10D4E000D369A3F57A75854295BFB3FBF1F340F29A
:10D4F000E24103F55063B3FBF1F39BB2ADF80630A4
:10D5000092F8963233B12069C31C04930CF019FAD7
:10D510008DF81400A26801A89DF80C3092F89522AD
:10D5200062F300038DF80C30A3699847A3680022CA
:10D53000049983F8962283F8952271B193F8942286
:10D540005AB993F88E20342A07D09DF8142022B1BE
:10D550000878FF2827D11B2A2CD9A36893F8162115
:10D56000FE2A4FD1002E4DD193F89020073A012A80
:10D5700048D993F820312BB3A3680121022093F8F6
:10D580002121A3F8C46083F81821FFF781FB39E05B
:10D59000012180F89210F6F7CDF84DE70223012122
:10D5A00080F89230F7E70728D7D1022AD5D14878FA
:10D5B000FF28D2D10120C3F8981283F8972283F86C
:10D5C0009402CAE7A06890F88F30A3F11105EDB27C
:10D5D0000C2D40F28081D0F88030DA0704D5314636
:10D5E0000920D2E73C1F0020990740F10281314613
:10D5F0000C20FFF74DFBA26892F8D13043F00103F5
:10D6000082F8D130A568B5F8D83195F8DC810133BE
:10D61000A5F8D831B8F1000F00F02283F5F7D6F85D
:10D6200010B10023A5F8D831A36818880EF004FCC7
:10D63000A168824691F89230B1F83280012B40F215
:10D64000648391F89030082B40F03283B1F8C030F9
:10D65000022B40F25A83B1F8C2500135ADB2B1F895
:10D660008830DFF870932B44A1F8D031D9F800301E
:10D67000002B00F04E83B8F1010F40F24A83F5F71A
:10D6800099F80246A068D9F80090B0F88810C84709
:10D6900001301FFA80F9A36893F8DD21002A3DD1FB
:10D6A000012D3BD993F88F200AB10C2A36D193F87B
:10D6B0008E209ABB93F8902082BB93F89220022A86
:10D6C0002CD193F8DF214ABB586907F084FE28B3B8
:10D6D000A36893F81621FE2A20D1B3F8D221012A9B
:10D6E0001CD9B3F8D8119A8C914217D2BAF1000F15
:10D6F00002D0BAF80E0088B9013D521AADB292B20A
:10D70000B5FBF8F5954228BF154605FB0899003D85
:10D710001FFA89F918BF012583F8DA51A94B1B6854
:10D7200013B1484698478146A368B3F888008144FE
:10D73000A3F8D4912288A368550657BFB3F8E42113
:10D740000022B3F8D6115218A3F8E42193F820313F
:10D750002BB9A36893F89030073B012B07D8A36837
:10D76000B3F8C420B3F8D6110A44A3F8C420A368C0
:10D7700093F8CA0030B1B3F8C620B3F8D6110A4402
:10D78000A3F8C62093F9CE100029C1BFB3F8CC206E
:10D79000B3F8D6515219A3F8CC2093F8B1205AB956
:10D7A000002F40F00083227F022A40F0B58293F8D8
:10D7B0001821062A18BF1622A36893F8B0302BB997
:10D7C000A368814883F8B120FCF70CFDA0680DF038
:10D7D00046FE7E4B1B681BB17D4AA06811689847C6
:10D7E000A368002283F8DB2106B0BDE8F047FBF711
:10D7F00035B95A0702D531461320C6E6190706D5B2
:10D8000090F81031314680F818310720BDE61A062D
:10D8100002D500211B20B8E613F030023FD090F86B
:10D820002331002B40F0C582A36893F82231F3B175
:10D83000A06890F88F3000F5917100F2A222262B9B
:10D840002BD090F88E30A3F1260CDCF1000343EBD3
:10D850000C030CF0F4F9A268D2F8803023F0200316
:10D8600043F01003C2F88030002382F82231A06810
:10D87000D0F88030DA0640F19C8200F25111FCF7BA
:10D88000A3F8A36800211520B3F85E20A3F818219F
:10D89000B3F86220A3F81A2177E60123D9E713F041
:10D8A000400102D0114624206FE613F4807201D0AB
:10D8B0001E206AE613F4007102D011462F2064E6A0
:10D8C00013F4806201D031205FE6DB0440F1718205
:10D8D00011462C2059E6123B0B2B4CD8DFE803F005
:10D8E000064B4B4B09114B4B4B4B4B3C00210B2038
:10D8F0004BE6FCF7EBFC00283FF484AE002104204B
:10D9000043E690F89032012B08D100210520FFF763
:10D91000BFF9A368002283F8902273E6A36893F806
:10D920009032022BD8B27FF46DAEA368062293F832
:10D93000D0501DB1002183F81821E8E722480321C7
:10D940000CF088FAA368294693F8E03013F0040F2E
:10D9500014BF11200D20DAE70021062015E6002172
:10D96000112012E692F82C31012B04D192F82D31BE
:10D97000002B00F03382A36893F88E20CAB993F885
:10D980008F20113A0C2A40F23A8293F8BE20002AE6
:10D9900000F0358201211220F7E500212D20F4E569
:10D9A00000213A20F1E500212020EEE500213C2075
:10D9B000EBE50A2A40F0348293F81121012183F823
:10D9C000182122E718060020401F0020FC05002037
:10D9D000780000200C060020A36893F832319BB138
:10D9E000A36893F8D13013F003050DD101210C2069
:10D9F000FFF74EF9A36893F8D12042F0010283F8B3
:10DA0000D12083F8325188E7A36893F834317BB191
:10DA1000A36893F8E730DB0902D001212B20B4E59D
:10DA20009B4B1B68002B00F092809A4898478EE031
:10DA3000A36893F8223143B3A36893F8233123BB3F
:10DA4000A06890F88F3000F5917100F2A222262B89
:10DA500019D090F88E30A3F126056B426B410CF083
:10DA6000EEF8A368002283F8222101211420FFF799
:10DA70000FF9A368B3F85E20A3F81821B3F8622069
:10DA8000A3F81A21BEE50123E9E7A36893F82C2146
:10DA9000012A74D193F82D31002B70D1A06890F831
:10DAA0008F20A2F12103062B69D92F2A67D090F885
:10DAB00074104B1EDBB2032B09D890F87550DFF8B9
:10DAC000ECE1013D1EF803C0EDB2032D04D940F294
:10DAD00049310620F2F7CEFEBCF1020F90F82E314C
:10DAE00014D0BCF1030F13D0BCF1010F04D1012BF2
:10DAF00014BF002301236BB9A2F14403012B26D9E3
:10DB00000B3A042A23D9012116203EE5022BEFE728
:10DB1000042BEDE71EF8055090F82F31022D24D08C
:10DB2000032D24D0012DE7D1012B14BF00230123A5
:10DB3000002BE1D0B0F8883000F52872B0F8300141
:10DB40000BF09FF90146A8B95248FAF7FDFDA3680A
:10DB500093F88E20002A7FF455AD93F89432002B71
:10DB60003FF450AD0121FF200FE5022BDDE7042B30
:10DB7000C2D1DFE7A368282283F88E2042E5A3689C
:10DB800093F8363113B101212220FEE4A36893F803
:10DB900035313BB1404B3F481B689847FE28D6D0F3
:10DBA0000121F2E4A36893F83E3113B101211D2055
:10DBB000EBE4A36893F83F3113B101212E20E4E494
:10DBC000A36893F8413113B101213620DDE4A36845
:10DBD00093F8423113B101213020D6E4A36893F8C1
:10DBE000453113B101213820CFE4A36893F84331C4
:10DBF00013B101213220C8E4A36893F8443113B172
:10DC000001213520C1E4A36893F8463113B1012105
:10DC10002620BAE4214DAB6893F89C3213B1012160
:10DC20003E20B2E4AB6893F8473193B1AB68122160
:10DC30001888F3F757FE43689B0706D5184B281D35
:10DC40001B68984701213B209FE4164B281D1B6849
:10DC5000ECE6154B1B68002B3FF479AF281D9CE7C1
:10DC6000F4F7A2FD08B1A5F8D881F4F7B7FD0028B4
:10DC70003FF4DAAC95F8DF310133DBB2022B85F8E3
:10DC8000DF3182BF0023A5F8D83185F8DF31CBE43E
:10DC900028060020401F0020D80500203C1F00203F
:10DCA000340600203C060020EC050020424604001B
:10DCB00091F8BE301BB191F88E30102B25D1B1F800
:10DCC000C25001F18000B1F8C0304FEA8809013537
:10DCD000ED1AA5EB88050DF00AFBC0B1D1F8B8200C
:10DCE000D1F8B400531C1B1AA3EB09039D42A8BF33
:10DCF0001D46BAF1000F05D0BAF80E30043B9D4224
:10DD0000B8BF1D46012D3FF7A9AC0125A7E42B465E
:10DD1000ECE74FF00109BEE4012A09D193F8912004
:10DD2000002A7FF449AD0021A068F5F703FD50E516
:10DD30005EB1F00635D4310735D4B20635D4B30719
:10DD400035D140F618213120C4E638B1B3F8C60009
:10DD5000B3F8C820904201D322222DE5002905DD29
:10DD6000B3F8CC10B3F8C8209142F5D2B3F8C41080
:10DD7000B3F8C22091420BD2A36893F89210B3F883
:10DD8000C02051B1B3F8C2309342CCD8082213E579
:10DD900093F82031002BDFD1EEE7052AC3D93E22CC
:10DDA0000AE51E2208E53D2206E5232204E52A2293
:10DDB00002E5A26892F88F303A2B3FF4EEAD11D80D
:10DDC0002B2B3FF4F0AD322B3FF4C9AD232B7FF466
:10DDD000D2AD92F82C31022B7FF4C4AD0021172074
:10DDE000FFF7D3BB422B3FF4DBAD4B2B3FF4DEAD53
:10DDF0003D2B7FF4C0AD00213320FFF7C6BB0C2DB7
:10DE00007FF600AC93F83331002B3FF4E5AD0121F0
:10DE10000E20FEF73DFFA368002283F833217CE546
:10DE20000C2D3FF694AEFFF7EDBB00BF73B56A4D06
:10DE300000240126A8602E712C802C752C77FF23DE
:10DE400080F8DB31AB681888FAF7C4FDAB68188836
:10DE5000FAF7ECFDAB68B3F8D221EAB193F81621DA
:10DE6000FE2A19D193F82031B3B1AB6893F8902012
:10DE7000073AB24210D993F821210220A3F8C440F6
:10DE8000314683F81821FEF703FFAB68022083F8C0
:10DE9000DA41FEF715FE04E0AB6893F81601FE28A0
:10DEA000F7D1AC68B4F8D61104F18000638E013963
:10DEB000B4F8D82189B2B1FBF3F31344A4F8D831F4
:10DEC000B4F8C0300B44A4F8C0300DF010FA20B103
:10DED000D4F8B4300B44C4F8B430B4F8D2310026CE
:10DEE000012B9CBF0133A4F8D23109B184F8DF6162
:10DEF00094F88F3084F8DA61A3F10B02012A1FD85D
:10DF0000B4F88830B4F8A0229B1A190432D404F271
:10DF1000A22104F196000BF082F9AB6883F88F60C0
:10DF2000FF2283F8CB20A968B1F8D62101F1800047
:10DF30000BF0BCF9A0B340F6A3113120F2F79AFC24
:10DF4000262B17D1B4F8A022B4F888309B1A1A04F3
:10DF500010D484F88F60FEF7DFFDAB68014630B95E
:10DF600083F82C0102B0BDE87040FFF735BA83F8A2
:10DF70002C61D8E794F88E30262B01D0282BD2D1F3
:10DF8000B4F88830B4F8A0229B1A1B04CBD4002329
:10DF900084F88E30FEF7C0FD01460028C3D1E1E7CA
:10DFA0000E4B0F4900930F4A0F4B03C9F4F798FA31
:10DFB000296A19B195F8240003F09EFDAB6893F827
:10DFC0008F30123B0B2B04D802B0BDE87040F4F741
:10DFD0007FBA02B070BD00BF3C1F0020D9D3000043
:10DFE000401F0020FDC90000C9CC0000D0F8A832B5
:10DFF000C269934273B5044612D1D0F8AC62426A4A
:10E00000B61A18BF012694F8B452002D42D02088C9
:10E010000DF012FF30B94FF444613120F2F72AFCC1
:10E020000126F0E7B4F8B022638E9A421CD1B4F80E
:10E03000B23282899B1A18BF012394F88E50442D66
:10E0400016D094F88F20442A10D0002502212046B3
:10E05000FBF740F9002D44D0002384F88E300323D1
:10E0600084F8923002B070BD0123E6E73343ECD070
:10E070001D4B1B6813B940F64B41CEE7A5F1440296
:10E080000021684601945542554101228DF8002037
:10E090009847DBE7002ED8D02288A3F57A7104F5E3
:10E0A000CE70A4F8A62141F2707291420F4995BF3B
:10E0B0004FF47A7240F2E242B3FBF2F3B3FBF2F3B5
:10E0C00098BF03F550639BB2A4F8A831B4F8AC3202
:10E0D000A4F8AA31B4F8AE32A4F8AC310BF020FDAC
:10E0E000B4E784F88F50BAE724060020299F010086
:10E0F00008B5FBF7B3FD024B024A1A6008BD00BF2A
:10E10000DC050020DDCB000038B521220B4604469B
:10E1100003F8022B00F109021D3052F8045B824221
:10E1200043F8045BF9D11088188092789A708A7845
:10E13000122A03D80F4BD340DB0717D4B1F807508E
:10E1400005212846F3F7CEFB18B99821AA20F2F74B
:10E1500091FB50300CF0CAFB08B19B21F6E705217A
:10E160002846F3F7D5FB08B19C21EFE7002304F81C
:10E17000053C38BD8100040003784268A3B992F8D9
:10E1800074100B4B03EB810358684FF47A7300F261
:10E19000E730B0FBF3F0D2E972316E3341F10001A8
:10E1A000C01841F100017047D2E99201704700BFE9
:10E1B0004846040010F8023C2DE9F043044689B0BB
:10E1C00023B900F8053C09B0BDE8F083002300F155
:10E1D0001206CDE9063305238DF81E3006A8F3F7A5
:10E1E000BBFB054680B105210DF11600F3F704FBDA
:10E1F000BDF816300546E381E0B907237B49204688
:10E2000063720BF084FCDEE70698237C827A9A42E4
:10E21000E4D1637C00F10C01C07A13F0FD0F3346AA
:10E2200014BF012200220AF0ADFE0028D6D004F867
:10E23000055CC8E70146184600F08AFB14F8043C68
:10E240006B4FEB7414F8033C2B7534F8083CA5F8BD
:10E25000883054F80C3CC5F88C3014F8063C2B760A
:10E260000023AB753B680BB30721BDF81600F3F72D
:10E27000FBFA0646D0B101463B68BDF81600984748
:10E28000237F40F2E2411A1E18BF01226A7654F839
:10E29000102C86F835303260627F4A4372607D22EE
:10E2A000A37F4B43B360E37F5343F36005F1500614
:10E2B0003046FCF743FB58B10521BDF81600F3F7D3
:10E2C00027FB002899D040F20911AA20F2F7D2FAD0
:10E2D000237C04F1340105F11E0040F2E249AB72E7
:10E2E000637C13F0FD0F14BF01230023EB72D4F8FD
:10E2F0001230EB60E38A2B8201236B750AF08FFFEB
:10E30000B4F81900E36A09FB00F92B60236BC5F828
:10E3100078906B60E37E85F8923094F8423085F80F
:10E320009830E38FA26AA5F8A030638F5343C5F8F5
:10E330009C30A37AE17A43EA0123A5F8A230237E38
:10E34000013BDBB2022B0CD82A490B4493F8243052
:10E35000EB7594F8463043B1012B3BD040F2C1310C
:10E3600001E040F25F310620B0E74FF01E08B4F93B
:10E370003C00B4F84470C317A0FB020102FB031178
:10E3800094F847304FF41612534308FB0733C71A6B
:10E3900061F10001012F71F100031EDA4A4638468F
:10E3A0000EF01EFFB4F84030034409FB00F09BB2AE
:10E3B000C01B5A1E0633A5F862209BB26A7D85F801
:10E3C000932000903046CDE90183D4E90823FCF77F
:10E3D000BBFAF8E64FF49678C9E7781E4A4661F131
:10E3E00000010EF0FDFE0130DCE700BF09E1000096
:10E3F00040060020484604002DE9F04F834687B0D0
:10E4000008460E460BF0F2FADBF80490054611219F
:10E41000B9F80000B9F888A0F3F764FA837B0446E2
:10E42000002B00F0ED80C37A002B40F0E9806F7E76
:10E430007B1E012B02D9042F40F0E280FAF756F937
:10E4400037EA000340F0DC802B7E05F11A0713F059
:10E45000100FC3F3001118D0EB7F03F0C003402B63
:10E4600013D13846FAF7B8FD78B10AF0CFFD082885
:10E4700080460AD004AA0DF10F01FAF795FD88B97C
:10E4800040F28F11AA20F2F7F5F92B7E4FF0080821
:10E49000D5F81A00C3F3001304908DF80F30BB8831
:10E4A000ADF81430F3782A2B40F0AE8030460BF0F4
:10E4B0009FFA0646002800F0A780036823600379CE
:10E4C00084F82C30437984F82D30837984F82E3009
:10E4D000C37984F82F30AB7A5846D5F80670C3F369
:10E4E00004030193FFF748FED9F81C20019BA263A7
:10E4F000C4E90C01AA8A84F84470AAEB020284F8E9
:10E500004830A4F84C203A0A84F845203A0C3F0ED3
:10E5100084F8462084F84770D5F80B302A7CE363F2
:10E52000EB7B43EA02236A7C43EA024323642B7EAB
:10E53000C3F3421384F85230EA7DAB7D43EA0223F1
:10E54000A4F84E30EA7CAB7C43EA0223EA78A4F8D4
:10E55000503002F01F02AB7843EA0223A4F8543093
:10E56000EB78C3F3401384F85630EB780498C3F388
:10E5700080139DF80F7084F857302B8CC4F822005C
:10E58000AAEB030384F82170A4F84A30BDF81430D4
:10E59000E384AB7AC3F3421384F82B306B7E990784
:10E5A0003CD413F0010001D103F00400F8F716FD8C
:10E5B00084F828002B7EB8F1080F51462846C3F393
:10E5C000030318BF47F0020784F82030AB88A4F893
:10E5D0002930B9F8003063832B8818BF84F8217084
:10E5E000A3834FF0FF33A377E3770BF01BFA0346C7
:10E5F00004F11000A3B91223174963760BF087FAD0
:10E60000002007B0BDE8F08F002684F82C6084F865
:10E610002D6084F82E6084F82F605CE70220C5E747
:10E62000A6B133795A1E1206E5D47279052AE2D9C9
:10E63000B779791EC9B2FD29DDD8F1790129DAD976
:10E640005343A9888B42D6DCBA42D4D9FF23E37264
:10E6500002490BF062FAD3E709E10000B5E10000DE
:10E66000014B1873704700BFD81F002010B5B0F8D9
:10E67000A2000C461121F3F735F930B14476103081
:10E680000249BDE810400BF042BA10BD09E100009C
:10E69000034B186890F837300BB10CF066BF704729
:10E6A000F01F0020014B18680CF05FBFF01F002026
:10E6B0001A2337B505460B7030F8340C0C4615F8A4
:10E6C0002A2CA1F8030015F8323C4B7115F8313CA7
:10E6D0008B7112B143F002038B7115F8233C002BB0
:10E6E0003FD00721F3F7FEF818B940F2E1110D20F1
:10E6F0003EE090F8353040F2E2414268637483684E
:10E70000B2FBF1F2B3FBF1F3A2747D22E374C368B0
:10E71000B3FBF2F3237515F8253C2BB1013BDBB2BB
:10E72000032B22D8224AD35C637340F2E242EB6BA4
:10E73000B3FBF2F3E38195F85630237455F8303C7F
:10E74000C4F8073035F82C3CA4F80B306B7AA37072
:10E7500053B305F114000CF0C9F858B140F20B2185
:10E76000C5E76374A374E374D4E740F2493106202B
:10E77000F2F780F8052135F8340CF3F7C9F810B139
:10E7800040F20F21B3E704238DF8043002238DF803
:10E79000053000209DF8043063F307009DF8053034
:10E7A00063F30F2003B030BD04228DF80420EEE7A0
:10E7B000E846040070B5174D06462B68188900F02E
:10E7C00003FD044620B928680CF0CFFE204670BD3A
:10E7D00002F010FF104B186803F0F4F82B68FF20CC
:10E7E000D97D02F0ABFE2B68186802F06DFF304651
:10E7F00002F074FF204603F0FBF82B68586803F022
:10E80000DBF82B680120A521DA7D02F0FBFF012057
:10E81000DDE700BFF01F002068060020F8B5174BA9
:10E820001B68DF7D9E6E93F83840FB1E012B1DD8C0
:10E830002401032704F5E7743846F03E03F040FB5B
:10E840000F4B3518384603EB87035E6803F040FB37
:10E85000C0F57970033083194FF47A70B3FBF0F38D
:10E86000281B1844BDE8F84003F0F8B8022F0BBF8E
:10E870000B340A34A400E400DEE700BFF01F0020E0
:10E88000E846040010B5447D4CB980F845103C3092
:10E8900005490BF03FF9BDE8104007F068BC034B99
:10E8A000BDE810401B681847B1E600004406002090
:10E8B00010B5134C206890F83A305BB9C37D042B37
:10E8C00008D1012180F83A1043F2D20005F04AFE47
:10E8D00020B12068BDE810400CF047BE2268906E61
:10E8E00000F5435300F53F5012332C30936605F08A
:10E8F000C5FD20B940F20B410D20F1F7BBFF10BD63
:10E90000F01F0020014B024A1A60704744060020A5
:10E910006DE60000044B054A1A60054B054A1A6073
:10E92000054B064A1A6070474C0600204D01010055
:10E930005006002035010100540600202901010085
:10E94000014B024A1A6070476806002058060020F2
:10E9500038B50C460546A822002120460EF0F2FCF0
:10E96000284600F019FC41F6FF732581A383024B72
:10E970002465A36538BD00BFB0ED000070B5104D33
:10E980000C460721F2F7C4FF2B68C3B194F8393065
:10E99000ABB10C4B1B6823B94FF420710D20F1F77C
:10E9A00069FF98470A2180B2F2F79CFF10B940F244
:10E9B0008321F3E72B683E21BDE87040184770BD06
:10E9C00050060020540600202DE9F0435E4D074616
:10E9D00085B00C46286850300BF00FFF78B102214B
:10E9E00038460AF093FE2A680146107E0CF068FE55
:10E9F000014600283FD000211046FFF743FF39466B
:10EA000028680CF06CFEFAF7D5FC022C814607D082
:10EA100002F046FD01462868002250300BF0A8FEA7
:10EA20002B68DE7CAEB1032138460AF06FFE631E10
:10EA3000012B0ED92A68137D5BB160B3417803784E
:10EA400001F00F01968B43EA0123F61A938318BF56
:10EA500001263E4B1A683AB32A6892F839201AB355
:10EA60001B6838462968984780460EBB00BB631E6A
:10EA70005C425C410BE002F150000BF015FF28688E
:10EA8000847D0CB1002402E01A21FFF7FBFE204632
:10EA900005B0BDE8F0831E46DBE7022CF2D12B68FF
:10EAA000188900F071FCEDE7002EE0D04FF000086F
:10EAB0002A680120B2F8623011890190CDE902681C
:10EAC000567E4A46464038467642F6B2009600F0F8
:10EAD0008DFB814630B1B8F1000F03D02B680022C6
:10EAE00083F83920012CD2D0042138460AF00EFEDA
:10EAF0000646B9F1000FD0D00028C3D082785F2A33
:10EB00004FEA52112A6894BF114B0023D27D9CBF5B
:10EB10005B181B7E9A42C2D102F09EFC96F900302F
:10EB2000B278002B737802F01F02ACBF1E214FF4A5
:10EB3000967143EA02234B431A1AB2F5877FAED38C
:10EB40009842ACD80424A2E7F01F00204C06002015
:10EB5000E84604002DE9F041374D07460E462B6884
:10EB6000188900F031FB044620B940F255110D2000
:10EB7000F1F780FE27B92868BDE8F0410CF0F5BC3C
:10EB8000002EF8D10AF0A8FE0028F4D0237803F074
:10EB90000F03072BEFD1E3789B09ECD1032120462B
:10EBA0000AF0B4FD38B12B6841789A7AB2EB111FA4
:10EBB00001D01846E0E72B6893F83730032B05D0D7
:10EBC000052B13D0022B13D1002100E00121204698
:10EBD000FFF7FAFE2B68012883F837000BD00428D2
:10EBE0001BD00028E5D04FF4D071C0E70221EEE73A
:10EBF00040F28111BBE7114C226812B940F28F112B
:10EC0000B5E707211889F2F76DFE10B940F29111AE
:10EC1000ADE72368BDE8F0411847014620460AF0F9
:10EC200075FD014628680B78C3F3050380F836307C
:10EC3000BDE8F04100F0CAB8F01F002048060020EF
:10EC400073B500232E4D80F83A30286050300BF019
:10EC5000D4FD20B12B68FF2283F838202BE02868F0
:10EC6000C67D042E08BF03260CF0EFFC019005F0D2
:10EC700033FC032E01993BD0022E0CBF4FF47F745E
:10EC80004FF4FF64844228BF0446204605F06AFC26
:10EC90002B68002831D19A6E032E22449A662AD01E
:10ECA000022E0CBF04200820B4FBF0F4FF2C28BF78
:10ECB000FF2483F8384028680CF042FD2868B0F83B
:10ECC000622050F81E1B0AF0C2FAFFF773FD28B14C
:10ECD000FFF7A4FD286850300BF0B9FD2B685A7E71
:10ECE000002A14BF0322022283F8372002B070BD2D
:10ECF0004FF47F64C6E71020D6E70022ACE700BFE0
:10ED0000F01F0020002310B580F83A30FF230A4C92
:10ED100080F838300523206080F8373090F83600CE
:10ED2000FFF748FD38B1206850300BF090FDBDE88A
:10ED30001040FFF773BD10BDF01F0020002370B519
:10ED400080F83A30FF23124E0D4680F83830052304
:10ED5000306080F83730008900F036FA044620B978
:10ED60004FF443710D20F1F785FD336893F83600B9
:10ED700002F0B4FC336829460120DA7D02F042FD3E
:10ED8000204602F035FEBDE87040FFF747BD00BFEA
:10ED9000F01F0020014946300AF0BCBE07B6010052
:10EDA000442302493C3043720AF0B4BEB1E600008D
:10EDB00081B601004BB6010041EC00006BB50100CB
:10EDC000B1E800005D1C01006BB701002DE9F04FB8
:10EDD00004468BB00F4690F86030072B02D10CF040
:10EDE000EAFC7DE002F05CFB814602F035FB97F91E
:10EDF00000307E784FF0000A002BBB78029003F0C1
:10EE00001F03ACBF1E224FF4967246EA03263B78DE
:10EE10005643DA0914BF4FF496784FF01E0813F0EA
:10EE2000400F08EB060B14BF32254FF4FA7509F0BA
:10EE300062FF284481B2584604F094F9039005F02B
:10EE4000A1F819EB000541F10003D4E91C1001936E
:10EE5000711A60EB4000491943EB0000A36F8B422D
:10EE60007AEB0003039B01D22046B8E702981033E7
:10EE700048445A00039300F28B10B04237D23E4907
:10EE800004F1500002920BF047FDA16D08F5B67831
:10EE9000206D09688847029AA16D90448DF810A0F2
:10EEA000496808EB0007206D05978847A53D019B41
:10EEB0008DF8180043F1FF31039B94F85400F31AC6
:10EEC0008DF819A0ED1841F10001CDE9085104A910
:10EED00005F0C0F818B99C210C20F1F7CBFCA7660F
:10EEE000A36D2046DB680BB0BDE8F04F184709F56D
:10EEF000B6739B44E37D042B21D0032B22D0022B3D
:10EF000040F6480008BF4FF4856093448344A06EE8
:10EF100083451AD897F900302046BA78002B7B78C1
:10EF200002F01F02ACBF1E214FF4967143EA022388
:10EF300001FB03910BB0BDE8F04FFFF7FFBE44F2B9
:10EF40009020E2E741F2BE10DFE7ABEB000B0121BE
:10EF5000BBF1190F38BF4FF0190B584605F002FBF3
:10EF6000002881D1A06E5844A066E63805F086FAE4
:10EF70000028CFD178E700BFCBB701002DE9F04FD3
:10EF8000DFF8908185B00C46D8F80030B8F80490CE
:10EF9000C51AB5FBF9F5EDB209FB0539484606F08F
:10EFA000B7FA064618B9E6210E20F1F763FC0146D0
:10EFB000484606F0BBFA0746304606F0BBFA0C237B
:10EFC000064605215D43D8F808302B449888F2F7AF
:10EFD00089FC002800F09B80F2791ABBB179DFF838
:10EFE00038A1DAF800B0BBF1000F1DD0737903B976
:10EFF000D1B1D8F8082039461544B279A8880092D2
:10F000002246D847002210F47F4FC4B2C0F3072332
:10F01000727174D1484606F08FFA00286BD14FF414
:10F020008771C1E70021DAE7002A62D01C23237030
:10F03000D8F80830C07C2B449B886380002866D0B9
:10F040007388A4F8073033796372737CFF2B08D17F
:10F050007F22A371A372002322716271E3720424E0
:10F06000D8E7062138460AF051FB68B373785BB3E2
:10F0700090F90030237102213378384663710AF029
:10F0800045FB18B303789B09A371F422D8F8083024
:10F0900004F10C0138462B441B7A0AF09BFBD8F88C
:10F0A0000830E0722B441A7A1044187238460AF07D
:10F0B00089FBD8F808301D442B7A834208D00123FD
:10F0C000A372042401231AE07F23D3E7FF23DBE7A5
:10F0D000737CA37200232B72DAF80030002BBED0B1
:10F0E0002C2138460BF070F90028B8D00123737139
:10F0F000E7E714468EE7484606F063F90023002050
:10F1000064F3070063F30F2005B0BDE8F08F0446F9
:10F1100080E700BFF41F00206C0600202DE9F843B3
:10F1200005460E464FF481701221914606F0C8F84C
:10F13000041E2CDB25B90C3406FB04F0BDE8F88373
:10F1400015F0030704D040F225110E20F1F792FBD1
:10F150000C22DFF8408006FB045039467243C8F8A1
:10F160000050C8F80800A8F804400EF0EBF8BE42C2
:10F17000E1D0B8F804504B46D8F8000012224FF402
:10F18000817107FB0500013706F050F8EFE74FF0FB
:10F19000FF30D3E7F41F002038B50A4D0521F2F700
:10F1A000FBFB04462B68A88804FB003006F05FF8E0
:10F1B0000C20A968002344430A190B51D380138102
:10F1C00038BD00BFF41F002008B50521F2F7E4FBAD
:10F1D000054B4FF481719A881B6800FB0230BDE833
:10F1E000084006F037B900BFF41F00202DE9F04FAA
:10F1F00087B08A46624C8146052150469DF844807E
:10F20000CDE901239DF840300093F2F7C5FBA388B8
:10F210000546266800FB0366009BFF2B09D130469C
:10F2200006F0E0F8012833D10025284607B0BDE8F4
:10F23000F08F4FF0000B01223CE0C14658E0BBF1DB
:10F24000000F06D184F811B0A2F806B041F805B05D
:10F2500088E09BF802309BF8010003F01F0350EA9E
:10F2600003230BBF02200123607463740BBFD380A0
:10F270004C514B5182F8099074E0637C012BD4D03F
:10F28000002323743F4904F108000AF043FCCCE753
:10F29000042148460AF03AFA83460028CBD09BF86E
:10F2A00002209BF8011002F01F0251EA02230CBF5A
:10F2B000012200220C20A1680392454330464F5999
:10F2C00006F089F818B9039A57EA0203ACD00DF199
:10F2D000120205A9304606F047F9059806F02AF90A
:10F2E0000446B8F1000FA8D048460AF06BFA8146F0
:10F2F000234940F2726E886800EB050CBCF80620CA
:10F300004A44724590DC019BB7FA87F7ACF80620B7
:10F310009DF84C207F092370029BA27163809DF8A9
:10F320004820009B677000272371E2714259677182
:10F330004AB1507C012806D117748A681149505986
:10F3400008300AF0E7FB0E4A91684A19A2F804A0B7
:10F35000B8F1000F7FF473AFFF236374A2F8068047
:10F3600041F8058001224FF48171304606F091F892
:10F370000546002881D174210E20F1F77BFA00BFE9
:10F38000F41F00207DEF000070B50C240E4E052107
:10F39000F2F702FBB3684443185998B10379FF2B85
:10F3A00004D040F2D7110E20F1F764FA022343741F
:10F3B00000250574054908300AF0ACFBB3681A193A
:10F3C000D5801D5170BD00BFF41F00207DEF0000EF
:10F3D000014B024A1A6070476C0600200D070100BD
:10F3E00038B5044690F854100CF082FB054694F8AA
:10F3F000383094F86F00022B0CD102F069FD00F553
:10F400001F430B3303F2E7334FF47A70B3FBF0F092
:10F41000284438BD034B53F8203003F50653183306
:10F42000F0E700BF744704000C4B30B51D6895F839
:10F43000544095F85650B1FBF4F295420CD990F82F
:10F44000F0501879854207D104FB12115879C9B2DE
:10F45000431A5842584130BD0020FCE71C200020D0
:10F4600038B5164B04469B680BB1F7F779FC01F0F1
:10F4700083FC94F8383004F1C805022B04D12846E7
:10F48000BDE838400BF0FFB9D4E9042394F85410D8
:10F49000013243F10003A2FB012001FB03032046DC
:10F4A0000CF046FA20460CF0E7FB08B10123E376A6
:10F4B0002846BDE838400BF0D6B900BF1C2000201C
:10F4C0000A4B37B51C6894F83C50236E013D94F804
:10F4D0003E2094F83A1094F89C005D43E46D00944B
:10F4E0000CF0EFFA401B03B030BD00BF1C20002021
:10F4F00009B9FFF7E5BF054B1B6893F83C20891A53
:10F50000D3E91732584302FB010070471C2000204A
:10F5100090F839303BB90449D0E92823C0E90223E7
:10F5200031300AF0F7BA7047CFC101002DE9F04140
:10F5300005462F4C0E46EA06206811D527693B6E1A
:10F5400073B1237D90F8541090F856C0B3FBF1F2DC
:10F55000944581BF97F8F07001FB123327716371F6
:10F560000123C8306375A3750BF047F915F0080740
:10F570003AD018B10021206800F0DCFD15F04008F9
:10F5800014D0FFF79DFF23680246314603F1C800FF
:10F590000BF0EEF837B3B8F1000F14D0F7F7DCFC3E
:10F5A00001462068BDE8F0410CF0D2BA236923B9C6
:10F5B00040F2C5114D20F1F75DF993F8F010207D70
:10F5C000FFF796FFDFE76B070CD5E37D53B9F7F73D
:10F5D000C3FC22680378117EC3F382038B4201D0FF
:10F5E0000123D376BDE8F0810028FBD1C6E700BF38
:10F5F0001C200020174BF0B41C6894F8545094F869
:10F60000567094F85530B1FBF5F29742D6B205FB2F
:10F61000121294BFC7F101070023D2B29EBFF619A0
:10F62000F6B27343D4E904649B1944F10006A3FBCA
:10F6300005349B1805FB064444F10002D0E9005450
:10F64000AB4272EB040302D3F0BCFFF7EDBE012026
:10F65000F0BC70471C2000202DE9F84316460546F3
:10F66000DFF8588065B1013105F1E009CCB2D8F876
:10F67000007097F83D30A34206D8D5F8F850D5B9B8
:10F68000FF230025337009E097F83830022B04D1AE
:10F6900021462846FFF7AEFF18B934702846BDE86A
:10F6A000F88323460134D5F8E42049463846E4B2CD
:10F6B0000CF04EF9DBE7F83DFF21D3E71C200020DA
:10F6C0002DE9F041DFF880800E461746D8F800306B
:10F6D00068B9D3F8984004B1F83CD8F8005095F8D0
:10F6E0003D30B3420ED8FF2300243B701AE0D0F81F
:10F6F000F840002CF0D1D3F8984004B1F83C013622
:10F70000F6B2EAE724B94FF482714D20F1F7B2F86E
:10F7100095F83830022B04D131462046FFF76AFFB6
:10F7200018B93E702046BDE8F081D4F8E42004F119
:10F73000E001334628460CF00BF9D4F8F840002CD1
:10F74000CAD1D8F80030D6E71C2000202DE9F04FB0
:10F75000BD4D4FF000088FB081460C460146287D14
:10F7600085F81680FFF7C4FE2A68074692F838A08D
:10F77000BAF1020F35D1D2E93A63D2E93E12761AD4
:10F7800063EB0203361843F10003012E73F100020C
:10F7900004DA40F2E7114D20F1F76CF84FF0FF3238
:10F7A000B24278EB030302DA4FF4F471F3E76B7DB6
:10F7B00083BB09F0A0FA2B6893F80A210B2A03D91E
:10F7C00040F2FB310620E7E7A04B4FF0100A03EBB5
:10F7D0004203198C0144304689B203F0C3FC00EBAC
:10F7E0000A082E6896F83E30022B97BFD6F8F03004
:10F7F000F36D5B08963B434514D806F1C8000AF048
:10F80000FCFF50B13E21286800F094FC01200FB0AD
:10F81000BDE8F08F32210846DCE70821286800F0B7
:10F82000C1FCF3E7B9FA89F1304649090CF09CF8BC
:10F83000AB6938449842E9D8AB68B9F1000F40F0A1
:10F840008D80002B40F087804B46D6F8142106F5BA
:10F85000887130460CF07CF80990296891F838B02E
:10F8600001F58A7391F85400BBF1030F0A93D1E9B3
:10F8700004250CBF00260026A2FB002118BF4FF074
:10F88000030B00FB051135460CBFC4E93221C4E966
:10F890002821DFF8B4A1DAF8002092F83810032903
:10F8A00040F0C0800B9204F06DFB0B9A92F86FC091
:10F8B000664A52F82C2002F5FA7C4FF47A72BCFBAF
:10F8C000F2FC0CF16E0C00221CEB070C52411CEBFD
:10F8D000000042EB0101DAF8003093F83820703371
:10F8E0000594CDE906430A9B0493099BCDE9005694
:10F8F000CDE902B32B46F7F73BFA002886D0DAF8B9
:10F90000005095F83830032B00F0EE8095F86F002A
:10F9100002F0D6FA95F86F204C4B03EB82034FF4BC
:10F920007A729B6B03F2E733B3FBF2F303EB480805
:10F93000804405F1C8000AF060FF002800F08A80CA
:10F9400095F89D30002B00F08380012B00F0C980DA
:10F9500040F2C13136E7AB7B09937EE7002B5ED1E5
:10F960002B7D04F1E001D4F8E42030460BF0F0FFE9
:10F9700009902968287D91F854A091F8562091F8B3
:10F980005560B1F86CC091F838E0B0FBFAF39A42D8
:10F9900097BF9B1A00260133DBB298BF5E43D1E9C3
:10F9A0000432F318AAFB035B42F100020A932B46D0
:10F9B0000AFB02BBB0FBFAF50AFB1505EDB25D19B7
:10F9C0000A9B4BF1000BB3EB0C0362F10002BEF19A
:10F9D000020F0CBFC4E92A32C4E93432D1E917233B
:10F9E00008BFC4E9285B00FB02F218BFC4E9325B20
:10F9F00009F1FF35BEF1020F4FF0000B03FB0523A9
:10FA00000DBFD1F8F050A6EB0C05D1F8F8207543E6
:10FA100018BF5543ED1A04F1E4030A9339E7AB7BB1
:10FA20000993A6E72FB904F0ADFAA53041F1000122
:10FA300051E7D2E93A01381841F10001B0EB080072
:10FA400061F1000147E700BF1C200020744704005B
:10FA50001E2398444046434DF7F712FA0023297DB0
:10FA6000AB60B9F1000F66D02B680DF1370220466C
:10FA700093F89C30002B3AD1FFF7EEFD044628683E
:10FA8000C4BB90F81CA0BAF1000F54D02346D0F8A4
:10FA9000142100F588710BF05BFF2B688046D3F8CA
:10FAA000984004B1F83C4FF0000B03F58A7983F8D5
:10FAB0001CB0FF238DF8373059469DF83700FFF70B
:10FAC00017FD2B6806465146184609930BF04CFF6C
:10FAD000AA69304490422ED8099BD4B94FF43571AD
:10FAE00059E64FF49673B4E74FF00008B2E7FFF71A
:10FAF000E7FDC3E7A1469DF8373004F1E0014FF080
:10FB0000000A59F8E42F0BF023FF94F8F0B0804678
:10FB1000D2E793F838309DF83720032BAC602A7376
:10FB200085F80DB085F80E8007D123464A46414638
:10FB30003046F7F7C3F9002069E6F71B6421384621
:10FB400003F010FB0230874202D840F2EF2122E698
:10FB500023464A464146381ACDF800A0F7F7D8F9AF
:10FB6000E9E700BF1C2000202DE9F04F10F002084B
:10FB700089B08146824C12D02068C8300AF03DFE20
:10FB80003D2140B1206800F0D5FA206809B0BDE8F9
:10FB9000F04FFFF765BC206800F004FBF5E727692C
:10FBA0009FB32368217D93F8540093F85620B1FB4E
:10FBB000F0F0013A90422DD193F83830032B13D155
:10FBC000BA46D7E93253013543F1000B19F0010968
:10FBD00024D0BAF1000F40F08A80B8F1000FD4D0E1
:10FBE0004046FFF795FCD0E7D7E90003D7E9285254
:10FBF000854272EB03030DD33846FFF715FC48B975
:10FC0000B846054683468246E0E7BA46B8463D46D2
:10FC1000BB46DBE74546C346C246D7E7206890F8B7
:10FC20003830022B04D1C8300AF0E7FD0028D0D1CB
:10FC3000236893F83820022A37D1DA7E7AB3E27D3E
:10FC40006ABB93F857C093F83EE093F83A1093F8E4
:10FC50009C00CDF808C093F86FC0A669CDF804C029
:10FC6000DA6D009272461B6E0BF032FF861B059018
:10FC70000121304604F076FC059A58B92068A2614B
:10FC80000122D0F8E010C83000F8AC2C0E44866198
:10FC90000AF0DDFD01230022E3752368DA76A0680F
:10FCA00018B1A37D4BBBF7F75BF8A668002E62D1B5
:10FCB00023680DF11F02217D384693F89C3073BBF9
:10FCC000FFF7CAFC9DF81F300646237550B390F825
:10FCD000F09031464846FFF739FDB9F1000F00F1C9
:10FCE000FF3308BF002626615E425E411EE02A46C1
:10FCF0005B46504602F0DAFA6FE7637B002BD4D004
:10FD0000217BFFF777FC0028CFD0F7F729F801F027
:10FD10008DFD237BA76823750023A360C5E7FFF74C
:10FD2000CFFCCFE723681A7FE2B90126236893F856
:10FD30003830022B02BFFF2323716371BAF1000F29
:10FD400004D02A465B46504602F0B0FAB8F1000FE4
:10FD500002D04046FFF7DCFB002E7FF416AF09B05F
:10FD6000BDE8F08FFF22D3F8986018772275002E37
:10FD7000DBD0F83EADE7237B94F80D902375A8E720
:10FD80001C2000202DE9F04190F8382000215D4D25
:10FD900086B0032A28606975E975A96009D1D0E9A0
:10FDA0000423B3F1FF3F08BFB2F1FF3F01D100F0E0
:10FDB00005FA2868B0F8DA20C389C281D31AD0E9DD
:10FDC00004219BB2D31841F10001C0E9043190F83D
:10FDD0003830022B02BFFF232B716B710BF01CFF1D
:10FDE0002C6894F83830032B50D1A27E002A4DD0D5
:10FDF00001272777384604F06FFB94F854108046AB
:10FE000020460BF075FE94F83830A861032B45D1DD
:10FE1000A37E002B42D094F8573094F83E2094F8FB
:10FE20003A1094F89C00029394F86F300193E36DBC
:10FE30000093236E0BF04CFEAE693946861B464597
:10FE400028BF4646304604F08DFB38B9AB693344D1
:10FE5000AB61D4F8E0303344C4F8E0302B6893F859
:10FE60009C200ABBD3F8980000B1F8380DF11702B6
:10FE7000FF21FFF7F1FB9DF8173004462B75D0B931
:10FE80002868FFF7EDFA06B0BDE8F081032B4FF0CC
:10FE900000020CBF012702272277ABE794F83D1040
:10FEA00020460BF025FEC7E700210DF1170208469A
:10FEB000FFF706FCDFE701F09DFBF6F751FF124963
:10FEC0001248F6F743FF214694F8F000FFF73EFC96
:10FED000A0B928682C6190F83830032B09D190F82C
:10FEE0005410D0E90424A2FB012301FB04330BF0DE
:10FEF0001FFD2868C8300AF0AAFCC4E70120FFF7FC
:10FF000033FEC0E71C20002069FB00002DF5000037
:10FF10000D4A03781268D17E30B5447831B1117E34
:10FF200000250131D57601F007011176117E03F02D
:10FF30000303127F01F00701447043EA810343EA9F
:10FF40004213037030BD00BF1C200020024B01464D
:10FF500018680BF030BE00BF1C200020014B024A85
:10FF60001A6070477006002078FF0000014B186887
:10FF7000704700BF70060020E1F300003BB80100AD
:10FF800085FD000065B901002DB901005D1C01006F
:10FF90003FB8010038B5292300240B70427ACA709B
:10FFA00010F87F3C0C750B71002A52D110F8683C98
:10FFB0000B7210F8673C4B7210F8663C8B7210F8AD
:10FFC000503C4B7110F84F3C8B7110F84E3CCB718C
:10FFD00010F8493C013BDBB2032B33D8224AD35CF7
:10FFE000CB7210F87A3C0B7310F8643C4B7310F82A
:10FFF000633C8B7310F8623CCB7310F8603C0B824F
:020000040001F9
:1000000010F8803C022B22D1836B40F2E242B3FB1A
:10001000F2F34B8210F87E3C0B7550F8203C0BB38A
:10002000F83B00220124D0B2B3F8F25001EB4000BB
:10003000A0F8155083F8AB40D3F8F83093B1F83BF3
:100040000132F0E740F249310620F0F713FC036C6F
:10005000DBE70A211846F1F75BFC18B140F2AB115F
:100060004920F2E738BD00BFC047040038B52B2354
:1000700000250B7010F8803C427A022B0CBF836B7A
:10008000036CCA7010F87F4C0D740C719ABB10F899
:10009000684C4C7110F8674C8C7110F8664CCC7140
:1000A00010F87A4C0C7210F8644C4C7210F8634CD7
:1000B0008C7210F8624CCC7210F8604C8C8140F25B
:1000C000E244B3FBF4F3CB8150F8203C5BB1F83B46
:1000D00001EB4200B3F8F2400132D3F8F830D2B26B
:1000E000A0F81140F2E70A74084BFF221A700022B0
:1000F000074B1A7038BD0A212046F1F709FC002889
:10010000F2D04FF4A8714920F0F7B4FB7C00002036
:1001100038200020024B00221870024B1A707047E2
:100120007C00002038200020014B1878704700BF69
:100130007C00002080F8C11090F8C0301BB9024943
:10014000B83009F0E4BC70476D000100F8B50E4608
:100150002C210AF039F9114D0446B0B92B7801333E
:10016000DBB2052B02D82B702046F8BD0C4F0A21BC
:1001700028703878F1F7B6FB3E21FFF7DBFFFF234D
:100180002C703B7086F83940EEE7002301202B707D
:10019000D6E92023C5E90223E7E700BF3820002085
:1001A0007C00002090F8C0302BB980F8C110B83026
:1001B000014909F0ACBC7047BFB9010080F8C1101B
:1001C000B830014909F0A3BC95FF000080F8C110C8
:1001D000B830014909F09BBCE3B901002DE9F04FAB
:1001E000DFF884B28DB005460E469BF800000A2168
:1001F0009046F1F777FB0446002800F07682EA7E0D
:100200005F2A4FEA521197BF964B00275B181F7A5F
:1002100090F85730434504D025212046FFF78AFF48
:100220005DE22979CB0600F06C8290F83D301BB17D
:10023000B3EB511FC0F26582EA7812F0F80F00F0BC
:10024000608211F0E00F00F05C82AB7A13F0F00FE7
:1002500000F0578295F801C028780CF03F031CF09D
:10026000400F40EA032000F0FA8040F265639842B4
:1002700040F24782AB7802F007025B0043EADC13EE
:1002800043EA422340F67C4203F6FC73C3F30B03BC
:10029000934200F23682EB7A013BDBB2FA2B00F29A
:1002A00030822B7DEA7C1B0153EA121300F0298275
:1002B0006B7C02F00F02A87C43EA002343EA02436E
:1002C000FE2B40F21E823F294FEA511210D90AAB91
:1002D00095F82010E869019308AB01F07F010093C5
:1002E00000230CF0ECFFDDE90A23134340F0098200
:1002F0002B7903F01F025B09B2FBF3F103FB11231F
:10030000002B40F0FE81AB7AB1EB131FC0F2F981F4
:1003100004D0EB7913F0F00F00F0F381D5F817302B
:100320000AA8EA7E190A8DF82830C2F304028DF873
:100330002910190C1B0E8DF82C208DF82A108DF821
:100340002B3008F087FE002800F0DB8138460BF0E8
:100350001FFB8146002840F0D481EB7894F83B10D5
:10036000C3F3C402B1EBD30F00F2CB812B7984F835
:100370003A20C3F3040384F83E302B79C3F34213CD
:1003800084F85430EB79C3F3031384F85530AB7A17
:10039000C3F3031384F85630EB7A84F85830AA7903
:1003A0006B79697A43EA0223EA79A87C02F00F02AA
:1003B00043EA02432A7A42EA0122A97AE36501F07C
:1003C0000F0142EA0142697C41EA0021E87C934244
:1003D000226600F00F0094BF0023012341EA004190
:1003E000E87C6166297D090141EA1011A4F85A10E0
:1003F00095F8201084F86F7084F89C30C1F3C01118
:100400006B7884F86E104946C3F3801384F85780E4
:1004100084F89D30D5F80D0006F002FDC4F81401F3
:10042000B5F8153094F83D201B0284F81C81A4F81F
:100430001A90C4F81831FF2384F81C90237694F89E
:100440003E300AB1934201D284F83D30B8F1000F3A
:100450001AD05EB940F247314920F0F70BFA132861
:1004600006E700BFC04704007C000020336804F1A9
:10047000800206F1080104F14000C4F8903073686E
:10048000C4F8943000F0E0F92A7995F8201002F0D1
:10049000E003E869C1F30601202B40F0A780013892
:1004A00041F1FF310023AE7894F85720A4F8DA30F8
:1004B0007600E3816B7846EAD316EB7803F0070306
:1004C00046EA432640F2E2435E43C4E90401C4F82D
:1004D000F06094F86F1094F858000BF06BFA94F8F1
:1004E0003A2094F83E3002F1FF3C226EE16D059215
:1004F0005A1E94F86EA04A430599D4F8649001FB03
:100500000C2202EB000894F85420B3FBF2F394F8A9
:100510005620C4F868809B1A94F85520534303FB77
:1005200006634344BAF1000F68D04B44236520466C
:100530000BF0F6FA0622D4F804317243A4F86C00EA
:1005400093422CBFC4F80431C4F80421BAF1000F5F
:1005500001D04E44B044D4F89860002E51D016F823
:10056000081CF83ED5F80D0006F05AFC96F8F0305D
:10057000C6F8E400B5F8152094F86EC043EA0223EB
:10058000B4F85A10EA69C6F8E83095F8203086F8D1
:10059000B070C3F3060386F82CC0B183A87CC6E90B
:1005A000282394F85810B17794F85410F17794F800
:1005B000561086F82010697C41EA0021E87C00F0A2
:1005C0000F0041EA00417162D4F8F010C6F81880BB
:1005D000B162216DC6E900237161BCF1000F02D147
:1005E00030460BF0C6FDD6F8F860B6E75209002396
:1005F0000CF016FE013861F1000153E7A3EB09038B
:1006000094E7D5F817302046EA7E190A8DF828308D
:10061000C2F304028DF82910190C1B0E8DF82C2042
:100620008DF82A100AA98DF82B3008F0F8FD94F8FF
:100630006F1094F8572094F85800CDE906120BF08B
:10064000B9F994F89CA094F83A7094F83E90079AFF
:10065000069905905046D4E9178602924A463346D9
:10066000CDE9008139460BF033FA94F838309630F2
:10067000022B3DD1D4F8F030984242D805989630FC
:1006800080453ED386423CD3012F06D9BAF1000FF4
:1006900031D108FB09F8464533D36878B4F8DA203D
:1006A0002B7810F0400F00F03F0102F1070204F137
:1006B000C80043EA012118BF4FF4967392B208BFF5
:1006C0001E23CDE9013294F83C204B43013A06FB4E
:1006D000023300930C4BD3E90223FAF735F9FF23D9
:1006E00000228BF80030084B1A700DB0BDE8F08F77
:1006F000D4F8F830C0E7BAF1010FCED17743B8454E
:10070000CAE7112189E500BF382000202DE9F74311
:10071000804615461E469DF82890084619B9862140
:100720004920F0F7A7F80AB98721F9E72C2109F049
:100730004BFE0446A8B9B9F1000F01D09121EFE7B3
:1007400000238DF804308DF805309DF8043000202A
:1007500063F307009DF8053063F30F2003B0BDE895
:10076000F08303783A2B0BBF0127002700F1230108
:100770000021B9F1000F03D03A460230FFF72EFDF9
:10078000002EDDD0627F5F2A4FEA521197BF2D4BBA
:1007900000265B181E7A30460BF0FAF80028CFD1FD
:1007A0002823A5F80380013E2B706379F6B2C3F3CA
:1007B000C403032E6B71A379C3F30403AB712379D4
:1007C000E2784FEA430343EAD213627902F0070268
:1007D00043EA4223A5F80730A379C3F342136B72AF
:1007E000637AC3F30313AB72237BC3F30313EB727C
:1007F000637B227DAB81E37C43EA0223627DAB73A2
:100800004FEA1323EB7302F00F03627D2B74A37D79
:100810004FEA031343EA1213A5F811300ED8094B1F
:100820008DF805009B5DEB7494F822306F75C3F36F
:10083000C0132B7504238DF8043086E740F249314C
:1008400006206EE7C04704002DE9F041184B94B034
:100850000024154608AF10220E460DF1300801465F
:1008600000970DEB0200CDE904340133029301330C
:1008700003930123CDE906440BF046FA384610AF46
:1008800002A901230422CDF800800BF03DFA414675
:1008900030460123102200970BF036FA234604223B
:1008A00003A9384600950BF02FFA14B0BDE8F0818B
:1008B00031474942064B1B68D3F8000138B1D3F8E1
:1008C000040120B1D3F80801B0FA80F04009704764
:1008D00028270020034B00221A705A7010229A70A9
:1008E000704700BF4C200020F8B506460220144691
:1008F0000D4600F099FA114B114A0127191D5C6051
:100900009A6002F1807203342D011F70DC601D8338
:10091000C3E904260022243303F80A2C0D2203F82D
:10092000092C084A1268C2F830150749C2F8087540
:10093000C2F8383503C983E80300F8BD4C20002015
:100940000300000B28270020F047040008B5022010
:1009500000F06AFA0D4B01221A7000220C4B1B6842
:10096000C3F80021C3F80421C3F80821094AC3F8D9
:100970008020094BC3F88C20084B1B68C3F88C21DE
:100980000822074BC3F8042508BD00BF4C200020F7
:100990002827002003000080003008503427002062
:1009A00000200450144A08B5137803B3134B196898
:1009B0000023C1F880301249C1F88C301149096810
:1009C000C1F88C310821104BC3F80815FFF772FFEE
:1009D00040B101235370938EFF2B05D9BA213B20E0
:1009E000EFF748FF1023507093700023137000201E
:1009F000BDE8084000F018BA4C200020282700204D
:100A000000300850342700200020045008B5022090
:100A100000F00AFA0121064B00221970054B1B68F1
:100A2000C3F80021C3F80421C3F80821196008BDE8
:100A30004C200020282700200A4B1A7872B10A4B5C
:100A40001B68D3F800215AB1D3F8040120B1D3F8C0
:100A50000801B0FA80F04009C0B27047587870477A
:100A6000022070474C20002028270020064A08B5A5
:100A700013782BB1FFF71EFF20B192F8340008BDA8
:100A80009078FCE71020FAE74C2000200A4B022166
:100A90001A680023C2F88030084AC2F88430084A35
:100AA0001268C2F88431074AC2F8081502F580229C
:100AB000C2F80835704700BF2C27002000300850CE
:100AC0003427002000200450024B00221A705A7074
:100AD0009A707047842000202DE9F84305460120D4
:100AE0000C46914698469DF8206000F09DF905F06F
:100AF00003012A4F41EA084329483A6843F08073CA
:100B000080F80480C2F80435FFF7C0FFE3683A6854
:100B100093FA83FCA36880F805901FBA636819BA3A
:100B20002368C2F810C51BBAC2F81475C2F81815AC
:100B3000C2F81C35D4E9043719061B0A09BA43EA7E
:100B4000076394F82070002F23F00043E76914BF77
:100B50004FF0004C4FF0000CA4693FBA43EA0C037D
:100B6000022E24BAC2F820751BBAC2F82445C2F876
:100B70002835C2F82C150CD80A4B022DC5709B5D88
:100B8000C2F848354FF00103437000D80370BDE848
:100B9000F88340F2D7113C20EFF76CFE2C270020A1
:100BA00084200020F8470400694B2DE9F74F5A785C
:100BB00005460C4622B940F20E213C20EFF75AFEC2
:100BC00093F803C0C21C01F1030A00F101091CF0F3
:100BD000FB0E019203F1080703F138065D4A4FD17D
:100BE000497803F1400BC3F8109003F118098846C7
:100BF000A3F868100191A3F8548008F104089C64DC
:100C000092E80300C3E916EE86E80300D2E9020188
:100C10008BE803000021DFF85CB183F85610D2E9BD
:100C20000401C3E913BA87E803004B494FF00E0AE9
:100C3000596183F857A0D2E90601EA1C9A620022A2
:100C4000C3E9085B89E80300A3F82C8083F82E2011
:100C500083F82FA0C3E90CEEA378AB703F4B1B6861
:100C6000C3F83065C3F83875394B01223B499A7097
:100C7000BCF1000F4AD11B78002B40D1D5219CE755
:100C800092E8030003F1180EDFF8CC801C62C3F871
:100C9000148087E80300611C1961D2E90801C3E9E7
:100CA00010988EE80300DFF8CCE003F148082C49E7
:100CB000C3E909EA4FF0000AC3E90B1AD2E90401BB
:100CC000C3F834A083F85EA086E80300D2E90601E9
:100CD000EA1C9A655A79A3F85C200E22C3E9145ED7
:100CE00088E8030083F85F20C3E918AAA378AB70F3
:100CF0001A4B1B68C3F83075C3F83865B4E70B6846
:100D0000C3F804C11A6003B0BDE8F08FBCF1040F52
:100D100005D11A700B680021C3F80411F2E71B78A3
:100D200013B940F2011148E70A680023C2F8043100
:100D30000C4BC2F880300C4AC2F884300B4A12685F
:100D4000C2F8843102220A4BC3F80425DBE700BF56
:100D500084200020FC4704000100000C2C27002008
:100D6000E803000E01000080003008503427002006
:100D7000002004500100000D054808B503781BB1A0
:100D8000FFF784FE0023037000234370837008BDC7
:100D90008420002008B5084B1B68D3F8042122B931
:100DA00040F27B213C20EFF765FDD3F800040038CA
:100DB00018BF012008BD00BF2C270020024B0122D4
:100DC0001B685A60704700BF2C27002038B5074BBE
:100DD0000024074D1B68C3F800452B68C3F8004585
:100DE000FFF7CAFF2B68C3F8804038BD2C270020CE
:100DF000282700200A4B1A6813B2002B0DDB0121B3
:100E00005B0902F01F02203301FA02F2054941F8A2
:100E10002320BFF34F8FBFF36F8FFFF7D7BF00BF04
:100E20004027002000E100E010B50446FFF7CEFFA8
:100E3000012C03D0022C07D084B910BD094B02222B
:100E40001B68C3F80025F8E7074B03221B68C3F8AB
:100E5000002502F10042C3F88020EEE787213D2003
:100E6000EFF708FD2C27002028270020024BD3F89D
:100E7000A00300F00100704700C0FF00084BD3F84A
:100E8000A423D3F8A833511C9BB203D14FF6FF71B2
:100E90008B4203D00260838001207047002070479E
:100EA00000C0FF000B4B30B5D3F89053D3F89443F8
:100EB000D3F89813D3F89C2305EA04030B4013409E
:100EC000013317BF05600020446081601CBFC26011
:100ED000012030BD00C0FF000B4B30B5D3F880536C
:100EE000D3F88443D3F88813D3F88C2305EA04039A
:100EF0000B401340013317BF056000204460816040
:100F00001CBFC260012030BD00C0FF00074B0022A3
:100F1000C3F80022C3F81822C3F82022C3F80C2219
:100F2000C3F81422C3F81C22704700BF00A0085069
:100F300010B50D4C01F03F01D4F8203E41F40C31C6
:100F400023F4702341F4207143EA0242C4F8202EB6
:100F5000064A536A23F0030318435062C4F8000D95
:100F6000C4F8101D10BD00BF00A00850F8200020DC
:100F7000064B10B50024C3F8704322462146204694
:100F8000FFF7D6FF024B83F85C4010BD00A008506D
:100F9000F8200020024B00221A809A701A717047C4
:100FA000F8200020EFF3108272B60D4B93F85D101D
:100FB00021B19B78012B04D0022B0ED002B962B66E
:100FC000704710F0040FF9D1064B0021C3F840150B
:100FD00003F5A04301211961F0E710F0020FF2E7D9
:100FE000F82000200050085000280CBF04230223E2
:100FF00007B58DF8043000238DF8063002F0AEF905
:1010000001284FF0FF3088BF00208DF8050001A8AF
:1010100003F090FE20B140F61B313E20EFF72AFC92
:1010200003F0A0FE58B15723ADF80230BDF80230EE
:101030009BB25A1E92B2ADF80220002BF6D1034BA0
:10104000012283F85D2003B05DF804FBF820002046
:1010500038B5144D0346084695F83D2022B940F6B0
:1010600087013E20EFF706FC6BB9012AAC6B95F8BF
:101070003C1005D100F0C0FF20442B6BC01A38BDD6
:101080000AF07CFFF8E7012B0AD1012AAC6B95F836
:101090003C1002D100F0A2FFEEE70AF07AFFEBE786
:1010A0000020EAE7F820002008B5104B83F828005C
:1010B00001380F4B062813D8DFE800F004080A0CAB
:1010C000120E10000322C3F8002508BD0422FAE71F
:1010D0000622F8E70522F6E70022F4E70122F2E70C
:1010E00040F63D513E20EFF7C5FB00BFF820002041
:1010F00000A0085008B5144B93F84A30D90720D502
:101100009A070ED5114BD3F8002442F00102C3F820
:101110000024D3F8200500F0F600023818BF0120A3
:1011200008BD5B070DD5094B094AC3F80821A3F593
:10113000A043D3F8403123B140F276613E20EFF76F
:1011400099FB0120ECE700BFF820002000A0085028
:101150000B00008007B50B4A01AB92F9292000F083
:101160008FFF9DF9040000F0D7FE9DF8050001F007
:10117000FBFA20B140F23F613E20EFF77BFB03B06A
:101180005DF804FBF8200020124AD28D952A08B59C
:1011900003461ED9104863B92831C1600F4901F0D8
:1011A000CBFA0130012814D94FF4EB613E20EFF760
:1011B00061FB012B0AD12931C160084901F0C2FA53
:1011C0000130012805D940F26271EFE740F2667103
:1011D000ECE708BDF8200020880000202448040027
:1011E00008B50E4BDA8D952A16D99B78012B09D1BB
:1011F00001F0AEFA013001280ED940F6D8013E20A8
:10120000EFF738FB022B07D101F0A8FA01300128D3
:1012100002D940F6DE01F2E708BD00BFF820002049
:101220000A4B40F409000A4A9B8D40F04000B3F598
:10123000166F36BFA3F63813A3F5166343F4807315
:10124000C2F80837C2F84005704700BFF8200020F8
:1012500000A0085010B50C46FFF726FF2046FFF708
:10126000DFFF0C4B5A78012A03D12146D878FFF7CB
:1012700071FF094BD3F8002442F01002C3F8002498
:1012800040F20312C3F8442E40F25B62C3F8482ECA
:1012900010BD00BFF820002000A0085007B50DF1D8
:1012A000070003F053FD20B140F65E313E20EFF71A
:1012B000E1FA0D4A9DF807309278012A04D0022AFB
:1012C0000ED003B05DF804FB13F0040FF9D1074B07
:1012D0000022C3F8402503F5A04301221A61F0E77C
:1012E00013F0020FF2E700BFF82000200050085072
:1012F0002DE9F04107460D461646414CFFF774FEB6
:10130000002F4BD194F82A803046FFF7CDFE40469F
:101310004146FFF785FF3046FFF71CFF394940F291
:101320000313394AC1F8443E40F25B63C1F8483EBA
:1013300001232078A370984220D102EB4602938AC1
:101340004FF47A7203F5FA73B3FBF2F3ED1A216BE3
:101350002E4B0D442E4AC3F84055C3F8C0212378C4
:10136000ABBB94F84A3043F0020384F84A30FFF7ED
:10137000C1FE044690BB4FF4D16125E002EB86022A
:10138000136A4FF47A7203F5FA73B3FBF2F3ED1AB2
:101390000028DCD11E4BC1F80031D8E7012F11D154
:1013A00094F82A103046FFF755FF0223A3702378E4
:1013B000012BCCD0293D002BC9D1124B144AC3F8C4
:1013C0000421C4E740F609013E20EFF753FA012B50
:1013D000CDD194F84A3043F00403C6E70B4B012209
:1013E000DA64D3F84C359D4208D929463846FFF7D0
:1013F000CBFEFFF753FF2046BDE8F0810024FAE75B
:10140000F820002000A00850244804000050085094
:101410000B00008008B56022002103480BF092FF0A
:10142000BDE80840FFF7B6BDF8200020014BD88585
:10143000704700BFF8200020034B184490F840008C
:1014400000F51660704700BF24480400014B93F874
:101450003C007047F82000200B4B0C4A93F83C10DE
:10146000D3E90D3002EB8102C01A936E1844D36F9A
:10147000D2F8902003F2E7339B1A4FF47A72B3FB51
:10148000F2F31844704700BFF820002024480400FD
:10149000024B986B1B6BC01A704700BFF8200020EE
:1014A000094AD2E90C3092F83C10C01A074B03EB02
:1014B00081039A6EDB6F801A4FF47A7203F2F31392
:1014C000B3FBF2F3C01A7047F82000202448040050
:1014D00013B502F057FD064B9A6D0092D3E9142321
:1014E0000BF0A4FD0446FFF7DBFF001B02B010BDAC
:1014F000F820002010B50F4C94F83C104B1EDAB2C7
:10150000032A04D940F2A6213E20EFF7B3F9D4E92B
:101510000C30C01A084B03EB810103EB42034FF47C
:101520007A72896EB3F8A430401AB3FBF2F3184410
:1015300010BD00BFF820002024480400FF2808B593
:1015400004D940F2C2213E20EFF794F9164B01393D
:10155000A3F8480006291CD8DFE801F004211E1E6C
:101560001B040400002343F4801340F000700F4A72
:1015700043F4847340F44030C2F8203EC2F8280E91
:10158000D2F8203503F0F703032B0BD140F21D31C5
:10159000D9E740F20731D6E74FF0C743E3E74FF012
:1015A0008073E0E708BD00BFF820002000A00850CD
:1015B00008B50A4603460C490C48C1F87003187870
:1015C000032804D040F272313E20EFF753F9012A8C
:1015D00059780CBF08220022FFF7AAFC044B012215
:1015E00083F85C2008BD00BF00A008500600008002
:1015F000F82000202DE9F041274F4FF48068C7F80C
:101600009080BFF34F8FBFF36F8F244C0123244D85
:101610000026C5F8A430C5F8403E84F828300323DE
:10162000C5F800354FF40023C5F800341D4B187C75
:1016300001F0ACF803F0CEFA1B4B1C4AC5F8383366
:101640001B4BC3F8C820013AC3F8C42040F6FE7211
:10165000184BC5F81433184BC3F80425A687A663A6
:1016600084F84A600BF0E0FC96232063E385D5F80C
:10167000003D84F85C6063624FF48073C7F890812A
:10168000C5F88834236EC7F8108003B19847BDE8C9
:10169000F04101F045B800BF00E100E0F820002073
:1016A00000A0085088000020030000800600008091
:1016B000005008500100008000200850014B83F8C2
:1016C00029007047F8200020020E034B0002C3F8E7
:1016D000342EC3F82C0E704700A00850054A064B64
:1016E00082F82A00184490F8403003F51663938579
:1016F000704700BFF82000202448040010B50446BD
:101700000068FFF7E1FF094B6268C3F84C2E207AAE
:10171000FFF7E4FF617A6089FFF710FF607AFFF757
:10172000C3FC227B024B83F8292010BD00A0085087
:10173000F82000202DE9F0412E4E05460F4696F880
:101740004A30DB0704D440F29D713E20EFF792F857
:10175000294CFFF749FCD4F8003443F00103C4F8E6
:10176000003496F84A3043F0020386F84A308DBBC5
:1017700096F82A803846FFF797FC40464146FFF727
:101780004FFD3846FFF7E6FC40F203131B4AC4F84E
:10179000443E40F25B63C4F8483E0123B370D36417
:1017A0002360164B2846D3F84C452146FFF7ECFC46
:1017B000FFF774FD306B241ACDB9114901EB87078F
:1017C0004FF47A71386A00F5FA70B0FBF1F02044FA
:1017D000BDE8F081012DE4D196F82A103846FFF7D4
:1017E00039FD0223B370054BDD646560D9E704F170
:1017F0002900EDE7F820002000A008500050085014
:101800002448040008B5FFF773FD58B9064B0122C0
:10181000C3F8400503F5A04302201A61BDE8084063
:10182000F8F780B808BD00BF0050085073B5294BC9
:101830004FF48061284A4FF0FF30D3F88844C3F852
:101840009004C2F890114FF40022244904F48074EB
:10185000C3F800240022224E86F84A20C1F8402511
:10186000C3F80821C3F80021C3F80421D3F82015D8
:10187000C9B2D1B18DF80700C3F8202201221A6144
:101880009DF8072012B1D3F820223AB19DF8073015
:101890005BB940F6C7013E20EEF7ECFF9DF807204C
:1018A000013AD2B28DF80720EAE7FFF799FC094D1B
:1018B0000023C5F82032FFF76DFB96F85C300BB1C2
:1018C000FFF756FB1CB14FF48073C5F8883402B0A3
:1018D00070BD00BF00A0085000E100E000500850BB
:1018E000F8200020F8B500222E4B2F4EC3F84825D3
:1018F000C3F84425C3F84025C3F84C25FFF796FFED
:1019000000F014FF96F85D304BB103F019FA20B1E6
:1019100040F29A513E20EEF7ADFF86F85D000020C0
:1019200003F01AFA044610B140F29D51F2E71D4D42
:101930001E4FC5F8C401C7F80801C7F80001C7F871
:101940000401C5F8C800C5F8C40003F05BF9184BE2
:1019500040F6FE72C7F83843C7F81443C5F8C041D3
:10196000C3F808254FF48062124B3477C6E90D4462
:10197000C5F84845C5F84445C5F84045C5F84C4547
:10198000C5F84841C5F84441C5F84041C5F84C4147
:10199000C3F89020BFF34F8FBFF36F8FC3F8902130
:1019A000F8BD00BF00500850F820002000A00850EB
:1019B0000020085000E100E0014BC3F84C0E7047D6
:1019C00000A0085038B50446074803F0C5F920B117
:1019D00040F629113E20EEF74DFF044D94E80F002C
:1019E00085E80F0038BD00BFA50F01005C21002075
:1019F00008B50A4BC3F8D00E094B93F84A20586437
:101A000042F0010283F84A20FFF774FB20B940F648
:101A100048113E20EEF72EFF08BD00BF00A0085081
:101A2000F82000200B4B10B5C3F8D00E0A4B93F8EA
:101A30004A20586442F0010283F84A20FFF75AFB1B
:101A4000044620B9FFF7F2FE0320F7F76BFF2046AC
:101A500010BD00BF00A00850F820002008B5124BB0
:101A60001A6B10449A6B824204D340F65B113E20FD
:101A7000EEF700FF012218621A770C4B5A64D3F874
:101A800044150531814206D303F5A043D3F80C1267
:101A900001B91A6108BD0022C3F84421044AC3F801
:101AA0004405C3F8C421F5E7F82000200050085091
:101AB0000900008038B50E4C0222034694F83D50D0
:101AC0002277012D94F83C1094F82820E08D0CD159
:101AD00000F0A0FA074A00232062C2F84431A36B49
:101AE000216A0B44C2F8443538BD00F0ADFAF1E785
:101AF000F82000200050085040F00043074AC2F888
:101B00000C320B600123064A03FA00F0054BC3F8C0
:101B10000405136C18431064704700BF00A0085000
:101B2000F820002000200850044BC3F8940ED3F88E
:101B3000002442F04002C3F80024704700A008507F
:101B4000054BD3F8002422F04002C3F80024002201
:101B5000C3F8942E704700BF00A00850044BD3F880
:101B6000183703F07F035B4203700120704700BF0A
:101B700000A0085038B5174C0B460546E28DE170C1
:101B80004D2A8CBF00220122227088B90122627086
:101B9000A278022A0ED1184694F82A10FFF7DAFA32
:101BA0000D4AD2F8003443F01003C2F8003401E0CB
:101BB000022363702378012B0AD1074B012DD3F840
:101BC00000240CBF42F0080242F00402C3F80024D3
:101BD00038BD00BFF820002000A00850F0B4022358
:101BE000084E044617468C4606F1080533710FC8A7
:101BF000C6F818C085E80F003846617AF0BCFFF7D8
:101C0000B9BF00BFF8200020F0B40123084E0446FD
:101C100017468C4606F1080533710FC8C6F818C080
:101C200085E80F003846617AF0BCFFF7A3BF00BF1C
:101C3000F8200020024B0022C3F84025704700BF67
:101C400000500850044B30B5D3E914459B6DC0E9F2
:101C500000450B6030BD00BFF82000202DE9F047A3
:101C60000123924D924CB5F848A0E3642B6BD4F855
:101C70004C75FF1A0BF06BF9AF65C5E91401FFF75E
:101C8000AFFA8C4A0023C2F80831C2F80031C2F81A
:101C90000431D2F8001421F01D01C2F8001485F8B7
:101CA0004A302B7F23B1D4F84431003B18BF0123C5
:101CB000AC78012C2FD1D2F81832002B0CBF0024A5
:101CC000082414F00B0F06D17A4BD3F8203213B14D
:101CD00044F01004E4B2FFF719F904F01803102BD4
:101CE00005D1AB78012B04BF44F02004E4B2704B63
:101CF000D3F84825AA63AA78D3F84435022A85F890
:101D00003D206B6395F828303CD1DBB940F2462189
:101D10003E20EEF7AFFD022C12D1664AD2F818121F
:101D2000D2F80C2E002908BF0024D0075CBF44F075
:101D30000404E4B2002BC4D044F00104E4B2C0E7D0
:101D40000024BEE7DA1E012A1CD85A4BD3F81C3EE9
:101D500013F0060315D0022B19D004234FF000080E
:101D600085F83C306E78A6B9FFF714F92E7795F810
:101D70005C300BB1FFF7FCF8E10751D56B6E98476B
:101D800065E004234FF0010885F83C30EAE70323BF
:101D9000F8E714F0110F21D1B6F101092B792E7853
:101DA00018BF4FF00109012B1CD0022B2DD08BBB8B
:101DB000E98D4846FFF74CF90146FFF7EBF8012E95
:101DC00007D13B378F4228D8394B00222E70C3F8F9
:101DD0004021EA784846FFF715FD01E0FFF726FDB0
:101DE0000026C4E73448FFF789FC95F83D3013B965
:101DF00040F294718CE7012B04D1FFF77BFBA969BA
:101E00000144DAE7FFF74CFBF9E72B48FFF776FCD4
:101E1000A969D2E740F6DE217AE7264B1E61A6E7E4
:101E2000A20729D56B6C5B78534584BF44F004044A
:101E3000E4B2B8F1000F1DD144F004040121E4B272
:101E400084F00400AB6E3143C0F380009847AB7858
:101E5000022B0DD12B7F5BB1022B154A1AD1AB6B34
:101E6000296A0B44C2F84435114B144AC3F8C42103
:101E7000BDE8F0870021E3E714F0280F06D084F0D6
:101E80002001EB6E3046C1F34011DFE7E306DED5FB
:101E90002B6F74E7012B02D040F6074138E72B6A1D
:101EA000A96B8B42DED840F6084131E7F8200020CC
:101EB0000050085000A008500021002009000080B8
:101EC000024B03EB8000806E704700BF2448040083
:101ED000024B03EB8000D0F89000704724480400C8
:101EE000F8B501230D46477801464370044628465D
:101EF0001646FEF759FE074B1A68D2F80431002B3C
:101F0000FBD0677016B9EB78A370AB707B1E58429C
:101F10005841F8BD2C2700202E3008B5362852D85D
:101F2000DFE800F04E51515151514B515151515137
:101F300051515151515149515151515147514751AD
:101F40004551435141513F513D3B392D3735333197
:101F50002F2D2B2927252321571C550039231E4AB5
:101F6000C2F8103708BD2D23F9E72823F7E723230C
:101F7000F5E71F23F3E71B23F1E71823EFE715230A
:101F8000EDE71323EBE71123E9E70F23E7E70D2341
:101F9000E5E70B23E3E70923E1E70823DFE707236E
:101FA000DDE70623DBE70523D9E70423D7E703238F
:101FB000D5E70223D3E70123D1E74FF49873CEE7A7
:101FC0004FF48873CBE7C1213F20EEF753FC3F234A
:101FD000C5E73323C3E700BF00A00850054B4FF40B
:101FE0007A72023833F8113003F2E733B3FBF2F3BD
:101FF00018447047E4480400054B4FF47A7233F8F4
:10200000113003F57A73B3FBF2F31844704700BF45
:10201000E448040038B51D460A4B33F8111003EBB1
:1020200082030535DC684FF47A73214401F6B73139
:1020300003FB00141046B4FBF3F42C44FFF740FFFD
:10204000204438BDE448040070B5064608461546ED
:10205000FFF73EFF094A02EB8502D1684FF47A721E
:1020600001F6B73102FB0613181AB0FBF2F428464A
:10207000FFF726FF0530204470BD00BFE448040090
:102080002DE9F04F2C4C87B0064698460D46174672
:1020900000F09CFB23788246B34211D16378AB42B7
:1020A0000ED194F90230BB420AD1E378834207D1C2
:1020B000A388A8F8003094F9060007B0BDE8F08FB7
:1020C000731E062B15D8DFE803F019041C11141930
:1020D00019004FF001090DF117033A462946484609
:1020E00000F07AFB78B13E21A92005E04FF002090B
:1020F000F1E740F2C6410620EEF7BCFB4FF00009C5
:10210000E9E7B146E7E7039028469DF917B0FFF7E6
:1021100093F9039A03464146584600924A4600F016
:1021200029FBB8F80030A071A38026706570A770F5
:1021300084F803A0BFE700BF9C000020024B186892
:10214000003818BF012070476C21002038B50446C4
:10215000002580F8305080F85550416E21B1034B76
:10216000186803F0F1FA656638BD00BF8C210020C5
:10217000014B1860998070478C21002070B5114E7A
:102180000446828BB3889A4202D90725284670BD3F
:1021900009F07AFF05460028F8D1204609F018FF1B
:1021A0000138A4F89000306803F0BEFA6066002899
:1021B000EBD0A4F8925084F89650FF2384F8303086
:1021C000E4E700BF8C210020022808B504D14FF4B9
:1021D00037719520EEF74EFB0328074B0AD10029F3
:1021E00014BF0222012283F820200022024883F833
:1021F000212008BD4022F6E7922100200146F0B4DC
:10220000D1E92C549DF8100095429C4106D201233F
:10221000F0BC81F8AA30097FFFF7D6BF4C6A002CCA
:10222000F5D02768D4E90265964275EB030C38D3E4
:102230009D4208BF96421AD1237C0133DBB223743E
:10224000237C012B0AD1D1F8B8300133C1F8B83062
:10225000002381F8AA302046F0BC7047237C012B74
:1022600082BFD1F8C4300133C1F8C430F0E7B242C4
:1022700073EB050415D20328C9D0087F0022D1F8DA
:10228000B8309042084C03F1010381F8AA2084F889
:102290002120C1F8B83014BF0223012384F8203074
:1022A000D9E73C46BBE700BF922100202DE9F84F5B
:1022B000044617461E46456A4FF0000B00F13E08E3
:1022C000DFF8609025B1D5E90223BA42B34101D3CA
:1022D000BDE8F88F636AD5F800A023B940F27221F7
:1022E0009520EEF7C7FA616A0B688D42636281F848
:1022F00000B081F801B081F802B081F803B0EDD1EF
:102300004946404607F012FC2B7C23B9D4F8BC3078
:102310000133C4F8BC302946606D554603F014FA09
:10232000D0E700BFBBCD01002DE9F04F467E8BB05A
:102330000C4600F1180A360905464FF0000806F071
:102340000406311D01915144099184F87880D4E943
:102350001CCED4E91A0194F87870002FF5D1D4F886
:102360009870D4F8A4600497D4F89C70D4F81880BE
:102370000597D4F8A070BCEB07076EEB0609A7FB26
:10238000086708FB0978D4F888700696C4E9260126
:10239000C0190790D4F88C0041EB00010498089113
:1023A00007990F1A0899059861EB0009D4F8901065
:1023B000BF1B0291D4F8941069EB08090391697E60
:1023C0004906C4E928CEC4E9227930D53C49897A46
:1023D00069BB02998818D4F814E00399AEFB022C6B
:1023E00041EB0301D2190EFB03C3277F43EB090323
:1023F000002F62D0D4E92689C5E90023C5E9028906
:10240000D4E92889C5E90489C4E92223019B099AF2
:102410001AF80330527843EA0223A4F8A830019B4B
:102420002AF80300C4E924010BB0BDE8F08F0AF0DC
:102430008EFD019BB4F8A8C03AF803306269A3EBA3
:102440000C039BB2012B16D194F811E04FF0000C55
:10245000BEF1010F38BF4FF0010E02FB0EFEBEF5BC
:102460007A7E4CF1FF3B1EEB070E49EB0B0B7045E0
:1024700071EB0B061ED3049B059E13F57A7346F190
:10248000000C069E9B19079E48EB0C0C9B1B089E9C
:102490006CEB060C181841EB0C01012871F10003DC
:1024A00008DB00230AF0BCFE421C41F10003029944
:1024B000501890E701220023F9E7C5E90001A3E7DE
:1024C000B821002070B504460025074EE36A53B1D9
:1024D000E16AF0680B68E3620D704D708D70CD702D
:1024E00003F032F9F2E770BDB8210020404B70B51F
:1024F0000546D86803F018F9044620B94FF4037173
:102500000720EEF7B7F990F8213000F12002002102
:1025100008306FF386134376C3F3031303F0040309
:102520000433D618D1540023002271702946FFF7D6
:10253000FBFE2B7F002B41D0EB6C1A0A33717271BA
:102540001A0C1B0EB271F37195F84830E96C012B2F
:1025500037D0022B42D000231A1D01310836E9641E
:10256000C2F3052184F8222094F8232022F03F02B0
:102570000A43022184F8232094F8212061F30512F4
:1025800016F8051C84F8212021F00F01C3F3032263
:1025900006F8063C0A4306F8052C042293421FD88D
:1025A000002323706370A370E370EB6AEBB9EC62F5
:1025B00028462C63BDE870400AF032BAD5F8903056
:1025C000BBE7AB89043B9BB233B1B1FBF3F203FB36
:1025D000121305339BB2BFE70423FBE7AB89BBE7CC
:1025E00006F8012B013292B2D8E72B6B1C60DFE7B3
:1025F000B8210020024BD86019745A82704700BF7E
:10260000B8210020014BD86803F088B8B821002019
:10261000024BD868003818BF01207047B82100204D
:10262000C36A10B504463BB1C36A1A68C26200228D
:102630001A705A709A70DA70994204D04FF45A7135
:102640000720EEF717F9084BD86803F07DF894F8E7
:102650003D3004F134000549013384F83D30BDE8D4
:10266000104007F060BA00BFB82100201FCE010063
:10267000F8B50446DDE90650FF2684F820601C4EBC
:10268000A789768A073EBE422FDD00260027C4E9CF
:102690002067267FE6B9551B63F100060027C4E9D1
:1026A0002256A1FB00050026121A63EB05034942DE
:1026B000C4E91A2360EB0000C4E92623636DC4E972
:1026C0002467C4E91C10C4E9281023B10020F8BD18
:1026D00015461E46E2E7A07BEFF7A4FB60650028E5
:1026E000F4D184F8200084F850000720EFE700BF01
:1026F000B8210020C16D10B5044629B1074BD86838
:1027000003F022F80023E3652046FFF7DBFE0023F9
:1027100084F8203084F8503010BD00BFB82100206C
:10272000014B1B685B68184774060020014B1B684F
:102730009B68184774060020014B1B681B691847EB
:1027400074060020014B1B685B6918477406002063
:10275000014B1B689B69184774060020014B1B68DE
:10276000DB69184774060020014B1B689B6A1847F9
:102770007406002030B4044C9DF80850246802957B
:10278000E468A44630BC60477406002000220E496D
:1027900038B50446134644FA02F0D5B20132C007F8
:1027A00042BF581CCD54C3B2042AF4D1C3F1040271
:1027B000042B054D4FF0FF01D2B288BF0022E8186C
:1027C0000AF0C0FD2C7138BD8C270020014B187D0C
:1027D000704700BF98220020042810B511D883B19B
:1027E00004280CBF10242824A1420AD2064C54F815
:1027F000200018B141568A42A8BF0A4600201A702C
:1028000010BD6FF01500FBE7982200200728034653
:1028100011DC10F12D0F10DB2E30094A40B2105C94
:1028200002EBC00292F93C209A4207D0002918BF5F
:102830000130C0B270471B2070470020704700BFB6
:1028400060490400072808B507DCFFF7DFFF044BE9
:1028500003EBC00090F93C0008BD0820FCE700BF76
:102860006049040038B510F0FF04094D05D0012C73
:1028700007D05121B52001F071FF0123AB602B601F
:1028800038BD02F055F90028F3D06C62F8E700BFBC
:1028900000E0105038B510F0FF04194D05D0012CA0
:1028A0001FD08421B52001F059FF01236B60EB603C
:1028B000144BC5F800411C70114CD4F80834DA07E9
:1028C0000ED402F035F9A8B1D4F86834DB0711D47E
:1028D0000B4B0022C3F81021C3F81821C3F81421B0
:1028E00038BD02F025F90028DBD00023AC62C5F822
:1028F0001C31E1E702F01CF90028E9D0F0E700BF45
:1029000000E01050AD220020014B01221A707047E8
:10291000AD22002010B50E4C28B101280DD0D021D9
:10292000B52001F01BFFD4F8103123B9094B1878FA
:1029300000F0010010BD0120FAE702F0F9F80028CC
:10294000EDD0D4F81C01003818BF0120F2E700BF19
:1029500000E01050AD220020024BD3F8080400F034
:102960000100704700E01050024BD3F8480400F01B
:102970000100704700E01050024BD3F84004C0B291
:10298000704700BF00E01050084AD2F84C34D2F82B
:102990004C2413F4803306D002F00303C0B21B1A98
:1029A0005842584170471846704700BF00E0105029
:1029B00038B51A4BD3F80C34DA0304D440F267115B
:1029C0006D2001F0CBFE164A0124164B106A5366A7
:1029D00020F03F0094645464136CDB03FCD4136A4E
:1029E000116C03F03F03C1F30A01C1F5806181EA74
:1029F000E1750B29A5EBE17509DD3F2B04D001330F
:102A000003431362172DE6DC0023936438BD0B31BA
:102A1000F8DA002BF8D0013BF2E700BF00E01050DD
:102A2000000812500100008038B50B4C23781BB110
:102A300000232370FFF7BCFFEFF3108572B66378B5
:102A400003F0FF000BB9FFF725FF05B962B6034B92
:102A500000225A6638BD00BFB02200200008125084
:102A6000002809DB4309012200F01F00603302FA4D
:102A700000F0024A42F82300704700BF00E100E086
:102A800070B5174D012204460E462B18DA700AF075
:102A900031FAA0B934B1012C0FD04FF488716D20F8
:102AA00001F05CFE11232A19012105EB8404517108
:102AB0000C4AA660C2F8043370BD8023F3E7002EF1
:102AC000FAD034B90220B047002305EB8404A36098
:102AD000F2E7012C01D12046F5E740F22B11DEE7A9
:102AE000B022002000E01050044B0022191803EB24
:102AF00080034A719A60CA70704700BFB0220020FC
:102B0000014B1882704700BFB0220020014B988A09
:102B1000704700BFB0220020014B188A704700BFE9
:102B2000B0220020034610B5EFF3108472B6074AB6
:102B300013445A780132D2B25A705B78012B01D11A
:102B4000FFF790FE04B962B610BD00BFB0220020AE
:102B5000034610B5EFF3108472B611490B445A784E
:102B600022B940F249216D2001F0F8FD5A78013A6E
:102B7000D2B25A705B7883B98B7D43B1094BD3F8DD
:102B80000C34DB0306D44B7803F0FF002BB9FFF7BE
:102B900081FE02E0C87D01F07BFF04B962B610BD82
:102BA000B022002000E0105010B50AF0A6F90C4C3D
:102BB0000AF0A0F960B1237E3BB90A4B01229A6169
:102BC000042363760023A37610BD0AF099F9F9E790
:102BD000032301226376034BC3F80423F2E700BF0B
:102BE000B022002000E01050014B01221A62704711
:102BF00000E01050044BD87E28B1044BD3F81001EC
:102C0000B0FA80F040097047B022002000E0105078
:102C100038B50B4BDD7E3DB1FFF7ECFF78B140F2EC
:102C200085216D2001F09AFD0124DC760AF065F91A
:102C3000044B1022C3F81051C3F80423DC6138BDE3
:102C4000B022002000E01050024B587E003818BF20
:102C500001207047B022002038B5174CA37D23B95E
:102C60004FF43E716D2001F079FD01232370237E26
:102C7000C3B9237FB3B1A27E013B9A4212DA0AF0B4
:102C800039F9054601F09AFE237F012B82BFA37E0E
:102C90000133A37655B1236AC31A0133022B09D934
:102CA00035B12062BDE83840FFF77EBF636AF3E7C5
:102CB0006062F7E738BD00BFB022002037B5184C7E
:102CC000237E63B9A06A00F00300FFF75DFE30B118
:102CD000EFF3108372B6627E1AB103B962B603B025
:102CE00030BD0122627603B962B608230D4DC5F8E6
:102CF00008334FF42073ADF80630BDF806309BB2B0
:102D00005A1E92B2ADF80620002BF6D1C5F80C3150
:102D100084F82C30FFF748FF0823C5F80433DEE7BA
:102D2000B022002000E010502DE9F74F534CA37D56
:102D3000002B00F0A0800023514E8DF805300323B6
:102D40008DF80430D6F80051003D18BF012501F080
:102D5000EFFE38B1D6F81C3123B1012345F08005D0
:102D60008DF80530D6F80891D6F8143113B9D6F895
:102D7000183153B10023424AC2F81431C2F8183155
:102D8000C2F81031E37601F097FC3D4BD3F81031D7
:102D90007BB1E37E1BB10AF0B3F80023E3766379DD
:102DA00045F01005002B64D19DF804308DF80430F7
:102DB00000E0DDB1334E0027314B0DF1040BA6F1DD
:102DC0000308BA46C3F8085317F80B00032809D0C4
:102DD00098F8003033B1336888F800A013B19847F1
:102DE000C6F800A0043608F101084FB3B9F1000F8E
:102DF00008D0234B0022C3F808210422C3F808237B
:102E0000FFF75CFF94F82C60EA071D4BF6B2D3F88D
:102E10000C7108D5627E032A05D1227E92B9042264
:102E2000627601229A61B7B1154B0022C3F80C21DA
:102E3000637E042B0BD040F25B316D2001F08EFCE1
:102E40000127C1E70AF05CF802236376EBE702236F
:102E500063760AF055F876B1002384F82C30637E4F
:102E6000022B01D1FFF7A0FE03B0BDE8F04F0AF03E
:102E700047B802239AE703B0BDE8F08FB0220020E4
:102E800000E01050B822002010B5054CA06A00F0F8
:102E90000300FFF779FD0028F8D0002010BD00BF27
:102EA000B02200202DE9F041054650B10278022AF7
:102EB00007D843784AB9013B1F2B02D88378212BCE
:102EC00008D96FF01500BDE8F081002BF9D18378A7
:102ED000002BF6D1794E326813B2002B0DDB0121A5
:102EE0005B0902F01F02203301FA02F2744941F833
:102EF0002320BFF34F8FBFF36F8FB6F90000FFF7AA
:102F0000AFFD704C4FF0FF33C4F8083301F010FEF2
:102F1000002308B1C4F81C31C4F80031C4F80831EA
:102F2000C4F80C31684C6370A370AB88A382FFF7C0
:102F300013FD10B10123E3706370624F40F256330A
:102F4000D7F80C04238210F480302AD0FFF7DCFC81
:102F50005E4801F071FD5B4F6023E0750022C7F809
:102F600004332B78A978012BE276A26223762177AD
:102F7000A2762ED0022B25D06BBBFFF7F5FC0028E4
:102F800056D0FFF7F9FCA36A03F0030398424FD130
:102F9000AB792BBBFFF778FF002825DA4FF4A3614C
:102FA0001BE0C7F81001FFF75DFCD7F81031002BCC
:102FB000FBD0FFF7FDFC0020FFF76CFC444B002228
:102FC0005A66C5E709F099FFD7F80C34D903FBD549
:102FD0000223A362D1E740F20A516D2001F0BEFB4B
:102FE000384B0422C3F80423237F63B12B7853B9F1
:102FF00009F080FF054601F0E1FC6FF00043002D71
:1030000059D0C4E9080300210125B6F90000617612
:10301000A575FFF725FD326813B28B4206DB02F07F
:103020001F025B099540264A42F8235008464AE7AA
:10303000244B012200215A61C3F8081194F828108A
:10304000C3F840141A610422C3F80423AA79002AA1
:10305000CAD1D3F80423520702D440F2BD41BCE7E1
:103060001C4A1769116907F0100741F0100111613E
:10307000D3F808310BB90AF066F8DFF8488001E0B0
:103080000AF05FF8D8F80831002BF9D0FFF7FCFE02
:10309000002802DA40F2D7419FE727B90D4A1369A9
:1030A00023F010031361074B0422C3F80823002206
:1030B000C3F8082198E7C4E90830A4E73C270020BA
:1030C00000E100E000E01050B0220020292A0100B9
:1030D0000008125000ED00E02DE9F041114E0546C8
:1030E0000F4634791CB18A216F2001F037FB09F0BB
:1030F0000EFF88B12E4496F80580B8F1000F0ED16E
:10310000012328467371FFF70DFD28463946FFF766
:10311000B7FC4046BDE8F0816FF01500FAE72046A5
:10312000F8E700BFE022002070B50D4D04462E796F
:103130001EB1A1216F2001F011FB09F0E8FE58B18A
:103140002544687938B12046FFF7CEFC20466E71E1
:10315000FFF7FEFC304670BD6FF01500FBE700BFC7
:10316000E022002008B501B3F0B14FF0FF331A465A
:10317000E0FB01320E498A4203D9E2216F2001F0BF
:10318000EDFA180D4FF22441C3F30F1340EA023059
:10319000B0FBF1F203EB0040064B03FB1200B0FB67
:1031A000F1F040EA0240013008BD0846FCE700BFEC
:1031B0003F420F00000024F4014B9B68184700BFFA
:1031C000E0220020014BDB68184700BFE02200200E
:1031D000014B1B69184700BFE022002008B5064BD1
:1031E0001B7923B14FF49F716F2001F0B7FABDE84E
:1031F0000840FFF731BD00BFE0220020034B1A79E1
:103200000AB9FFF783BC988D704700BFE022002009
:10321000034B1A790AB9FFF77FBC988A704700BF41
:10322000E0220020024B1B790BB9FFF747BD704726
:10323000E0220020014B9B69184700BFE0220020DC
:1032400038B51D4C237933B3FFF7C2FF50B91B4D7E
:10325000C5F81001FFF7B0FFD5F81031002BFBD0F7
:10326000FFF7B0FF154B6022C3F80423636A984749
:10327000002806DB94F82E3023B10123002084F8C7
:10328000303038BDFFF7D6FF0028F6DA4FF4D171A1
:103290006F2001F063FA0A4BA3610A4BE3610A4B0A
:1032A00023620A4BA3600A4BE3600A4B2361FFF7DA
:1032B000F9FD0028E1D0E4E7E022002000E0105012
:1032C000892E01000DCF0100492C0100FBCE010029
:1032D00001CF010007CF0100064B10B51C7924B1C6
:1032E0004FF4FB716F2001F039FAFFF709FC20461B
:1032F00010BD00BFE0220020014B1879704700BFCD
:1033000018230020044B1A79824283BF1B683022A5
:1033100002FB003000207047182300201F2810B542
:103320009BBF1824044B002060439FBF1C181950FA
:103330000120626010BD00BF2023002008B5064BAD
:1033400093F80023202A03D12D21022001F006FA50
:1033500083F8300308BD00BF2023002008B5064BCA
:1033600093F80023202A03D13321022001F0F6F93B
:1033700093F82D0308BD00BF20230020094A10B593
:1033800092F80033202B03D13E21022001F0E6F910
:1033900018214B430321D018D3584068BDE8104092
:1033A000184700BF202300200B2808B504D940F29D
:1033B0004371064801F0C8F90001002300F1A04064
:1033C00000F56220C0F82C3508BD00BFCF5F0500B6
:1033D00038B50B4C4FF4E06300250820C4F83833AF
:1033E000FFF7E2FF0920C4F82051FFF7DDFF0A20B4
:1033F000C4F82451FFF7D8FFC4F8285138BD00BFE6
:1034000000200E50084B2022C3F89020BFF34F8FAE
:10341000BFF36F8FC3F890210122044B5A604FF025
:10342000FF32C3F80823704700E100E00050085065
:10343000054BD3F85007D3F8541711F0404FF8D18B
:10344000C1F31301704700BF00200E5002282DE980
:10345000F04717461E469DF820A004D94FF49271FC
:103460006E2001F07BF91B4B4FF00108DFF87090E4
:1034700000251C5C08FA04F82046C9F83883FFF7D9
:1034800093FF154BA2009D50FFF7D2FF874276EBCA
:1034900001031DD3BAF1000F01D0C9F834830B2CFE
:1034A00004D940F2DB410D4801F04EF9B6F5801F1A
:1034B00002D340F2E141F6E72401012004F1A044E7
:1034C00004F56224C4F82075C4F82465BDE8F087CB
:1034D0002846FBE7784A040000210E50CF5F050024
:1034E00000200E50022813B504D940F2AB116E2013
:1034F00001F034F948B908494FF00044C1F8A0413F
:1035000020240649C1F890410C6101210091FFF788
:103510009DFF02B010BD00BF00200E5000E100E092
:10352000022810B504D94FF4DC716E2001F016F9B1
:10353000084A08B9C2F8A001074B1C5C0123A3404C
:103540002046A400C2F83833FFF72EFF034B0022B9
:103550001A5110BD00200E50784A040000210E5070
:1035600008B5FFF735FF024B0022C3F8A02108BDC4
:1035700000200E5008B5FFF745FF114BD3F8042586
:1035800022F00302C3F80425D3F8082542F0030211
:10359000C3F80825202292FAA2F2B2FA82F2092A8E
:1035A00004DD4FF47371074801F0CEF8C3F810251D
:1035B0000122DA604FF00042C3F8802008BD00BF4E
:1035C00000500850CF5F050070B5194C2026194AED
:1035D000D4F81035184D03F001031370D4F81035EA
:1035E00043F00103C4F81035FFF7C4FFC5F89C6031
:1035F000BFF34F8FBFF36F8FFFF7EAFE0023C5F8CD
:103600009C610E4AC4F8A0314FF00043C2F88030EC
:10361000A2F58022C2F88031012302F57832C2F887
:103620000435A2F58022C2F80435EE6170BD00BFFA
:1036300000200E505926002000E100E000400C5010
:103640000C4B10B41A5C01230B4C9340D4F8341388
:103650000B420CD09100094A0A44116839B100218B
:103660001160C4F838335DF8044B00F059BE5DF8C2
:10367000044B7047784A040000200E5000210E5081
:10368000034BD3F8043313B1072000F049BE704751
:10369000005008500028ADBF00F1604000F00F005E
:1036A000044B00F56140B4BF185C90F8000340097A
:1036B000704700BF14ED00E01822034B50431A1866
:1036C0001B585068184700BF20230020031F022BFF
:1036D0000B4B03F8110000D9704793F8420083F8B0
:1036E0004210C2B220284FF0200016BF03EB420266
:1036F00083F84110517003EB41025070704700BFD6
:1037000060260020F8B50D4604780AB1202111701A
:1037100020261B499C4208D0202C01D10020F8BD56
:1037200001EB440726467C78F4E7202CF6D0144BB6
:10373000077803EB4401A74249781AD10170114F71
:103740007DB127B1002140F29A30AFF300802B7891
:10375000A34206D127B1002140F29D30AFF3008093
:103760002E7027B1002140F2A230AFF3008001207B
:10377000D5E703EB46035970002AE0D01670DEE768
:10378000602600200000000010B5074C94F8583067
:1037900023B11BF081FD002384F85830034BE26D08
:1037A0001B68C3F8182510BD6026002038270020AC
:1037B00010B5074C94F8583023B91BF067FD01236E
:1037C00084F85830034B01221B68C3F8182510BD3C
:1037D000602600203827002008B520B9024B0BB125
:1037E000AFF3008062B608BD000000002DE9F7438A
:1037F0001D4C4FF020081D4E94F841501C4F202DB9
:1038000002D103B0BDE8F08314F81530013BDBB200
:10381000052B04D816F80390B9F1080F04D140F233
:103820004B61012000F09AFFEFF3108072B61FB1D8
:103830000190AFF30080019804EB45035B7884F8B6
:10384000413094F84230AB4208BF84F84280FFF721
:10385000C3FF01232846494604F81530FFF72CFF23
:1038600094F84150CBE700BF602600207B4A04005B
:1038700000000000202A70B5054604D140F2F9117D
:10388000012000F06BFF2029144B14BF03EB410112
:1038900093F8404003EB420018BF4C7840780CBFCF
:1038A00083F84000487020460146064603F8105051
:1038B00003EB40008A424078F6D193F8425003EB84
:1038C000410183F84260EAB2202D16BF03EB4202A9
:1038D00083F84140547020224A7070BD6026002059
:1038E0008A4238B505461346084C06D00520FFF736
:1038F000C1FF04EB4504607038BD202A16BF04EBFD
:10390000420394F840005878F3E700BF6026002097
:1039100010B5094CD4E91223B3F1FF3F08BFB2F14F
:10392000FF3F07D0FFF74EFC4FF0FF324FF0FF3361
:10393000C4E9122310BD00BF6026002010B5054C5D
:1039400094F850302BB10220FFF7EAFD002384F8F1
:10395000503010BD6026002010B50F4CFFF73CFF23
:1039600024B1002140F2C940AFF300800B4B93F823
:103970004130202B09D024B1002140F2D140AFF3D7
:103980000080074B187801F083F824B1002140F241
:10399000D640AFF3008010BD00000000602600207C
:1039A0005826002010B5084CD4E91223B3F1FF3F8C
:1039B00008BFB2F1FF3F05D1FFF7FEFBFFF738FD6F
:1039C000C4E9120110BD00BF602600202DE9F04FB0
:1039D0004FF0180EDFF858C106460F460EFB03FEE7
:1039E0008FB00CEB0E0208AC08320FCA86420D46AF
:1039F00084E80F0077EB0103044605D34FF000097C
:103A000048460FB0BDE8F08FF444861B9CF814A024
:103A100061EB0707FFF7FCFB00F11C0BBAF1010F8C
:103A200000901BD04049D1E91232A34272EB05004D
:103A300028D2B4EB030865EB0209FFF7C9FB3A494A
:103A40000246D1E91201B1F1FF3F08BFB0F1FF3FDB
:103A500067D00192FFF7DCFB019ABAB122462B46F0
:103A60000020FFF73FFD81460028C7D0BAF1010FC3
:103A700015D05E4577F1000311D2FFF793FFFFF7F2
:103A80005DFF29E04FF00008C146D6E7804579F197
:103A90000003E3D25E4577F10003AFD3DEE7FFF723
:103AA00037FFBAF1010FEAD05E4577F10003E6D3A4
:103AB000009B0220E21A65F10003FFF713FD20B915
:103AC0004FF41571012000F049FE174B93F8502078
:103AD00012B9012283F85020B4F119024FF001000D
:103AE00065F10003FFF7FEFCC0B1FFF74DFE0023B8
:103AF0004FF0FF304FF0FF3102AD8DF82CA08DF864
:103B000030300A4C0293CDE904010FCD0FC40FCD24
:103B10000FC495E80F0084E80F0071E7FFF748FE37
:103B2000E5E7002A9AD1B5E7602600202826002084
:103B30002023002038B5104B1B78202B0CD00F4BC6
:103B4000D3E90645186A6A3445F10005241845F1A1
:103B500000052046294638BD10F14104137B41F190
:103B60000005012BF5D0FFF733FB0028F1D1FFF75B
:103B70004FFB0419EBE700BF202600202826002079
:103B80002DE9F04705460C4617464FF01809DFF8B7
:103B90003880DFF838A0202C08D009FB04F628462E
:103BA00006F10801414409F0E0F910B10120BDE837
:103BB000F08746443C706B7B727D9A42F7D90AEBE2
:103BC00044046478E7E700BF20230020602600203B
:103BD0002DE9F0472023DFF8488006460D461746BA
:103BE0004FF01809DFF83CA098F840400B70202CEB
:103BF00008D12B783A46214630463B70BDE8F04765
:103C0000FFF7BEBF09FB04A03146083009F0ADF94B
:103C10000028EED02C7008EB44046478E7E700BF7E
:103C200060260020202300202DE9F74F87180E463C
:103C300043F10008D1E90023974278EB030337D31F
:103C4000DFF874900DF107020DF106013046FFF721
:103C5000BFFF70BB9DF807104FF0180A337B0AFBBB
:103C60000191D1E902B508691BF1290445F100056C
:103C7000041945F10005012B13D00B7D012B10D148
:103C8000FFF7C6FAA4EB0B0282420ADA9DF807306E
:103C90000AFB0393D3E90245FFF7BAFA041945F189
:103CA0000005A74278EB050302D3C6E90045C9E742
:103CB000002003B0BDE8F08F20230020F8B51C4C95
:103CC000002542F220031B4A4FF0FF304FF0FF3136
:103CD000194F2E46A4F840302023156084F8423056
:103CE0003B7082F8285084F8523084F85050C2E972
:103CF0000201C4E9120104F815600135202DFAD142
:103D00000E4884F8586084F8546000F095FE0C4B1F
:103D10003D7018700B4B84F858601B68D3F8183549
:103D2000E365FFF751FC012384F85330F8BD00BF71
:103D3000602600202826002020260020ED370100E4
:103D400058260020382700202DE9F843FFF770FBA4
:103D500005460E46FFF70EFCFFF702FC67484FF0E2
:103D6000FF334FF0FF32664CC0E9022390F8283051
:103D7000F3B9026A40F2F967D0E906311B3341F129
:103D800000019B1802F5DF6241F10001B2FBF7F27E
:103D90009B1841F100019D4276EB010308D30721F6
:103DA0002078FFF789FC40F2BD21012000F0D6FC0D
:103DB0002778202F02D140F2C721F6E72023237075
:103DC000504C94F8409084F852300023B9F1200F01
:103DD00003601ED0DFF83481182202FB0982937D34
:103DE000012B16D1137D012B6FD0FFF7F1F90028BD
:103DF0006BD1FFF70DFA45194FF0180346F1000695
:103E000003FB0983D3E90201A842B14128BFC3E9FA
:103E1000025694F8543023B1002384F8543009F04A
:103E200081F8DFF8E880384E94F84050202D12D009
:103E3000FFF7FEFA20224FF0180E0EFB0583D3E9A0
:103E400002C3604571EB030341D2202A03D0202135
:103E50000420FFF70FFD0EB1AFF30080FFF7E8FA83
:103E600094F84050202D3AD1FFF752FDFFF766FD40
:103E7000FFF776FB84F85250FFF786FC14F81730F2
:103E8000022B0BD1214B1822394602FB07331B7D35
:103E9000022B0CBF01200620FFF718FCFF2384F83B
:103EA000433094F84130202B03D0194B187800F0A0
:103EB000EFFD184994F86030D1F8482722F001024C
:103EC0001343C1F84837BDE8F883293594E704EB7C
:103ED00045032A465B78202BB9D01D46ADE7012269
:103EE0002B46FFF773FD94F8402020B920210420D1
:103EF000FFF7C0FC98E784F85220BFE7282600208F
:103F00002026002060260020000000002023002042
:103F10005826002000200E50F8B504460D46FFF745
:103F200089F9002804DA40F25331012000F016FC30
:103F300000230A4911F81320D8B24AB91822084EB2
:103F40005A43B718B45001227D6001F81320F8BD20
:103F50000133202BEED11846F9E700BF6026002080
:103F6000202300201F2809D80549002311F810201C
:103F7000012A03D101F81030104670470020704725
:103F800060260020014BD3E9060170472826002057
:103F90002DE9F043037885B004461BB1002005B03D
:103FA000BDE8F083284B5868C0F30800002843D1CF
:103FB000264D4FF0000925B1002140F22240AFF319
:103FC0000080DFF88C8088F8439025B1002140F212
:103FD0002640AFF30080FFF72BFA6B4622460746D8
:103FE0000E4608F0E1FF25B1002140F22D40AFF36D
:103FF00000806A4638463146FFF79CFD009B3A46F2
:104000008342019B8B41334638BFCDE900016946AD
:104010004FF0FF30FFF708FEDDE90023C4E9042379
:1040200025B1002140F23B40AFF3008098F84330C7
:10403000002BC0D10120B2E71038FFF72BFBC0B234
:104040000028B5D1AAE700BF00ED00E000000000A5
:1040500060260020714B2DE9F04F0446586889B066
:104060008946C0F3080098B11038FFF713FB10F031
:10407000FF060ED16A4B1B78202B04D140F2E6419B
:10408000012000F06BFB0E7856B140F2E941F7E7F2
:10409000082699F80030012B02D940F2ED41EFE7F4
:1040A000DFF894A1BAF1000F04D000214FF49E6014
:1040B000AFF300804FF0010B5A4DBAF1000F04D05E
:1040C000002140F2F940AFF300805846FFF784FB2F
:1040D0004FF0000385F84330BAF1000F04D00021FF
:1040E00040F2FD40AFF300800DF11008FFF7A0F99A
:1040F0004A46434608F058FFBAF1000F04D00021A9
:1041000040F20350AFF30080EFF31087BB4672B666
:10411000454B0BB1AFF3008095F8433003F0FF023D
:10412000002BCAD115F814300192013B012B08D99C
:104130003846FFF751FB019A9146484609B0BDE861
:10414000F08F0DF10F020DF10E014046FFF740FD1B
:10415000814648B921460420FFF7B8FA38464FF0A7
:104160000109FFF7F9FBE8E7304B4FF0180C9DF819
:104170000EA00CFB043C98E80F000CF1080C8CE836
:104180000F0086B3BAF1200F2DD1254B1B78202BC1
:1041900029D1274B0BB1AFF30080FFF749F9049AFF
:1041A00010F11C0C41F100036245059A9A410AD3B3
:1041B00095F85220202A0ED01E4AD2E906E2E645A2
:1041C00072EB030307D221460420FFF77FFA38463B
:1041D000FFF7C2FBB1E723460222FFF7F7FB0028F7
:1041E000F1D085F852409DF80F2020469DF80E1022
:1041F000FFF776FBBAF1200F17BF9DF80E3085F858
:10420000404005EB43035C70032305F81430002E97
:10421000DDD1FF2385F84330D9E700BF00ED00E092
:10422000202600206026002000000000202300201F
:104230000000000028260020000000002DE9F843BF
:10424000314F044627B1002140F26B50AFF300809C
:10425000EFF3108872B62D4B0BB1AFF300802C4DED
:1042600015F81430032B06D000264046FFF7B4FAA9
:104270003046BDE8F88395F84030A34215D1254B70
:104280001B78202B11D105EB4403660093F80190B5
:10429000B9F1200F14D1FFF73BFBFFF74FFBFFF7FE
:1042A0005FF985F85290FFF76FFA002223461A480B
:1042B0001146FFF727FA0646B8B940F2A5510DE0BE
:1042C000164B0BB1AFF300802E44FFF7B1F802227A
:1042D0007378FFF77BFB20B940F29A51012000F080
:1042E0003DFA737885F85230DFE70123404605F840
:1042F0001430FFF771FA002FBAD0002140F2AB5012
:10430000AFF30080B4E700BF000000000000000031
:104310006026002020260020A026002000000000AB
:1043200070B586B0072870D8DFE800F00486716F9A
:104330006F6F6F8B4C4C4D4DD4E91223B3F1FF3F9F
:1043400008BFB2F1FF3F05D1FEF736FFD5E90623DE
:10435000C4E91223464E3378202B24D1454BD3F8A1
:10436000482702F0010284F86020D3F8482742F081
:104370000102C3F8482794F84030202B04D140F2C2
:104380006721012000F0EAF904EB4302527884F837
:104390004020FF2284F843200222337004F81320C7
:1043A000002385F82830FEF713FF95F82430012B01
:1043B0001ED0E8B908F0B8FD50B994F86130013367
:1043C000DBB2312B84F861303DD940F2EF51D8E7B0
:1043D00000211822684608F0B5FF4FF47A73694649
:1043E00030780193FFF736FE30B940F22161C8E71B
:1043F000002384F8613030E095F82840012385F8E7
:104400002830FFF7A1FC85F8284006B070BD164C97
:1044100094F850302BB1FFF7C5FA002384F85030E0
:10442000F3E74FF0FF31114B4FF0FF30C3E90201CA
:1044300005210F4B187812E006B0BDE87040FFF779
:10444000B7B90421F5E70C4BD3F80031002BBFD0EE
:10445000012384F8543008F063FD0021307806B061
:10446000BDE87040FFF728B960260020282600200C
:104470002026002000200E5000E01050134B10B5F5
:104480001A78202A04D140F2F961012000F066F97F
:104490000F49D1E90243B3F1FF3F08BFB4F1FF3F39
:1044A00002D040F2FA61F0E718240A4B04FB023311
:1044B000D3E90223BDE8104082184FF0020043F117
:1044C0000003C1E90223FFF70DB800BF202600203A
:1044D0002826002020230020F8B51E4B1D78202D13
:1044E00004D140F20A71012000F038F91A49182766
:1044F0001A4A91F84030202B29D007FB0324667D0F
:10450000864204D891F8540028B100201EE001EB47
:1045100043035B78EFE707FB0522114BD2E9025119
:104520001E6813695B19D4E9022441F1000113F1FB
:10453000290541F10001AA4274EB010106D3D31A07
:1045400006F11902293B9A4200D8981BF8BD4FF09A
:10455000FF30FBE7202600206026002020230020DB
:10456000282600202DE9F74FDFF8ACA006469AF880
:104570000030202B04D140F23971012000F0EEF818
:10458000182841D9224D00234FF0FF392F6A3A18DD
:1045900043EB03009145834136D3DFF8808098F8E0
:1045A000544084B94FF0200B2A6285F825100DF194
:1045B000070298F8401005F118008DF807B0FFF7D2
:1045C000DFFA10B92F6202201FE00220FEF7A8FFD9
:1045D0004FF0FF334FF0FF329AF800005946C5E91B
:1045E00002239DF80720FFF77BF9286830442860F4
:1045F00088F843909DF80730202B03D0054B18789E
:1046000000F046FA204600E0012003B0BDE8F08F3C
:104610002826002058260020202600206026002082
:10462000F8B5214E044616F8103023B940F2AC71AB
:10463000012000F093F81D4D25B1002140F2B37028
:10464000AFF30080012716F81430012B16D1EFF3D9
:10465000108672B6164B0BB1AFF300801549234696
:104660000022481EFFF74EF83046FFF7B5F825B197
:10467000002140F2CC70AFF30080F8BD043B022B68
:1046800009D806F81470002DDDD0002140F2C37067
:10469000AFF30080D7E725B1002140F2BF70AFF340
:1046A000008008F04EFDEEE76026002000000000CC
:1046B00000000000A226002010B5EFF3108472B6AF
:1046C000094B0BB1AFF30080084B1B78202B08D0AF
:1046D000074B012283F854202046BDE81040FFF725
:1046E0007BB808F01FFCF7E7000000002026002040
:1046F00060260020BFF34F8F0549064BCA6802F4BD
:10470000E0621343CB60BFF34F8F00BFFDE700BFF4
:1047100000ED00E00400FA05094B01221B685A6015
:104720004FF0FF32C3F808234FF40062054BC3F883
:104730008820BFF34F8FBFF36F8FC3F88821704776
:104740003027002000E100E008B572B6024B5B683C
:1047500003B19847FFF7CEFFC42600201FB572B6FD
:10476000134B5D688DB9FFF7C5FFB4FBF6F4D3B208
:104770000132002CF9D103F110026A4402F80C4C0A
:104780000A2233B901A8A847EDE7044600220A2609
:10479000EDE7013BDBB203F110040DEB0406B0FBC7
:1047A000F2F402FB1400303006F80C0C2046E8E767
:1047B000C4260020F8B5244F05460C4616463B7823
:1047C000002B3DD100F0CCF900F0A6F918B1A021E2
:1047D0001120FFF7C3FF08F08CFB7E601B4B012606
:1047E0003C814FF48062C3F8A460194BC3F8902059
:1047F000BFF34F8FBFF36F8F1648C3F89021002D82
:1048000018BF2846FFF788FFFEF71AFD0546A8B92E
:10481000FFF754FAFEF706FD08F088FB002C0BDBCF
:1048200004F01F036409A4009E4004F1604404F5F1
:104830006144C4F88061266001233B702846F8BDBE
:104840004FF0FF35FAE700BFC426002000A0085053
:1048500000E100E0824A0400074BB3F90830002B66
:1048600009DB5A09012103F01F03403201FA03F367
:10487000024941F822307047C426002000E100E0E0
:10488000014B1878704700BFC42600202DE9F74F70
:10489000FF27CDE90012434ABE4602F1140B1178FE
:1048A000C9B282F800E001B157703F4CDFF808C18F
:1048B000EFF3108A72B64FF001082568009E4FF0A2
:1048C0000009C5F80480C5F80091C5F80491C2E953
:1048D000016C019EC2E9056C0668C5F81065466862
:1048E000C5F814658668C5F81865C668C5F81C65FE
:1048F0002E4EC5F83065C5F838B5C5F80080BAF158
:10490000000F00D162B64FF400684FF0030925682C
:10491000D5F800A1BAF1000F04D1D5F804A1BAF17D
:10492000000F26D04BB10C9E3EB1D5F84085C3F8A0
:104930000080D5F83C85C6F80080D5F80451002DDC
:10494000B6D199B95578EDB251704FF0030C246887
:10495000174EC4F808C3C4F80411C4F800114FF48A
:104960000064C6F888411170002D98D103B0BDE8ED
:10497000F08F104ED6F810A01AF0100FC8D00C4DC2
:10498000C5F88881EFF3108A72B62568C5F80493DC
:10499000D5F800610EB9D5F80451BAF1000FB6D1BF
:1049A00062B6B4E7D026002030270020D4260020AD
:1049B00000E100E000ED00E01000000B1B4B4FF4A5
:1049C000000270B5C3F89820BFF34F8FBFF36F8F0D
:1049D000174D0021174CC5F80011C3F8982126691E
:1049E000236906F0100643F0100323610123C5F884
:1049F00004332B60D5F80031A3B11EB9236923F02D
:104A0000100323610A4B0122D3F808055A60C3F84A
:104A100008230022C3F800214FF40002034BC3F81F
:104A2000982170BD08F08DFBE4E700BF00E100E0D5
:104A300000700D5000ED00E002460C49052038B52D
:104A4000431ED8B2FF2803D140216920FFF786FE1C
:104A500001EBC0031D7905F0FF04002DF0D141F8F2
:104A6000302001225C719C711A7138BDF42600203F
:104A7000042808B503D947216920FFF76FFE034BCF
:104A800003EBC0000023037108BD00BFF426002023
:104A9000042808B503D950216920FFF75FFE094BB0
:104AA00003EBC0000379012B01D05121F4E74379D6
:104AB00082790133DBB29A4218BF4371BDE80840E6
:104AC000FFF7CABEF426002070B50625114C00265B
:104AD000013D15F0FF0500D170BD94F8281004EBDE
:104AE000C1031A79012A09D158799A79904205D0DF
:104AF0005A79D2B29A7154F83130984794F82830E4
:104B00000133DBB2042B94BF84F8283084F828608A
:104B1000DEE700BFF4260020044B1A681C2A03BFFE
:104B20005868B0FA80F04009002070472027002024
:104B3000044B1A68292A03BF5868B0FA80F040096C
:104B40000020704720270020044B1A68272A03BF43
:104B50005868B0FA80F040090020704720270020F4
:104B600008B5184B1849D3F840230A60D3F84433EA
:104B70004B60FFF7DDFF10B9FFF7E6FF88B1134B7D
:104B8000C1E9023303F580530B61A3F5E0434B61A8
:104B900003F520438B614FF48773CB614A230B628B
:104BA00008BD0B4BC1E9023303F580530B61A3F53C
:104BB00080434B6103F500438B6140F20513CB61E9
:104BC0004623ECE700C0FF002027002000A004508F
:104BD00000600450094B0A4AC3F800230132C3F8AD
:104BE0000C230132C3F818230132C3F82023013209
:104BF000C3F81C230132C3F81021704700A00850ED
:104C000004000080074B0022C3F80023C3F80C23E4
:104C1000C3F81823C3F82023C3F81C23C3F81021BA
:104C2000704700BF00A00850844641EA000313F01B
:104C3000030359D1403A33D32DE9F000F0C9F0C055
:104C4000F0C9F0C0F0C9F0C0F0C9F0C0403AF5D2E8
:104C5000F0BC25E0403A23D30B6803604B68436007
:104C60008B688360CB68C3600B6903614B694361E8
:104C70008B698361CB69C3610B6A03624B6A4362D0
:104C80008B6A8362CB6AC3620B6B03634B6B4363B8
:104C90008B6B8363CB6BC36340304031403ADBD2D4
:104CA00030320BD30B6803604B6843608B688360C2
:104CB000CB68C36010301031103AF3D20C3205D3F8
:104CC00051F8043B40F8043B043AF9D2043208D0CE
:104CD000D2071CBF11F8013B00F8013B01D30B8840
:104CE00003806046704700BF082A13D38B07B1D0FA
:104CF00010F00303AED0C3F10403D21ADB071CBFCC
:104D000011F8013B00F8013BA4D331F8023B20F835
:104D1000023B9FE7043AD9D3013A11F8013B00F86E
:104D2000013BF9D20B7803704B7843708B7883701A
:104D300060467047014B1B681B681847B806002087
:104D4000014B1B685B681847B8060020014B1B68C5
:104D50009B681847B8060020014B1B681B69184761
:104D6000B8060020034B1868034BC01A18BF012077
:104D7000704700BFB8060020A04A040053B94AB9E2
:104D8000002908BF00281CBF4FF0FF314FF0FF3053
:104D900000F00CB8ADF1080C6DE904CE08F028FB6A
:104DA000DDF804E0DDE9022304B07047704700BF7E
:104DB00038B505460C46ECF77BFB30B13E2D04D1EF
:104DC0002046BDE83840ECF7B3BB38BD1FB50146FF
:104DD00001A800F006F801A804F05FFE05B05DF838
:104DE00004FB0B880022C3F30B0383804B884272C1
:104DF000C3804B78C3F30113012B02D0022B18BFE1
:104E0000134604310372016070478B88043010B57B
:104E100000F8043C0C4610F8033C03F0F00300F8E3
:104E2000033C8A88C2F30322134300F8033C03F0D7
:104E3000CF03CA8800F8022CCA8800F8033C120A83
:104E400000F8012C0A7A120102F03002134303F039
:104E50003F0300F8033C4A7A43EA821300F8033C1C
:104E60000968814205D0E288FB2A28BFFB22FFF7B0
:104E7000DBFEE0880430C0B210BD8B88043010B473
:104E800000F8043C10F8033C03F0F00300F8033C86
:104E90008A88C2F30322134300F8033C03F0CF03D4
:104EA000CA8800F8022C10F8012C02F0C00200F8A9
:104EB000012CCC8800F8033CC4F30524224300F8FD
:104EC000012C02F03F020C7A240104F03004234349
:104ED00003F0BF0300F8033C4C7A00F8012C43EACE
:104EE000841303F07F0300F8033C0B68834205D072
:104EF000CA8819465DF8044BFFF796BE5DF8044B6F
:104F0000704708B510B1FFF761FF10B96FF01500D9
:104F100008BD0020FCE710B50C4648B141B1EBF7E5
:104F20007DFF0028207014BF00206FF0220010BD0C
:104F30006FF01500FBE708B5ECF7D8FA002008BDC4
:104F400002F08CBB08B5ECF7E3FA002008BD03F0D3
:104F50005AB903F07CB90222002302700522437083
:104F60008270FC22C37042716FF021020371827162
:104F70004122C2716FF0140202726FF05D02427240
:104F80006FF02E0282724222C2721846704702F0FF
:104F9000C5BB38B50446FBF769FF01281BD1601C6F
:104FA000FBF76CFFB8B1A3790020E51D63F03F0368
:104FB000A371F3F7ABFD40B110220021284608F0A1
:104FC000C1F901230020237038BD2846FBF76AFF92
:104FD0000028F1D0F5E70023F4E710B504461022CD
:104FE000002108F0AFF904F1100310220021184647
:104FF00008F0A8F9FBF770FF0020F3F787FD20B158
:105000002046FBF74FFF002010BDFBF72FFF0028C5
:10501000F6D0F8E710B50446FFF7D0FCB0F5007FF6
:1050200009DA10F5007F08DD031EB8BF03339B10BB
:105030000020237010BD7F23FAE76FF07E03F7E7AF
:105040001FB5002341F64B524178CDF80A30D0F815
:105050000230934295BF4FF47A7240F2E242B3FBC2
:10506000F2F3B3FBF2F398BF03F5506302789BB2FF
:1050700042EA0122ADF80230ADF80020ADF804306C
:10508000C279837943EA0223ADF80630427A037A83
:10509000684643EA0223ADF8083002F099FC05B0F7
:1050A0005DF804FB03F049B90078003818BF01200F
:1050B00002F078BCF3F7FEB88178008803F008B9F5
:1050C00003F024B937B505460C4600880DF10601FA
:1050D00002F06DFC2B882380BDF80630638003B09E
:1050E00030BDF3F7EFB8F3F7F9B8F3F715B903F0FC
:1050F0001BBD02F09DBA02F006BB08B5ECF710FA32
:10510000002008BDF2F734BC02F01ABBF2F794BFDE
:1051100002F0E5BA02F0F7BF02F0D8BE03F026B8FD
:10512000F2F74ABE02F024BC02F0C9B902F0CEB9CF
:1051300002F017BA02F033BA02F0BFBC02F010BBA3
:1051400002F011BD02F0D6BA02F082BA03880B80D9
:1051500003F03EB803880B8003F048B802F027BB89
:10516000F2F798BCF2F77EBC02F0BEB902F0DFB9EC
:1051700002F04CBA02F058BA02F038BA02F02DBA76
:1051800002F048BB02F06EBBF2F78EBC02F0A2BB8D
:1051900002F09ABF02F00DBD02F03FBD02F0C8BFA1
:1051A00002F0A9BE02F0DABE02F0C3BE02F0CBBE2E
:1051B00002F062BD02F06EBDF2F78EBD02F0B5BB2B
:1051C000F2F7A2BF02F006BF02F00BBF02F025BF4C
:1051D00002F032BF02F042BF02F04BBF02F05EBAF3
:1051E00002F06DBAF2F77ABB02F025BB02F048BFBD
:1051F00002F059BFF3F742B8F3F7A8B803F039BB90
:1052000003F048BC03F00EB9F3F7A8B803F0FBBAFB
:1052100003F050B903F094B903F072B903F00FB979
:1052200003F09BB8F2F7AEBBF2F76CBCF8B5941C78
:105230000E46054617460C446343B3F5004FA8BF1E
:105240004FF0FF3310F003019CB203D0B0211420C3
:10525000EBF710FBB4F5004F01D9B121F7E71422A9
:10526000043008F06FF8EF746C802E80F8BD018870
:10527000C27C8B1C134410B49BB24488B4FBF3F380
:105280005DF8044BDBB2FFF7D1BF38B50588C288A3
:105290008D420389C2F30E0403D2D1211420EBF70F
:1052A000E9FA5A40C2F30E030BB9120406D404F112
:1052B00018030122C1528274184438BD1846FCE715
:1052C000023101444A43B2F5004FA8BF4FF0FF320C
:1052D00090B21B3020F00300B0F5004F34BF00B295
:1052E0004FF0FF30704740881B3020F00300B0F5CE
:1052F000004F34BF00B24FF0FF3080B2704738B576
:1053000003888B4203D2F7211420EBF7B3FA857C94
:1053100065B1C388C3F30E031833C25A8A4207D358
:10532000C152811DECF72AF900238374284638BD49
:105330000025FBE703461830F0B59C88A5B2C4F3FE
:105340000E06DC88AC4202D10020D881F0BD5F8916
:10535000DC7C855B3C44ED1B0234ADB2344420441C
:105360000C88AC4288BF0D805C89B4FA84F464096F
:1053700014700A88DA81E9E7F8B582880026C389C3
:1053800004460D4692B20E60CBB14189C2F30E02C3
:105390000B4418329BB28718825A4381934204D936
:1053A0004FF4A2711420EBF765FA04D1011DECF75C
:1053B000E5F846812F6000230120E381F8BD1846FF
:1053C000FCE78388014602899BB29A4202D00831E9
:1053D000ECF7D4B870478388C0889BB2C31A584290
:1053E00058417047C288018910B5C2F30E044A4083
:1053F000C1F30E031204A3EB04035CBF42889B18A5
:105400000288C07C0232104480B293FBF0F080B27C
:1054100010BD828873B595B2C488C2F30E02AC4247
:1054200002F1180212D04189C689835A3144994247
:105430000EDB0DF10601ADF80650ECF79FF8BDF854
:105440000600001B18BF012002B070BD0020FBE762
:105450000120F9E7034618301A8970B530F8124C6C
:10546000C4F30E065440C4F30E0222B9220402D53E
:105470000020188270BD9C891D880CB1825BAD1A1A
:10548000A942F5DCDA7C3444198202322244104409
:10549000F0E7F8B5038A002B38D08B4236D3C488A6
:1054A00000F118038589C4F30E041E1995B91D5522
:1054B000757085891E5B0D443144ADB285811953E9
:1054C000D2B1811DECF75AF80023838100230382B7
:1054D0000120F8BD1E5BAE4204D04FF4F6711420DB
:1054E000EBF7C8F9C57C2644878A023535445E1936
:1054F0005F53857DB570DCE7C27C2C4402321444D6
:105500001A191B5B838293788375DFE70020E0E73D
:105510008388C2889BB29A4206D0428922B9C3F3DB
:105520000E0318331844704700207047C37C0233C1
:10553000C81870470230704738B58388C2889BB25C
:105540009A4209D043893BB9C5893DB9011DECF7A1
:1055500015F8C581012038BD0020FCE71846FAE7A0
:10556000002383810382704703881380C388C3F3B9
:105570000E031833034480890B60704703680022D0
:1055800023B9C0E90132031D0360704759681B68E5
:105590000A44F5E7072938B5034604D84FF4EC71FF
:1055A0001520EBF767F90068A8B1D0E900248C4218
:1055B00012D02AB901F10805AC4204D210460AE023
:1055C00003461046F1E7425045181A68641A1268FB
:1055D0006C6042501D6038BD1A60FCE70023C1E9D1
:1055E000003203680B600160704730B590B1847879
:1055F000B1FBF4F304FB131300EB430252898A421C
:1056000001D1D8B230BDC27822B900F10A03D0B2BC
:10561000844201D8FF20F5E733F8025B0132A9424A
:10562000F5D1EFE7827803880532594301EB420157
:1056300008447047002307B5CDE900338DF8060014
:105640006846ECF789F9B0FA80F0400903B05DF8DC
:1056500004FB73B500240546CDE900448DF806002F
:105660006846E6B2ECF778F901340028F8D028460D
:10567000ECF7B8F8801BC0B202B070BD13B50023C0
:105680000446CDE900338DF806006846ECF764F96E
:1056900008B102B010BD2146BDF80400ECF738F99E
:1056A0000028F2D040F215211720EBF7E3F870B58F
:1056B0001E460D460921FFF703FE04463246092126
:1056C0002846FFF7FDFD002C03DB002801DB20440A
:1056D00070BD4FF0FF30FBE7D31D23F0070370B51B
:1056E000083390B110F0070403D058212220EBF7C3
:1056F000C1F804604FF6FF75C28000F108040A4645
:105700008180013A92B2AA4203D103FB01F0083032
:1057100070BD0668266004601C44F2E718B1C288B8
:105720008188FFF7D9BF70470346EFF3108272B646
:10573000006830B101681960002303704370837002
:10574000C37002B962B67047EFF3108372B6026895
:105750000A60016003B962B67047EFF3108372B656
:10576000006818B10068003818BF012003B962B69C
:105770007047012303707047F8B5054608461E467A
:105780001146002814BF00240224FF23AB702B19FC
:105790001B7D012B04D001342B191B7D012B19D14A
:1057A00005EB44073B8B3A8C9819904204DD0020AE
:1057B0002C4438832075F8BD05EB840432466068BC
:1057C0001844FFF731FA3A8B16443E830023AB703E
:1057D0000120F0E70020EEE7002910B514BF0023F8
:1057E0000223FF218170C1180C7D012C07D10C33DD
:1057F00020F8132002230B750023837010BD0133A2
:10580000C1180C7D012CF2D04FF48C710920EBF7FC
:1058100031F830B5827802F0FF03EAB9027D022A3E
:1058200018D0427D022A17D11A46012381B10024E3
:1058300085180C322C7520F81240C21803241475F8
:1058400000EB83020C33526830F813300A608B800F
:10585000012002E00122E9E7002030BD30B5837865
:10586000E3B9837D022B17D0C47D022C16D103230C
:1058700081B1002205190C342A7520F81420C218B1
:105880000324147500EB83020C33526830F8133094
:105890000A608B80012002E00324E9E7002030BD8C
:1058A000037D012B01D1008B7047437D012B0CBF81
:1058B000408B00207047837D012B01D1808B704786
:1058C000C37D012B0CBFC08B00207047038B23B915
:1058D000408B003818BF0120704701207047838B30
:1058E00023B9C08B003818BF0120704701207047D2
:1058F000027D022A01D1008B7047437D022B01D12A
:10590000408B7047032AF6D0032BF9D00020704754
:10591000827D022A01D1808B7047C37D022B01D189
:10592000C08B7047032AF6D0032BF9D000207047B4
:1059300008B5ECF7A1F920B103786FF30003037009
:10594000012008BD08B5ECF797F9003818BF012011
:1059500008BD10B5044601F11B0200200121FFF72C
:10596000BBFE083C0838B4FBF0F080B210BD2DE956
:10597000F0410646069898460D46430711469DF8A5
:105980001C7002D010F0030003D025214C20EAF750
:1059900071FF4FF48B72FFF79FFE002F06AB04469A
:1059A00000FB08F114BF00201846EBF709FE17B9F9
:1059B000069B33602C60BDE8F081F7B507461546BD
:1059C0000E4619B90024204603B0F0BD11463046FA
:1059D000FFF7E0FD04460028F4D007F11B0239462A
:1059E00028460092FFF7B5FF009A0146CDE9000274
:1059F0000020FFF771FE009911B18542019A05D28E
:105A00002A4621463046FFF7E9FDDBE72046FFF74F
:105A100063FED8E7ECF742BA10B50A78497802F08D
:105A2000030401710470C2F3C0044470C2F3800423
:105A3000C2F300128470C27010BD69B1C31E012B85
:105A400009D9CB1E012B06D9012805D001290CBF8D
:105A50000120022070470420704710B50446F4F777
:105A600047F830B1032C04D10120BDE81040FDF708
:105A700065BC10BDECF778BA10B50446FCF728FAFF
:105A800000F544434FF47A70033C4933012CB3FBD7
:105A9000F0F394BF282000208033184410BD10B5C7
:105AA000044690F87500FFF7E7FF01220146204603
:105AB000BDE8104004F054B9C31E012B70B5064672
:105AC0000D4610D9FCF704FA00F522434FF47A741E
:105AD000B133B3FBF4F43046FCF7F2F905F19B0364
:105AE0002344184470BD6724F5E7002313B51A4614
:105AF00080F80C32A0F85832194600930446EDF7AE
:105B0000AFF820B140F2FF113020EAF7B3FE0122D6
:105B1000C4F80802C4F8000284F80C22A4F81E029B
:105B2000A4F81C0284F82102B4F88820A4F85A02D0
:105B3000013AA4F8882002B010BD70B5044690F870
:105B4000603103F0FF01E3B96FF00043D0E9565232
:105B50009A4208BFB5F1FF3F01D1002070BDD0E9E6
:105B6000545605F0FDF9AE30D4E956325B1B62EBBA
:105B700006021B1A62F10002002AEEDA2046F6F74E
:105B8000D5FE0120EAE7F8B5044618B9E221302035
:105B9000EAF770FE072900F2AA80DFE801F0043E70
:105BA0003E3AA82E9EA6F6F7B9FED4F84401A438D2
:105BB000FEF764FC10B940F25D21E8E7204605F0ED
:105BC0005CFA0546F0B90146204605F0C9F900F136
:105BD000AE06D4F84401B04209D2301A0321192884
:105BE00038BF1920FEF7BEFC051E18BF0125C4F8FA
:105BF0004461204605F07DFA35B12046BDE8F84005
:105C000005F078BA0025F4E7D4E95423C4E94C231D
:105C1000F8BDBDE8F840FCF721B805F0F0F9002325
:105C200005460E4684F8403184F84931D4F81431E1
:105C3000EBB150EA01031AD00721A5FB012301FBB8
:105C40000633D4E94C10521843EB0003D4E9540155
:105C500082428B410BD2012304F5A07784F84831AE
:105C60003846FEF795F920B940F2A4618FE7022388
:105C7000F2E72046FFF761FF034694F8100133B9BD
:105C80003946FEF7E7F938B94FF4D5617FE7FEF7FB
:105C900069F9002384F83831D4E95401D4E94A324F
:105CA000834272EB0107B3D255EA0607B0D0C01A9F
:105CB000334661EB02012A4607F0B2FA05FB01F216
:105CC000A5FB005300FB0621D4E94A020B44451909
:105CD00043EB0203C4E94A539AE790F81001FEF738
:105CE00041F9002384F8383192E7FF214FE740F271
:105CF00003114CE7F8B50D460023D0F81411044603
:105D000080F81831D0E9546781F8DE2180F8383105
:105D10000121D0F81401F3F7DDFAD4F81401C0E939
:105D2000906794F81031C0F85C5280F82432C0E9D2
:105D30009467FFF7DAFE20B140F21C713020EAF7D9
:105D400099FDFBF7CFFDBDE8F840FDF7FDBFD0F8AA
:105D50001401704710B5044690F83831EBB1FF23B9
:105D600080F86031012105F0C7F994F83831A3B10A
:105D700094F81001FEF762FA94F81001FEF750FC57
:105D800094F81001FEF7EEF820B940F2EB11302044
:105D9000EAF770FD002384F83831002010BD10B5FB
:105DA00090F8602142B990F8182142B1D0E947310A
:105DB000994202D9F6F7BAFD0022104610BD012221
:105DC000FBE740F2E31108B503F0D3FFB0F5296F0C
:105DD00028BF4FF4296080B208BDF8B5044621B150
:105DE000012931D040F2D2712BE0C68C36B1F3F7E5
:105DF0008BFEE68CB0FBF6F303FB16062046D4E9D7
:105E00004A5705F0FCF80023281884F840314FF079
:105E1000020347EB01018019A4F8483141F1000168
:105E2000C4E95401C4E94A012046FFF786FE70B96F
:105E300004F5A07194F81001FEF70CF938B940F29E
:105E4000FB613020EAF716FD002380F81831FBF7DC
:105E500049FDBDE8F840FDF777BF90F838010038FC
:105E600018BF01207047012807D1487900F0C00011
:105E7000A0F14003584258417047002070474FF44A
:105E80002E71322008B5EAF7F5FC13B50C4690F8F0
:105E9000DE2002F0FF03AAB1363800F078FC1823A8
:105EA000237004238DF8043000238DF80530002082
:105EB0009DF8043063F307009DF8053063F30F206D
:105EC00002B010BD8DF80430EFE738B504460D463A
:105ED00000F0BDFC94F87030012B03D094F87030C2
:105EE000002BF7D13F220021204607F02BFA072292
:105EF000002384F8585084F84B2040F2011284F8B3
:105F0000543084F8A530A4F84C20636684F89430AB
:105F1000C4F8903084F8A63038BD0023A0F82131B1
:105F200080F8233180F87030704708B5EDF716FD22
:105F3000BDE80840EEF788B908B5EDF70FFDFBF7AF
:105F400075FCBDE80840EEF7EBB908B5EDF706FDC6
:105F5000EEF75EF9FBF76AFCBDE80840EEF7E0B942
:105F600008B5EDF7FBFCFBF761FC032008BD08B5A5
:105F7000EDF7F4FCEEF74CF9FBF758FC032008BDF5
:105F80000321EFF725B90121EFF722B990F83E0080
:105F9000003818BF0120704710B5012104460020C9
:105FA000EBF7A0FC10B12146FFF78FFF0121084657
:105FB000EBF798FC10B12146FFF787FFBDE81040D2
:105FC000EFF79CBDEFF7E8BA90F8403013F0FD0F03
:105FD00014BF01200020F2F799BD11F0FD0F80F8E9
:105FE00055100CBF0123002380F84C307047F0B5EA
:105FF000D0F8C8509DF81440954232D190F8402016
:106000008A422ED1002104F0020C0A460D46CEB27F
:10601000871997F82471A7F1030EBEF1010F1BD861
:1060200045F00405BCF1000F18D100EB860653F8CB
:106030002270D6F8CC602B36BE4212D1013190F8D6
:106040001D710132CEB2D2B2B742E0D204F00500E7
:10605000431B58425841F0BD3D43E6E70132D2B2FE
:10606000E3E70020F7E790F854305A0705D590F899
:106070005600431E58425841704713F0030304D0A2
:1060800090F8550000F0FD00F3E71846704701292D
:1060900013B5044601D1EEF7BBF894F8543004F17F
:1060A0006C009B0703D00190EFF7CAFD0198EFF752
:1060B0007BFD204602B0BDE81040FFF72EBFA030A8
:1060C00002F013BE38B5012104460020EBF70AFCAC
:1060D00020B940F6C6213220EAF7CCFB637880F87D
:1060E0005430227812F001031CBF012180F82411E2
:1060F000910705D5C11801330225DBB281F824517F
:10610000520742BF1B18042283F82421A37880F889
:106110004030E178FFF761FF237980F84B306379F5
:1061200080F8573038BD10B504466C30EFF788FD65
:106130002046BDE81040FFF7F0BE10B5012104462F
:106140000020EBF7CFFB034620B940F60A3132209E
:10615000EAF790FB90F8942002F0FF002AB9C3F808
:106160009040FF2283F8942010BD0C20FCE708B576
:1061700001210020EBF7B6FB20B940F61B3132209D
:10618000EAF778FB002380F8943008BD38B5012188
:106190000020EBF7A7FB044620B940F6223132205D
:1061A000EAF768FB90F8943013B90C25284638BDFF
:1061B000002380F89430D0F890000121503004F092
:1061C00073FBD4F8903093F8443003F0FF05002BB4
:1061D000EBD1D4F89000F8F7E3FDC4F89050E5E770
:1061E00008B501210020EBF77DFB20B940F64531D1
:1061F0003220EAF73FFB90F89400003818BF0120E6
:1062000008BD082970B50646154608461C460CD040
:106210001946F2F7C9FE18B9C1213320EAF72AFB63
:10622000237843F00203237070BD737C237073687E
:106230001A682A609B88AB80F6E7036863B1EFF3C6
:10624000108272B603681968016002B962B6002252
:106250001A705A709A70DA707047333070471FB5F1
:10626000002403949DF9204002949DF81C40019461
:106270009DF818400094EFF71DFA04B010BD1FB54B
:1062800003939DF91830CDE90123FF2304220093E5
:106290000023EFF70FFA05B05DF804FB18B1407B5F
:1062A000FF3818BF0120704708B520B94FF490613E
:1062B0003320EAF7DFFAC07EFF3818BF012008BD9F
:1062C00008B520B94FF491613320EAF7D3FA807D05
:1062D000FF3818BF012008BD70B50C4605461646AC
:1062E00003F0E7F86074284603F0EEF8A074062E79
:1062F0001DD8DFE806F00412041C041C040001236E
:106300006370EB1C63600023A3606B78063BDBB219
:10631000237453B10935E56070BD03236370EB1836
:10632000093563600023A5602374E360F4E700236C
:106330006370C4E90133F7E738B50D46C178044608
:1063400011F03F0150D003F0B4F86874204603F018
:10635000BBF8A87423796B70E1788B092B702279D4
:1063600012F0010046D10523686012F0020001F02E
:106370003F011CBFE0180633A86018BFDBB250070E
:1063800044BF0133DBB212F008001CBFE018023337
:10639000686118BFDBB212F010001CBFE0180333B5
:1063A000A86118BFDBB212F020001EBFE018123344
:1063B000DBB212F04002E86101F104001EBFE218F6
:1063C0000133DBB22A62C01A10F0FF0014BFE218DA
:1063D00002466A626278013A521AD2B22A7462B1F3
:1063E00003442344EB6038BD28462822BDE83840EA
:1063F00006F0A8BF601D0B23B6E7EA60F3E702785A
:1064000002F00F02072A01D1FFF796BFFFF764BF22
:106410000378CA1E012BD2B229D0022B0DD09BB912
:10642000012A38D8417811F0100F2FD143786FF33B
:10643000C30343700023436106E04378002123F047
:106440000303416081604370012A07D84378DA066C
:1064500041BF6FF3861343700023036243786FF3E9
:10646000451343700023C3610374C36070474378CE
:1064700002296FF3410343704FF000038360EDD0B6
:106480004178436063F300014170DDE721F00301CF
:106490004360836041704378D906C7D5D4E70123B0
:1064A00081F0010103704370037100238170C37098
:1064B0004371704730B501250024AB4284700571EB
:1064C000C57044710BD0022B05D03BB901704270EE
:1064D0000371C37002E004704470457130BD9DF8D3
:1064E0000C309A1E5342534103704370F6E7037811
:1064F0002BB14B786FF300034B7000234B60437854
:106500002BB14B786FF341034B7000238B60037901
:106510002BB14B786FF345134B700023CB6183781D
:106520002BB14B786FF3C3034B7000234B61C378DF
:106530002BB14B786FF304134B7000238B614379BD
:1065400013B100230B74CB6070474378002223F013
:1065500022038260C2614370704790F85430012B6F
:106560000AD104293DD003293ED0022940F6480033
:1065700008BF4FF485607047042922D0032925D035
:10658000022940F2E6200BBF4FF4E1730346B4202A
:106590004FF4B0701844CB1E012B00F1960094BF4D
:1065A0002822002204294FEA420214D0032915D0E0
:1065B000022940F6480308BF4FF48563104418448D
:1065C000704741F266334FF43560E3E740F26463AD
:1065D00040F2EE30DEE744F29023EFE741F2BE13E3
:1065E000ECE744F29020704741F2BE10704708B5C6
:1065F000D0F8E830D21A04D540F2A3312120EAF7CE
:1066000039F9D0F8C800B2FBF0F008BD38B50D4636
:10661000044620B940F2FE612120EAF72BF991B13E
:10662000F4F722FB10B940F20471F5E7D5E9003226
:10663000A9685B1842F10002C4E97232B5F924304E
:10664000A4F8EC3138BD00220023C0E97223F9E739
:10665000002310B51A4690F81D41D9B2013300EB62
:106660008101D1F8CC102B310A44D9B2A142F4D91E
:10667000D0F8C800831A5842584110BD2DE9F041A6
:106680001E46D0F8103105461446FBB9D0F8C87044
:106690004FF00708A7FB0887FFF7DAFF58B1D5E9E5
:1066A0002C23A21A66EB0306424576EB070314D2AD
:1066B0000320BDE8F081D5E93023A41A66EB030678
:1066C000444576EB070308D30120F2E7FFF7C0FF4C
:1066D00000280CBF01200220EBE70220E9E72DE9AA
:1066E000F041044606F033FC074688462046D4E9CC
:1066F0002C23FFF7C3FF0646FDF7EEFE18280346DE
:1067000042D95A1CD4E9360514D01A18AA42D4E941
:106710002A2128BF2B1AD21B61EB0801012A71F133
:1067200000054FF000052DDB934275EB010100DB06
:106730001346C5182D1A41F28830854228BF0546F8
:1067400006F005FCC7F1320303449D421CD33146D9
:106750002846FDF707FFB8B9D4F8D830D4F8DC20C4
:106760002B44D4F8E00093422844C4F8D830C4F84D
:10677000E00004BFD4E93A23C4E93023BDE8F04186
:10678000FDF77CBE2B46D4E70020BDE8F08170B554
:10679000044690F8143103F0FF05002B55D0FF2379
:1067A00080F8153190F81701FDF748FD94F81701AE
:1067B000FDF736FF94F81E01FDF740FD94F81E0129
:1067C000FDF72EFF00212046FFF761FC94F81631FB
:1067D00004F1E805F3B1D4F8083128462BB3F4F7F7
:1067E00017FA002384F8153194F8165115F0FF05B7
:1067F00018BF0C2584F81631C4F8103184F8143110
:1068000094F81701FDF7AEFB90B94FF43E712120CB
:10681000EAF730F8D4F8100130B1D4F808311BB9D8
:1068200000F5E470F4F790F92846F4F78DF9D8E70D
:10683000202694F81E0184F81761FDF793FB10B928
:106840004FF43F71E3E784F81E61284670BD10B530
:10685000044690F814310BB1FFF799FF0023A4F818
:106860000C3110BD90F86C00003818BF0120704743
:10687000D0F810310BB1FFF78ABF0C207047F8B584
:1068800006460F4690F8153103F0FF04002B38D16F
:1068900006F05DFB054696F82001062F29D8DFE8B3
:1068A00007F0043232212D323200EFF7E7FA00F11F
:1068B0009804D6F8B000D6F8D8302D1A8C3B2C446A
:1068C000A3428CBF012500250AD83046FFF707FFF9
:1068D00030B1D6F8D8508C3DAC422CBF00250125F4
:1068E0002846F8BD0338012898BF282404F55774BA
:1068F000DFE740F245312120E9F7BCFF40F20124F7
:10690000D7E70025ECE70125EAE7F8B50C46054690
:1069100001F5E4770021D4F8D001F4F75FF9A8423B
:10692000064606D18268D4F8D0319A420DD28169E8
:1069300059B131463846F4F723F9002331462B622A
:106940002046BDE8F840FFF761BEE9692F629A4230
:106950002CBFAA60AB60F3E710B504460020EFF748
:1069600059FC2046BDE81040FFF771BF90F8142194
:1069700002F0FF032AB1B0F90C01003818BF012062
:10698000704718467047F0B504468BB0072900F2EF
:10699000CC80DFE801F004777772CA9492C790F850
:1069A000153103F0FF064BB10121FFF770FBFAF739
:1069B00099FF0BB0BDE8F040FDF7C6B9FDF7E2FA6C
:1069C0000B46024607460391C4E92C012046FFF717
:1069D0000EFE94F81DC1039B04940796BCF1000FB2
:1069E0001CD0D4F8E850D4F8C8107A1BB2FBF1F2EE
:1069F00001FB025532467D1BD1B2013204EB81010D
:106A0000D1F8CC1001F12B0EAE459EBF2B3D0136C7
:106A10006D1AD1B298BFF6B26145EDD9B4F8222112
:106A200084F81C61C2F30C028DF82060C2B1D4F866
:106A300018310020059303238DF818308DF82100BC
:106A400004A8EEF795FDD4F8D8008238C4F8E00029
:106A5000FDF714FD88BB40F293112120E9F70AFFEE
:106A600048B18DF8182020463A46FFF7C0FD00389F
:106A700018BF0120E2E70122F3E70BB0BDE8F040C8
:106A8000FBF7ECB8B0F82231C3F30C030BB1FFF7FE
:106A90004AFB0022012304A920460092EFF7D4FB11
:106AA00040B104A994F81701FDF7D4FA28B94FF4BE
:106AB000E761D2E72046EEF7B1FD0BB0F0BD90F8EC
:106AC000153123B10BB0BDE8F040EEF765BDB0F86D
:106AD0002231C3F30C0313B390F82031033B012B95
:106AE000F0D890F81F31002BECD1012180F81F1154
:106AF00044F23650FDF736FD0028E3D144F236501B
:106B0000D4F8D8300344C4F8D830D4F8E03018446E
:106B1000C4F8E000FDF7B2FC0028CED1D2E7FFF7C1
:106B2000DEFDF9E740F2C91197E740F2CD1194E795
:106B300030B5044689B00D4690F8142102F0FF03E9
:106B400022B140F26A212120E9F794FEFF2280F869
:106B5000142180F8153180F81C31A0F80C31FFF7B2
:106B600077FD70B141F28833C4F8F0300122002380
:106B700002A920460095EFF767FB88B940F27F2114
:106B8000E1E794F81D110346C2B2013004EB820222
:106B9000D2F8CC202B321344C2B28A42F4D9E3E7B4
:106BA00002A994F81701FDF755FA10B94FF42071B6
:106BB000C9E709B030BD70B504460D4690F81431F0
:106BC00023B140F29A212120E9F754FE11B940F295
:106BD0009B21F8E7EFF776F9064670B1C4F810513B
:106BE00095F8F03103F0FF0113B14FF42971EAE792
:106BF00084F816112046FFF79BFF304670BD37B56D
:106C000005460191EFF75EF9044618B1019928464F
:106C1000FFF78EFF204603B030BD10B5044688B0A4
:106C200090F8152102F0FF039AB91A4602A90093C1
:106C3000EFF70AFB50B102A994F81701FDF70AFA21
:106C400038B940F21F712120E9F714FE2046EEF713
:106C5000E5FCFAF747FE08B0BDE81040FDF774B850
:106C6000EFF760BD40F2651108B503F082F8B0F5AA
:106C7000296F28BF4FF4296080B208BDEFF7A4BD8B
:106C800082B000F05F039DF8042022F05F021343FE
:106C900043EA012002B07047F0F704B970B50D4621
:106CA0000C210646EAF71EFE10B12860002070BDD8
:106CB0000B213046EAF716FE38B909213046EAF7CB
:106CC00011FE0028F1D10220F1E70C20EFE770B5AA
:106CD0000D460B210646EAF705FE10B1286000209C
:106CE00070BD0C213046EAF7FDFD30B90921304670
:106CF000EAF7F8FD18B1B830F0E70C20F0E7022011
:106D0000EEE708B5CB1E012B04D8800100F53470E6
:106D100080B208BD012902D10A30C000F8E702297B
:106D200002D10B308000F3E740F286210620E9F71C
:106D3000A1FD08B5CB1E012B04D8800100F53470ED
:106D400080B208BD012902D10A30C000F8E702294B
:106D500002D10B308000F3E740F286210620E9F7EC
:106D600089FD08B5CB1E012B04D8800100F53470D5
:106D700080B208BD012902D10A30C000F8E702291B
:106D800002D10B308000F3E740F286210620E9F7BC
:106D900071FD08B5CB1E012B04D8800100F53470BD
:106DA00080B208BD012902D10A30C000F8E70229EB
:106DB00002D10B308000F3E740F286210620E9F78C
:106DC00059FD08B5CB1E012B04D8800100F53470A5
:106DD00080B208BD012902D10A30C000F8E70229BB
:106DE00002D10B308000F3E740F286210620E9F75C
:106DF00041FD10B50E21EAF737FD044618B96521AB
:106E00005320E9F737FD4FF4B472002106F09AFAE7
:106E100041F20143A4F8EC30012384F80E3110BD97
:106E200001EB8101C1EBC10189B270B501F12A0505
:106E300011F0010F05F07F0414BF4FF47C460026CB
:106E400015F0020F4FEA840205F030054FEA5403B3
:106E500018BF4FF4207102F4807208BF002103F0C4
:106E6000060313432B4333430B4380EA034070BDB7
:106E700010F0FD0F14BF0120002070476FF4506325
:106E8000C318062B8EBF40F2E243A0F550604FF4CA
:106E90007A735843704720B190F80E02003818BF3B
:106EA0000120704790F8F031DBB290F8B0202AB999
:106EB00013F0FB0F14BF0120002070470020704723
:106EC00090F80C32DBB290F8B0202AB913F0FB0F27
:106ED00014BF0120002070470020704770B5B0F843
:106EE0000140A3B2B3F5FA7F2DD2B0F8032043F6E8
:106EF000F675A2F10A039BB2AB4224D843791F2B4B
:106F000021D813F008051ED103F01706172E18D04C
:106F10000078032817D8002814BF012600268E7396
:106F20000ED042F210768B720C8172434A60421E80
:106F300018BF01220A73C21E5042504148732846AE
:106F400070BD0C20FCE71220FAE72DE9F8438046DB
:106F50001746B0F86660B0F8685089B3FFF782FE54
:106F60000446022102F0C9F881460221204602F0BF
:106F7000C4F84E45B8F8003028BF4E463B80B6B244
:106F80001B2E38BF1B26FB2E28BFFB26A84228BF7E
:106F900028467E8080B21B2838BF1B20FB2828BFD4
:106FA000FB20B4F5A47F38BF4FF4A474F880B4F587
:106FB000296F28BF4FF42964BC803C81BDE8F88369
:106FC000FEF7FFFECCE713B501210020EAF78AFCAB
:106FD000044688B901210846EAF784FC0446C0B992
:106FE0000023CDE9003303238DF806306846EAF725
:106FF000B3FCC8B100200AE0A830FFF733FC00283A
:10700000E8D02046FFF72FF80028E3D0012002B097
:1070100010BDA830FFF726FC0028E1D02046FFF77E
:1070200022F80028DCD0F1E7009C2046FEF715FF8F
:107030000028DBD0204603F0E5FF0028D6D0E5E7A6
:10704000002307B5CDE9003303238DF806306846E9
:10705000EAF782FC08B1002004E00098FEF7FDFE8C
:107060000028F4D003B05DF804FB1FB5002240F601
:10707000881303A90092FBF77DFB05B05DF804FBC4
:1070800010B5044638B1F1F731FB34EA00030CBF08
:107090000120002010BD0120FCE707B501210020E0
:1070A000EAF720FC20B3A830FFF7DCFBE0B10120B9
:1070B00009E0A830FFF7D6FB00B3F8E700984030AE
:1070C00003F04AFB18B303B05DF804FB009B586F54
:1070D000503003F041FB0028F5D16846EAF73CFC4C
:1070E0000028F3D00020EEE7FFF77AF80028DED181
:1070F00001210846EAF7F6FB0028DAD1FFF7A0FFE6
:107100000028D4D10623CDE900008DF8063068466A
:10711000EAF722FC0028D1D00023CDE90033072371
:107120008DF80630D9E770B505460C46FEF795FE9A
:10713000F0B9284603F0B8FED0B904212046EAF79A
:10714000D1FB064678B906212046EAF7CBFB054677
:1071500080B903212046EAF7DBFB88B141F6B5117F
:107160003920E9F787FB403003F0F6FA0028EAD02F
:107170000C2010E0403003F0EFFA0028E9D0F7E7E8
:107180003EB104212046EAF7C3FB10B141F6BC1121
:10719000E6E70DB9002070BD06212046EAF7B8FBEE
:1071A0000028F7D041F6C311DAE738B505460C469A
:1071B0002AB11F2901D8002038BD1220FCE7EAF7C8
:1071C000D9FCA04211D3284603F069FF08B11F2C57
:1071D000F3D8284603F0BFFE48B12146284603F005
:1071E000F3FE0028E7D14520E6E70720E4E7422048
:1071F000E2E738B5054603F0AEFEE8B12846FEF7F3
:107200002CFE08B9002038BD2846FEF7A0FD044634
:107210002846FEF79FFD88B9002CF3D02088F1F7AF
:10722000C9FB02212088EAF773FB0028EAD041F667
:10723000E5313920E9F71EFB4220E4E70C20E2E7C4
:10724000034640681B780BB9FFF72CBEFFF738BE2A
:10725000F0B587B00546008801A901F0E3FE0446B9
:1072600000287CD1029A92F86231D81E43424341F1
:107270008DF802309DF80430002B73D192F88F30D6
:107280001F2B73D19DF8023083F0010303F001033B
:107290008DF8033092F8E0309B0603D49DF803305C
:1072A000002B67D0EB881B3B9BB2E02B64D829896D
:1072B00044F24810A1F5A4739BB283425CD86B885A
:1072C0001B3B9BB2E02B57D8AA88A2F5A4739BB2B4
:1072D000834251D8B1F5296F50D8B2F5296F4DD8F6
:1072E000029EFF2786F823719DF80230002B3FD1C4
:1072F0009DF8041003AA3046B1FA81F14909FFF75D
:1073000024FE6A88BDF8123040F6480CBDF814100F
:107310009342BDF80E0028BF13466145AA88A6F81F
:10732000283128BF6146EB88984228BF1846BDF82F
:1073300010306345A6F82401288928BF634683429C
:1073400028BF03468A42A6F82631134628BF0B46BB
:10735000A6F82A3186F82271002386F823312046C8
:1073600007B0F0BDD2F8803099068BD423468DE764
:107370003A24F1E71A24F2E71224F0E71124EEE7A9
:1073800010B50446FFF75CFE58B901210020EAF76A
:10739000A9FAE8B901210846EAF7A4FAF0B90120F0
:1073A00013E0F1F75BF968B1F0F7A4F8044603F0D5
:1073B00060FE58B9204603F058FE80F00104E4B2A4
:1073C00004F00104002CE0D1002010BD0024F7E7F8
:1073D000A830FFF747FA0028DCD0F5E7A830FFF720
:1073E00041FA80F00100C0B2EFE72DE9FF41074606
:1073F0008846008802A901F015FE064618BB039CCA
:1074000094F8753103F0FF061BB1B8F1020618BFFE
:10741000012694F88F30232B94F8E13043EAD3030C
:107420000CBFC6F10102002203F0010313433CD05C
:10743000BD7815B9F1F75AF90546F878B8BBF1F7F8
:1074400055F925B90926304604B0BDE8F081002879
:10745000F8D094F87D2032B115F0020500F002005A
:10746000F0D00028EED0FF2284F82D21DEB994F868
:107470002C2102F0FF06B2B984F82F0101A984F88B
:107480002C8184F82E51BA888DF805002046A4F886
:1074900030218DF80450ADF8062001F051FE002394
:1074A00084F82D31CFE73A26F9E71A26CBE7002DED
:1074B000CFD1C7E708B5F1F7ADF8002008BD10B58A
:1074C0000446F3F76DF92070002010BD10B5FFF7EA
:1074D0007AFD044630B9F3F75DF92046F1F78CFCEC
:1074E000204610BD0C20FCE710B503780446012BA4
:1074F00001D9122010BDFFF7D0FD60B92078FFF749
:10750000B7FC01280DD004F11703E21D611CBDE892
:107510001040F1F799BCF1F72DFD0028EED00C20BA
:10752000E8E7A37903F0C003C02BECD0E1E710B586
:1075300003780446012B0AD8FFF7AFFD48B921466E
:1075400011F8010BFFF794FC01F047FD38B9122048
:1075500010BDF1F70FFD0028F1D00C20F8E7002056
:10756000F6E738B50546FFF72EFD0446A8B928789A
:10757000012803D9FF280BD0122038BDFFF778FC73
:10758000691CF3F713F9002814BF00200720F4E763
:107590000120F1F731FC2046EFE70C20EDE738B58C
:1075A0000546FFF710FD0446A8B92B78012B03D937
:1075B000FF2B0CD0122038BD1846691CFFF758FC71
:1075C000F3F722F9002814BF00201220F3E7F1F7A7
:1075D00013FC2046EFE70C20EDE708B50088F1F733
:1075E000CFFC00280CBF3020002008BD38B5054670
:1075F000FFF753FD044638B92878003818BF01203A
:10760000F1F7B2FC204638BD0C20FCE708B5FFF7C7
:1076100044FD18B9F1F798FC002008BDF1F7AAFC69
:107620000028F7D00C20F8E70823037000207047EB
:1076300010B50F240023692130220470C47059242E
:1076400041708270047143718171C271184610BD1E
:10765000082108B5E9F7D4FB002008BD73B506463C
:107660000C460088694601F0DDFC0546A0B9B378F8
:107670006BB9019B93F87C30A370338894F90200B6
:107680002380F1F785FEA070284602B070BD7F20F0
:10769000FFF7EBFCA070F0E70225F5E710B5044614
:1076A0006FF07F00FFF7E1FCF1F772FE20707F20A2
:1076B000FFF7DBFCF1F76CFE6070002010BD10B529
:1076C0000446F1F7A7FE00EB80035B002380F1F78F
:1076D000A7FE00EB800300205B00638010BD10B5A7
:1076E0000446EFF707FF03F0BDFCF1F751FE2070F1
:1076F000002010BD0A4600F1100108B5072305F06F
:1077000014FD002008BD10B5014604460020F1F725
:10771000E5F908B92060A080002010BD10B504462E
:10772000F0F772FF28B900202146F1F7BFF90020D9
:1077300010BD0020FFF724FE0028F4D10C20F7E74D
:1077400007B501900120FFF71BFE38B10120019918
:10775000F1F7ACF9002003B05DF804FB0C20FAE768
:10776000F7B50C4605466946008801F05BFCA21C93
:1077700098B9019B03F1970783F8CB003968116032
:10778000397911712988218093F8CB6006F0FF01C7
:10779000002EF1D1084603B0F0BD00230221C4F849
:1077A0000230137123706370F4E7FFF751BD1FB50A
:1077B00044F290228388934217D80288B3F5296F48
:1077C000ADF8042028BF4FF4296340880A80ADF843
:1077D0000600ADF80A0001A8ADF80830ADF80C308D
:1077E000FFF736FD05B05DF804FB1220FAE71FB580
:1077F000019102A901F016FC044640B99DF8081059
:10780000019AB1FA81F103984909FFF79EFB2046DE
:1078100004B010BD10B500236FF004046FF06F01C9
:107820000A22047043708170C270047143718171C7
:10783000C271184610BD10B50446FFF72EFC58B9AA
:107840002078611CFFF714FBE279F1F7F9FC0028BE
:1078500014BF0020022010BDF1F78CFB0028EFD0F0
:107860000C20F8E7F7B506460C460088694601F09B
:10787000D9FB0546A0B9019F87F8765097F87400A8
:10788000EFF78CFBA07097F87500EFF787FBE070BF
:1078900097F8763003F0FF00002BEDD1338823807A
:1078A00003B0F0BD10B583880446022B10D8C07811
:1078B000FFF7E6FB08B9112010BDA078FFF7E0FB49
:1078C0000028F8D020460121BDE81040FFF78DBD0B
:1078D0001220F1E713B58378C17803F0010402792F
:1078E00003F0020351EA040C1DD052EA030C1AD033
:1078F000002C18BF0021002B037818BF00228DF840
:1079000002108DF80320427843EA0223ADF80030DC
:1079100043798279684643EA0223ADF80430FFF7E1
:10792000C1FF02B010BD1120FBE710B504460020D6
:10793000F0F78EFE2378012B13D16378012B03D946
:10794000022B0CD1A38853B1628862B1A38853B1D2
:107950000A214A434FF4A0614B439A4203DB1220B1
:1079600010BD002BFBD12046BDE81040EFF7BCBC9A
:1079700007B5037800214278012B8DF800308DF88F
:107980000120ADF80210ADF8041007D1012A07D884
:107990006846EFF7A9FC03B05DF804FB002BF7D0B5
:1079A0001220F8E708B5EAF7F9FE002008BD13B584
:1079B0000C46694601F036FB30B9019B9DF800206A
:1079C000B3F8883012B9238002B010BD0133FAE752
:1079D0002DE9F04186B00546008804A901F022FB9C
:1079E00020B10226304606B0BDE8F0819DF8103087
:1079F000012B58D0059C2046FFF754FA0028F0D000
:107A0000AA881046FFF73AFA8046002C49D0E3696D
:107A1000984246D1638E03932046AB8969880293CE
:107A20006B8901932B890093EB88EFF721FB0746C5
:107A300000283AD094F8213203F0FF06BBBB0D2199
:107A40002088E9F74FFFFFF726FAA0BBAB886FF459
:107A5000506213449BB2062B40F2E24394BF64236E
:107A60003746434525D22FB1B4F8741040F20222B4
:107A7000914220D10022A4F80E32C4E98428E97989
:107A8000AB7943EA0123A4F818322B7A697A84F897
:107A9000202243EA0123A4F81A32FF2384F821327A
:107AA000A0E70123B7E711269CE730269AE73A269C
:107AB00098E7122696E70C2694E713B5044601F0E2
:107AC000C9FA00284DD02046FF24F1F7BFFC00235F
:107AD000CDE900336846E9F73FFF50B300244FF487
:107AE0004033CDE90043FF246846E9F735FF20B372
:107AF00000204FF48023FF24CDE900036846E9F716
:107B00002BFFF0B100214FF4C023FF24CDE9001377
:107B10006846E9F721FFC0B100224FF42023FF247B
:107B2000CDE900236846E9F717FF90B1002002B0C5
:107B300010BD009B83F80442CCE7009B83F88A4089
:107B4000D2E7009B83F83440D8E7009B83F83440A9
:107B5000DEE7009B93F83820032AE3D183F8224024
:107B6000E0E71220E3E713B50088694601F05AFA0E
:107B70000146D8B99DF80030019C8BB19DF80030CA
:107B8000012B03D10198FFF79BF970B194F83331C1
:107B900003F0FF0253B9FF2384F83331114605E0A7
:107BA0002046FFF77FF90028E8D10221084602B0FD
:107BB00010BDF0B589B0044600200E46F0F748FD30
:107BC0006A46234604F1180C17461868083353F820
:107BD000041C1546634503C52A46F6D119889B78CF
:107BE0002980AB7000238DF81B308DF81C30637E2C
:107BF000042B10D8A37E042B0DD8237D022B0AD092
:107C0000637803F01803082B05D031463846F0F7A7
:107C100009F909B0F0BD1220FBE7F0B5044689B0C0
:107C200000200E4604F11807F0F712FD23466A46BD
:107C30001868083353F8041C1546BB4203C52A468E
:107C4000F6D11B782B7000238DF81B308DF81C307B
:107C50008DF819308DF81A30237D022B0AD0637805
:107C600003F01803082B05D031466846F0F7DAF820
:107C700009B0F0BD1220FBE710B5032104460078DF
:107C8000E9F730FE20B12178BDE81040FFF74BBA8C
:107C9000422010BD13B500200024F0F7D9FC0323C7
:107CA000CDE900448DF806306846E9F755FE10B17D
:107CB000204602B010BDBDF804100098FFF733FA5B
:107CC000002818BF0446EFE72DE9F341054690F878
:107CD000018003210078E9F705FE0446002800F042
:107CE0008780F0F7BBFC08B3204603F098F9EB78E7
:107CF000984228BF184686B2B8F1040F5DD0E06CF8
:107D0000FDF7CEFD304487B2F0F7A8FCB8B9EB78A8
:107D100073B9204603F083F9874210D9204603F057
:107D2000BEF950B9072002B0BDE8F081EE78E3E774
:107D3000204603F086F90028EBD11220F3E7F0F794
:107D40008DFC394602462046FFF72FFA0028EAD17B
:107D5000A8F10303012B2DD8204603F0A0F96B787E
:107D6000032B2DD108F0FD07012F3AD1204603F057
:107D700096F9002833D1B8F1010F08BF02273A461F
:107D8000E16C6846E9F70EFF33466A680121E06C52
:107D9000FDF7F2FC0028C5D06B78023B012B07D819
:107DA000E06CFDF77DFD01210246E06CFDF714FD5E
:107DB0000020B8E7002ECFD1BFE7002ECCD0BCE723
:107DC0000028BAD1042BCDD12046FEF746F8002872
:107DD000B3D0E06CFDF77AFD0028C3D1ADE70027F2
:107DE000CDE7B8F1040FCFD1204603F088F9DFE7E3
:107DF000422098E72DE9F3470746467890F803902C
:107E000003210078E9F76EFD044600283AD0F0F728
:107E100025FC30B1204603F02CF9002808BF4FF0B4
:107E20000009E06C1FFA89FAFDF745FD48441FFA86
:107E300080F8F0F713FC60B1F0F710FC4146024601
:107E40002046FFF7B2F9054668B1284602B0BDE802
:107E5000F087FB78002BEFD0204603F00AF90028CA
:107E6000EAD11225F1E7042EFBD0032E10D0B9F190
:107E7000000FF6D02046FDF7F0FF38B10C25E4E7FF
:107E800004220EE04225E0E70725DEE7012E0CD1B3
:107E9000204603F004F90028F2D1012E0CBF06227F
:107EA0000522E16C6846E9F77DFE53467A680021B9
:107EB000E06CFDF761FC0028E6D0023E012EC4D83C
:107EC00042460021E06CFDF787FCBEE713B504468F
:107ED000EFF710FB4FF440736846ADF80030002315
:107EE0008DF8023014F8013B8DF803300194FFF750
:107EF00081FF02B010BD13B504460020F0F7A8FBC7
:107F0000E378FB2B13D82278043468468DF80330CD
:107F10008DF8002014F8022C8DF8022014F8032CA0
:107F200001948DF80120FFF765FF02B010BD12200B
:107F3000FBE710B504460020F0F78AFBE9F71AFECC
:107F40002080002010BD10B504460020F0F780FB13
:107F50000320E9F747FC2070002010BD73B50446EC
:107F60000020F0F775FB6378F3B10025EBB2032135
:107F70009E0004EB83039878E9F7B4FC40B32378C0
:107F8000012B0AD1B11C2144EFF7C4FB38B90135EC
:107F90006278EBB29A42E9D801E013B1122002B044
:107FA00070BDFFF726F9F1E72378002BF6D1CDE974
:107FB000003303238DF806306846E9F7CDFC08B19D
:107FC0000020ECE70098FFF714F90028F4D0E6E76A
:107FD0004220E4E708B5FEF7D9F8002818BF0C20C6
:107FE00008BD38B5052105460088E9F77BFC88B156
:107FF000503002F07BFC044620B142F2FF013920F0
:10800000E8F738FC05212888E9F782FC18B14FF41D
:108010000451F4E74224204638BD10B50446FEF76B
:10802000DFF838B92146E27911F8010BBDE81040BC
:10803000E9F772BE0C2010BD10B50446FEF7D0F86B
:1080400050B92146E27911F8010BFDF771FC0028C7
:1080500014BF0020422010BD0C20FCE710B5FEF735
:10806000BFF8044618B9E9F739FE204610BD0C20C8
:10807000FCE710B50446E9F72BFE2070002010BD88
:1080800010B5052104460088E9F72CFC48B1A37817
:10809000C3F30003C374A378C3F340030375002044
:1080A00010BD4220FCE710B504460088088011216D
:1080B00080B2E9F717FC014620B1A01CBDE81040D2
:1080C000FEF70CBF022010BD38B50321054600782D
:1080D000E9F708FC0446A0B1FDF7BFFE28B9204629
:1080E000691C02F094FF002038BD204602F0C1FF59
:1080F00008B10C20F8E7204602F0B7FF0028F8D1BD
:10810000EDE74220F0E713B50446EFF7F3F96846D0
:1081100014F8013B8DF803304FF440730194ADF82F
:10812000003000238DF80230FFF7CEFD02B010BD05
:1081300013B504460020F0F78BFAE378FB2B13D835
:108140002278043468468DF803308DF8002014F846
:10815000022C8DF8022014F8032C01948DF80120D4
:10816000FFF7B2FD02B010BD1220FBE773B5054664
:10817000EFF7C0F904462B7863B100230DF101013C
:1081800001208DF80030F0F7A9FC18B16846FFF720
:108190009BFFA0B9002620468DF8006002F06DFF1D
:1081A000B0428DF8036014BF80233346ADF8013030
:1081B0002B78012B05D169462046EFF7ABFA02B0C8
:1081C00070BD1BB92046FFF714F8F8E71220F6E758
:1081D00010B5022104460088E9F784FB20B1A11CF8
:1081E000BDE8104003F048B9022010BD08B50221D7
:1081F0000088E9F777FB20B10021BDE8084003F0D3
:108200003BB9022008BD37B504460D460088092158
:10821000E9F768FB10B10C2003B030BD0B212088BA
:10822000E9F760FB0028F6D10C212088E9F75AFB1A
:108230000028F0D16946208800F0F4FE0028EBD138
:1082400023882B80019BB3F8BC306B80E4E737B503
:1082500004460D4600880921E9F744FB10B10C20C3
:1082600003B030BD0B212088E9F73CFB0028F6D194
:108270000C212088E9F736FB0028F0D1238898B23A
:108280002B8063880BB91220EAE7694600F0CAFE2A
:108290000028E5D1648842F21071019AA3B2D56931
:1082A0004B43518E6943958C05FB01118B42EAD3F8
:1082B000D569D169A942FBD1013B0025A2F8BC4098
:1082C0000B44C2F8B450B3FBF1F3C2F8B830C7E7BF
:1082D00010B50C460221E9F705FB88B1022C11D834
:1082E00004F00103C4F3400480F8DD3180F8DC4180
:1082F00023B190F8DA313BB1EBF7A0F9002010BDC3
:108300000220FCE71220FAE71846F8E710B5044609
:108310000078FF280AD00321E9F7E4FA58B163781E
:10832000A27843EA0223C384002010BDB4F8010000
:10833000EBF7EAFAF8E74220F7E710B504460078D1
:10834000003818BF0120EEF739FA2078003818BF3E
:108350000120EBF75FF9002010BD10B50446F0F7DF
:108360007DF950B1EFF7C6F86178C1F3400201F032
:10837000010102F0C8FE002010BD03212078E9F7BA
:10838000B1FA0028F0D14220F6E770B583780446B0
:10839000012B01D9112070BD0388292B38D008D8B2
:1083A000202B0ED0262BF5D1F0F796F9C1F3401112
:1083B00011E02F2B27D0492BECD1F0F793F901686E
:1083C00028E0F0F789F90546F0F786F9030F43EA4C
:1083D000557101F00101A378012B01D10029D9D0F9
:1083E0000020FDF727F906460220FDF723F9054690
:1083F000B6B9A8B9A3782088012BC0B20DD1F0F787
:1084000033F92846C7E7F0F767F9C1F38031E2E7AF
:10841000F0F762F9C1F30021DDE7F0F73BF9F0E78F
:108420000C20B8E707B50378ADF80430437801A80D
:108430008DF80630FFF7A9FF03B05DF804FB038851
:1084400073B5064698B20C460B80B0F5706F2DD20E
:1084500001A9FEF723FC694605463088FEF737FC84
:1084600080B9009BD3F8B820C4F80220D3F8BC2010
:10847000C4F80620D3F8C020D3F8C430C4F80A20CA
:10848000C4F80E3065B9019BDA6EC4F812201A6F79
:108490005B6FC4F81620C4F81A30284602B070BDCD
:1084A000022D05D1022818BF0025F6E71225F4E7B2
:1084B0000025F2E7038813B5044698B20B80B0F5A7
:1084C000706F19D2A378022B16D801A9FEF7E6FB2C
:1084D00018B9019BDA7F12B9112002B010BD93F8D0
:1084E00030305BB90198A178838B032B01D8002928
:1084F000F2D103F0D9FDF0E71220EEE70C20ECE713
:10850000038813B598B20C460B80B0F5706F13D288
:1085100001A9FEF7C3FB68B9019B93F855306BB115
:10852000019B9A6CC4F80220DA6C1B6DC4F806201B
:10853000C4F80A3002B010BD1220FBE71120F9E7A1
:10854000038873B5054698B20B800023B0F5706FB1
:108550000C468B70CB700B714B718B71CB710B72A6
:108560004B728B72CB720B734B733BD26946FEF727
:10857000AEFB01A906462888FEF790FB054610B120
:1085800046B1022015E02EB10023019AAAB942F6A5
:10859000924103E0009B23B942F688413920E8F775
:1085A00069F993F85030FBB10098FAF7A3F815B1C8
:1085B000002002B070BD0123E7E792F855206AB1B0
:1085C000019803F06FFD019B9A6CC4F80220DA6CED
:1085D0001B6DC4F80620C4F80A30E9E7002BE7D188
:1085E0001120E6E71220E4E7002DF9D1CCE737B5FA
:1085F00004460D46B0F8AE010821E9F773F920B939
:1086000042F6A7413920E8F735F95DB194F8D83042
:1086100004F1BC02003B18BF0123D27A52B90C20EE
:1086200003B030BD94F8303004F11402003B18BFA1
:108630000123F2E7002BF2D103784BB1B4F8B0314B
:1086400065B92046238203B0BDE83040F9F796BDF6
:10865000203002F081F80028F0D1E0E7A4F8B8302B
:10866000002104F1B800D4E933230193B3FBF2F302
:10867000DBB2013B53430093D4E97A23F9F7F8FFC7
:10868000CEE773B504460E4690F8F4000A21E9F7E8
:1086900029F9054620B942F6DF413920E8F7EAF822
:1086A00090F83830032B03D186B90C2002B070BD8E
:1086B000022B09D1002EF8D194F8303004F11402C5
:1086C000003B18BF012307E0002EF5D094F82030BE
:1086D000221D003B18BF0123D27A002AE5D0002BCF
:1086E000E3D105F1C80002F037F80028DDD0B4F876
:1086F000F230A6B123802046B5F86C10D4E90523EA
:108700000193B3FBF2F3DBB201FB0333013B9BB2FA
:1087100053430093D5E90C23F9F7AAFFC6E7204697
:10872000238202B0BDE87040F9F728BD38B5044691
:108730000D4662B390F830300BB90C2038BD90F87C
:108740005530002BF9D141B194F8D830002BF4D03A
:1087500094F80831002BF0D1A2B10821B4F8AE0191
:10876000E9F7C0F820B942F655513920E8F782F808
:10877000203001F0F1FF0146204603F0EBFC0DB97B
:108780000020DBE704F1B800F9F7B4FFF8E70029AF
:10879000DAD1F5E770B504460D4690F8F4000A21E9
:1087A0001646E9F79FF820B942F665513920E8F7F7
:1087B00061F82EB394F830300BB90C2070BD94F8EA
:1087C0005530002BF9D190F83830022BF5D165B136
:1087D00094F82030002BF0D094F85030002BECD1DE
:1087E00090F83830032BE8D136B10121204603F050
:1087F000B1FC0DB90020E1E72046F9F77BFFF9E76E
:10880000002DE5D1F6E7038837B5044698B20B8012
:10881000B0F5706F28D2A278531E022B24D802F034
:108820000105C2F3400209210192E9F75BF8019AC0
:1088300028B1294603B0BDE83040FFF777BF0B21D0
:1088400020880192E9F74EF8019A28B1294603B031
:10885000BDE83040FFF79EBF0C2120880192E9F768
:1088600041F820B1019AF1E7122003B030BD022097
:10887000FBE72DE9FF47C3780446012B05D94FF0EC
:108880001208404604B0BDE8F087002B4CD1237D90
:108890001F2BF4D8B4F8153043F6F6720A3B9BB29E
:1088A0009342ECD82378EF2BE9D8B4F80130B3F534
:1088B000706FE4D2E17D4B1E1E2BE0D86FF01705E0
:1088C00004F1180200232D1B184612F8013B5E1E0E
:1088D0001E2ED4D88342D2D9A8188142F4DCF7F7EF
:1088E00023FCFF283BD10521B4F80100E8F7FAFF8B
:1088F0000646002800F0CB80437E002B40F0C78066
:1089000000F10C05CDE902330A238DF80E3002A8E0
:10891000E9F722F878B10C20FCF79BFEE37D834257
:1089200020D94FF00D08ACE704F009FC0028AED1C7
:108930004FF02508A5E7029890F83830022BE6D1D1
:1089400090F8A020B37A9A42E1D100F1A2012B461F
:10895000F27A90F8A10000F015FB0028D7D04FF074
:108960000C088EE70A212078E8F7BCFF0028F6D132
:108970000A212078E8F778FF05460028D1D003F0D7
:1089800050F8022342F2107285F83830B4F81530EE
:108990005343C5F80431237885F83930E37D234407
:1089A000DB7D85F83B30237E85F83C30237D85F8E0
:1089B0003D30E378002B14BF0123002385F85730A6
:1089C000B37A85F8A030F37A85F8A13096F8923022
:1089D00085F80A31F368C5F8A230338AA5F8A630C5
:1089E0000AD0231D05F1400204F1140153F8040BD1
:1089F0008B4242F8040BF9D105F1C800F1F79EFF54
:108A0000804658B10A212078E8F782FF00283FF419
:108A100038AF42F6FD613920E7F72CFF94F817A034
:108A200004F119090AF1FF3A4FFA8AFA1AF0800F95
:108A300006D02078F7F76EFBFF2386F8393020E761
:108A40000C210DF10600E8F7D7FE0AF1FF3A0746C0
:108A500010B942F60671DEE703F075F8384603F008
:108A600035FBBDF80630A7F8F23019F80A3087F860
:108A7000F03095F8573087F8EC30237887F8F430E9
:108A8000D5F8983047F8F83FC5F89870CEE74FF022
:108A90004208F6E637B50446007808700A21E8F780
:108AA00021FF0546A8B390F83830022B33D1F7F7F1
:108AB0003BFBFF2825D00023CDE9003305238DF8AB
:108AC00006306846E8F748FF30B9009B93F8392034
:108AD000002AF6D083F83900FF20F7F71BFB05F1D9
:108AE000C80001F003FF044620B142F63D71392071
:108AF000E7F7C0FE44212846F7F71CFB204603B0E9
:108B000030BD0A212078E8F703FF30B142F6457105
:108B1000EDE74224F2E70C24F0E70446EEE70820F4
:108B2000EFF7A2BD02F0D2BC08B5C3780246013B04
:108B3000D8B2042801D9FE2806D11378042B03D11A
:108B4000EDF7E2F9002008BD1220FCE710B504465D
:108B500004B910BD236898476468F9E703680BB946
:108B6000016070471A465B6813B18A42FAD17047B8
:108B70008A4218BF5160704708B5FEF771F8EEF7EA
:108B8000A7FEFDF709FABDE80840F1F7D1BF08B527
:108B9000FE20EDF7B9F9BDE80840FFF7EDBF08B5D5
:108BA000ECF7CEFCBDE80840EFF756BC002307B554
:108BB000CDE9003305238DF806306846E8F7CCFE92
:108BC00028B102F08AFD68B14FF4F47107E0009813
:108BD000503001F08BFE0028EFD040F2E5119320D9
:108BE000E7F748FE0520FCF749FDE9F777F803B001
:108BF0005DF804FB08B5F5F7A3FEECF7A9FCBDE8AA
:108C00000840EEF76FBCF9F7FDBC08B5EAF7A8FC21
:108C1000F3F754FA20B140F235119320E7F72AFE1A
:108C20000320BDE80840FCF729BD08B50220FCF789
:108C300025FD0020FCF722FDE8F72AFFEFF7AAFE4A
:108C4000E9F71AFC20B140F215119320E7F712FE64
:108C500008BDFFF7EABF08B5FFF7D7FFF4F79EFBA3
:108C600020B14FF4A5719320E7F704FE08BD08B5C5
:108C70000A20FCF703FD0B20FCF700FD0C20FCF79D
:108C8000FDFC02F0CCFE20B140F23E219320E7F73C
:108C9000F1FD08BD10B5C378044691B163B90388EE
:108CA000012B01D95B082380F0F72EFF2388B0FB4E
:108CB000F3F202FB1300A070E37883F00103E3708A
:108CC00010BD002BF8D10388FE2BEDD85B009BB2C2
:108CD000FF2B88BFFF23E6E783780BB1013B83704E
:108CE0008078B0FA80F0400970470123038040F299
:108CF000011343807047FAF781BA0B46152203F837
:108D0000032BD0F80920C1F80320427B1A71704769
:108D100030B585B004460D46F0F744FC80B36FF4DF
:108D2000B67302A91C442088ADF8000000F07AF95F
:108D300018B12F21AE20E7F79DFD039B0221684665
:108D400093F870208DF8022093F87120B3F87230F8
:108D50008DF80320ADF80430FEF747FB08B145213C
:108D6000E8E78DF808009DF808308DF8090000202C
:108D700063F307009DF8093063F30F2005B030BDA1
:108D80003A232B70D4F80930C5F8033004238DF84A
:108D90000830E8E708B5436893F88E201AB18821B7
:108DA000AE20E7F767FD212283F88E2008BD10F082
:108DB000010304D1830754BF00F0040302231846C3
:108DC00070472DE9F84F054610461F46FFF7EFFFA5
:108DD00006460846FFF7EBFF934646EA00098A4637
:108DE000DDF8288004465FFA89F9B9F1000918BF57
:108DF0004FF00109EFF77AFC10EA0B0F08BF0026CD
:108E0000EFF774FC95F8742010EA0A0F08BF0024ED
:108E1000B24214BF3346002388F8003095F875201D
:108E2000A24208BF0024234388F801400AD1B5F8C4
:108E30008830013FFF1A47F6FD73BFB29F4288BFDB
:108E40004FF00009BEB995F87400EEF7B7F80328A3
:108E50000ED195F82C31012B0AD1B5F83031012B08
:108E600095F8743009D1032B09D0032388F800301A
:108E70004846BDE8F88F042EEAE7042BF8D0042317
:108E8000F4E7042905D101280CD103211380518076
:108E90007047032906D1012804D004210120138042
:108EA0005180704700207047012806D0022804D066
:108EB000033801288CBF00200420704737B5446870
:108EC00094F88F50A5F12103062B46D92F2D44D0BD
:108ED000002D40D194F88E30262B3ED00B7913F024
:108EE000070303D04A7912F0070205D1C97803B00D
:108EF000BDE8304000F0C7BF84F86D2084F86C30C6
:108F000094F82D31D3B994F82C31012B16D094F864
:108F1000753094F86C20D91E012998BF04239A4219
:108F200014D194F87430DA1E012A94F86D2098BF99
:108F300004239A420AD1022384F82C31232384F893
:108F40008F3000F064FF284603B030BD0190EFF78A
:108F500019FC0198F2E70125F5E72025F3E708B5AC
:108F6000436893F88F20232A05D022B140F2E531DF
:108F7000AE20E7F77FFC242283F88F2008BDEFF7AF
:108F800009BD704730B542400C7818785D78444090
:108F9000487868409D78044488786840DD780444C7
:108FA000C87868401D795B7904440879497968403C
:108FB0004B4004442344D3420CBF0120002030BD69
:108FC000024600200139C9B2FF2900D17047535C25
:108FD00083F001030344D8B2F4E708B5EFF7A4FD2A
:108FE000082807D0EFF7C2FD082803D0EFF7D2FD1D
:108FF000012008BD0020FCE708B5EFF795FD082823
:1090000003D0BDE80840EFF7B1BD08BD08B502F0D8
:1090100045FF18B1BDE80840F7F728BD082008BD96
:1090200002F03CBF70B50D4600210646E8F75AFC39
:109030000446686010B10020287070BD02213046DF
:10904000E8F750FC686018B1012320462B70F4E764
:109050000220F2E770B5047934F01F040ED1461EE9
:10906000051D16F8010F00F0B8FE2044AE42C4B250
:10907000F7D1012C94BF0020012070BD0020FCE737
:1090800001440023884203D1B3FA83F040097047BA
:1090900010F8012B1343F5E7F8B505460C46D0E967
:1090A0000476FAF775FF20B94FF483712920E7F7AA
:1090B000E1FBF4B1D5E90431DA1B61EB0603012AC7
:1090C00073F100014FF0000115DB6FF001009042D9
:1090D00071EB030302DA4FF48871E7E7631E134470
:1090E000B3FBF4F35C43E41946F10006C5E904461A
:1090F0001C462046F8BD0C46FBE7CB1E012B0FD8C3
:10910000032915BF4FF4167396234022102203F54E
:10911000BC73984212D9C01A90FBF2F080B270472B
:10912000022905D13C2809D93C38C0F38F0070478B
:10913000702803D97038C0F3CF0070470020704703
:1091400003460868186770470229024608B515D01B
:1091500006D801290AD040F281112920E7F78AFBBD
:1091600003390129F7D840F6A66008BD40F6C413BC
:1091700040F2E240002A18BF1846F6E740F6C41055
:10918000F3E7A0F5A270884294BF091A491A18683B
:10919000012900EB5100186098BF0020136888BFB8
:1091A0000120A3EB51031360704708B502F0ACFE39
:1091B000BDE80840F0F7ECB8C3B293FAA3F3000A95
:1091C00090FAA0F01B0E000E43EA00207047013118
:1091D000821DF8B5C9B20023012512F8010B88429F
:1091E00016D312F8066C002405FA04F7E0B23742F1
:1091F0001CBF01F1FF31C9B269B10134082CF3D1B0
:109200000133DBB2052BE8D199214620E7F732FB89
:10921000091AC9B2F4E700EBC300C0B2F8BD0B688D
:1092200070B5C0F8013004460B79451C861D03F06B
:109230001F0343710023C37215F8010B00F0CDFD2D
:109240002871B542E37A1844E072F5D170BD81EA25
:10925000114189B270B50446C57A032682EA01003D
:10926000FFF7AAFF013E00EB001016F0FF0601EB2E
:10927000000290B2F4D141402522B1FBF2F302FB8F
:109280001313C3F3C402D8B203F007032244567881
:10929000012202FA03F31E4207D169432046C1F3BB
:1092A0000741BDE87040FFF792BF70BDF8B590F878
:1092B000215004466B1E242B56D8002A56D0807DA0
:1092C00018B1012846D01F2019E094F82310012678
:1092D00094F8223002FB03132522B3FBF2F102FBC8
:1092E0001133DBB204EBD30284F82330D17D03F0D9
:1092F000070206FA02F2114202D084F82430F8BDC7
:10930000B3FBF5F205FB123304F11C0102460133F5
:10931000D8B211F8013B834219D311F8067C00231F
:1093200006FA03FCDDB21CEA070F1CBF00F1FF3098
:10933000C0B220B905EBC20284F82420DFE7013374
:10934000082BEDD10132D2B2052AE2D1BBE7C01A17
:10935000C0B2F7E7228904F11600096AFFF777FF28
:1093600084F824000020CAE71220C8E71046C6E7A8
:109370002DE9F04105469DF8180082EA12420E469A
:109380000128E97A94B240D183EA04000327FFF769
:1093900013FF013F00EB001317F0FF07234498B2BF
:1093A000F5D1444025223080B4FBF2FC02FB1C4C7A
:1093B000CCF3C4031FFA8CF25FFA8CF80CF0070CA4
:1093C0002B445878012303FA0CFC10EA0C0F13D03D
:1093D0001F2AD5F80100697950D89340013B0F400E
:1093E000184000F0DEFC0446384600F0F6FC20444D
:1093F000B0704046BDE8F0814C432414B470B1789D
:109400002846BDE8F041FFF7E2BE0829B77827D823
:109410004B1FA1F10A0202EBD27252109A4210467F
:10942000B8BF1846012825DD9A421DDD212923D821
:10943000D2B23088FFF7C0FE00EB0010A1EB420370
:109440003A44204480B24440308003FB044402EBA1
:109450002442D2B2B2FBF1F301FB1322B270CEE789
:10946000212909D80323D4E708290A4628BF08225E
:10947000053ADDE70122DCE70B22DAE7203A9340E8
:10948000013BDFB24FF0FF33A9E7114004D010F0E9
:109490003F0018BF0120704708467047407870476A
:1094A0000378890123F0400301F040010B4303706E
:1094B00070470078C0F380107047037803F07F0393
:1094C00043EAC111017070470078C00970471F2A34
:1094D00038B50546144603D9B7212A20E7F7CAF95B
:1094E00006340930FBF7A0FB6C7038BD1F2A38B575
:1094F0000546144603D9D9212A20E7F7BBF90634DB
:109500000930FBF791FB6C7038BD30B5037802462B
:1095100003F00F03032B40D0052B1FD1C37F90F81E
:109520002000034392F82100034392F822000343F2
:1095300092F8230020F01F0018432DD05378222BDF
:109540000CD1B2F81930B2F81740907D41B1B3F5A3
:10955000506F05D940F607518B420ED900201BE011
:10956000991F40F67A4589B2A942F7D8411E0729CA
:10957000F4D88342F2D9A342F0D3B2F81B30B3F54A
:10958000FA7FEBD2B2F81D0040F676430A3880B27B
:1095900098428CBF0020012030BD4078A0F10C0320
:1095A00058425841F8E7F8B5C57804460E4615F01C
:1095B0003F0719D0072917D8DFE801F0040F182159
:1095C0002A333D47017901222846FFF75EFF002834
:1095D0000CBF334605231846F8BD01790222284600
:1095E000FFF753FF002870D10023F4E7017904222C
:1095F0002846FFF74AFF0028F6D005234EE0017900
:1096000008222846FFF741FF0028EDD005233DE062
:10961000017910222846FFF738FF0028E4D00523FF
:109620002CE0017920222846FFF72FFF034600286F
:10963000D1D033461AE0017940222846FFF725FFB2
:1096400003460028C7D0052308E0017940222846B8
:10965000FFF71BFF00280CBF0523062320222179DA
:109660002846FFF712FF08B11233DBB2102221792E
:109670002846FFF70AFF08B10333DBB2082221793D
:109680002846FFF702FF08B10233DBB2042221793A
:109690002846FFF7FAFE08B10133DBB20222217936
:1096A0002846FFF7F2FE08B10633DBB2012221792A
:1096B0002846FFF7EAFE08B10633DBB2072E8AD14F
:1096C0001A1F9742B8BF002385E70523EEE770B560
:1096D0000C46064611461D4624B940F2E1212A20D7
:1096E000E7F7C8F8FFF75FFF10B940F2E221F6E7AD
:1096F000031F2B443F2B02DD40F2E321EFE72A4614
:1097000021463044BDE87040FBF78EBA10B50446E0
:10971000FFF749FF00B1204410BDC07800F03F00C2
:109720007047C37803F03F0343EA8111C17070476B
:10973000C1F3800330B5C1F38014C1F34005234465
:10974000C1F3001404EB44042344C1F3401404EBBC
:10975000C40403EB4403C1F300042C44C1F3C0056B
:10976000134404EB44042C4403EB440313F0FF03C1
:109770001CBF01330171C17818BFDBB221F03F017A
:1097800003F03F042143C170591C41701AB10433E6
:109790009B1A013AC25430BD70B5C47806461546CE
:1097A00004F03F041319FE2B04DD40F23F312A2060
:1097B000E7F760F80135201D2C443044FBF734FAFC
:1097C000747070BD4378C078013B00F03F00181AF8
:1097D000C0B27047F8B50E4619460746FFF7F2FFCC
:1097E000451AECB2944228BF14464EB1FA7830467E
:1097F00002F03F020432114422463944FBF714FAC6
:109800002046F8BD2DE9F743C578012201792846A5
:109810000191FFF73AFE0199044602222846FFF71C
:1098200034FE0199814620222846FFF72EFE019939
:10983000074608222846FFF728FE01998046102295
:10984000284607EBC707FFF720FE019903460422CD
:1098500028464744FFF719FE40220646019928464C
:1098600003EB4303FFF711FE04EB0902304402EB64
:10987000420218443A4400EB420010F0FF001CBFC3
:109880000130C0B203B0BDE8F08338B5C5780446F6
:10989000AB09032B1ED005F03F054378AB4219D925
:1098A000FFF7B0FFA84215D895B12379DB060FD595
:1098B00004212046FFF72AFF48B1037803F03F0355
:1098C000242B07D880785F288CBF0020012038BD6A
:1098D0000120FCE70020FAE70278437802F00F024B
:1098E000072A12D8DFE802F0080408111111080E47
:1098F0000C3B584258417047063B1F2B8CBF002041
:10990000012070470BB1FFF7C0BF002070470278FD
:1099100002F00F02072A0AD0082A0AD0042A0ED120
:10992000407806381F288CBF002001207047FFF7C1
:10993000ACBF4078A0F10E03584258417047002058
:10994000704740787047037801F0030123F0030368
:109950000B43037070470378490123F0200301F0A3
:1099600020010B43037070470078C0F3401070472C
:109970000B78837070471B2A08B504D940F25A410E
:109980002A20E6F777FF42700330BDE80840FBF776
:109990004BB970B5B0F80730B0F80950B0F80560B1
:1099A0000479B0F80B0091B1B3F5506F0FD940F6C0
:1099B0000752934218D8B5F5FA7F15D20A3840F607
:1099C000764380B298428CBF0020012070BD9A1F60
:1099D00040F67A4192B28A4206D8621E072A03D81C
:1099E0009C4201D29E42E5E70020EFE70430704739
:1099F00026307047043001F1200351F8042B9942BE
:109A000040F8042BF9D10B880380704738B5154610
:109A10000446FFF7EFFF2B68C4F826306B68C4F8E4
:109A20002A3038BDC37803F06003402B10B524D032
:109A30008288052A21D9837AD0F80640C3F304032B
:109A400023431AD0838AC91A0BB2002BB8BF5B42DA
:109A50009BB2B3F5804F10D2438AC08A181A00B265
:109A60000028B8BF404280B2012808D95043B0F561
:109A70007A6FCCBF0020012010BD0020FCE7012040
:109A8000FAE7037843B1406890F8DA3123B1002354
:109A900080F8DA31E9F7D2BD704708B5017A19B11B
:109AA00001290DD0002008BD03680221C2888088EA
:109AB000EFF726FD0028F6D1EFF726FF0120F2E7A9
:109AC0000368C288F3E702230B7001238B70704791
:109AD000EFF79EBE10B521B94FF410711020E6F7D4
:109AE000C9FE4A600B72EFF3108472B6031D0B605F
:109AF00042681AB1127A012A08BF0360036819602C
:109B0000016004B962B6BDE81040EFF7CBBE022297
:109B1000EFF7E8BE0322EFF7E5BE0422EFF7E2BE5F
:109B20000222EFF723BF0322EFF720BF0422EFF753
:109B30001DBF14230B706FF4A87318440388A1F899
:109B40000330B0F84830A1F80530B0F84C30A1F837
:109B50000730B0F84A30A1F80930B0F84E30A1F81B
:109B60000B30704708B5CB1E012B04D8800100F5DF
:109B7000747080B208BD012902D10E30C000F8E730
:109B8000022902D10F308000F3E740F2862106203F
:109B9000E6F770FE30B587B004460D46EFF70CFDD2
:109BA00090B3A4F5AD74694624882046FDF71FFEE6
:109BB00018B1EC212C20E6F75DFEBDF8063003A8B5
:109BC000ADF80C40ADF80E30BDF80830ADF81030EF
:109BD000BDF80230ADF81230BDF80430ADF81430E5
:109BE000FDF7E3FD08B1F521E4E78DF80C009DF8E1
:109BF0000C308DF80D00002063F307009DF80D3048
:109C000063F30F2007B030BD2B46392203F8032B36
:109C1000D4F80920C5F80320D4F80D205A60B4F810
:109C200011201A8104238DF80C30E0E7406870475A
:109C3000033901298CBFC08A4FF42960704770B581
:109C400090F874608D88033E0C89012E04D943B1CD
:109C50001678033E012E04D8B5F5296F38BF4FF4AE
:109C6000296590F87560033E012E04D943B15378FD
:109C7000033B012B04D8B4F5296F38BF4FF4296496
:109C8000CB884A88A0F86030A0F85C20A0F85E502D
:109C9000A0F8624070BD8383BDF800300183428329
:109CA000C383704738B5CB1E0446012B10D9C38B34
:109CB000458C9D4228BF1D46207AFFF753FF6389DC
:109CC000AB4228BF2B46984238BF184680B238BDF9
:109CD0004FF42965F0E7F7B506460D46B0F84800A1
:109CE00011461F460192FFF73DFF0446019906F118
:109CF0003C00FFF7D7FFA0423946A7F1030728BF72
:109D0000204684B2B6F85000FFF72CFF012F8CBF1D
:109D1000B6F852304FF42963984228BF184683B2F0
:109D2000A81D2344184403B0F0BD31B9C18E90F88A
:109D3000753090F87420FFF7CEBF818EF7E7D0B56D
:109D40000C46164619464BB9878EFFF7EEFF304496
:109D50003844A04294BF201A0020D0BDC78EF4E73B
:109D600038B50D4611460446FFF7DFFF284420644E
:109D700038BDC36901F19C02C06B834228BF034612
:109D80009A423DBF581A9C3840080020704700286E
:109D900003DB814204DC08B202E049428142FADC82
:109DA000704700F05533400800F05530034403F08D
:109DB00033329B0803F033331A4402F00F33120995
:109DC00002F00F32134403F0FF101B0A03F0FF13DD
:109DD000034403EB1343D8B2704700F05503400827
:109DE00000F05500184400F03303800800F0330001
:109DF000184400F00F0303EB101070474368002273
:109E000083F88E2083F8CA20A3F8C6207047027812
:109E100043682AB9A3F8CC20012283F8CE207047EA
:109E20000022A3F8CC2093F8CE200132F5E708B544
:109E30000378426813B982F8CE3008BD92F8CE306C
:109E4000013B5BB2002B82F8CE30F6DA52214A2079
:109E5000E6F710FD436883F8131183F81221704769
:109E6000A0F10B03042B0CD9A0F14403012B08D95A
:109E7000A0F12103062B04D9A0F12F035842584129
:109E80007047012070474268D2F8803010B513F057
:109E9000080409D143F0080382F81011C2F8803099
:109EA000FFF7B5FF204610BD0120FCE74368002006
:109EB00093F89020073A012A81BF0A7983F891200C
:109EC000072283F890207047426892F89030073B51
:109ED000012B84BF082382F890307047436870B527
:109EE00093F88F50F5B9B3F88860B1F80920F643BC
:109EF000A3F8A022324447F6FD7692B2B24206D9C8
:109F0000282283F8B120F0F76DF9284670BD4A6821
:109F1000C3F8A2220A7A83F8A6220B22436883F8A8
:109F20008F20F2E70125F0E70B46082203F8032B08
:109F3000D0F80920C1F80320D0F80D205A60427CE7
:109F40001A720023CB707047436870B593F88F5036
:109F500006460C46002D5FD193F87D102046FFF792
:109F600018FD28B9E1783046BDE87040FFF78BBF97
:109F70007268B4F80D30B2F88810A2F8A032C94364
:109F80000B4447F6FD719BB28B4207D9282330461C
:109F900082F8B130F0F726F9284670BDB4F80730E2
:109FA0006FF450615918062995BFA3F5506340F22C
:109FB000E2414FF47A7128468CBF4B434B43C2F8C1
:109FC000A8322379E0B103EB830303EB83039B0007
:109FD000A2F8A232B4F80530D8B164214B43C2F8DC
:109FE000A432B4F80930A2F8AC32B4F80B30A2F8BD
:109FF000AE32002382F8B4320E2382F88F30CBE7E2
:10A00000C3EB431103EB810303EB83035B009BB2C0
:10A01000DEE740F2E241E1E70125BDE737B504465E
:10A0200008891A281AD94B89B3F5A47F16D38A88D0
:10A030001A2A13D9C988B1F5A47F0FD36568009196
:10A04000014605F13C00FFF726FE6168284601F253
:10A050005111EFF7B9FC012003B030BD0020FBE740
:10A0600008B5436893F88E201AB12621A320E6F79D
:10A0700001FC1E2283F88E2008BD38B545680446D1
:10A0800095F88E301E3B022B0CD8FFF7C7FF18B196
:10A0900006216068E9F74EFB002085F8CA0085F8C4
:10A0A0008E0038BD0120FCE74268D2F88030D90626
:10A0B00010B5044603D4B021A320E6F7DBFB9906D4
:10A0C00001D5B121F8E723F01003C2F88030FFF783
:10A0D000AEFE60680621BDE81040E9F72BBB0B23FC
:10A0E0000B70D0F80930C1F8023070470B460C22D3
:10A0F00003F8022BB0F809204A80C27A9A707047A0
:10A1000038B54368054693F88F4034B1123C0B2CA8
:10A1100094BF08240124204638BD93F89420002AD7
:10A12000F9D0D3F81C3133B9FFF771FE6B681222F6
:10A1300083F88F20EFE70C220A21FFF78BFE6B6874
:10A140003222284683F88F20FFF761FEE3E708B547
:10A15000436893F88F20162A04D04FF4BD711F2056
:10A16000E6F788FB012283F8CF20172283F88F209F
:10A1700008BD436893F88F20132A05BF14220020DE
:10A18000022083F88F207047436810B593F88F3012
:10A190000446192B07D1FFF74AFE63681D220020F1
:10A1A00083F88F2010BD0220FCE708B5436893F8C0
:10A1B0008F20122A04D040F2A3111F20E6F75AFB89
:10A1C000012283F8CF20132283F88F2008BD08B521
:10A1D000436893F88F20172A04D040F2AB111F2058
:10A1E000E6F748FB192283F88F2008BD08B54368BD
:10A1F00093F88E201AB1DD211C20E6F73BFB0422E8
:10A2000083F88E2008BD08B50378426833B992F808
:10A210008F306BB1E5211C20E6F72CFBD2F88030A3
:10A22000D90701D4E921F6E723F00103C2F8803011
:10A23000BDE80840FFF7FBBD0E23A0F5A4700B702E
:10A2400003884B8070474368017893F88E2061B98A
:10A25000052A08BF00224FF0000002BF83F8BE208D
:10A2600083F8CA2083F88E207047102AF1E738B5AA
:10A270000478456854B995F88F305BB9FFF7C7FD8E
:10A2800054B9022385F88F30204638BDD5F8803088
:10A290005B07F3D50124F7E7D5F88030002443F0BD
:10A2A0000403C5F88030EFE7037833B14268D2F891
:10A2B000803023F00403C2F88030FFF7B8BD08B542
:10A2C000436893F88E201AB170214B20E6F7D2FA3A
:10A2D0000278002A0CBF0522102283F88E2008BDC8
:10A2E00010B5D0E90D42A24206D38B8C121B498EC9
:10A2F00005334B43934202D3012380F83E3010BD17
:10A3000001230B7000238B7030F8D23CA1F803308E
:10A31000437A4B714389CB8083890B81704710B599
:10A32000446894F8D12092070ED494F88E301BB173
:10A3300074214020E6F79EFA0122A4F8C63084F882
:10A340008E2084F8CA2010BD037843B994F88F306A
:10A350000BB9FFF76CFD002384F83231F3E7D4F832
:10A3600080309B07F7D5FFF762FDD4F8803023F0EB
:10A370000203C4F88030EEE710B50B7901284C7960
:10A380000A6843EA0421104608BF41F4803110BD39
:10A3900007B5FFF7F1FF0DF10702F0F7A5F903B0DC
:10A3A0005DF804FB38B50546FFF7B7F9044608B970
:10A3B000002038BD07212846FFF7F5F80028F7D020
:10A3C0000434201AC0B2F4E770B505460E460721E2
:10A3D000FFF79CF904462846FFF7E4FF74B100B389
:10A3E0000022531CA55CDBB2E15CA318B14212D180
:10A3F0002C2E05D0322E0CD0282E08D0002304E0BD
:10A40000222D02D03A2D18BF0023184670BD082D0A
:10A41000F9E7092DF7E701352A44D2B29042E0D896
:10A42000ECE70346F1E708B5836800681B689847C6
:10A4300000F5AF7008BD836870B59B69044600687D
:10A440000D46984780F00106F6B250B96B68294670
:10A450002079A361F9F7FEFD60B9AB210B20E6F787
:10A4600009FA237C022B07D104F12000F0F76CFBE2
:10A4700001232374304670BD237C032BF8D1F3E70E
:10A4800038B504460D46FFF7D6FF18B1D5E90423C9
:10A49000C4E9082338BD2DE9F041044686B0FFF732
:10A4A000C2FF0746256BD4E90836ED1846F10006D1
:10A4B000F0F7DAFB10BB0221B4F94400FFF767FCA8
:10A4C000B4F844301B1AA4F8443045194FF0000882
:10A4D000A36846EBE0768DF800805B682068019702
:10A4E000984769468DF8080020468DF80980CDE927
:10A4F0000456FFF7C5FF06B0BDE8F0810020E4E791
:10A500002DE9F84390F8436007460C4646B10368CE
:10A51000B3F86240B3F8A010611A9C6F01FB0444C9
:10A52000FEF7E9FB054697F84200F0F7F9F92844F1
:10A5300081B22046F8F716FE044606B33B6893F84E
:10A54000985093F89280D3F89C90FEF7D4FB06467F
:10A550002846F0F7E5F9054640463544F0F7E0F9BE
:10A5600080464846ADB22946F8F7FCFD08EB0501E8
:10A570000646201889B2F8F7F5FD30440444B86A5D
:10A5800010344008A04228BF2046BDE8F88338B503
:10A5900004460846237C03F0FF054BB92146F9F732
:10A5A000BBFC2028207105D001232374284638BD28
:10A5B0000025FBE70725F9E7F0B5836887B000259C
:10A5C000044600680F468DF800501B689847A36842
:10A5D00000F5B6705B680190206898478DF80950C7
:10A5E0008DF8080087B36846D4E90823CDE9042331
:10A5F000F9F7CEFC18B9E7210B20E6F73BF9D4E9CF
:10A600000801049A059B121A63EB0103002B01DA7F
:10A61000EA21F1E76FF00106964275EB030301DAD8
:10A62000EB21E9E7A36A5D1E1544B5FBF3F2AB42EB
:10A6300088BF013253431B1841F10001CDE90431B9
:10A64000638A1A44628231E0A36AE16B228FB1FB14
:10A65000F3F0551C821EAA42A8BF2A46012AB8BFA1
:10A660000122D4E90805534313EB000ED4E90C068C
:10A6700045F10005BEEB000065EB0606012876F10A
:10A68000000301DA8B21B7E76FF0010C844577EB0B
:10A69000060301DA8C21AFE7814230D2A16AD4E906
:10A6A00008325B1842F10002CDE90432D4E90C20F3
:10A6B0000499059B891A63EB0003012973F10002D9
:10A6C000E0DB6FF001028A424FF0000272EB0303FD
:10A6D000E0DB237C2046042B04BFB4F84030C918CB
:10A6E000FFF70EFF0546DDE90432D4E90801181A28
:10A6F00062EB010100290ADA4FF495717CE7217CB5
:10A700000429CBD0638ACDE904E5013B99E76FF0DA
:10A710000046B04271F1000102DB40F22B116BE701
:10A7200005F1A50120465B1A694662F10002CDE9F8
:10A730000432019B03EB45030193FFF77CFE48B114
:10A74000049B059AA53342F100025B1942F1000215
:10A75000C4E9083207B0F0BD037C0BB90020704794
:10A76000037C012BFAD0007C073818BF012070470A
:10A7700070B504460D461646FFF7EEFF38B9237C48
:10A78000072B04D040F272210B20E6F773F8F9F79B
:10A79000F9FB281841F10001861B61F10003C4E9AF
:10A7A0000863638AE3850023C4E90C0184F843301D
:10A7B000237C042B01D10523237470BD08B5027CD2
:10A7C000012AD3B204D0FFF7C7FF00F0010008BD93
:10A7D0001846FAE708B54B1E0246012B08D8FFF7CA
:10A7E000BBFF48B101211046BDE80840FFF7E4BEB9
:10A7F000BDE80840F0F704B908BD007C031F5842CB
:10A8000058417047037C032B04D0007C831F5842BF
:10A810005841704701207047D0E9083210B5D0E99F
:10A820000C14581A62EB0403002B04DA40F2A32143
:10A830000B20E6F71FF86FF0010282424FF0000292
:10A8400072EB030302DA4FF42971F1E710BD80695E
:10A8500008B5E638F9F712FE20B940F2AD210B2019
:10A86000E6F708F808BD08B50246FFF775FF30B1F6
:10A870001046FFF7C7FF10B91046FFF70CFEBDE802
:10A880000840F0F741B808B50246FFF765FF38B158
:10A890001046FFF7B7FF014610B91046FFF78CFED0
:10A8A000BDE80840F0F730B838B50446FFF786FF3A
:10A8B000D8B1237C022B16D0257CEB1E5D425D4176
:10A8C000012907D1072323742079F9F7B7FC2079F0
:10A8D000F9F7A6FE012323743DB104F12000BDE881
:10A8E0003840F0F731B90125EAE738BD10B5044624
:10A8F000FFF764FF70B120460121FFF7D5FF2079F3
:10A90000F9F730FB20B94FF4F2710B20E5F7B2FFF5
:10A9100000232374002010BD024608B5037C022BDF
:10A9200008D1032313741079F8F7F8FCA8B940F2A2
:10A9300003310FE0037C052B01D10623F2E7037CF2
:10A94000032BF0D0037C062BEDD0037C072BEAD041
:10A9500040F201310B20E5F78DFF08BD30B585B021
:10A960001546089B099CC01A61EB0404002C214683
:10A9700002DA404264EB440103AB2A46009302AB87
:10A9800002F022FC002C039801DA00B1281A05B06D
:10A9900030BD0B46062203F8032BB0F80920A1F8BE
:10A9A0000320C27A9A7070470B46172203F8032BD4
:10A9B000D0F80920C1F80320D0F80D205A60704764
:10A9C0003D2301F8033B00F10903293053F8042B20
:10A9D000834241F8042BF9D11B880B807047F0B5F6
:10A9E0000646BDF814C001F5A571D92E35460CF008
:10A9F00001070CF0020028BFD9253035ACB2FF2C7E
:10AA000028BFFF241CF0030F00F0AF8048B3042AD6
:10AA100021D0032A22D0022A0CBF4FF496744FF49F
:10AA200014740C44D11EC9B29C34022934BF2820AE
:10AA300000200129044440D804F535649834002FDF
:10AA400048D0042A40D0032A41D0022A0CBF6421F6
:10AA5000C0210819F0BD41F2D024E2E740F2CE5403
:10AA6000DFE783B1042A08D0032A09D0022A40F67E
:10AA7000480408BF4FF48564D3E744F29024D0E73C
:10AA800041F2BE14CDE7042A05D10534A4B2A401D5
:10AA900004F5C874C5E7032A05D10534A4B224011E
:10AAA00004F5BF74BDE7022A0BBF0B340A34A4B20D
:10AAB000A4B20CBFA400E400B3E7022A0CBFB42088
:10AAC0004FF4B0700444B9E74FF4CA61C1E740F2F3
:10AAD000AE21BEE793B1042A0AD0032A0BD0022A82
:10AAE00040F648000CBF4FF485610146601812E043
:10AAF00044F29021FAE741F2BE11F7E7F12E354614
:10AB000028BFF125042A1ED105F1130080B280016F
:10AB100000F5C8752819D92E9CD9D93EF721B6B2AF
:10AB2000002B57D0F636042AB6FBF1F64CD0032A98
:10AB30004DD040F2725340F69211022A18BF0B46D4
:10AB400003FB060086E7032A05D11335ADB22D01BC
:10AB500005F5BF75DEE7022A0BBF19351835ADB212
:10AB6000ADB20CBFAD00ED00D4E78BB1042A09D023
:10AB7000032A0AD0022A40F648000CBF4FF485642D
:10AB80000446B3E744F29024B0E741F2BE14ADE7C7
:10AB9000042A05D10534A4B2A40104F5C874A5E7BC
:10ABA000032A05D10534A4B2200100F5BF749DE746
:10ABB000022A0BBF04F10B0004F10A0580B2ADB20A
:10ABC0000CBF8400EC0091E744F2DA33B8E741F2BD
:10ABD0000833B5E7B6FBF1F3042ADBB21CD0032A35
:10ABE0001DD040F2725140F69214022A18BF21463D
:10ABF00001FB0300C3EB4311C3EBC103F61AB3B26D
:10AC0000002B3FF427AF0833042A9BB20AD19B01E3
:10AC100003F21A4318441DE744F2DA31E8E741F23F
:10AC20000831E5E7032A03D11B0103F54673F1E779
:10AC3000022A0BBF9B00DB0003F5BB7303F5CD734A
:10AC4000E8E78B8813F0180330B5054685B00C464D
:10AC50001FD1086820B940F2CF312D20E5F70AFE58
:10AC6000039300F0D8FA217CF0F704F8A28801469B
:10AC7000039B00922846627CFFF7B1FEA430D4E922
:10AC80000223824273F100032CBF0120002005B093
:10AC900030BD0120FBE710B50446EEF735FF82B268
:10ACA00004F1690104F13600FEF7D1FA84F844009A
:10ACB00010BD1FB504460191FFF7EDFF019B012276
:10ACC0006179204604B0BDE81040F0F745B838B5CA
:10ACD00013220B460C4603F8032B00F1090229301E
:10ACE00052F8041B824243F8041BF9D11278022166
:10ACF0001A700123A588A3712846E6F7F3FDB8B1C1
:10AD0000E37863B10088EDF755FE02212846E6F7A7
:10AD1000FFFD68B14FF40A712D20E5F7ABFDEDF7AB
:10AD2000DBFC4B0404D52846BDE83840FCF761B88D
:10AD300038BD70B504460D46963019461646FEF7E6
:10AD40006EFA84F8745084F87550FF2384F87630D6
:10AD5000033D04F13C00012D8CBF00210121EEF7E1
:10AD600011FE31462046EEF709FB94F87E302BB1F8
:10AD70004FF04D1363630023238770BD4FF096128D
:10AD80006263F9E738B5CB690446104641F2707248
:10AD9000A3F57A75954295BF4FF47A7240F2E2427C
:10ADA000B3FBF2F3B3FBF2F398BF03F5506304F186
:10ADB000A0029BB2A4F8AC308B8CA4F8AE30CB8C44
:10ADC000A4F8B03091F8C83184F8B230637F63B32F
:10ADD00094F86830012B28D194F86E3003F0C0034A
:10ADE000402B22D1D4F86930C4F8A030B4F86D30CB
:10ADF00093800828236A04F1A6019A7803F10305D9
:10AE000084F8992004F19A02D3F8033018D0C4F8DA
:10AE1000A630AB888B8004F19901EEF7C5F840B9F4
:10AE200040F6B6312D20E5F725FD0023C4F8A0300B
:10AE3000DEE794F8993043F0020384F8993038BD86
:10AE4000C4F89A30AB8893800023C4F8A6308B8076
:10AE5000F5E70B46162210B503F8032BD0F80920AE
:10AE6000C1F80320427B1A71CB78BBB130F8B43CF7
:10AE70001B0713D4B1F8054002212046E6F732FD46
:10AE800060B10088EDF796FD02212046E6F740FD0F
:10AE900020B14FF41A712D20E5F7ECFC10BD012113
:10AEA000F0F7C4BBFFF7FBBF08B590F894300BB1C7
:10AEB000012008BD90F8CC30002BF9D190F8BE30BD
:10AEC00003F0FF00002BF4D0EDF7C8FB80F0010089
:10AED000C0B2EEE730B54FF4B47285B00D46002134
:10AEE000044602F02FFAFF2323701323638042F2FB
:10AEF0001073E384E6F712FE00220146E064684620
:10AF0000E6F750FE00220121E06CFAF765FC04220E
:10AF1000E16C6846E6F746FE0022E06C1146FAF75F
:10AF20005BFC04F13000E57400F025F902A8EEF7AF
:10AF30007DFA20B940F20B312D20E5F79BFC02A9E8
:10AF400004F13600FEF76BF905B030BDFF23C86C85
:10AF50000B70FAF70EBC0078FF3818BF012070475D
:10AF6000F7B5044630300E4600F055F961880746C3
:10AF7000CA0605D52822F1F721FD6D3003B0F0BDDA
:10AF80008B07E06C0FD5FAF7C3FC054621793846EC
:10AF9000EFF770FE638801466279009328463346D6
:10AFA000FFF71DFDE9E7FAF7A3FCEEE74388092B5D
:10AFB00010B5044607D1F1F78BF920460121BDE811
:10AFC0001040F1F7C5B810BD034608465A8812F084
:10AFD000180F30B587B010D103F13001ADF804205F
:10AFE000D3E902459B8800916946ADF81030CDE960
:10AFF0000245FFF726FE07B030BD0120FBE7D0E990
:10B0000002017047007D003818BF012070470B68AF
:10B01000C0F816308B884383012303777047438839
:10B0200013F0100005D013F0040F14BF00201F20F0
:10B0300070479A0704D4DB0701D4E6F79BBDEE20E6
:10B04000704708B5FFF7EBFF003818BF012008BDB7
:10B050004FF40043A0F8483043881D2B08BF00215F
:10B060004174704790F913007047408800F0010068
:10B0700070474088C0F3400070474088C0F3C0006C
:10B08000704710B54488C06CE30654BFC4F3400455
:10B090000024FAF724FC002C08BF012010BD4088D2
:10B0A000C0F3001070474088A0F10903584258418E
:10B0B00070474079C31E012B05D8B1F87230012BBF
:10B0C0000CBF03200420704710B50446EEF71CFDAA
:10B0D000C0F30B00A042F9D010BD90F868300162B7
:10B0E0004B72D0F86930C1F80A30B0F86D30CB81BE
:10B0F00070477047F0F708B980F888107047FF2351
:10B1000080F88B30704780F8241080F82520704735
:10B11000C0F34002C0F3800300F001001344184460
:10B120007047022808B507D0042807D0012807D0A7
:10B1300039212E20E5F79EFB262008BD2720FCE7BD
:10B140002520FAE7837813F0010202D0C178C907FD
:10B150000DD5990702D5C27892070AD513F00402DB
:10B1600005D0C37813F0040F14BF00220422104648
:10B1700070470222FBE70023C0F80230012343702E
:10B18000037070478170704710B5427014460170AB
:10B190008078FFF7BDFF484304FB00F2FE2A03DD81
:10B1A0005C212E20E5F766FB10BD0023C3704371C0
:10B1B0000371704710B50446FFF7C4FF63796278E6
:10B1C0000133DBB29A4263710CD1E3780022A1789B
:10B1D00003436271DBB29942E37001BF2379E270ED
:10B1E00001332371BDE81040FFF79BBF38B504461B
:10B1F0008078FFF78DFF0146E078FFF789FF23781D
:10B20000227965789B1A6B4359436379C91A00FB0D
:10B210001510C0B238BD014608B58078FFF778FF39
:10B220004A780B7853435843C0B208BD08B54379F8
:10B2300002462BB1FFF786FFBDE80840FFF771BF5C
:10B24000C37899070BD413F00100F5D193785A070E
:10B2500007D413F0020F0CBF01200220ECE70220FC
:10B26000EAE70420E8E7042806D1920102F53472E7
:10B27000803201FB02F07047032803D1120102F56E
:10B28000E772F5E702280BBF0B320A329200D200B8
:10B29000EEE740F2EE20704740F25A3358437047D1
:10B2A00008B5436893F88F20172A04D04FF4A9619A
:10B2B0003120E5F7DFFA1B2283F88F2008BD08B59F
:10B2C000436893F88F20322A06D1002283F88F201A
:10B2D000BDE80840FEF7ABBD172A03D11B2283F857
:10B2E0008F2008BD40F25D513120E5F7C3FA037DA0
:10B2F00063B9C37B90F85000A3F11102032A05D96A
:10B3000028B11D2B8CBF0020012070470120704701
:10B31000037D63B9837B90F85000A3F11102032AE7
:10B3200005D928B11D2B8CBF0020012070470120BA
:10B330007047034613B50E3B104652680C4692F810
:10B340008E10092B42D8DFE803F00541414110413E
:10B3500018414128042905D10190FEF74FFD0198BD
:10B36000EFF7EEF8002002B010BD1029FAD100214D
:10B3700002B0BDE81040FEF766BF1E29F2D1019071
:10B38000FEF73CFD0198002CECD0426892F8E030CA
:10B3900023F0200382F8E030E4E792F88F30242B8A
:10B3A000E0D10024019082F88F40FEF740FD019823
:10B3B000436893F82C31012B03D12146EDF7C4F9F2
:10B3C00001984368002283F82C21CBE740F24F21FB
:10B3D0003120E5F74FFA0B46416891F8E02042F042
:10B3E000040281F8E020024659791879F1F7BABCD5
:10B3F00038B50D460446D1E90501E6F735FB95F869
:10B40000240220280FD0F8F719FF95F82402F9F745
:10B4100007F995F82402F8F7A5FD20B940F6FE01DA
:10B420003120E5F727FA0F212046E6F771FA1021BF
:10B430002046E6F76DFA12212046E6F769FA112157
:10B440002046E6F765FA13212046E6F761FA204622
:10B450001421BDE83840E6F75BBAE7F779B9002276
:10B46000A0F88E2080F8922090F8DB3113B10221F1
:10B47000E8F760B90321FBE738B50446084694F8BD
:10B48000903213B10C25284638BD94F88F30163B06
:10B49000012BF7D894F8C03203F0FF05002BF1D14F
:10B4A00091B194F8F63123B940F66D213120E5F7DA
:10B4B000E1F9052304F1F80204F5F37101F035FE1A
:10B4C000012384F89032DEE70223FAE7EEF7DABBD5
:10B4D000EEF7F0BB10B51121E6F704FA0446C37A83
:10B4E0009BB10521C08BE6F7FDF970B15030FFF735
:10B4F000FDF918B1B621AA20E5F7BCF90521E08BCA
:10B50000E6F706FA08B1B721F5E710BD38B50D46E4
:10B510001121E6F7A9F9044620B940F27931AA20B1
:10B52000E5F7A8F98822002101F00CFF95E80F004B
:10B5300084E80F0038BD70B50E4604210546E6F7D5
:10B54000D1F9044648B906212846E6F7CBF920B1DF
:10B5500016B190F8BD3003B90446204670BD007D99
:10B56000A0F1FF0358425841704738B590F8375062
:10B5700000230446052D80F8373002D10089F3F707
:10B5800003FF50342046FFF73DF908B1042D04D1E4
:10B590002046BDE83840FFF776B920460121BDE8D6
:10B5A0003840EFF75FBA4FF4D6710D2008B5E5F7D4
:10B5B00061F938B50546C07D0C46F6F789FCEA7D91
:10B5C00000F522434FF47A70B133042AB3FBF0F351
:10B5D00010D164B94FF4E77007E0032A07D0022ABC
:10B5E00040F6480008BF4FF48560184438BD41F26A
:10B5F000BE10FAE7002CF0D1032AEBD0022A0CBFD0
:10B600002C205020F1E71D2313B50B70044630F8B1
:10B610003E3C0A30A1F80330FFF768F920B140F250
:10B62000C1110D20E5F726F9052134F83E0CE6F7A7
:10B630006FF910B140F2C311F3E7042363F307007D
:10B64000022363F30F2002B010BD10B5044690F83A
:10B650006030042B10D090F86030062B0CD05030A6
:10B66000FFF7DAF8A36F984208D903EB4303D4F845
:10B670008C200344934201D3012010BD0220FCE73B
:10B6800010B504465030FFF7B8F888B994F8373051
:10B6900013F0FD0F0AD12046FFF7D7FF431E594292
:10B6A00059412046BDE81040FFF783BF0121F8E76C
:10B6B00001212046FFF77DFFB4F89030184410BDFB
:10B6C00031B10B789B091841C04300F0010070476D
:10B6D00080F01000C0F3001070470020704737B5AD
:10B6E000054608462821FEF76FFE044630B38378EE
:10B6F0008DF80030C3788DF8013003798DF8023071
:10B7000043798DF803308379684603F01F038DF881
:10B710000430FDF79FFC88B1B4F80720B5F862301B
:10B72000D31A1BB2002B09DD01230098EA8585F8A6
:10B730002C309DF80430286385F8343003B030BDD8
:10B7400090F82C3010B5044673B1C38DB0F8622068
:10B750009B1A1BB2002B07DC00F130011E30FDF7F5
:10B760005EFD002384F82C3010BD37B500F1500485
:10B770000546D1E904232046CDE90023FFF73DF833
:10B78000DDE9002368B12046EFF794F9044618B9C3
:10B790000024204603B030BD3E212846F3F772F85E
:10B7A000F7E72046EFF79EF904460028F0D0284638
:10B7B000F3F7F0FAEDE790F83730042B04BF0023DD
:10B7C00080F837300089F3F7DFBD70B504460568AF
:10B7D00007292FD8DFE801F0041414212E25302A80
:10B7E00005F15000FEF7B8FF28B9A3682846DB68CA
:10B7F000BDE8704018472846BDE87040F3F782BAAC
:10B800002846FFF7D8FF2046FEF7A6FFA0B1204646
:10B810000021BDE87040EFF725B9BDE87040F6F7AC
:10B820001DBA8368BDE870401B6918475B210C2076
:10B83000E5F720F85E21FAE770BD01207047B0F807
:10B84000DA302DE9F3410133C5890E4604465B1B0E
:10B85000D0E904529BB25D19A9B242F1000800F090
:10B86000F0F90746F0B9B4F86C3094F8542001337D
:10B8700094F838105B1940EB0808A3FB0235013B34
:10B8800002FB085848F1FF38032923D1D4F8981057
:10B8900061B1C2EBC202D2439A424FF07F0373EB15
:10B8A000080308D3384602B0BDE8F08140F2EF410A
:10B8B0004D20E4F7DFFFA37E022B05D0A37F1BB949
:10B8C0000823E377FF23A377B8F17F0F94BF002706
:10B8D0000127E7E7D6E9042304F1C8063046CDE99D
:10B8E0000023FEF78AFFDDE9002358B13046EFF769
:10B8F000E1F805460028D5D03E2120462F46F4F732
:10B9000019FCCFE73046EFF7EDF828B108212046C3
:10B910000127F4F747FCC5E7D4F898301BB1B8F11C
:10B920007F0FBFD9F2E740F21D51C1E7EBF7BABA7A
:10B9300070B515461E46D0F8984044B1F83C2A46EA
:10B9400033462046F6F7B2FCD4F8F840F5E770BD70
:10B9500037B55C1C058AE4B22B460094FDF708FD60
:10B9600003B030BDF3F77CBD0A4608B590F85730F8
:10B9700090F86F1032B11BB10C20FBF70AFA08BD2A
:10B980000820FAE790F85800002BF6D00430F4E7CE
:10B9900010B50446ECF7AAFE631E012B06D9042C51
:10B9A00006D180F00400C0F3800010BD0020FCE749
:10B9B0000120FAE70AB1043080B2FBF702BA08B5F9
:10B9C0002C230B70437A0B7110F87F0CC8700A217E
:10B9D000E5F79EFF20B14FF4B8714920E4F74AFF24
:10B9E00008BD08B52A230B70437A0B7110F87F0C41
:10B9F000C8700A21E5F78CFF20B14FF4E2714920AD
:10BA0000E4F738FF08BD07B5CDE90010F4F7A6FA52
:10BA1000DDE9001003B05DF804EBEBF789B9002015
:10BA2000704710B54FF490720021044601F08AFC73
:10BA3000F4F79CFA0023C4F8D000C4F8C840C4F856
:10BA4000983010BD38B591F838300C46032B08D12A
:10BA5000002194F8A600FFF76EFD10B14FF6FF73BA
:10BA6000C38504F1C800FEF741FF18B1E921492060
:10BA7000E4F700FFD4F8985015B32B68C4F8983059
:10BA800094F83830032B0CD1A5F1F80001F0E6F959
:10BA90000B2135F8060CE5F73BFF0028EAD0F4212E
:10BAA000E5E7022BE6D1A5F1F80000F041FB0C21FF
:10BAB00035F8060CE5F72CFF0028DBD0F921D6E796
:10BAC00038BD10B903FB01F0704700985043704730
:10BAD00010B550B903FB01F49DF8102008209DF823
:10BAE0000C10FFF767FF204410BD029C5443F3E79E
:10BAF00070B5044690F83B000E4694F83C5094F81C
:10BB00006F10013E401B256E94F85720454394F872
:10BB10005800FFF74FFFE16D01FB0655284470BD4B
:10BB200090F8541090F8563090F83E204B4390F81F
:10BB30005500DBB29A4289BFD31A002393FBF1F37D
:10BB4000DBB2584370474FF48072002101F0FABB1A
:10BB500070B50C460546A8B1A1B1837E93B90B78A8
:10BB60004A78C3F382030376CB78012B0BD1032AE7
:10BB700008D9022383760B79C3774B798A7943EA14
:10BB80000223038470BD002BFCD1072AFAD90E1DB5
:10BB90003046FDF75FFA0028F4D00123AB76637AD4
:10BBA000A27A43EA02232B856368C5F82330237AFF
:10BBB00085F82730E6E713B50346027E807E02F063
:10BBC0000702012810D0022822D1D87F01241B8C23
:10BBD000CC70A1F805300423087192004B7042F03C
:10BBE00003020A7002B010BD1C8DD3F8230093F835
:10BBF0002730ADF805408DF8043000234860CB7045
:10BC0000BDF804009DF8063008818B720823E4E734
:10BC100060215020E4F72EFE837E012B10B50446F0
:10BC20000ED1038D028A013B9B1A47F6FD729BB22F
:10BC3000934205D900F12301FDF7F1FA0023A37621
:10BC400010BD08B5837E022B14D1C943038C0B446D
:10BC500047F6FD719BB28B420CD990F83830022B1D
:10BC600004D1C17FF4F79EFA012008BD1621F4F734
:10BC7000ADFAF9E70020F8E7F8B5827E044612B184
:10BC800000252846F8BD837F03F0FF073BB1038AF8
:10BC9000073303840223837682770125F1E790F846
:10BCA0002230002BECD000F123063046EDF7BEFB2E
:10BCB00005460028E4D084F822700522611C304635
:10BCC00001F017FB0028DBD0238A073323850123EB
:10BCD000A376D6E770B590F90F30041F0D1F0C3016
:10BCE000DB110022DBB254F8046F42EA46028442C0
:10BCF00045F8042F22684FEAD272F4D10A7823F073
:10BD0000780353400B7070BD2DE9F04111F003042E
:10BD100098B006460D4690461F4603D0B7215220E4
:10BD2000E4F7A8FD5022214604A801F00BFB1E9B5E
:10BD30001022214608A816938DF85D7010AF8DF87B
:10BD40005C80CDE9146501F0FDFA30460CAE0723A6
:10BD50006A4608A901F0E9F931466846FFF7BAFFDB
:10BD600039463046FFF7B6FF102221460DEB0200A0
:10BD700001F0E8FA9DF85C30A3F11008159D102B36
:10BD8000454414D92B1F04AA0C3553F8041F52F84C
:10BD9000040BAB4281EA0001D160F6D1072304AA6B
:10BDA00008A9149801F0C1F95FFA88F3E4E7C3F138
:10BDB000100304AA13F0FF0318BF3E4603F1FF3C33
:10BDC000E1B299421CD264450CBF80210021375D4D
:10BDD000013412F8010B102C80EA070081EA0001FF
:10BDE000D173EDD19DF85D3008A9169A002B1498F7
:10BDF00014BF0723052301F098F918B0BDE8F081BE
:10BE0000295DE4E71D2310B50446C370ECF794FCEC
:10BE1000207110BD1E2310B50446C370ECF78CFCD6
:10BE2000207110BD01234380038000238380C380E1
:10BE30004FF44863038170471021E5F753BD73B594
:10BE400069460546FDF7EEF8044618B11F21542057
:10BE5000E4F710FD2846019EFFF7EEFF28B101230D
:10BE60007386848144810482C48102B070BD002342
:10BE7000012203804380038143814FF44863C280E1
:10BE800082808381704708B5F5F7C4FAF4F7B2FFF2
:10BE9000F4F720FDBDE80840F4F716BEC82108B548
:10BEA000F4F7CAFD022807D1013911F0FF01F7D1DB
:10BEB000EB213B20E4F7DEFC431E5842584108BD0D
:10BEC000E3B516469DF818201F4605460192F8F77F
:10BED00059F810F12C03019A41F10001B34271EBC2
:10BEE000070334BF311A2C21284602B0BDE8E040D8
:10BEF000F5F7FEB910B5F5F7D3FA0446F8F742F8AE
:10BF0000201841F1000110BD07B501ABF6F7B8F8F4
:10BF100003B05DF804FB13B504460192F5F798F8F9
:10BF2000019A0146204602B0BDE81040F5F76ABC10
:10BF300013B59DF810100091FFF7C2FF044608B931
:10BF4000F5F774FC204602B010BD38B504460D4626
:10BF5000F8F718F8844275EB010304D240F67E111D
:10BF60003E20E4F787FC201ABDE83840F5F776BD9F
:10BF700019B943780BB1C3788370704710B5044684
:10BF80000846F5F7A5FF4FF47A73B0FBF3F0201ADB
:10BF900010BD10B504460846F5F79AFF4FF47A73C2
:10BFA00000F2E730023CB0FBF3F0201A10BD03466C
:10BFB000006860B1EFF3108272B61868016819600A
:10BFC00002B962B60023037043708370C370704778
:10BFD00090F82C30F7B523B9B0F89A40204603B05A
:10BFE000F0BD90F89670B0F8904090F89530BFB1E1
:10BFF00013B90134A4B2F1E7D0E91E31426AD0E9A5
:10C000002056581B4FEA520361EB0601C0184FF04F
:10C01000000341F1000101F003F9204484B2DDE79F
:10C02000002BDBD0D0E90031D0E9092501912A4469
:10C03000D0E922165B1A019961EB06016FF0010647
:10C040009E4277EB010104D240F299312620E4F7B9
:10C0500011FCC17FB3FBF1F36B439A42BED2C8E738
:10C0600070B504460025E66B206E1EB9E5F7F4FEB8
:10C07000266670BDE16B0B68E3630D704D708D70CB
:10C08000CD70F9F761FBEEE7036E10B504460BB116
:10C09000002010BD807FE5F7CDFE20660028F7D197
:10C0A0000720F6E7F6F752B838B504460D461822D1
:10C0B0000021483001F046F9204684F85450F6F744
:10C0C0005DF810B9FF2384F8553038BD00210022F7
:10C0D0000023783040F83C1C40F8381C00F8581C0D
:10C0E00040F80C1C40F8081C40F8041C40E91E23D2
:10C0F000282201F027B9034690F8302002F0FF0013
:10C1000012B1186EF9F710BBFF2283F86820704750
:10C110000B460146186EF9F717BB10B50446606C64
:10C1200028B1036821466364FFF7F2FFF7E710BD0B
:10C1300010B5044690F830300BB1F6F707F8236ECF
:10C140003BB12046FFF7E9FF2046BDE81040FFF76E
:10C1500087BF10BD38B50D460446F5F7F7FF3DB96A
:10C160002046FFF7DAFF2046BDE83840FFF778BFEA
:10C1700038BD2DE9F041054686B019464FF000085C
:10C18000EC7F04AB1046019302ABD5E9097600932E
:10C1900043467C43B4FBF6F4A4B2224601F08FF888
:10C1A000BDF8102085F89880A41ABDF80820B6FBC9
:10C1B000F7F39BB2A5F89C40A5F89A20B2FBF3F1E7
:10C1C00003FB1123A5F89E3006B0BDE8F0812DE9F0
:10C1D000F04F0E4689B0044620B940F24151262066
:10C1E000E4F748FBD4F80B50A0F1310750F8310CBC
:10C1F0007968002D00F0C380D5E90289494508BF60
:10C20000404508D104F10B00FFF7D1FE854264D010
:10C2100040F25241E3E7804579EB010354D32B7E92
:10C22000002B48D114F8112C012A32D8D4F83F3011
:10C230000133C4F83F3014F8013CDBB2039354F8E7
:10C24000313C01937B680293DDE90132134307D14E
:10C2500014F8053C23B9002200233846FFF789FF74
:10C26000D4F8135045B1D5E90223DDE90110984215
:10C2700008BF914218BF0025039B002B00F02983C3
:10C28000D4F833300493002B40F0868040F2DE3146
:10C29000A5E714F8122CCDE9013200F0C1FF824667
:10C2A000494640461FFA8AFADDE9013200F0B8FF3C
:10C2B00080B28245BAD104F10B00FFF778FE8542C7
:10C2C0002BD040F25D418AE704F10B00FFF76FFECF
:10C2D000854234D040F2744181E7D4F81310002233
:10C2E0000B4623B982B113682B601560A3E7D3E92D
:10C2F00002C0814508BFE0450AD0E04579EB000067
:10C30000F0D31A461B68ECE72960C4F8135092E793
:10C3100039462846FFF7FCFE8DE7D4F813100022BB
:10C320000B4673B9D2B113682B601560D4F82F0097
:10C33000F9F713FAD0B904F1130000F08AFE394678
:10C3400012E0D3E90260814508BFB0450AD0B0458C
:10C3500079EB0000E6D31A461B68E2E72960C4F8CF
:10C360001350E3E739462846FFF7D2FE0022D4F8FF
:10C370000B309B1A8DF81C2018BF01231AE3D4F848
:10C380001330002B3FF452AFD3E90223994208BF88
:10C3900090427FF44BAF4EE7002D00F0D08014F8B0
:10C3A000050C05F1200895F8203095F8211040B1D2
:10C3B00013F0020F0CBF03230023012922D803210D
:10C3C0003FE003F00302022A00F08E809B0700F199
:10C3D000038394F8673012B92BB901230CE023B121
:10C3E000012AFAD119B1022309E0012AF5D1B4F8E2
:10C3F0006B20012A18BF0123C3F10103DBB2B4F89B
:10C40000612017E094F863E005F1230909EB0E02BF
:10C4100052780EEB020C19F80EE01EF0010F0CF131
:10C42000020C5BD1022ACAD98C45C8D8033AB4F8A9
:10C430006110D2B2114434F8152C9142D4BF0021BE
:10C440000121994238BF194601298B4631D800286D
:10C450004CD005F1230C94F863001CF80030DB0786
:10C4600027D454F8192C6044D5E9041390F803C07C
:10C47000511843EBE2730279120442EA0C2290F85D
:10C4800002C0002042EA0C02914273EB000C10D370
:10C49000891AD4F84F2063EB0000D4F853308A4255
:10C4A000834106D20123C4F84710C4F84B0084F836
:10C4B00065303846FFF78CFDB4F85F20831A1FFA09
:10C4C00083F91BB2012B40F08081BBF1000F40F0DB
:10C4D00034813268BABB40F24F2180E694F865E0BF
:10C4E000BEF1000FA0D16AE7032388E7B4F86130FA
:10C4F000002BDED154F80D0C14F8123C54F809CC82
:10C500004343B4F86B20B3FBFCF39BB29A42D0D107
:10C5100054F8191CD5E90432CB1842EBE17260459E
:10C5200005D2B4F86D104843C31842F1000201214E
:10C53000C4F84730C4F84B2084F86510B9E7A84622
:10C540004FF0030BB5E714F8051C05F1230A002989
:10C5500000F0938094F863301AF803C00AEB030EDE
:10C560001CF0010F9EF80180CCF3400109BFA8F137
:10C570000308023305335FFA88F814BF84F8633088
:10C5800084F86330049BB4F8619003F1080C94F8CC
:10C5900063309A441FFA88F30493002900F0BB80AB
:10C5A000D4F847E0A4F131019944D4F84B30C4F8F1
:10C5B0004FE0C4F853301FFA89F995ED027B81ED05
:10C5C000227B0121A4F85F0084F8641034F8211C58
:10C5D000B18009F10801F1804FF481713181C2F815
:10C5E00000E0F2883168083A0871000A92B2487196
:10C5F0008A71C2F30322CA7161463368B4F86120BC
:10C6000003F108000593F8F70FFBB4F86100059BF0
:10C610004246083051461844F8F706FBB4F861204A
:10C62000049B1344A4F8613094F86330984484F870
:10C63000638094F82430002B6AD094F82330012BC7
:10C6400039D0022B33D0002B4AD1B9F1000F47D09B
:10C65000D4F81F300133C4F81F300023A4F8613030
:10C6600084F865305E4695F8212094F863309A424C
:10C6700080F00D8140F20D51B1E59DF81C1095F848
:10C6800020C095F821806CF301018DF81C108907FA
:10C6900007D184F86730B4F86B104B1E59425941EA
:10C6A00070E794F86730002BF5D159466AE734F803
:10C6B000153C9945CCD1B9F1030FC9D933689E68AF
:10C6C00014F8053CA3B194F82B307BB1D4F8273093
:10C6D0000133C4F82760FF2284F82B20B342B7D17E
:10C6E000D4F817300133C4F81730B6E73346F0E713
:10C6F00054F80D1C14F8122C4A4354F8091CB2FBD0
:10C70000F1F2D5E9020192B200F08AFD8642E6E735
:10C710004FF0080BA1E7424651460CEB0900F8F731
:10C7200083FAB4F86120049B1344A4F8613094F8B0
:10C730006330984484F8638094E7BBF1020F0CBF28
:10C740004FF0010A4FF0020A0132002394F865E02D
:10C75000A4F1310C92B2A4F8613084F86530A4F8E9
:10C760005F20BEF1000F4FD194F864E0BEF1000FDE
:10C7700061D054F80D3CDCE920011B1841F10001A7
:10C78000CCE9203194F82410002956D094F82B30AD
:10C7900023B1D4F827300133C4F82730D4F81B3044
:10C7A00000260133C4F81B30A4F13103D3E90001A2
:10C7B000C3E92201BBF1000F1CD0B8F1000F19D062
:10C7C00098F8013084F8633014E01ADCB8F1000FF7
:10C7D00000F0008114F8053C83B1BBF1000F0DD1CE
:10C7E00094F863309844023398F8042013440026E8
:10C7F00084F86330002D7FF436AF49E098F80130BB
:10C80000F5E74FF0020A9FE75FFA89F054F80D1C34
:10C810000138C317A0FB010901FB0399DCF878304C
:10C82000DCF87C101B1A61EB0901CCE920310121F5
:10C8300084F86410A6E77346A4E734F8211CBEF11F
:10C84000000F86F809E0B18018BF08204FF0020100
:10C8500004BF0420002331721FFA80FC18BF316826
:10C86000A0F10400A6F806C018BF0B603168F68876
:10C870000B180A54A6EB0C06120AB6B25A709E7038
:10C88000C6F3032646EA8A16DE7008268CE76CD1CA
:10C89000019B5A1C029B43F1000344F8312C44F8DD
:10C8A0002D3C14F8053C63BB54F80D0C14F8122C05
:10C8B00054F8091C4243B4F86B30B2FBF1F2013B6F
:10C8C00092B29BB29342A4F86B3004D340F2195158
:10C8D00085E4039EDCE7A3B9A4F86B20B4F86920D3
:10C8E00084F867300132B1FBF0F1A4F8692089B215
:10C8F000B4F86D20013292B2914218BF1346A4F8E9
:10C900006D30002384F86330CDB1D4F813C0BCF18E
:10C91000000F02D14FF4AF6161E4DCE90212DDE9FE
:10C920000103934208BF8842F4D1DCF8002065453A
:10C93000C4F81320EED139462846FFF7E9FB039BE4
:10C940009BB994F837305BB1D4F82F302BB138460F
:10C95000FFF7E3FB3846FFF783FB002384F837300B
:10C960000023A4F8613084F86530D4F81330A4F1C2
:10C97000310254F8317C506833B1D3E90251884216
:10C9800008BFAF4218BF0023D4F80B1001BBFBB99E
:10C99000A4F12903D3E9000154F8313C5268013372
:10C9A00042F10002984271EB02032CBF01230023E5
:10C9B0008DF81C608DF81D3000209DF81C3063F34D
:10C9C00007009DF81D3063F30F2009B0BDE8F08F1C
:10C9D0000123EDE746460DE7034610E50023836596
:10C9E000D0E92032013342F10002C0E9203290F850
:10C9F000633013B1013B80F86330704700230B7044
:10CA00004B708B70CB70EFF3108372B6026822B953
:10CA10000160416003B962B6704742681160F8E78F
:10CA20002DE9F04F044687B04FF0000AA56D65B9B7
:10CA3000606D50B1F8F778FEA06530B11822294634
:10CA4000083084F8625000F07DFCA56D002D00F0E8
:10CA5000B181B4F860C0277FBCF1000F16D194F803
:10CA600063309BB197B90126294604F12400D4E92B
:10CA7000202385F8206085F82170C5E90223FFF79F
:10CA8000BDFF6E742046FFF7A9FFCFE7E66A002ED0
:10CA900000F0908196F8211001F03003202B04D093
:10CAA00040F2ED119520E3F7E5FE090901F00401DC
:10CAB000314401F1280301F124080293BCF1000F75
:10CAC0006DD1D6E9021E002F53D0D6E90423D6E952
:10CAD00006098A1A6EEB0303012A73F100012DDBAC
:10CAE000B2F1004F73F1000301DBD121DAE7A16954
:10CAF0004B1E1344B3FBF1F31818E27BD4E920E199
:10CB000049EBE373A0FB0209704502FB039373EB4F
:10CB1000010238BF704694F862E038BF0B46BEF1A0
:10CB2000000F1BD0D5E90221994208BF824215D0DF
:10CB30006B7C002BA6D140F2FF11B3E752EA030150
:10CB40000AD0B2F1004F73F1FF3301DAD621A9E721
:10CB5000A36992FBF3F3CFE70123CDE7C5E9020315
:10CB6000A37BA3EB0E03DBB2042B14D84FF40271AA
:10CB700098E7D4E90532E07BB2FBF3F3B0FBF3F2C4
:10CB8000DBB2A2FB0191B0FBF3F002FB0E11C5E991
:10CB9000029184F86300D5E90223C4E9202305F15A
:10CBA0002303002F00F0E780E17BB26994F8620074
:10CBB000A2FB01E2D4F88020A2EB0E02B2FBF1FE50
:10CBC000A169D6E90472EEFB0172914610B1BCF185
:10CBD000000F31D11A18D6E9021E6266821C23F8B2
:10CBE00000A0D2B284F86220BCF1000F40F0BE80F9
:10CBF0008F4279EB0E0002D240F29B1152E7791A74
:10CC000011F07F4F02D04FF4D0714BE70591991886
:10CC1000BDF814E09DF8160023F802E0887094F83F
:10CC20006220033284F86220626E517803315170C1
:10CC300011786CF30001117096F8232096F822B059
:10CC400002F03F02D4E920015BEA022BC5E90201B0
:10CC500009D096F82120520654BFABF1040BABF17A
:10CC6000080B1FFA8BFBB4F8601094F8622094F85C
:10CC70000EC0ABEB010E0298ACEB020C1FFA8EFE5D
:10CC8000019208445FFA8CF20146019896451844D7
:10CC900038BF5FFA8EF20392F7F7C6FF94F862107E
:10CCA000039AB4F86030114494F81CC01344C9B21C
:10CCB0009BB284F86210A4F86030BCF1000F18D069
:10CCC000606E90F801E07244427098F803E098F8C2
:10CCD00002200EF00F0E42EA0E22A2EB030EDEF14E
:10CCE000000242EB0E0290F800E062F3410E80F881
:10CCF00000E098F8030098F8022000F00F0042EAE4
:10CD00000022A07B884201D0934228D1687CA0B346
:10CD1000EFF3108372B62A7C0AB985F8211003B9A3
:10CD200062B6237F0BB96A7CB2B994F862C0A07B6B
:10CD3000844511D02A7C7AB98BB16369D6E9021295
:10CD40005B1842F100029F4279EB020304D3A0EB8F
:10CD50000C00C0B2082802D82046FFF73FFEB4F806
:10CD600060305B451DD94FF419719BE61A5C42F0A7
:10CD700001021A5460E7B9465EE7BCF1000F0ED11C
:10CD80009B1A18BF012385F8203004F1240085F890
:10CD90002110A16DFFF732FE01236B74C1E702235E
:10CDA000F1E77FF443AE31462046F5F739FCA4F8AD
:10CDB00060A03BE607B0BDE8F08F3E38FFF730BE1D
:10CDC00070B504460025666A16B9A16D59B970BDE3
:10CDD000616A606D0B6863620D704D708D70CD700F
:10CDE000F8F7B2FCEFE7606DF8F7AEFCA665EEE78A
:10CDF000436D10B5044633B1FFF7E2FF606DE5F710
:10CE000023F80023636510BDC0E91A23009BD3E912
:10CE10000223C0E91C23FF2380F87830704790F884
:10CE2000773007B513B94372002010E0037F03F099
:10CE3000FF027BB90D230B7001238B7030F8343C5B
:10CE4000A1F80330437AA1F805304272042003B000
:10CE50005DF804FB3438F5F749FBE5E710B5044607
:10CE600090F820300BB1F5F745FC2046BDE81040A6
:10CE7000FFF7BEBF08B5F7F773FEBDE8084000F046
:10CE800038B870B5841A0E46154659B204F3070433
:10CE900060B2F5F7D7FC002330702844737040B2BD
:10CEA00070BD0023036070477047002070474FF04B
:10CEB000FF3070474FF0FF30704770474FF0FF3042
:10CEC00070470020704700207047002303707047B0
:10CED0009DF800300022FFF7D4BF002070474FF0CC
:10CEE000FF3070474FF0FF3070474FF0FF30704712
:10CEF000704770470020F5F70DBD0020F5F712BE12
:10CF00000020F5F725BE0020F5F704BD704718B1E5
:10CF1000012803D1F7F70CBE0120704700207047AD
:10CF2000F5F762BEF5F774BEF5F764BE70B5002480
:10CF3000F6F7E2F905462646E0B2854200D870BD14
:10CF4000F6F7E0F90134868480F82660F4E7F6F716
:10CF50006FBA08B50020F6F773FB0120F6F770FBF7
:10CF60000220BDE80840F6F76BBB70B58368D0E9D6
:10CF70000052D1E900465B1942F100029C4276EB77
:10CF800002030DD30B7B012B0CD0037B012B09D1AA
:10CF9000641BF6F73DF98442B4BF0020012070BD48
:10CFA0000020FCE70120FAE72DE9F843B2F80880F9
:10CFB0001C4692F80090054698FA98F80F461646D7
:10CFC00000211022184600F0BDF9A4F80C8084F866
:10CFD0000E90B9F1000F13D115F11C00D6E904230E
:10CFE00047F10001824273EB010133BF4FF47A73C2
:10CFF000C4E900237368C4E90057A360BDE8F8835F
:10D00000224628463946F6F795FD73682A46A360FE
:10D010003B46C4E9000121463069F6F705FE0028C9
:10D02000ECD1C4E90057E9E70020704710B5029C35
:10D03000201841F10001801A61EB0301B0F1004FAB
:10D0400071F1000304DB40F2D6710120F7F786FB93
:10D0500010BD0346006830B550B104680146224651
:10D060000AB91C6004E015681DB9086803680B6004
:10D0700030BD11462A46F3E701F11003013813F8D9
:10D08000012D8B4200F8012FF9D170472DE9F047AF
:10D0900013F0010F8EB004460D4617469A46DDE99F
:10D0A000168913D006A8FFF7E7FFA30724D002AA2A
:10D0B00004F110052068083454F8041C1346AC42EF
:10D0C00003C31A46F6D106AD02AC16E013F0040F06
:10D0D0000DD106AB0E4601F1100C1D463068083626
:10D0E00056F8041C1A46664503C21346F6D121467B
:10D0F00002A8FFF7C1FFE7E706AD1AF0020F4346AB
:10D10000CDF800900BD0294620460AAAF7F7BEFBBF
:10D110000AA93846FFF7B0FF0EB0BDE8F0873A46DF
:10D1200029462046F7F7B2FBF6E713B50024CDE910
:10D130000044FFF7ABFF02B010BDF7F7C5BC0120FC
:10D14000704720BF704720BF70479142F8B503D3A6
:10D1500073219620F7F702FBB2FA82F33BB1C3F1D9
:10D16000200499409A4020FA04F4984021434FEA61
:10D17000124C93B2040C87B2B1FBFCF50CFB151EEC
:10D1800005FB03F64FEA0E4E0EEB1040864205D922
:10D19000361A96428CBF02260126AD1B04EB0141D4
:10D1A000280405FB1211B1FBFCF40CFB14116343C2
:10D1B00007EB01418B4205D95B1A93428CBF0222D7
:10D1C0000122A41A2043F8BD70B5044615461E4638
:10D1D000FFF7BBFF049B00FB154430601C6070BD73
:10D1E0000029134610B50CDB0024002A02DA534252
:10D1F00084F001041A46FFF7A8FF44B9002809DBB0
:10D2000010BD40424FF0010461EB4101EDE7B0F188
:10D21000004F03D999219620F7F7A0FA4042EFE793
:10D220002DE9F0411D4607460E46144652EA050315
:10D2300003D1AC219620F7F791FA85B9914204D237
:10D24000FFF783FF2946BDE8F08108462946FFF72E
:10D250007CFF05462246384604FB1561F0E7B5FA27
:10D2600085F8B8F11F0F01DDC921E3E7012340086C
:10D2700003FA08F3C8F11F0840EAC670A3FB0212C4
:10D28000710803FB0522FFF760FF30FA08F04FF04A
:10D29000000102D0013861EB010100FB05F3A0FBA6
:10D2A000042C04FB0133BF1A634466EB0306A74258
:10D2B00076EB0503C7D3013041F10001C3E72DE947
:10D2C000F8431C46904605460E46FFF7A9FF00FBB3
:10D2D00004F3DDE9089708FB0134C9E90001A0FB6C
:10D2E0000820AA1A044466EB0404C7E90024BDE838
:10D2F000F8836AB10346013910B5841813F8010B9D
:10D3000011F8012FA34201D09042F7D0801A10BD2E
:10D3100010467047431A934200EB020310B508D33E
:10D32000013902469A4207D011F8014F02F8014B29
:10D33000F8E70A448A4200D110BD12F8014D03F803
:10D34000014DF7E770B5C9B20446A30711D141EA10
:10D350000123960843EA034522F0030323449C4239
:10D360000DD16FF0030404FB06221A44934209D145
:10D3700070BD002AFCD0013A04F8011BE5E744F82F
:10D38000045BECE703F8011BF0E700280CBF6FF02B
:10D39000150000207047002070470723037000200D
:10D3A00070470020704700207047034611F8012B9A
:10D3B00003F8012B002AF9D17047034613F8012B1B
:10D3C000002AFBD1181A01387047430803F055337F
:10D3D000C01A00F03333800800F0333018444FF0A7
:10D3E000013300EB101000F00F305843000E70476F
:10D3F0002DE9F04786468C460846089E1546744639
:10D400001946002B40F0C1808542B2FA82F245D91C
:10D410004AB1C2F1200300FA02FC954094402EFA72
:10D4200003F343EA0C0C4FEA154EA8B2230CBCFBE5
:10D43000FEF80EFB18CC08FB00F943EA0C439945B3
:10D4400028D9EB1808F1FF3704D2994502D9A8F181
:10D4500002072B44A3EB0903A4B2B3FBFEFC0EFBB3
:10D460001C330CFB00F044EA0344A04214D92C19ED
:10D470000CF1FF3304D2A04202D9ACF102032C44D8
:10D48000241A43EA07401EB1D4400023346073607D
:10D49000BDE8F0874746DDE76346F1E792BB431BF3
:10D4A00001214FEA154EAFB2200CB3FBFEFC0EFB80
:10D4B0001C330CFB07F840EA0343984561D9EB188D
:10D4C0000CF1FF3004D2984502D9ACF102002B4494
:10D4D000A3EB0803A4B2B3FBFEFC0EFB1C330CFB56
:10D4E00007F744EA0344A7424DD92C190CF1FF3346
:10D4F00004D2A74202D9ACF102032C44E41B43EA54
:10D500000040C0E7C2F120039540944020FA03F1A7
:10D510002EFA03F34FEA154E9040AFB20343B1FB2E
:10D52000FEFC0EFB1C10190C0CFB07F841EA004135
:10D53000884522D969180CF1FF3004D2884502D9F8
:10D54000ACF102002944A1EB08019BB2B1FBFEFC47
:10D550000EFB1C110CFB07F743EA01439F420ED957
:10D56000EB180CF1FF3104D29F4202D9ACF1020159
:10D570002B44DB1B41EA004193E76046E3E7614649
:10D58000F7E76046A4E76346B8E7834206D916B9D1
:10D59000002108467CE7C6E900E0F9E7B3FA83F723
:10D5A0008FB9834201D3724508D8BEEB020460EB09
:10D5B000030301209C461EB9002169E73846FAE7BB
:10D5C000C6E9004CF8E7C7F1200CBB400EFA07F59E
:10D5D00022FA0CF42EFA0CF1BA401C4320FA0CF398
:10D5E000B8404FEA144901431FFA84FEB3FBF9F82F
:10D5F00009FB18300B0C08FB0EFA43EA00439A456E
:10D6000040D9E31808F1FF3004D29A4502D9A8F1B5
:10D6100002002344A3EB0A0389B2B3FBF9F809FB28
:10D62000183308FB0EFE41EA03418E452CD96118E0
:10D6300008F1FF3304D28E4502D9A8F10203214438
:10D6400043EA0040A1EB0E01A0FB02984145CE4603
:10D65000434602D306D14D4504D20138B9EB020E40
:10D6600068EB0403002EA7D0B5EB0E0261EB0301BB
:10D6700001FA0CFC22FA07F3F9404CEA0303C6E96D
:10D68000003199E74046C5E74346D9E7000000006E
:10D6900000222DE9F04186B0114640F6034002AF6A
:10D6A00005F036FA044600285BD104F017FE214647
:10D6B00041F2030007F10C0205F02AFA04460028A3
:10D6C0004FD1FA68294DD16805F12C03D1F801003A
:10D6D000D1F8051003C3104604F014F8214641F2B6
:10D6E000010007F10C0205F013FA0446002838D1B6
:10D6F000F868C3685A7885F824205A88EA841A7929
:10D7000085F82520B3F807202A85B3F805306B8506
:10D7100003F0F8FF214641F2020007F10C0205F088
:10D72000F7F90446E8B9D7F80CC005F13406DCF87F
:10D730000C20531C4132344618685968083303C41E
:10D7400093422646F7D1604603F0DCFF95F830306F
:10D750005B0611D40121064A06481FF0AEFD6FF0AA
:10D76000120420461037BD46BDE8F08110070020A6
:10D770008F3B0500CC410400002142F2030007F179
:10D78000080205F0C5F904460028EAD1BB68C24E7C
:10D79000DA68D2F80100D2F8051003C6184603F083
:10D7A000B1FF95F893300F2B40F25D8195F85D1035
:10D7B00007F10C0211F0200100F04781214642F2EE
:10D7C000600005F0A5F904460028CAD1D7F80C80FE
:10D7D000D8F80C40B4F801309AB29AB1E2788AB124
:10D7E000A5F8BC30E27806F1280011461FF077FD5D
:10D7F000E378032B06D0032202210092A748A84A0F
:10D800001FF007FAA3889AB21AB1A279002A40F051
:10D8100007810121A34AA1481FF04FFD404603F0B4
:10D8200071FF002142F23A0007F1080205F070F999
:10D830000446002840F02481B868C368B3F801307A
:10D84000A5F8F43003F05EFF95F8306016F020067E
:10D850001AD14FF0FF304FF0FF3104F063FD044662
:10D86000002800F0DA8002210C301FF06CFB01234D
:10D87000214603704670324640F66D4005F048F987
:10D88000044600287FF46DAF95F85030180714D582
:10D89000002142F21C0007F1080205F039F90446A4
:10D8A00000287FF45EAFB868C368D3F80120D3F8CE
:10D8B0000530C5E9262303F025FF95F89030990639
:10D8C00024D507F10C01B81D05F02CFA04460028F8
:10D8D0007FF447AF4FF0FF304FF0FF3104F022FDEF
:10D8E0000646002800F0998004210C301FF02BFB25
:10D8F000FB8822460380BB893146438042F22400E4
:10D9000005F006F9044600287FF42BAF95F8903017
:10D910005A0611D5002142F22A0007F1080205F04B
:10D92000F7F8044600287FF41CAFB868C3685B783A
:10D9300085F8F63003F0E6FE4FF0FF304FF0FF3190
:10D9400004F0F0FC0446002867D008210C301FF0DA
:10D95000FAFA95F89060544B16F0020F02465348BD
:10D9600008BF1846B30695F8913048BF40F0400014
:10D9700013F0090F95F8933018BF40F40060F607D4
:10D9800048BF40F0100013F0300F4FF0000107D0F7
:10D9900099064FF4007154BF40F0807040F0407021
:10D9A0001E0644BF40F0405041F002011FF0A1FCB0
:10D9B0002146002242F2010005F0AAF804460028A0
:10D9C0007FF4CFAE95F83030B5F8BC10980677D418
:10D9D000D1B941F2050007F10C0205F099F80446AF
:10D9E00000287FF4BEAEB5F8BC30FC684BB9E368E4
:10D9F0002F48B3F80120A5F8BC209A8811461FF0E3
:10DA00006EFC204603F07EFE4FF0FF304FF0FF31FA
:10DA100004F088FC044600285CD16FF06804A0E69E
:10DA2000A5F8D830A279234811461FF058FCA379F5
:10DA3000012B85F8DA303FF4F1AE01220221009289
:10DA400016481D4A1FF0E5F8E8E642F2020005F02C
:10DA50005FF8044600287FF484AEFC68204604F09A
:10DA60009BFB2046DBE6214642F2020007F108025A
:10DA700005F04EF8044600287FF473AEBC68EDE76D
:10DA8000461D7FF46EAE02210C4A04481FF015FCBF
:10DA90001F23A5F8F430D7E6A0070020CC410400EE
:10DAA0005C380500B33B05000EF287002EF28700BC
:10DAB000D0070020EC070020CB3B0500103C050000
:10DAC0000029A1D101216C4A6C481FF0F6FB6FF0D0
:10DAD000040446E608210C301FF035FA95F8903022
:10DAE0000246D90747BF62A1D1E900014FF00051BA
:10DAF00063481FF0FEFB2146002240F6014005F07E
:10DB000007F8044600287FF42CAE014607F10C020A
:10DB10004FF6014004F0FCFFC8B15A4A02215748B1
:10DB20001FF0CBFB05F070FF044600287FF419AE10
:10DB300008F0D2FB044600287FF413AE07F0BEFCC9
:10DB4000044600287FF40DAE04F074FD09E6FB687E
:10DB50006E46DC688AB0B4F80130032B96BF4A4A9F
:10DB60004A4952F8231002AAD3614FF4007348487F
:10DB70001384484BC2E9050142F8103F4FF413519A
:10DB80003E481FF0A9FBB4F80120B546022AB4F8BC
:10DB900003304AD1052B48D83F4A52F823106E462D
:10DBA0008AB002AAD3614FF400733C481384394B06
:10DBB000C2E9050142F8103F4FF413512F481FF0FE
:10DBC0008BFBB546637994F806C0032B98BF344AA3
:10DBD000B4F80760D4F809006C468CB094BF52F8D2
:10DBE00023102A4902AAC2E9073C4FF40073DFF868
:10DBF000C0E093852B4BC2E905E1C2E909604FF40F
:10DC0000735142F8103F1D481FF066FBA546F868A7
:10DC100003F078FD00214FF6024007F10C0204F0FA
:10DC200077FF044618B1204A78E71849B7E7F86843
:10DC3000C368B3F80130A5F8753003F063FD95F8BB
:10DC400075305B077FF56EAF21464FF6034007F155
:10DC50000C0204F05DFF08B1144A5FE7F868C3687E
:10DC60005B7885F8743003F04DFD5BE7AFF300801F
:10DC700090880002008000206D3C0500CC4104002B
:10DC800010880002903C05008850040055390500BA
:10DC9000B43C05000400000170500400CD3C0500B8
:10DCA0006050040007000001123D05003B3D0500E7
:10DCB000E53C05000000000037B50024164D6FF06C
:10DCC00009034FF4806228461449009418F0F2FDCD
:10DCD0001349284618F0CAFE1249134822F0A7FF3C
:10DCE000224604211C2003F0FBF801220F4BD3E84D
:10DCF000EF1FC3E8E02F0028F9D105A3D3E90023E3
:10DD000028460B4918F016FE204603B030BD00BF70
:10DD1000389C1C0000000000A05B0020680301206C
:10DD20009B5D05009F040400C0B60020BCB6002027
:10DD3000500800200000000010B50B4BD3E8AF3FA7
:10DD400053B1F5F74BFA06A3D3E90023BDE8104021
:10DD50000649074818F0EEBD10BD00BFAFF30080C4
:10DD6000389C1C0000000000BCB6002050080020B9
:10DD7000A05B00200000000070B4174E0C46B042BB
:10DD8000154608D00136B0420FD0023EB04210D046
:10DD900070BC1BF0EDBF0AA3D3E90023C5E9002343
:10DDA0000E4B0020236070BC704707A3D3E900230B
:10DDB000F4E707A3D3E90023F0E700BFAFF3008047
:10DDC00002C0FF7F0000000003C0FF7F00000000D2
:10DDD00001C0FF7F0000000002C0FF7F03004E80F3
:10DDE000F8B50C488A7A0C46497A1EF062FA00258A
:10DDF0004826094F94F82030E9B28B4202D8074BED
:10DE00001C60F8BD06FB014338465A6A1EF051FA01
:10DE10000135EFE7D81E0500141F0500E46300205C
:10DE200008B5014603481EF044FABDE80840024820
:10DE30001DF079BF321F05007C13002008B5014694
:10DE400005481EF036FA0122044B05481A70BDE859
:10DE500008401DF068BF00BF471F050029C2002011
:10DE60007412002038B514460D460A481EF021FAF7
:10DE70002246094B04F110011D60084B52F8040BB7
:10DE80008A4243F8040BF9D1BDE8384004481DF03C
:10DE90004ABF00BF621F0500E463002018C20020D3
:10DEA000A41200202DE9F84F00250E469346A946FE
:10DEB0002F460124A846364B3648C3E9005596F84C
:10DEC00020205FFA85FA524513D894BB2346214699
:10DED00029FA03F2D20748BF013103F1010348BF19
:10DEE000C9B21F2BF4D1012F1AD92B481EF0E1F92A
:10DEF0001CE05BF82A2051461EF0DBF95BF82A2073
:10DF00002448234B52B1511C18BF00244FF0010884
:10DF1000013743F82A2049EA0209FFB20135CEE76A
:10DF2000022906D902221D481EF0C3F96FF015041C
:10DF30001CE01B4C1B4A21781B4B1C48002918BFB6
:10DF400013463146F2681EF0B4F92378B3B1B8F144
:10DF5000000F01D01648C9E7164B186821F089FE5A
:10DF6000044630B1014614481EF0A3F92046BDE82E
:10DF7000F88FF268114B1A600024F7E7F2680F4B34
:10DF80001A60B8F1000FF7D00D481DF0CCFEF3E792
:10DF90005C6100209C1F0500B61F0500D81F05000E
:10DFA00029C20020821F05008D1F050002200500E8
:10DFB00033200500E063002044200500C8630020F2
:10DFC0008C12002008B5084B1B683BB15A7A1878B0
:10DFD000012A14BF0321042121F0B9FEBDE8084045
:10DFE00002481EF066B900BFE46300206720050008
:10DFF0002DE9F043A7B091F808520E4602A9044655
:10E0000021F0F1FC014658B139481EF052F90120C7
:10E0100096F80832013386F8083227B0BDE8F0835D
:10E0200002A821F047FB011E324F04DBC8B20DF0FD
:10E03000B1F80146386030481EF03BF94BF68032AB
:10E040002E4B396842F2107013F086FBDFF8CC805B
:10E050003968C8F800004BF6803242F21070284B45
:10E0600013F07AFB9DF80A10C8F80400062901D0C5
:10E070002448CAE74FF4827303FB0565204629460E
:10E080000DF088F9014608B11F48BEE701A9012239
:10E0900002A821F02FFB014660B901991B481EF030
:10E0A00008F91B492A46204621F0ECFC014618B12C
:10E0B0001848AAE71848A8E704462F464FF0010978
:10E0C000DFF85C803B68E340DB0704F101040AD51C
:10E0D0002B7B1BB9019B85F80C902B612146404698
:10E0E0002A691EF0E6F81F2C05F10805EAD18EE733
:10E0F00073200500706300209A200500E86300206B
:10E1000050870020B9200500D82005000121050016
:10E1100025E10100572105002D210500B8AA0020A6
:10E120008421050030B5A5B00C466946054621F0AE
:10E13000E2FC014628B10C481EF0BBF8012025B0D6
:10E1400030BD29780122013104EBC101684621F07C
:10E15000D1FA014608B10548EEE72B7804EBC30479
:10E1600001232371EAE700BFAA210500D921050098
:10E17000F8B513480C46497A1EF09BF8002548264E
:10E18000104F94F82030E9B28B4210D80E4B0F4854
:10E190001C601EF08EF80E4B186806F0FBFC04465F
:10E1A00018B101460B481EF084F82046F8BD06FB66
:10E1B000014338465A6A1EF07CF80135E1E700BF9A
:10E1C00008220500141F0500E46300203422050026
:10E1D000CC63002056220500F7B50D461C463A4B8D
:10E1E000171E06464A7A3948394908BF19461EF0B3
:10E1F00060F8384B1D606B7A013B012B60D9002F12
:10E2000059D0002301930523ADF800304FF6FF737A
:10E210009C4223D040F2E24342F210726343B3FBCC
:10E22000F2F303EB83030A2B1BDDB3F5804F28BF0A
:10E230004FF480439BB269463046ADF8023006F099
:10E24000D3FD044678B1014623481EF032F821463A
:10E2500022481EF02EF8204603B0F0BD4FF4804354
:10E26000E9E70A23E7E71E481EF023F8BDF802603D
:10E27000F6B10A2347F6122740F2E73021465E4303
:10E280004FF47A720023C6FB0701F6F777FD0246CA
:10E290000B46144818F0ACFB13481DF044FD012157
:10E2A000287821F054FD044628B101460F48D0E7F4
:10E2B00000221346EDE70E481DF035FD0024CAE7A5
:10E2C0004FF0FF34C7E700BF792205007E2205002A
:10E2D000352E0500E4630020B4220500D522050098
:10E2E000F6220500E0060020641300200923050043
:10E2F0001C1300200A4608B5014608481DF0D9FF46
:10E300000022002306481DF012FD014620B1BDE8A1
:10E31000084004481DF0CDBF08BD00BF41230500E3
:10E320007C1300206C23050010B50C460A4B097EB7
:10E330000A4A002918BF1A46014609481DF0B9FFCC
:10E3400008481DF0F0FC237E23B9BDE810400648C4
:10E350001DF0E9BC10BD00BFC34E0500BF4E050057
:10E3600095230500AC130020A41200200246538917
:10E37000084613B1014903F097BB7047DDE5010082
:10E3800038B5154D0C462968814224D1627913486D
:10E390001DF08FFF002312482B601DF0C4FC637931
:10E3A000162B18D00F4C2368ABB10F4B1B7853B111
:10E3B0000E4B186821F05DFC014620B10C48BDE809
:10E3C00038401DF076BF2368187821F0EAFC01463A
:10E3D00008B10848F3E738BDCC630020BE23050030
:10E3E00034130020E463002029C20020E0630020F1
:10E3F00044200500E2230500F8B51A4E054633789F
:10E400000C4603F0FF075BBB084621F071FA2A4671
:10E41000014615481DF04DFF4FF40372394613486D
:10E4200024F0E1FF12492046104A21F074FA014617
:10E4300020B1BDE8F8400F481DF03BBF0E4B1B68F4
:10E440003BB94FF0FF320D4B0D48C3E900221DF0E0
:10E450006AFC012333700B48BDE8F8401DF063BC33
:10E46000F8BD00BF28C20020FF2305006461002022
:10E47000F1DF010037240500BC6300205C6100204F
:10E480008C1200205C12002010B500240A460146C0
:10E4900007481DF00EFF074BC3E90044064822F071
:10E4A00041FA064B06481C70BDE810401DF03BBC0D
:10E4B0005C240500B8AA0020E411002029C2002035
:10E4C000BC12002070B503788AB004460E4607AD32
:10E4D000032B20D8DFE803F002191B1D1149284641
:10E4E000FEF763FF059563781E210493A3783046F9
:10E4F0000393E3780C4A02932379019363790093A1
:10E50000A3791CF0C3FA0AB070BD0849E7E70849CF
:10E51000E5E70849E3E70A212846074A1CF0B6FA6E
:10E52000E0E700BF8A240500AC2405009124050023
:10E5300098240500A22405002552050030B50D4C95
:10E540000D46236889B0834212D11FF0A6FB6946AD
:10E55000FFF7B8FF084B2A46694608481DF0A9FE98
:10E56000206807F041F90023054823601DF0DBFB1C
:10E5700009B030BDBC630020352E0500CF24050056
:10E580000413002070B50C4688B005461FF085FBCB
:10E590006946FFF797FF0C4E4CB10C4B224669467B
:10E5A0000B481DF086FE0023336008B070BD69463D
:10E5B00008481DF07EFE28461FF085FA30600648A8
:10E5C0001DF0B1FBF1E700BFBC630020352E050054
:10E5D000F324050012250500EC120020F0B50378A5
:10E5E0000546162B0C468BB002D001200BB0F0BDB7
:10E5F0004378042BF9D94168022201A81EF08FFD4F
:10E600000028F2D000238DF8083041F6520302A909
:10E6100001A8ADF80A301EF054FD0028E5D16B6862
:10E62000214D1A795B8843EA0243AB42DDD1206871
:10E6300002A9FFF747FF237929461C4802AA1DF0CB
:10E6400038FE1B4B1B687BB11A4B1E684EB307226A
:10E650002068711C24F056FD18BB2279337A9A4247
:10E660001FD1F368AB421CD12346134E04F11007AF
:10E67000324618685968083303C2BB421646F7D1C0
:10E6800022680E4B11680E48196091889980927922
:10E6900005499A710B4B1D601DF00BFE0A481DF0D9
:10E6A00042FB0020A2E700BF5634120021250500DE
:10E6B000BC630020E4630020D06300202AC2002055
:10E6C0005E250500C8630020D41200200A4608B564
:10E6D000014609481DF0EDFD0022002307481DF00A
:10E6E00026FB014610B106481DF0E3FDBDE80840D9
:10E6F000002104481DF01DBB812505009413002056
:10E70000A7250500644F040008B5014605481DF023
:10E71000D0FD05481DF007FBBDE808400121034876
:10E720001DF007BBCE25050094130020644F0400A4
:10E73000F8B5124E044633680D4683420CD0104B98
:10E740001F68D7B107222868791C24F0DBFCA0B928
:10E750002A793B7A9A4210D10A4B21461A680A4814
:10E760001DF0A7FD336803B93460084822F0B9FAF8
:10E77000BDE8F84006481DF0D6BAF8BDCC630020CD
:10E78000E4630020C8630020E1250500E0060020C6
:10E790004C1300201FB53023CDE9011001A9074813
:10E7A000ADF80C3011F0FCFF054B0146984202D049
:10E7B00004481CF039F905B05DF804FBC4090020D9
:10E7C0000000AD0B20260500012910B527D14468B3
:10E7D000134B9C4211D1C022214612481EF044F92D
:10E7E000C02804D0C0220021204624F0FCFD0E49A0
:10E7F0000B48BDE81040FFF7CDBF0C4B9C420ED13B
:10E80000C022214607481EF02FF9C02804D0C0229C
:10E810000021204624F0E7FD05490448E9E710BD42
:10E8200032C100208C090020B2BF002072C000203D
:10E83000F2BE00201FB53023CDE90110002201A94E
:10E840000748ADF80C3011F037FF064B01469842EF
:10E8500002D005481CF0E8F805B05DF804FB00BFE5
:10E86000C40900200000AD0B4026050007B50021BB
:10E8700001AA144821F078FC021E07DB019B124A12
:10E88000197918680FF000FA024630B111460F48A6
:10E8900003B05DF804EB1CF0C7B80121DD2002F0E5
:10E8A0001FFBDD2002F0FAFA09490A4A0A4811F072
:10E8B0003FFE0A4B0146984201D00948E8E703B001
:10E8C0005DF804FB384F040000D00D5059260500B8
:10E8D000A0090020C9E70100C40900200000AD0B19
:10E8E0007C2605007FB504468DF8012002220D46E6
:10E8F0000068A3888DF80010CDF804D002928DF83E
:10E900000C209DF80C20816842F002028DF80C204A
:10E910008E68012201A9B04720B12A46A188024889
:10E920001CF082F804B070BD9A26050038B5044684
:10E93000002930D0C20713D5174D18482978053162
:10E9400049B201EAE17129701DF0B3FC41212A7836
:10E950001348FFF7C7FF42212A781148FFF7C2FF8B
:10E96000A30718D56FF063030B4C0E4821780539C7
:10E9700049B29942B8BF194621701DF09AFC22781D
:10E9800041210748FFF7AEFF22784221BDE8384019
:10E990000348FFF7A7BF38BD80100020CF26050031
:10E9A000304F0400ED26050010B55F4C204621F0E5
:10E9B000FCFE216820B9BDE810405C481CF034B86A
:10E9C0005B481CF031F800225A481146FFF78AFFD5
:10E9D000012258481146FFF785FF002140F2391007
:10E9E00018F046FB032204215248FFF77BFF112257
:10E9F00005215048FFF776FF052206214D48FFF715
:10EA000071FF0E2207214B48FFF76CFFB02208214F
:10EA10004848FFF767FF912205214648FFF762FF4C
:10EA2000002140F2D51018F023FB87220B2141482A
:10EA3000FFF758FF82220C213E48FFF753FF0022C8
:10EA40000D213C48FFF74EFF80220E213948FFF789
:10EA500049FF0C221B213748FFF744FF84221E2167
:10EA60003448FFF73FFF01221D213248FFF73AFFEC
:10EA700001223C212F48FFF735FF002274212D4849
:10EA8000FFF730FF012200212A48FFF72BFF002269
:10EA90001F212848FFF726FF3E2221212548FFF7A6
:10EAA00021FF442223212348FFF71CFF8022242139
:10EAB0002048FFF717FF802225211E48FFF712FF8D
:10EAC000062228211B48FFF70DFF0622292119489D
:10EAD000FFF708FFC0221F211648FFF703FF0021A0
:10EAE00042F29F4018F0C4FA002212481146FFF784
:10EAF000F9FED4223F210F48FFF7F4FEC422412142
:10EB00000C48FFF7EFFEC42242210A48FFF7EAFE55
:10EB1000002240210748FFF7E5FEBDE81040002233
:10EB200004481146FFF7DEBE8C3704000B270500B2
:10EB300025270500304F0400064B1A68904205D087
:10EB40005B68984204D10120C0B270470020FBE707
:10EB5000FF207047C063002070B506461446534A34
:10EB6000ADF6981D13680D4601331360002140F285
:10EB7000071202A824F037FC3046FFF7DDFF0146FC
:10EB800070BB40F2071286A824F02DFC2B68228A65
:10EB900086938DF8222212B1AB79DB0702D40123D0
:10EBA0008DF82132E16889A824F0F6FB002286A9BD
:10EBB00000233F4817F0A8FA014688B110F1230F4F
:10EBC0000ED03C481DF075FB0022002302A93848F6
:10EBD00017F0FAFA00220023354886A917F094FAB4
:10EBE00040F20712002144A824F0FDFB304B1B6AC1
:10EBF000012B45D90023002244A92D4886AE17F0E9
:10EC0000E3FA4FF4F0620021304624F0ECFB2A4A8C
:10EC10009189938814695B1A9BB2E41A274BA2B2BC
:10EC20001988914218D014461A8064234FF4345541
:10EC30005C43B4FBF5F5224829461DF03AFB214B15
:10EC40009C4220DC0E2207211F48FFF74BFEDA22F0
:10EC500008211D48FFF746FE1C4B18689DF8193126
:10EC600013B3002102239DF81A21CDE9006300238C
:10EC700012F0F0FE4FF4F06231460F481DF0D4FE62
:10EC80000DF6981D70BD283DADB20F2D4FF00E0250
:10EC90004FF007010C4803D8FFF724FEB022D7E756
:10ECA000FFF720FE8622D3E747A9DBE75861002063
:10ECB000E41100203B2705008C090020F0BE002055
:10ECC00080210500FFE80700304F0400B8AA0020AB
:10ECD0002DE9F043A84889B01DF03FF8A7481DF082
:10ECE0003CF800200EF09CFB18B9A5481BF0AEFEC6
:10ECF0000CE0002305930793012304A906931DF05C
:10ED0000C0FD011E24DA9F481BF08EFE00219B48A7
:10ED10001DF00FF8002147F6122018F0A9F9012183
:10ED200096481DF006F840F201130020ADF81030AF
:10ED300004F042F80446B8B1014693481DF0B9FA10
:10ED4000214692481DF0B5FA002009B0BDE8F083D5
:10ED5000069B9C07FCD1079909B18D48D4E7012295
:10ED60008C4B8D489A60C1E78C481DF0A2FA04A82C
:10ED70000CF08CF8044610B101468948DEE701200A
:10ED800088490CF0F1F8044610B101468648D5E7F1
:10ED900086480DF075FF044610B101468448CDE762
:10EDA00084480CF0FDFF844C844806F005F8844D3F
:10EDB000844805F0BBFE204683492C6020F0D7FB39
:10EDC00004F124008049686020F0D1FBFFF7ECFDDE
:10EDD000FFF74CFD7D497E48FFF72CFD7D497E48BD
:10EDE000FFF7D8FC7D480FF087FA7D4F7D4D00245A
:10EDF00038461DF05EFA7C4B4FF403721C607B4B6F
:10EE000021461C707A4B7B481C7024F0ECFA1022CF
:10EE100021467948C5E9004424F0E5FA102221464C
:10EE2000764824F0E0FA4FF0FF33754EDFF82C926D
:10EE3000DFF82C823068C9F80040C8F80030C9F803
:10EE4000034058B120F02DFF044630B101466D4813
:10EE50001DF02FFA21466C4874E730606B4C206837
:10EE600018B105F097FE0023236069481CF05DFF90
:10EE700068481CF05AFF68481CF057FF67481CF0B0
:10EE800054FF67481CF051FF66481CF04EFF66486F
:10EE90001CF04BFF65481CF048FF65481CF045FF1F
:10EEA00064481CF042FF64481DF003FA634A01AB5A
:10EEB0001068516803C390680021186001A805F02C
:10EEC000C7FD014620B110F1780F01D05C4839E749
:10EED0005C481DF0EEF900235B4A4D481CF027FF0B
:10EEE00018B15A481DF0E5F981E705F001FE014629
:10EEF00018B157481DF0DDF979E75648D8F80010E9
:10EF00001DF0D7F999F80630B9F804208DF81630BD
:10EF100004230693394BADF814201A795B898DF8D8
:10EF200017200522ADF81C204FF6FF72D9F800001B
:10EF3000934204901BD040F2E242534342F21072DB
:10EF4000B3FBF2F303EB83030A2B13DDB3F5804F1E
:10EF500028BF4FF480439BB22C4904A8ADF81E3063
:10EF600005F060FE014600287CD03B48C2E74FF424
:10EF70008043F1E70A23EFE7644F04005C4F04008D
:10EF80004D2705006D270500B827050061280500FD
:10EF90008727050000E01050A7270500DA270500A5
:10EFA000F12705003809002013280500400900203A
:10EFB000382805006409002074630020100900202F
:10EFC000C06300202C09002078090020B2BF002077
:10EFD00032C10020F2BE002072C000202DE90100E5
:10EFE000772805005C610020E463002029C200202E
:10EFF00028C200206461002018C20020D0630020D5
:10F00000E06300207E280500A7280500CC630020CF
:10F01000D41200204C1300205C120020AC130020FE
:10F0200034130020A41200208C1200207C13002036
:10F0300094130020BC120020C8280500B44A040024
:10F04000E8280500182905005A6202003129050048
:10F050005D29050088290500C12905002AC2002074
:10F06000C86300205A481DF024F90023594A5A4821
:10F070001CF05DFE08B1594834E759481DF019F9F4
:10F08000D8F80010574A20680CF0B6FE014608B1C7
:10F0900055482FE755481DF00CF900234D4A5448B8
:10F0A0001CF045FE08B153481CE753481DF001F918
:10F0B0000023484A51481CF03AFE08B1504811E775
:10F0C00050481DF0F6F80023424A4F481CF02FFE2E
:10F0D00008B14E4806E74E481DF0EBF800233D4AC4
:10F0E0004C481CF024FE00284DD1D5E90042002CEC
:10F0F00032D04949601C0B6823D01C402AB1531CF4
:10F100003CD0D1F804311A40144334B300231A46DA
:10F1100024FA03F1C90748BF013203F1010348BFD4
:10F12000D2B21F2BF4D121463C481DF0C2F8214633
:10F130003B4B3C4A30680CF0DDFE014628B33A48B0
:10F1400000E662B94BB15A4202EA030493431EBF80
:10F150005A4213401C43D8E742B93448C2E6541C13
:10F160000BD0D1F804110A401343EBE7501C05D033
:10F17000294BD3F804411440C7E71C46264BD3F86B
:10F1800004312343DEE72A48ACE62A481DF091F813
:10F190000023104A28481CF0CAFD08B12748A1E600
:10F1A00027481DF086F84FF0FF324FF0FF33254817
:10F1B0001CF0BDFD24481DF07CF80023054A2348BF
:10F1C0001CF0B5FD00283FF412AE21488AE600BFCE
:10F1D000F42905005A6202004C1300200B2A050096
:10F1E0002F2A0500E0630020642A0500892A050013
:10F1F0005C120020B32A0500DB2A0500AC130020B6
:10F20000002B0500232B0500A41200203F2B050036
:10F21000712B05008C12002064610020E02B05009A
:10F2200018C20020C06300201F2C0500BC2B050065
:10F230008F2B0500472C050074120020662C05005A
:10F240008B2C050034130020A82C0500BC120020D4
:10F25000C22C05002DE9F04F91B0009302F0040399
:10F260000293C2F3C2030133840705460E46DDF85C
:10F2700068800392059340F0BB81041D30B10729DB
:10F2800009D86FF01B0011B0BDE8F08F01F0070640
:10F290003444C6F10806009B4FF000094FF0040A01
:10F2A000591E4FF0FF334F460193CB465346CDF8DE
:10F2B00010900DB1009820600598002800F3E880B8
:10F2C0009848009A824203D397488242C0F0E08077
:10F2D000039AA4EB050E92074FEA9E0000F103810A
:10F2E0000F2F00F2B180002D00F0058107F14002E0
:10F2F0000DEB020C019A0CF8200C0CF8102C049861
:10F3000001300490E7E07A285DD84B280ED84728D2
:10F3100059D829282DD8252852D054D820287AD039
:10F320002338D0F1000B4BEB000B74E04C382E2847
:10F3300049D8DFE800F070484848484848484848FD
:10F3400048484B484848484848484859484B4B5912
:10F350005959704B6D487048184B184848827F4B7C
:10F3600048484B487F0000204FF0000B4FF0040A44
:10F3700038E001222A38C0B202FA00F010EA0E0F7B
:10F3800049D110F0625C2FD110EA020B43D06046E5
:10F39000013C5444B4FBFAF40AFB04F4002D61D0A0
:10F3A000A3EB050CA444B4453FF66BAF002868D12D
:10F3B000042B47D158F8043B2360042304342AE08B
:10F3C000019A013A01924FF0000B24E011F8010C70
:10F3D0006C2834D1002011F8023C83466C2BC5D137
:10F3E0004FF0080A5346D3E708F1070828F007084A
:10F3F000073424F00704F8E802AB35B1069820443E
:10F40000B0423FF63EAFC4E900AB4FF0000B08340A
:10F410004FF0080A534611F8010F002878D0BBF1CD
:10F42000000F7FF470AF2528F5D14FF0010B019B41
:10F43000013301934FF0040AECE7584694E70020AB
:10F440008346A5E7082B02D06FF015001BE708F1F3
:10F45000070828F00708B8EC027B84ED007B08233E
:10F460000834D8E768B9042B02D108F10408A4E7EE
:10F47000082BE9D108F1070828F0070808F1080867
:10F48000EDE705980138059058F8040B009010E757
:10F49000039A900720D54FF0010CA4EB050E4FEA1C
:10F4A0009E00BEF5007FCFD20F2FCDD8F5B107F16A
:10F4B00040020DEB020E019AC0B20EF8200C0EF8BD
:10F4C000102CBCF1000F3FF41AAF60F07F000EF873
:10F4D000200C09F101090137C5F108024FF6DA7E67
:10F4E0000434069297E74FF0000CDAE7BCF1000F06
:10F4F00001D00136EFE7029A0236002AEBD10098DC
:10F50000CDE90631FDF759FFDDE906310644E2E7B2
:10F51000631BB3F5806F97D245B9A6F10804E018D4
:10F52000B1E600BF9C35040014600500029A9B08F8
:10F5300028602B709DF81030C2B1EB7085F80290F6
:10F54000B9F1000F05D0002208A8C5F1010C9742BF
:10F550000ED14FF0000AC5F101030DF1200801930F
:10F560000DF1300B574512D1601B8CE66B70E5E74F
:10F5700010F8013B190608D50CEB040EB64503F054
:10F580007F033FF67EAE04F8013B0132DFE7B9F1BD
:10F59000000F03D098F90020002A17DB029BD3B19B
:10F5A0001AF80B2004F8012B0022019B18191044B3
:10F5B000B0423FF666AE98F80000009904F8010BDF
:10F5C0002046039223F0E8FE039A14440AF1010A4C
:10F5D00008F10108C6E798F8002055F8223000939A
:10F5E000029B009845F82230FDF7E7FE421CDCE75D
:10F5F0006FF00D0047E600BF2DE9F04F97B000AF68
:10F60000D7F880B03B62CBF3C0030446894690F83C
:10F6100002A0FA62BB6141B9457800780AEB80002C
:10F6200020444D4517D8A0EB0409E378FB61BAF1FB
:10F63000000F02D01BF0010F16D1FB6953BBFB6A10
:10F640001BB1494620463A6A98474D4628465C37E2
:10F65000BD46BDE8F08F461C3046FDF7AEFE0130DA
:10F66000304409F10109DCE7626823787A62FA6ABA
:10F670009900796104EB8301002A40F001810E4674
:10F680004FF000084D4601EB0A094E454CD101EB05
:10F690000A0610E01BF0020FD1D023789A007A619D
:10F6A000626804EB83017A62FA6A002A77D14D46D8
:10F6B000904601EB0A061BF0050F0CBF0223012345
:10F6C000FB62FB6906EB430A0BF00203BB62564583
:10F6D000BCD016F8021B16F8013C54F82390994B45
:10F6E000994502D3984B994536D3BB69002B40D03E
:10F6F000786A1CF0B5FD00283BD0E9468AB06A461E
:10F70000924B53617B6AC2E906314FF40073138454
:10F710008F4B42F8103F00234FF412518D4800F0F8
:10F7200019FD023DCD46D2E716F8013BF96254F8C7
:10F730002300FDF742FED7F88430F96A01304BB15F
:10F74000D7F8883098453EBFD7F8843023F81800A2
:10F7500008F10108054498E7BB6923B1786A1CF0F9
:10F760007FFD0028C9D11BF0010F05D1FB6AED1AFE
:10F77000ADE7BB6A002BAAD04846FDF71EFED7F8BE
:10F78000843053B1D7F8883098453FBFD7F88420EC
:10F79000431C22F8183008F10108054497E7BAF134
:10F7A000000F73D01BF0040673D0D046002607F17B
:10F7B000480052463B61B96223F0EEFDB96A3B69ED
:10F7C00001EB0A02BA62FA69F9695200FA60BA6A90
:10F7D00002EB41023A610BF00202BA603A69B96A7F
:10F7E0008A4258D162781BF0020F18BF00217A625A
:10F7F00008BF4FEA5801B2181BF0010FD2B240F017
:10F800009F801BF0040F14BF40460020BB61627054
:10F81000A070E17020463A6A7969FB6A9847051E34
:10F82000FFF614AFBB69414623707B6A3A6A637086
:10F83000FB6984F802A0E37007F14800FB6A98476F
:10F84000B0F10008C0F2BA807B69A9EB0A01C91ABD
:10F85000FB683A6AC91AD7E90A0398470028C0F238
:10F86000AF804FF0000BA84408EB000507F1380A01
:10F87000B34571D300213A6A0846FB6A9847E5E62A
:10F8800056464FF0000807F1380092E75646D0463A
:10F8900096E7B04694E7BA6A12F8021B12F8015CC8
:10F8A000BA6254F82500274A904202D3264A904271
:10F8B0001ED3BA6932B1786A7B601CF0D1FC7B68D8
:10F8C00000288BD1BA6802BB08F1280207F1300C7E
:10F8D00008F10100944407F1580208F1020852FAB5
:10F8E00080F00CF8101C5FFA88F800F8105C75E7DF
:10F8F000BA693AB1786A7B601CF0B2FC7B68002878
:10F900007FF46CAF1BF0010F09D006F1280207F15C
:10F910003000711C161806F8205CCEB25EE71BF0B2
:10F92000040F3FF45BAF08F1280207F1300008F143
:10F93000010102EB000808F8105C5FFA81F84DE75E
:10F94000002063E79C35040014600500F32C0500DB
:10F95000040000012C4204001BF80A3054F82390E4
:10F9600087F83730D7F884302BB3D7F888309B45E9
:10F9700021D2D7F8843033F81B8001213A6AFB6A20
:10F9800007F13700984700281ADB0544B8F1000F4B
:10F9900006D14846FDF711FD00F101081FFA88F86D
:10F9A000414648463A6AFB6A9847002808DB054406
:10F9B0000BF1010B5CE74FF00008DEE7454645E63A
:10F9C000054643E6014B1860704700BFCC09002094
:10F9D00080B505460E461746984617F09BFB034632
:10F9E00023F0D2FD0446DFF81890424649F8003073
:10F9F00039463046A84754F8090001F0D5F900BF50
:10FA0000080000002DE9F047058B044628079046C2
:10FA100011D4022905F0070540F0CC8020461CF0E7
:10FA2000CDFE78B10138218B042811D8DFE800F031
:10FA3000C2106D85950001290CBF45F0100545F0F9
:10FA40002005258388F31188BFF36F8FBDE8F08709
:10FA500001F0070AAA4500F0A5800027B9463E46F6
:10FA6000A368002B00F0BC8041F00801218388F3DB
:10FA70001188BFF36F8FA168002900F0BA800D686C
:10FA8000002900F0B680334652462046D1F8048063
:10FA9000C047002D76D02B6829461D46F0E701F0BF
:10FAA00007035A1F012A1BD8002221F00701062B49
:10FAB000276889B2C4E9002209D13B4603E0628B82
:10FAC000013262831B68002BF9D141F0020120460C
:10FAD00021831CF073FE00287AD041F0200176E0EB
:10FAE000042B0AD121F0070189B2204621831CF0A2
:10FAF00065FE10B141F020012183218B01F0070A3E
:10FB0000AA454FD00027B946AAE7236921F007018B
:10FB100041F00601062DD3F8009021832DD1B9F1D3
:10FB2000000F3FD041F00801218388F31188BFF313
:10FB30006F8F20463949C84729E021F00701236922
:10FB400041F0040189B2042DD3F804902183E6D05A
:10FB500000274FF0040A3E4682E721F0070123699F
:10FB600041F0050189B2052DD3F808902183D6D044
:10FB700000274FF0050A3E4672E700274FF0060ABD
:10FB80003E466DE72B4687E7B9F1000FD1D1EFF381
:10FB90001188402383F31288BFF36F8F238B23F0E8
:10FBA00008032383258BEA062ED525F01003238333
:10FBB00005F007056669218B002EBFF670AF0023A4
:10FBC0002768C4E9003321F0070141F001012183D6
:10FBD000218B4FF0000901F0070AAA457FF440AFDE
:10FBE000002F9CD041F00801218388F31188BFF3D6
:10FBF0006F8F002FC8D03D683946334652462046A5
:10FC00001CF008FE2F46F4E7AB067FF51BAF25F08E
:10FC10002003238305F0070500E700BF41C8030068
:10FC20002DE9F047044607464FF00109DFF8508000
:10FC300014B93846BDE8F08794FAA4F5B5FA85F50D
:10FC400009FA05F32E0108EB05156FEA030A24EA09
:10FC500003042B7B002BEBD058F806301B694BB903
:10FC60004644736804222846196807EA0A071CF00C
:10FC70004EFFDDE7284698470028D9D1F0E700BFBE
:10FC8000BC42040030B5002289B00F490F4821F072
:10FC900001FA002200230024CDE906230E230C4D97
:10FCA000CDE903344FF440722846CDE90144094BB5
:10FCB0000949009416F03CFF0849284616F0D6FE84
:10FCC000204609B030BD00BFE1FC0100982C0020A7
:10FCD00098270020F9FF0100A0C80020A72D0500EB
:10FCE000014816F0CFBB00BF141200202DE9F047E9
:10FCF000804621480F461CF0EEFE0646002833D011
:10FD000000252846BDE8F087237B83B12368DB68A4
:10FD10000BB120469847636883F8069023681B69F7
:10FD2000D3B963680422204619681CF0F0FE01363E
:10FD300010345445E8D3B8F1000FE2D0002DDFD0E5
:10FD40002846FFF76DFF0546002FF7D0002140F24F
:10FD5000391017F08DF9F1E7204698470028E0D0D8
:10FD600009FA06F31D43E2E705464FF00109034C8B
:10FD7000DFF80CA0DDE700BFD0AA0020BC420400E1
:10FD8000CC420400014B53F820007047804F040020
:10FD900008B5034608462BB1044A136000F072FC14
:10FDA000002008BD6FF01500FBE700BFD009002060
:10FDB00010B5044C237813B9034816F063FB0123F4
:10FDC000237010BD31C200201412002010B504466B
:10FDD00009481CF080FE3CB1084BD3E8EF1F013905
:10FDE000C3E8E21F002AF8D1054821F05FF9BDE819
:10FDF0001040044816F046BBC8AA0020CCAA002038
:10FE0000982C00201412002000200146034BD3E858
:10FE1000EF0FC3E8E21F002AF9D17047C8AA0020FB
:10FE200070B5FFF7F1FF0546074C084EB44200D30A
:10FE300070BD63685B792BB123685B6813B1294699
:10FE4000204698471034F1E7BC420400CC4204003D
:10FE500010B5044C044920461CF049FB034B1C60C0
:10FE600010BD00BF981000206C4F0400C0AA0020F5
:10FE700000230D4A10B513700C4A0D4913600D4A4A
:10FE80000D481360FFF784FFFFF7E2FF0B4B0C49AF
:10FE900018468B4200D310BD1A1A5C681211013249
:10FEA00022711033F5E700BF32C20020C8AA00203B
:10FEB00040420F00CCAA0020D3CA0300BC42040079
:10FEC000CC42040001460022002301481CF030BB54
:10FED0009810002001481CF0C9BB00BF98100020FA
:10FEE000024B014618681CF015BC00BFC0AA0020D8
:10FEF00001481CF04ABC00BF9810002070B5274B89
:10FF00001878002849D0FFF7E5FF0546002841D1C1
:10FF1000234B244C1B68002B19DD21F074F84FF49F
:10FF20007A75A0FB050647F61222002305FB016146
:10FF3000F4F724FFD4E90032C01A40F2E93361EB50
:10FF40000201984271F1000101D3FFF769FFD4E982
:10FF5000003213F57A7342F10002C4E90032BDE8C1
:10FF60007040FFF7C5BF63685B7923B123682946FA
:10FF700020461B6898471034B442F4D32846FFF754
:10FF8000AFFF094BD3E8EF1F0139C3E8E21F002A96
:10FF9000BED0F7E7054C064EEEE770BD31C200203B
:10FFA000C8AA0020902C0020CCAA0020BC4204004B
:10FFB000CC42040070B50D4D297861B90120FFF7DE
:10FFC00095FE0B4C0B4EB44206D3FFF797FF00286B
:10FFD000FBD101232B7070BD63685B791BB1236873
:10FFE00020469B6898471034EDE700BF32C20020DE
:10FFF000BC420400CC42040000212DE9F047084631
:020000040002F8
:10000000FFF774FE044658B340F21B684FF0000936
:1000100023F0BAFA1B4B1C4A1B58136033B11B4B1D
:100020001B68092B02DD1A4816F02CFA0025194F1F
:10003000DFF85CA044B12046FFF7F2FD044618B992
:100040004FF0FF384FF0FF39FFF758FF064628B949
:10005000B5B942464B46504616F04EFA3546E9E7EA
:100060004FF0FF384FF0FF39D2E72B689B691BB187
:1000700000222846114698471035BD42F5D3E8E7DF
:10008000054DFAE708000000C4AA0020CCAA002011
:1000900014120020CC420400BC42040013B51848DE
:1000A0001CF019FD174B1B7873B1EFF3118440233B
:1000B00083F31288BFF36F8FFFF720FF84F311885B
:1000C000BFF36F8F02B010BD0F4B1B68002BF9D030
:1000D00050B9002200230D48CDE9002347F6122233
:1000E000002317F011FBEDE70928EBD1074820F0BA
:1000F000DDFF074802B0BDE8104016F0C3B900BFED
:10010000CCAA002032C20020C4AA0020982C0020D3
:100110001412002010B5064B04461B689847214670
:10012000A06004481CF083FABDE81040FFF7B6BF9A
:10013000D009002098100020044A054B9B1AB1EB0F
:10014000D30F34BF52F831000020704754410400EF
:10015000BC4204002DE9F04F8FB0C1F34A2804AF30
:100160000D469146B8607B600C0DB8F1000F63D06E
:1001700000264FF0040B4FF00A0A07F11403C7F8EA
:100180000C80C7E907667E620193CDF808B0CDF810
:1001900000A007F11C0332464846F968FFF72CFA25
:1001A000B0F5006F03461CD36C468AB0D9F8041032
:1001B00004AB26481A46C3E9050140F2FF71D96134
:1001C0004FF400711984224B42F8103F4FF4125142
:1001D00033462048FFF7BEFFA5462C37BD46BDE895
:1001E000F08FC0F30A0804F11700184420F007004C
:1001F00080083B60FFF766FE68F35325044690B124
:100200003B6800F11001C7E9083607F11403F961F2
:10021000CDE900A3CDF808B048460F4AF96807F1C8
:100220001C03FFF7E9F968F353252A4620467B684B
:10023000B9681CF08BFCD0E704F1170020F0070030
:100240008008FFF73FFE0446EDE700BFBC2D050028
:10025000040000015C42040021CB03002DE9F04FB3
:1002600087B00446DDE9105ADDE9127993469846D5
:100270000391BFB13B46524610210020CDF80090BB
:10028000CDF81490FEF7E6FFB0F5006F06460AD3EE
:1002900040F2FF730221174A174807B0BDE8F04F3C
:1002A0001CF0ADBC3E4605F11700304420F00700BD
:1002B0008008FFF707FE04F007040BF0070BE400CB
:1002C00044EA8B1444EA462444EA0554054640B106
:1002D0003FB13B4652463146CDF800901030FEF714
:1002E000B9FF434622462846039907B0BDE8F04FC0
:1002F0001CF02CBCFB2D05005C420400406820B1C2
:10030000034BC01A40F3CF0070474FF0FF307047E7
:10031000544104000EB403B503AB53F8042B01465B
:100320000448019301F0D2F802B05DF804EB03B089
:10033000704700BF61CC0300CA0605D48B064CBFD2
:1003400002490349FFF7E6BF704700BF342E05009E
:10035000332E05002DE9F04F8BB09B46169B9DF880
:1003600054A00693179B04460593189B0D46904690
:10037000199E0493BAF1000F00F09E8006F001036D
:10038000089306F00803079306F4807309931CF0A2
:10039000BCFB06F00209024600283BD020468F49EC
:1003A000FFF7B8FF0746B9F1000F08D016F0440F69
:1003B00032D12A4620468A49FFF7ACFF0744089B02
:1003C00053B1884B204653F82A20874B8749002A8F
:1003D00008BF1A46FFF79EFF099B002B48D0079BDA
:1003E000002B62D1B8F1000F64D04246204680490C
:1003F000FFF790FF0546069B3D44002B6BD1049B05
:10040000002B71D1F30700F1E28031462046FFF75F
:1004100093FFD6E00746C6E7764B18680028CDD094
:10042000754B4FF47A791B684FF03C0CB5FBF3F534
:10043000B5FBF0F14FF4616300FB115509FB05F5C5
:10044000B1FBF3F2B5FBF0FE03FB121100FB1E55EE
:10045000B1FBFCF309FB05F5B5FBF0F50CFB131143
:1004600020460091CDE901E56449FFF753FFA5E778
:10047000079BEBB1624B204653F82A206149FFF7F6
:1004800049FF0546B8F1000F05D0424620465849BD
:10049000FFF740FF0544BBF1000FACD05A462046A1
:1004A0005949FFF737FF0544A5E74FF0000BE1E797
:1004B000079DE7E745469EE7BBF1010F069B06D186
:1004C000002B64D1049B002B7BD000250CE0002B7B
:1004D000F8D04E485CE04E48069B22464D491BF042
:1004E0008EFE049B002B68D0DFF83881DFF838914E
:1004F000049F3146102F204628BF10274FF0000BD5
:10050000FFF71AFF5D4545DC059B494620461A78F2
:10051000FFF700FF4FF0010B1BF0070F03D141461F
:100520002046FFF7F7FE5F453BD9059B494620462D
:1005300013F80B20FFF7EEFE0BF1010BBBF1100FD0
:10054000EAD14FF0000B20463349FFF7E3FE5A464D
:10055000059B20469A5CA2F120015F2928BF2E222C
:100560002E49FFF7D7FE0BF1010BBBF1100F1DD089
:100570001BF0070F03D141462046FFF7CBFE5F4536
:100580005A46E5D841462046FFF7C4FEEBE720482F
:100590005546A1E741462046FFF7BCFE0BF1010B93
:1005A000B0E720461E49FFF7B5FEC5E7059B3B4473
:1005B0000593049BDB1B04939AD1BAF1000F7FF4DF
:1005C00021AF20460BB0BDE8F04F1CF03CBB2046ED
:1005D000054A0649FFF79EFE17E700BF3B2E0500C0
:1005E0003F2E0500904F0400362E0500453F0500C4
:1005F000642E0500D8AA0020D4AA0020482E0500A9
:10060000A44F0400682E05006E2E05008FCC030059
:1006100061CC0300CD1402007D2E05007F2E050065
:10062000792E05007B2E0500732E050042F20F7314
:1006300073B58B4228BF0B46056804460521684602
:100640000D4A1AF023FA0646636828460B225B68B7
:100650000A491CF0EAFA63683246694628465B6834
:100660001CF0E3FA63681B2228465B6804491CF00F
:10067000DCFA02B070BD00BF985D05009E2E05003B
:10068000822E050000210123064A904206D8064A20
:1006900001B901231360054B186070470121400820
:1006A0005B00F2E740420F00D4AA0020D8AA002045
:1006B000F8B50D460446064F4618B44201D1284607
:1006C000F8BD14F8011BBB6801485B689847F4E764
:1006D0004C370400014B036000207047EC4F0400CE
:1006E00008B504481BF0E5FDBDE8084002481BF0D2
:1006F000E0BD00BFE42E0500192F05002DE9F84FDD
:1007000080460C4600AF002965D0D1E90012E946C9
:100710008AB0A3686D464FF0050A2E463748C5E9F2
:100720000723C5E9050146F810AF002332464FF410
:1007300021513348FFF70EFDD4E90312CD4663691A
:10074000AD463048C5E90723C5E90501C5F810A045
:10075000002332464FF421512948FFF7FBFCCD46D8
:10076000E3690121284A26481CF049FA264600255B
:100770004FF00A0ADFF8A0B0E946D6E908E0D6E96A
:100780000A138EB06A46C2F81CE005F1010EC2E9F8
:1007900008E0A81CC2E90A01E91CC2E905B5C2E9E2
:1007A0000C1342F810AF002345F240011448043501
:1007B000FFF7D0FC102DCD4606F11006DCD1236EDC
:1007C0000121124A0E481CF01AFAA3690121104AAD
:1007D0000B481CF014FAB8F1010F07D1EFF30583B1
:1007E0000C4A41460648103B1CF009FA2146404697
:1007F00015F09CFABD46BDE8F88F00BF472F0500F5
:100800009C420400762F0500A52F0500F72F050058
:100810000630050034300500B42F050030BFFFF767
:10082000FDBF00BF2DE9F04105460B4EDFF83080DB
:10083000324606EB0807CC1B2046084922F0ACFDE7
:10084000A01942460021083C22F0CDFDC5F8A44085
:1008500007F10800BDE8F08100000000CC42040070
:1008600004000000054B9A699B689A421FBF044A26
:10087000536843F080535360704700BF0CB80020AA
:1008800000ED00E070B52A4C06460D4629482A497D
:100890001CF084FAA36ADB0647D5264827491CF0DA
:1008A0007DFA1120A36A1C0704D5224824491CF0B4
:1008B00075FA12201E4CA36A990712D521491D48CA
:1008C0001CF06CFA636BA26A120609D501211E4A5C
:1008D00018481CF094F91EB1A36A23F08003A362A8
:1008E0001320134CA36ADE0704D5124817491CF0E5
:1008F00055FA1420A36A9C0604D50E4814491CF02E
:100900004DFA15200A4B9A6AD10658BF9A6A9A6A1C
:10091000920642BF5A6A22F400525A629A6A42F020
:10092000FF029A6200232B7070BD1020BAE700BF4F
:1009300000ED00E09C420400473005005D300500FA
:1009400090300500A3300500BB300500D130050014
:10095000F030050010B5244C244925481CF01EFA3F
:10096000A36A99013ED5224822491CF017FA1E209D
:10097000A36ADA0104D51E481F491CF00FFA1F2094
:10098000194CA36ADB0204D519481C491CF006FA6D
:100990000220A36A1C0304D5154819491CF0FEF96E
:1009A0002120114CA36A590304D5114815491CF0A4
:1009B000F5F92220A36A9A0304D50D4812491CF0C8
:1009C000EDF92320084CA36ADB0304D508480F493E
:1009D0001CF0E4F92420A36A6FEA03436FEA13438F
:1009E000A36210BD1D20C3E700ED00E01F3105002C
:1009F0009C420400373105004A310500643105008E
:100A00008E310500AC310500D1310500EB31050018
:100A100070B5294C06460D46284829491CF0BEF9F8
:100A2000A36AD9043CD5254826491CF0B7F91720FC
:100A3000A36A1A0504D5214823491CF0AFF91820F0
:100A40001D4CA36A9B0512D51C4820491CF0A6F931
:100A5000A36BA26A100409D501211D4A17481CF096
:100A6000CEF81EB1A36A23F40043A3621920124CEE
:100A7000A36A590504D5114816491CF08FF91A20AC
:100A8000A36ADA050ED50D4813491CF087F91B201F
:100A9000094A936A43F47F43936200232B7070BD2D
:100AA0001620C5E7A36A9B04F2D504480B491CF045
:100AB00075F91C20ECE700BF00ED00E09C4204004B
:100AC000163205002C320500903005003D3205003D
:100AD000563205006B32050086320500F030050005
:100AE0002DE9F0419CB0624B0546D3F80480002606
:100AF00000AFC8F3080486F31188BFF36F8F02F0CC
:100B00007F43B3F17F4F07D102F00C03082B12D1C2
:100B1000584959481CF042F9002635460023FB711C
:100B2000E31E092B00F28380DFE803F00A797C756D
:100B300081818181817F10074CBF0D460126EDE741
:100B40004E494D481CF02AF90023494CFB71E36AD9
:100B50009A0705D54A4948481CF020F9002431E09D
:100B6000E36A002B01DA4749F5E7E36A5B00F5D554
:100B7000454941481CF012F96369AA6943F480733E
:100B80006361BFF34F8FBFF36F8F636932F8022C3D
:100B900023F480736361BFF34F8FBFF36F8F4DF604
:100BA00002739A4207D0A36ADBB23BB30120F91D5E
:100BB000FFF768FE31E02B680121344A2E481CF013
:100BC0001EF82C68FB79ABB96822294607F10800AA
:100BD00022F0E2FB7B6A002E45D0C3F3080222B963
:100BE0006FEA53236FEA43237B62204607F1080133
:100BF000FFF784FD7037BD46BDE8F081A36A13F4AA
:100C00007F4F04D00120F91DFFF702FF05E0A36A22
:100C1000B3F5803FA2D3FFF79DFE0446D2E7002044
:100C2000F91DC5E70020F91DEEE7194993E7194AB8
:100C300018F4F87FE8468AB0174B18BF13466A4687
:100C40001649103CC2E905134FF400731384144B8A
:100C5000D46142F8103F00234FF411510648FFF7CA
:100C600079FAC5467AE723F4FF7323F00103BBE763
:100C700000ED00E0CC3205009C420400F732050094
:100C80000E3305002F3305003D3305005C330500AE
:100C900078330500B33205009E3205009C33050011
:100CA00004000001064B5A6942F010025A615A6969
:100CB00042F480625A615A6922F008025A61704710
:100CC00000ED00E0EFF30880EFF3098101B5724613
:100CD000FFF706FF01BD00BF002080F31488BFF3BB
:100CE0006F8F002080F30A8880F30B880F4880F311
:100CF00008880EF031FB00200D490860BFF34F8FCC
:100D000000F02CF8402080F311880A484FF400616D
:100D1000401880F30988EFF314800221084380F320
:100D20001488BFF36F8F00F003F90000A830012092
:100D300094ED00E068070120002318460649D1F829
:100D40009020C2F30722934200DB7047C1F898302D
:100D5000C1F8A0000133F6E700ED00E010B572B66F
:100D6000002484F31388FFF7E7FF23464FF0FF309A
:100D70000C4A03F120010133102B42F82100F8D175
:100D800000234FF0FF30074A03F160010133102BBD
:100D900042F82100F8D162B6BFF34F8FBFF36F8FD7
:100DA00010BD00BF00E100E0084B9B6883420BD1FF
:100DB000EFF3058343B1064B5A6842F080525A6004
:100DC0005A6A22F400425A6216F0AAB90CB80020FE
:100DD00000ED00E025498A6882F8F1E04FF030002C
:100DE0001044EFF3098C80E8F01F1EF0100F03D1C0
:100DF00002F1B00080EC108A402080F31288BFF32B
:100E00006F8F1B4F4FF000668A698A603E60D2F890
:100E1000A400184C206092F9F1E0D2F8A800002359
:100E2000C2F8A83080F311881EF0100F03D0002301
:100E3000E1EE103A03E002F1B00090EC108AEFF31B
:100E4000148323F0040383F31488BFF36F8F02F13C
:100E5000300090E8F01F8CF3098802F1000004B51F
:100E60001BF0A4FFBDE80440704700000CB8002050
:100E700004ED00E008AB00201EF0040F0CBFEFF300
:100E80000880EFF30980816911F8021C0229FFD064
:100E900001B572461BF077FF01BD00BF00B200280C
:100EA00007DB01234109034A00F01F00834042F899
:100EB0002130704700E100E000B200280CDB012285
:100EC0000649430900F01F008240203341F82320E7
:100ED000BFF34F8FBFF36F8F704700BF00E100E09B
:100EE000D30748BF002100B258BF02310028ACBF71
:100EF00000F16040064A4FEA4113DBB2ABBF00F598
:100F0000614000F00F0080F800331354704700BFB9
:100F100014ED00E0044B054A23F07F039360BFF318
:100F20004F8FBFF36F8F70470000000000ED00E0AF
:100F300008B5FFF7EFFF104BD3F8882022F47002BA
:100F4000C3F88820D3F8882042F4A002C3F8882090
:100F50004FF04042C3F83422BFF34F8FBFF36F8F7F
:100F60000023E1EE103A14F0CDFF16F011FA00F074
:100F70007DF815F00BF800BF00ED00E042F8203CD2
:100F8000009B0D4942F81C3C019B21F0010142F8F5
:100F9000183C029B42F8081C42F8143C4FF0807346
:100FA00042F8043C0023C0F8A8304FF47D43203AB7
:100FB0000265C0F8F0307047D1F90100104B9B6812
:100FC00083421AD1EFF30580B8B9EFF311814022C3
:100FD00082F31288BFF36F8F1A7B22F002021A731A
:100FE000EFF3148323F0040383F31488BFF36F8FAC
:100FF00081F31188BFF36F8F70476FF01500704752
:101000000CB800200E461546002300B5E1EE103A5C
:10101000EFF3148323F0040383F31488BFF36F8F7B
:10102000BFF36F8F0A4BD0F8A4209860094B1A6069
:10103000D0F8943083F30B882C4686F3098800207F
:10104000054B98472046002100220023034C2047EF
:101050000CB8002008AB0020B7CD0300D1F9010087
:101060001022014B1A61704700ED00E00023402080
:1010700040F20F1210B5044CE1180133934281F88D
:101080000003F9D110BD00BF00E100E008B5EFF3A7
:101090000583064A103B02EBC30152F8330049684E
:1010A0008847BDE80840FFF7DDBB00BFAC37040050
:1010B0001FB5094C094A23460121094800F012F9DD
:1010C00000230393074B0121E41A01A80193029422
:1010D00000F012F904B010BD00F002200000002062
:1010E000EC4F04005815002010B50C7A0B6804F082
:1010F0001F0223F01F031A43CB68640923F01F0368
:10110000054943EA440343F00103C1F89800C1F8DC
:101110009C20C1F8A03010BD00ED00E010B50A4BD6
:10112000D3F89030C3F30723013B984208D901213B
:101130000346064A06481BF062FD6FF0150010BD1D
:10114000FFF7D2FFFBE700BF00ED00E0B33305007F
:101150007C4204002DE9F04F8946144606464FF0C4
:101160000008514D85B0C84527DAD6F804A0BAF179
:10117000000F44D0BAF11F0F17D91AF01F0F14D166
:10118000D6F800B01BF01F0F0FD158461BF036FEEB
:1011900007460AEB0B0001381BF030FE874210D0E7
:1011A0006FF01507414A3B4601E04346404A0121A2
:1011B00040481BF024FD6FF01504204605B0BDE843
:1011C000F08F17F1160FEDD0BC42EBDDC5F898702B
:1011D000D5F89C10C5F89870D5F8A03021F01F0103
:1011E00043F01F0BD6E900321A44994202F1FF3A4C
:1011F0001DD1D34507D13146F8B21BF008FE08F1E6
:1012000001080C36AFE73146C5F89870D5F89C3028
:1012100022F01F0203F01F031343C5F89C30E0B215
:101220001BF0F5FD10F1160FC5D0441CE7E7C5F81B
:101230009870D5F8A020013B23F01F0302F01F0295
:101240001343D3453146E0B2C5F8A030E8D01BF0D7
:10125000DEFD10F1160FAED0C5F89870D5F89C20C1
:101260009DF808300BF1FF3B62F304038DF8083062
:10127000D5F8A0309DF808205B0863F347128DF87D
:101280000820D6E900321344009323F01F035B4487
:10129000A3EB0A03013023F01F036946C0B2039396
:1012A000FFF73CFFBEE700BF00ED00E0FC330500A8
:1012B000D93305007C4204000522044BC3F8942076
:1012C000BFF34F8FBFF36F8F704700BF00ED00E09B
:1012D000BFF35F8F0022024BC3F89420704700BF1A
:1012E00000ED00E010B5034C2278FFF733FF2070CB
:1012F00010BD00BF34C200202DE9F74F294D8A46AA
:1013000006464FF00008AB46274FD0451BDAD6F80B
:101310000490B9F1000F3FD03168084601911BF0ED
:101320006DFD0199044609EB010001381BF066FDD3
:1013300084424FF014021D4B08D002FB08F36FF0FB
:1013400015024BF8032003B0BDE8F08F14F1160F1F
:101350002C60F8D01978A142F5DD02FB08B0C7F87F
:101360009840C7F89840D7F89C4000F10801007BEE
:1013700064F304000871D7F8A0000C79400860F30A
:1013800047140C71D7F89C1021F01F016960D7F841
:10139000A01021F01F01296108F1010814350C3655
:1013A000B3E700BF0CAB002000ED00E034C200202A
:1013B000F0B54149414CD1F890302568C3F307237B
:1013C0009D4287B075D80020FFF782FF3C4BC1F8E3
:1013D000C030854216D13B4C01A82570FFF77AF941
:1013E00000250646384FAE4213D1002023783249FB
:1013F000D1F89020C2F30722934254DBFFF75CFF41
:1014000000202FE0616801EB0011FFF76DFE013055
:10141000DFE70199280101EB0513DA683A40B2F5DC
:10142000001F21D0B2F5800F2BD0B2F5801F38D12C
:101430005A689B680958013B22F01F0003440120B1
:10144000844623F01F0340EA4C10CDE902218DF8B9
:10145000100002A920780593FFF760FE00281DDA2E
:101460006FF0150007B0F0BD5A689B680958013B42
:1014700022F01F0003444FF0020C012023F01F0351
:10148000E1E75A689B680958013B22F01F000344BA
:101490004FF0000C062023F01F03D4E7237801331C
:1014A000237001359FE7C1F89830C1F8A0000133DF
:1014B0009EE74FF0FF30D5E700ED00E0F84F040065
:1014C000AAFF440034C200200000F0FFF0B587B04E
:1014D00007460E4614460021102268461D4621F09C
:1014E00082FF02238DF80230054B2A4621466846CA
:1014F000CDE90476019319F08FFB07B0F0BD00BF72
:1015000047CE030008B5024819F0A0FAFEE700BF75
:101510002E34050008B5024B1B689847002008BD13
:1015200020AB0020034B044A1860937843F0020379
:101530009370704720AB0020DC09002008B50548F7
:101540001AF0B7FE002383F31188BFF36F8F0423D3
:10155000184602DF3334050008B50649064821F075
:101560000701C1F1005202F53C321AF0F0FD0020F3
:1015700008BD00BFE3C8012024AB002070B541695D
:101580000446867A0A4D59B1437ADB0706D42C23E8
:1015900003FB06535B6A1B689B68984700236361E3
:1015A0002C20214606FB0050BDE870401FF0ADBA6C
:1015B000F41300202C22024B02FB0030704700BFC6
:1015C000F41300202C21827A054B01FB02339A6A26
:1015D0001B7F801A1B3323F00303B0FBF3F070472B
:1015E000F413002038B52C24827A064B04FB023316
:1015F0005B6AD3E901240C601568FFF7E3FF04FB85
:10160000005038BDF41300202DE9F04385B00546A5
:10161000684690461C4603911FF0F7FCDDE9006721
:10162000EFF31189402383F31288BFF36F8F6B8B25
:10163000002B41D02A8B9A4225D90022002328462C
:1016400014F0EEFE0446F0B189F31188BFF36F8FFA
:10165000039B002B41D032463B4668461FF0F9FC05
:101660002C21A27A254B204601FB02335B6A03A999
:101670001B681D68DDE90023A847606170BB204638
:10168000FFF77CFF24E0698B4B1E6B8389F3118885
:10169000BFF36F8F2B7F2A8BAC6A1B3323F00303BE
:1016A000521A02FB0344154B154AEB1A9B10534385
:1016B000A3722B7FE372CBE789F31188BFF36F8F9F
:1016C00023464246284614F0ABFE04460028BFD10C
:1016D0000024204605B0BDE8F083636101230025A6
:1016E0002381039B29466382E27A656004F1180036
:1016F00021F079FE63692582E360EAE7F4130020B4
:10170000A38B2EBA70B52C250B4C00B970BD037A93
:101710004668013BDBB20372002BF7D1C360436024
:10172000837A05FB03431B6A13B198473046ECE705
:10173000FFF724FFFAE700BFF413002008B5234A9F
:10174000234B1A600BF060FD4FF47A612148D0F80A
:101750002436C3F30802C3F309434B4382F4807277
:101760001D49883201FB02334FF4FA215B00B3FBC1
:10177000F1F201FB12331949B3F57A3F28BF013268
:10178000C1F80429D0F820364FF47A60C3F3080278
:10179000C3F30943434342F21C5082F4807202F2C5
:1017A000172200FB02334FF47A701B0AB3FBF0F2EE
:1017B00000FB1233B3F5FA7F4FF0010328BF01326B
:1017C000C1F81C27C1F80036002008BD0020A10781
:1017D000BC0D002000C0FF00F82A0080000012505D
:1017E00048B1054B054A1B68B3FBF2F35843044B61
:1017F00043F0010318477047BC0D002040420F0022
:10180000104B040008B504481EF0CFFF00280CBFA1
:101810006FF01200002008BD2C3704000E4B402949
:1018200028BF402170B51D460C4C4618B04203F14C
:10183000020304D1002305F81130074870BD027877
:101840001209A25C03F8022C10F8012B02F00F021F
:10185000A25C03F8012CE9E765C200208F34050083
:1018600010B5037886B004934378084C03938378CB
:1018700012210293C378064A0193037900934379B6
:10188000204619F003F9204606B010BD53C20020CF
:101890007134050030B503788BB0044607AD032BD7
:1018A00021D8DFE803F0021A1C1E12492846FBF774
:1018B0007CFD059563781E210493A3780E4A03935B
:1018C000E3780E4802932379019363790093A37917
:1018D00019F0DCF809480BB030BD0949E6E70949C1
:1018E000E4E70949E2E70A212846084A19F0CEF858
:1018F000DFE700BF8A240500AC24050035C20020C4
:101900009124050098240500A22405002552050015
:1019100030B50024094D0A4B85B028460293039444
:101920001FF0CCF902AB2846009340F638020A2398
:10193000044914F0BFFF204605B030BDD02C002074
:10194000A7340500A0CB00200146014814F0F2BFE7
:10195000D02C00200146014815F01CB8D02C0020E6
:10196000014601481FF07FB9D02C0020037830B524
:10197000012B13D0022B27D07BB90A46184B03F159
:10198000100453F8045BA34242F8045BF9D11B78BE
:10199000137043884B731B0A8B7330BD0A46104B80
:1019A00003F1100453F8045BA34242F8045BF9D13D
:1019B0001B7813704368C3F307224B731B0CCB7364
:1019C0001B0A8A730B74E8E700F1100350F8042B2C
:1019D000984241F8042BF9D103780B70DDE700BF82
:1019E000B034050010B5044615F072FA044B1B68BC
:1019F0000BB120469847BDE8104015F07DBA00BFF6
:101A000030AB002038B50446202C1046194603D1CF
:101A1000BDE8384008F06EBD08481BF025FA0546C1
:101A200048B1013CE4B21F2C96BF054B0021195D63
:101A30000C301BF097FA284638BD00BFD0140020A8
:101A4000C134050010B5044615F042FA002C054BD0
:101A5000054808BF20461C6008F05CFDBDE810404A
:101A600015F04ABA30AB0020D9D103000F2810B5C9
:101A70000CD80D280CD90A481BF0F6F9044618B109
:101A800004210C301BF06EFA204610BD1328F2D052
:101A900009B10448F0E70220BDE81040FFF7B2BFEB
:101AA000281500204C140020F0B505460E461746B8
:101AB00085B0AB88012B0ED928461BF09FFA04464F
:101AC00048B1AB88984208D9022100930D4A0346D9
:101AD0000D481BF09EF805B0F0BD28461BF08EFAAD
:101AE0002B688DF80800013C394602A88DF80940A2
:101AF0000393B0470028EED0214628461BF06EFA2B
:101B0000D7E700BFE8340500B4410400C3680221F0
:101B10001B78024A02481BF0D2BB00BF13350500F8
:101B2000CC41040070B5C6683378B6F8014083B97B
:101B30000F21204603F05AFFF378054650B90A4AB0
:101B4000118831B96FEA04506FEA10501080074ACB
:101B5000137070BD0373012103F06CFE2846BDE8CD
:101B6000704003F041BE00BFF2C10020E6C2002079
:101B700070B5C3681D78BDB9B3F801600F21304658
:101B800003F034FF044638B93346BDE87040012104
:101B9000064A07481BF093BB294603F04BFE20463C
:101BA000BDE8704003F020BE70BD00BF3B350500AE
:101BB000CC41040010B5C3680121B3F801402046B0
:101BC00003F014FF38B92346BDE810400121044A50
:101BD00004481BF074BBBDE8104003F005BE00BF15
:101BE00061350500CC41040010B5C36801211C8893
:101BF000204603F0FBFE38B92346BDE81040012122
:101C0000034A04481BF05BBBBDE8104003F0ECBD89
:101C100061350500CC410400012110B50C301BF0EA
:101C2000E5F9BDE8104003780121024A02481BF0A3
:101C300046BB00BF85350500CC410400014610B508
:101C400008481BF015F9084908481FF00CF8031E56
:101C500006DABDE810400121054A06481BF02FBBFB
:101C600010BD00BF2C080020FC090020E82D00203A
:101C7000A7350500CC41040073B5C5680121B5F84E
:101C80000160304603F0B2FE044640B933460121FC
:101C90002C4A2D4802B0BDE870401BF010BB2B78D9
:101CA0001A2B19D1C378012B48D14FF4804104304D
:101CB0001BF007FB43040FD4D4F888306946009327
:101CC000D4F890302046019304F004FD204602B081
:101CD000BDE8704003F088BD2B787BBB40F67A41AD
:101CE000B5F80320A4F8862093B2B5F80520A4F82F
:101CF0008C20B5F80720A4F88E209A1F92B28A4251
:101D000004D90221114A10481BF0D9FAB4F88C30DA
:101D1000B3F5FA7F04D302210D4A0B481BF0CFFA2A
:101D200040F67641B4F88E30A3F10A0292B28A42AC
:101D300004D90221074A04481BF0C1FA204604F0E6
:101D400041F8C3E761350500CC410400C435050006
:101D5000EC350500133605000121024A02481BF04C
:101D6000ACBA00BF3F360500CC41040098B53C2812
:101D700000AF13D06C468AB06A46094B4FF412513B
:101D8000C2E90530074B0848D36140F201331384A0
:101D9000064B42F8103F1BF09FFAA546BD4698BD82
:101DA00059360500352E0500CC4104000400000121
:101DB0000B46B0B50D8A00AF04462946D868FFF738
:101DC0002DFD8AB06A46094BC2E90750C2E90534C5
:101DD00040F202439384064B4FF43251054842F8D7
:101DE000103F1BF079FABD46B0BD00BF7536050047
:101DF00005000001CC41040070B5C5680121B5F8AB
:101E00000160304603F0F2FD044638B93346BDE8C0
:101E1000704001210B4A0C481BF051BA2B783BB99A
:101E2000D5F80330C0F89430D5F80730C0F89830B2
:101E3000201D4FF480311BF044FA2046BDE870406D
:101E400003F0D2BC61350500CC4104002DE9F74F09
:101E50000023804689461746DFF814A1DAE8EF4FE1
:101E6000CAE8E23F002AF9D1264644B94346012197
:101E70003B4A3C4803B0BDE8F04F1BF020BA204677
:101E8000FFF7A0FB4FF00C0B374D0BFB00504388C6
:101E900043451BD02046FFF795FB0BFB00504388C2
:101EA00001210093314A43462E481AF0B2FEDAE887
:101EB000EF3FCAE8E26F002AF9D1002B4DD01E4651
:101EC000304603B0BDE8F04FFFF71CBCA74208D076
:101ED00020461AF0C4FF3A8AF96804F10C001BF09E
:101EE00038F82046FFF76EFB0C2707FB00504368CD
:101EF000ABB1B9F1000F12D12046FFF763FB01210E
:101F000007FB00504268D2E90003127A03F01F0772
:101F1000B9405B09DAB100EB83001BF0D2F920462F
:101F2000FFF750FB0C2707FB00508368002BC7D03E
:101F30002046FFF747FB784305F800902046FFF75F
:101F400041FB07FB0055A86814F09CFAB8E7C943A9
:101F500000EB83001BF0C5F9E1E703B0BDE8F08FAB
:101F600097360500CC41040034AB0020BF36050095
:101F70002808002037B50446084602EBC3039A42FE
:101F800002D16FF05E0010E0114611F8085BA54227
:101F900011D1038A5178994209D908480121084A88
:101FA00000941AF036FE6FF0150003B030BD536890
:101FB00098470020F9E70A46E1E700BFCC4104005A
:101FC000F236050073B543481AF067FF044600284F
:101FD0007DD000F10C0528461BF010F804280346BC
:101FE0004ED0052848D002286FD1238A032B05D86C
:101FF000394A012139481BF062F913E004212846CF
:102000001AF0F4FFFF23428806882376238AC6F35A
:102010000B009A42608309D0012100922F48304A78
:102020001AF0F7FD2046FFF76DFB12E00F2103F0D9
:10203000DDFC054610B9638B2A4ADAE703F03AFD66
:1020400021462076320B284603F0ACFA284603F0EE
:10205000CBFB254BD3F81C31002B38D02349244827
:102060001EF001FE031E32DA0121224A1B4802B093
:10207000BDE870401BF023B9204608F057F9E8E7A7
:10208000238A012B01D81C4AB3E7284602211AF003
:10209000ADFF054600781BF0FEF810F002060DD1EA
:1020A00040F60C43154A164916481AF00FF986F304
:1020B0001188BFF36F8F0323184602DF06232146E2
:1020C000114A28781BF026F9ACE7104A91E702B0D4
:1020D00070BD00BF2C08002014370500CC4104005F
:1020E000353705005937050010070020FC0900208E
:1020F000E82D0020A73505007B3705009737050040
:10210000CB370500F9370500C0500400163805002C
:1021100010B5012104460C301AF068FF2146BDE8D5
:1021200010401423014A00781BF0F4B8F05004006A
:10213000F8B50121044600AF0C301AF057FF0678BD
:10214000002321463046104AFFF714FF5F3018D1B4
:10215000258AE0682946FFF761FB6C468AB06A462B
:102160000A4BC2E90750C2E9053640F202439384A4
:10217000074B4FF43251074842F8103F1BF0ACF8C0
:10218000A546BD46F8BD00BF905104002A380500A1
:1021900005000001CC41040013B5C468B4F8013057
:1021A0009AB2B2B1E278A2B10B4AA2F8BC30E3789D
:1021B000032B06D00322022100920848084A1AF095
:1021C00028FDE2780748114602B0BDE810401BF038
:1021D00086B802B010BD00BF10070020CC4104003B
:1021E0005C380500D00700202DE9F04F83B00123B3
:1021F000D0F80C80018A98F8004000AF03EB84030C
:102200008B425ED96D468AB06A46C2E90731052322
:102210002E484FF42151C2E905042D4842F8103FE1
:102220001BF05AF8AD460C37BD46BDE8F08F4B4663
:102230000121284A26481BF042F8013598F8003061
:102240009D42F0DA08EB8503B3F801900F21484670
:10225000B3F8036003F0CAFB04460028E7D000F19E
:10226000C40936B1636943B95A46012118481BF0C5
:1022700024F8204603F0B8FADFE7A1691A688B4218
:102280002046626108BFA2617B6003F023F914F06D
:10229000F9F87B68C3F800A0226A7AB9C4E9073369
:1022A000D9E8EF3F013BC9E8E23F002AF8D100211D
:1022B0002046013E03F024F9B6B2D2E71360236250
:1022C000EEE70025DFF810B0AA46B7E7A238050010
:1022D000CC410400CD380500E938050008B501F00F
:1022E000C1FF064BD3E8AF2F02F00B02D3E8EF1F7C
:1022F000C3E8E02F0028F9D108BD00BF98070020EF
:1023000010B5C1E900239DF808300C460B72FFF7A9
:1023100059F90C22024B02FB00335C6010BD00BF78
:1023200034AB0020F8B502460B4610481AF09CFD6D
:102330000446C0B104210C301AF0FAFD2046FFF724
:1023400041F90C2700260A4D07FB00504680204625
:10235000FFF738F907FB005086602046FFF732F997
:1023600007FB00556E602046F8BD00BFA414002096
:1023700034AB00200138C0B202289ABF014B185C70
:1023800000207047223E050002289ABF014B1856D4
:10239000002070471F3E050029289ABF014B185C9A
:1023A00009207047F53D050070B5C3680F21B3F8EB
:1023B00001601D78304603F019FB044638B93346F6
:1023C000BDE870400121174A17481AF078BF65B17F
:1023D0002846FFF7E1FF29460246204603F0A4FD08
:1023E0002046BDE8704003F0FFB98678012EEFD19A
:1023F00007F066FD20461AF036FF0028E8D10520D8
:10240000FFF7CAFF05210246204603F08DFD314645
:10241000064A05481AF051FF052120461BF090FBA3
:10242000DEE700BF3B350500CC4104000039050064
:102430002DE9F041C6680F21B6F8017035783846AD
:1024400003F0D4FA044638B93B46BDE8F041012117
:102450001F4A20481AF033BF45B12846FFF79CFFBA
:1024600029460246204603F05FFD08E0F278C37A71
:10247000934209D10221184A16481AF020FF20463B
:10248000BDE8F04103F0B0B98378C272012B05D0EA
:102490000020FFF781FF00210246E3E70AB107F0C1
:1024A0000FFD20461AF0DFFE0028F1D10520FFF7CE
:1024B00073FF05210246204603F036FD0121074A3D
:1024C00004481AF0FAFE052120461BF039FBD6E736
:1024D0003B350500CC4104002639050000390500D4
:1024E00070B590B06C4606460A4D0F2E0FCD0FC446
:1024F0000FCD0FC40FCD0FC495E80F0084E80F0077
:102500009DBF10AB03EB860656F8400C024810B096
:1025100070BD00BFD042040055390500034B014691
:10252000D3F83C0182689268104700BF1007002072
:102530002DE9F84300F10C06044630461AF084FDFC
:10254000012105463046B4F810801AF047FD238A71
:10255000012B09D80121194A19481AF0B0FE20466A
:10256000BDE8F843FFF7CEB8304602211AF03EFD31
:10257000074600781AF08FFE10F0010906460DD1CB
:1025800041F236030F4A1049104819F09FFE89F3B3
:102590001188BFF36F8F0323184602DF05232146FE
:1025A0000B4A38781AF0B6FEB307D8D56369A4F899
:1025B000108013FA85F5E560BDE8F8837B370500E8
:1025C000CC410400973705005D390500F937050057
:1025D0009850040038B50C4614F07AFCE268137881
:1025E000042B07D0052B01D0022B13D12046FFF777
:1025F00025FB0AE050781AF04EFEC207054602D5C8
:102600002046FFF795FFAB07F0D4002414F074FCCC
:10261000204638BD0121054A05481AF050FE2046E3
:10262000FFF770F86FF01504F0E700BF763905008A
:10263000CC4104002DE9F84F042100AF47481AF0BF
:1026400040FE6D4601F00EFE88B06A46444B4FF4E2
:10265000E6515361434B444893614FF400739383B5
:10266000424B434C42F8103F1AF036FEAD46E27939
:10267000404B414E2046012A88BF1E46FFF70AF90B
:102680008AB06A463D4BD061C2E905363C4B4FF4F7
:10269000235113623B4B344842F8103F1AF01CFEA2
:1026A000A346AD460125384EDFF8F080DFF8B8903C
:1026B000E3790BF1070B9D423ADB002233493F20BF
:1026C00007F01EFD94F824506E462846FFF708FFD9
:1026D0008CB06A46E18C638DC2E907514FF40075F6
:1026E0005362DFF8BCC02A4BC2E905C015854FF420
:1026F000535142F8103F1C481AF0EEFDB54694F8CD
:1027000025603046FFF7ECFE8AB06A46238D2149EA
:10271000C2E90763204BC2E9051095844FF4335199
:10272000114842F8103F1AF0D7FDBD46BDE8F88FBA
:102730005846FFF7AFF8EA468AB06A4640F20133DE
:10274000C2E90565D06113844FF41351484642F83D
:10275000108F1AF0C1FD0135D546A9E79807002072
:102760008E390500A0390500CC41040003000001AA
:10277000100700208A390500352E0500A439050010
:102780000002010304000002B3390500FDA10200AC
:1027900006000001023A05000500000104000001E6
:1027A000C439050000487047293A0500034610B5B2
:1027B00010B3144AD2E8AF1F490720D5A2F188040C
:1027C000083203CA18605960D4E92601C3E902013E
:1027D0000020B4F8BC201A82D4F8CC209A74B4F843
:1027E000D8209A8294F8DA209A7594F8F620DA754F
:1027F000B4F8F4201A8310BD6FF01500FBE76FF0FA
:102800000A00F8E798070020014814F04DB800BF0F
:10281000EC09002070B505460C4659B94FF0FF3061
:102820004FF0FF31FFF77EFD044618B96FF06805E1
:10283000284670BD2046FEF7C5FE0C22184BA61890
:1028400002FB003330465D801AF0FEFB03280BD9F3
:10285000032130461AF0B1FB0580238A0121033B96
:10286000837030461AF0B1FB40F635439D420FD1DC
:102870002046FFF753FE05460028D9D00346012124
:10288000084A09481AF01BFD2046FEF73BFFCFE738
:10289000214606481EF02EF90025FFF7B5FFC7E7D1
:1028A00034AB00203E3A0500CC410400340800203F
:1028B000F0B5C56801212F8887B0BCB2204603F06F
:1028C00095F8064640B923460121274A274807B014
:1028D000BDE8F0401AF0F3BC02ACD5F80220D5F800
:1028E00006300194698900911CF011FB48B34FF048
:1028F000FF304FF0FF31FFF715FD054648B90121C4
:102900001B4A1A481AF0D9FC304602F06DFF07B096
:10291000F0BD12210C301AF016FB0346224623F8B4
:10292000027B06AF144603CCBC42186059602246B5
:1029300003F10803F6D1294642F21A00FFF76AFFB5
:10294000E2E74FF0FF304FF0FF31FFF7EBFC0446BA
:102950000028D4D002210C301AF0F5FA2146078065
:1029600042F21B00EAE700BF61350500CC410400DC
:10297000603A050073B5C368D9789A781E8842EA30
:102980000122ADF8002059791A79B4B242EA012245
:10299000ADF80220D9799A79204642EA0122ADF8B1
:1029A00004201A7A5B7A012142EA0323ADF806304B
:1029B00003F01CF8054658B901211D4823461D4A5D
:1029C0001AF07DFC022120461AF0E0FC02B070BD36
:1029D000694603F03DFA38B91E2120461AF0D6FCAC
:1029E000284602F001FFF1E74FF0FF304FF0FF31D2
:1029F000FFF798FC04460028F2D00E210C301AF0A4
:102A0000A2FA00230680C0F80A30BDF80030214643
:102A10004380BDF802308380BDF80430C380BDF828
:102A20000630038142F22000FFF7F4FED8E700BF32
:102A3000CC4104006135050038B502460B462B4DEC
:102A4000D5F8241109B9002038BD05F5807013F0C0
:102A500053FD0028F7D10022002305F5927013F0F2
:102A6000DFFC044668B940F61B43214A214922484D
:102A700019F02CFC84F31188BFF36F8F03231846E1
:102A800002DFD5F818315BB101211C4A1C481AF04D
:102A900014FCD5F81801FEF735FE0023C5F81831EF
:102AA00020461AF010FAC5F818012046FFF736FD47
:102AB0000346C8B10121134A11481AF000FC12481C
:102AC00013F0E0FC2046FEF77DFD0C220F4B02FBCD
:102AD0000033588818B122461F21FFF7B7F9204666
:102AE000FEF710FEFFF790FE0120ADE71007002073
:102AF00097370500E4340500F9370500773A0500FB
:102B0000CC4104003E3A05001008002034AB002000
:102B10002DE9F04F87B0064690460C4600AF71B9DC
:102B20004FF0FF304FF0FF31FFF7FCFB044668B970
:102B30006FF0680528461C37BD46BDE8F08F887ADF
:102B4000FEF738FD514B834240F09980012200216D
:102B500038461AF0C4FB2046FEF734FD0C23DFF89C
:102B600068B103FB00B0876020461AF0ACF901465B
:102B70003046FFF74FFE054618B12046FEF7C2FD6E
:102B8000D8E720F001FD424B1A58424B9A421DD122
:102B900041481DF0C4FF002182464048FFF74CFF2A
:102BA000814688B94FF4F9733D4A3E493E4819F0D1
:102BB0008DFB31463D4819F089FB89F31188BFF33D
:102BC0006F8F0323184602DF5445E1D100233846B6
:102BD000324A13F091FC814698B14FF4FC73304AAD
:102BE0003349314819F072FB4A463146314819F0F1
:102BF0006DFB002383F31188BFF36F8F0323184607
:102C000002DF2046FEF7DEFC0C2358431BF8009041
:102C1000B9F1000F2DD06D468AB06A46264BC2F836
:102C20001C90C2E90536254B4FF43251136240F235
:102C300002439384224B234842F8103F1AF04CFB86
:102C40002046AD46A9F10909FEF75CFDB9F1090F6F
:102C50000CD8DFE809F0170B0B08050B0B0B0B1456
:102C60006FF00B0566E76FF00C0563E76FF0040586
:102C700060E7B8F1000F80D0C8F800405AE76FF065
:102C8000150557E76FF06E0554E700BFA414002048
:102C900008000000E85E002034080020B4C40400EE
:102CA00097370500923A0500F93705009A3A050072
:102CB000BA3A0500C33A0500083B0500352E050069
:102CC00005000001CC41040034AB0020F7B5144BE3
:102CD000054693F94F300C46002B1DDA14B92046F7
:102CE00003B0F0BD082C4FF0000142F2180001AA19
:102CF000264628BF0826FFF70BFF0028F0D1019FCA
:102D00003246F9682846013120F046FB3846FEF786
:102D1000F9FC3544A41BE1E76FF08500E0E700BF54
:102D20001007002073B506460D4642F22F00002121
:102D300001AAFFF7EDFE044638B10121144A1548F7
:102D40001AF0BBFA204602B070BD0198C368B3F810
:102D500001203280B3F803302B80FEF7D3FC338898
:102D6000A3F11B02E02A04D902210B4A09481AF0F8
:102D7000A6FA44F248112B88A3F5A47292B28A42B3
:102D8000E0D90221054A03481AF099FADAE700BFB0
:102D9000273B0500CC410400473B05006C3B050088
:102DA00010B5FAF775FC034B1B6813B1BDE8104072
:102DB000184710BD58AB002073B52A4D0646D5F80C
:102DC0003C011DF0F2FC48B90121274A27481AF0BE
:102DD00074FA6FF01204204602B070BD6FF0020169
:102DE00005F188001AF07DFA01211AF06AFA10EA5A
:102DF000010434D11E4B0A4605F580701E601AF09E
:102E00006EFA05F592701DF069FE1A481DF056FF26
:102E10006FF0070342F6E06217491648009413F07A
:102E200049FD1649134813F021FED5F83C01144919
:102E300083681B689847044630B103460121114A54
:102E40000A481AF03CFAC6E726B902B0BDE870405D
:102E5000FAF71EBC05F1780013F026FDBBE76FF012
:102E60007704B8E710070020643D0500CC4104005A
:102E700058AB0020E82D0020D8D300207C3D050071
:102E8000D5250200853D05002DE9F04F85B00026CF
:102E900005465F4BB0F80190198849F470429142A1
:102EA00004BF1E805B4B00AF08BF1E7800F0CEFB56
:102EB000EB7805F10408012B08BF574B404614BFBF
:102EC000002493F823401AF063F9414668B34FF0A9
:102ED000010B07F108001AF050F9D5F81130C7F8C6
:102EE0000130B5F81530A7F80530EB78012B31D05B
:102EF0004046FEF7CFFC6C4688B06A46474B4FF41D
:102F0000E251C2E905304FF400739383444B4548C6
:102F100042F8103F1AF0E0F91321A54648461AF08E
:102F200051FA1437BD46BDE8F08F20461AF0BCFBBD
:102F30000346006895F804B0B8609A889B79686881
:102F4000BA81BB73B8F8042098F806303860BA80AC
:102F5000BB71CAE7DFF8C0A006229AF8230007F188
:102F6000080103F087F8044640B905222E499AF873
:102F7000230003F07FF804460028B9D02346B5F8B3
:102F8000012023F8702BBA7BB868B98920679A7141
:102F900000229980B5F81730A4F88630B5F81930BA
:102FA000A4F88C30B5F81B30A4F88E30EB7822737F
:102FB000012BE3701AD187F800B0BA88BB79386862
:102FC000A4F87B20C4F8770084F87D30D5F80B3066
:102FD000C4F87F30B5F80F30A4F88330DAE926233F
:102FE00003F03F031A4301D000F0C0FD0721204643
:102FF00002F020FC26B101212046267302F01AFCC3
:10300000204602F0A1FD204602F0EEFB89E700BF5A
:10301000F2C10020E6C2002010070020A13D0500FB
:1030200003000001CC4104005734050000B5C3681B
:1030300089B0187820B109B05DF804EBFEF796BEB0
:10304000B3F801208DF80000ADF80120DA788DF892
:103050000320B3F80B20ADF81720B3F80D20ADF81E
:103060001920B3F80F20ADF81B205A7C8DF81D20D5
:10307000586801901A899B7AADF808208DF80A30BB
:10308000084B68461A689B88CDF80B20ADF80F30C6
:10309000CDF81120ADF81530FFF7F6FE09B05DF858
:1030A00004FB00BF6B34050038B5042104460C3026
:1030B00019F09CFF034640885D7818B122461978C4
:1030C000FEF7C4FE35B1044813F0DCF9BDE8384022
:1030D000FFF79ABB38BD00BF10080020B0B504460A
:1030E000032100AF0C3019F081FFE36805781978EF
:1030F00040F63543B0F80100984215D16C468AB0CD
:103100006A460F4B0F48C2E905310F4B4FF412517D
:10311000D36140F2013313840C4B42F8103F1AF094
:10312000DBF8A546BD46B0BD10B12246FEF78EFEC7
:10313000002DF7D0064813F0A5F9FFF765FBF1E77E
:10314000BD3D0500CC410400352E05000400000102
:1031500010080020F8B506460024094DEF79E3B2C7
:103160009F4202D86FF0010007E0294630461AF06E
:10317000C8F90735631C08B12046F8BD1C46EEE7C8
:103180001007002037B504460D4671B12846124994
:103190001AF0B7F948B929461048C4EBC4042044D2
:1031A0001AF0A8F9002003B030BD684619F0D7FF27
:1031B0000028F8D16846FFF7CDFF0028F5DA074B65
:1031C000C4EBC400694618441AF094F9002DE9D004
:1031D00001462846E4E700BF5E34050010070020E2
:1031E00070B5194E0622314605461FF08BFF30B3ED
:1031F0004FF0FF304FF0FF31FFF794F8044600B373
:10320000062229460C3019F0A4FE2146002242F283
:103210000500FFF77DFC044648B110F10D0F04D105
:1032200002210A4A0A481AF074F9204670BD334652
:103230002A6843F81D29AA88B28001221A7700243F
:10324000F3E76FF06804F0E72D070020303F05003A
:10325000D4410400B0B582B000AF40BB062138466F
:103260000BF09CFF0446F0B97B79384603F03F032E
:103270007B71FFF7B5FF0446A8B93846FEF7F0FAB0
:103280006D4688B06A460B4BC2E905304FF40073B7
:103290009383094B42F8103F4FF4E6512346074809
:1032A000FCF758FFAD4620460837BD46B0BD6FF06D
:1032B0001504F8E73F3F050003000001D441040076
:1032C000B0B582B0054600AF48B3062138460BF0D2
:1032D00065FF0446F8B97B79394603F03F03284679
:1032E0007B711AF0EDF90446A8B93846FEF7B8FA32
:1032F0006D4688B06A460B4BC2E905304FF4007347
:103300009383094B42F8103F4FF4E6512346074898
:10331000FCF720FFAD4620460837BD46B0BD6FF034
:103320001504F8E73F3F050003000001D441040005
:10333000064BD3E8EFCF4CF4806CC3E8E2CF002A11
:10334000F7D1037A19430172704700BF9807002034
:103350002DE9F341002104460222084602F08AFECC
:10336000054648B120460121FFF7E2FF284602B09A
:10337000BDE8F04102F038BA8DF8000069464F48C8
:1033800000F0D6FB9DF8005035B101212046FFF733
:10339000CFFF02B0BDE8F08149481AF0A8F88106D5
:1033A000C0F3401711D43946464800F0C1FB464DE2
:1033B00095F8F730E3B100201AF0EAF8C0B1434ABB
:1033C000022143481AF0A5F830E03D481AF08FF882
:1033D0004206C0F3801104D501212046FFF7A8FF63
:1033E0002946384800F0A4FB002000F051FFDEE73A
:1033F00095F8F72095F8F6309A4225D10221354A02
:1034000033481AF086F8002242F229001146FFF7ED
:103410007FFB10B1304A0121D3E795F8F730013333
:1034200085F8F730237A43F00403237201201AF061
:10343000AFF817B1012000F02BFF0021274802B0A0
:10344000BDE8F04100F074BB224604F1010841469A
:1034500012F82A0B1AF05FF8064608B1204ADAE79C
:1034600095F8F730013385F8F730237A43F00403F9
:10347000237295F85B305B0701D41A4AA0E74146F6
:1034800068461AF037F801234FF0FF304FF0FF3154
:103490008DF80730FEF746FF044660B10822694602
:1034A0000C3019F056FD3246214642F24E00FFF72D
:1034B0002FFB0028BAD00C4AADE700BF89D6030025
:1034C0009807002059D6030010070020483F050048
:1034D000D44104006D3F05009E3F0500C3D50300A5
:1034E000BE3F0500DE3F0500084005002DE9F7431B
:1034F000002104460222084602F0BCFD054648B100
:1035000020460221FFF714FF284603B0BDE8F04330
:1035100002F06AB98DF807000DF10701424800F08A
:1035200007FB9DF8075035B102212046FFF700FF49
:1035300003B0BDE8F0833D4819F0D9FF8206C0F31F
:10354000401822D441463A4800F0F2FA00201AF01E
:103550001FF8384D064658B301210346364A37480E
:1035600019F04DFB95F8F73013B101201AF010F85F
:10357000B8F1000F02D0012000F08AFE002130488F
:1035800003B0BDE8F04300F0D3BA284819F0AFFF0C
:103590004306C0F3801104D502212046FFF7C8FE80
:1035A0002946234800F0C4FA002000F071FECDE760
:1035B00095F8F73095F8F6209A420CD2013B85F841
:1035C000F730237A024623F0040302201D492372B8
:1035D00006F096FDC6E74FF0FF304FF0FF31FEF7E3
:1035E000A1FE04F10109074668B107210C3019F06A
:1035F000AAFC494619F07EFF3246394642F22800BD
:10360000FFF786FA28B101210F4A0C4819F081FF13
:10361000A8E795F8F730013B85F8F730237A23F0D7
:10362000040323729EE700BF89D603009807002099
:1036300059D603001007002023400500D4410400A0
:10364000C3D503007BD5030050400500084BD3E8E9
:10365000EF2F22F48061C3E8E01F0028F7D1530563
:1036600004D500220220034906F04ABD704700BF7E
:10367000980700207BD703001FB500230190CDE9F8
:10368000023302208DF80C1001AA034906F038FD20
:10369000029805B05DF804FB2FD60300034610B472
:1036A00070B10B4991F8F64091F8F7200CB19442B3
:1036B00009D2013281F8F7201A7A42F004021A7214
:1036C0005DF8044B70475DF8044BFFF741BE00BF47
:1036D00010070020034610B4A0B10C4C94F8F6106B
:1036E00094F8F72031B101318A4204DC5DF8044BD3
:1036F000FFF7FCBE12B1013A84F8F7201A7A22F0E3
:1037000004021A725DF8044B704700BF10070020D6
:1037100070B50446B1B9C0B11F4919F0F2FEA0B9A5
:103720002046FFF717FD00282FDA2378012B04D15C
:10373000A37903F0C003C02B07D00121174A184812
:1037400019F0E7FE6FF0150070BD164DEB79012BF7
:103750001ED005F1880019F0CAFEC30707D4002C5B
:10376000F0D020460C4919F0CCFE0028EAD1EE79C1
:103770002146731C3046EB71FFF704FD08B9304653
:10378000E2E7EB79013BEB71DEE76FF07700DBE717
:103790006FF00B00D8E700BF5E34050075400500F0
:1037A000D4410400100700202DE9F341044640B93C
:1037B0001A4A02211A4819F0ACFE002002B0BDE8F6
:1037C000F081002141F2090001AAFFF7A1F90546A5
:1037D00008B1144AEDE7019E0622D6F80C80124982
:1037E00008F1010738461FF08DFC28B10622384643
:1037F0000E491FF087FC18B93046FDF783FFDCE760
:10380000D8F801303046C4F80130BB882570A4F8E0
:103810000530FDF777FF0120D0E700BFA34005008A
:10382000D4410400BC4005006B340500653405003C
:1038300007B56846FFF7B8FF044BD87118B1694661
:103840000020FFF79FFC03B05DF804FB1007002089
:10385000F0B5304D89B0EC79002C53D195F87660F5
:1038600016F0010610D12C4A02212C4819F051FE05
:10387000EC71162600240127EB79E0B298422CD394
:10388000002B3FD000203BE06A4621464FF609401E
:10389000FFF73EF908B1224AE6E7DDF800C0DCF8A0
:1038A0000C104B7823B96046FDF72CFF1D4ADBE76F
:1038B0008B1C02AA01F112041746186859680833D4
:1038C00003C7A3423A46F7D11868344638609B884C
:1038D0006046BB80FDF716FFCAE708AB06FB003366
:1038E00053F8182C33F8143C6946CDF80120ADF894
:1038F00005308DF80070FFF745FC01340028BBD07F
:1039000009B0F0BD0021084609B0BDE8F040FFF75E
:10391000FFBE00BF10070020DA400500D4410400BC
:1039200006410500264105002DE9F0410D461746E8
:103930001C46064650B14BB10A03037811D56D07FA
:1039400008D501212D4A2E4819F0E3FD6FF015002E
:10395000BDE8F081FFF7B4FC0028F9D10123237002
:10396000F6E7E9072ED527480FB1AA0608D4C3EB1E
:10397000C302825C012A13D002B922700020E7E75B
:1039800090F89020510635D5C3EBC302825C012A22
:1039900006D002B92270237843F002032370EDE7CA
:1039A0004FF00108072111FB03810144304619F053
:1039B00087FE0028CCD184F80080002FDED0AB0633
:1039C000DCD5E8E76A0712D50E49C3EBC3028E5C6B
:1039D000012E09D1072212FB0363194419F070FE6E
:1039E0000028B5D12670EAE7002EE8D1FAE7FFF704
:1039F00067FCB3E76FF08500AAE700BF4F41050001
:103A0000D44104001007002038B5104DEB7913B1F4
:103A10000024204638BDFFF70BFF044628B10C4AAE
:103A200001210C4819F075FDF3E7EB79002BEFD17C
:103A3000FFF70EFF04460028F1D1681CFFF7D0FB0A
:103A400004460028E5D0044AEAE700BF100700203A
:103A50006E410500D44104008D410500072208B5E0
:103A6000034909301FF04EFB003818BF012008BD84
:103A70005E340500F8B5154B067804460D4683F80C
:103A80002360FFF7EBFF70B93046114902F074FA7A
:103A9000044610B96FF00B00F8BD052101F0CAFE15
:103AA00000202C60F8E704F109073946304602F09F
:103AB000A9FA40B92078394602F05EFA0446002897
:103AC000E8D00621EAE76FF01500E5E710070020CF
:103AD0005734050038B504460D46FFF7BFFF0346CF
:103AE000207873B90522094902F0C4FA044660B18E
:103AF0000573002101F09EFE2046BDE8384001F02C
:103B000073BE062204F10901EEE738BD5734050003
:103B100008B520B9044819F04DFEC30701D40020B0
:103B200008BD0248FCE700BF102F0020002F002036
:103B3000034610B5044819F03DFEC20703D5BDE8A1
:103B400010400248184710BD102F0020002F002001
:103B500010B5054CA06930B16FF00101103019F0BB
:103B600033FE0023A36110BD1007002073B5344B52
:103B70009E69002E3DD006F110050E21284619F051
:103B80001CFEB0B30721284619F017FE88BB0A2196
:103B9000284619F012FE60B3304601A9FFF76AFF0C
:103BA00038BB3046FFF75AFF0E210246284619F06F
:103BB00004FE80F00104E4B20A212846640019F0F2
:103BC000FCFD08B144F001040D21284619F0F5FD73
:103BD00008B144F00404214630460DF10303FFF719
:103BE000A3FE044638B101210346164A164819F0CF
:103BF00006F802B070BD3046012119F03AFE019E70
:103C000028B9304602B0BDE8704001F0EDBD214654
:103C1000304601F00FFE6FF48041284619F0D4FDC4
:103C20000446304601F0E0FD6304E2D5D5E8EF3FFD
:103C300043F48043C5E8E23F002ADAD0F6E700BF4C
:103C400010070020B0410500544104002DE9F34164
:103C5000C6687078FFF75CFF7588044638B90121A3
:103C6000344A354802B0BDE8F04118F0BFBF04F156
:103C7000100719F001FE6FF08001384619F0A4FD1D
:103C80003378DFF8B8804BBB2846012101F0AEFE47
:103C9000054680BB6FF04001384619F095FD43069C
:103CA0000ED5204619F05FFDFFF7D0FC63693BB1EC
:103CB0001B682BB1327920468DF8042001A9984762
:103CC000D8F818309C4232D10E21384619F075FDD3
:103CD00040B302B0BDE8F041FFF748BF0A213846C3
:103CE00019F06BFD18B120463178FFF7F3FE3378F9
:103CF000002BCFD1C8E7236D7E301A0357BF297A36
:103D0000A11CC1EBC101414419F069FD63692BB1EC
:103D10005B681BB12046019501A99847284601F030
:103D200063FDB7E702B0BDE8F041FFF711BF02B095
:103D3000BDE8F081E6410500544104001007002071
:103D40007FB5C5682878FFF7E3FE044638B901213E
:103D5000124A134804B0BDE8704018F047BF4369E9
:103D60008BB19B687BB10135284619F011FA02AE80
:103D7000294650B1304619F000FA636920469B6825
:103D8000019601A9984704B070BD207819F08CFC09
:103D90000146304619F023FDEFE700BFE64105007C
:103DA000544104000022034B99689A801960024B29
:103DB0001A7270470C0A0020E9C20020F0B50546CF
:103DC0000F464FF0FF304FF0FF3187B01646FEF739
:103DD000A9FA0446C0B106210C3019F0B4F84680A7
:103DE00000264770057006714671094A204603A9EE
:103DF00005230095FEF784FA3246214642F242003E
:103E0000FEF786FE07B0F0BD6FF06800FAE700BF6E
:103E1000980700200246014608B5074819F09DFDA5
:103E200030B922B9054819F095FD40F3C01008BD1E
:103E30006FF07700FBE700BF78AB00209807002009
:103E400038B50546407A0C46FEF794FA2073A87AF6
:103E5000FEF790FA607395F90C30A37195F90D3067
:103E60006371EB7A2371EB8963812B88103BDBB2A2
:103E70000B2B8EBF0523054AD35CE3712B8883F09F
:103E8000100303F01F03238138BD00BF0045050068
:103E900008B501F00FFE0022014B1A5408BD00BF07
:103EA000E8C2002037B5C3790090054610308DF880
:103EB00004308DF8051019F07AFD074B1C6844B1E9
:103EC00054F8143C183C13B1694628469847A46935
:103ED000F5E703B030BD00BF5CAB002008B5054B73
:103EE000184619F037FD103B10F0040F14BF1846A8
:103EF000002008BD74AB002010B5094819F02AFD58
:103F000010F001040AD11422214606481FF06BFA72
:103F10000348214619F053FD024810BD0020FCE77C
:103F200074AB002064AB00202DE9F04788B000227C
:103F30000023874812F0ACF9002840F097808548AC
:103F400019F008FD10F00103824D4AD02B1D93E8B3
:103F5000070008AB03E907007F4819F0FBFCC0F33A
:103F600040137C4819F0F6FC024600286FD073B16C
:103F70000C227A4905A81FF0C5F8002871D000224C
:103F800011461046FFF71AFF044600286AD19DF833
:103F90001530190703F004056BD5002D40F08F8014
:103FA00028462E46BDF81A3043B16B4BD3E8EF1FBD
:103FB00041F04001C3E8E21F002AF7D10DF10301EF
:103FC00019F0EBFB044600284CD14FF0FF304FF0C6
:103FD000FF31FEF7A7F9074600287BD16FF0680490
:103FE00040E05D4819F0B6FC10F0800F5C4A0ED03E
:103FF0004FF480749089D1891269ADF81440ADF8FE
:104000001600ADF81810ADF81A300792A4E7554C19
:1040100005AB2068616803C3A068186092F891300E
:104020004C481E0744BF05238DF8153019F092FC4B
:10403000840706D53023ADF818306023ADF816306C
:104040008AE7444819F086FC4007F3D484E743B17B
:104050000146FFF7B3FE044620B9404B2861C3E98F
:10406000010000243A4812F08BF9204608B0BDE860
:10407000F087BDF816309DF81400ADF80530BDF896
:1040800018308DF80400ADF80730D5B101AEBDF899
:104090001C200AB9BDF81620BDF81E300BB9BDF8BA
:1040A00018309DF81410ADF80D208DF80C10ADF8F7
:1040B0000F305EB13078012808D103AD72E70026D9
:1040C000E5E7421E5042504101AE6BE74B1E58429D
:1040D0005841F2E700F10C090321484618F033FF7C
:1040E0009DF803309DF815800370C8F340038246A5
:1040F0008470437036B101230522837031464846EF
:1041000018F027FF55B19AF80230052243F0040356
:10411000294648468AF8023018F01BFF002239462B
:1041200042F24100FEF7F4FC044600289AD1012037
:10413000BDF81A2008F00101FFF740FE04460028F0
:1041400090D1064B08AA12E9070083E8070088E728
:1041500094AB002078AB00209807002088AB0020AB
:1041600010070020C04A04002DE9F34705463548F2
:1041700019F0F0FB1446C2070E46994602D50B898A
:104180005B075CD4284619F003F8002846D029467E
:10419000684618F0F2FF2C4F3B68A3B1204618F098
:1041A00053FF0546B4F80480A4F8049023466846FB
:1041B0003F68F27996F90510B847A368A4F804801F
:1041C00013FA85F52560214BC6F800D01B68002B3B
:1041D00033D01D6805B1083D53F8082CAAB12F460D
:1041E000A3F10805204618F02FFF8046B4F804A07C
:1041F000A4F804902B683D46214630469847A368B2
:10420000A4F804A013FA88F32360B5B1AF682B6853
:104210008FB1083F002BE5D13D46F7E72B78FF2B08
:1042200004D10B49684619F0A4FBB4E7294619F0FC
:104230003BFA0146F6E7002BD4D10023336002B0ED
:10424000BDE8F08778AB0020C4AB0020BCAB0020F9
:104250005E3405000022024B1A60FFF7A3BD00BFC9
:10426000C4AB002010B5094C4422002120461FF0A9
:10427000BAF804F11C001CF0A0FB04F130001CF0A3
:104280009CFBBDE81040FFF7E5BF00BF78AB002006
:104290000022044B801A597C18BF012001F0010153
:1042A000FFF78CBD78AB0020032838B5054603D155
:1042B000BDE83840FFF738BEFFF7ACFD044658B9FB
:1042C0002946064819F07BFBFFF72EFE044618B17D
:1042D0002946024819F05FFB204638BD78AB002024
:1042E0000328014608B502D0034819F054FBBDE885
:1042F0000840FFF719BE00BF78AB002010B50020C2
:10430000FFF7EEFF58B112F033FE0020FFF7E8FF91
:10431000034620B10221154A154818F070FC6FF0D1
:104320004001144819F02CFB6FF48071114819F00A
:1043300027FBFFF78BF9104B1B68B3B11C6804B166
:10434000083C53F8043C03B1984774B1A268234673
:1043500042B15B68A2F10804002BF5D1F6E7BDE895
:10436000104018476368002BF9D110BDFA410500D1
:104370000442040098070020BCAB00202DE9F04F58
:1043800000F10C09074687B0484618F037FE06468C
:10439000544D002E37D0544819F0DCFAC30707D427
:1043A000504B1B7A7BB307B0BDE8F04FFFF7FABC68
:1043B0003B8A172B07D801214C4A4D4807B0BDE86E
:1043C000F04F19F0F2BA1821484618F00FFE3B8A58
:1043D00090F817B0B0F800A09B45CAF34118044606
:1043E0000AF0100A12D94248009302215B46414A62
:1043F00018F00FFC384618F032FDBAF1000F02D168
:104400000222384B1A7207B0BDE8F08FBAF1000FE4
:104410000FD002A9FFF714FD4A46E37D02A9A01CB4
:10442000FFF7A2FE4846E17D18F0D8FD013EF6B246
:10443000AFE795F808A0BAF1000F05D1B8F1000F69
:104440001ED1204602A9E5E7C27AEB799A420BD148
:10445000811C072228461EF055FE28B9B8F1020F2C
:1044600019D1FFF79FFCDDE7B8F1000FE9D0BAF1F1
:10447000010F05D10221204A1D4819F096FAD1E713
:10448000B8F1020FEDD02846A11CE27A19F071FABA
:104490000123EA712B72DFF864A0BAF80430BAF88D
:1044A00006205B44934205DD02232B72B8F1010F15
:1044B000B8D0D6E72B7A022BF8D05A465046F96886
:1044C00018F047FDB8F1010FB0D0204602A9FFF760
:1044D000B7FC5246BAF8043002A9A01CFFF744FE0C
:1044E000BFE700BFE9C2002078AB002023420500EF
:1044F000044204003C420500664205000C0A00200C
:1045000008B5074B1A89824205D103F1100019F052
:1045100021FA820701D4002008BD1846FCE700BF3D
:1045200064AB00202DE9F8430646884617460F4B3A
:104530001C68C4B154F8103C183C93B1404618F0C4
:1045400083FD0546A368424639463046B8F80490D4
:104550009847D8F80830A8F8049013FA85F5C8F8F9
:104560000050A469E5E7BDE8F88300BF5CAB00201C
:1045700073B5038A062B07D8224A0121224802B0CC
:10458000BDE8704019F011BA00F10C060721304661
:1045900018F02CFD05460088FFF7B2FF044640B92D
:1045A0002B880121194A184802B0BDE8704018F064
:1045B00026BB0421103019F0D0F908B1144ADCE709
:1045C00095F902308DF8053095F903308DF80630F5
:1045D0002879FDF7D9FE8DF80700E379E27B8DF8A5
:1045E000043000946B7952B933B96A46314620469B
:1045F000FFF798FF02B070BD0123E373FAE7002BC9
:10460000F8D1FAE723420500044204008343050081
:10461000B9430500F0B587B0C568FFF75FFC0446F5
:1046200050B92B78442B20D10121594A594807B061
:10463000BDE8F04019F0B9B900F11006022130468A
:1046400019F0A9F90120FFF74BFE034620B1012123
:10465000514A504818F0D3FA2B78442B05D13046F4
:1046600007B0BDE8F04019F0A2B92E1D304618F091
:104670008FFD314670B1684618F07FFD8CB9454812
:104680000121464A19F091F9B5F8010019F0F7F83F
:1046900007B0F0BD19F008F80146684619F069F94D
:1046A000ECE704F110060321304619F056F920BB5F
:1046B000E279EB789A4219D00121384A354819F04D
:1046C00074F9B5F8010019F0DAF81F270321304614
:1046D00019F043F928B16946204619F04AF9EB78F8
:1046E000E37139462046FFF7DDFBD1E70722694633
:1046F00020461EF007FD0028DED12F78002FE5D1DF
:1047000001213046E77319F05AF9B5F801302381D9
:10471000AB896381AB7BA381E87AFDF72BFE394639
:10472000A073102202A81EF05EFE63890321ADF87B
:104730000E30A37B30468DF8103019F00EF948B1D9
:10474000EB782046E37118F023FD6946D8B1204686
:1047500018F013FDE379042130468DF80C300294F3
:1047600019F0FBF80E4B80F001001D688DF8110068
:10477000002D8DD055F8183C183D13B1204602A9E4
:104780009847AD69F4E7204619F0F3F8E2E700BF77
:104790000144050004420400E643050029440500E5
:1047A0005CAB002010B5C1680888FFF7A9FE38B9D6
:1047B0000B880121BDE81040044A054818F01FBAD3
:1047C0001F21BDE81040FFF76DBB00BF534405003B
:1047D0000442040070B5C56886B02B787BB901210E
:1047E000B5F8010001F002F9059050B936480121F1
:1047F000364A19F0DAF8B5F8050019F040F806B0B5
:1048000070BDFFF779FB044660B92F480221304A9A
:1048100019F0CBF8B5F8050019F031F8059800F05B
:10482000E3FFECE70121103005F1080619F0C7F8A5
:10483000304618F0ADFC314600283DD0684618F0EF
:104840009CFCB5F8053023812B8A6381AB7CA38166
:10485000E87BFDF78FFD02466946A073204619F0FC
:1048600088F8EB790294E37163898DF81020ADF834
:104870000E30E37905988DF80C30B5F80330ADF8BB
:10488000123001F017F9134B1B5C0BB9124B1B785C
:10489000023B012B8CBF002301238DF811300F4BFD
:1048A0001D68002DBAD055F8183C183D13B12046AC
:1048B00002A99847AD69F4E718F0F6FE014668468C
:1048C00019F057F8BDE700BF044204008444050016
:1048D000B1440500E8C20020E7C200205CAB002024
:1048E00030B5132189B00C3018F080FB04460088E5
:1048F000FFF706FE054640B923880121224A2348D6
:1049000009B0BDE8304018F07AB9C37901908DF84C
:104910000830A3788DF80930E3788DF80A30A38841
:10492000ADF80C30A3798DF80E30E3798DF80F30A7
:10493000237A8DF81030B4F80930ADF81230627B6C
:10494000B4F80B3043EA02430593E389ADF818301D
:10495000207CFDF70FFD8DF81A00637C8DF81B306D
:10496000A37C003B18BF01238DF81C30084B1C684A
:1049700044B154F8083C183C13B1284601A99847A3
:10498000A469F5E709B030BD834305000442040083
:104990005CAB00202DE9F04300F10C07064685B022
:1049A000384618F02BFB0546DFF89C80DFF89C901A
:1049B00015B905B0BDE8F083404618F0CBFFC3073A
:1049C000F7D5338A082B07D801211D4A1D4805B0A9
:1049D000BDE8F04318F0E9BF0921384618F006FB9E
:1049E000037A328A01339A420446EDD30123ADF8AB
:1049F0000C307F238DF80630037A694603445B7AD6
:104A000001308DF80530FF238DF804300023ADF818
:104A10000A3010F8012C013D042A98BF19F8023021
:104A20008DF80720ADF80830C3793A46FFF79CFBB4
:104A3000217A3846013118F0D1FAEDB2B8E700BF5B
:104A4000234205000442040078AB00200C45050019
:104A5000F8B50546224818F07DFF43070F463CD5C0
:104A60002A78012A03D96FF015042046F8BD6B7827
:104A70000F2BF8D843F6FC746888031F9BB2A3423F
:104A8000F1D8A9880B1F9BB2A342ECD88842EAD385
:104A90007AB900220023134811F0FAFB04460028DB
:104AA000E3D1FFF7B7F9044640B10E4811F068FCB6
:104AB000DBE718F056FE0028EBD1D4E728686968D8
:104AC000094E0A4B03C6A8681F6030602046FFF7F6
:104AD000EBFB044606F12400E8E76FF00A04C4E7A4
:104AE00098070020A8AB00207CAB0020C4AB0020BE
:104AF00008B5FFF7AFFB00220A4B6FF040010A48F0
:104B00001A6018F03DFF430606D56FF48071064821
:104B100018F036FFFEF79AFDBDE808400020FFF7C9
:104B2000DFBB00BFC4AB0020980700200A4B00F198
:104B30000802196831B98160596839B9C3E900229E
:104B4000002070478A4204D00968F3E70A605A607F
:104B5000F6E76FF010007047BCAB002038B5034695
:104B60000A4818F0F7FE10F001000D460BD0084C73
:104B70000722194620461EF0C5FA28B9E379AB4250
:104B80000CBF2046002038BD0020FCE774AB00209D
:104B900064AB002038B5224B054693F891309B0654
:104BA00038D500F110020121104618F0D6FE80B170
:104BB0000121104618F0D1FE78B3288918F05FFE65
:104BC000044620B916212846FFF76CF90024204638
:104BD00038BDFFF783F9A8420246F7D1FFF77EF907
:104BE00082421AD10120FFF77BFB04460028EED158
:104BF0004FF0FF314FF0FF30FDF794FB014630B12D
:104C00002246BDE8384042F24500FDF781BF6FF013
:104C10006804DCE76FF08504D9E76FF01504D6E788
:104C2000100700202DE9F047604B054693F89130BE
:104C30008846980640F1AE80FFF750F9824600287A
:104C400040F0AB80EB790F2B00F2AA80AB89B3F573
:104C5000FA7F80F0A58043F6F672EB890A3B9BB29F
:104C6000934200F29D80FFF747F90646002800F0C6
:104C70009A804FF0FF304FF0FF31FDF753FB06F104
:104C80001007814638B9384618F091FE6FF0680475
:104C90002046BDE8F0870E210C3018F054F951463B
:104CA0000E2204461EF09FFBAB68D9074BD50321AB
:104CB000384618F084FE237843F001032370AB6874
:104CC0009A0707D52378042143F00203384623705E
:104CD00018F075FEAB685B0742BF237843F004030E
:104CE0002370AB68180748BF637B42F2440044BF9F
:104CF00043F001036373AB68D90648BF637B494641
:104D000044BF43F002036373AB689A0648BF637BFA
:104D10004FF0000244BF43F004036373AB685B06CB
:104D200042BF637B43F010036373AB89A4F809307F
:104D3000EB89A4F80B30FDF7EBFE044650B1384682
:104D400018F035FEA4E72946A01C18F012FEEB79F6
:104D50006370B4E70221384618F031FE0120FFF7F6
:104D6000A3FA044668B10120FFF7BAFA034620B15E
:104D700002210F4A0F4817F042FF3046FFF70AFFA3
:104D800086E729463046C8F8006018F0F2FDEB7956
:104D9000F3717DE76FF085047AE76FF00F0477E732
:104DA0006FF0150474E76FF00B0471E71007002033
:104DB000DA440500044204000A4B00F118021968A5
:104DC00031B98161596839B9C3E9002200207047BF
:104DD0008A4204D00968F3E70A605A60F6E76FF088
:104DE000100070475CAB00202DE9F3472F4B824643
:104DF00093F891200D46920651D593F893309B0776
:104E00004DD50988B1F5FA7F4CD243F6F6706A8821
:104E1000A2F10A039BB2834244D86B6803F03000CE
:104E200030283FD003F001049F0748BF44F002043C
:104E3000580748BF44F004041F0748BF44F010045B
:104E4000D8061ED413F0200F14BF03260226BAF191
:104E5000000F18D0504600F02DFEDFF858800746AE
:104E600018F8009008F800600094314650466B88AE
:104E70002A8818F01EFD70B108F8079002B0BDE84E
:104E8000F0870126E3E70A4D234630462F782E703F
:104E900018F03BFD08B90020F0E72F70EEE76FF047
:104EA0008500EBE76FF01500E8E700BF1007002072
:104EB000E7C20020E8C2002070B53D4B9AB018222E
:104EC000002103A802931EF08EFA44F2010309A800
:104ED000099318F096FD099B69460493354B02A887
:104EE00005931CF037FC034610B3334A01213348C5
:104EF00017F085FE1F25324BD3E8EF1F21F001018B
:104F0000C3E8E21F002AF7D12E4E11F0E1FF34680A
:104F1000002C46D0002D2C4D18BF0025043C2368E2
:104F20000BB1284698476468002C3AD0043CF6E759
:104F300001AB4122009809A91CF0DEFA034608B132
:104F4000224AD3E7224A0DF125030DF1650153F8FA
:104F5000040B8B4242F8040BF9D101AB20221D490E
:104F600000981CF0A9FA034608B11B4ABEE7009856
:104F700013F002F9054610B1184A0346B6E7144982
:104F8000114818F04BFD1648203118F047FD154B1D
:104F9000D3E8EF1F41F01001C3E8E21F002AAAD0B6
:104FA000F6E70023C6E9003311F0A6FF1AB070BD82
:104FB000127100010000020919450500BC410400FE
:104FC000C8AB0020D0AB002037C400203745050017
:104FD000F7C30020D7C300205A4505007E450500D1
:104FE00057C4002098070020042330B5A7B03D2205
:104FF000002116A815931EF0F6F9304B1822002157
:1050000007A806931EF0EFF944F201030DA80D93D3
:1050100018F0F7FC0D9B20220893294B294909938E
:1050200006A804AB13F0F8F80346E0B1264A0121C4
:10503000264817F0E4FD6FF0040411F049FF244BFB
:105040001D6865B100201860224BD3E8EF1F21F0E6
:105050000201C3E8E21F002AF7D144B3A84711F0C8
:105060004BFF27B030BD1C4B0DF15502194603F123
:10507000400053F8044B834242F8044BF9D105AB8E
:10508000029320230E48CDE9001315AA4123049969
:105090001CF012FB034608B1104AC8E7049813F04D
:1050A0006BF804460028C8D00D4A0346BFE70DA898
:1050B000094918F0B3FC0DA8D0E700BF1271000138
:1050C00000000209D7C300209E450500BC41040032
:1050D000CCAB0020C8AB0020F7C30020D4450500AE
:1050E000F0450500402208B503491EF00BF8B0FA60
:1050F00080F0400908BD00BF5846050010B51D4BA3
:105100009AB018220446002103A802931EF06BF9FE
:105110004FF4804309A8099318F073FC099B2146BA
:105120000493154B0DF12500059304238DF82430CD
:1051300018F074FC04F120010DF1450018F06EFC2C
:10514000412201AB09A902A813F066F8044602A89F
:105150001CF078FB2CB9019813F00EF801201AB05E
:1051600010BD064823460121054A17F048FD0020DE
:10517000F5E700BF1241000100000209BC41040034
:105180000D46050010B5002834D01D4A136823B120
:10519000043B984231D05B68F9E71A4BD3E8AF1F64
:1051A000890707D518480221184A17F01FFD6FF02C
:1051B0000F0010BD1468011D44605068116000B9F3
:1051C0005160D3E8EF2F42F00101C3E8E01F00284F
:1051D000F7D1D30701D50020EBE70D4BD3E8EF1F44
:1051E00021F01001C3E8E21F002AF7D10948FCF7BB
:1051F000B7FBF0E76FF01500DBE76FF07700D8E75B
:10520000D0AB0020C8AB0020BC41040031460500F3
:1052100098070020280A0020044BD3E8AF3F13F082
:10522000100F034808BF0020704700BF98070020F8
:1052300037C4002070B50546194803688B4228D052
:10524000184BD3E8AF3FDA0626D5036813B16FF0E9
:105250000F0070BD144AD2E8AF3FDB07F7D4D2E8A5
:10526000EF3F43F00204C2E8E64F002EF7D113F0FF
:105270000204ECD1016029460C4818F0CFFB0C4821
:1052800005F1200118F0CAFB0A48FCF769FB20462B
:10529000DFE76FF07700DCE76FF07C00D9E700BF55
:1052A000CCAB002098070020C8AB0020F7C300203B
:1052B00017C40020180A002070B505460B4B1C6867
:1052C00044B154F81C3C1C3C13B12846297B984738
:1052D000E469F5E7064C074EB44200D370BD23687D
:1052E00013B12846297B98472034F5E718AC0020F5
:1052F000C44004004441040010B50446FCF762F9C0
:10530000044901EB0011204617F08EFFBDE8104064
:10531000FDF77ABAE4AB0020002270B50446D1E96B
:1053200001560748C1E901221BF0E4FB3DB13146BB
:1053300020462B46BDE870406FF06D02184770BDE7
:10534000DC13002070B50546002200230E4811F042
:10535000D3F8B8B90D4B1C6834B154F8143C1C3C5C
:1053600003B19847E469F7E7094C0A4EB44204D305
:105370002846BDE8704011F097BAA36803B198477A
:105380002034F3E770BD00BF2C12002018AC0020C1
:10539000C4400400444104002DE9F843044640277A
:1053A0000025DFF85080EFF3118387F31288BFF3F5
:1053B0006F8FE16929B983F31188BFF36F8FBDE85F
:1053C000F883206A0A68814208BF2262E26183F39F
:1053D0001188BFF36F8FD1E901694046C1E90155DA
:1053E0001BF088FB1EB1002249462046B047FDF75E
:1053F0000BFAD8E7DC13002030B5044685B0043042
:10540000D0E8EF3F43F48062C0E8E12F0029F7D1F4
:105410005D0547D418F027FB10F4803F224D30D0B3
:1054200095F89130D90710D5022300211A4620465D
:10543000009118F025F8034620B101211B4A1C48B1
:1054400017F0DDFB637B072B2CD195F890309B0682
:1054500028D517F06DFF28B30DF10E0103A8FDF755
:1054600061FCF8B92046BDF80E20BDF80C1017F00D
:10547000E8FF0346B0B101210E4A0D4817F0BFFB0B
:1054800010E095F890301A07CAD5204617F0BEFFF5
:10549000034620B10121084A054817F0B0FB637BA1
:1054A000072BBDD005B030BD10070020C046050059
:1054B000A4410400D74605009F46050008B50349EE
:1054C00003481BF017FB002008BD00BFD8AB00202D
:1054D000DC1300208378082B084B0AD1B3F8D800DE
:1054E00030B193F8DA20DC33002A14BF18460020CC
:1054F0007047B3F8BC20C033F6E700BF10070020A8
:1055000030B504461EF040F80D460D4A0D498BB0EB
:105510000858D2F8F810884205D120460BB0BDE8F3
:105520003040FFF739BF2434214610461BF09BFB67
:105530001DB1694620461BF0A6FB0BB030BD00BF75
:10554000E85E00200800000038B5002204468A42C8
:1055500002D10024204638BD012004F1CC03D3E859
:10556000EF5F002D04D1C3E8EC0FBCF1000FF6D1C2
:1055700002D0D0340244EAE7002CEAD0CC22002149
:1055800020461DF030FF04F1400004491BF09DFB54
:10559000034904F124001BF04AFBDBE7DD61020054
:1055A0006DDA0300F7B504460D4601211646FFF7F4
:1055B000A7FFA378082B07D132462946204603B01F
:1055C000BDE8F04004F0ACBF012E27D0022E54D12C
:1055D00023693BB132480121324A17F007FB2046CC
:1055E00018F068FA256121690B8A012B55D9CA6820
:1055F0001288043292B293424FD3A078022843D04B
:10560000934241D9012100922548274A17F001FB16
:10561000204603B0BDE8F04018F04CBA206940B90C
:10562000224A31461E4817F0E1FA204618F042FAA5
:1056300001E02F8A2FB9284603B0BDE8F040FCF7FF
:1056400061B80C3017F004FD87420CD9184A314676
:10565000134817F0CBFA00222046216901F00EF81A
:1056600000232361E7E720692A8AE9680C3017F0F4
:1056700070FC2846FCF746F8B5E7012133460D4A91
:10568000074817F0BCFAD0E7002301222046236127
:1056900003B0BDE8F04000F0F1BF03B0F0BD00BFC3
:1056A000A4410400F34605007347050010470500B8
:1056B0002E4705005547050038B50121044600F185
:1056C000C003D3E8EF2FC3E8E51F002DF9D152B98D
:1056D00018F0F9F911F0FCFB054804F1BC0118F0D1
:1056E000A7F911F009FCBDE83840FDF78DB800BFFF
:1056F00008080020F8B5394B5A8B32B1384ED6F82D
:10570000F84034B900242046F8BD1B68002BF5D1C1
:10571000F8E754F8BC1901B1BC390025314F01E05C
:105720000C4619462046FFF7D5FE83684BB904F1B5
:10573000BC050029E6D0D1F8BC30002BF0D0BC3B32
:10574000EEE73B68002BF2D0D4F8A830002BEED067
:10575000D4F8AC30002BEAD0D4F8B030002BE6D02F
:10576000627B072A0DD12046984750B104F1C4004E
:1057700018F079F9022804DC2046BDE8F84018F05A
:10578000A2B9D4F8BC3004F1BC02FDB9D6F8FC10C3
:10579000C6F8F8308A4201D1C6F8FC30002204F184
:1057A000C003C4F8BC20D3E8EF1FC3E8E02F0028F3
:1057B000F9D12046D4F8B03098470028A3D0637BB5
:1057C000072BA0D12046FFF777FF9CE72B60D6F888
:1057D000FC309A4208BFC6F8FC50DFE7781400207E
:1057E00010070020DC13002037B5CC3010F8CA5C5D
:1057F00010F8C94CD0E8EF3F5A1EC0E8E12F00294D
:10580000F8D101A8019318F02EF901280BD107480F
:1058100010F038FE064811F047F8012D03D1012C95
:1058200001D1FEF7A3F903B030BD00BF2C12002058
:10583000480A0020F8B5467B04468E420D4600AF6C
:105840001BD1082E98BF5F4B6C4688B094BF53F8AD
:1058500026305D4B6A465D49C2E905134FF400737B
:1058600093835B4B42F8103F00234FF4E4515948B7
:10587000FAF770FCA546BD46F8BD417326B983789A
:10588000082B01D018F01FF9637B082B00F29780DA
:1058900001A252F823F000BFF35802007159020030
:1058A00077580200775802007758020077580200B4
:1058B00077580200BD58020077580200A378042BE5
:1058C000D9D00021444811F059FFA378082B03D107
:1058D000204604F0F9FDCEE70023C4E90D33E37858
:1058E000012BC8D100233D4A04F1400011F04CF8CF
:1058F000C1E7A378042B03D12046FFF775FFBAE771
:10590000082EB8D801A353F826F000BF635902004F
:105910003159020055590200F9580200F9580200A5
:10592000F9580200555902006359020063590200F8
:1059300004F1400528461BF0D4F901212046FFF769
:10594000DFFD204618F0B6F800220023284611F0AB
:105950004FF890E7237B002BCED02046FFF7ACFC1E
:10596000CAE72B461E4A02211A4817F048F982E777
:10597000237B3E2B0FD16D4688B06A46194BC2E996
:105980000534032342F8103F00234FF4C45111485B
:10599000FAF7E0FBAD46616911B9FCF735FF6AE73C
:1059A000A2690B68914208BFA36120466361FFF7BB
:1059B000B3FC2046FFF78EFD10F064FDEBE70A4ACA
:1059C0002B46D0E7A05104008E47050098470500FC
:1059D00003000001A4410400580A00205A6202009A
:1059E000A9470500C0470500E747050070B5024616
:1059F00005460E460E48012118F07CF8044648B9C9
:105A00002A4602210B4818F075F8044610B9002404
:105A1000204670BDA3781E42FAD102212B46064AC9
:105A2000064817F0ECF82046FFF7DEFEEFE700BF70
:105A3000582F00206032002003480500A4410400D4
:105A4000F8B5074614480C46154618F03CF80646CB
:105A500020B183781F4219D1FFF7C6FE3B0719D545
:105A60000E4818F030F8064620B12946A0473046C7
:105A7000FFF7BAFE0A4818F026F8064650B1294644
:105A8000A0473046BDE8F840FFF7AEBE2946A04724
:105A90003046E1E7F8BD00BF582F002060320020FB
:105AA00030330020002201200149FFF7C9BF00BFA9
:105AB000A9DA03008378054A082B0CBF044B054B79
:105AC000C01A03115343D8B2704700BFC54EECC48F
:105AD00060320020582F002070B51C461443054644
:105AE0000E460DD01DF050FD1149D1F8F840114976
:105AF00009588C4206D102210F4A104817F076F857
:105B0000002213460E49002D14BF2846084617F000
:105B1000ABF9044630B902210A4A084817F066F882
:105B2000204670BD711D0C3017F002FAF8E700BF77
:105B3000E85E0020080000001A480500A4410400A7
:105B4000F41300204348050010B50446054810F042
:105B5000ABFE204600F016FC2046BDE81040FFF7E3
:105B6000ABBB00BF380A00202DE9F04F002587B0FD
:105B700000AFFD607D61FFF7BDFD0446002800F029
:105B80000381437B072B12D06E4688B06A46854B53
:105B9000C2E90530032342F8103F4FF4C4512B46AD
:105BA0008148FAF7D7FAB546FCF72EFEE9E082788D
:105BB000DFF80C92082AD0F8A8300CBFB9F8D8103A
:105BC000B9F8BC1007F1100298470646002800F00B
:105BD000D880A3783A69082B0CBFB9F8D830B9F847
:105BE000BC30934208D30146D4F8AC50204607F1AC
:105BF000140307F10C02A847D7E9035B338AD7F8EF
:105C000014A0002B00F0C780304617F023FB78600B
:105C1000002840F0C3802046FFF75CFC00220023F0
:105C200010F06AFC58B900220023604810F0F8FB1D
:105C3000804688B92046FFF74DFC10F023FC6FF03A
:105C40000B083046FBF75EFD002D00F084804246D5
:105C500051462046A8477EE0C0E9015AA3780022B9
:105C6000082B0CBFB9F8D8A0B9F8BCA00023D345C5
:105C70004FF000014E4898BF1FFA8BFAFBF7C4FCA7
:105C8000054650B1FBF79EFC4A4B524603EB00130E
:105C90003146284617F0A3FA0546A37894F8C86061
:105CA000082B0CBFB9F8D830B9F8BC3004F1C409DE
:105CB0009B4584BF01237B607B689CBF0236F6B2A4
:105CC00084F8C830D9E8EF3F0133C9E8E23F002A41
:105CD000F8D104F1140A4146504617F0A9FEA37802
:105CE000012B55D105F10C0B0421584617F065F92D
:105CF000238806F0FD0643EA063303802B8A02213F
:105D0000043B4380584617F060F92846FCF706FC30
:105D1000064600283FF448AFD9E8EF3F013BC9E809
:105D2000E23F002AF8D14146504617F0A2FE224A2F
:105D3000334601211C4816F062FF2846FBF7E2FCBF
:105D400020464146FFF7E8FA2046FFF7C3FB10F074
:105D500099FB6FF004086D4688B06B46174ADC610A
:105D6000C3E905281A46042342F8103F4FF40151B5
:105D70000D480023FAF7EEF91321AD46204617F03F
:105D8000DFFE2046FFF730FD1C37BD46BDE8F08F33
:105D90006FF01506C0E76FF0790852E76FF004085E
:105DA0004FE700BF6C480500A4410400DC1300204D
:105DB00078140020E4AB00203E3A0500834805003B
:105DC00010070020F8B5031D0446184617F04BFED7
:105DD000820415D5B4F88620B4F8881091420FD803
:105DE000B4F88A1091420BD3D4E92312914207D11F
:105DF000D3E8EF1F21F40051C3E8E21F002AF7D1D6
:105E0000104B1D686DB155F80C6C1C3D3EB1204621
:105E1000B4F88E30B4F88C20B4F88610B047ED6931
:105E2000F0E7094D094FBD4200D3F8BD2E693EB1E0
:105E30002046B4F88E30B4F88C20B4F88610B04701
:105E40002035F0E718AC0020C440040044410400B1
:105E50002DE9F041074608460D4617F06BFA064655
:105E600018B900263046BDE8F081144B1C6884B197
:105E700054F8103C1C3C0BB9E469F8E72946384655
:105E800098470028EDD0284617F054FA0028F3D19F
:105E9000E7E70B4CDFF82C804445E3D2E3680BB90D
:105EA0002034F9E72946384698470028D9D02846B3
:105EB00017F040FA0028F3D1D3E700BF18AC002058
:105EC000C4400400444104002DE9F041C378044675
:105ED0008BB900F17E06114B1D687DB11C3D04F1AC
:105EE00070076B691BB13A46314620469847ED6909
:105EF00025B11C3DF5E700F17706ECE7084D094FA9
:105F000004F17008BD4201D3BDE8F0816B691BB19B
:105F100042463146204698472035F3E718AC00202A
:105F2000C440040044410400F8B5437A0546837236
:105F3000164617F098FF0D4B1C684CB154F8043C02
:105F40001C3C1BB132462846697A9847E469F4E75D
:105F5000074C084FBC4200D3F8BDA3691BB13246C1
:105F60002846697A98472034F4E700BF18AC00202F
:105F7000C44004004441040038B505460C460F48AF
:105F80000121FFF7E1FAC0B1057223680367A38816
:105F9000A0F87430A37980F87630012343728372BD
:105FA0008370074BC0F8A830064BC0F8AC30064BE6
:105FB000C0F8B030054BC0F8883038BD582F0020ED
:105FC000AD64020051DA030045DA0300180028002E
:105FD00070B505460A480E4617F075FD044620B117
:105FE0008378012B04D0FFF7FFFB0024204670BD0F
:105FF0003246294617F0DEFD0028F7D12046F2E7A9
:10600000582F0020B0B500AF0D46FFF7E1FF044662
:1060100010B32846FBF73EFC637B6D46082B98BF08
:106020000E4A8AB094BF52F823300D4B6A46C2E93B
:1060300007030C4B0C4953620C4BC2E9051442F8A0
:10604000103F00234FF442510948FAF783F82046E5
:10605000AD46FFF7C9FB0120BD46B0BDA05104000D
:106060008E47050001030204A64805000500000252
:10607000A4410400F8B505460E480E46174617F031
:1060800022FD044620B18378012B03D0FFF7ACFB3F
:1060900000240DE036B13246294617F08BFD08B9D1
:1060A0002046F3E7637BBB42FAD1237AAB42F7D1B8
:1060B0002046F8BD582F0020002238B583780C46C2
:1060C0000B70C37805464B70037A8B70437BE27785
:1060D000023BDBB2062B8EBF13462349CB5C2377F2
:1060E00017F0D3FD6077284617F08BFDA077AB78CB
:1060F000012B04D0082B33D06FF0150038BD05F10B
:106100007003A3602B7A194AC3EBC3031344636083
:10611000E97805F17E0305F1770211B119461346BE
:106120000A46C4E90323B5F88630A382B5F88C305B
:10613000E382B5F88E302383D5F89C3023B15B7BA6
:10614000DA0644BF0123E377D5F89C3033B15B7B9B
:106150009B0603D5E37F43F00203E3770020CDE7FE
:10616000034BC4E90133F9E7044905001007002097
:106170005734050038B5044608460D4617F0DAF8DE
:1061800038B3154B93F89030990707D4E37873B17F
:1061900029462046BDE8384000F09CBA94F8943077
:1061A0009A07F3D5201D17F05EFC4304EED4294670
:1061B000204617F099FD58B92B88A4F888306B88D1
:1061C000A4F88A30AB88A4F89030EB88A4F8923019
:1061D00038BD6FF01500FBE710070020F7B510F889
:1061E000333C0446A0F140060BBB304617F023FEBB
:1061F000284B1D684DB155F8183C1C3D1BB130466D
:1062000014F8341C9847ED69F4E7234D234FBD4241
:1062100005D3304603B0BDE8F040FFF7E5BA6B6840
:106220001BB1304614F8341C98472035EFE710F8BE
:106230003E3C012B25D1A0F13C05D5E8EF3F23F4EE
:106240000052C5E8E12F0029F7D19B0411D5A36CBA
:1062500069460093236D30460193FFF78BFF034699
:1062600088B9D5E8EF3F23F48053C5E8E23F002A20
:10627000F7D1D5E8EF3F43F40063C5E8E23F002AD9
:10628000F7D103B0F0BD0221054A064816F0B7FC6D
:10629000EFE700BF18AC0020C440040044410400F4
:1062A000DF480500A441040008B568B1094B00F1BE
:1062B0000C011A6822B9074817F0BAFB104608BD4E
:1062C000914204D01268F5E76FF01500F7E76FF020
:1062D0007700F4E720AC002010B50C481AF0FEFB64
:1062E0000B490A481AF006FC0A4908481AF002FC51
:1062F000094906481AF0FEFB18F09EF903F0AAFEC1
:10630000044608B917F017FE204610BDDC13002024
:10631000F4AB002000AC00200CAC002008B5034614
:106320000121034A034816F06AFC002008BD00BFA3
:1063300094490500EC41040080B500AF88B06A467E
:10634000074BC2E90530032342F8103F00234FF406
:10635000C2510448F9F7FEFE6FF00B00BD4680BD48
:10636000BC490500EC410400044B1A680AB1FFF770
:10637000E3BF0348586010460B6070472CAC002008
:10638000E4510400F7B504460026224D224FBD42D9
:1063900001D303B0F0BD20466B6801A998470028DF
:1063A00033DB019B2A889A829A84A86803F1100241
:1063B000D2E8EF1FC2E8EC6FBCF1000FF8D1C3E9DF
:1063C00013669E649E60A16B03F10802F9B9C4E9EB
:1063D0000D221C60D86003F130001AF07FFB019899
:1063E00043681B6803B19847019B1033D3E8EF1F44
:1063F00041F00101C3E8E21F002AF7D10198436888
:10640000DB6913B100F1100198470C35BFE70A6052
:10641000A263DEE7A0400400C440040070B5044657
:1064200052EA03000AD01DF0AFF8074D074ED5F829
:10643000F8503058854204BF002213462046BDE87C
:1064400070400431FFF748BBE85E00200800000000
:1064500073B5054618462B680BB35B7B072B1ED123
:10646000002A14BF022301230E7A9E4209DD012176
:106470000C4A0D48009616F0CCFB6FF0150002B0E8
:1064800070BDCB7A072BF8D9C8618A6105F130005D
:106490001AF030FB284617F052FC0020EFE76FF0AF
:1064A0007F00ECE7E3490500EC4104002DE9F047EB
:1064B0000E469146D0F8B44000AF4CB1483C236B37
:1064C0006BB104F1300A50461AF029FB054658B961
:1064D000FCF79AF900252846BD46BDE8F08720461E
:1064E00017F04AFCA46CE8E716F0B4FE80B16C46E5
:1064F00088B06A462C4BC2E90535032342F8103FA9
:1065000000234FF4C2512948F9F724FEA546E1E7DC
:10651000284616F0D8FC236D0546B3B9A38CB0F815
:106520001080403B9BB23F2B03D8238D984528BF5A
:106530009846042105F10C0016F03FFDA0F80080FC
:10654000A38C438008F104032365236D2A8AB34298
:106550000ED8934215D0A38C403B9BB23F2B20D941
:10656000204617F009FC236B13B1204617F0E7FB18
:10657000236D9E422CBF00269E1BC9F80030266565
:10658000A9E70022002350460FF04AFFFBF7BAF8B4
:10659000A38CA3F140023F2AE2D8054AAA61EB612D
:1065A000DEE700221346F9E7034A0500EC41040048
:1065B000E9DE030073B50D460646042105F10C0023
:1065C00016F014FD2B8A428804469A4207D00092A6
:1065D0001C4A01211C4816F01CFB02B070BD437818
:1065E0003BB90121194A184802B0BDE8704016F0C5
:1065F000FDBA0378012BF0D0132B06D1022AECD080
:10660000022300931346124AE3E70221114A0E487F
:1066100016F0F5FA617802220120356817F040FC87
:1066200004460028D9D002210C3016F08CFC00233F
:10663000214603704370284602B0BDE8704017F051
:1066400060BC00BF1B4A0500EC4104003C4A050049
:106650005D4A0500884A050008B50B8A032B06D859
:106660000121044A044816F0C1FA002008BDFFF7D2
:10667000A1FFFAE7B04A0500EC41040038B50B8AE7
:106680000546032B0C4609D801210F4A0F4816F086
:10669000ADFA2046BDE83840FBF734B8042104F1D8
:1066A0000C0016F0A3FC4188284617F03BFC30B9DB
:1066B000074A0B460548022116F0A1FAE9E74368AC
:1066C00021465B699847E4E7CE4A0500EC410400A7
:1066D000EB4A050070B5124B0C461978054601319E
:1066E000C9B2012938BF012108221220197017F000
:1066F000D7FB064688B108210C3016F024FC22880E
:106700003146028062884280A2888280E288C2800C
:106710002846BDE8704017F0F4BB6FF00B0070BD69
:1067200077C4002023281FD81A2804D8431E182B0A
:106730000ED906207047A0F11B03082B1ED8DFE8F6
:1067400003F0051D1B231D19251D0500032070479F
:1067500001230F4A83401A40C2B90E4A1A40002A48
:1067600014BF01200620704700F07F03522B05D193
:1067700000207047012070470520704710F0400F3F
:106780000CBF06200020704704207047022070478D
:10679000AAAA8A0254554501011F01481AF072B88D
:1067A000F810002010B5044600F15403D3E8EF1FA1
:1067B00041F00101C3E8E21F002AF7D1201F17F0C2
:1067C00079FC04F1740004491AF07FFA2068BDE8EE
:1067D000104002F057B900BF7578020070B5037819
:1067E0008AB004460E4607AD032B20D8DFE803F03D
:1067F00002191B1D11492846F6F7D7FD0595637848
:106800001E210493A37830460393E3780C4A029345
:106810002379019363790093A37914F037F90AB0CF
:1068200070BD0849E7E70849E5E70849E3E70A21B9
:106830002846074A14F02AF9E0E700BF8A24050039
:10684000AC2405009124050098240500A22405002D
:10685000255205002DE9FF414FF000084FF4205369
:1068600005460E46006802A9144617688DF8088090
:10687000ADF80A3016F025FCA0B142F601032868F5
:1068800003A98DF80C80ADF80E3016F01AFC48B153
:1068900023691BB15A88B24200D25E80012004B045
:1068A000BDE8F0816168286816F00BFC10B1002388
:1068B0002361F3E7E368A0681A786AB1B7F81AC0F1
:1068C000798D038A8C4594BFC3EB0C03C3EB0103A2
:1068D000934201DA0020E2E704210C3016F033FB8A
:1068E00020610680236929465E80074B019400934E
:1068F00038460023A26817F020FC0028EADB206954
:10690000003818BF0120CAE71BE103002DE9F04160
:1069100082B000AF044688460022002339463B4837
:106920000FF0C4FB0546B0B16D4688B06A46384BDF
:10693000C2E90534032342F8103F00234FF4C2514B
:106940003448F9F707FCAD466FF00B0630460837C0
:10695000BD46BDE8F0811CF017FE2F4B3E681A586B
:106960002E4B29461A60301D28221CF03CFD346055
:106970003C6800220023C4E90155C4E909552848B0
:10698000391D7D600FF092FB064688B123686C4686
:1069900088B06A462349C2E90513032342F8103F31
:1069A0004FF4C4512B461B48F9F7D4FBA546CBE75F
:1069B0007B680146B02218461CF015FD1A4A826019
:1069C00060301AF08BF87B685833D3E8EF2FC3E8B8
:1069D000E16F0029F9D17B681C60636A7D681BB98F
:1069E00004F10C001AF07AF8626A05F1A803C5F800
:1069F000A820A26A636202B9A36217227B685A8543
:106A00005A830433C8F80030A0E700BFDC10002030
:106A1000274B05005C41040008000000C8AC0020C2
:106A2000F81000204C4B0500680A00202DE9F743C0
:106A30001768054688460068516814467E6816F057
:106A400040FB8146002842D130469522294618F065
:106A500003F90646207540B1E3681B780BB184F852
:106A60001490002003B0BDE8F083A06816F02FFA60
:106A700002210C3016F067FA164B2061A0F8008056
:106A800000930194334629463846A26817F055FB17
:106A9000002807DA10F1FF0F32BF0E204042C0B2CB
:106AA0002075DEE72369002BDBD0A06817F04EFAD3
:106AB0007B8B7A8D9A4294BFC0EB0200C0EB03003F
:106AC000E3681B78984294BF00200120CAE70120A8
:106AD000C8E700BF5DDF030073B50D46438D418BF2
:106AE00001328B4228BF0B469A42064609D9022141
:106AF00000921F481F4A16F08CF80024204602B06E
:106B000070BD2846FFF70EFE022812D0042810D0D0
:106B10001CF03AFD184B1958184BD3F8F8308B423B
:106B200016D0174B1B685A1A18BF4FF0FF32134686
:106B300001E00023134A00211348FFF76FFC0446CD
:106B400040B901212B46114A094816F058F8D4E7FC
:106B50000022ECE7FAF736FD18220D4B012102FB6B
:106B6000003304F10C009E6016F0EDF90570C5E7E6
:106B70005C410400714B050008000000E85E002045
:106B8000C8AC00201C4E0E002014002094490500C3
:106B900080AC00202DE9F04F42F60103002591B0B2
:106BA000166880460F4600680BA9D6F80490144674
:106BB0008DF82C50ADF82E3016F083FA002870D0E6
:106BC0004FF42053D8F800000BA98DF82C50ADF8E5
:106BD0002E3016F076FA38B1A3681BB15A88BA4243
:106BE00000D25F8001200EE06168084617F0AEF920
:106BF000728D738B9A4294BFC0EB0200C0EB03000E
:106C0000032803D8002011B0BDE8F08F084616F025
:106C10005EF90546606817F099F9728B738D05F17E
:106C20000C0B9A4294BFC0EB020AC0EB030A584611
:106C300016F00EFA824537D2606817F087F9728D28
:106C4000738B9A4294BFC0EB0200C0EB030070B993
:106C50006368987AFAF7AEFC0022002316F004F974
:106C600005460028CED00146606816F041F90023A1
:106C70000093D8F8046010234146484602AAB04762
:106C8000061E0EDB227CE068B2422BD001460BA828
:106C900016F045FA60B9237C144A0221144815F015
:106CA000AEFF0023A3609DE7584616F0D1F9CEE76A
:106CB000F2B202A906A816F032FA10B90D4A33460C
:106CC000EBE706A90BA816F0FCF90028E9D1002390
:106CD0000421637405F10C0016F035F9A0600780FB
:106CE000A3687EE702A91CF00DFAEEE7964B0500BB
:106CF0005C410400B54B05002DE9F84F07460846F6
:106D00000C46FAF75FFC18234343DFF8C8800646B9
:106D100008EB0302D2F808A0E16807F15800D0E8B8
:106D2000AF0FC00709D40121264A274817F028F9D8
:106D30006FF015052846BDE8F88FE06800781071FF
:106D4000002248F803200B78D22B0FD13B68214654
:106D5000186818F04EF9054640B101211B4A1A483F
:106D600017F00EF92046FAF7CDFCE3E704F10C002A
:106D700016F06AF9182303FB0683B4F810B09F607D
:106D8000002381461A462146381DFFF761FB054660
:106D90000028CFD010F1690F04D101210C4A0A4814
:106DA00017F0EEF86369A4F810B013FA89F3E36002
:106DB00018235E4308EB0603C3F808A048F8065002
:106DC000B8E700BFD44B05005C410400EE4B050062
:106DD000014C050080AC00202DE9F14F0546FAF783
:106DE000F1FB182202FB00F33949C81851F803A03F
:106DF0000021D0E902460779B0F80680D0F810905B
:106E00001CF0F1FAA87AFAF7D5FB6969834651B10B
:106E10006B7AD80705D4DBF8243028461B689B68BA
:106E2000984700236B612946584619F06EFE002FE3
:106E300041D0002C3FD02368002B3CD01B68002B96
:106E400039D0BAF1000F08D001215346214A224817
:106E500001B0BDE8F04F15F0D2BE201D17F02AFB9F
:106E60003846FFF75FFC052825D8DFE800F01C0353
:106E7000241C240304F15803D3E8AF3FDA0707D4F6
:106E80000121164A144801B0BDE8F04F17F078B858
:106E9000E36D83B10023124A04F1780001B0BDE82C
:106EA000F04F0FF0A5BD54F8583B1D68D4E8AF3F34
:106EB000DB07E5D556B901B0BDE8F08F4946284655
:106EC000B0470134A3B29845F8D8F4E70024F9E7B5
:106ED00080AC0020244C05005C410400D44B05002C
:106EE0001C4E0E00F7B50B8A04460D4607683BB9E9
:106EF0000121294A294817F043F8002003B0F0BDCA
:106F0000012105F10C0016F071F87B7B0646072B7A
:106F1000F3D154F8043C002BEFD000220378204832
:106F2000043C10F8327000EBC2019F420FD12A8A54
:106F300048788F78904222D9012100931748134650
:106F4000184A15F066FE012FD7D1042320E0013244
:106F50000E2AE6D102211148134A15F050FE31786D
:106F60000846FFF7DFFB0028C7D00528C5D0002959
:106F7000C3D006230022204617F0DBFABDE74B689A
:106F8000204629469847012F0346B6D10028B4D0A1
:106F900031780029B1D0EDE7434C05005C41040095
:106FA0000C520400784C05005E4C0500F0B51E46FE
:106FB00003680D460039044618BF012187B01868E0
:106FC000174617F084FE40B904F1580017F077F91E
:106FD000002844D0002007B0F0BD002E41D0182278
:106FE000002168461CF0FFF947BB236831461B6847
:106FF000304600930023ADF812300C9B1A4A0393DD
:10700000BDF834308DF80850ADF8103001238DF8FC
:1070100014306B4616F0E7FF9DF81430C3B1002F13
:10702000D8D00198FAF76EFB9DF81430002DD1D01E
:1070300032462946204617F07CFACBE70022394633
:107040002046FFF749FD01900028CED11120C2E76C
:1070500001990029BED0204617F05DFABAE7122048
:10706000B9E70120B7E700BF85DF030008B5437B20
:10707000072B06D002210C4A0C4816F081FF002095
:1070800008BD042116F04EFF10B9094A0121F3E7AB
:1070900000F15403D3E8AF3FDB0701D4054AF5E71D
:1070A00050F8040CECE700BF974C05005C4104006D
:1070B000A54C0500D44B0500F8B50F461646FFF762
:1070C000D5FFB0B1446A20461CB150F8A84904B1BC
:1070D000A83C731C194638B1428D458BAA4228BF83
:1070E0002A469A4207D264B902210A4A0A4815F090
:1070F00086FD0020F8BD32463946BDE8F840FFF76E
:10710000EBBCD4F8A85005B1A83D20460B462C4650
:10711000E2E700BFC04C05005C410400F8B5124A2C
:107120000746002311480D4615F09EFE044638B967
:1071300001212B460E4A0F4815F061FD2046F8BD8F
:1071400000F10C060921304615F0F2FE2046FAF750
:1071500039FA1822084B012102FB003330469F60A8
:1071600015F0F1FE0570E9E71C4E0E00201400201A
:10717000944905005C41040080AC00202DE9F041F9
:107180000E8A0446043EF6B2022E08468CB001D0A8
:10719000102E64D104210C3015F028FF0DF10808E1
:1071A00005884788011D3246404615F0B8FF002883
:1071B00057D09DB3002687B3AF422FD34FF420534F
:1071C000404601A98DF80460ADF8063015F079FF4E
:1071D00040BB1422002107A81CF005F9112120460C
:1071E000FFF79CFF0990002837D001210C30CDE932
:1071F000074815F0A8FE00230A90394603701A4A82
:107200000B93284607AB16F0EEFE0A9B1B78FBB9E2
:107210000998FAF777FA0A2301E03D4601232A4646
:1072200010210EE042F60103404607A98DF81C60CC
:10723000ADF81E3015F045FF0028CAD010232A46AD
:107240001946204617F075F900200CB0BDE8F08112
:107250002046099917F05FF9F6E71120F5E70420B9
:10726000F3E70E20F1E700BF556802002DE9F04377
:10727000036804460D4685B00121186817F027FD04
:1072800040B904F1580017F01AF8B0BB122005B04D
:10729000BDE8F0831022002168461CF0A4F82121EB
:1072A0002046FFF73BFF029048B34FF00108DFF89C
:1072B0005490009405F10C072B8A012B04D820462A
:1072C000029917F028F918E0384615F09FFE6B4632
:1072D0004A46014606468DF80C8016F084FE9DF85D
:1072E0000C30002BE8D00298FAF70CFA3246202135
:1072F00020469DF80C3017F01CF90020C7E711203C
:10730000C5E700BF1BE303002DE9F0430368044613
:107310000D4685B00121186817F0D9FC40B904F179
:10732000580016F0CCFFB0BB122005B0BDE8F083CA
:107330001022002168461CF056F80F212046FFF766
:10734000EDFE029048B34FF00108DFF8549000942E
:1073500005F10C072B8A012B04D82046029917F05F
:10736000DAF818E0384615F051FE6B464A460146F9
:1073700006468DF80C8016F036FE9DF80C30002B7A
:10738000E8D00298FAF7BEF932460E2120469DF861
:107390000C3017F0CEF80020C7E71120C5E700BF7A
:1073A000D5E20300F0B51D46036804460E4685B0DD
:1073B00001211868174617F08AFC38B904F1580003
:1073C00016F07DFF48BB122005B0F0BD65B310225A
:1073D000002168461CF007F839462046FFF79EFE5C
:1073E000029018B3BDF828302946ADF804300123C7
:1073F00028468DF80C300E4A6B46009416F0F3FDCB
:107400009DF80C305BB10298FAF77CF92A463146B8
:1074100020469DF80C3017F08CF80020D4E7204669
:10742000029917F078F8F8E70120CDE71120CBE7B3
:10743000D5E203002DE9F0410E8A0446043EF6B27F
:10744000022E08468CB001D0102E76D104210C30CB
:1074500015F0CCFD0DF1040805884788011D324662
:10746000404615F05CFE002869D085B377B3BD4275
:107470002DD80121606817F02AFC064678BB42F639
:1074800002038DF8000069464046ADF8023015F061
:1074900018FE20B342F60303404606A98DF8186093
:1074A000ADF81A3015F00DFEC8B1012D03D14FF61D
:1074B000FF739F4213D004F1580016F000FF00281C
:1074C00014BF002012200CB0BDE8F0813D4601231E
:1074D0002A460821204617F02CF80020F3E718224E
:1074E00000210DEB02001BF07EFF09212046FFF773
:1074F00015FE0890F8B101210C30CDE9064815F0D1
:1075000022FD0023099003700A2339468DF82C30A0
:10751000284606AB0B4A16F066FD9DF82C302BB1C1
:107520000898FAF7EFF89DF82C30D1E72046089933
:1075300016F0F1FFD1E71120C5E70420C3E70E20C4
:10754000C1E700BF2D6A02002DE9F0430F46044653
:10755000062187B007F10C0015F048FD0588B0F84A
:1075600002808288D7F80C90C5B10023B8F1000FD3
:1075700013D0454512D88DF800308DF804304FF403
:107580002053684601A9ADF80220ADF8063015F089
:1075900098FD064660B10A2301E0454601232A46CC
:1075A0000621204616F0C5FF002007B0BDE8F08395
:1075B0000146142201A83F7C1BF015FF072120463D
:1075C000FFF7ACFD0290D8B10A2341468DF8153083
:1075D000284601AB0B4ACDE9036901948DF814707C
:1075E00016F001FD9DF815302BB10298FAF78AF8D4
:1075F0009DF81530D3E72046029916F08CFFD3E7AB
:107600001120D2E7956B02007FB5CB6804461D8838
:107610005E8885B176B1B5420DD81022002168464A
:107620001BF0E1FE05212046FFF778FD019058B9D7
:10763000112007E0354601232A460421204616F092
:1076400078FF002004B070BD6B4631462846084ADA
:10765000009416F0C8FC029B23B90198FAF752F87F
:107660000A23E9E72046019916F055FFE9E700BF34
:10767000FDDF030007B50B46002102461BF084FF27
:1076800001910F4909580F480068884204D00E48FC
:10769000D0F8F800884201D10022134601A90B4816
:1076A0000EF004FD014648B9019B1C2218461BF050
:1076B0009AFE0346184603B05DF804FB0023F9E781
:1076C00008000000C8AC0020E85E00201411002073
:1076D00010B50446806818B1FAF714F80023A360C7
:1076E0002146BDE81040014819F0CCB81411002023
:1076F0002DE9F347044678300E4617461D4619F02B
:10770000F0FAE06D58B918480221184A16F038FC12
:10771000204600F08FF8002002B0BDE8F087144B3F
:107720004FF00008984205D12068C4F85C8016F03C
:107730007AFEF0E7D0F80490C0F80480E06DD0F84D
:1077400018A0FFF7C5FF2068C4F85C8016F06BFE38
:10775000B9F1000FDFD02068CDF800A03B463246DB
:1077600029460068C847D6E75C410400DB4C0500A9
:10777000CCAC0020F7B550F8044C0546002C55D091
:1077800000F1A40104F1240016F07EFD2E1F05F186
:107790005C070022002338460EF042FE024658BB2A
:1077A000AB6D2BB101466FF067033046FFF7A0FFCA
:1077B000002345F8043C05F15403D3E8EF1F21F002
:1077C0000101C3E8E21F002AF7D1636A73BB04F129
:1077D0000C060022002330460EF022FE78B96668BF
:1077E00086B921461248266019F04CF8286803B083
:1077F000BDE8F04001F09CB9F9F784FFC9E7F9F75B
:1078000081FFE6E7A26833689642636008BFA36021
:1078100077683FB1B3696FF0670100930023206878
:107820001A46B8473046FFF753FFD8E703B0F0BD1C
:10783000DC10002030B50546044655F8043B89B0FD
:10784000186816F02AFA6946FEF7C8FF2846FFF7BF
:1078500091FF1321606816F073F9034620B10121EE
:10786000024A034815F0CBF909B030BDF24C0500CF
:107870005C410400B0B588B0044654F8783D00AFD0
:10788000186816F00AFA3946FEF7A8FF6D4688B068
:107890006A460B4BC2E905374FF400739383094BDB
:1078A00042F8103F00234FF4E2510748F8F752FC2A
:1078B0002046AD46FFF7BEFF2037BD46B0BD00BF36
:1078C000104D0500030000015C410400F8B51D46A1
:1078D0000F461646F9F776FE1823044C03FB0040CA
:1078E0000123C0E90376C3800575F8BD80AC002094
:1078F00008B519F089FE38B1034601210348044A4E
:1079000016F091FF6FF0040008BD00BFC4410400F1
:10791000434D050070B50646134D40B12A4615F893
:10792000011C6C1E16F046F998B120460CE0284662
:107930000E4916F0CDFF40B90C4905F1100016F0C4
:10794000C7FF20B105F10F0070BD681EFCE70020E5
:10795000FAE73046217C04F1110216F02BF90028D9
:10796000F5D004F11000EFE701AD00205E34050012
:1079700070B50D4C054623780E46834203D1601C3A
:1079800016F0A6FF60B9237BAB420BD13146074806
:1079900016F09EFF18B101200C2303FB004070BDC0
:1079A0000020F9E70020FAE7F8C1002005C2002016
:1079B00038B54A1C0C46054668B910460D4916F004
:1079C00087FF30B90B4904F10B0016F081FF70B14D
:1079D0000A3420460CE0097816F0ECF80028F8D1BB
:1079E0002846A17A04F10B0216F0E4F8EFE7002034
:1079F00038BD00BF5E3405002DE9F04180460F46DA
:107A000016461D46FFF7B4FF044680B90F49FFF73D
:107A1000AFFF044630B9BDE8F04101210C4A0D48E2
:107A200016F072BF394600F8018B16F06FFF2289FD
:107A300063891AB92BB92681658104E0964238BF63
:107A400026819D42F8D8BDE8F08100BF5E34050074
:107A5000594D0500C441040010B50121094816F034
:107A600042FF38B90849094A0B88094CA24202D39F
:107A700000B10B8010BD5068083203449BB2012056
:107A8000F4E700BF20AD002010C2002044410400F4
:107A90005441040008B502210346034A034816F086
:107AA000C2FE6FF00D0008BD784D0500C441040012
:107AB0001FB519464FF0C8731046064ACDE9022398
:107AC0000823BDF8182000936B4416F07BFF05B027
:107AD0005DF804FB32004600024608B50749013054
:107AE00016F014FF00230C3202F8043CD2E8EF1F1A
:107AF000C2E8E03F0028F9D108BD00BF5E340500B0
:107B000070B505460C461048002116F0ECFE0F4BF0
:107B100070B91D835C830C4816F0E2FE83070DD418
:107B2000BDE8704040F23912002309480EF060BFF2
:107B3000198B5A8BA94202D89442EBD870BD94425B
:107B40001D83E8D9E6E700BFE03000209030002038
:107B5000B03000202DE9F0411F46BDF81830064630
:107B6000012B904636D83B44012B3D4635DCFFF7D0
:107B7000D1FE044668B9FFF7CDFE044648B902219C
:107B8000194A1A4816F0C0FE6FF010052846BDE8E5
:107B9000F08197B10023217A98F8002021FA03F0B0
:107BA000C70703D522FA03F0C00719D50133032B09
:107BB000F4D102F007021143217206F17001601C3A
:107BC00016F0A4FE2046337A002100F80C3B16F094
:107BD0008AFEDBE76FF00605D8E76FF00C05D5E706
:107BE0006FF01205D2E700BFA04D0500C4410400AC
:107BF00010B56FF0020104460F4816F08EFE0E48D5
:107C000016F06EFEC20704D5002200230B480EF0CA
:107C1000EFFE204616F0C7FD60B12046FFF77AFE62
:107C200040B1037ADB0705D5BDE8104000210C30D8
:107C300016F059BE10BD00BFE0300020B03000206B
:107C4000F8B56FF00801174816F067FE40F23912D8
:107C500000231548F9F77EFE0026144C144F3946D0
:107C6000204616F035FEC0B9E379DB0715D521466D
:107C7000FEF7AEF9054620B116F097FD2846FDF750
:107C8000B3FD04F10B056FF00201284616F045FE26
:107C90006FF00101284616F040FE103406B1F8BD21
:107CA0000126DCE7E03000203830002001AD002064
:107CB0005E3405002DE9F047284B164682680746DA
:107CC0009A422BD1C568AB8A43B34FF000086C1CB5
:107CD00005F11509B4F807309BB12246304614F877
:107CE000011C15F067FFE0B9214614F8010CFEF7FE
:107CF0006FF930B1437B072B08BF4FF00108FDF748
:107D000073FD0A344C45E5D1B8F1000F06D1AB69DB
:107D1000A5F8148013B14146384698470120BDE8C4
:107D2000F08706F1700A5146307A15F026FB78B9D3
:107D30000B4B9D4202D1304616F0D6FE2046094933
:107D400016F0E4FD002304F8013CA4F80730D8E75E
:107D50005146204616F0DAFDD3E700BF697D0200E8
:107D6000A80A00205E3405002DE9F8431E46BDF840
:107D7000203081460F46D1F80C80002B45D1731E70
:107D8000012B45D8012E4146157818BF1588FFF7FD
:107D90000FFE0446C0B915B93046BDE8F883414628
:107DA000FFF706FE044638B91B4802211B4A16F0AD
:107DB000ABFD6FF01000F0E709F17001013016F033
:107DC000A5FD99F808302370D8F81C308BB92581AF
:107DD000B8F81430AB4203D04146384616F0CEFD19
:107DE000002DD9D10E49601C16F090FD257025811B
:107DF000D2E72A463946484698470028CDDB013865
:107E00000128E4D96FF00D00C7E76FF00600C4E762
:107E10006FF00C00C1E700BFC4410400CC4D050069
:107E20005E34050008B500210B4816F05CFD88B9EA
:107E3000FFF712FE09490A4818F047FF002340F2F5
:107E400039120748F9F780FDBDE8084005490648A2
:107E500018F03BBF08BD00BF20AD00201581020017
:107E60003830002035860200B030002003462DE96E
:107E7000F04148B1008A38B901244FF0140C11497F
:107E8000DFF844E0714501D3BDE8F081D1E9007627
:107E9000BB4204D30CFB0672143A93420ED934440D
:107EA000A2B214460831EDE70CFB0578434507D034
:107EB00001356219B54292B2F6D1F2E70025F8E732
:107EC0001046E1E744410400544104002DE9F04F1D
:107ED00089B09946BDF8483004460F4690461BB914
:107EE0004FF6FF73ADF84830314B1B88A34230D2B8
:107EF000BDF84830ADF81E302E4B1D687DBB09B073
:107F0000BDE8F08F69685144A14220D289B28A4607
:107F10000835294B9D42F5D3EAE7149B2868049362
:107F2000139B2246039312ABCDE901930BFB060092
:107F30003B46CDF8008016F0FBFC0028DFD0013670
:107F40006B680AEB0601B34289B2E6D8DFE7002688
:107F5000F6E74FF0010A4FF0140B184DD9E74FF038
:107F6000140A083D0DF11E0BAE68BEB96B689E4247
:107F700019D22868149B0AFB0600018A0493139BFC
:107F80002246CDE902B3CDE900893B4616F0D0FC8C
:107F90000028B4D00136E9E70026E7E756F8083CA8
:107FA0001B8AA342F8D8AD68002DA8D0083DDBE7B6
:107FB00010C2002024AD00205441040044410400BC
:107FC000002110B5ADF5107D182205A8CDE90011EE
:107FD000CDE902111BF007FA4FF41053ADF8103041
:107FE00080231022ADF812304FF48063244C694690
:107FF000CDE906340DEB02008EAB10F00DF903460F
:1080000038B1204A0121204816F00DFC0DF5107DF5
:1080100010BD01464FF403720BA81BF0E4F9224691
:108020008E990BA819F0EDFA034608B1174AE9E753
:108030004FF6FF710120164A0BAB16F000FE04ABA1
:10804000102214490BA819F0F3FA034608B1124A9A
:10805000D8E7104A02F11001107811F8014D0133F0
:10806000082B02F8014B0870F6D10C4BD3E8EF1F38
:1080700041F00801C3E8E21F002AC7D0F6E700BFBD
:108080000002C003E64D0500C44104000F4E050088
:108090002BE80300283000202D4E0500E0300020A2
:1080A0002DE9F04118490446A1F1300015461E465D
:1080B000BDF8187018F028FE144816F011FC0107DE
:1080C00001D4FFF77DFF2046FFF724FC88B1037A37
:1080D000DA070ED500F10C04204616F001FCC307A8
:1080E00007D4D4E8EF3F43F00203C4E8E23F002A9C
:1080F000F7D110233A46069331462846BDE8F041B1
:10810000034B16F05FBC00BF68300020E030002059
:108110002830002008B5054816F0E2FB030703D419
:10812000BDE80840FFF74CBF08BD00BFE0300020AD
:108130002DE9F74F0446FFF78FFC236800251868E8
:108140004FF4C05369468DF80050ADF8023014F07A
:10815000B8FF20B96FF0770003B0BDE8F08F236857
:1081600001A9186841F601038DF80450ADF80630F6
:1081700014F0A7FF0028EDD04D4D0EF0A9FE2B689E
:108180002668B4F80490ABB94A4A1788002E67D124
:10819000002204F10803A2606A68002A68D1C5E9D8
:1081A0000033454816F09CFBC30771D40EF0A4FEC3
:1081B0000020D1E76B68002B77D053E902321421FD
:1081C00001FB023333F8047C002E4FD1002FDFD0A7
:1081D00023681E8ABE42DBD829680029E1D000222C
:1081E000A1F108031868008AB0424AD904F10803D3
:1081F000002A40D09168A1600029CDD09360D0E7DB
:10820000F37C318A6FF3C713F37489B9791CDBB23D
:1082100089B243F080033182F3740F4609F1FF39CC
:1082200014361FFA89F9B9F1000FE9D14746CDE7B5
:10823000B942F2D801AB5A460846CDF804A016F070
:10824000FEFC019B53B11D480121338A1C4A16F0E4
:10825000EAFA0EF051FE6FF015007DE73946DCE7D3
:1082600098464FF0000ADFF85CB0DCE7B846F8E764
:1082700013606B6095E76A68A1602B60002A90D15B
:10828000F7E7986800288CD01A46A0F10803A9E700
:108290001421D4E9002301FB0323108A33F8041CC2
:1082A000FFF72EFCFFF7CCFC80E71B68FFDE00BF6A
:1082B00024AD002010C2002020AD0020C4410400E5
:1082C000434E0500EBE70300002307B50193FFF7DA
:1082D000CDFD411C89B20846034A01AB16F0AFFC44
:1082E000019803B05DF804FBE3EA03002DE9F043D5
:1082F00087B0437B8046072B0C46164602AF40F002
:10830000A58000233B7342F603032068FB8107F13D
:108310000C0114F0D6FE0546002834D1D4F80490A0
:10832000B9F1000F05D101214B4A4C4816F0ECFA87
:108330008CE001232146009007F10802C847031E84
:1083400011DA6E4688B002AAD36104234449C2E917
:10835000051442F8103F4FF401512B463F48F7F700
:10836000F9FEB54672E0012B05D001213D4A3B489C
:1083700016F059FA6AE03B7A13F0300F66D02046C7
:10838000FFF7A2FF0446002320683B7342F6021366
:1083900007F10C01FB8114F094FE18B12046FFF7A1
:1083A00093FF0446002542F60219206839463D70C5
:1083B000A7F8029014F085FE10BB002320683B73E1
:1083C00042F6021307F10C01FB8114F07AFE054618
:1083D00000283BD1D4F80490B9F1000FA3D00223B8
:1083E00000902146404607F10C02C847031EA8DB57
:1083F000022BBAD1BB891E4214BF0120002026E007
:1084000042F603032068391D3D71FB8014F059FECC
:108410000028D2D04FF42053206807F108013D72A4
:108420007B8114F04EFE0028C7D042F6010320687D
:1084300007F10C013D73FB8114F043FE0028BCD012
:108440002046FFF741FF04460028AED10020143734
:10845000BD46BDE8F08300BF644E0500C441040082
:10846000784E05009E4E05002DE9F84315468946D5
:1084700094226968064616F0EFFB804648B1022157
:108480002A4A2B4816F040FA4FF0FF352846BDE83F
:10849000F883022230466968FFF728FF38B90221C5
:1084A000244A234816F030FA6FF01505EEE7002154
:1084B0002148AF8AFFF7DEF802370446A8B11D2134
:1084C0001E4B47613A464174C0F80C804360856199
:1084D0003046FEF7F1FD074650B915480221184A0B
:1084E00016F012FA2046FFF7F3F86FF00B05CDE710
:1084F000012342464146FFF7E9F9A98A07F10C003A
:10850000023114F020FD20F8029BAA8A29691AF092
:1085100043FF21463046A76016F028F9054600289B
:10852000B4D02046FFF7D4F8B0E700BFB74E05003F
:10853000C4410400CD4E05001C4E0E00F1E70300BF
:10854000F84E050030B504468BB0374816F0C8F930
:1085500042070D4661D514B1637B072B60D1686873
:108560000590FFF783FC2A68ADF818003AB305A917
:1085700002912E4900230191012100914FF6FF71D4
:108580000593FFF7A3FC059B1BB96FF001000BB02F
:1085900030BD6B60059B04A9186800238DF810306E
:1085A00042F60303ADF8123014F08BFD70B9059854
:1085B000C3689B799B0605D46FF01500E7E7002898
:1085C000E8D1E2E716F0F4FAADF81800BDF81800AB
:1085D0003CB1012301462A462046AB75FFF744FF14
:1085E000D5E76FF07F0307930223ADF8203042F602
:1085F0000213ADF8123005ABAC7502930C4B4FF67D
:10860000FF710193012304AA0093234609958DF875
:108610001040FFF75BFC0798B9E76FF00A00B6E778
:108620006FF07F00B3E700BF980700201FE803004A
:108630004989020073B5044650F8083C00F1300542
:108640006FF00101A0F120062846019316F065F9AC
:108650000F4B002044F81C3C0E4B314644F8183CAC
:1086600001AB44F8103C042324F8080C24F8060C51
:1086700024F80C3CFFF766FF38B9D5E8EF3F43F02C
:108680000203C5E8E23F002AF7D102B070BD00BF87
:10869000B4520400F17B02002DE9F84F90461468B3
:1086A0003F4B826805469A4200AF75D1D0F80C90D6
:1086B00009F1010609F1150AB6F80730F3B132469F
:1086C000204616F8011C15F075FAB8B14FF49572F2
:1086D0002946204616F0C0FA30B3032812D1EB46E3
:1086E00088B06A462F4BC2E9053542F8100F0023C7
:1086F0004FF4C4512C48F7F72DFDDD460A36564598
:10870000DAD149E0052820460CBF4FF0030B4FF0AB
:10871000020B15F0BAFA834506D998F804305B4588
:10872000ECD288F804B0E9E74946284616F026F965
:108730001E4B994530D1207A04F17001FFF718F9EA
:10874000054648B303890BB943892BB32046FDF78F
:10875000B1F92B89164A698922F8203002EB80038F
:10876000598018231349144D03FB001300B202EB88
:1087700080021A61042200EB40005D600F4D01EBA6
:10878000C00120469D609A82FFF7DCFE20B10121E6
:108790000B4A054816F0B8F80120BD46BDE8F88F31
:1087A000697D02001F4F0500C4410400A80A002093
:1087B000F4C10020E8AC0020B45204003FEB0300F9
:1087C000334F0500F8B514460F46942261680646FB
:1087D00016F042FA38B11E4802211E4A16F094F8EB
:1087E0004FF0FF30F8BD012230466168FFF77EFD93
:1087F00038B917480221184A16F086F86FF01500AC
:10880000F0E7A2891B2130460232FEF755FC0546EF
:1088100038B90F480221114A16F076F86FF00B00B4
:10882000E0E7A1890C30023114F08DFB20F8027BC7
:10883000A289A1681AF0B0FDD4E9041228460123E8
:10884000FFF744F829463046BDE8F84015F061BF0F
:10885000C4410400B74E0500CD4E0500504F050041
:1088600030B504468BB0354816F03AF842070D464D
:108870005DD514B1637B072B5CD168680590FFF769
:10888000F5FA2A68ADF818003AB305A902912C4907
:1088900000230191012100914FF6FF710593FFF72D
:1088A00015FB059B1BB96FF001000BB030BD6B6071
:1088B000059B04A9186800238DF8103042F60303C5
:1088C000ADF8123014F0FDFB70B90598C3689B79C0
:1088D000DB0605D46FF01500E7E70028E8D1E2E7F2
:1088E00016F066F9ADF81800BDF818002CB1014675
:1088F0002A462046FFF766FFD7E76FF07F0342F670
:10890000021207930123ADF8122005AA02920D4A24
:10891000ADF82030CDE900324FF6FF71234604AAAE
:1089200009958DF81040FFF7D1FA0798BDE76FF071
:108930000A00BAE76FF07F00B7E700BF9807002092
:108940001FE80300498902002DE9F84F1446474B00
:10895000826881469A4236D1D0F80CA0444B9A45A1
:1089600019D10026434D444F3946284615F0B0FF33
:1089700078B90722294615F8010CFDF77BFB38BBB7
:10898000236929461A6915F8010C53881288FFF7E4
:1089900033F80C35D6B10AF101070AF1150BB7F817
:1089A0000720A3899A420BD1394617F8010CFDF72D
:1089B0000FFB054620B1437B072B0CD0FCF714FFBF
:1089C0000A375F45EBD14FF001084BE00126CBE7BA
:1089D000FCF70AFFDDE7DAF8203023B14946984773
:1089E00008B92846EAE794224946284616F034F9A1
:1089F000804628B10221214A214815F085FFF0E781
:108A0000A389022B15D1B7F8073013F0020604D161
:108A10002846FCF7E9FEA660D2E728462269A1882D
:108A2000FFF722FD0646B8B92269937D013393759D
:108A3000EEE7012B05D02846FCF7D6FEC4F80880E7
:108A4000BEE7B7F8073013F00106E1D028462269E7
:108A5000A188FFF7B7FE06462846FCF7C5FE002EA4
:108A6000A660ADDA4046BDE8F88F00BF697D020020
:108A7000A80A0020F9C100205E340500B74E0500A9
:108A8000C441040013B50446009001204FF6FF7165
:108A90006B460C4A8DF8040016F0D1F8204615F00C
:108AA000F4F89DF80410884209D2204615F0B6F873
:108AB000034620B10221044A044815F0B4FE02B076
:108AC00010BD00BF99860200794F0500C441040023
:108AD000F8B505460E461746064B1C684CB154F8CF
:108AE000043C043C1BB13A4631462846984764682A
:108AF000F4E7F8BD2CAD002037B5012504464FF64C
:108B0000FF7100906B462846084A8DF8045016F015
:108B100096F80021204616F0DAF820B94FF6FF71DA
:108B20002846FEF7EDFF03B030BD00BF9986020076
:108B300070B5044603464FF6FF7101200D4A16F04A
:108B40007EF82046FEF7E6FE054688B104F1700681
:108B50003146207A14F011FC20B92846BDE8704057
:108B6000FEF7BABF3146681CBDE8704015F0CEBEB6
:108B700070BD00BFB57C020008B5054B0146184624
:108B800016F0E1F8043B002814BF1846002008BD89
:108B9000EC300020084B00F5B8701A68074BD0E89D
:108BA000EF1F994204D1C0E8EC2FBCF1000FF6D1C1
:108BB000D0E8AF0F704700BF28AC0020E83000209D
:108BC00008B5FFF7E7FF0346C8B1D0E9001221B9A5
:108BD000002A0CBF0320022010E032B1836813B9D1
:108BE000094B1B7833B9042008E00749087828B1FD
:108BF0009B6833B9003A18BF0122500008BD03201A
:108C0000FCE70120FAE700BF78C4002008B5012185
:108C1000024A034816F095F8002008BDAD4F050044
:108C20001C4204000023024A00F5A0700DF0E0BED3
:108C30001C4E0E000221024A024816F082B800BF04
:108C4000C84F05001C42040038B5002304461A46EC
:108C5000EC300D46FDF7FCFB58B1693004D1012121
:108C6000064A074816F06DF82846BDE83840F8F780
:108C700049BD2046BDE83840FFF7D4BF014C050090
:108C80001C42040038B50446051D0821284616F08C
:108C90009BF8084904F15700FCF7CCFA48B10821C9
:108CA000284616F077F804480121044A16F049F8DE
:108CB000082038BDF9EF03001C420400E14F050015
:108CC00038B50546EC2200211AF08DFB102105F184
:108CD000270006F063FA044648B90521284616F035
:108CE00073F8FCF799FA034B1860204638BD082446
:108CF000FBE700BF34AD002070B5051D0E462846C9
:108D0000042116F020F868B1002200210023084653
:108D1000FDF784FB044638B90421284616F054F8C0
:108D2000204670BD034AF0E701210C3014F00BF926
:108D30000670F5E71C4E0E0070B504460E4686B070
:108D4000FFF728FF04F137021146F368054603F1E7
:108D5000100053F8046B834241F8046BF9D1237A75
:108D6000052B00F29580DFE803F017232303936AB5
:108D700002AB4B490093096804F1270304F1570043
:108D800004F0CCF958BB0A21201D16F01DF8AB6881
:108D90000299D4F8EC00984720460D2116F014F8FB
:108DA000201D102116F010F8204616F01DF820E0C6
:108DB00094F8DC10D4F8D83002ADCB40384903F039
:108DC00001030095096843F0800304F1570017F090
:108DD00014F830B10121334A334815F0B2FF0820AE
:108DE00007E01022294604F117001AF08BF910B1A0
:108DF000042006B070BD0321204615F0E5FF15F0F4
:108E0000F3FF0028F5D194F8DC300133DBB2142BEA
:108E100084F8DC3009D10D21204615F0D5FF102152
:108E2000201D15F0D1FF0020E3E7102104F12700F9
:108E300006F0B4F9003818BF0120C000D9E71021AE
:108E400004F1270006F0AAF90028C8D135B3EB6871
:108E500023B3164BE27A1B88D207ADF80830A37C07
:108E600003F0010312D4002B14BF012303238DF858
:108E700009300023201DC4E938330C2115F0A4FF6C
:108E8000EB68D4F8EC0002A99847CCE75B00EEE76A
:108E90000121074A044815F088FFA0E70220A8E74F
:108EA00034AD0020FA4F05001C420400CC4A0400F7
:108EB000135005002DE9F047044690B00CAD102288
:108EC000002128461AF08FFA237A052B34D8DFE8E0
:108ED00003F0060303063323D4F8D8300C93D4F8F8
:108EE000EC3004F1470204F1C707CDE9017204F147
:108EF000370803F17E0204F12709009241464A46F1
:108F0000773304F1970004F0A1F8F0B1454A01214C
:108F1000454815F016FF14E0D4F8E430002BDED0FD
:108F20002E4603F11007324618685968083303C209
:108F3000BB421646F7D1D2E701213C4A3A4815F028
:108F400034FF082010B0BDE8F087D4F8EC3008AE4C
:108F500003F177027E33019304F11103029200932F
:108F600042462B4649463846039616F06BFF08B139
:108F70002F4ACCE7237A052B0ED1D4F8E01011B399
:108F80000B46AC4601F1100E62461868596808336A
:108F900003C273459446F7D1D4F8EC300DF1100AB2
:108FA00003F17E027733019304F10A0302920093E6
:108FB0004A462B4641463846CDF80CA016F042FFF3
:108FC00030B11C4AA3E7102228461AF00CFAE3E756
:108FD0001022514604F1B7001AF094F8F8B90D21A7
:108FE0002046FFF789FE07460028AAD010210C3042
:108FF00013F0A9FF32460346164603CEAE42186070
:109000005960324603F10803F6D139462046FFF78E
:109010001BFE201D012115F0D7FE002092E70B203A
:1090200090E700BF2F5005001C42040013500500BC
:10903000445005006750050073B5047A0546022CBC
:1090400023D844B190F8DC30D0F8D840DC4004F0AC
:10905000010444F0800403212846FFF74DFE064634
:10906000D8B110210C3013F06EFF00901248234647
:10907000006805F1270205F1570116F0BEFE04460F
:1090800080B13046F8F73EFB07E0032C08D02346BA
:1090900001210A4A0A4815F088FE082002B070BD76
:1090A0000024D8E731462846FFF7CEFD281D21468B
:1090B00015F070FE2046F1E734AD00201350050096
:1090C0001C42040070B5061DCD6804460B213046D5
:1090D00015F060FE2B4604F1170205F1100153F85C
:1090E000040B8B4242F8040BF9D1237A012B09D0EF
:1090F000022B13D12046042115F066FEBDE8704016
:10910000FFF79ABF0A21304615F01DFE0028F1D066
:109110003046002115F058FE002070BD03480121A3
:10912000034A15F042FE0820F7E700BF1C42040086
:1091300013500500F8B50446FFF72CFD251D064623
:109140000E21284615F0FFFD70B94B4B20221968FF
:1091500004F1570019F0D6FF30B90221474A4848B8
:1091600015F0EFFD082033E00C212046FFF7C4FD89
:1091700007460028F6D040210C3013F0E4FE3E4BA9
:1091800002461B68014603F1200053F804CB8342DA
:1091900041F804CBF9D1203203F1200153F8040B3C
:1091A0008B4242F8040BF9D139462046FFF74CFDBB
:1091B000237A052B58D8DFE803F003380C03575403
:1091C0000421204615F000FEFFF736FF00283BD0B3
:1091D000F8BD2046D4F8EC70FFF7DCFC042106460D
:1091E00004F1D80005F0DAFF0028BBD1D4F8D8305C
:1091F000244A84F8DC00B3FBF2F102FB1133C4F81B
:10920000D83056B1336843B10B21284615F0DCFD48
:1092100038463368D4F8D81098470321204615F013
:10922000D3FD0E2115F0D0FD0EE02046032115F0F0
:10923000CBFD0E2115F0C8FD28460A2115F0C4FD0E
:109240007368D4F8EC0098472846072115F0BCFD58
:109250000820FFF791FC68B92046BDE8F840FFF709
:1092600011BD04212046DDE70121074A044815F01D
:109270009CFD77E70020ABE734AD00208B50050064
:109280001C42040040420F001350050070B5044614
:109290000E4604F15705FFF77DFC2A46F36803F1FB
:1092A000200153F8040B8B4242F8040BF9D104F16E
:1092B000770203F1200153F8040B8B4242F8040BB0
:1092C000F9D12846FBF70EFF00B303211C4A1D48C5
:1092D00015F037FD0E21201D15F076FDD4F8EC5069
:1092E000D5F89C3033B9287A05F1700100F0C0FE42
:1092F000C5F89C00D5F89C309BB1DA8902F02402B5
:109300007AB15B7B9B070CD4032070BD2846FBF72A
:10931000F5FE30B90B4802210B4A15F012FD0B2067
:10932000F3E70A4B1D682DB9201D062115F04CFDF1
:109330002846EAE72046BDE87040FFF7FBBE00BFC5
:10934000A65005001C420400C750050034AD0020A3
:1093500038B504460D49A0F1EC05543017F0B5FCC2
:10936000284615F0B9FD0A4A04F18403D3E8EF1F3B
:10937000C3E8E02F0028F9D14FF0FF338834D4E858
:10938000EF2FC4E8E13F0029F9D138BD919E0200DA
:10939000E830002080B500AF88B06A46074BC2E9CC
:1093A0000530032342F8103F00234FF4C251044814
:1093B000F6F7D0FE6FF00B00BD4680BDE350050010
:1093C0001C420400054BD3F8EC200AB1FFF7E2BFC2
:1093D0000348EC33586010460B607047E8300020BB
:1093E000B85304002DE9F0410B46064600AF0D21AD
:1093F000043015F0A8FC78B3DD68D6F8EC30022014
:1094000003F170084246197A15F070FE0446C8B997
:109410004046F8F73FFA6D4688B06A46114BC2E9FC
:1094200005304FF4007393830F4B42F8103F0F4801
:1094300023464FF4E251F6F78DFE0820AD46BD46B7
:10944000BDE8F0812B462A3405F1100253F8041BC5
:10945000934244F8041BF9D13046092115F0B4FCBD
:109460000020ECE708510500030000011C42040045
:1094700038B5134B05461B78E3B101F00F042846BD
:10948000FFF79EFB0F4B03281B780CBF04F00B0467
:1094900044F0040405F5BA70D0E8EF2F013203D18F
:1094A000C0E8E13F0029F7D1D0E8AF3F2BB144F04D
:1094B000010038BD01F00704E1E704F0FE00F8E721
:1094C00078C4002081100020F8B50D460446D0F87D
:1094D000EC60FFF75FFBEF68FB78102B01D00620F4
:1094E000F8BDD6F89C305BB1251D0F21284615F03C
:1094F0002AFC80B92046FFF7E3FB60B1C0B2EFE77A
:10950000307A06F1700100F0B3FDC6F89C00002827
:10951000EAD10820E4E7012363723B682046C4F8DF
:109520000A30BB88E38102232374B978FFF7A0FFD8
:10953000E0742046FFF744FB1023607423753B79E9
:1095400003F0030363757B7903F00103A375E37CE8
:109550001A070CD5BB781B0709D50521284615F03D
:1095600033FC637D03F0020363750023A3750521BB
:10957000284615F0E8FB002843D0474B1B78A3741E
:10958000E37C980606D5BB78990603D514212846B6
:1095900015F01AFCE37CDA0735D5BB78DB0732D54A
:1095A0000D21284615F010FCA37D032184F8E83036
:1095B000637D284684F8E93015F006FC237BE17CC6
:1095C0003F7803EA0102100704D5E27AA07C024347
:1095D000D2071CD4042F1CD80B4313F0040307D06C
:1095E0002046FFF7EDFA2D4B07EB87073B441B5C4A
:1095F00023722046D6F89C1015F0ABFB58B9032017
:109600006EE7274BBAE700236375A375CCE7052304
:10961000EEE70023ECE7D4F8EC309B7A032B36D04E
:1096200024D8013B012B3FF674AF0521284615F0E5
:109630008AFB0028E3D00C21204615F0C5FB02214F
:10964000FFF75AFB054600283FF463AF06210C30B4
:1096500013F079FCD4F8113029460360B4F81530C2
:1096600083802046FFF7F0FA002039E7042B7FF4CF
:1096700050AF237D627B934228BF1346102B7FF4AB
:109680002EAF0521284615F05EFB0028B7D0237ABF
:10969000002BCAD1B3E700BF7AC4002013530500E2
:1096A00079C400202DE9F041C6780446012E04D08B
:1096B0006FF015042046BDE8F08115F078FB0546F3
:1096C000002800F0AB80071D0421384615F03BFB55
:1096D000002840F0A6800321384615F034FB10B175
:1096E0006FF00F04E6E73146384615F02CFB0028F2
:1096F000F6D12846FFF74EFAD5F8EC3006469B7AAD
:10970000032B42D032D8013B012B48D90F21201D19
:1097100015F019FB0028CBD1D4F89C3083B904F1A3
:10972000700632462020217A00F0FAFCC4F89C0032
:1097300030B932460420217A00F0F2FCC4F89C00D3
:10974000D4F89C30002BB3D0DA8912F0240FAFD0BC
:10975000A17A022923D9587BC007A9D503291ED095
:109760009206A5D51B7B102BA2D118E0042BCDD1DE
:109770002846FFF725FA032804D1002EC6D0F36847
:10978000002BC3D0284B1B7807E02846FFF718FAB8
:10979000032804D1002EB9D0F368002BB6D0D4F83A
:1097A0009C303BB12846FFF78BFA044670B16FF04E
:1097B00068047FE7207A04F1700100F059FCC4F8D6
:1097C0009C000028EED16FF00B0473E70B212846B4
:1097D000FFF792FA06460028E9D001210C3013F079
:1097E000B2FB092180462846FFF742FE2346224667
:1097F00088F80000314605F1EC00FCF729FE04462C
:1098000018B13046F7F77EFF54E738460F2115F0C0
:10981000DBFA0121284615F0D7FA4BE76FF07F04F9
:1098200048E76FF0040445E778C40020F8B5D0F8A5
:10983000EC400646D4F89C200B46051D002A33D187
:109840000221404A404815F07CFA07233F4AD75C82
:10985000D4F89C304BB11B7B002B5CD1D4F89C001E
:1098600015F058FC0023C4F89C300221284615F05E
:109870006AFA48B9072F94BF354B1F213A46204654
:1098800098BFD95DFCF750FB0321284615F05BFA21
:1098900060B3304B1B684BB31D6805B10C3D53F8EA
:1098A000083C002B40D142E079BB0D21284615F041
:1098B0004AFA19460746D4F89C0000F09FFC254B55
:1098C0001B689BB11D6805B10C3D53F80C3C13B1EE
:1098D0003946204698474DB12B46ED681B681DB1AF
:1098E0000C3D002BF4D1F7E7002BF1D1304615F0F9
:1098F000F3FA637B072B24D1627AA37A9A4220D0B1
:109900002046BDE8F840FFF7CDBE4B1EDBB20E2B64
:109910009CD909279CE70221284615F014FA002853
:109920009CD1A2E70C3D23B1394620469847002D33
:10993000DCD02B46ED685B68002DF3D1002BF3D112
:10994000D4E7F8BD225105001C4204000453050071
:10995000F352050020AC0020F8B5031D06460F4663
:109960001846022115F0EFF9044620B1B6F8E84098
:10997000B4FA84F464090321184615F0E4F980B1BF
:1099800039463046FFF752FFC4B1022119481A4A3E
:1099900015F0D7F90521D6F8EC0014F0D1F8002025
:1099A000F8BD0121184615F0CEF90028E8D10F21A5
:1099B000184615F0C8F90028E2D1E5E70521304640
:1099C000FFF79AF9054688B101210C3013F0BBFA74
:1099D000234607702246294606F1EC00FCF738FDC5
:1099E0000028DCD02846F7F78DFED8E76FF0680036
:1099F000D6E700BF1C4204004C510500124B10B5C5
:109A0000044618604FF0FF324FF0FF330F480CF060
:109A10003FFC0F480CF0F2FF0C480CF0B1FC1CB9F5
:109A2000BDE81040FFF706B90A4B1C1FD3E8AF3F53
:109A30005B0607D52046FFF77DFB014610B12046A7
:109A4000FFF78AFF10BD00BF34AD0020E40A0020FC
:109A5000F80A0020EC3000202DE9F3410B8A04467F
:109A60000E4643B901212D4A2D4815F06AF9002010
:109A700002B0BDE8F081012106F10C0013F0B6FA46
:109A8000A4F1EC05E83C07460421204615F05BF9FB
:109A90003B7828B1234A0221214815F086F9E6E7F0
:109AA0000E2B01D9204AF6E7DFF88C8058F83320D6
:109AB0004AB902211D4A1A4815F077F907212846AC
:109AC000FFF74AFFD3E71946284615F0DEF93B7841
:109AD00060B902211248164A15F067F903212046A1
:109AE00015F031F90028C2D00821E8E708EBC301DE
:109AF000328A0979914208D001210093084813461F
:109B00000C4A13F086F80A21D9E73146284658F85E
:109B10003330984701460028A9D0D0E7A45105006A
:109B20001C420400BF510500F0510500125205000F
:109B30002C520500784C0500E05304002DE9F04755
:109B400082B090F8E930D1F80C8023F0020380F85D
:109B5000E930D0F8EC6098F80030044600AF06F128
:109B60007009BBB398F8063003F0C003C02B31D0A6
:109B70004046F7F78FFE6E4688B06C464FF4007A89
:109B800025465A4BDFF87481C4E90530A4F81CA0BF
:109B900045F8108F00232A464FF4E2515448F6F757
:109BA000D9FA4846B546F7F775FEA546514BA4F8D5
:109BB0001CA0C4E90530C4F810804D4800232A4693
:109BC0004FF4E251F6F7C6FA0A20B5460837BD460B
:109BD000BDE8F08707224146484619F093FA68B17C
:109BE0004146307A00F0F8FA054638B10146204681
:109BF00015F0AFF828B3284615F08CFA0D21201D7A
:109C000015F0A1F8002860D04A460220317A15F0FC
:109C10006DFA0546B8B94846F7F73CFE6C4688B081
:109C20006A46354BC2E905304FF400739383334BDA
:109C300042F8103F4FF4E2512B462D48F6F78AFACE
:109C4000A5460820C2E7F378CBBB06F17E0318785F
:109C5000012828D19A7902F0C002402A23D1D3F8F2
:109C60000120C5F83A20B3F80530EB8796F870303C
:109C7000CBB196F8763003F0C003C02B13D03A4630
:109C80001F49C7E90098FBF7DBFED8F800303046E3
:109C9000C5F80130B8F80430A5F8053098F806305A
:109CA000EB71FCF711F900212846F9F7E5FC48B102
:109CB0000F480221134A15F044F8032086E706F105
:109CC0007703C4E72846F9F7E9FC94F8E9305B0725
:109CD00003D50A21204615F077F8B4F8E81009B149
:109CE000002073E72046FFF7A1FDF9E74752050082
:109CF0001C420400C5520500085105000300000184
:109D0000AFEE03005B5205002DE9F0410E4604461C
:109D1000D0F8EC80FEF73EFFF66801210546337867
:109D20000F48104A271D15F040F80A21384615F053
:109D3000ACF838B16DB920463178FFF777FD0020D7
:109D4000BDE8F0810B21384615F09FF80028F1D1CD
:109D5000F1E72B69002BEED040469847EBE700BFB8
:109D60001C420400965205002DE9F8430546A0F177
:109D7000E8060446884600AF0121304655F8EC99C4
:109D800015F083F838B3B8F1000F19D0032130462D
:109D900014F0D9FFF8B14046F8F7FEFA0138C0B226
:109DA00008288CBF0024364B4FF0020198BF1C5C82
:109DB000304615F009F821462846FFF737FD0AE03E
:109DC00099F80B303BB10321304614F0BCFF28B9A1
:109DD000284615F081F8BD46BDE8F88305213046D8
:109DE00014F0B1FFB8B114F8043C1B0707D514F800
:109DF000033C180703D51121304614F0E5FF14F891
:109E0000043C23F0080304F8043C14F8033C23F05A
:109E1000080304F8033C14F8033CD90710D50621C5
:109E2000284614F0D1FF3046022114F0CDFF2068FF
:109E3000D0F89C6066B134F8041C0029CBD1BBE794
:109E40009A0701D50821EBE75B07ECD50A21E7E784
:109E50007030F7F71FFD6C4688B06A46094BC2E9BF
:109E600005304FF400739383074B42F8103F4FF4D3
:109E7000E25133460548F6F76DF9A546ABE700BF5A
:109E8000FB520500B8520500030000011C4204000B
:109E900010B504460121084A084814F052FFA4F501
:109EA000A0700821FFF7C2FCA4F59E700421BDE854
:109EB000104014F089BF00BFCD5205001C420400C1
:109EC0002DE9F04385B000AF044614F070FF05465D
:109ED00070B3061D0321304614F035FF40B3D4F8AB
:109EE0009C0008B115F016F904F170094946207A72
:109EF00000F0BEF88046C4F89C00E8B94846F7F781
:109F0000C9FC6C4688B06A464E4BC2E905304FF436
:109F1000007393834C4B42F8103F4FF4E2514B488F
:109F20004346F6F717F90821A5462846FFF714FD22
:109F30001437BD46BDE8F0830E21304614F003FF10
:109F400028B1D4F89C20537B43F0020353732A7A40
:109F5000D4F89C10032A4B7B3BD8002A40D0D4F87D
:109F60009C20537B43F0010353736B7B297DD4F812
:109F70009C208B4228BF0B4630461373052114F0FA
:109F8000E2FED4F89C305A7B002857D042F01002F1
:109F900030460D215A7314F0D6FE05F1470640B342
:109FA0002021D4F89C0015F0B1F83346D4F89C2059
:109FB00057351A3253F8041BAB4242F8041BF9D14F
:109FC0000023D4F89C2013615361D4F89C201383A0
:109FD000AEE7053A012A03D843F020034B73BEE7EE
:109FE00023F020034B73D4F89C20537B23F0010310
:109FF000BAE7D4F89C203846147B631E1E443B46C7
:10A00000B4B9117BF7F70AFC6D4688B06A46104B6D
:10A01000C2E905304FF4007393830B4B42F8103FB5
:10A020004FF4E65123460948F6F794F8AD467FE72A
:10A0300016F80119013C03F8011BE1E722F01002B8
:10A040005A7375E708510500030000011C42040023
:10A05000D9520500012208B5034B04481A70FBF7DA
:10A0600091F8002008BD00BF78C40020000B00203C
:10A0700070B50F4C064614F8013B0D46834204D1DF
:10A080000722204619F03EF868B1072209490A481C
:10A0900019F038F848B904F8016C2B682360AB88D4
:10A0A000A380AB79A371024870BD0020FCE700BF1C
:10A0B00038AD00205E34050039AD0020F7B500232F
:10A0C00004460D4616460C4FF9893A780BB103B099
:10A0D000F0BD0029FBD0A242F9D1084B31461868E7
:10A0E0009A889B79009068468DF80630ADF8042078
:10A0F000A8470123E8E700BF38AD002039AD0020B4
:10A1000010B40B461146054AD489044203D01046C8
:10A110005DF8044B18475DF8044B704738AD0020DC
:10A12000F8B50C4C07462046E3890D463B401146E6
:10A130004FF0000610F8012B07D0954203D10722FB
:10A1400018F0E0FF18B1304600E01846F8BD204690
:10A15000FCE700BF38AD0020F8B50B780646012BB0
:10A160000C4601D00020F8BD8B7903F0C003402BD2
:10A17000F8D1164D00232946EF8911F83A2BBF0775
:10A1800004F1010006D5B24204D1062218F0BAFF4C
:10A19000D0B10023EA89297802F00202002BE1D134
:10A1A000002ADFD0B142DDD1671C3946084812F0E1
:10A1B00075FF01230028EDD0D4F80130C5F83A30FE
:10A1C000B4F80520034B9A800048CCE738AD002056
:10A1D00062AD002072AD002010B5074C2378834299
:10A1E00008D10722601C18F08DFF00280CBF204604
:10A1F000002010BD0020FCE738AD0020F0B585B090
:10A20000C38904469A0600AF1CD5017B3A46431821
:10A210000D4638461933002D36D1F7F7FFFA6E4652
:10A2200088B06A461E4BC2E905304FF40073938331
:10A230001C4B42F8103F4FF4E6512B461A48F5F7F5
:10A2400089FFB546E3895B071BD5217B3B460D465D
:10A2500038460C441934EDB9F7F7E0FA6C4688B08B
:10A260006A46124BC2E905304FF4007393830D4BDD
:10A2700042F8103F4FF4E6512B460B48F5F76AFFC2
:10A28000A5461437BD46F0BD13F80169013D02F83B
:10A29000016BC0E714F80129013D03F8012BDAE74F
:10A2A0003353050003000001E4410400405305005E
:10A2B00070B50446807AF7F77DF96169054649B1C2
:10A2C000637ADB0704D4436A20461B689B6898477F
:10A2D000002363612146284616F017FC034B1B68D8
:10A2E00013B1BDE87040184770BD00BF10AE00202C
:10A2F00070B506460D4604684CB154F8103C103C4D
:10A30000204629461D7314F01DFF2469F4E7064B0F
:10A310001C6844B154F8043C083C13B1294630464B
:10A320009847A468F5E770BD78AD002073B5038A3F
:10A330000446032B05D81C4A01211C4812F05FFC7F
:10A3400015E004210C3012F051FEFF2342880688EC
:10A350002376238AC2F30D02C6F30B009342608377
:10A360000BD0012100921148114A12F052FC2046F4
:10A3700002B0BDE87040F7F7C5B90821FBF736FB1E
:10A38000054610B9638B0B4AD6E7FBF793FB2146D2
:10A390002076320B2846FBF705F9284602B0BDE8C7
:10A3A0007040FBF721BA00BF63530500DC41040095
:10A3B00084530500593705002DE9F3410E46144634
:10A3C00068B162B101290AD80568002D77D095F8E7
:10A3D00082303BB9012902D095F881303BB96FF04A
:10A3E000150457E095F881300BB90029F7D0237890
:10A3F000FF2BF4D06378083BDBB2F62BEFD9A268D1
:10A40000304B9A42EBD8237B13B12369002BE6D063
:10A410004FF0FF304FF0FF31F7F784FF0746002879
:10A420003FD000F10C080D21404612F08CFD2A8827
:10A43000867002802278C270627802716288A0F809
:10A440000520A288A0F80720A2684272C2F3072163
:10A45000120CC2728172217B0173404612F073FDAF
:10A46000227B12B1216918F097FF394642F26E0043
:10A4700001AAF8F74DFB0446B0B90198C3681A78F1
:10A4800062B9B3F801202B889A4218BF6FF0040418
:10A49000F7F738F9204602B0BDE8F0816FF0040408
:10A4A000F6E76FF06804F5E710F1690FF9D0431D86
:10A4B000F0D010F10D0F18BF6FF00704EAE76FF04E
:10A4C0001204E7E700093D0078B18378082B0CD12E
:10A4D000406F20B90121054A054814F031BE03231D
:10A4E000037343681B6803B118477047A8530500FE
:10A4F000DC410400024610B50B46054812F0B4FCDE
:10A50000044618B105210C3012F02CFD204610BD78
:10A51000FC140020014B1860704700BF10AE0020F3
:10A520002DE9F84F02F0030ABAF1010F05460C4677
:10A53000904600AF00F0A580BAF1030F00F0C8808C
:10A540000846F7F73FF80023764E18F0040F06EBA5
:10A55000C0008371C8F3800904F10C0061D00821A8
:10A5600012F044FD80462046F7F72CF858F8043BDB
:10A5700046F830302046F7F725F806EBC00083791F
:10A5800043F0080383712046B8F80290B8F80080C1
:10A59000F7F718F84FEA993B06EBC000C9F30B092F
:10A5A000A0F80480BBF1000F45D12046F7F70AF868
:10A5B00006EBC000837943F0010383712B69DBB1A3
:10A5C000594A5A4B6E4688B0BAF1000F18BF13466D
:10A5D0006A465749C2E905134FF400739383554BFC
:10A5E00042F8103F544800234FF4E251F5F7B2FD12
:10A5F0002846B54613F05EFA2C61238AA9EB0309BD
:10A600001FFA89F3EB81002B79D0BAF1020F51D1F7
:10A610004A4A0121484814F093FD284613F04AFAAB
:10A6200048E0042112F0E2FC80462046F6F7CAFF1B
:10A6300046F83090A7E7BBF1010F08D12046F6F7A6
:10A64000C1FF06EBC000837943F00203B5E7BBF11D
:10A65000020F08D12046F6F7B5FF06EBC00083795C
:10A6600043F00403A9E703230221354A324812F0DC
:10A67000C6FA2046F6F7A6FF002306EBC006B37124
:10A680009CE7006928B92F4A01212B4814F058FD96
:10A690000DE00C300E8A12F0DBFC86420DD9264804
:10A6A0000121294A14F04CFD284613F003FA2046F4
:10A6B000F7F728F8BD46BDE8F88F2869228AE168D7
:10A6C0000C3012F046FCEB89228A9B1AEB81EEE7F4
:10A6D000006908B91D4AD7E70C300E8A12F0B8FCA1
:10A6E0008642DCD82869228AE1680C3012F031FCFD
:10A6F000EB89228A20469B1AEB81F7F703F86C6FEF
:10A700000CB9134A85E76368DE68002E85D0286996
:10A71000F6F758FF03492A6901EBC0012046B0470C
:10A720007BE700BF90AD0020D7530500D153050053
:10A730000154050003000001DC4104001C54050025
:10A74000DE5305003B5405006054050085540500A8
:10A75000A154050090B10C4B00F10802196831B901
:10A760008160596839B9C3E90022002070478A42E4
:10A7700007D00968F3E70A605A60F6E76FF0150042
:10A7800070476FF01000704778AD00202DE9F3415D
:10A79000C4683F4D6378BBB102213E4A3E4814F085
:10A7A000CFFCD5E8AF3F5B076ED52178A5F10C0053
:10A7B000002908BF1F21FFF79BFDA5F10C0002B087
:10A7C000BDE8F04114F0D9BCD5E8EF3F23F0040315
:10A7D000C5E8E23F002AF7D1267856B9637B15F821
:10A7E000042C93420ED0012100922B482B4A12F0E8
:10A7F00010FA21782A48002908BF1F21FFF778FDA9
:10A800002748DCE755F80C5C8DB337464FF001085C
:10A81000103D331D04EB4303DB8828680380637914
:10A8200080F88030B4F80B30A0F87E3021799AB2ED
:10A83000638843EA0143C0F88430A379072180F894
:10A840008E30237A80F88F30E3795343C0F8883014
:10A85000B4F8093080F88170A0F88C3080F88280DC
:10A86000FAF7E8FF2D6915B10136103DD1E70D4B20
:10A870001C684CB10A4D083C23680BB12846984728
:10A88000A4680CB1083CF7E702B0BDE8F08100BF56
:10A890008CAD0020CA540500DC410400DD540500E5
:10A8A00080AD002078AD002008B5C3681A7832B1B9
:10A8B000BDE808400221064A064814F041BC597818
:10A8C0000548FFF715FDBDE80840034814F055BCE6
:10A8D000CA540500DC41040080AD00202DE9F04F92
:10A8E0000C469046074689B028B96FF015042046FB
:10A8F00009B0BDE8F08F0029F7D0002AF5D000F1AB
:10A900001003D3E8AF3F9807EFD5CB681F2BECD8E7
:10A9100043F6F6720B8A0A3B9BB29342E5D88B68EA
:10A92000002BE2DD0B68002BDFD00A79002ADCD097
:10A9300003EB820253F8041B0029D6D008680028D4
:10A9400040F0D58089680029CFD009680029CCD093
:10A950009A42EFD1674ED6E8EF3F43F00102C6E8D6
:10A96000E12F0029F7D113F0010302D06FF00B049F
:10A97000BDE706F8033C46F8083C46F80C3CD4F822
:10A9800000A094F80490A6F10C050AEB8909CA45C9
:10A9900010D123794FF0FF304FF0FF312B72F7F7D2
:10A9A000C1FC8246002847D16FF06804524814F079
:10A9B000E4FB9CE7022151485AF804BBFAF7C4FDB6
:10A9C000014658B308204E4B8870C1F8A8304D4856
:10A9D0004D4BC1F8B000C1F8AC30CBF80010687A2C
:10A9E000039181F87800042081F87C00DBF80000F6
:10A9F000FBF760F8039981F87900DBF80000C0F8F4
:10AA000074B0903016F06AF800206B680BF11001FA
:10AA1000CBF810006BB9C5E90011B8E7CBF800001E
:10AA200001213A4A3A4814F08BFB334814F0A5FB55
:10AA30009CE719606960AAE7297A0C30183112F096
:10AA400082FA6B7A814603703B89043020F8033C1C
:10AA5000A17C00F8011C39B304F1130304F12302B3
:10AA600053F8041B934240F8041BF9D1E368012218
:10AA700089F81430238A287AA9F81530002389F838
:10AA80001700A168571EF940C90705D5984208D09C
:10AA9000591C4B441A76CBB20132202AF1D198428C
:10AAA00006D06FF0150481E7102218F09CFCDDE75A
:10AAB000012350460F4A009305A90223F7F720FC13
:10AAC0000022514642F26B00F8F722F804460028B3
:10AAD0007FF46CAF56F80C3C33B10222103B1A7372
:10AAE0001B690BB1103BFAE7C8F80050FFE66FF0A6
:10AAF0007704FCE68CAD002080AD002060320020A1
:10AB00003DF1030039F1030031F103000E5505005A
:10AB1000DC41040037B500258DF801208DF8005088
:10AB20008DF802500193A8B1A3B11D6019B96FF05F
:10AB30003C0003B030BD6B46084A14F0B8FB10B1BE
:10AB400010F18C0FF5D19DF80030002BEFD09DF85F
:10AB50000200EEE76FF01500EBE700BF91F2030093
:10AB600010B5074C86B0246805940424029405AC03
:10AB70000194BDF82040009413F0FBFF06B010BD17
:10AB800028AE0020012808B504D1044814F032FC96
:10AB9000030701D4002008BD0148FCE714AE0020E3
:10ABA0002CAE0020002201200149FAF749BF00BF66
:10ABB00031B0020010B5144688B0B2B9012914D9D9
:10ABC0006946FBF779FA00280FDB02999DF802002D
:10ABD00012F0D3FB48B1084B184614F00BFC20418F
:10ABE000C20704D505480BF05FFE08B010BD013464
:10ABF000072CF1D1F9E700BF24AE0020600C002043
:10AC00002DE9F04306460F469046994687B040F23C
:10AC10001B62002316480BF06FFC054628BB154C41
:10AC20000121A368A0802046236012F08CF9124B0A
:10AC300004900570186804AA1049059414F037FCB4
:10AC4000A38842460293236839460193BDF8383001
:10AC5000304600934B4613F08CFF044604480BF03B
:10AC600011FC204607B0BDE8F0836FF01004F8E750
:10AC700044120020700C00202CAE0020FBF30300D7
:10AC800008B505486FF0040114F01FFCBDE808404A
:10AC900002480BF009BE00BF14AE0020600C00207B
:10ACA00008B50346084814F0A5FBC20708D51846A6
:10ACB00012F0F3FF07220146044818F023FA08B106
:10ACC000002008BD0148FCE724AE002018AE00209B
:10ACD00070B5214C064692B0204614F08BFBC3079A
:10ACE0002CD42046012114F0D7FB3068A4F11005C4
:10ACF00044F80C0CB379B28804F8063C14F80C3C08
:10AD000024F8082C07AC032B20D8DFE803F0021945
:10AD10001B1D12492046F2F748FB05946B791E2152
:10AD20000493AB790E4A0393EB790AA802932B7A2A
:10AD300001936B7A0093AB7A0FF0A8FE12B070BD4E
:10AD40000849E7E70849E5E70849E3E70A2120461B
:10AD5000074A0FF09BFEE0E724AE00208A2405009E
:10AD6000AC2405009124050098240500A2240500C8
:10AD7000255205000121024A024811F037BF00BFE9
:10AD800040550500F441040030B5054687B00F4832
:10AD900014F030FBC0F3C004000744BF0C48048823
:10ADA0004FF00000ADF816004FF00400029005A827
:10ADB0000190BDF8280048BF44F0010400902846E7
:10ADC000ADF8144013F0D5FE07B030BD14AE00202E
:10ADD00016C20020F8B5114814F00CFB10F0010F5A
:10ADE0000B460E4D18D007221846A5F10C0118F09D
:10ADF00089F9A5F10C06044670B9012707FA04F198
:10AE0000C9432846013414F060FB072CF6D1002317
:10AE100045F80C3CC6F80330F8BD00BF24AE002056
:10AE200038B5044601B938BD154814F0E3FA10F0FE
:10AE3000010F134D09D0204612F02FFF0722A5F174
:10AE40000C0118F05FF90028EDD00D4814F0D2FA8B
:10AE5000C307E8D401210A4814F01EFB204612F073
:10AE60001CFF03460068074A45F80C0C99889B793B
:10AE7000918093710448BDE838400BF015BD00BFC8
:10AE800024AE002018AE0020600C00202DE9F04711
:10AE9000044600285DD00378002B5AD001213048A9
:10AEA00014F0FAFAC30757D4237893B308212C4837
:10AEB00014F0F2FA637893B31021294814F0ECFAF5
:10AEC000DFF8A0E02378DEF8002002F1140C6278AD
:10AED0005ABB002B14BF4FF002084FF004080426A1
:10AEE0004FF0140ADEF8047007F1FF394E4521D304
:10AEF000A7EB0807CEF804701A48FDF719F930B12E
:10AF000017486FF0010114F0E0FA6FF00700BDE898
:10AF1000F0876FF00801124814F0D7FACAE76FF013
:10AF200010010F4814F0D1FACAE7002BE4D14FF01A
:10AF30000408D4E7A6EB08040AFB04C406EB860564
:10AF40000CEB85050FCD0FC42B6801362360F6B2DC
:10AF5000CCE76FF01500DAE76FF07700D7E700BFB6
:10AF600014AE0020180B002038B50D4611B96FF053
:10AF7000150038BD0B68002BF9D0FFF703FE04461F
:10AF80000028F4D000220C491046FFF797F8002261
:10AF90006A6062682B1D32B9C4E90033074C23781C
:10AFA00023B10020E5E713606360F7E70448FBF78F
:10AFB0007BF901232370F4E7D1AC02007BC40020AD
:10AFC000080B0020012808B503D0022809D0002072
:10AFD00008BD074814F00EFA0207F8D5054B18888B
:10AFE000F6E7034814F006FA8306F0D5024BF6E7BD
:10AFF00014AE002012C2002014C2002010B50C466E
:10B00000FFF74EFE034620B92046BDE81040FFF78B
:10B01000D9BF012CF8D1054814F0ECF90207F3D59B
:10B0200098680028F0D080B210BD00BF14AE002098
:10B03000F0B591B008A90646FBF73EF8034630B1DB
:10B040000121334A334811F0DAFD11B0F0BD9DF80B
:10B050003C70022FF9D13046FFF722FE044600284B
:10B06000F3D02D4814F0C6F9C0F380054007ECD4A6
:10B070000C34204614F0BEF98106E6D50121304695
:10B08000FFF7BCFF3946ADF800003046FFF7B6FFCA
:10B0900042F6CD330421ADF80630204B01AA1B68DF
:10B0A000ADF80200CDE902231D4B1B48CDF8165028
:10B0B000CDF81A508DF80450ADF81E50CDF810D0D0
:10B0C000ADF81410069314F095F9820719D41248BC
:10B0D00014F090F9C30714D50F4814F0DDF9304689
:10B0E00002A9FDF7BDFB054658B16FF004010A48FF
:10B0F00014F0EBF915F1800F03D00A4A2B463946BC
:10B10000A0E76FF02001204614F0DFF99DE700BFB3
:10B110004D550500F441040014AE0020180B00202A
:10B1200081AC02006955050070B50646FFF7B8FD11
:10B130000446E8B10F4814F05DF9030718D5A56877
:10B14000B5B100230121A3603046FFF757FF034646
:10B15000ADB29D4204F10C0004D0BDE87040202146
:10B1600014F09AB96FF02001BDE8704014F0ADB949
:10B1700070BD00BF14AE0020002307B500916A46E1
:10B180000349019314F0A9F9019803B05DF804FB99
:10B19000C9F303000138C0B20C289ABF024B53F820
:10B1A00020006FF01500704768540400012208B5B4
:10B1B000124BD3E8EF1F002903D1C3E8E02F00288A
:10B1C000F7D10ED0B833D3E8EF1F002903D1C3E87D
:10B1D000E02F0028F7D10CBF1346002302D01846F9
:10B1E00008BD0023B821064A01FB0323B4221846F8
:10B1F000002118F0F8F80346F1E700BFE8AE0020A0
:10B2000034AE00202DE9F04387B0D0E90164D6F8D0
:10B21000C480337808F11C09012B08BF4D4600AFEC
:10B2200018BF08F1680500211422381D18F0DBF85A
:10B23000A5EB09035942594123783B7163782BB33D
:10B24000A3787B71A388FB80E3883B81A3683B7470
:10B2500004F10C037B6140463A1DFFF7ADF888B15D
:10B260006D468AB06A460B4BC2E90740C2E9053613
:10B27000052342F8103F00234FF421510648F4F70C
:10B2800069FFAD461C37BD46BDE8F08303237B71E3
:10B29000E1E700BFB9550500844104002DE9F04104
:10B2A00086B0C0B10378162B15D142780F2A12D977
:10B2B000416803A811F036FE022103A811F096FEA2
:10B2C0000222014601A811F02AFF48B901212F4AA4
:10B2D0002F4811F08BFC0027384606B0BDE8F081FE
:10B2E00000238DF8083041F6510302A901A8ADF8FA
:10B2F0000A3011F0E6FE04460028ECD103A8039FB3
:10B3000011F08CFE03A811F079FE431EDBB2172B5F
:10B310000546E0D8BDF81030002BDCD003A811F0B2
:10B320006DFE431EDBB21E2B0646D4D8BDF810308E
:10B33000042BD0D903A8002114F073FA03A814F049
:10B340004EFA0028C7D003A814F049FA0028C2D04A
:10B350004FF00008BDF81030002BBCD003A811F04E
:10B360004DFE431EDBB21E2BB5D803A814F037FAEE
:10B370000028B0D008F101085FFA88F39E42E9D8AE
:10B380000134E3B2AB42C5D3A6E700BFFF550500C9
:10B39000744104000A4628B121B100230B6003491F
:10B3A00014F070BB6FF01500704700BFCDF70300BD
:10B3B000002210B5074B5C78D1B28C4201D8002036
:10B3C00010BDD3F830110132814203F19803F3D15B
:10B3D0000048F5E774B10020044B5A6A824202BF6C
:10B3E00000225A6283F82C20704700BF74B10020FD
:10B3F00070B591F828310546022B0C46A6B002D153
:10B40000002026B070BD02AE314614F0ECFA0028E0
:10B41000F6DB9DF80A3069468DF80030BDF80C3037
:10B420000120ADF80130BDF80E30ADF80330FFF764
:10B43000A3FE08B90120E4E7037822468DF808301E
:10B44000437808492846C4F820618DF8093014F083
:10B4500019FB0028D4DB94F82831013384F8283113
:10B46000E8E700BFE1B40200F0B5CD780646022D52
:10B470000C46A7B002D1002027B0F0BD002301EB9D
:10B480008507C7F85C3202A914F0ADFA0028F2DB98
:10B490009DF80A3069468DF80030BDF80C30012067
:10B4A000ADF80130BDF80E30ADF80330FFF764FEA3
:10B4B00070B105F197023046084904EB820214F09E
:10B4C000E1FA0028D7D12369D7F85C22134323611E
:10B4D000E37801200133E370CEE700BF51FB0300A6
:10B4E0002DE9F0410278D1F82431013AD340DB074D
:10B4F00005460C4638D54FF0900891F82961424630
:10B5000006EBC6031F0101EB03131846D1F8201107
:10B5100017F042FF697811B308FB0646B278062A95
:10B520000ED14246D4F8201117F036FF0F4A0346D9
:10B530006978686813F0BBFE88B10020BDE8F0812F
:10B54000B0684318402BF8D80C3038440A462044E1
:10B55000696817F021FF6A78B3681344B36094F800
:10B560002931013384F829310120E7E799FB0300F1
:10B5700008B50248F9F720FC002008BD7C0C00202B
:10B5800013B501A914F012FA021E10DB094B197A47
:10B59000481C1872482000FB01342046227401998F
:10B5A000D2B2113017F0F8FE012002B010BD002019
:10B5B000FBE700BFD0B000202DE9F8433C4E0D461C
:10B5C000B36A00AF83426FD14FF00009314639486A
:10B5D000C6F8289001F02AFD044600283BD0DFF889
:10B5E000D8809C224946404617F0FDFEA37A013BD5
:10B5F000012B04D83D2D04BF032388F8013000221D
:10B600004FF0480C134694F82010A4F124005FFA80
:10B6100082FE714537D901325BB394F82030264859
:10B6200088F80830237888F80030E368C8F80430D8
:10B6300001F00EFC78B16C4688B06A461F4BD061B1
:10B64000C2E9053604234FF402511D4842F8103F69
:10B6500014F0BAFAA5461B4B1C682CB3144E103CD0
:10B66000E36813B12946304698472469E4B1103C99
:10B67000F6E70CFB02F3C358013B13F1030F8CBF39
:10B6800000230123C3E7002BC7D148204FF0FF3C24
:10B6900004E000FB02820133C2F80CC094F82010D1
:10B6A000DAB29142F5D8B8E7BD46BDE8F88300BFED
:10B6B00074B1002055FC0300D0B0002021560500D5
:10B6C0007C4104006CB10020F8B503790446022BDC
:10B6D00000AF06D0042B07D04BB9022905D1217148
:10B6E00003E0F1B10429F9E7D9B1BD46F8BD062B55
:10B6F00098BF134A6C4688B094BF52F82330114B60
:10B700006A4611491148C2E905134FF40073938347
:10B710000F4B4FF4E25142F8103F14F055FAA54692
:10B72000E3E70025A6682571002EDED02146D4F877
:10B73000C40014F03BF8C6E90155A560D5E700BF89
:10B740009C54040055390500505605007C41040006
:10B75000030000012DE9F843D0F82090054600AF22
:10B76000B9F1000F06D16C4688B06A464A4BC2E96F
:10B77000053508E0D9F808608EB96C4688B06A468D
:10B78000464BC2E9053903234FF4C251444842F8FD
:10B79000103F14F019FAA546BD46BDE8F883D6F867
:10B7A0001080B8F1000F04D0D8F80C300BB130463F
:10B7B00098472846FFF7FCFD044620B96C4688B040
:10B7C0006A46384BD3E748460421FFF77DFF3046F1
:10B7D000FFF718FDB8F1000F20D0D8F80030EBB11A
:10B7E000304698470421204614F09BF90028D3D016
:10B7F00021462D4801F01AFC0546A8B96D4688B0CF
:10B800006A462A4B4FF4C451C2E90534032342F877
:10B81000103F234814F0D8F9AD46BDE70221244A71
:10B820001F4811F0E3F9DDE7224B9C220021184666
:10B8300017F0D9FD482603460021E2780272E0782D
:10B84000CAB290421CD8AA7A1A4802F0FD01012916
:10B8500008BF02225A702A781A70EA685A6001F00A
:10B86000F7FA002898D06D4688B06A46124BD0612E
:10B87000C2E9053404234FF4025142F8103FC8E7EF
:10B8800006FB023C04EB8202E068D2F85C22013144
:10B890000240CCF80C20D2E77A56050093560500FA
:10B8A0007C410400A756050055FC0300E356050043
:10B8B000C7560500D0B00020215605002DE9F04301
:10B8C00083B000AF0C46FFF7E9FC0546002800F006
:10B8D000A78013F0B8FF94F82C308046834207D13C
:10B8E000024604F12D01284617F00CFC002836D042
:10B8F00004F51C790121484614F0A6F900283BD133
:10B90000A66A96B9284613F0E2FF224645496061CF
:10B91000E6702846266113F0FEFF4246294604F1F0
:10B920002D0017F039FD84F82C800521484614F0CD
:10B930008BF9A0B121463C4801F078FB064678BB64
:10B940006E4688B06A46394B4FF4C451C2E905349B
:10B95000032342F8103F364814F036F9B546354B0C
:10B960001E68C6B156F8103C103E1BB1424629462F
:10B97000204698473669F4E7002328462E49FA1DE9
:10B98000FB7113F0C8FF002804D1F879E3888342E3
:10B9900001D1B5E7FADA00200C37BD46BDE8F083E7
:10B9A000DFF8A0909C220021484617F01CFD0022E1
:10B9B0002846224913F0AFFF034660B16E4688B0B7
:10B9C0006A461F49D061C2E9051404234FF40251AD
:10B9D00042F8103FBFE74820327889F80020B27A59
:10B9E00089F80120F268C9F80420E27889F8082073
:10B9F000E178DAB291420CD8124801F029FA002815
:10BA0000ADD06E4688B06A460D4BD061C2E90534B0
:10BA1000DBE74243B118496A4A44D1600133E7E7A2
:10BA20000120B9E769B4020055FC0300E3560500A4
:10BA30007C4104006CB10020AFFB030081B5020023
:10BA400021560500D0B0002038B5084DAB6A8342BE
:10BA50000AD1074B1C683CB154F8083C103C0BB1B0
:10BA6000284698472469F6E738BD00BF74B1002026
:10BA70006CB100202DE9F843036A0E46154600AF6D
:10BA80008BB96C4688B06A46224BC2E90530032365
:10BA90004FF4C251204842F8103F14F095F8A546E3
:10BAA000BD46BDE8F8839C6834B96C4688B06A46E8
:10BAB0001A49C2E90513EAE70023D4F81090FAB94D
:10BAC000E2681189994210D2E8468AB06A46144861
:10BAD000C2E90741C2E9050305234FF422510E488C
:10BAE00042F8103F14F070F8C546B9F1000F0BD0C2
:10BAF000D9F8083043B12A46314620469847CFE767
:10BB0000118A52680B44DAE70221064A024811F012
:10BB10006DF8C5E77A5605007C4104009356050090
:10BB20000C570500485705002DE9F843D0F8209040
:10BB300080460E4600AFB9F1000F11D16C4688B0B7
:10BB40006A46324BC2E9053003234FF4C2513048F4
:10BB500042F8103F14F038F8A546BD46BDE8F8831A
:10BB6000D9F8084034B96C4688B06A46294BC2E916
:10BB70000539E9E725691DB12B690BB120469847C6
:10BB800048460021FFF7A0FD4046FFF711FCA8B989
:10BB9000E94688B06A46204B4FF4C251C2E90538E5
:10BBA00003231B4842F8103F14F00EF8CD4635B37E
:10BBB0006B6823B3314620469847CEE70022D0F881
:10BBC000683204F12001002BF1D0994214D1236A8C
:10BBD00052B9D0F86C22C0F86832914201D1C0F855
:10BBE0006C3200232362E2E71360D0F86C32994292
:10BBF00008BFC0F86C22F4E71A461B68E3E702218D
:10BC0000064A034810F0F2FFA7E700BF7A56050086
:10BC10007C41040093560500A756050061570500B6
:10BC200003461046054A516A994205D1044B1B68E8
:10BC300013B10449F5F738BF704700BF74B1002055
:10BC40006CB10020BDB802002DE9F0414C4D0C460E
:10BC50006B6A00AF834240F09080AB6A002B40F0EB
:10BC60008C8005F51C73D3E8EF2F42F00202C3E885
:10BC7000E12F0029F7D122890421AA806279184690
:10BC8000EA80227E13F0E0FF824225D0227E002A45
:10BC90003AD0D3E8EF1F41F01001C3E8E21F002AB9
:10BCA000F7D10521374813F0CFFFA8B13449364802
:10BCB00001F0BCF9064600282FD16E4688B06A46CE
:10BCC000324B4FF4C451C2E90535032342F8103F0B
:10BCD0002F4813F079FFB546E37D2B76A37D6B7675
:10BCE000A38AAB8323692B622A4B1D68002D44D0A5
:10BCF000234E103D6B6813B12146304698472D699D
:10BD0000002D3AD0103DF5E7D3E8EF1F21F01001E8
:10BD1000C3E8E21F002AC4D0F6E7DFF880800021E4
:10BD20009C22404617F05FFB0421164813F08CFF5D
:10BD3000B37A88F801008342CED03378404688F841
:10BD40000030F368C8F8043096F8203088F80830DE
:10BD500096F8243088F80C3001F07AF80028BBD02F
:10BD60006E4688B06A460C4BD061C2E905350423A3
:10BD70004FF4025142F8103FAAE7BD46BDE8F081FA
:10BD800074B10020E4B3002055FC0300E356050025
:10BD90007C4104006CB1002021560500D0B0002089
:10BDA000F8B50646D8B1114C00F1100523687BB9EF
:10BDB0000F4F3B7823B90F48FEF7CCFC01233B70B3
:10BDC0000023336163683BB9C4E900550020F8BD26
:10BDD0009D4207D01B68EAE71D606560F6E76FF0DB
:10BDE0001500F4E76FF01000F1E700BF6CB1002020
:10BDF0007CC40020980C00202DE9F043ADB08846AB
:10BE00009146014600AF20B1B8F1807F01D2002AEF
:10BE100043D16FF01500B437BD46BDE8F083A5F5FA
:10BE20001C7430482370C4F80880616201F0FEF889
:10BE30000646002844D13946606A11F0CFFDD7E9A3
:10BE40000001FB79F860FB74A368398207F10C00EC
:10BE5000090CB974BB613E753E7700F071FF002894
:10BE600024DA6E4688B06A461F4BD061C2E90534B9
:10BE700004234FF402511D4842F8103F13F0A4FE72
:10BE8000B546D5E8EF3F43F00103C5E8E23F002A9D
:10BE9000F7D10020C9F80040BDE7154DD5E8AF3F08
:10BEA00013F00103BBD06FF00B00B4E7A070D5E82E
:10BEB000EF3F43F02003C5E8E23F002AE1D0F6E778
:10BEC000C368434503D0204613F0B0FEA1E70378D2
:10BED000A370D5E8EF3F43F02003C5E8E23F002A16
:10BEE000CFD0F6E763FB03007D5705007C410400DB
:10BEF000E4B300202DE9F04F93B00F46934604467B
:10BF0000049328B96FF01505284613B0BDE8F08FEB
:10BF10000029F7DD002AF5D0436A002BF2D000F5A6
:10BF20001C7301211846019313F08EFE002800F0C7
:10BF3000F2800421019813F087FE10B1049B002BBE
:10BF4000E0D03846F1F741FA0228DBDC236937EA12
:10BF50000303D7D1714E4FF496720021304617F08B
:10BF600042FA32466E4904F12D00C6F8247113F0EE
:10BF7000D2FC05460028C7D196F829310293029BCE
:10BF8000AB4250D80025A2466570029BAB4251D10E
:10BF900007AB0993637840F2E2428DF82830002322
:10BFA0000C93A3880B97534342F21072B3FBF2F346
:10BFB000142253430A2B40F3A680B3F5804F28BFC9
:10BFC0004FF4804304210198ADF8343013F03CFE67
:10BFD00001468DF83600002800F09780049B0DF193
:10BFE000370203F1100153F8040B8B4242F8040BA3
:10BFF000F9D1606A04F1280209A9FEF76FFC054631
:10C00000002875D15E46029BE7600BEB8307BE42BA
:10C010003FF47AAF56F8043B02215868C0F8D44088
:10C02000FFF752FBF3E75BF82530002B3FF46AAFD4
:10C030000135A4E79023394A5BF8258003FB0523EB
:10C040000593D8F81830002B56D14FF4D8722378C6
:10C050005343344AD618B26832B1D6F8E020002AE9
:10C0600044D1304AD833D618D7220021701C17F09B
:10C07000BAF901233370FFF799F88146B0B32A4922
:10C0800013F07AFB3146484613F081FBD9F80820BB
:10C0900004F1140319461068039313F04DFA48464F
:10C0A00013F067FB324641460020059B13F04BFA24
:10C0B000039B4046C8F80C3013F053FA0022CAF82C
:10C0C0003001C8F82020D4F86C2208F12003B2B95E
:10C0D000C4E99A3363780AF1980A01336370DAF895
:10C0E000982007AB43F8252001354EE76FF00B058C
:10C0F000204613F06CFD07E76FF07705F8E7136053
:10C10000C4F86C32E6E70A235CE710220DF1370031
:10C1100017F069F96DE76FF00A05F5E6A4AF0020A6
:10C12000F1B30200E8B30020A40C0020034B1B680D
:10C130001BB11B680BB108311847704798B5002038
:10C1400010B5074A1078117B431C147CDBB229B16F
:10C15000844203D1591C1846CBB2F9E7137010BDC5
:10C1600000340020054A0346107B117C20B102F107
:10C170000800994218BF0020704700BF003400201B
:10C18000024602490120F9F75BBC00BFDBFC03005B
:10C1900010B504463AB9012905D900F17001007AB9
:10C1A00011F0EBF800B910BD04490B7B002BFAD05D
:10C1B0002046BDE81040083113F08FBD0034002048
:10C1C000F8B50023274D0446AB80AB682B6003799C
:10C1D0009BB3017A284610F0C5FE617A284610F01C
:10C1E000C1FE062204F10A01284610F0B2FE217CAD
:10C1F000284610F0B7FE2846616910F0C5FE617C44
:10C20000284610F0AFFE2846A17C10F0ABFEA37CC0
:10C21000032B05D11022284604F1180110F099FED5
:10C2200094F828100F4810F09DFE00260D4F04F1E1
:10C23000310594F828309E4200DBF8BD55F8051C06
:10C24000384610F0AEFE15F8011C384610F08AFE94
:10C25000294615F8012C384610F07BFE013648358A
:10C26000E7E700BFA40D002008B50221034A0448F7
:10C2700010F0BCFC6FF00C0008BD00BF13580500A7
:10C280008C410400044B1B681BB15A680AB19B68BF
:10C290001847FFF7E9BF00BF98B50020F0B591B08F
:10C2A00007460D46F9F706FC08A904463846F9F793
:10C2B00003FF9DF83C30022B32D101223846296819
:10C2C000FCF714F860B32C4494F8EC30DB0727D566
:10C2D000384613F06EF81A4A002693882968984267
:10C2E00028BF184642F6C833ADF80630136801AAD5
:10C2F000CDE90221ADF8140002A938468DF804609A
:10C30000CDF81660CDF81A60ADF81E600493FCF706
:10C31000A7FA38B994F8EC3060F3000384F8EC30F5
:10C3200011B0F0BD40F2E243BDF8342005F1F00059
:10C330005A431F32334652090AF05AFBF0E700BF56
:10C34000A40D00202DE9F04F4FF49075CC68DFF874
:10C3500078B0247A87B06C430BEB04052D7B0E4636
:10C3600090469946BDF840A005901DB304F1E00544
:10C370005D4440F21B620023284613F0D2FC0746BE
:10C38000A0B904F108005844FFF71AFF0D4B3146DD
:10C390009A88059802921B684246CDE900A34B4655
:10C3A00012F0E7FB0746284613F0CFFC384607B0EB
:10C3B000BDE8F08FCDE90155CDF800A012F0D9FB12
:10C3C0000746F3E7A40D00200034002070B50722D3
:10C3D00006460D461448096816F094FE18BB40F254
:10C3E0001B620023114813F09CFCE0B9104C637EE3
:10C3F000C4F8D460022B05D104F1E000BDE8704020
:10C4000013F0A3BC022304F108006376FFF7B8FE23
:10C4100004F1E00013F099FCE86804F10801BDE8BC
:10C420007040FFF783BE70BD11340020E03400205F
:10C430000034002070B5A0F118050446A0F1F00604
:10C4400040F21B620023284613F06BFC30B12046FB
:10C45000BDE87040002200230AF0CABA3046FFF758
:10C46000AFFE324601200449F9F7EAFA2846BDE852
:10C47000704013F06ABC00BF9DC2020038B5144C76
:10C48000D4F8D430834222D140F21B62002304F15D
:10C49000E00013F046FC0546C8B9637EC4F8D4003A
:10C4A0007BB1607604F10800FFF76AFE04F1E0005A
:10C4B00013F04BFC284604F10801BDE83840FFF7B3
:10C4C00035BE04F1E000BDE8384013F03EBC38BD95
:10C4D0000034002008B50221034A044810F086FB0E
:10C4E0006FF00C0008BD00BF585805008C410400D7
:10C4F0002DE9F041184F1E463B6804460D46904614
:10C500008CB023B35B6813B304A8F6F74FF950B1AE
:10C5100000223B6829465F6820463346BC460CB083
:10C52000BDE8F04160476946204611F0BFFB002896
:10C53000EED1B8F1010F07D1029BDB78DB0744BFD6
:10C540009DF81320C2F3400000F00102E1E70CB0B7
:10C55000BDE8F041FFF7BEBF98B500200221024AB6
:10C56000024810F043BB00BF935805008C41040003
:10C57000054B1B682BB11B691BB101F1D0020831BF
:10C580001847FFF7EBBF00BF98B500202DE9F8432F
:10C590008B880646012B08461FD110F02FFD074659
:10C5A000FFF7E0FD0446002867D000F1D80840F20C
:10C5B0001B620023404613F0B4FB054600285FD100
:10C5C000DEB1314B1B686BB11B6A5BB1394630463B
:10C5D000984738B1404613F0B8FB6FF0FB0528468A
:10C5E000BDE8F883637C013B012B06D8304604F19B
:10C5F0000801FFF747FE0028ECD100234FF0480C5C
:10C6000094F8280004F1CC0204F12C07D9B2884236
:10C6100027D84FF000090027B42239462771C4F803
:10C62000CC7004F1080016F0DEFE1022394604F149
:10C63000BC0016F0D8FE2046C4F8D070C4F8D47000
:10C64000FFF79EFD404613F080FBB9F1000F03D0C9
:10C6500021463046FFF78CFF21463046FFF766FD46
:10C66000BDE752F8041F19B10CFB03F1795809B961
:10C670000133CBE74FF00109CDE76FF08005AEE75E
:10C680006FF01005ABE700BF98B500202DE9F04F23
:10C6900000240F46DFB09022814621460DA8CDE947
:10C6A0000B4416F0A0FEBA88042A40F284800523C9
:10C6B00038680579A54228DC9A427CD1384610F0CA
:10C6C0009DFCFFF74FFD0446002800F045813846E9
:10C6D00010F094FC0228029000F24181384610F0DC
:10C6E00095FC0790384610F089FC0228804618D93E
:10C6F000022103469B4A9C48009110F08AFA6FF091
:10C70000100528465FB0BDE8F08F591D89B28A42F6
:10C7100051D303441B790B449BB29A424BD301344F
:10C72000C8E704F1D80640F21B620023304613F03C
:10C73000F8FA05460028E2D1834604F1CC030DF156
:10C74000390A069304F12C03CDF810A0039005904C
:10C750000893D84532DC04F10807B422394631A8E1
:10C7600016F01AFE482294F82830434514BF4FF0C3
:10C77000010B4FF0000B04F1310318BF84F828803F
:10C7800012FB0838984572D1784B1B68002B00F0DB
:10C790008E80DB69002B00F08A8039464846984736
:10C7A000002800F08480B422384631A916F0F4FD48
:10C7B000304613F0CAFA6FF0FB05A2E7384610F0D6
:10C7C0003BFC0BAA034642F82B0018B1029A002A40
:10C7D00000F0BC80069A52F8040F8342069232D1D0
:10C7E000482202FB0BF208998A580399934218BF1A
:10C7F000012103910599099313F095FA002800F09F
:10C80000A580059A099B38461A43059210F0F6FB5D
:10C81000049A4028034602F8010C17D9402202214D
:10C8200051480092524A10F0F4F9304613F08DFA54
:10C830006FF01005039B002B3FF463AF2146484681
:10C84000FFF796FE5DE701220392D3E701460990C8
:10C85000384610F0CBFB099B01461A46049816F0A7
:10C860009BFD049B0BF1010B4833049371E71AF80D
:10C87000012C13F8011C91420BD11946402250465D
:10C88000049316F03FFC049B28B90AF1480A483388
:10C8900078E703F8012C13F8012C12B94FF0010BC3
:10C8A000F3E71846514616F077FD0346F6E7029B7C
:10C8B00094F811806BB3B8F1020F1DD0304613F01D
:10C8C00044FA39464846079B029AFFF711FE38B1F1
:10C8D0004FF0FF324FF0FF33304613F022FA62E799
:10C8E000637C4FF0FF32434518BF4FF0010B3046D9
:10C8F0004FF0FF3313F015FA0BAB03CBC4F8D000A5
:10C90000C4F8D410BBF1000F15D1304613F01DFA56
:10C9100090E708F1FF38B8F1010FEDD839464846E5
:10C92000FFF7B0FC00287FF443AF0BAB03CBC4F898
:10C93000D000C4F8D4102046FFF722FC304613F094
:10C9400004FA21464846FFF7F1FB73E7304613F03F
:10C95000FCF96FF012056DE76FF08005D1E66FF01E
:10C960001205CEE6B45805008C41040098B50020AD
:10C97000CD5805002DE9F04F8BB00393BDF8503032
:10C9800005461146002B40F06281039B002B00F00E
:10C9900009811A4607A810F0C5FA07A810F02EFB67
:10C9A000052800F257810138042806D8DFE810F086
:10C9B000130021001A0122014A01BDF820100029AC
:10C9C00040F0F080A64B1B681BB15B690BB1284699
:10C9D0009847039849E0BDF82030002B40F0E280F2
:10C9E0009F4B1B68002BF4D05B69002BF1D0012119
:10C9F000EDE7BDF820100E2940F2D48000200F236F
:10CA0000079CA67BB04214DB994240F0CB80954C4A
:10CA100094F80C90B9F1000F08D140F21B6200238A
:10CA200004F1E00013F07DF9064680B16FF01000CC
:10CA30001BE05A1D92B29142C0F0B48023441B798E
:10CA40001A4493B29942C0F0AD800130DAE7FFF7A3
:10CA500077FB207407A810F0D1FA0128607407D979
:10CA6000814813F072F96FF012000BB0BDE8F08F3F
:10CA7000062107A810F0BAFA036804F11208C4F8F6
:10CA80001230838807A8E38210F0B8FA0F282076C6
:10CA9000E6D807A810F0C2FAE36998427FD0E061B7
:10CAA00007A810F0ABFA02280746D9D807A810F05B
:10CAB000ADFA059007A810F0A1FA0228034684F801
:10CAC000300023D8A046B24604F1D403049394F86E
:10CAD00030309E4225DB624B1B68002B57D101236F
:10CAE0002373002F61D16148FFF74AFB5E4813F0C2
:10CAF0002CF928465D49FFF719FBB9F1000F3FF407
:10CB000068AF28465949FFF733FD62E702215848CC
:10CB1000584A009110F07DF808F1CE0013F015F995
:10CB200084E707A810F088FA049B834643F8040FB3
:10CB3000049318B1002F93D04FF001095146584685
:10CB400013F0F1F800288BD007A810F057FA40280E
:10CB50004AEA0B0A034688F8380008F1480B08D95E
:10CB60004022434800920221434A10F052F83E48C6
:10CB7000D4E7014607A810F039FA1BF8102C01463B
:10CB800008F1390016F008FCD84601369FE79B698A
:10CB9000002BA4D028463949984700289FD0324816
:10CBA00013F0D3F86FF0FB005FE72F4813F0CDF8D8
:10CBB0003A46059B28463149FFF79AFC4FF0FF3271
:10CBC0004FF0FF3350B1284813F0ABF8B4220021E6
:10CBD0002A4816F008FC00232373E0E7224813F0EC
:10CBE000A0F880E7284607A9FFF750FD00283FF48A
:10CBF000F0AE3AE7BDF82030112BD3D107A810F0E2
:10CC0000FDF9FFF7AFFA044638B3102107A810F07A
:10CC1000EDF904F1BC0102460346103053F8046BF1
:10CC2000834241F8046BF9D10D4B1B68002B3FF494
:10CC3000D0AEDB68002B3FF4CCAE284604F10801EF
:10CC40009847C6E6284607A9FFF7A0FCCEE76FF095
:10CC500006000AE76FF07F0007E76FF0800004E747
:10CC600098B5002000340020E03400200834002073
:10CC70008C410400B4580500CD5805001034002044
:10CC8000F8B50646264CD4E8EF3F43F00202C4E86C
:10CC9000E12F0029F7D19A073FD4224F3846FBF7FE
:10CCA00047FA054648B1D4E8EF3F23F00203C4E851
:10CCB000E23F002AF7D12846F8BD3B681A4A3C33C8
:10CCC00093605073D4E8EF3F43F00402C4E8E12FCF
:10CCD0000029F7D15B0709D5144813F06EFE1449FB
:10CCE000144813F0F2FF144B1E60E4E71348F8F702
:10CCF00063F80028F0D0D4E8EF3F23F00403C4E841
:10CD0000E23F002AF7D1D4E8EF3F23F00203C4E862
:10CD1000E23F002AF7D10546CDE76FF07705CAE775
:10CD20009CB50020B80C002000340020E034002026
:10CD300035C40200F834002098B50020880D00208A
:10CD400073B5C3680446B3F1807F03D36FF0150059
:10CD500002B070BD0378012BF8D8C1790F29F5D83E
:10CD6000037C022B56D90221334A344800910FF03C
:10CD700050FFEBE7013206FB02F0285C4028E5D8C3
:10CD8000D0B28342F6D82046F7F7E8FE2C4D06468F
:10CD900018B1D5F8D4309E4245D02B7B002B45D11D
:10CDA000FFF7CEF9287423682648C5F81130A38808
:10CDB00090228380A3798371E3792B76E368EB611A
:10CDC000331E18BF01235B006B76217C85F8301081
:10CDD00029B304F11401233016F0DEFA40F21B628D
:10CDE0000023194812F09DFF044610BB01232B734A
:10CDF0004FF0FF331548C5E93633C5F8D460FFF767
:10CE0000BFF9114812F0A1FF20461049FFF78EF933
:10CE1000287C9DE700224826A0F13005B0E72330AA
:10CE200016F0E1FADAE76FF0770091E76FF00B00A8
:10CE30008EE76FF00F008BE7B45805008C410400BB
:10CE40000034002011340020E03400200834002099
:10CE50002DE9F04F43680546B3F1807F87B005D3D5
:10CE60006FF01507384607B0BDE8F08F037A022B44
:10CE700017D90221664A674800910FF0CAFEEFE712
:10CE8000013204FB02F1415C4029E9D8D1B2994258
:10CE9000F6D32878FFF766F9044630B96FF001073A
:10CEA000E0E7002248243838F0E704F1D80940F2DE
:10CEB0001B620023484612F034FF0746002840F06A
:10CEC000A4806B6862699A4218BF63612B7A94F8F8
:10CED000282014BF4FF0010880469A4218BF84F8FA
:10CEE00028306B78A27C18BF4FF001089A4204D01A
:10CEF000032BA37423D04FF0010800234FF0480CFC
:10CF000094F8280005F10C0604F1D00EDAB2904234
:10CF10001CD800234FF0480A94F82820DEB2B24211
:10CF20001FD8B8F1000F62D02046FFF729F9484614
:10CF300012F00BFF21460020FFF7F8F892E71022CD
:10CF4000FF2104F1180016F04EFAD4E70CFB03F2AF
:10CF5000B258511C03D05EF823108A434BD10133E1
:10CF6000D4E70AFB06F2A9182244C968D06A8842AD
:10CF700018BFD1620AFB06F205EB0201097C18BF5B
:10CF80004FF0010889B3224492F8300088420AFB2E
:10CF900006F018BF82F8301000F1310B05EB0002EB
:10CFA00000F111012044127C90F8300018BF4FF0BE
:10CFB00001089042A344294409D15846CDE90423ED
:10CFC000039116F09FF8DDE90312059B68B14FF05D
:10CFD00001080AFB06F65846039316F0DDF9AA1974
:10CFE000127C2644039B86F83020013394E74846A0
:10CFF00012F0ABFE36E7484612F0A7FEB8F1000F7C
:10D000003FF42EAF6FF0150794E76FF00F0729E795
:10D01000B45805008C41040003460348027B0AB162
:10D0200010301847704700BF003400201FB50023A0
:10D030000391CDE9013001A90348FFF7EDFF019805
:10D0400005B05DF804FB00BFC9FC03002DE9F04703
:10D050009AB01646DDE923970CAA84468A46904684
:10D060001D462C4B03F1300E1446186859680833DE
:10D0700003C473452246F7D118681B7961462060C6
:10D080002371202204A812F0A0FE6B462022224821
:10D0900004A900F071F80446C0BB102251460DF1FE
:10D0A000350012F092FE102231460DF1450012F0CB
:10D0B0008CFE294611F8013B06220DF156008DF831
:10D0C000553012F082FE2299062211F8013B0DF133
:10D0D0005D008DF85C3012F078FE4B4635224146FB
:10D0E000684600F049F8044680B9484612F077FED9
:10D0F000012335228DF8303041463B46684600F02A
:10D100003BF8044610B9384612F069FE20461AB0C2
:10D11000BDE8F087CE4A0400FB58050070B50E4606
:10D120001D46144698B00146202204A812F04DFE78
:10D13000202231460CA812F048FE1022294614A8DD
:10D1400012F043FE10222146684612F03EFE6B4666
:10D150005022184604A900F00FF840B9039B054A75
:10D160001BBAB3FBF2F102FB11331C9A136018B027
:10D1700070BD00BF40420F002DE9F0418EB0074660
:10D180000C4615460021182208A81E4616F02BF959
:10D190004FF41053ADF81C308023ADF81E304FF41F
:10D1A0004063DFF860801022CDE90938394605ABCD
:10D1B00007A80BF031F8034648B10F4A0F48012188
:10D1C0000FF01DFD6FF004000EB0BDE8F08106AB5E
:10D1D0000293102322464146CDE9006305982B4671
:10D1E00014F05DFA044605980AF0C6FF2043EBD020
:10D1F000034A2346E2E700BF15590500AC4104008D
:10D20000315905000002C0030122024BC3F8042477
:10D21000704700BF002008E0084B70B5C31A0D46E8
:10D2200007499B10044659434022064812F063FE0A
:10D230002B4601462046BDE870401847B4B5002093
:10D24000B76DDBB66C360400402373B50B4C00930E
:10D25000041B0B460D460A49A41061430646094AC1
:10D26000094812F073FE011E05DA30462B4602B063
:10D27000BDE87040184702B070BD00BFB4B50020D3
:10D28000B76DDBB6B5FF03006C36040010B5EFF3E5
:10D290001184402383F31288BFF36F8F074A13680A
:10D2A00023F00201DB07116002D4012013F02AF9F8
:10D2B00084F31188BFF36F8F10BD00BF04B6002048
:10D2C00070B500220121044640F20510F3F708FE74
:10D2D0000F4802F00FF80F4B984215D113F018F9D0
:10D2E00026690D4930460FF0B9FA00280BDB0125FD
:10D2F00035642469084904F11C000FF0AFFA0028D6
:10D3000001DB0020E56470BD6FF00400FBE700BFA7
:10D31000DBFF03000000AD0BB85404007FB5002212
:10D320000123CDE9022304ABCDE90433094A6B465E
:10D33000CDF800D0CDF804D012F035FE002805DB82
:10D3400043F609520023684609F0D6F807B05DF8A5
:10D3500004FB00BFD5FF03000C22104B014602FB6B
:10D360000033002030B4D3E90E529863EFF31180FC
:10D37000402484F31288BFF36F8F1C6C04F0C00448
:10D3800044F002041C6480F31188BFF36F8F1DB159
:10D390002B4630BC0248184730BC7047B4B500205B
:10D3A0006C36040010B4EFF31182402383F312882B
:10D3B000BFF36F8F1748016841F002040460C8078B
:10D3C00008D482F31188BFF36F8F01205DF8044BFE
:10D3D00001F080BF1049D1F80C14C903F1D5EFF367
:10D3E000118083F31288BFF36F8F0C490B6C03F02D
:10D3F000C00343F002030B6480F31188BFF36F8F07
:10D4000082F31188BFF36F8F00205DF8044BFFF7A4
:10D41000A3BF00BF04B6002000E01050B4B5002048
:10D42000C3B21C20014A03FB00207047B4B50020A2
:10D430002DE9F041012207463449D1E8EF3FC1E828
:10D44000E02F0028F9D133B9314932484B60CB6025
:10D450008A600FF016FA7B1E012B28D8012F06D107
:10D460002D4BD3F8503403F00303012B1FD013F0DE
:10D4700088FC0546E8B9294B1B78D3B1042206463F
:10D48000254BC3F80823244CDFF89480D4F84C24AF
:10D49000D4F84C34D20315D503F00303012B01D08B
:10D4A000012F0FD165B386F31188BFF36F8FBDE8ED
:10D4B000F081EFF31186402383F31288BFF36F8F5F
:10D4C0000125E0E7BDB130460FF089FCD4F84034C7
:10D4D00013F0FF03DAD1D4F80821002AD6D0C4F81B
:10D4E0000831D4F8083120220123C4F84034C8F8A8
:10D4F000A0212361CAE70021202009F0B9FDE5E75A
:10D500000422054BC3F80423D1E700BFB0B50020C7
:10D51000A0B50020D0B5002000E010509DC800202C
:10D5200000E100E008B5074813F03FF938B10648BC
:10D53000F3F7F8FF0448F2F745FA002008BD6FF052
:10D540001200FBE74C3704004DD502000A2838B51D
:10D550000446074D04D1AB680D2128465B68984707
:10D56000AB6803485B68E1B29847204638BD00BF0E
:10D570004C37040038B508461446EFF311854023B4
:10D5800083F31288BFF36F8F114602F0E7F885F33B
:10D590001188BFF36F8F064B984201D1204638BDEA
:10D5A000044B984214BF6FF00A006FF01500F6E7C5
:10D5B0000000AD0B0400AD0B08B502F0AFF8034B53
:10D5C000984214BF6FF00400002008BD0000AD0BAE
:10D5D0002DE9F04340F206354668D00648BF0320E7
:10D5E000337B02EA050558BFC2F3401087B001F053
:10D5F0001F07B5F5837F144647EA43178DF80300EC
:10D6000045D00FD8062D44D007D8B5B1022D14D07F
:10D610006FF0150007B0BDE8F083B5F5807FF7D156
:10D6200001250AE040F20222954234D0B5F5407F50
:10D6300033D0B5F5007FEBD1042522032FD501238C
:10D6400072688B405360326982BB5F2F07F01F0303
:10D650004FEA571177D83E4A52F8212084F480319E
:10D6600002EB8302D2F88030C1F30041C4F340449E
:10D6700023F4706344EA410423F00F031C4344EA9B
:10D68000800444EA0524C2F880400020C2E709254E
:10D69000D3E70825D1E70625CFE70525CDE76303C6
:10D6A00041BF012372688B409360CCE71036394646
:10D6B00030460DF1020202F00FFC14F4403F8046A8
:10D6C0000CD13946304612F0ECFF224B9845DCD1A4
:10D6D00030469DF8021002F06BFCD6E74FF00009CF
:10D6E00001AB3946304603AACDE90439CDE90199A9
:10D6F000CDF80C9002F062FA164B984288D114F4DF
:10D70000003315D09DF8033084F48034C4F3004412
:10D710008DF80E3039464B46304603AA8DF80C5032
:10D720008DF80D4002F036FB0A4B9842CDD06FE7E2
:10D73000CDE9043339460DF10303304603AA0393C0
:10D7400002F03CFAF0E7203352F82330FFDE00BF4E
:10D75000DC5404000000AD0B4209022A034670B5F8
:10D7600003D0012A18D0CAB170BD0E4E326951687B
:10D770000029F9D0012503F01F030C689D40002902
:10D78000F2D08A682A4002D030464B6898473CB1B4
:10D79000236821461C46F2E7034EE7E7034EE5E720
:10D7A0002346F6E7CC360400AC3604008C36040081
:10D7B00038B545682B69E3B11035284602F0EAFB1D
:10D7C0000446B0B90146284602F0A4FB0B4B984230
:10D7D00011D1224628460A4902F070FB2246012157
:10D7E000DB20F3F77DFB2246012140F20D10F3F719
:10D7F00077FB002038BD6FF00400FBE70000AD0BA5
:10D8000059D70200F0B51646426801F01F04107B9C
:10D8100087B044EA40141069002871D0B6F5001FA3
:10D8200002F1100506D12146284612F03CFF0020E7
:10D8300007B0F0BD0027B6F5800F01A8019747603B
:10D840003BD1B3F1007F14BF052304238DF80430CE
:10D850000023CDE90403039393680DF1030723FA32
:10D8600001F111F001013DD1B6F1A07F3AD104F0F0
:10D870001F035F2C4FEA541003F1200346D8254ABA
:10D8800052F8202052F82330DB072BD43A462146A9
:10D89000284602F021FB204B984219D002972146DE
:10D8A000284603AA02F08AF91C4B98422BD1012288
:10D8B0002146284602F08CFBB9E7B3F1C06F05D0D2
:10D8C000B3F1007F14BF01230223BFE70323BDE7A9
:10D8D0003946284602F074FB104B9842DED06FF0B8
:10D8E0000B00A5E73A462146284602F0F5FA0B4B15
:10D8F0009842D4D128469DF8031002F059FBCEE798
:10D900006FF0850094E76FF0150091E751F8233030
:10D91000FFDE00BFDC5404000400AD0B0000AD0BC3
:10D9200002780B69012A08D0022A08D04AB9064AAF
:10D930001A6303F1180008F0A5BD044AF8E7044A89
:10D94000F6E7044AF4E700BF0000AD0B0100AE0BA0
:10D950000200AE0B0100AD0B2DE9F04F89B002AF14
:10D96000BB60036993463B6143684FF0FF32D3F8D5
:10D9700028A09B8B0546FB604FF0FF330C4612F04E
:10D98000BFFB3B6918337B610026002300227869C6
:10D9900008F0B2FD33465E4501D3002340E0207A13
:10D9A000010700F1948001365E45D4F800E00BD207
:10D9B000820709D4227D80EA020C0CF0010C02F0EF
:10D9C00004025CEA020C08D023B90EF06042B2F106
:10D9D000005F3FD04FF0000801E04FF0010862689F
:10D9E000F96803EB020C8C4524D96C468CB028688E
:10D9F00002A9384ECA61C1E90563FB680A46C1E95C
:10DA0000083040F203530B85334B42F8103F00239C
:10DA10004FF451513148F2F79DFB6FF01B03A546BF
:10DA200028467B6112F06FFB7B691C371846BD46A8
:10DA3000BDE8F08FC10706D40AEB030071467B6096
:10DA400015F0AAFC7B6862681A4493B2B8F1000F23
:10DA500027D1D3B94FF00008D4F80090A388BA6852
:10DA6000217A284600924A4600F084F8031ED7DB4C
:10DA700043F609520023786908F03EFD40B128467C
:10DA800000F030F86FF00403CAE79846D146E6E7A5
:10DA90003B69134A1B6B9342F4D1237ADB0702D410
:10DAA00000230C3477E7CA45FAD123460AE0A8EBF5
:10DAB0000201D8681FFA81F819FA81F17B6015F02C
:10DAC0006BFC7B685A680C3B9045F0D2E8E76FF03E
:10DAD0008503A5E7B959050006000001544204007A
:10DAE0000000AD0B70B5446823682046D3F800569B
:10DAF000D3F8046602F0EEFF3146284603F0A2FA9E
:10DB000005460021606A12F001FB204602F0D2FFB8
:10DB1000034B9D4214BF6FF00F00002070BD00BF8B
:10DB20000000AD0B08B5CA0743681BD4C1F342011E
:10DB300002290AD003290CD001290ED14FF0CC7252
:10DB40001B680020C3F8242508BD4FF0C8621B687D
:10DB5000F7E74FF07F621B68F3E70121034A0448AF
:10DB60000FF044F86FF01500EEE700BF9C5A050077
:10DB700054420400F0B50C461D46164689B047686D
:10DB8000122200210DF10E0015F02DFC04F001030E
:10DB90008DF80C30BDF8383004958DF80D30BB8D04
:10DBA0000696AB420AD21048009301212B460F4A39
:10DBB0000FF02FF86FF01B0009B0F0BD84F00202E7
:10DBC000C2F340023846520103A902F0CBFF084BD2
:10DBD000984207D00B33984214BF6FF004006FF0E7
:10DBE0000F00E9E70020E7E754420400AE5A0500C1
:10DBF0000000AD0BB0B50446456800AF2B6A9847EE
:10DC00000121686A12F082FA23462846AA6905F1C2
:10DC1000080102F015FF104B984217D023686C469C
:10DC200088B06A460D49C2E905134FF40073938327
:10DC30000B4B42F8103F0B4800234FF4E251F2F730
:10DC400089FA6FF00400A546BD46B0BD204612F02B
:10DC50006CFA0020F8E700BF0000AD0BF55A050094
:10DC60000300000154420400036803F01F025F2B0D
:10DC700002604FEA53129ABF024B53F82200002071
:10DC8000704700BF7C5504002DE9F04F15468346D0
:10DC900040F2FF18DFF8C491DFF8C4A185B000EBB3
:10DCA0008101594503D1002005B0BDE8F08FDBF8B4
:10DCB0000030C3F3C322082AC3F3080400F2C8806B
:10DCC0001B0E444508BF4FF0FF3419F80270382B83
:10DCD00000F2C180DFE803F01D242A422D3342BF49
:10DCE000BFBFBF457275787B7E818487BFBF8A9F27
:10DCF000A2A5BFBFBFBFBFBFBFBFBFBFBFBFBFBF6B
:10DD0000BFBFBFBFBFBFBFBFBFBFBFBFBFBFBFBF23
:10DD1000A800C5F80446601C72D10BF1040BC0E7E3
:10DD2000C5F80C46661CF8D0002672E0C5F810460F
:10DD3000F1E7621CC5F80046EFD0002604E0C5F804
:10DD40000446631CE9D0012603A80394FFF78CFF67
:10DD50000122039B02FA03F383600BE0C5F8084637
:10DD6000E0E7C5F80046002FDCD1601CD5D00026C6
:10DD700008273246DBF80030039403F40040002803
:10DD800018BF002203A818BF012601930092FFF7D5
:10DD90006BFF039C019B00EB8400D0F88040C3F331
:10DDA000412C009A3B0243EA8C03134304EA0A0421
:10DDB000234343EA4603C0F88030AEE7C5F8044683
:10DDC000D1E7C5F86445BCE7C5F86445AAE7C5F8DE
:10DDD0006845B6E7C5F86845A4E7C5F86C45A1E70E
:10DDE000C5F87045ADE7C5F86045AAE7C5F86045D8
:10DDF000621CDBF8003090D0C3F30043002BA2D0AC
:10DE0000012603A80394FFF72FFF039B06FA03F3F1
:10DE100043603246AEE7C5F86445E9E7C5F86845B2
:10DE2000E6E7C5F86C45E3E703A80394FFF71CFF9A
:10DE3000039B00EB8300D0F8803023F0E04343F0F5
:10DE40008043C0F88030631C3FF467AF0126E0E7F1
:10DE50006FF0150028E76FF0850025E7155B0500DA
:10DE6000F0F0FCFF2DE9F04104460D46476812F042
:10DE700088FFA0B9274B1B788BB14FF04008642670
:10DE800063681B68D3F830318BBB012012F044FB70
:10DE9000013EF5D10021202009F0EAF8EFE740210A
:10DEA000EFF311831A4681F31288BFF36F8F606816
:10DEB0000068D0F8300120B983F31188BFF36F8F69
:10DEC000EEE77B6A00201D706368796A1B68C3F8FF
:10DED0003C170121C3F84017C3F83001D3F83001D3
:10DEE000196582F31188BFF36F8FBDE8F081EFF3FE
:10DEF00011831A4688F31288BFF36F8F616809682F
:10DF0000D1F830110029DCD183F31188BFF36F8F72
:10DF1000C0E700BF9DC8002070B514461D4612F032
:10DF2000C0F9A042A94113D30A4AD2E90061A41B57
:10DF300024F01F0365EB01009B1941EB0001C2E9CE
:10DF40000031640944EAC060BDE8704009F0FCBAE1
:10DF500070BD00BF3035002010B500220121E42043
:10DF6000F2F7BEFF174A0020D2F8183723F44033E7
:10DF7000C2F8183702F00AF9134B0446984208D148
:10DF80000120124902F092F9A04205D0104B9842AC
:10DF900014D04FF0FF3010BD12F083F967220D4B03
:10DFA00020F01F00C3E900010B4BC3E900010B4B3C
:10DFB00002201A60FFF73CFA0020ECE76FF00B003C
:10DFC000E9E700BF00200E500000AD0BB80D0020A7
:10DFD0000200AD0B303500202835002068B6002047
:10DFE00008B512F05EF9054AD2E90032C01A61EBB9
:10DFF0000201400940EAC16008BD00BF3035002081
:10E0000037B5431C0CBF6FF0004420EAE07412F0F7
:10E0100048F90D4BD3E90025801A61EB0503202157
:10E02000C4FB0103402873F100042CBF20F01F0142
:10E03000002352184FF0010145EB03030091034800
:10E0400002F098F903B030BD30350020B00D00204B
:10E0500008B50349034812F051F9002008BD00BF7C
:10E060003A5B0500444204002DE9F74300244FF0D9
:10E0700001082546124E30683779D0F81090836831
:10E0800001A95B68984700280CD014DB08FA05F357
:10E090001C430135042D06F10806ECD1204603B0DF
:10E0A000BDE8F083D9F80020019B08FA07F7534038
:10E0B0003B42EED0EAE703B0BDE8F043FFF7C8BF4C
:10E0C000D85504002DE9F04707460026204DDFF81B
:10E0D0008C80DFF88C90DFF88CA0286847B340452F
:10E0E00029D0484514BF4FF0E8624FF09862297973
:10E0F0008368D0F810C09C6904B3130208D50123CB
:10E10000DCF800C08B4013EA0C0F18BF82F0C0622D
:10E1100002EA0A0302F0B072A047044688B1012166
:10E1200023460C4A0C480EF06AFD2046BDE8F087F5
:10E130004FF40012DBE74FF09862D8E76FF0570416
:10E14000EDE70136042E05F10805C6D1EDE700BF65
:10E15000D85504004F5B0500444204008C3604008F
:10E16000AC3604004000000638B5EFF311854023BB
:10E1700083F31288BFF36F8F0F4C2378BBB90F4B1B
:10E18000984202D00E4B98420AD10020FFF79AFF26
:10E1900018B10C490C4812F0B1F800220B4B1A7060
:10E1A0000123202223700A48002308F021FC85F374
:10E1B0001188BFF36F8F38BD90C400208C360400E7
:10E1C000AC3604006F5B0500444204008FC400209D
:10E1D000383500202DE9F041334F3B7853B1002012
:10E1E000FFF770FF28B131493148BDE8F04112F026
:10E1F00085B83870FFF738FF04462E4BD3E8EF2F71
:10E20000C3E8E14F0029F9D12B4BDFF8C8801A7819
:10E2100042BBD8F80060A64219D0284B66401B6864
:10E220000BB1314698474FF0FF334FF0FF3224488F
:10E2300008F02EF8234B1D6835B1043D2B6831469C
:10E24000204698476D68F7E71D4808F099F8C8F828
:10E25000004054B1BDE8F04140F2391200231A48A1
:10E2600008F0C6BB00221A70F1E7EFF311864023D5
:10E2700083F31288BFF36F8F144B1D78012D05D0E7
:10E2800086F31188BFF36F8FBDE8F08128461C70BC
:10E29000FFF718FF3D7086F31188BFF36F8F0028DA
:10E2A000F2D00B49A0E700BF8FC400208B5B0500B4
:10E2B000444204009CB6002082100020A0B600203A
:10E2C00074B6002088B600203835002090C40020A5
:10E2D000A45B050070B60020054BD3E8AF3F00B14A
:10E2E0000360044811B102685A400A600360704735
:10E2F0009CB600206CB600202DE9F843384B18601E
:10E30000384D394812F059FB2E460027A846F388AD
:10E31000304613F0010F0CBF2021102141F4803151
:10E3200011F0D7FF044630B13049314811F0E6FF13
:10E330002046BDE8F8830137042F06F10806E6D130
:10E34000064607464FF001092868297983689C69C9
:10E350003CB100234FF40012A047044620B12549E8
:10E36000E3E76FF05704FAE72B79013709FA03F373
:10E37000042F46EA030605F10805E5D105461E4FC0
:10E380001E4BC7E9013658F835008368DB6933B1A5
:10E39000012239469847044620B11949C5E76FF074
:10E3A0005704FAE70135042DEDD11649164812F04D
:10E3B0008CFC0122154B14481A700023002208F02F
:10E3C000E3FA21462046FFF787FFFFF74DFE104B8B
:10E3D000D3E8EF2FC3E8E10F0029A9D0F8E700BF89
:10E3E000A0B60020D855040074B60020BC5B050020
:10E3F00044420400D95B050090B6002069E10200A8
:10E40000F45B0500D5E102003835002090C40020FF
:10E410009CB6002002460B46014807F039BF00BFFA
:10E42000D0110020014807F0ABBF00BFD011002081
:10E430000149024812F017BCA8B60020A05B0020DA
:10E44000094B93F80831042B02D1810709D4704796
:10E45000022B02D1020704D47047082B03D1830694
:10E4600001D5FFF7E5BF704791C4002010B4034603
:10E470000A46044881680C68194623465DF8044B37
:10E48000184700BF2C37040098B500AF6C468AB01F
:10E490006A460D4BD161C2E905304FF40073138415
:10E4A0000A4B42F8103F00234FF411510848F1F78E
:10E4B00051FE0023A54683F31188BFF36F8F03231A
:10E4C000184602DFBD4698BD245C0500040000012B
:10E4D00014420400F0B589B0064600AF0D4633483B
:10E4E000334912F0A4FB07F10C00D2F7B5FB6C46E0
:10E4F00088B06A462F4B53612F4B93614FF40073E2
:10E5000093832E4B42F8103F2D492E4807F10C0300
:10E51000F1F720FEA5462C4812F047F950B9012129
:10E520002A4A28480EF062FB6FF012042046243776
:10E53000BD46F0BD264B381D7B60D2F759FC034623
:10E5400038B10121234A1F480EF059FB6FF0150422
:10E55000ECE74FF0FF304FF0FF31FFF75BFF044671
:10E560000028E3D11C491D48D2F734FB044610B102
:10E57000FFF758FFDAE7B86007F10800E6F79AFD01
:10E5800020B1FFF74FFF6FF08504CFE70123384636
:10E590003B70E6F787FD0028F3D1FFF743FF3369AF
:10E5A0000F481D60F3F74EFAC0E700BFA8B6002081
:10E5B000A9030400453F0500495C05000300000174
:10E5C000C01C4001144204002C370400705C05009C
:10E5D0006DE40200905C05006835002091E70200C0
:10E5E00041E40200F0B5674887B0D2F7A5F920B939
:10E5F000D2F744FB18B16FF0850007B0F0BDD2F739
:10E6000051FB0028F7D1D2F761FB0028F3D1D2F7F4
:10E610009FFB0028EFD1D2F771FB0028EBD1D2F796
:10E620007BFB0028E7D1D2F785FB0028E3D1D2F7A6
:10E63000CBFB0028DFD1D2F7ADFB0028DBD10024D3
:10E640000121204603AA8DF80C40D2F7DBF90028FF
:10E65000D3DB01250221204603AA8DF80C50D2F706
:10E66000D1F90028C9DB08230721204603AAADF809
:10E670000C30D2F7C7F90028BFDB4FF01B13039310
:10E6800040F203230321204603AAADF81030D2F74D
:10E69000B9F90028B1DB0421204603AA8DF80C50FB
:10E6A000D2F7B0F90028A8DB1F230621204603AAD1
:10E6B000ADF80C30D2F7A6F900289EDB0323052124
:10E6C000204603AA8DF80C30D2F79CF9002894DB81
:10E6D0000921204603AA8DF80C50D2F793F900289F
:10E6E0008BDB0A21204603AA8DF80C10D2F78AF999
:10E6F000002882DB0B21204603AA8DF80C40D2F7BC
:10E7000081F90028FFF679AF1221204603AA8DF87F
:10E710000C50D2F777F900282E46FFF66EAF02278D
:10E720001321204603AA8DF80C70D2F76BF900284C
:10E73000FFF663AFFB2304251521204603AACDE98C
:10E740000344ADF814308DF811508DF81270D2F7E3
:10E7500059F90028FFF651AF42F2316398420EDDBD
:10E76000094A0090314609480EF053FA84F31188A3
:10E77000BFF36F8F284602DF6FF00B003DE72046A6
:10E780003BE700BF89E40200B45C050014420400CA
:10E7900073B54B4D95F8083153B195F80831042BFA
:10E7A0004BD128783E2816D0FF2830D000241DE019
:10E7B0004FF0FF304FF0FF31FFF72CFE48B92846ED
:10E7C00005F5847100F0D4FC0446FFF72BFE002C05
:10E7D000E3D002B070BDAB78022B20D00D2BE5D179
:10E7E000EB78012BE2D1AC88C4F3001400220023A3
:10E7F0002146F3F73BF9064698B9002CE9D00023EF
:10E8000085F8083102B0BDE87040FFF711BEAC7862
:10E8100004F0FD04A4F180035C425C41E6E70124BE
:10E82000E4E76A78264902320C300EF092FB31465A
:10E83000244B1B6824489847E1E7022B24D100228F
:10E8400000230820F3F7DEF804460028C1D06B88C7
:10E850000433B3F5847F23D94FF4847201210092ED
:10E860001A481B4A0EF0D5F96FF00B030121194A23
:10E8700016480EF0C4F9002383F31188BFF36F8F9D
:10E880000423184602DFBAE7082B13D10023002225
:10E890002020F3F7B7F86B8804460028D8D198E712
:10E8A0001A46074904F10C000EF053FB054B2146B4
:10E8B0001B68BFE70121084A04480EF0A0F99EE753
:10E8C00091C40020A4B600206C3704001442040058
:10E8D000D65C05002F5D0500F65C0500F7B5744EAB
:10E8E00004463378002B40F03C8404238DF8073035
:10E8F000704B05881F68B7B10DF106030DF10702D3
:10E90000711CB84701280ED09DF80630002B40F04E
:10E9100093819DF807300E22B37001237270F3705B
:10E92000B580B07191E1B5F5105F4FEA95230AD239
:10E93000002B45D0013B072B08D8DFE803F009077F
:10E940002D71070707BF3F2B00F0FF8201204CE02D
:10E95000204640F2064230F9033B93420FD040F28A
:10E960001D42934215D0012040F206439D4200F023
:10E97000638140F21D439D4200F05E8135E0E6F781
:10E9800051FC42F264039D4240F2C08342F285038F
:10E9900028E1E6F749FCF4E7204640F6634230F907
:10E9A000033B934230D00DDC40F6034293421FD02C
:10E9B00040F62D4293421ED040F60142934212D0BF
:10E9C000012039E140F67B42934220D040F67C4260
:10E9D0009342F5D19DF80730374902338DF807305F
:10E9E000E6F7B7FA01E0E6F7A6FA0128E8D090E7E3
:10E9F000D2F7B4FDF9E79DF807302F4903338DF8BE
:10EA00000730E6F79DFAF0E7E6F79CFAEDE79DF8A8
:10EA10000730294904338DF80730E6F798FAE4E720
:10EA20002388A3F58053013B082BC9D801A252F8D3
:10EA300023F000BF59EA02006BEA02007FEA0200FD
:10EA4000C1E90200C1E90200C1E90200C1E9020016
:10EA5000C1E902009FEA02009DF80730164808331A
:10EA60008DF80730E6F745FBBFE79DF80730124801
:10EA700040338DF8073011F099FC002049E700225F
:10EA80009DF8073008338DF807300B4B1A605A6039
:10EA9000F37A23F0600343F06003F372EDE79DF82F
:10EAA0000730054806338DF80730E6F724FB9CE76E
:10EAB0009AC50020B8B60020A1C50020204630F835
:10EAC000033BA3F50053013B7E2B00F28180DFE87E
:10EAD00013F094009C00A5007F00C100C400C70093
:10EAE000D000D300D600DC00DF007F007F00E20012
:10EAF000EB00EE00F1007F00F400F70000010301DD
:10EB00000C017F0015011E0127017F007F007F009F
:10EB10007F007F0031013A0143017F007F00460101
:10EB200049014C014F017F007F0058015B015E01EC
:10EB30006701700173017F007F00760182018B0104
:10EB40008E01910194019D01A601A9017F007F0022
:10EB50007F00AC01AF017F00B201B501B801BB017C
:10EB6000BE01C101C401CD01DC01E501D6017F0078
:10EB70007F007F007F007F007F007F007F007F009D
:10EB80007F00D9017F007F00E801F1017F007F0055
:10EB90007F007F007F007F007F007F007F007F007D
:10EBA0007F007F007F00F401F7017F0012021B024B
:10EBB0007F0000020902240239022D027F007F003B
:10EBC0007F007F007F007F00D9007F007F007901F8
:10EBD00042F264039D423FF4F3AE40F2A78242F258
:10EBE000850301209D423FF600AF42F267039D423C
:10EBF00000F29E8242F26603BDE6E6F77EFA42F23A
:10EC000064039D427FF4BDAE16E09DF80730CC480A
:10EC100003338DF80730E6F775FAF0E79DF8073013
:10EC2000C74808338DF8073011F00DFC42F2640339
:10EC30009D4240F0638200200F2373700423B37061
:10EC40000123F0703371A6F80550012300203370C2
:10EC500003B0F0BDE6F758FAD1E7E6F757FACEE78A
:10EC60009DF80730B64801338DF80730E6F750FAC3
:10EC7000C5E7E6F74FFAC2E7E6F74EFABFE7E6F771
:10EC80004DFABCE7E6F7CCFAB9E7E6F749FAB6E79A
:10EC9000E6F748FAB3E79DF80730A94801338DF845
:10ECA0000730E6F741FAAAE7E6F740FAA7E7E6F702
:10ECB0003FFAA4E7E6F73EFAA1E7E6F73DFA9EE75A
:10ECC0009DF807309E4907338DF80730E6F736FA8E
:10ECD00095E7E6F735FA92E79DF807309849103343
:10ECE0008DF80730E6F72EFA89E79DF8073094484B
:10ECF00008338DF80730E6F727FA80E79DF80730EC
:10ED00008F4902338DF80730E6F720FA77E79DF850
:10ED100007308B4902338DF80730E6F71BFA6EE7B0
:10ED20009DF8073008338DF80730BF23F371C023F7
:10ED3000F3727BE79DF80730814902338DF8073085
:10ED4000E6F70CFA5BE79DF807307D4804338DF851
:10ED50000730E6F705FA52E7E6F704FA4FE7E6F779
:10ED600003FA4CE7E6F702FA49E7E6F701FA46E765
:10ED70009DF80730724801338DF80730E6F7FAF94D
:10ED80003DE7E6F7F9F93AE7E6F7F8F937E79DF8EE
:10ED900007306B4808338DF80730E6F7F1F92EE7B6
:10EDA0009DF80730664904338DF80730E6F7EAF935
:10EDB00025E7E6F7E9F922E7E6F7E8F91FE7E6F7DE
:10EDC000E7F91CE79DF807305D4901338DF80730FE
:10EDD000E6F7E0F913E79DF80730594901338DF85C
:10EDE0000730E6F7D9F90AE7E6F7D8F907E7E6F7D3
:10EDF000D7F904E7E6F7D6F901E79DF80730504860
:10EE000002338DF80730E6F7CFF9F8E69DF80730C2
:10EE10004B4801338DF80730E6F7C8F9EFE6E6F71F
:10EE2000C7F9ECE6E6F7C6F9E9E6E6F7C5F9E6E67E
:10EE3000E6F7C4F9E3E6E6F7C3F9E0E6E6F7C2F978
:10EE4000DDE6E6F7C1F9DAE6E6F7C0F9D7E6E6F778
:10EE5000BFF9D4E6E6F7BEF9D1E69DF807303848A9
:10EE600001338DF80730E6F7B7F9C8E69DF80730AB
:10EE7000334802338DF80730E6F7B0F9BFE6E6F71E
:10EE8000B3F9BCE6E6F7B2F9B9E69DF807302C48CD
:10EE900004338DF80730E6F7A3F9B0E6E6F7A2F9F8
:10EEA000ADE69DF80730264902338DF80730E6F7C6
:10EEB0009FF9A4E6E6F79EF9A1E6E6F79FF99EE63C
:10EEC0009DF807301E4901338DF80730E6F798F9B1
:10EED00095E69DF807301A4902338DF80730E6F7BA
:10EEE00097F98CE69DF8073015490E338DF80730F9
:10EEF000E6F792F983E69DF80730114902338DF861
:10EF00000730E6F781F97AE69DF807300C490233BD
:10EF10008DF80730E6F77AF971E69DF80730084971
:10EF20000E338DF80730E6F775F968E69DF807307F
:10EF300003491E338DF80730E6F770F95FE600BF2E
:10EF4000A1C50020E6F75EF959E620464FF60B42D0
:10EF500030F8033B934223D8B3F57C4F01D801200E
:10EF60006CE0A3F57C43013B0A2BF8D801A252F8D0
:10EF700023F000BF2DF0020049F002005FEF020015
:10EF80005FEF02005FEF020097F002005FEF020008
:10EF90005FEF020073F0020085F002009DF00200B6
:10EFA00003F2FE2292B21B2AD9D8A3F57D43023B7D
:10EFB0001B2BD4D801A252F823F000BFAFF00200FF
:10EFC000B5F00200BBF00200C1F002005FEF0200EA
:10EFD0005FEF02005FEF0200C7F002005FEF020088
:10EFE0005FEF0200CDF002005FEF02005FEF020072
:10EFF0005FEF02005FEF02005FEF02005FEF0200D1
:10F000005FEF0200D3F002005FEF0200E5F00200C4
:10F010005FEF02005FEF02005FEF02005FEF0200B0
:10F02000EBF00200F1F00200F7F002009DF807306B
:10F030004D480C338DF80730E5F78DFF4FF602523F
:10F0400025F00803934297E400209DF807304033F1
:10F050008DF80730444B1880F37923F0230343F0F5
:10F060002303F371337A23F0070343F0070333726A
:10F07000E4E79DF807303C4817338DF80730E5F793
:10F0800088FFDBE79DF80730374820338DF80730DD
:10F09000E5F7A3FFD2E7E5F77AFFCFE79DF8073062
:10F0A000314801338DF80730E5F7B4FFC6E7E5F7DF
:10F0B000C7FFC3E7E5F7F6FFC0E7E5F7F5FFBDE7F4
:10F0C000E5F7F8FFBAE7E5F7F7FFB7E7E5F7F8FF89
:10F0D000B4E79DF80730244904338DF80730E5F78D
:10F0E000F1FFABE7E5F7FDFFA8E7E5F7FCFFA5E7D4
:10F0F000E5F7FBFFA2E7E5F7FAFF9FE705D942F244
:10F1000085039D422BD900206FE4002042F21903B1
:10F110009D4218D842F20C039D427FF625ACA5F51E
:10F1200000530D3B41F241229BB206E00120EDE786
:10F13000A5F50153283B0D4A9BB222FA03F3DB07E6
:10F140007FF553AC78E542F232039D423FF474AD53
:10F15000A5F50153033B012B3FF647AC6CE50020BE
:10F1600043E54FF0FF3073E5A1C500202F8040201C
:10F1700038B5094C0D4623781BB9BDE83840E5F792
:10F18000CABEA278611C023214F006F900200423E2
:10F1900020702B7038BD00BF9AC5002070B50546A1
:10F1A0000E46084C204611F000FB38B1A3682946F2
:10F1B0002046B2B21B68BDE8704018476FF01200DD
:10F1C00070BD00BF2C3704004FF40071014808F0F7
:10F1D00093BC00BF9DC60020322337B50125ADF892
:10F1E000043000231C216846104A8DF80630ADF823
:10F1F00000508DF80230E5F7DDFA044698B910F0BA
:10F20000F6FE80B2E4F768F82A4621468520F1F739
:10F2100067FE2A462146E520F1F762FE2A4621468E
:10F220008A20F1F75DFE204603B030BD41F20200B6
:10F230000149024811F017BDC0B60020A05B0020B4
:10F2400098B500AF6C468AB06A460D4BD161C2E9F1
:10F2500005304FF4007313840A4B42F8103F00232B
:10F260004FF411510848F0F775FF0023A54683F3CA
:10F270001188BFF36F8F0323184602DFBD4698BD88
:10F28000875D050004000001744204000122014B67
:10F290001A63704700E010500122014B5A63704717
:10F2A00000E0105003460221014A02480DF0A7BCBD
:10F2B000AF5D05009442040028B1022806D1042065
:10F2C000034B1B681847024B1B68FBE7FFF7EABFBD
:10F2D000D0B6002028B1012807D100200349E3F768
:10F2E000FBBE034B02201B6818477047B9F20200AF
:10F2F000D0B60020014B186001487047D0B60020FE
:10F300000000AD0B064BD3F840231C2A05D1D3F8DF
:10F310004403431E5842584170470020704700BFC5
:10F3200000C0FF0003689A070CD50368DB070DD502
:10F330000922074BC3F80C250F22C3F8042501222C
:10F340001A60FEE7034B0360EF3B0360704700BFAA
:10F3500000801050F000FA5008B50123434A444899
:10F36000C2F80038434AD2F840231C2A04BF424A5C
:10F37000C2F80C34FFF7D6FF0830FFF7D3FF083090
:10F38000FFF7D0FF0830FFF7CDFF00F5F470FFF76F
:10F39000C9FF3A4AD2F88C3043F44063C2F88C304B
:10F3A0000022D30003F57F0303F54043D3F8001494
:10F3B00001310AD0D3F8001439B1D3F80014013266
:10F3C000D3F80434402A0B60EBD1284BD3F8402407
:10F3D000002A47D0FFF796FF48B1264BD3F83423D5
:10F3E000274B9A429EBF214B264AC3F84026FFF77F
:10F3F00089FF18B1244B254AC3F8AC27FFF782FFD9
:10F4000048B13422194BC3F82426D3F83C2622F401
:10F410000022C3F83C26174BD3F840331C2B08D1ED
:10F420001B4BD3F80026D20744BF6FF00102C3F88C
:10F43000002603231749C1F81835104BD3F88C2048
:10F4400042F44062C3F88C20D3F8882042F4700262
:10F45000C3F88820BFF34F8FBFF36F8F0023C1F82D
:10F46000A03508BDC822C3F84024B3E700001250FD
:10F4700000C50D5000C0FF000030055000ED00E059
:10F48000001D0A1840E0A91E00A0085078000A04D8
:10F4900000E0105000B0045030B50468ACB1B4FACC
:10F4A00084F30122C3F11F03DBB29A4024EA020273
:10F4B000D0E8EF5FA54204D1C0E8EC2FBCF1000F0B
:10F4C000F6D1EAD102480B7030BD0248FCE700BF1C
:10F4D0000000AD0B0200AD0B10B50368CB40DB079D
:10F4E00010D401238B40026843EA0201D0E8EF4FB9
:10F4F000944204D1C0E8EC1FBCF1000FF6D1F2D168
:10F50000014810BD0148FCE70000AD0B0400AD0B45
:10F510001022054911F8013D013A01330B701B0A15
:10F5200001D0002AF6D17047E85C0020254B90B04E
:10F5300004931123244A2549CDE9062308AB0593FA
:10F5400040F61102224BCDE90A12089320330C93A6
:10F5500021230CAA09921F4A0090CDE90E23012312
:10F56000CDE901320D9320231B4A0393D2F80034D6
:10F5700043F00103C2F800344FF0A34304AA1A6019
:10F580000322C3F810D05A63BFF35F8F9A639A6A5D
:10F5900012F0240F12D1D86B10F02300F7D14FF0E6
:10F5A000A34310225A6300225A630B4AD2F8003454
:10F5B00023F00103C2F8003410B070474FF0FF3061
:10F5C000EDE700BF045604000400002020000020E6
:10F5D000B85C002010000020008004502DE9F041AC
:10F5E00004464FF000088CB06F4608EB0700FFF7A9
:10F5F0008FFFFFF79BFF3D46064608BB08F110084A
:10F60000B8F1300FF0D11CB104F13002944210D1A6
:10F610000FCD0D4C0FC495E80F0084E80F00103497
:10F620000CAB13E90F0084E80F0030460CB0BDE8C6
:10F63000F081396854F8043B4B4047F8043BE5E758
:10F640004FF0FF36F1E700BFB85C0020F0B50020B6
:10F650004FF480744FF400752C4A2D4ED2F80034CC
:10F660008DB043F00203C2F800342A4B00211C6025
:10F67000186458645D631E601A6B12F00E0FC2F3BB
:10F680004207F9D0052FF1D071B95A68032AF3D98E
:10F69000D3F880201A61D3F880205A61D3F88020F3
:10F6A0009A61D3F88020DA615A68012192002F2AEA
:10F6B000E2D9D3F880206B4630211846154C1D1D29
:10F6C00003F8012B9D424FEA122201F1FF3115D0C0
:10F6D0000029F5D10123104C0C4A84F83930D2F8B6
:10F6E000003423F00203C2F80034FFF777FF50B96B
:10F6F00001220023C4E90C230DB0F0BD0029E9D09C
:10F70000D4F88020DBE74FF0FF30F5E700800450AD
:10F710000100040000108051B85C002010B50B4CB3
:10F7200094F83830012B0CD040220021204613F0F1
:10F730005AFEFFF78BFF30B90123054884F83830B3
:10F7400010BD0448FCE70448FAE700BFB85C00209D
:10F750000000AD0B0C00AD0B0100AD0BF0B5054684
:10F760000C4685B019B178B3B1F5803F2CD8174E4F
:10F77000736BB3F5803F17D3FFF768FFA0B1144850
:10F7800005B0F0BD102C6846274628BF1027FFF7AC
:10F79000BFFEFFF7CBFE0028F1D128463A46694666
:10F7A00013F0FAFDE41B3D44002CEBD12046FFF79B
:10F7B00015FF0028E3D1D6E90C32013342F10002F3
:10F7C000C6E90C320348DBE70348D9E7B85C002000
:10F7D0000100AD0B0000AD0B0400AD0B036803F09E
:10F7E0001F025F2B02604FEA53129ABF024B53F87D
:10F7F00022000020704700BF08560400034A430956
:10F80000D35C00F01F001844C0B27047DB5D0500F8
:10F8100070B505460846FFF7F1FF3C212A79184BE1
:10F8200001FB0202083233F81200C10526D5782404
:10F830000026C0F3432120F4F85023F812002A795F
:10F8400004FB02340E3434F8020F10F4807F03D02E
:10F85000C0F34320814211D00136232EF3D1002082
:10F86000C2EB02120A4443F8320078202A79BDE83C
:10F87000704000FB02306030FFF72EBE70BD00BF4D
:10F88000D4B60020F0B50646002487B0114F019190
:10F8900017F8012B06AB03EBD20313F8143C02F06C
:10F8A0000702D34013F0010306D10134032CEFD13A
:10F8B0000023184607B0F0BD074A03AD07CA85E824
:10F8C000070055F824100A6A46F824200A62002A24
:10F8D000EBD0EEE7EB5D05001043040010B50446E5
:10F8E0000846FFF78BFF3C2303FB0400024B083064
:10F8F00033F81000400B10BDD4B6002010B50446FC
:10F900000846FFF77BFF3C2303FB0400034B083052
:10F9100033F81000C0F3400010BD00BFD4B6002083
:10F9200010B504460846FFF769FF3C2303FB0400BB
:10F93000034B083033F81000C0F3401010BD00BF77
:10F94000D4B6002078232DE9F04F6F4C0E460C1BE7
:10F95000B4FBF3F4D0F81413DFF8B8B1C9B28BB02C
:10F9600041F400315BF83420009010F04EFE81032A
:10F97000054638D50023E7000BEBC404CDE9073377
:10F980000993636807A819460193FFF77BFF3B1DA6
:10F9900003934FF0000A5D4B0DF11C090293029A8C
:10F9A00012F8013B0292039A02EBD3021BF80220E9
:10F9B00003F0070322FA03F3DA071AD40AF1010A63
:10F9C000BAF1030F09F10409E9D14FF40031002223
:10F9D000009810F01AFE019907A8FFF753FF0028BE
:10F9E000D7D125F400350124002D76D10BB0BDE828
:10F9F000F08F474B53440493D9F800100029DDD011
:10FA000091FAA1F1B1FA81F1049B1C7841EA441406
:10FA10002046FFF7F3FE083036F81080C8084FEA9A
:10FA200098030593012319F8002001F0070103FA58
:10FA300001F122EA010209F8002006A80694FFF766
:10FA4000CDFE069A059B203250F82220C8F382078B
:10FA50005B07B846C2F3014223D53046D7B22146F0
:10FA6000424610F0B3FD06A80694FFF7B7FE069BCA
:10FA7000203350F82330C3F301439F4207D10021C4
:10FA8000204610F094FD3946204610F090FD06A85F
:10FA90000694FFF7A3FE0122069B02FA03F303621A
:10FAA000AAE7022A0DD10321204610F080FD07F0BD
:10FAB0000503012BEBD142462146304610F086FD6E
:10FAC000E5E702212046059210F071FD032FF2D0E8
:10FAD000059A032ADBD1022FECE795FAA5F3B3FAD6
:10FAE00083F3009904FA03F225EA020503F5A272F2
:10FAF00051F8222006EB43033046B3F86410C2F3FA
:10FB0000014210F063FD6FE7D4B60020EB5D050005
:10FB1000EB5D0500145604002DE9F7430546084641
:10FB2000FFF76CFE3C222B79204F02FB03030833C6
:10FB300037F813300E46DB07044635D5284610F05B
:10FB40008BFD95F8049031464846FFF7E9FE60B119
:10FB50004846FFF7C3FE0022D5F8008000B208EB4C
:10FB60008003C3F81025C3F8102528463146FFF757
:10FB70004FFE3C222B7901A802FB034400230834EA
:10FB800027F814300196FFF729FE019B00EB830054
:10FB9000D0F88020064B134043F00203C0F88030B9
:10FBA000044803B0BDE8F0830348FAE7D4B6002068
:10FBB000F0F0FCFF0000AD0B0400AD0B2DE9F04FA1
:10FBC0009046044685B00846FFF718FED8F8009026
:10FBD0000F4606462579B9F1000F23D02846FFF7D6
:10FBE0008DFE18B12846FFF79BFE58BB00230DF190
:10FBF0000F02CDE900338DF80E308DF80F300DF186
:10FC00000E014B46384610F089FC3C2303FB05638C
:10FC10005D49083331F8132022F0020242F001025C
:10FC200021F81320D8F80430002B3FD03946207932
:10FC300093F80090D3F804A0FFF760FE20B1BAF16A
:10FC4000000F26D0514835E03C226A43DFF838E106
:10FC500002EB060C0CF1080C3EF81C3023F02003DC
:10FC6000DB04DB0C2EF81C30BAF1000F11D0B9F117
:10FC7000030FE7D8D8F804102068496891F800A06D
:10FC800000EB8A00B9F1000F17D1C0F81095C0F849
:10FC900010953C2303FB05653B4A083532F81530C7
:10FCA00023F01C0343EA890322F81530D8F8083002
:10FCB00063BB374805B0BDE8F08FD0F810B55244AB
:10FCC0002BF0030BC0F810B5206843EA4A3300EB71
:10FCD0008A01D1F810050EEB420220F4473020F4DF
:10FCE0007C70C1F8100541F6F070D1F810B500EA4B
:10FCF000071040EA094040EA0B0043F02003C1F836
:10FD00001005A2F864702EF81C30C2E73946D3E91A
:10FD100000852046FFF77CFDB8F1000FC9D078239D
:10FD20002079194F4343FA18FB58984504D153687A
:10FD30009D4201D100220CE0782303FB00700DF1FD
:10FD40000F016030FFF7A8FB114B9842B2D19DF82C
:10FD50000F203C212379C3EB0313134447F833806E
:10FD60002379C3EB0313134407EBC3035D602379CB
:10FD700001FB0363083337F8131041EA422242F4CF
:10FD8000807227F8132094E7D4B600200400AD0B4E
:10FD90000000AD0B2DE9FF470546084617461E46F5
:10FDA000FFF72CFD8946044687B395F8048040464A
:10FDB000FFF7A4FD18B94046FFF7B2FD68BB3C232E
:10FDC00003FB0848DFF8E8A008F108083AF8183003
:10FDD00013F01C0F02D07B78012B1ED001238DF86D
:10FDE0000F3000237A1CCDE900734846BB1C0DF18F
:10FDF0000F0110F093FB3C222B7902FB03430833E5
:10FE00003AF8132042F003022AF81320002E4BD0B8
:10FE100049462879FFF772FD18B9244804B0BDE8B7
:10FE2000F08700214FF03C0C30782B68820003EB08
:10FE30008003C3F81015C3F810152B791C490CFB6F
:10FE40000343083331F8137027F4604727F0200785
:10FE500021F8137077783FB32B68B6781A44D2F83C
:10FE600010E5144B3F040EEA0303C2F8103541F6C7
:10FE7000F07307F4403703EA09133605D2F810E5AA
:10FE80003B4306F48016334343EA0E03C2F81035B1
:10FE90002B790CFB0344083431F8143043EA403327
:10FEA00043F0200321F814300348B7E70400AD0BFA
:10FEB000D4B600200FE0ECFF0000AD0B30B5782584
:10FEC0000479044B05FB0434A160017905FB01337F
:10FED000DA6030BDD4B6002070B5067914463046DD
:10FEE000FFF71EFD68B10846FFF788FC3C2303FBC3
:10FEF0000600054B083033F8103004485B0B2370C4
:10FF000070BD0348FCE700BFD4B600200000AD0B75
:10FF10000400AD0BF8B5064607797820194D00FBB3
:10FF2000075393F8744054BB1846462221461030BC
:10FF300013F059FA3179144A336852F83160214686
:10FF40008E4212D10022C3F30830C3F8442101309D
:10FF5000D3F84421F0F7A2FF782303FB07550123D0
:10FF60000A4885F874302B66F8BDCAB2920002F5D3
:10FF70008070442A04BF1C501A580131E0E704483D
:10FF8000F2E700BFD4B60020145604000000AD0B09
:10FF90000C00AD0B78210279044B01FB023393F87E
:10FFA0007400003818BF0120704700BFD4B600208D
:10FFB0000079024B03EB8000FFF78EBAC00D0020E2
:10FFC0000079024B03EB8000FFF766BAC00D0020FA
:10FFD0002DE9F74390F80490044648461746FFF78A
:10FFE0009FFC0D46266800B34846FFF787FC804615
:10FFF000D8B94846FFF772FC05B2AD0005F580722E
:020000040003F7
:1000000046F802802168B2582944D1F8102542F000
:100010000102C1F810252FB10122216802FA00F374
:10002000C1F8143303B0BDE8F083D6F81433284682
:100030009B035CBF4FF40033C6F81433FFF7DEFBBD
:100040003C22237902FB03000E4B083033F81030BA
:10005000C3F38203042B11D0052B11D001A8019505
:10006000FFF7BCFB019BC168D94001F001010231DF
:10007000284603B0BDE8F04310F099BA0321F7E732
:100080000221F5E7D4B6002001490248FFF75ABC27
:10009000D4B6002000A00D5001490248FFF752BC21
:1000A0004CB7002000C0105010B50024037A0D4951
:1000B000CA181B0103F1A04303F5622392F85420F0
:1000C000C3F82C450C2303FB02130468DC60426870
:1000D0001A610122007A18758B68824013438B6085
:1000E00010BD00BF80080020074B027AD3F810151E
:1000F00021F001010A43C3F810250268C3F8A426C1
:100100004268C3F8AC26704700200E50012303FA62
:1001100000F010F0670F0AD0064B5B68DB4303F07A
:1001200067030342044B054818BF1846704704484C
:10013000704700BF800800200000AD0B0400AD0B2D
:100140000800AD0B2DE9F048EFF31181402383F354
:100150001288BFF36F8F4FF0FF356FF04044094EA8
:10016000D6E900BC5D4574EB0C07F9D3CCF313035F
:10017000C0E900B381F31188BFF36F8F0248BDE877
:10018000F08800BF40270E500000AD0BF0B53C4D8D
:1001900085B02C78002C6FD13A4A01AB07CA83E8AE
:1001A000070039491846D1F8102522F00202C1F89B
:1001B0001025FFF799FF0723672202F00101214470
:1001C000013BCCB24FEA5202F7D1052C56D1194669
:1001D0004FF0010C2A4E00246720CFB204E00CFA45
:1001E00002F220EA0200013490FAA0F25FFA84FEE3
:1001F000BE45B2FA82F2F2D30131327505292A44A2
:1002000082F8547006F10C06E5D1012100241F4844
:100210009A0801FA02F212F0670F18BF1C5004335B
:10022000302BF5D1E420F0F739FE174B1849D3F8FD
:10023000102503F5C07322F00202C3F8902340F6A4
:10024000FF72C3F8A82100221A60A3F5807004335E
:100250008B420260F8D101240B4B0E4A1C660E4BF8
:100260005D201B68B3FBF2F358430C4B23439847C4
:100270000B482C7005B0F0BD0A48FBE70A48F9E7C7
:10028000800800201C43040000200E5000210E5066
:10029000B0210E5040420F00BC0D0020204B040046
:1002A0000000AD0B0C00AD0B0100AD0B73B52A4C7B
:1002B000054663680E4603F0010304F1140101A82A
:1002C0000193FFF7E9F8254B98423DD100233370A5
:1002D000636823F001036360A36843F00103A36034
:1002E0001F4BD3F81025960732D4D3F8102542F0CF
:1002F0000202C3F81025C5B1D3F8482712F0010255
:1003000002BFD3F8481741F00101C3F84817144B56
:10031000D3F84017D3F844174C00F9D42AB9D3F8CE
:10032000482722F00102C3F848270E4B0E4A1B68EB
:10033000B3FBF2F30A4A03EB43135BB1D2F8401765
:10034000D2F84417490001D402B070BD013BF4E774
:100350000648F9E70648F7E7800800200000AD0BE3
:1003600000200E50BC0D002040420F000C00AD0BD1
:100370000700AD0B2DE9F0410446007A1D46FFF75A
:10038000C5FE1E4B9046984206469DF8187031D126
:100390002046FFF789FEEFF31180402383F3128894
:1003A000BFF36F8F227A164B9200134400221A601B
:1003B000217AC5F31305090101F1A04101F562217C
:1003C000C1F82085C1F8245580F31188BFF36F8FE1
:1003D00087B10123227A0B4903FA02F2D1E8EF5FD9
:1003E0001543C1E8E05F0028F8D1227A9340064A1D
:1003F000C2F824333046BDE8F08100BF0000AD0BE9
:1004000000210E500809002000200E50F7B5284B9F
:10041000284CD3F82C6304F188070EB903B0F0BD63
:1004200096FAA6F00123B0FA80F08340DA4322491D
:1004300026EA0306231893F85450830019440C232A
:1004400003FB0543DB6873B3D7E8EF3F03EA020C15
:10045000C7E8EECFBEF1000FF6D1C340DB0719D5D8
:10046000020102F1A04202F56222D2F82435D2F84C
:100470002025D1F800C0BCF1000FCED04FF0000C09
:10048000C1F800C00C2101FB054529690091E9680C
:100490008847C2E705F10C0304EBC30C54F8332082
:1004A000DCF80430E5E70A68002AB6D00B60B4E750
:1004B00000200E508008002000210E505F2800F020
:1004C0001F034FEA50110BD8084A52F8212002EBC3
:1004D0008303D3F88010064A0A40C3F8802070478F
:1004E0000022203352F82330FFDE00BF24560400E0
:1004F000F0F0FCFF5F2800F01F034FEA50110DD809
:10050000094A52F8212002EB8302D2F88010074BEF
:100510000B4043F00303C2F88030704700222033C1
:1005200052F82330FFDE00BF24560400F0F0FCFF39
:100530002DE9F04F5C4E037987B05F0106EB431362
:100540001B7905460C460592002B40F0AA8091F8D5
:1005500020300A7E497D002968D094F82130206837
:10056000002B00F09480236894F816A00193636830
:1005700094F817900293A36894F818800393E368A3
:1005800094F819E0E26994F820C094F815B0049347
:100590002B68216994F82200C3F804B5C3F824A598
:1005A000C3F82095C3F81C85C3F828E5C3F818C51F
:1005B000002A72D1C3F8102568B9019AC3F86425DE
:1005C000029AC3F86825039AC3F86025049AC3F811
:1005D0007025C3F86C15059B94F82220F35194F80C
:1005E000213006EB07089B0143EAC21398F8052067
:1005F00002F03F02134388F8053000232868C0F852
:100600000431D0F80421C0F81431D0F81421C0F816
:100610000831D0F80831C0F30830F0F73FFC01236F
:10062000224888F8043007B0BDE8F08F012A03D1D2
:10063000012B0BD11E48F6E7022A22D1082B05D840
:1006400040F2551222FA03F3D807F3D494F821307C
:10065000002B88D12068FFF74DFF6068FFF74AFF45
:10066000A068411C01D0FFF745FFE068421C01D0A3
:10067000FFF740FF2069431C3FF475AFFFF71EFFF3
:1006800071E7032AE2D1012BD4D9032BD1E7FFF77D
:1006900015FF6068FFF712FFE2E7C3F81425012297
:1006A00088E70448BFE700BFC4B700200000AD0BD7
:1006B0000400AD0B0C00AD0B70B5354B0279044650
:1006C000550103EB42121279012A5DD10A6822B169
:1006D00002F06040B0F1005F58D1486820B100F0EE
:1006E0006040B0F1005F51D1003A18BF01222B44A5
:1006F000587903F1080562F3000058714A68012631
:10070000101E18BF01205A7922F01E0242EA400250
:100710005A7107C985E807000022C3E9052221684C
:10072000C1F80065022119712168C1F80421D1F8CE
:1007300004112168C1F814215D79D1F8142105FA5A
:1007400006F22D0102F0020205F0200521682A437D
:1007500042F00402C1F80423D9681B8A22689B0076
:10076000C2F85035C2F83805003818BF0120C2F869
:100770000805C2F84015003918BF0121C2F80C1550
:10078000236804481E6070BD0348FCE70348FAE78D
:10079000C4B700200000AD0B0500AD0B0A00AD0B87
:1007A00070B51C4B0279560103EB42125279D20606
:1007B0002CD50C6824B104F06042B2F1005F27D15F
:1007C0004A6822B102F06045B5F1005F20D10D8981
:1007D0000068AD00C0F85055C0F83845003C18BF5F
:1007E0000124C0F80845C0F84025003A18BF01228E
:1007F0003344C0F80C2503F1080407C984E8070056
:100800005A7905486FF304125A7170BD0348FCE72A
:100810000348FAE7C4B700200000AD0B0500AD0B9C
:100820000A00AD0BF0B5444A85B0D2F814312BB1B3
:100830000023C2F81431D2F814312023D2F8041165
:1008400031B10021C2F80411D2F8042143F00203AF
:10085000394AD2F8081131B10021C2F80811D2F892
:10086000082143F0040313F0200F344C0AD06279BE
:1008700042F0080202F012011229627104BF42F034
:10088000200262719E070AD5627942F0040202F0EA
:1008900011011129627104BF42F0200262715D07EB
:1008A00016D500210422244B254DC3F80823C3F894
:1008B0000015284655F8143C98470123022123715E
:1008C00055F8143CA5F10C0005B0BDE8F040184700
:1008D000637903F00F020F2A08D0D80701D4190753
:1008E00004D46279920724D45B0722D56379276800
:1008F00013F0200603F0F30508D025F0300545F08D
:100900001005012100203B466571DDE70C4B0DF120
:10091000040C45F0100593E8070065718CE80700AA
:1009200013E90700C4E9026683E807000121604675
:10093000B84705B0F0BD00BF00D00D50C4B70020CF
:10094000D8B70020044B40EA0120C3F80005D3F8D3
:100950000024D207FBD5704700B0045010B4CC7B04
:100960008A6803682CB9D1E90041C3F80046C3F88E
:100970000416C3F82425282203795343064AD35882
:1009800033B100685DF8044BC0F30830F0F786BA65
:100990005DF8044B704700BFE4B700205F2800F00B
:1009A0001F034FEA50110DD8094A52F8212002EBDB
:1009B0008302D2F88010074B0B4043F00203C2F8C9
:1009C000803070470022203352F82330FFDE00BF12
:1009D00030560400F0F0FCFF70B5817B29BB026843
:1009E0005F2A02F01F034FEA521420D8124E134D13
:1009F00056F8242040F60C0402EB8302D2F8803033
:100A00002B402343C2F8803042685F2A02F01F0364
:100A10004FEA52100BD856F8202002EB8302D2F88E
:100A200080302B402343C2F88030012070BD20333A
:100A300051F82330FFDE00BF30560400F0F0FCFF19
:100A40002DE9F041074690F80480282000FB08F0CB
:100A5000144E0C46351895F82210F1B9A9603250A1
:100A60006B6085F8251085F824106CB1A37B2046B7
:100A700085F82730FFF7B0FF88B1637B2146384601
:100A800085F82630FFF76AFF282303FB0866012359
:100A9000054886F82230BDE8F0810448FBE70448A9
:100AA000F9E700BFE4B700200000AD0B0C00AD0B70
:100AB0000400AD0B062103680279C3F80015282154
:100AC000034B01FB0233022283F82220704700BF50
:100AD000E4B70020282110B5002402790B4B01FB5C
:100AE00002339C6001680A4AC1F80823D1F8002249
:100AF00022F0FF5222F4BC52C1F800220122C1F8B8
:100B0000004583F8222083F8244010BDE4B700207C
:100B10002264F81F70B5044606790068104DC0F3D2
:100B20000830F0F7C9F92046FFF7D4FF282303FB6C
:100B3000065393F8272062B993F826304BB92368FF
:100B4000D3F80006D3F80446FFF728FF2046FFF746
:100B500025FF282303FB0655002385F8223070BDAE
:100B6000E4B7002028232DE9F74F9246002290F8A1
:100B70000490B84D046803FB095383F823204B68A5
:100B80000E4633B1CB6803F06043B3F1005F40F031
:100B90007E813378023B012B06D8336903F0604332
:100BA000B3F1005F40F073811AF0030F40F07181E0
:100BB000A94BC4F80833282303FB095393F82420D6
:100BC00002F0FF013AB19B68A44FC4F804333846E1
:100BD00003B0BDE8F08F1AF0140F0CBF0122002201
:100BE00083F82420327809EB890883F82020727872
:100BF00005EBC80883F82120F268DA6072681A6190
:100C000032695A61B268C3F81CA09A61CAF3001233
:100C100083F825207378C4F88835C4F83811D4F8DF
:100C20003831C4F82811D4F82831C4F81411D4F894
:100C30001431C4F80411D4F804313378032B00F2D2
:100C4000A280DFE803F0779760024FF48073C4F866
:100C50000032D8E90323C4F83C27C4F84037012305
:100C600023654FF0006120460FF064FD0028F8D1A5
:100C7000D8E90523C4F83C27C4F8403728234FF4AB
:100C8000806203FB09539A60754F282303FB09F325
:100C9000E858E9181AF0080313D13278032A10D063
:100CA000012A40F08580A26200286ED0282303FB31
:100CB00009F37268EB5822B9002B00F0AE800123D3
:100CC0006360282303FB09F3EA18EB58002B00F0BC
:100CD000A4801AF0040F1CBF002393601AF0400F89
:100CE00006D1282303FB09539A6842F002029A6056
:100CF000282303FB09539A6842F020029A609B68FC
:100D0000C4F8043363E7D8E90323C4F83C27C4F8E4
:100D10004037D8E90523C4F80427C4F808374FF44E
:100D20008453C4F80032012323612823022203FBE9
:100D30000953A8E71AF0200FD8E90323C4F83C2789
:100D400014BF4FF480724FF40072C4F840374FF074
:100D5000280315BFC4F80022C4F800224FF48062B3
:100D6000022214BF03FB095303FB09539A600123BA
:100D7000236189E7D8E90323C4F80427C4F80837B6
:100D80004FF48053CDE7374F7FE70B6903B96260BB
:100D900040F2024B40F2224120460FF0CBFC0123EF
:100DA00010F0200F18BF636010EA0B0FF2D07DE740
:100DB0000122226500287FF479AF096931B340F23E
:100DC000024B13EA0B0F7FF471AF40F22241204631
:100DD0000FF0B0FC81060346F3D501904FF480413B
:100DE00020460FF0A7FCD4F8002288B112F400715D
:100DF000019B03D10123236163600B46D205E0D53B
:100E00004FF4806120460FF095FC04E06260D6E765
:100E10000123236163600023D3E7282202FB0955E5
:100E20000022D4F8C434C4F8C43485F824200BB3A9
:100E30000D4A13F0010F0D4F18BF174613F0020FA4
:100E400002F1010218BF174613F0040F084B18BF38
:100E50001F46BCE6E4B700202264F81F0B00AD0B70
:100E60000000AD0B0400AD0B0000AE0B0100AD0B9C
:100E70000200AE0B1AF0400F7FF4A9AE41462046A7
:100E80000FF016FC044B002808BF1F469FE6034FD7
:100E90009DE6034F9BE600BF0100AD0B0A00AD0BC2
:100EA0000300AD0B70B55B4D022186B028460FF0F4
:100EB00041FC2021064628460FF03CFC564CD8B198
:100EC000E6B9A3684FF48041C5F808330223A36054
:100ED000A3682846C5F804330FF02CFC18B1D5F8E8
:100EE00000329B0503D401224A4B1A615A60012348
:100EF00084F8233006B070BD002E57D0E5696E0629
:100F00000AD494F823303BB9434942480FF0D0FB50
:100F100080F0010084F8230015F0040524D13D4B36
:100F200094F82520C3F83851D3F83811C3F8345158
:100F3000D3F8341112B194F8232052B10022C3F82F
:100F40000022A260354AC3F808238022344BC3F83C
:100F50009821238CADF80430E3680493236902934D
:100F600063690593A36903932A4AD2F8C4349807A6
:100F7000C2F8C43447D4590747D4DA0747D494F8A1
:100F800023309B00DBB28DF8003094F825300BB98C
:100F900084F82430E3695B0703D594F82330002BF1
:100FA000A8D0D4E9003168469847A3E74FF48061A0
:100FB00028460FF0BFFB94F82030A3B994F82530F1
:100FC0004BB98022C5F80032A360144BC5F8083332
:100FD000134BC3F8982100238DF8043094F8213086
:100FE0008DF80530B8E74FF40073C5F800322223BE
:100FF000A3600A4BC5F80833A368C5F8043301237E
:101000002B652B6176E70123BDE70223BBE70323B2
:10101000B9E700BF00700C50E4B700202264F81F4D
:1010200000E100E0036803F01F025F2B02604FEA5B
:1010300053129ABF024B53F822000020704700BFA2
:101040003C560400F7B506460FF09EFB08460FF02D
:101050009BFB01A80196FFF7E5FF0C4640F60D014A
:10106000019B2B4D00EB8300D0F8803001942B4086
:101070000B43C0F8803001A8FFF7D4FF019B012784
:1010800000EB8300D0F880302B400B43C0F8803059
:1010900004200FF041FA092501A80194FFF7C2FFCF
:1010A000019AC368D340DB0714D401A80196FFF767
:1010B000B9FF019B013D07FA03F3836004200FF0A1
:1010C0002BFA30460FF060FB04200FF025FA15F0E4
:1010D000FF05E1D101A80194FFF7A4FF0123019AC4
:1010E0009340836004200FF017FA20460FF04CFB6A
:1010F00004200FF011FA01A80194FFF793FF019A61
:10110000C3680448D34003F00103C01A03B0F0BD24
:10111000F0F0FCFF0100AD0B2DE9F0410D46B5FAF2
:1011200085FC16461F46382200214FEA5C1C044607
:101130004FEA4C1812F057F96FF07F424FF0FF332F
:10114000F119C4E902232570C4F82080A662266341
:10115000E1626163002D51D1B14213D9731C236345
:10116000357899424FEA054565600BD9B31C236376
:101170007278994245EA0225656003D9F31C23631E
:10118000B3781D434FEAE803BB42A8BF3B46A8EB38
:10119000C3006560206223B34A1E626311F8012C0C
:1011A000012B4FEA02621BD0120A8D1EE2616563B9
:1011B00011F8025C022B42EA056211D0120ACD1E20
:1011C000E261656311F8035C032B42EA056207D014
:1011D000120A0B1FE261636311F8043C42EA0362E6
:1011E000E26107280ADD202801464FF00002A8BF6F
:1011F0002021E369C4E90821C340E361BDE8F0812F
:1012000010B40278D0E90C1332BB4FF0030C043356
:10121000CA1E93428CBF9C44991A836888BFACEB6A
:101220000101D0E90824C90002EB040CC3B100227B
:101230005B0802F10102FBD1C2F11A02C4684369E2
:10124000002CA8BF013302EBC3026244881A20EAD3
:10125000E0705DF8044B70470A464FF0000CD8E789
:101260001A22EBE710B40278D0E90C134ABB4FF016
:10127000030C0433CA1E93428CBF9C44991A446ADF
:10128000026A836888BFACEB0101C90002EB040C61
:10129000DBB100225B0802F10102FBD1C2F11A02AC
:1012A000C4684369002CA8BF013302EBC302624447
:1012B0009142AABF007E4FF0FF3040425DF8044BE0
:1012C00070470A464FF0000CD5E71A22E8E700BF46
:1012D000F0B5056A426B876AEB10A2EB070E9E45DC
:1012E000A8BF9E46A5EBCE050646C3690562BEF1C2
:1012F000000F0CD0A2EB0E0E013A1B0AF3617263D1
:1013000092F800C0724543EA0C63F361F4D1072DF3
:1013100023FA05F010DCC5F1200E8E45A8BF8E46DD
:101320004FF0FF32754402FA0EF2B1EB0E0120EAE3
:10133000020035620CD1F0BD736A4FF0200E5A19CD
:10134000202AA8BF202203460025F0617262E4E74C
:10135000726BD41BEF10BC42A8BF3C46A5EBC40582
:1013600035625CB1141B013A1B0AF361726392F897
:1013700000C0A24243EA0C63F361F4D1072D23FAC3
:1013800005F30ADC0D444FF0FF328A4023EA0203E2
:1013900003FA0EF335621843F0BD726AF3612A4412
:1013A000202AA8BF20220D467262ECE78368B3F5BD
:1013B000803F2BD270B44268C66A046BA64204F127
:1013C00001054FEA022112D81B0221F07F42B3F53A
:1013D000803FC0E9012315D21B021202B3F5803F02
:1013E00022F07F42F8D370BCC0E901237047056347
:1013F00022781B020A4322F07F42B3F5803FC0E906
:10140000012301D370BC70472C46D7E7704700BF5B
:10141000012970B50C4694BF00210121002C18BF92
:101420000131032C88BF0131154611B9117000201C
:1014300070BD026A8E18202E0FDC4FF0FF3306625B
:10144000C0698B40D04020EA0300C0B284422870BB
:10145000EDD22C704FF0FF3070BDFFF739FFF4E78D
:1014600010B5214B847800F1B80C53F82430D0F833
:10147000AC4000780CEB840C00FB0333002B1CDD2C
:10148000012AFFEE006AB7EE007A4FEA820415D116
:101490005CF8042B12F0FF4FA2F1F06014BF07EECE
:1014A000900A07EE902AC7FEA67AC7FEC77A013BCC
:1014B000C1ED007A96462144EAD110BD5CF8042BB8
:1014C00012F0FF4FA2F1F06014BF07EE900A07EE92
:1014D000902AC7FEA67AC7FEC77A013BC1ED007A03
:1014E00096462144EAD1E8E79407050030B53C4B25
:1014F0001446827853F82250D0F8AC2000F1B8039B
:1015000003EB8202037803FB055000285ADD012C0F
:10151000B6EE007A04EB440519D045E01CB103F1A6
:10152000806307EE903A77EE877AFDEEE77A17EE62
:10153000903A03F317034FEA232E4FEA234C013866
:101540000B7081F801E081F802C029443AD0F2EC36
:10155000017AF5EEC07A17EE903AF1EE10FA03F048
:10156000FF44DBDA1CB103F1806307EE903A77EEBB
:10157000C77AFDEEE77A17EE903ADAE703F1806377
:1015800007EE903A77EE877AFDEEE77A17EE903A1B
:1015900003F317034FEA232C1C1401380B7081F856
:1015A00001C08C7029440DD0F2EC017AF5EEC07ABE
:1015B00017EE903AF1EE10FA03F0FF4403DB002C33
:1015C000E0D0DBE730BD1CB103F1806307EE903A59
:1015D00077EEC77AFDEEE77A17EE903AD8E700BFCC
:1015E0009407050030B4384B1446827853F82250E3
:1015F000D0F8AC2000F1B80303EB8202037803FBC0
:101600000550002833DD012CB6EE007A4FEA840C39
:1016100011D03EE01CB103F1806307EE903A77EE03
:10162000877AFDEEE77A17EE903A013803F3170355
:101630000B6061441BD0F2EC017AF5EEC07A17EE34
:10164000903AF1EE10FA03F0FF44E3DA1CB103F133
:10165000806307EE903A77EEC77AFDEEE77A17EEF1
:10166000903A013803F317030B606144E3D130BCB7
:10167000704703F1806307EE903A77EE877AFDEECC
:10168000E77A17EE903A03F3170301380B606144D1
:10169000EDD0F2EC017AF5EEC07A17EE903AF1EE69
:1016A00010FA03F0FF4402DB002CE6D0E1E71CB1A6
:1016B00003F1806307EE903A77EEC77AFDEEE77AA2
:1016C00017EE903ADFE700BF9407050010B5214BF5
:1016D0009646827853F82240D0F8AC2000F1B80347
:1016E00003EB8202037803FB044000281BDDBEF1FC
:1016F000010FB6EE007A4FEA4E0C15D1F2EC017AEA
:10170000F5EEC07AF1EE10FAACBF77EE877A77EE9D
:10171000C77AFDEEE77A17EE903A013803F30F032C
:101720000B806144EAD110BDF2EC017AF5EEC07A8B
:10173000F1EE10FAACBF77EE877A77EEC77AFDEE5E
:10174000E77A17EE903A013803F30F030B806144F8
:10175000EAD1E8E7940705002DE9F04F41F64C5730
:10176000002ACCBF16460E46B84205461C4683B03A
:1017700000F0AE8042F21073984200F09880B1F50C
:10178000FA5F00F0A180B1F57A5F00F0A980042033
:1017900045F6C053994200F00381B1F5FA4F00F0CD
:1017A0008F804BF68033994200F00381B6F5FA5FE3
:1017B00000F08A80B6F57A5F00F086804FF0070B64
:1017C00045F6C052964200F0FD80B6F5FA4F00F0A3
:1017D0001B814BF68032964276D1042874D04FF0AC
:1017E000040AD34570D8002C6ED00228524600F06F
:1017F000B28003239349019351F8227007FA03F949
:101800004FEA8708BC220021204611F0ECFD019B25
:101810004744237008EB090303EB6707C4E92C373F
:1018200004F19C0084F801B084F802A0C4F8AC90E4
:1018300002F0B2F806FB05F283494FEAE27E81FB33
:1018400002314BF680339E4204F1B800CEEBA14149
:1018500078DC7E4F06EBC6035B0087FB03C74FEACD
:10186000E37CCCEBA71C9CFBF1FC01FB0C1C8C4427
:1018700041F64C5740F2E243BD4208BF4FF4FA63D1
:10188000714D06FB03F385FB0262CEEBE24E85FB56
:101890000325DA17C2EBA542724462440A4492005F
:1018A000002111F0A0FD204603B0BDE8F08FB1F596
:1018B000FA5F1FD0B1F57A5F00F08A80032067E7F6
:1018C000B6F5FA5F40F08E80002003B0BDE8F08FDF
:1018D000B1F5FA5F4CD0B1F57A5F27D0022057E717
:1018E000B6F5FA5FF0D0B6F57A5FEDD004204FF090
:1018F000010B65E7B6F5FA5F00F09380B6F57A5F05
:1019000077D045F6C0539E4200F09580B6F5FA4F69
:1019100000F094804BF680339E42D5D14FF0040AFC
:10192000002CD1D052464FF0000B62E7B6F5FA5FBB
:10193000CAD0B6F57A5F4FF00200D8D14FF0010B54
:10194000DA4650E78C4693E74FF0010A002CBBD0F3
:1019500052464FF0000B02233A493D4851F82210FD
:1019600050F82270019301EBC10901EB410849E7EE
:10197000B6F5FA5F4ED0B6F57A5FE5D045F6C053BE
:101980009E423ED0B6F5FA4F52D04BF680339E427F
:101990009AD1002C98D004224FF0000B9246DAE73F
:1019A000B6F5FA5F90D0B6F57A5F8DD04FF0020BA6
:1019B00006E7B6F5FA5F87D0B6F57A5F84D04FF0C8
:1019C000040BFDE604283FF47FAF4FF0020A08E75E
:1019D000B6F5FA5F3FF478AFB6F57A5F4FF00300E3
:1019E00085D1ABE7B6F57A5F3FF46EAF4FF0030BEE
:1019F000E6E6002C3FF468AF01224FF0000B924660
:101A0000F7E64FF0020AA1E704283FF45DAF4FF07C
:101A1000030AE6E6002B3FF457AF002293469246B6
:101A200099E7002C3FF450AF002293469246E0E63F
:101A30004FF0030A8AE74FF0020A71E74FF0030AFA
:101A40006EE700BF9407050083DE1B43D34D621091
:101A50005C0705002DE9F04FBDB0CDE90423002857
:101A600077D0044600297AD0A2F11403B3F5BE7FE3
:101A700010466ED88E4B67781D468E4E0A460693EA
:101A8000002103460DA894F80090D4F8ACA055F8B6
:101A9000275056F827B0FFF73FFB39461BAA0DA881
:101AA000FFF7B6FC002804F1B8085DDB3A4649466A
:101AB00039AB0DA803F0A8F9002855DB25AB00933E
:101AC0004946049B9DF86C200DA803F0F3FF002805
:101AD0004ADB159A531C202B00F3E0801593149BCE
:101AE000D34003F00100031E18BF01230DA81EA957
:101AF0008DF86D3003F0C4F8002835DB9DF86D30AB
:101B0000002B40F0D08039AB0193049B08EB8A0A8C
:101B100000933A4649469DF86C30CDF808A00DA8D0
:101B200003F0CAF900281FDB09FB0BBB09FB0552B8
:101B3000A2EB0B02002192000AEB8B0011F053FC88
:101B40000DA8FFF78FFB00280EDB4FF0000B1BAF3B
:101B50000DE04FF0FF3B58463DB0BDE8F08F544BD1
:101B6000544E069300F1B8084FF0010B0027D4F84B
:101B7000B43094F8019008EB83030793D4F8B030A5
:101B800094F802A008EB8302D4F8A83056F8291084
:101B900008EB830008900698D4F8AC6050F82A004F
:101BA000231D08EB86060990154694F800800A92DA
:101BB00004F19C000B93002F51D03A4612F8281BD9
:101BC000CDE9091201F0F2FEDDE909123346404683
:101BD00003F06AFE079B49464046009307F10C025A
:101BE000334602F0A3FD079B4A4651464046009506
:101BF000019601F0C5FC7B7843BB0027089B51464A
:101C00004046CDE90073049A231D029601F016F8B0
:101C1000059A294B204653F82230DDE946129847B1
:101C2000A378069A052B257852F8232010D9002195
:101C3000D4E92A30C61A8E42BCBF05FB0222131813
:101C40005846C4F8AC303DB0BDE8F08F0437D5E756
:101C5000022D0CBF0921082102FB01F1E8E708FB76
:101C60000115024649464046079B009601F0A4FE36
:101C7000099A08F1010303FB02F2521B3946920054
:101C800006EB850011F0AFFB0A9B4A4600935146D4
:101C900033464046019601F073FCAEE701210DA8E2
:101CA000FFF716FB1FE70DA81CA901F041F92AE771
:101CB0009407050078070500485604002DE9F04F09
:101CC0002DED048B95B0259E9FED987A002ECCBF0C
:101CD00001250025B7EE006AA5EBD67507EE905AF0
:101CE00002F106050A46239937FE066A07EE101A26
:101CF0000646F8EEE77AB8EEC77A229C06901846B8
:101D0000A31BB5EBA30FC6BF551B04EB8503A4EBC8
:101D10008503DDF890A01E46039302F18043069AE6
:101D2000013B02EB830387EE875ADAED008A9AEDD6
:101D30000C8A9AED019A9AED0D0ADAED0E0A9AEDE7
:101D40000F1ADAED101A9AED112ADAED122A9AED2D
:101D5000133ADAED143A9AED154A0022002505935C
:101D600008ABD6ED005A68EEE56A059F43F8045BC0
:101D7000B742F0EC017A43ED016A94BF069E043647
:101D8000002A00F06F8213ED027AA5EEC97A012ACB
:101D9000F1EE654A03ED027A57D053ED035ADAEDBE
:101DA000029AE9EEA45A022A43ED035A4DD053EDAC
:101DB000045ADAED039AE9EEA45A032A43ED045AD1
:101DC00043D053ED055ADAED049AE4EEA95A042AF9
:101DD00043ED055A39D053ED065ADAED059AE4EE93
:101DE000A95A052A43ED065A2FD053ED075ADAEDCA
:101DF000069AE4EEA95A062A43ED075A25D053ED78
:101E0000085ADAED079AE4EEA95A072A43ED085A70
:101E10001BD053ED095ADAED089AE4EEA95A082AC4
:101E200043ED095A11D053ED0A5ADAED099AE4EE5E
:101E3000A95A0A2A43ED0A5A07D153ED0B5ADAED93
:101E40000A9AE9EEA45A43ED0B5AE7EE886AA7EE28
:101E5000807A012A43ED016A03ED027A00F00D82D7
:101E600013ED037AA7EEA07A022A03ED037A00F0BD
:101E7000068213ED047AA7EE817A032A03ED047A31
:101E800000F0FF8113ED057AA7EEA17A042A03ED95
:101E9000057A00F0F88113ED067AA7EE827A052A1A
:101EA00003ED067A00F0F38113ED077AA7EEA27A2C
:101EB000062A03ED077A00F0E88113ED087AA7EE11
:101EC000837A072A03ED087A00F0E38113ED097A9B
:101ED000A7EEA37A082A03ED097A00F0DE8113ED5C
:101EE0000A7AA7EE847A0A2A03ED0A7A40F0D381AF
:101EF00013ED0B7ADAED164A0022A7EEA47A002938
:101F000003ED0B7A0396139240F3B281DFED076A7B
:101F10000022F0EE665ADFF818B023914FF0000966
:101F200002940DF12008079222942DE00000000099
:101F3000ABAAAAAA09F10C03ABFB0312D20802EB6D
:101F40004202A3EB820314AA02EB8303DAED008AB8
:101F50009AED0C8A9AED019A9AED0D0ADAED0E0AC5
:101F60009AED0F1ADAED101A9AED112ADAED122A0B
:101F70009AED133ADAED143A9AED154ADAED164A6B
:101F800053ED0C6ADDF80490039B029A93ED007AFE
:101F9000F2EC017AE7EE686A0292059ADAED038ABA
:101FA0009A4294BF069B043309F10B020393ABFBE7
:101FB0000213DB0803EB4303A2EB830314AA02EB37
:101FC000830141ED0C6A09F10A03ABFB032E4FEAD2
:101FD000DE0E0EEB4E0EA3EB8E0E14AB03EB8E0E4D
:101FE0005EED0C6AE7EE496A4EED0C6A09F10903F1
:101FF000ABFB032C4FEADC0C0CEB4C0CA3EB8C0C76
:1020000014AB03EB8C0C5CED0C6A9AED029AE7EED4
:10201000496A09F10803ABFB0327FF0807EB4707F1
:10202000A3EB870714AB4CED0C6A03EB870757ED66
:102030000C6AE7EE686A47ED0C6A09F10703ABFB2F
:102040000326F60806EB4606A3EB860614AB03EB65
:10205000860656ED0C6ADAED048AE7EE686A46ED0C
:102060000C6A09F10603ABFB0325ED0805EB4505FA
:10207000A3EB850514AB03EB850555ED0C6ADAED92
:10208000058AE7EE686A45ED0C6A09F10503ABFBCA
:102090000324E40804EB4404A3EB840414AB03EB33
:1020A000840454ED0C6ADAED068AE7EE686A44EDC2
:1020B0000C6A09F10403ABFB0320C00800EB4000ED
:1020C000A3EB800014AB03EB8000DAED078A50ED40
:1020D0000C6AE7EE686A09F103030491ABFB032184
:1020E000C90801EB4101A3EB810114AB03EB8101B2
:1020F00009F102030091ABFB0312D20802EB42028A
:10210000A3EB820214AB03EB820209F101030193FA
:10211000ABFB03130199DB0803EB4303A1EB830340
:1021200014A940ED0C6A01EB83030099DAED088AEB
:1021300051ED0C6AE7EE686A41ED0C6ADAED098A46
:1021400052ED0C6AE7EE686A42ED0C6ADAED0A8A33
:1021500053ED0C6AE7EE686A43ED0C6ADAED0B8A20
:10216000D8ED006AE7EE686AE8EC016A0499DAEDF6
:10217000176A11ED0C7AA7EE887A01ED0C7A1EED44
:102180000C7AA7EE807A0EED0C7A1CED0C7AA7EE95
:10219000A07A0CED0C7A17ED0C7AA7EE817A07ED98
:1021A0000C7A16ED0C7AA7EEA17A06ED0C7A15EDF5
:1021B0000C7AA7EE827A05ED0C7A14ED0C7AA7EE74
:1021C000A27A04ED0C7A10ED0C7AA7EE837A00ED7A
:1021D0000C7A009911ED0C7AA7EEA37A01ED0C7A36
:1021E00012ED0C7AA7EE847A02ED0C7A13ED0C7ADC
:1021F000A7EEA47A03ED0C7A18ED017AA7EEA67A81
:10220000E6EE477A0199029A0C2948ED015A36EE1A
:10221000056A42ED017A7FF48DAE079A239B229CDA
:102220000C32934204F1300422DDDAED008A9AED9B
:102230000C8A9AED019A9AED0D0ADAED0E0A9AEDE2
:102240000F1ADAED101A9AED112ADAED122A9AED28
:10225000133ADAED143A9AED154ADAED164ADDED45
:10226000136A5BE6E7EE886A012243ED016A78E5CE
:1022700015B0BDEC048BBDE8F08F022271E503229E
:102280006FE504226DE505226BE5072269E506226C
:1022900067E5082265E50A2263E5092261E500BFDA
:1022A0002DE9F04F8FB01B9F9FEDE57A002FCCBF3B
:1022B00001260026B7EE006A83461998A6EBD7766A
:1022C00007EE906A37FE066A07EE100AF8EEE77A24
:1022D000B8EEC77A189C02F104081D46A4EB0B0265
:1022E0001A9BB8EBA20FC8BFA1EB080801F1804A06
:1022F00087EE875AD3ED000A93ED081A93ED010A91
:10230000D3ED091A93ED0A2AD3ED0B2A93ED0C3A7B
:10231000D3ED0D3A4FF000014FF000060AF1FF3AFD
:10232000CCBF04EB8808A4EB88080BEB8A0A02AA4E
:10233000D8ED004A60EEE46AC24542F8046BF5EC61
:10234000017A98BFD84642ED016A88BF08F10408B7
:10235000002900F0628112ED027AA4EEC07A012910
:10236000F1EE645A02ED027A2FD052ED034A93ED5A
:10237000024AE4EE254A022942ED034A25D052EDF5
:10238000044A93ED034AE5EE844A032942ED044AE8
:102390001BD052ED054A93ED044AE4EE254A042988
:1023A00042ED054A11D052ED064A93ED054AE5EE9D
:1023B000844A062942ED064A07D152ED074A93EDB9
:1023C000064AE4EE254A42ED074AE7EE816AA7EEA7
:1023D000A17A012942ED016A02ED027A00F026811C
:1023E00012ED037AA7EE827A022902ED037A00F059
:1023F0001F8112ED047AA7EEA27A032902ED047A76
:1024000000F0188112ED057AA7EE837A042902ED17
:10241000057A00F0118112ED067AA7EEA37A06295B
:1024200002ED067A40F00A8112ED077A93ED0E4A2A
:10243000DFED836AA7EE847A002802ED077ACDEDFE
:10244000096A40F3F0800021F0EE665AF0EE664A29
:102450001990A1460022CDE900B10DF1080E1894A3
:1024600013E0F0EE646AD3ED000A93ED081A93EDE1
:10247000010AD3ED091A93ED0A2AD3ED0B2A93ED45
:102480000C3AD3ED0D3A93ED0E4A98ED007AE7EE53
:10249000606AD71D0EA907F0070701EB870747ED14
:1024A0000C6A961D06F0070601EB860656ED0C6ACF
:1024B000E7EE406A46ED0C6A551D05F0070501EB95
:1024C000850555ED0C6A93ED020AE7EE406A45ED8D
:1024D0000C6A141D04F0070401EB840454ED0C6A2B
:1024E00093ED030AE7EE406A44ED0C6AD01C00F05D
:1024F000070001EB800050ED0C6A93ED040AE7EE53
:10250000406A40ED0C6A911C0DF1380C01F0070196
:102510000CEB810151ED0C6A93ED050AE7EE406A80
:1025200041ED0C6A013202F0070C0DF1380B0BEB98
:102530008C0C5CED0C6A93ED060AE7EE406A4CEDFC
:102540000C6AD3ED070ADEED006AE7EE606ACEEDB5
:10255000006AF9EC017A17ED0C7AA7EE817A07EDA3
:102560000C7A16ED0C7AA7EEA17A06ED0C7A15ED31
:102570000C7AA7EE827A05ED0C7A14ED0C7AA7EEB0
:10258000A27A04ED0C7AC24598BFDDF8008010ED08
:102590000C7AA7EE837A00ED0C7A11ED0C7AA7EE97
:1025A000A37A01ED0C7A1CED0C7AA7EE847A0CED7F
:1025B0000C7AD3ED0F6A9EED007AA7EEA67AE7EECD
:1025C000467A88BF08F10408082A0EF1040E36EE98
:1025D000056A49ED017A4EED015A7FF442AFDDE91B
:1025E00000B1199A189C08318A4204F120041ADDBE
:1025F000D3ED000A93ED081A93ED010AD3ED091A01
:1026000093ED0A2AD3ED0B2A93ED0C3AD3ED0D3A54
:1026100093ED0E4ADDED096A1BE7E7EE816A0121C1
:1026200042ED016A84E60FB0BDE8F08F02217FE63B
:1026300003217DE604217BE6052179E6062177E684
:10264000000000002DE9F04F8FB01B9D9FEDC77A71
:10265000002DCCBF01240024B7EE006A02F103076D
:10266000199AA4EBD57407EE904A37FE066A07EE76
:10267000102A0446F8EEE77AB8EEC77ADDF860A0D3
:10268000DDF868E001F1804900901846AAEB0403E8
:10269000B7EBA30F09F1FF39C8BFCF1B04EB8909C2
:1026A000C7EE874A9EED005ADEED063A9EED013AEE
:1026B0009EED072ADEED081ADEED092A4FF0000133
:1026C0004FF00004CCBF0AEB8707AAEB870702ABE9
:1026D000D7ED006A25EE667AB94543F8044BB0ECB5
:1026E000014A03ED017A94BF009F0437002900F0EE
:1026F0002E8153ED027AE6EEC37A0129F1EE665A95
:1027000043ED027A1BD053ED036A9EED021AE1EE0F
:10271000256A022943ED036A11D053ED046A9EED48
:10272000031AE1EE256A042943ED046A07D153ED4B
:10273000056A9EED041AE1EE256A43ED056AA4EEF2
:10274000237AE4EE027A012903ED017A43ED027A5D
:1027500000F0068153ED037AE4EE217A022943ED7D
:10276000037A00F0FF8053ED047AE4EE227A042924
:1027700043ED047A40F0F88053ED057ADEED0A5A15
:10278000DFED7A6AE4EE257A002A43ED057ACDED95
:10279000076A40F3E2800021B0EE664A744D199258
:1027A000D04605260DF1080C0191CDF860A019E086
:1027B000A5FB06239B0803EB4303A6EB43030EAAEA
:1027C00002EB830353ED0C6A9EED005ADEED063AF0
:1027D0009EED013A9EED072ADEED081ADEED092A8C
:1027E000DEED0A5A97ED007AE7EE456AA5FB06345E
:1027F000A408731E04EB4404A5FB0320A6EB4404C9
:102800000EAA02EB840444ED0C6A800800EB400041
:10281000A3EB400002EB800050ED0C6AE7EE436A48
:1028200040ED0C6AA6F1020AA5FB0A31890801EB0A
:102830004101AAEB41010DF1380A0AEB810151ED8A
:102840000C6A9EED023AE7EE436A41ED0C6AF31E14
:10285000A5FB03B2920802EB4202A3EB42020AEB91
:10286000820252ED0C6A9EED030AE7EE406A42EDE9
:102870000C6AA6F1040AA5FB0AB39B0803EB430309
:10288000AAEB43030DF1380A0AEB830353ED0C6AFC
:10289000DEED040AE7EE606A43ED0C6A9EED051A70
:1028A000DCED006AE7EE416AECEC016AF8EC017AD3
:1028B00014ED0C7AA7EEA37A04ED0C7A10ED0C7AE5
:1028C000A7EE827A00ED0C7A11ED0C7AA7EEA17AD0
:1028D00001ED0C7A12ED0C7AA7EEA27A02ED0C7AD9
:1028E00013ED0C7AA7EEA57A03ED0C7A9EED0B5A48
:1028F0001CED017AA7EE857AE6EE477AB94506F136
:10290000010694BF009F04370B2E0CED014A36EEF2
:10291000246A48ED017A7FF44BAF0199199BDDF8E9
:1029200060A006318B420AF1180A16DD9EED005AAE
:10293000DEED063A9EED013A9EED072ADEED081A1D
:10294000DEED092ADEED0A5ADDED076A28E7A4EE7E
:10295000237A012103ED017ABAE60FB0BDE8F08FCA
:102960000221B5E60321B3E60421B1E60000000030
:10297000ABAAAAAA70B52DED068B0D9D9FEDAE7A80
:10298000002DCCBF01240024F7EE001A0B9EA4EB0F
:10299000D57407EE904A77FE211A1C4607EE106A9E
:1029A0008E460C9BF8EEE77A93ED042AB8EEC77AD0
:1029B000D4ED006A0A9902320D1AB2EBA50FC8BF16
:1029C000AEEB02020EF1804E0EF1FF3ECCBF01EBEA
:1029D0008202A1EB820200EB8E0E964592ED006A18
:1029E000C7EE874A98BF024693ED007AD4ED017A8C
:1029F00066EE826A88BF043292ED005AE6EE476ABC
:102A0000D3ED015A22EE276A93ED051A964598BF39
:102A1000024694ED023A25EE850AA7EE456A21EEBC
:102A2000275AD3ED067A88BF0432D2ED003AA3EEDE
:102A3000275AA3EEE56A76EE856AD3ED022A23EEE5
:102A4000024AA3EE016A76EEC06A964594BF02463A
:102A50000432002EF0EE460AA3EEC74AE3EEE26A25
:102A600040F3E780002410310BE093ED007A93ED02
:102A7000042AD3ED015A93ED051AD3ED022AD3EDC2
:102A8000067A11ED046A93ED075AD2ED003AD3EDC0
:102A9000038A26EE055AA8EEE35A75EE266A23EE5F
:102AA000873A26EE022A26EE017A66EE277AA6EE0D
:102AB000E16A01ED046A23EEA50AD3ED07AA51ED00
:102AC000035A964598BF024663EEA22AEAEEA57A1B
:102AD00088BF043292ED005A93ED036A77EEE27AF2
:102AE000E6EE457A93ED05AA93ED069A34EEA18AB7
:102AF000D3ED046A77EEA07AAAEE252AA9EE257A0C
:102B000065EEA66AE7EEC85A93ED001AD3ED013AD6
:102B1000D3ED029A41ED035A51ED021A93ED07AA43
:102B200093ED046AD3ED057AAAEE217A964598BF13
:102B3000024665EE299A21EE86AAE7EEA16A93ED98
:102B4000066AF0EE427A37EE407A88BF0432D2ED60
:102B5000005AE6EE217A37EE697A93ED036AA6EE23
:102B6000657A74EE888A37EE047AB0EE616AA7EE71
:102B7000686A964598BF024693ED009AD3ED010A24
:102B800093ED028A01ED026A88BF043251ED012AF9
:102B900092ED007A65EEA00A93ED066A25EE899A19
:102BA00025EE888AD3ED059AD3ED035A93ED044AB6
:102BB000D3ED07AAEAEEA27A25EE011A65EE233AD2
:102BC000E6EE226A77EEC37AB0EE4A6A76EEC16A22
:102BD000A2EEA96A77EEE37A34EEA85A93ED010AE1
:102BE00093ED022AD3ED008A76EEE06A22EE844A63
:102BF00036EE496A77EEC87AA0EE476AE5EEC77A04
:102C0000A8EEC74AE2EE476AB0EE627AA7EEC57A4E
:102C1000964504F1040494BF02460432A64201F131
:102C2000100174EE851AF0EE460A01ED057A3FF7C1
:102C30001CAFBDEC068B70BD000000002DE9F04F0D
:102C40000D46B14CBBB054F82180052D1F4600FB4A
:102C5000088A449E00F1010100F2D08002280CBFD6
:102C60000923082308FB03A30893002E00F0CB8060
:102C70007368B3F5DC7F80F2C880B3F5BE7FC0F225
:102C800032815C105B003F3C03F0020303EB8403E2
:102C900008FB03F39B0003F140094C46B9F1000F18
:102CA000B8BF03F1BF045201E31192FBF1F20593A7
:102CB000002840F0B18002EB4202944B52000532F2
:102CC00083FB0213D217C2EBA302904B83FB0213C8
:102CD000D217C2EB6312E91C8A42ACBFC1EB0201FE
:102CE000C1EB0101002E00F095803678002E00F037
:102CF00091800329CCBF00260126334607EE901AA7
:102D00009FED836AF8EEE75A9FED827ADFED827AD3
:102D1000A5EEC67A814A002B52F8254007FE877A35
:102D200003294FEA2414A8BF0321042CB8BF0424AC
:102D3000DFED7B6A059ADFF8F0E102F0030CDFF8C3
:102D4000ECB10CEB850C01EB85015EF82CC05BF857
:102D50002110A2000AA8079201EB84010CEB840267
:102D600000EB840E72ED017A67EE877AE0EC017A6F
:102D700071ED017A67EEA67A67EE877A9445EEECFC
:102D8000017AEFD10993079B07F1680B043B1A46C0
:102D9000594622A8069310F0FFFA469B0AF101015A
:102DA000091B584603EB8101069A10F0F5FA099BBE
:102DB00007F1080B002B33D13B78A3B14FF0FF3064
:102DC0007A68469B002A03905648B8BF033250F8F1
:102DD0002550009308994598CDF8048022ABCDF892
:102DE00008B09210A847059B58463E700AA97B6020
:102DF000E20010F0D1FA3BB0BDE8F08FCDF820A092
:102E0000002E7FF435AF802342E76FF48D742344A6
:102E10009B003DE7334671E7012808BFA03A54E71D
:102E2000469B08F10101091B03EB8101069A2EA8BC
:102E300010F0B2FAB9F1000F3B78B8BF09F2FF19F0
:102E40004FEA6929002B2CD0364B7A6853F825506D
:102E5000059B9A4250D04699002A00914FF0FF31CD
:102E6000B8BF033222AB92100391CDE9018B0899D0
:102E70004598A847DDE9452393423BD81A46089B6D
:102E8000013302EB8303079A9B1A0AAACDE9018258
:102E9000469A00920122039208994A464598A8470B
:102EA0000EE00AAACDE90182469A08990092012211
:102EB00003921C4A459852F8255022AB4A46A8472F
:102EC000D04590DA0AA802900020469AAAEB08039F
:102ED00002EB8802CDE9002303904A460899459801
:102EE0002EABA8477FE723F00304803403F00303ED
:102EF0002344CDE60433C6E70AAACDE90182469A07
:102F000022AB00920022C6E794070500676666665A
:102F1000CDCC4C3DCDCCCC3E000000005C07050084
:102F20009A99593F58560400C80D0020380E0020C9
:102F300038B5036A04465A1C202A0D4614DCC069C1
:102F40002262D84000F00100003818BF012028702C
:102F5000236A03F10902202A0ADCE0692262D840D0
:102F6000C0F30800686038BD0121FEF7B1F9EBE756
:102F700009212046FEF7ACF9686038BD2DE9F04F15
:102F80000D462DED0C8B1C469E4E014686FB0536EC
:102F900093B0E817042D9646CDE91042C0EB6600C9
:102FA00040F3DC80DFED981ADFED983A9FED984A08
:102FB0009FED982ADFED982A9FED983A4FF0000C8C
:102FC00001F1080200EB400501EBC00101EBC50572
:102FD000A5EB001604F1280306EBC007D5ED000AA7
:102FE000D7ED004A95ED011AD1ED007AD6ED006AD1
:102FF00091ED017A97ED016AD6ED015A37EEA05AAC
:1030000036EEA49A76EEE46A77EE014A37EE417A1C
:1030100012ED02BA75EE868A77EEE07A75EEC65A40
:1030200029EE04CA35EE096A27EE210A29EE239A11
:1030300027EE027A27EEA21A34EEA8DA68EE84AA06
:1030400067EE837A68EEA38A3BEE06BAB0EE47AA33
:10305000B0EE4C6AB0EE498AF0EE40CA03ED0ABA0F
:10306000A5EE236AA5EE048AF0EE679AE5EE23CA80
:10307000A5EE04AAF0EE41BAF0EE6A0AB0EE685A84
:103080000832E4EEA3BAE4EE849AE4EEA30AA4EED6
:10309000845A52ED034A74EE8D4A43ED094A52EDCB
:1030A000044A74EEAC4A74EE8C4AE5EE824A43ED73
:1030B000084A52ED034A74EEAB4A74EEAA4AE6EEB1
:1030C000834A43ED074A52ED044A74EE8A4A74EE8D
:1030D000894AE5EEA24A43ED064A52ED034A74EEF0
:1030E000A94A74EEA84AE6EEA14A43ED054A52ED1C
:1030F000044A74EE884A34EEC77AA5EEE27A03ED0C
:10310000047A12ED037A35EE077A77EE677AE6EE07
:10311000E17A43ED037A52ED047A76EE277A77EE80
:10312000C07AE5EEC27A43ED027A52ED037A77EE89
:10313000A07A77EEC17AE6EEC37A0CF1010C604515
:1031400003F1280301F1080105F1080506F108065D
:1031500007F1080743ED0B7A3FF740AF431E13EA30
:10316000000600F0038200257246DFF8B8C00A9519
:103170002B4B5CF8041B83FB003785F001030B939A
:103180000B68A7EBE077059703FB07F7496804EBAB
:10319000C7060791019601EB031104EB07160228FD
:1031A0004FEA031E08914FEAC308029602EBC30AD6
:1031B00002EB031B40F31A8103EB4309002B4FEA98
:1031C000C90940F3138101EB0E0309930023CDE9F4
:1031D0000324CDE90C5CCDE90E2404F1080EC644AD
:1031E000069357465E46049B079C03F10805019B26
:1031F000DDF80CC003F10802029B08980999083316
:1032000012E000BF676666667178733F7A379E3E4C
:10321000BD1B4FBF1879163F717873BF187916BF61
:10322000565555553410002013ED027AD4ED023A6C
:1032300012ED024AD4ED004A27EE237A55ED027AC8
:10324000A4EE247A12ED015AD4ED015A77EE877A72
:1032500013ED016AD4ED036AE5EE657AE6EE667A6F
:10326000CCED007AD4ED013A52ED027A12ED014A2A
:10327000D4ED004A67EEA37A15ED015AE4EE247A04
:1032800053ED015A94ED026A77EE857A94ED037A54
:1032900053ED026AE5EE867AE6EE877ACCED017AA6
:1032A00013ED027AD0ED023A12ED024AD0ED004A57
:1032B00027EE237A55ED027AA4EE247A12ED015A14
:1032C000D0ED015A77EE877A13ED016AD0ED036AEB
:1032D000E5EE657AE6EE667AC7ED007A55ED017A9D
:1032E00012ED027AD0ED013A12ED014AD0ED004A1A
:1032F00027EE237AA4EE247A13ED015AD0ED025A78
:1033000077EE877AD0ED036A13ED026AE5EE257A4F
:10331000E6EE267AC7ED017AD1ED023A13ED027A94
:1033200012ED024AD1ED004A27EE237A55ED027ADA
:10333000A4EE247A12ED015AD1ED015A77EE877A84
:1033400013ED016AD1ED036AE5EE657AE6EE667A81
:10335000C6ED007A12ED027AD1ED013A12ED014A82
:10336000D1ED004A27EE237A55ED017AA4EE247AB6
:1033700013ED015AD1ED025A77EE877A13ED026A06
:10338000D1ED036AE5EE257AE6EE267A0835AE45FC
:1033900002F1080203F1080300F1100001F110012D
:1033A00004F110040CF1080C07F1080706F10806F7
:1033B00046ED017A7FF438AF049A069B42440492AA
:1033C000019A013342440192029A069342440292C6
:1033D000039ACA444A440392059ACB449A42C6448B
:1033E0003FF7FFAEDDE90C5CDDE90E2405980A9994
:1033F000431E013103420A9107D012AB03EB850350
:1034000014460B9D53F8082CB2E696460E4602462B
:103410000B9B012A40F3A48000201946F446574D27
:1034200005EB8605059A55F820305610D3E90023A0
:1034300002FB06F70596002A81F001060193039628
:103440004FEAC20E04EBC2080CEBC7074FEA021B9F
:1034500074DDA2464FF00009CDE906500CF10802D8
:10346000043302EB0E060293049108945546444639
:103470000198029907F1080353ED025A11ED016A10
:1034800052ED027A53ED016A90ED017AE5EE867A0B
:10349000E6EEC77AC5ED007AD0ED015A53ED027A17
:1034A00013ED016A51ED016A67EEA57A12ED017A1A
:1034B000E6EE267A77EE877AC5ED017A53ED015A6A
:1034C00090ED016A52ED027A53ED026A11ED017A34
:1034D000E5EE867AE6EEC77AC4ED007AD0ED015AC1
:1034E00053ED027A51ED016A13ED016A67EEA57A98
:1034F00012ED017AE6EE267A77EE677A0832964286
:1035000003F1080300F1080001F1080105F10805C5
:1035100004F1080444ED017AAED1059B09F10109DB
:103520004B45F4447744DA44D844764402D00CF155
:1035300008029BE70499089CDDE90650059B0330CF
:10354000012B07D012AB03EB8102A446039952F87A
:10355000084C67E7204613B0BDEC0C8BBDE8F08F3C
:10356000704613B0BDEC0C8BBDE8F08F724633464D
:10357000A6460590144602464BE700BFF80F002010
:103580002DE9F04F0746E64EDFF8A0C356F822B00B
:10359000C0EBC0020A4456F821905CF822A0ADF2BC
:1035A000947DDAE9002E884600FB099603EBC20100
:1035B000C000DDF8BC4701908B4207F1010002908A
:1035C000DDF8B8570EEBC20004EBC2023CD204F1A6
:1035D000080C1C4611ED015AD4ED004A744650ED1A
:1035E000017A93ED013A9EED017A51ED023A10ED28
:1035F000024AD4ED005A23EEA76A65EE076A63EE2D
:10360000277A24EE877AE3EE847AE4EEA56AA3EEC5
:10361000446AA5EE657AF1EE677AF1EE666A0833E0
:103620000839083A8B420CF1080C0CED037A4CED8A
:10363000046A0EF1080EC2ED007A82ED016AA0F173
:103640000800C6D3DDF8BC4706EBD671224604ABB2
:1036500020464910FFF792FCDAE9003E04AA02EB8B
:10366000C30C0EEBC30200EBC303984236D206A98B
:1036700082469AED005AF24690ED017ADAED005A50
:10368000DEED014A53ED017A12ED024A12ED013AE4
:1036900025EEC76A27EE247A53ED023A64EE676A94
:1036A00067EE837AA5EE246AA5EE257AE3EE836AB7
:1036B000E3EE847A0830083B01ED026AACF1080CB5
:1036C0008CED017A984201F10801CCED006A0EF10F
:1036D000080E41ED037AA2F10802C9D3D94530D0D2
:1036E000029B03FB0BF307EE903AB8EEE77A07EE86
:1036F000906AF8EEE76AC6EE877AF1EEE77AB110E3
:1037000000291EDD002208AB53ED045A13ED036AB5
:1037100053ED026A13ED017A65EEA75A26EE276A89
:1037200066EEA76A27EE277A01328A4203F1100378
:1037300043ED085A03ED076A43ED066A03ED057A87
:10374000E2D1019B022FA3EB070B764BC34453F846
:103750002B304FEA660B019308BF734B0BEB4B000A
:1037600008BF53F82890019B06EB0901CBEB6102DF
:103770009600491003EB800004EB820303969C4201
:103780004FEA810605EB8202029605EB810180F08B
:10379000008192469846814600F1080702F108062A
:1037A0000DF1180E03F1080C17ED026A5AED017ABB
:1037B0005EED026AE6EEC67A48ED017A19ED016A1D
:1037C00056ED027AE6EE867A4CED027A57ED016A02
:1037D0001EED017A5AED027AE7EE667A48ED027A3A
:1037E00056ED017A59ED026AE7EE267AA8F108084B
:1037F000444506F108060CF1080C07F10807AAF188
:10380000080AA9F108090EF1080E4CED037ACBD392
:10381000039E771E27F0070707F1180608376E4446
:103820003A44C01B3B44029F27449F42BE4633D9C3
:10383000844607F1FF3EAEEB030E02F110072EF0B7
:103840000708B844083206F1080903F1080752EDE9
:10385000027A1CED017A19ED026AE6EE077A47ED6D
:10386000027A59ED016A52ED017A1CED027AE6EE18
:10387000877A0832904507F10807ACF1080C09F186
:10388000080947ED037AE2D12EF0070E0EF1080E7B
:103890007644A0EB0E00734404EBCB029A4247D966
:1038A00081468846013AA2EB030E2EF0070C03F185
:1038B00010029444019A083306F10807083259EDC2
:1038C000017A57ED026A67EEA67A43ED027A52ED6D
:1038D000027A67EEA67A48ED017A17ED017A59ED82
:1038E000027A67EE877A43ED017A52ED017A67EE4C
:1038F000877A08339C4502F10802A9F10809A8F16A
:10390000080807F10807C8ED007AD8D1019B2EF00E
:103910000702083213441644801A0193891A07E0FB
:1039200094070500180F00205C070500880F002091
:103930008D422AD2019C06F10803083450ED017A29
:1039400053ED026A2A4667EEA67AC2ED007A54ED7C
:10395000027A67EEA67A41ED017A13ED017A50ED15
:10396000027A67EE877AC5ED017A54ED017A67EE47
:10397000877A083508398D4204F10804A0F108005F
:1039800003F10803C1ED007AD8D30DF2947DBDE8B0
:10399000F08F04AE47E700BF4FF07E5146F21F02A2
:1039A0000123816002804360704700BF4FF07E5268
:1039B000012382604360704710B51D4C92ED027A7E
:1039C00054F82110546800FB0110032C118807DD06
:1039D000072CD4BFDFED177ADFED177A27EE277AB1
:1039E00000281FDD44F2BF14DDF808E003EB80007F
:1039F000F3EC017A01EB810C01EBCC1C0CEB8C0C91
:103A000001EB8C0114FA81FC1CF4004F18BFF1EE9D
:103A1000677A67EE877A8342EEEC017A1FFA8CF1BF
:103A2000E6D15468013482ED027A1180546010BDF1
:103A3000780705006666663F9A99593F70B4049E00
:103A40000D46DFED8E5AB4468D4C039904EBC3044A
:103A500063688C4C03EB810393ED006A04EB401424
:103A6000894B8A4803F5806100EB4510CCED005A84
:103A700093ED007AD2ED007A67EE877AECEC017A6A
:103A8000D2ED016A93ED017AE6EE877A4CED017A88
:103A9000D2ED026A93ED027AE6EE877A4CED017A76
:103AA000D2ED036A93ED037AE6EE877A4CED017A64
:103AB000D2ED046A93ED047AE6EE877A4CED017A52
:103AC000D2ED056A93ED057AE6EE877A4CED017A40
:103AD000D2ED066A93ED067AE6EE877A4CED017A2E
:103AE000D2ED076A93ED077AE6EE877A4CED017A1C
:103AF000D2ED086A93ED087AE6EE877A4CED017A0A
:103B0000D2ED096A93ED097AE6EE877A4CED017AF7
:103B1000D2ED0A6A93ED0A7AE6EE877A4CED017AE5
:103B2000D2ED0B6A93ED0B7AE6EE877A4CED017AD3
:103B3000D2ED0C6A93ED0C7AE6EE877A4CED017AC1
:103B4000D2ED0D6A93ED0D7AE6EE877A4CED017AAF
:103B5000D2ED0E6A93ED0E7AE6EE877A4CED017A9D
:103B6000D2ED0F6A93ED0F7AE6EE877A40339942F1
:103B70004CED017A7FF47AAFD4ED007AD6ED001ADD
:103B8000E6EE217AC6ED007A96ED012AD4ED017AAF
:103B9000E6EE027AC6ED017AD6ED022AD4ED027A7B
:103BA000E6EE227AC6ED027A96ED033AD4ED037A78
:103BB000E6EE037AC6ED037AD6ED043AD4ED047A44
:103BC000E6EE237AC6ED047A96ED054AD4ED057A41
:103BD000E6EE047AC6ED057AD6ED064AD4ED067A0D
:103BE000E6EE247AC6ED067A96ED075AD4ED077A0A
:103BF000E5EE067AC6ED077AD6ED085AD0ED007AE2
:103C0000E6EE257AC6ED087AD6ED096AD0ED017A9E
:103C1000E6EE867AC6ED097A96ED0A7AD0ED027A5A
:103C2000E6EE077AC6ED0A7AD0ED037AD6ED0B4AB6
:103C3000E6EE247AC6ED0B7A96ED0C5AD0ED047AB6
:103C4000E6EE057AC6ED0C7AD6ED0D5AD0ED057A82
:103C5000E6EE257AC6ED0D7AD6ED0E6AD0ED067A3F
:103C6000E6EE267AC6ED0E7A96ED0F7AD0ED077A5B
:103C7000E7EE067AC6ED0F7A70BC704700000000D0
:103C8000A48504000C8A04008C5604000C860400F1
:103C90002DE9F04F2DED068BC3B08046DDE952567D
:103CA0008946D2ED006A002B40F00683D2ED012A4E
:103CB000B4EE007A72EEE68AB0EE669AA8EE879AC3
:103CC000F5EE087A8DED049AB0EE669AB6EE0C6ABF
:103CD000A8EEA79A92ED023ACDED036ACDED026A05
:103CE0008DED059AF0EE664AB0EE669AE8EE866AC9
:103CF00033EE628ACDED076AF0EE626AE8EE076A9B
:103D0000CDED086AF0EE626AE8EE276AF6EE045A34
:103D1000CDED096AF0EE626AD2ED033AE8EE256A6B
:103D2000E8EE062A33EEC30ACDED0A6ACDED0B2A82
:103D3000F0EE436AF0EE432A92ED044A92ED055A02
:103D4000A8EEA59AE0EE276AE0EE252AF0EE438A77
:103D5000A0EE063A74EE630A35EE441ACDED0E2A53
:103D6000CDED0D6AF0EE442AF0EE636A8DED0F3A68
:103D7000B0EE633AD2ED061AA0EEA73AE0EEA56ADD
:103D8000E1EE252AB0EE638A31EEC52AE0EE078A1D
:103D9000A0EE878AE0EE863AB0EE440AF0EE440ADE
:103DA000CDED162A8DED113AF0EE452AB0EE453AEA
:103DB000CDED126AF0EE456AA1EE070AE1EE270AA0
:103DC000A1EE064AE2EE072AA2EE273AE2EE256AC3
:103DD000A2EE065A8DED069ACDED0C8A8DED108A75
:103DE000CDED133A8DED140ACDED150A8DED174A80
:103DF000CDED182A8DED193ACDED1A6A8DED1B5ACD
:103E000092ED072AB0EE61AA32EE619AA9EE07AAF6
:103E10008DED1CAAB0EE61AAA9EE27AAD2ED082A60
:103E20008DED1DAAB0EE61AAE9EE061A72EEC28A05
:103E3000CDED1F1AF0EE421AE8EE871ACDED201AEA
:103E4000F0EE421AE8EEA71A92ED093ACDED211AEA
:103E5000F0EE421AA8EE862A33EE628A8DED232A0E
:103E6000B0EE622AA8EE072A8DED242AB0EE622A6F
:103E7000A8EE272AD2ED0A3A8DED252AB0EE622A65
:103E8000E8EE062A33EEC34AA8EE252AE8EEA51A84
:103E9000CDED272AF0EE432A92ED0B5AD2ED0C6AB3
:103EA000E4EE272ACDED221A8DED262AF0EE431AF4
:103EB000B0EE432AA4EE063A35EE630A76EEC50A62
:103EC000CDED292A8DED2B3AF0EE452AB0EE633A7E
:103ED000D2ED0D9AA4EE072AE4EE251AA0EE253ABB
:103EE000E0EEA52AB0EE454A39EEE61AA0EEA74A62
:103EF000B0EE638ACDED2A1A8DED282AF0EE631A12
:103F0000B0EE452ACDED322A8DED2E3AF0EE662A3E
:103F1000B0EE663AE0EE271AE0EE063AA0EE872A07
:103F2000A0EE865AE1EE072AA1EE273AA9EE25AACD
:103F3000A0EE078A8DED314AB0EE664AE1EE066AE0
:103F4000A1EE254ACDED2D1ACDED2F3A8DED302A7B
:103F5000F0EE663A8DED335ACDED342A8DED1EAA82
:103F60008DED2C8A8DED353AD2ED0E6A92ED0F5A19
:103F700036EEE93AF0EE691AB0EE692AF0EE692AF7
:103F80008DED364AB0EE694AE3EE071AA3EE272A12
:103F9000E3EE252AA3EE064ACDED373AB0EE663AB7
:103FA00075EE663A23EE877A63EEA77AA3EEA53A1A
:103FB000F0EE665ACDED381AE3EE865A8DED392AC9
:103FC00037EE266ACDED3A2A77EEA66A8DED3B4AAA
:103FD00002AC37EE057A77EE857AB64AC8EBC803AD
:103FE0004B4452F8237084ED3A6A1F2FC4ED3B6AAC
:103FF00084ED3C3AC4ED3D5A84ED3E7AC4ED3F7AFF
:104000004FEAC80A00F37183202393FBF7F307FB01
:1040100003F3C3F120039B46F81A4FEA430E002B2B
:1040200000F0E082B0EE005AD4ED026AD4ED035AFB
:10403000E4EE856AB5EE006A76EEA56A66EE866AFB
:10404000012BC4ED006A00F0CD82D4ED056AD4EDF9
:10405000044A94ED065A76EEA46AD4ED075A76EE39
:10406000856A76EEA56A66EE866A022BC4ED016A61
:1040700000F0B882D4ED096AD4ED084A94ED0A5AEA
:1040800076EEA46AD4ED0B5A76EE856A76EEA56AD2
:1040900066EE866A032BC4ED026A00F0A382D4EDBB
:1040A0000D6AD4ED0C4A94ED0E5A76EEA46AD4ED66
:1040B0000F5A76EE856A76EEA56A66EE866A042B5E
:1040C000C4ED036A00F08E82D4ED106AD4ED114A7B
:1040D00094ED125A76EEA46AD4ED135A76EE856A00
:1040E00076EEA56A66EE866A052BC4ED046A00F0DA
:1040F0007982D4ED156AD4ED144A94ED165A76EE11
:10410000A46AD4ED175A76EE856A76EEA56A66EE55
:10411000866A062BC4ED056A00F06482D4ED186A45
:10412000D4ED194A94ED1A5A76EEA46AD4ED1B5ACE
:1041300076EE856A76EEA56A66EE866A072BC4ED92
:10414000066A00F04F82D4ED1C6AD4ED1D4A94ED4E
:104150001E5A76EEA46AD4ED1F5A76EE856A76EE84
:10416000A56A66EE866A082BC4ED076A00F0CB826A
:10417000D4ED206AD4ED214A94ED225A76EEA46A59
:10418000D4ED235A76EE856A76EEA56A66EE866AE7
:10419000092BC4ED086A00F0B282D4ED246AD4ED94
:1041A000254A94ED265A76EEA46AD4ED275A76EE87
:1041B000856A76EEA56A66EE866A0A2BC4ED096A00
:1041C00000F09D82D4ED286AD4ED294A94ED2A5A54
:1041D00076EEA46AD4ED2B5A76EE856A76EEA56A61
:1041E00066EE866A0B2BC4ED0A6A00F08882D4ED75
:1041F0002C6AD4ED2D4A94ED2E5A76EEA46AD4EDB5
:104200002F5A76EE856A76EEA56A66EE866A0C2BE4
:10421000C4ED0B6A00F07382D4ED306AD4ED314AFC
:1042200094ED325A76EEA46AD4ED335A76EE856A6E
:1042300076EEA56A66EE866A0D2BC4ED0C6A00F078
:104240005E82D4ED346AD4ED354A94ED365A76EE7A
:10425000A46AD4ED375A76EE856A76EEA56A66EEE4
:10426000866A0E2BC4ED0D6A00F04982D4ED386ADF
:10427000D4ED394A94ED3A5A76EEA46AD4ED3B5A1D
:1042800076EE856A76EEA56A66EE866A0F2BC4ED39
:104290000E6A00F03482D4ED3D5A73EE256A36EE94
:1042A000877A77EE277A67EE867A39460022C4ED60
:1042B0000F7A99E10C8E040092ED013AF1EE664A14
:1042C000F5EE087A76EEC36AF0EE648AE6EEA78A27
:1042D000F6EE045AB6EE0C6AB4EE007AD2ED023A6B
:1042E000CDED058AF0EE640AB0EE649AF0EE648AD1
:1042F00033EE632AE6EE870AA6EEA59AE6EE868AF4
:10430000F0EE436AD2EE076ACDED086AF0EE436A3A
:10431000D2EE276ACDED096AF0EE436A92ED034AC8
:10432000D2EE256A92EE063A73EEC42ACDED0A6A01
:104330008DED0B3AF0EE636AB0EE633A92ED051A3A
:1043400092ED045AD2EEA76A92EEA53AB0EE632A35
:10435000D2EE863A34EE458A35EE410A92EE872A4D
:104360008DED0E3AF0EE452AB0EE443ACDED0D6AF1
:10437000CDED0F3AF0EE446AF0EE443AD2ED061A73
:1043800098EE073AD8EE273AD8EE256AD0EE252ADD
:1043900098EE064ACDED040AB0EE458A71EE610A48
:1043A0008DED0C2ACDED162AB0EE452AF0EE412A0D
:1043B0008DED103ACDED113AB0EE413AF0EE413AC2
:1043C000CDED126AF0EE416A90EE078A90EE272A50
:1043D00090EE065AD0EE872A90EEA73AD0EEA53A94
:1043E000D0EE866A8DED069ACDED078A8DED134AE3
:1043F0008DED148A8DED175ACDED182A8DED193AF1
:10440000CDED1A3ACDED1B6ACDED024ACDED034A52
:104410008DED152A92ED072AB0EE61AA31EEC20A9F
:1044200090EE07AA8DED1CAAB0EE61AA90EE27AA25
:10443000D2ED082A8DED1DAAB0EE61AAD0EE061AC3
:1044400072EE620ACDED1F1AF0EE421AD0EE871A14
:10445000CDED201AF0EE421AD0EEA71A92ED093AED
:10446000CDED211AF0EE421A90EE862A32EEC31AF2
:104470008DED232AB0EE622A91EE072A8DED242AD3
:10448000B0EE622A91EE272A8DED252AB0EE622A3F
:1044900092ED0A5A91EE252AD1EE062A73EE459A3C
:1044A0008DED262ACDED272AB0EE432AF0EE432AE1
:1044B000D2ED0B6AD2ED0C3AD0EEA51A99EE872A0E
:1044C000D9EEA72A35EE669A76EEE38ACDED221A6A
:1044D0008DED282AF0EE431AB0EE662A99EE863A60
:1044E000CDED292AF0EE452A92ED0D4AD9EEA51A16
:1044F000D9EE252A98EEA52A8DED2B3AB0EE663A34
:1045000033EEC48A98EEA73AF0EE450AB0EE451AAB
:10451000CDED2A1A8DED322AF0EE661AB0EE632A3E
:10452000CDED2E2AF0EE632A99EE065AD8EE871AC0
:10453000D8EE866A98EE072AD8EE272A90EE25AAAA
:10454000D9EE070A99EE271A8DED313AB0EE633AAB
:104550008DED2F5A98EE253ACDED301ACDED336A18
:104560008DED342A8DED1EAACDED2C0A8DED2D1A80
:10457000CDED352AD2ED0E6AD8EE063A92ED0F5AFD
:10458000F0EE441AB0EE442AF0EE442A8DED363AAD
:1045900034EE663ACDED373AD3EE071A76EEC53AE9
:1045A00093EE272AD3EE252A93EE064AB0EE663A1A
:1045B00023EE877A63EEA77A93EEA53AF0EE665A79
:1045C00002ACD3EE865AB1EE455A37EE666AC4EDB8
:1045D000361A77EEE66A84ED372AC4ED382A84ED80
:1045E000394AF6E4394600228B4215DAF6EE006AC3
:1045F00004EB031C04EB810104EB8303DCED007A84
:104600009CED017A77EE877A67EEA67AE3EC017A81
:104610008B420CF1080CF1D100EB0E01584404EB75
:10462000C10104EB80000EF0C4FE394AAAEB080376
:104630004B44002F52F8233052DD9C46DFED356AA3
:104640009FED353ADFED353A9FED354ADFED354ADE
:10465000B7EE005A0023DFF8D0E00CEB8707B4EC8C
:10466000017A76EEC77ACDED017A019ADDED017A15
:1046700076EEE77AF0EE635A77EEC77AB0EE447AD8
:10468000E7EE835AA7EEA57AF0EE645AE7EE875A72
:10469000B0EE457A02F007010EEB810191ED006A60
:1046A000A7EEA57A27EE067A17EE101A5CF8040F2B
:1046B000D21001EBC252984207EE102A0EDD05EB34
:1046C000830106EB8302F1EC017A67EE877AE2EC74
:1046D000017ADCF8000001339842F4DCBC45BED11D
:1046E00043B0BDEC068BBDE8F08F4FF0000EC7F174
:1046F00040003A1A0146F3467346920074E7394681
:1047000000229B4670E7394600224FF0080B6BE70A
:10471000A80E00200000C0490093243C2C26633DD5
:1047200087FE753E1772313F6C5604002DE9F04F3D
:104730002DED048BB7B0059313469768DFF82C93E3
:1047400015690DF1580A049236AA02EB870ECDE9DD
:10475000020193F818C05E6993F8198099E80F0078
:104760008AE80F00012F5EF880EC40F31B82002DD9
:1047700000F079820F20334666469C46BA490DF117
:10478000980900EB800200EB420202EB0E0351F8A5
:10479000233009F10409AB424FEA80046FDD0EF1CA
:1047A000FF3B02EB0B0351F823309D4280F24D8119
:1047B000AEF1020B02EB0B0351F823309D4280F265
:1047C0004781AEF1030B02EB0B0351F823309D42FE
:1047D00080F24181AEF1040B02EB0B0351F8233060
:1047E0009D4280F23B81AEF1050B02EB0B0351F8C9
:1047F00023309D4280F23581AEF1060B02EB0B03B4
:1048000051F823309D4280F2D681AEF1070B02EBC6
:104810000B0351F823309D4280F2D081AEF1080B9A
:1048200002EB0B0351F823309D4280F2CA81AEF1B6
:10483000090B5A4451F822309D4280F2C58104444C
:1048400000EB4404AEF10A02A31851F823309D4254
:1048500080F2C6810B22AEF10B0E744451F8243065
:1048600006B15242EB1A03F001065D1049F8042C20
:10487000431E58B1002D00F0FB80184681E700224E
:10488000ED1A49F8042C431E0028F3D16646002F88
:1048900000F00C81012F00F0D281DDE926B404FB89
:1048A00004F30BFB0B33DDF8A090DDF8A48009FBCB
:1048B000093308FB0833DDF8A8E0DDF8ACC00EFBD7
:1048C0000E330CFB0C332C9E2D9D06FB063305FB93
:1048D00005332E982F9A00FB003302FB0233309AE7
:1048E000349902FB0233319A02FB0233329A02FB03
:1048F0000233339A02FB023301FB0133359A02FB88
:10490000023300EE103AB8EEC00AB1EEC00A07EE6C
:1049100090BAF8EEE70A07EE904AB8EEE71A07EE0B
:10492000909AF8EEE71A07EE908AB8EEE72A07EEBB
:1049300090EAF8EEE72A07EE90CAB8EEE73A07EEFB
:10494000906AF8EEE73A07EE905AB8EEE74A07EEBB
:10495000900AF8EEE74ADDED2F7AB8EEE75ADDED82
:10496000307AF8EEE75ADDED317AB8EEE76ADDED40
:10497000327AF8EEE76ADDED337AB8EEE77A07EEE1
:10498000901AB7EE009AF8EEE78A07EE902AB8EE92
:10499000E78AC9EE007A21EE271A61EEA71A22EE05
:1049A000272A62EEA72A23EE273A63EEA73A24EEDF
:1049B000274A64EEA74A25EE275A65EEA75A26EE47
:1049C000276A66EEA76A27EE277A60EEA70A8DEDC2
:1049D000171A28EEA71A68EE277A049806ADC16860
:1049E000019500913B46D0E900015246CDED160AF3
:1049F000CDED181A8DED192ACDED1A2A8DED1B3A41
:104A0000CDED1C3A8DED1D4ACDED1E4A8DED1F5AA0
:104A1000CDED205A8DED216ACDED226A8DED237A00
:104A20008DED241ACDED257AFFF708F8DDE90201B6
:104A3000449B059C01932A4601230094FFF728F923
:104A400037B0BDEC048BBDE8F08FDE46012207E7EE
:104A5000DE46022204E7DE46032201E7DE460422A8
:104A6000FEE6DE460522FBE6E4820400284304005D
:104A70006346821EB4461E46C31EBCF1000F01D021
:104A8000CEF1000E4846013240F804EB3FF4FFAE91
:104A90005A1C03F102034FEA83024FF00001B8BF32
:104AA00004220EF0A0FC002F7FF4F4AE002E00F0E4
:104AB000DF80BE4605254FF0010C47466F4930A800
:104AC00005EB850205EB420202EB0C0351F82330A3
:104AD0000430B3424FEA850479DD0CF1FF3802EB74
:104AE000080351F823309E427DDAACF1020802EB54
:104AF000080351F823309E4278DAACF1030802EB48
:104B0000080351F823309E4273DAACF1040802EB3B
:104B1000080351F823309E426EDAACF1050802EB2F
:104B2000080351F823309E4269DAACF1060802EB23
:104B3000080351F823309E4264DAACF1070802EB17
:104B4000080351F823309E4280F28180ACF10808BE
:104B500002EB080351F823309E427BDAACF10908DE
:104B6000424451F822309E4277DA621905EB420244
:104B7000ACF10A04131951F823309E4270DAACF1FB
:104B80000B0C624451F822300B2207B15242F31A47
:104B900003F001075E1040F8042C6B1EF5B1A6B3BC
:104BA0001D468DE70920002D7FF4E5AD072308227F
:104BB0000DF1980961E7DE46062251E6DE4607223E
:104BC0004EE6DE4608224BE6DE46092248E6002293
:104BD000F61A40F8042C6B1E002DE0D177465CE6F7
:104BE00096460A223CE6C4460122CEE7C44602228B
:104BF000CBE7C4460322C8E7C4460422C5E7C4463F
:104C00000522C2E7C4460622BFE7B8467746AB1E78
:104C1000033DB8F1000F01D0CCF1000C013340F896
:104C200004CB3FF43AAE6B1C05F102054FEA850256
:104C30004FF00001B8BF04220EF0D5FB2DE6002393
:104C4000CDE93033CDE93233CDE9343325E6C446FE
:104C500007229AE7C446082297E7C446092294E748
:104C6000A4460A2291E70D230E220DF1980904E7CC
:104C700003254FF0010C042330A8CAE7E4820400A6
:104C800070B5036A04465A1D202A0D4600F3888039
:104C9000C6690262DE4006F01F06531D202B7ADC37
:104CA0002362E369D34003F01F000023C5E90060DD
:104CB000C5E90233C5E90433AB61226A531C202BDA
:104CC00062DCE6692362D64006F00106711CCA1850
:104CD000202A4CDC22624FF0FF32E0698A40D84043
:104CE00020EA0200E860236A5A1C202A47DCE069B7
:104CF0002262D84000F00100003818BF0120287659
:104D0000226AC6F119018B18202B4FDC2362E3695C
:104D1000D3404FF0FF328A4023EA0201E6B9344B18
:104D2000994261DC334B344A9942D4BF01200020C0
:104D300082FB01324FEAE173C3EB22532F4AA86092
:104D400002FB13122A6145DD9A1E521003F0010383
:104D50006A616B76002070BD294B994244DC294B77
:104D6000994228DA02232961AB60002070BD2046F9
:104D7000FCF7AEFAE860236A5A1C202AB7DD01214D
:104D80002046FCF7A5FAB7E701212046FCF7A0FA78
:104D9000236A06469AE705212046FCF799FA84E73C
:104DA0000521FCF795FA226A064676E72046FCF7CD
:104DB0008FFA0146B2E70322A1F56701E868A1F581
:104DC000984101F0010303EB40034910C5E90331A9
:104DD000AA60CAE7EA68002B03F00103B8BF5B4290
:104DE00003EB4203EB60C0E74FF0FF3070BD00BF44
:104DF000578FFE01E7EF4800FBDE5070F477240088
:104E0000FFF1FE00004CE70070B52A4C1E4654F836
:104E10002250026A01FB0555202DCCBF052104213B
:104E2000402DC8BF0131802DC8BF0131B5F5807F4D
:104E3000C8BF0131B5F5007FC8BF01318B18202BE9
:104E4000044629DC03624FF0FF33C0698B40D04039
:104E500020EA0300013040007060236A5A1C202AB7
:104E600022DCE0692262D84000F00100003818BF5F
:104E700001203072236A03F10802202A0FDCE06966
:104E80002262D840C0B273683060AB42C6BF756062
:104E90004FF0FF30002070BDFCF71AFADAE7082166
:104EA0002046FCF715FAEEE701212046FCF710FA40
:104EB000DCE700BF780705002DE9F04F2DED048BEE
:104EC00093B00792DDE9214A026A247A0E93049492
:104ED000D31C219C202B80468946676800F3B5824D
:104EE0000362C369D34003F007030C93079A02F1EE
:104EF000010B4FEA8B010F9120990BEB8B03B1EB68
:104F0000830F40F39C82052A8CBF002301235B00A2
:104F100000210125B44ACDE9011102EB8323059359
:104F2000079AB24B039153F8223009EB050209FBB3
:104F300003330A9302330D920B930997CDF840B0D7
:104F40000895CDF84490CDF888A0089A0B9B1341A2
:104F5000099A9342A8BF1346029A0693934240F3DC
:104F60004981229BA24E03EB82030093D8F80820CC
:104F7000D8F8041098F81800C2F38F22B1EB822FF2
:104F800028BF40F00100059C019D14F8253004EB7A
:104F9000850703EB031306EB830388F8180010B1B1
:104FA0000021C8F80410B3F8400002FB00F088426A
:104FB00040F28181188C02FB00F088428EBF1025E0
:104FC00030254FF0380E5D5B98BF0A2002FB05F5D7
:104FD00093BF2824022008244FF00E0C84BF4FF00A
:104FE000180E4FF0060C8D4298BF74461C5B98BF9C
:104FF000604602FB04F48C428CBF01244FF0FF3466
:10500000041B33F8240002FB00F0884288BF013CF7
:10501000A346A0001D5A034402FB1511C8F8041052
:105020005B8802FB03F3B3F5803FC8F80830C0F09B
:105030006681049B002B00F04381102C00F08F81CF
:105040000025BBF1100F4FF0000940F040812C46C5
:10505000CA46D8F82020531C202B00F32581D8F80D
:105060001C00C8F82030D04000F001005A1CA040BD
:10507000202A4AEA000A00F31281D8F81C00C8F876
:105080002020D84000F00100D8F80810022DD8BF29
:105090000135A040D8F8043049EA0009C1F38F2156
:1050A00098F81800B3EB812F28BF40F001007A5D1B
:1050B00088F8180002EB021206EB820210B10023FE
:1050C000C8F80430B2F8400001FB00F0984240F20A
:1050D000CD80108C01FB00F098429CBF4FF0300B4C
:1050E0004FF0380E32F80BB098BF0A2001FB0BFBD3
:1050F00093BF2827022008274FF00E0C84BF4FF0E3
:10510000180E4FF0060C9B4598BF774632F807B053
:1051100098BF604601FB0BFB9B458CBF4FF0010B1A
:105120004FF0FF3BA0EB0B0B32F82B0001FB00F024
:10513000984288BFABF1010B32F82B0002EB8B02D7
:1051400001FB1033C8F80430538801FB03F3B3F5B7
:10515000803FC8F8083080F0BD804046FCF726F953
:10516000631C0BF003074FEA9B0B0BFA03F444EAB2
:10517000090407FA03F959EA0A0940F0DA8007EE50
:10518000909AF8EEE77A009BC3ED007A002C40F08D
:10519000BA8007EE904AF8EEE77AC4F30E03029C59
:1051A000C9F30E09A1B219FB01F9013113FB01F397
:1051B0000399019A4B4400981944120189B2012DB8
:1051C000C0ED017AD2B2039140F3868023460C35BC
:1051D0001544EAB20192069A0233083093420293D0
:1051E0000090FFF6C3AE05E0FC6B040078070500F5
:1051F000FC5A0400089B059A013B089302F5806263
:10520000013305927FF4A1AEDDE910B94046099F54
:10521000DDF888A0FBF7F4FF049B0546002B00F0A7
:105220009F82002F40F37781002D40F37481544614
:105230005346B1EE009ACA46FFEE009A0026B946E0
:1052400094ED008AB0EEC88AD4ED018AF0EEE88AC7
:10525000C8FE287AF4EEC97AF1EE10FA40F1FA802D
:105260000236B14540F354810834E9E7181AC8F80A
:105270000400B2F8423001FB03F3B3F5803FC8F8F5
:10528000083028BF0134C0F009830E2C7FF4E1AE52
:105290004FF0FF3013B0BDEC048BBDE8F08F01215F
:1052A0004046FCF715F8EFE601214046FCF710F800
:1052B000D8F82030DAE64FF0100B40205C46A9E623
:1052C000BBF1100F1D464FF000093FF4C0AE2B4656
:1052D000CA4646E7631C44E7014607EB0B0301356A
:1052E00013FB05230133029ADBB20193069B0232C2
:1052F00008319A4202920091FFF638AE7AE74046B2
:10530000FCF754F895E6D8F820305A1C202A00F310
:105310008D80D8F81C00C8F82020D84000F001008B
:1053200000283FF436AF634207EE903AF8EEE77A92
:1053300033E7D8F820305A1C202A72DCD8F81C0039
:10534000C8F82020D84000F0010000283FF417AF33
:10535000C9F1000307EE903AF8EEE77A13E7D8F8C0
:105360000810D8F8042098F81800C1F38F21B2EB88
:10537000812F28BF40F001007B7888F8180003EBEC
:10538000031306EB830310B10022C8F80420B3F81E
:10539000400001FB00F090424DD9188C01FB00F059
:1053A00090428EBF102530254FF0380E5D5B98BFC0
:1053B0000A2001FB05F593BF2824022008244FF0A2
:1053C0000E0C84BF4FF0180E4FF0060C954298BF9C
:1053D000744633F804B098BF604601FB0BFB93455D
:1053E0008CBF4FF0010B4FF0FF3BA0EB0B0B33F8E2
:1053F0002B0001FB00F0904288BFABF1010B4FEA9C
:105400008B001C5A184401FB1422C8F8042043885E
:1054100001FB03F3B3F5803FC8F8083011D3012531
:105420000FE601214046FBF753FF8EE7012140467E
:10543000FBF74EFF74E740204FF0100BE1E700232D
:1054400066E54046FBF7B2FFE9E70321FBF740FFC3
:105450000C904BE5D8F820106F1E4A1C202A00F350
:105460005981C8F82020D8F81C20CA4002F0010059
:10547000C0B1B5EE408AF1EE10FA00F05281D4EDE1
:10548000007AF5EEC07AB7EE007AF1EE10FA48BF76
:10549000B0EE697A77EE877AC4ED007A039A3244E7
:1054A00092B20392002F00F03281D8F820104A1CEB
:1054B000202A00F3A681C8F82020D8F81C20CA4072
:1054C00002F001007D1ED8B1F5EE408AF1EE10FA2F
:1054D00000F09E81D4ED017AF5EEC07ABFEE007A3D
:1054E000F7EE006AF1EE10FA58BFB0EE667A77EE8A
:1054F000877AC4ED017A0399721C11448AB203922F
:105500000236B14504DD002D04F108043FF798AEE2
:105510004F46D1469A460F9B209A5B44D1005A00D1
:1055200091FBF2F103F16902079B7329D4BF521872
:105530007332062B34BFFF21B521219B8A421B68A1
:10554000F7EE007AD4BF9B1A5B1A002B80F2D4804E
:105550009FEDC77A1C3367EE877AFBD4C54A002FCC
:1055600002EB830393ED007A27EE878A40F3708184
:1055700053460AEB8702D3ED007A68EE277AE3EC14
:10558000017A9342F7D10A9B9F42B8BF384609DAA5
:105590001A1A92008342D8BF042200210AEB80002D
:1055A0000DF021FF022F12DCDAED007AF5EE407AE1
:1055B000F1EE10FA0BD1DAED017AF5EE407AF1EE68
:1055C00010FA04D1219B1B68002B40F34B810E9BEA
:1055D0000C9A042B28BF0423B9F1010F8CBF0226BB
:1055E0000126C2F1080207EE102AA34A384652F8F3
:1055F00023500D9BBAEECE7A03FB05F5AF42A8BF50
:105600002846B9F1020F88BF013603EB4301C6EB10
:105610004101884227EE087A40F321818C1BF1EE8C
:10562000476A002243F2196CDDF80C800AEB810115
:105630000AEB84044FEA460E0AEB80070FE072453E
:1056400009DD1FFA83F81B044CBFF0EE667AF0EE1A
:10565000477AC4ED007AB94204F104041AD0F1EC9F
:10566000017AF5EE407AF1EE10FA08EB8803C8EB08
:10567000C30303EB0313C8EB0313C3EB830302F170
:1056800001021CFA83F3DAD0B9424FF0000204F1B0
:105690000404E4D1CDF80C803544A84226DA154440
:1056A000811B2C1AF1EE476A43F21960039D0AEB45
:1056B0008101760005EB8503C5EBC30303EB031300
:1056C000C5EB03130132C3EB8303B24210FA83F339
:1056D00008DD9DB21B044CBFF0EE667AF0EE477A0F
:1056E000C1ED007AA24201F10401E3D1002013B020
:1056F000BDEC048BBDE8F08F1B2B7FF72FAFB2EE14
:10570000047A1C3B1B2B67EE877AFADC26E74FF006
:10571000FF35F5E6012140462293FBF7D9FD229B98
:10572000A6E6002F3FF4F4AED8F820104A1C202A39
:1057300000F3A480C8F82020D8F81C20CA4002F04A
:105740000102F7EE007ABFEE007A002A039A47FEC4
:10575000877A324492B2C4ED007AAF1E0392A1E67A
:10576000002D7FF7D8AE002F7FF7D5AE1E46B5EEE1
:10577000048A5446F4EC017AF5EE407AF1EE10FA20
:105780000AD10136B7423FF4C6AEF4EC017AF5EE29
:10579000407AF1EE10FAF4D0D8F82020531C202BD8
:1057A0002ADCC8F82030D8F81C30D34003F00100C0
:1057B00054ED017AA8B9F5EEC07AB4EE087AF1EEAC
:1057C00010FA48BFB0EE487A77EEC77A0136B74292
:1057D00044ED017A05F1FF353FF49DAE002DC9D1AE
:1057E00099E6F5EEC07AB4EE087AF1EE10FA38FEDA
:1057F000077A77EE277AE9E701214046FBF768FD53
:10580000D6E7012140462293FBF762FD229B59E631
:10581000002D3FF47DAED8F820104A1C202A35DC3C
:10582000C8F82020D8F81C20CA4002F00102F7EE88
:10583000007ABFEE007A0399002A06F101021144B2
:105840008AB247FE877AC4ED017ABD1E039257E6FD
:105850000A9B002BC8BF00203FF79AAEA4E608467B
:10586000002219E70C9B062B7FF7B1AE3EE700BF85
:10587000CDCCCC3D8C5A0400780705000121404670
:105880002293FBF725FD229B02465AE70121404661
:105890002293FBF71DFD229B0246C8E740460134D8
:1058A000FBF784FDF1E400BF2DE9F04F2DED068BF1
:1058B00015469BB0402204460E460AA800219A468F
:1058C0000DF091FD2B682A1D002B12DD05F1100152
:1058D00001EB431391469B4620460AAF59F8043F1B
:1058E000002B00F3BC8020318B4507F12007F5D158
:1058F0000446002C40F0D280A146042E28BF042686
:105900006A4B904653F82660202204FB066600216D
:1059100046FA09F602A8B3460DF065FD01340835D4
:105920000AAF04EB440405EB890558F8040F23463D
:105930005C4648B94545B34407F12007F5D11BB093
:10594000BDEC068BBDE8F08F9B457BDD97ED079A9C
:10595000D7ED069A97ED058A97ED040AD7ED030A6D
:1059600097ED021AD7ED011A97ED002ADDED092A0D
:105970009DED084ADDED074A9DED065ADDED055A1D
:105980009DED046ADDED036A9DED027AB1EE499A60
:10599000B1EE69AA0AEB83030AEB8B02D3ED007A1E
:1059A000EAEE047AE9EE227AB0EE673AA4EEC83A5B
:1059B000F0EE433AE5EE403AA9EEA74AF0EE637AFC
:1059C000E5EEE07AA0EE235AF0EE673AE6EE413AD1
:1059D000E0EEA75AF0EE637AE8EE034AE6EEE17AEB
:1059E000A1EE236AF0EE442AB0EE644AF0EE454A96
:1059F000B0EE655AF0EE465AB0EE676AA7EE426A1C
:105A0000F0EE478AB0EE467AE1EEA76AA3EC017A9F
:105A1000B0EE666AF0EE686A9342E2EE076ABDD1C4
:105A2000CDED092A8DED084ACDED074A8DED065AD8
:105A3000CDED055A8DED046ACDED036A8DED027A48
:105A4000D8F8000007283FF775AFC0F1080202AB95
:105A50000021920003EB80000DF0C5FC6AE7CDF851
:105A600004B0BE4693460C1FDFF8448004EB830C61
:105A700054F8042F82EAE273A3EBE27308EB83038A
:105A8000D3ED007A002AB8BFF1EE677AA445EEECB8
:105A9000017AEDD15A46DDF804B024E7022E02D98E
:105AA0004FF0010929E74FF0000929E778070500C1
:105AB000B00705002DE9F04F85B004468E46DDF8AD
:105AC00038A0002900F01C81022A94BF0022012284
:105AD0000132CAF800200EF10102C2EB0212D2001C
:105AE000B2EBC30FCCBF012300234FF000090AF132
:105AF00008080AF10C0B8AF80430CDF80CE0236A90
:105B00005A1C202A00F3E880E0692262D84000F0A5
:105B10000100C8F80000002800F0CF80D4E901217E
:105B2000207EC1F38F21B2EB812F28BF40F001000E
:105B30009AF80450734B05EB051503EB85032076AB
:105B400008B100226260B3F8400001FB00F090420F
:105B500040F2C780188C01FB00F090428EBF1026E7
:105B600030264FF0380C9E5B98BF282001FB06F6CC
:105B700093BF0A25082002250E2784BF4FF0180C7A
:105B80000627964298BF6046185A98BF3D4601FBCB
:105B900000F090428CBF01204FF0FF302D1A33F8F7
:105BA000250001FB00F0904288BF013DA8001E5A6D
:105BB000034401FB162262605B8801FB03F3B3F52B
:105BC000803FA360C0F09880D8F800301D44039B4C
:105BD000C8F80050012B40F28780002D6DDD5F4634
:105BE0000026494DCDF804B04AE02B8C01FB03F3AD
:105BF00093428EBF4FF0100C4FF0300C382335F825
:105C00000CC098BF282001FB0CFC83BF0820182380
:105C100002270A2794BF4FF00E0E4FF0060E944550
:105C200098BF1846285A3B4601FB00F098BF7346C0
:105C300090428CBF01204FF0FF30181A35F8203009
:105C400001FB03F3934288BF0138A0F108038000F1
:105C500035F800C0284401FB1C226260428801FB29
:105C600002F2B2F5803FA26021D3019A013642F8D8
:105C7000043FD8F800300192B34205F144051CDD21
:105C8000D4E90123C3F38F21237EB2EB812F28BFF8
:105C900043F0010323760BB100226260B5F8403077
:105CA00001FB03F39342A0D840200823D0E720460D
:105CB0000293FBF77BFB029BD7E7DAF8003009F190
:105CC00001094B4508F104080BF1200B3FF717AF12
:105CD000002005B0BDE8F08F01212046FBF7F8FA5F
:105CE00017E74020102562E7042D7FF776AF4FF0CD
:105CF000FF3005B0BDE8F08F2046FBF757FB63E7A8
:105D00000122E6E65C8204003C80040010B50446F3
:105D1000EAF750F903480121034A06F067FF2046DD
:105D20000AF04EFD9C420400EE5D05002DE9F843AB
:105D300004460D4600AFEFF31188402383F3128829
:105D4000BFF36F8F0428294A98BF294BE9468AB0D0
:105D50009668117C98BF53F820306A4688BF254B5F
:105D6000C2E9073140F2013323489384234BC2E94F
:105D7000050442F8103F00234FF431512048EAF760
:105D8000E9F9CD4645B1EB69C3F3080323B101211D
:105D90001C4A1B4806F02AFF2EB130460AF0F7FFD6
:105DA00008B1037803B91848E9468AB06A46174B28
:105DB000D061C2E9053640F201331384144B42F836
:105DC000103F00234FF411510D48EAF7C3F929465B
:105DD000CD462046FFF79AFF88F31188BFF36F8FF7
:105DE0003046EAF7E1FFBD46BDE8F8830CB8002075
:105DF000D4070500FD5D05000B5E050005000001F0
:105E00009C420400335E050055390500545E0500D0
:105E10000400000138B50A4B53F82040013053F814
:105E20002050A54200D838BD606830B1037FDB0741
:105E300001D40AF0CDFC0834F3E723689847FAE769
:105E4000E8070500012270B5294B032086B01A70BF
:105E5000FFF7E0FFEAF744FC0420FFF7DBFF254CE7
:105E6000254D2646AE4204F1300410D301F030F83F
:105E7000204C224EAC4226D301F03EF8E8F728FF32
:105E80001F4A137B23F00103137306B070BD54F84F
:105E90000C3C059354F8103C049354F8143C0393C1
:105EA00054F8183C029354F81C3C019354F8203CDD
:105EB000009354E90A2354E90C0100F0E7FD54F87B
:105EC000303C5E65CDE7D4E90A23B3F1FF3F08BF5C
:105ED000B2F1FF3F05D052EA0301206803D101F07F
:105EE000F5F83034C6E73146183001F09BFAF8E790
:105EF0009DC8002024400400244004008D0E0400AE
:105F0000F05D002008B50348034A0021121A0AF088
:105F100076FC08BD58150020A0C80020F82370B5F5
:105F2000144E86B003FB0066134B012205930F232A
:105F3000CDE903320023CDE9013318234FF4A072D9
:105F40000E4D0F4903FB0055044602FB00110D4B9B
:105F50003046009500F09AFD737B2C7423F0040307
:105F60007373094B013403EBC423EE606B6006B01E
:105F700070BD00BFF85C0020B15705000CB80020D0
:105F8000680F0120F508040068070120BFB5002054
:105F9000FFF740FF2B4B03F5006282F3088883F381
:105FA0000A88E023284C002584F822302023E37758
:105FB00025766576A57684F82050636A234F43F4EE
:105FC000E023636284F82350EAF76CFEEBF748F8AD
:105FD0004FF0FF33A362E362EBF7EAF9EBF768F8FF
:105FE000E9F746FF1A4800F0CFFD0AF0DDFB01207B
:105FF000FFF710FF0220174CFFF70CFF00F0B0FF77
:10600000154B16499C61164B4FF400520593012322
:106010002046CDE90353CDE901553B46009500F0FC
:1060200035FD0646627B204622F0040262730AF0C8
:10603000EAFE2846FFF772FF3A4631462046EAF765
:10604000E1FF00BF6807012000ED00E0455E0300AE
:1060500000600020F05D00200CB80020A810012096
:10606000B65E050038B5064C064DAC4201D30020A3
:1060700038BD2046D4E901120AF0C5FB1434F4E718
:106080003011002030110020002038B5054C064D9D
:10609000AC4200D338BD20460AF0DAFB0028F9DB19
:1060A0001C34F5E7DC1000203011002073B50C46DD
:1060B000EFF31181402585F31288BFF36F8FC56818
:1060C0005DB125602B68C360836901338361002063
:1060D00081F31188BFF36F8F11E052EA030603D1F9
:1060E0006FF00B002560F3E7CDE90023024608308E
:1060F00000F034FE18B9034B9B681B69236002B0A3
:1061000070BD00BF0CB800202DE9F34104460E46D7
:1061100000F10808EFF31187402181F31288BFF3E3
:106120006F8F006AE168884239D22568AC4218D086
:10613000BDB128460AF0E9FB05F118000AF037FF67
:106140003146A26828690DF027F900232846C5F8D2
:10615000AC300AF058FE4046394600F093FE00206D
:106160002AE03146A268E0690DF016F9E369A268F9
:10617000102113446269E361934208BF236904F16B
:10618000240008BFE361236A013323620AF0EDFFB4
:106190000028E0D187F31188BFF36F8F0CE052EA3B
:1061A00003010CD00749404689680E61CDE9002300
:1061B0003946224600F0D2FD02B0BDE8F0816FF012
:1061C0002200E7E70CB80020F7B50446084604F1C2
:1061D0000807EFF31186402181F31288BFF36F8F18
:1061E000216A00293AD0A268A1690DF0D5F8A36907
:1061F000A268256813446269A361934204BF2369BE
:10620000A361236AAC4203F1FF33236234D02846F2
:10621000002D32D00AF079FB05F118000AF0C7FE14
:10622000A2682969E0690DF0B7F8E369A268284619
:1062300013446269E361934204BF2369E361236A03
:10624000013323620024C5F8AC400AF0DCFD384677
:10625000314600F017FE204603B0F0BD52EA0301BC
:1062600010D00A4989680861CDE9002331462246E9
:10627000384600F073FDEFE7002086F31188BFF386
:106280006F8FE9E76FF02200F7E700BF0CB800203E
:106290002DE9F341044617461E46EFF311884023CB
:1062A00083F31288BFF36F8FC368334A7BB1806872
:1062B0009168884219D057EA060318D188F31188EB
:1062C000BFF36F8F6FF00F0002B0BDE8F0819168EF
:1062D00091F90E100133E36093682161A36088F3A4
:1062E0001188BFF36F8F0020EEE72169F2E791F983
:1062F0000E1090F90E306FF07E029942A8BF194639
:106300009142B8BF11468B422DDD0AF04EFB054687
:1063100022464146CDE90076184800F01FFD0028CE
:10632000E1D0EFF31186402383F31288BFF36F8F20
:10633000A068D0B1236821699C420AD04BB193F97F
:106340000E309942A8BF19466FF07E039942B8BF3C
:1063500019460AF02AFB40B13146084800F092FD88
:106360006FF00A00B0E70025D2E7002DF4D186F3E4
:106370001188BFF36F8FF3E70CB800209EC8002090
:10638000F8B583680546002B40D0234A92689342B3
:106390003FD1C368012B03D9013BC3600020F8BD86
:1063A000EFF31187402383F31288BFF36F8F0169E6
:1063B00080680AF0FAFA2C68AC4207D10023C5E9DC
:1063C000023387F31188BFF36F8FE7E7002CF5D016
:1063D000D4E90032002613605A60637BC4E900668A
:1063E00023F002036373A66004F118000AF0DFFDD6
:1063F000AC6094F90E3020462B61C4F8AC600AF012
:1064000002FD3946054800F03DFDC7E76FF0150075
:10641000C5E74FF0FF30C2E70CB800209EC800204F
:1064200037B51146EFF31185402282F31288BFF38E
:106430006F8F04689CB12368426823F00303944281
:10644000036008BF4360012120460AF03BFB04467D
:1064500085F31188BFF36F8F204603B030BD51EA3A
:106460000302F5D000F10802CDE9001310462946D9
:1064700000F074FC0028EFD1014B9B681C69EBE72E
:106480000CB8002070B5EFF31186402383F3128817
:10649000BFF36F8F0468A0421BD0D4B1D4E900329F
:1064A000002513605A60637BC4E9005523F00203A2
:1064B0006373A56004F118000AF079FD2046C4F862
:1064C000AC500AF0A0FC3146BDE87040094800F02D
:1064D000D9BCD0E902329A4218BF0133022183604D
:1064E00010300AF042FE0028EDD186F31188BFF388
:1064F0006F8F70BD9EC8002013B5EFF3118140244B
:1065000084F31288BFF36F8F846844B1013C8460C8
:1065100081F31188BFF36F8F002002B010BD52EAE3
:10652000030406D181F31188BFF36F8F6FF00F0062
:10653000F3E7CDE900230246014800F00FFCECE749
:106540009EC800202DE9F8430546EFF3118840234B
:1065500083F31288BFF36F8F00266FF00A09374666
:106560002C68A54216D0ACB1D4E9003213605A6051
:10657000637BC4E9007723F002036373A76004F12F
:1065800018000AF014FD2046C4F8AC900AF03BFC59
:106590000126E5E700230221AB6005F110000AF0B7
:1065A000E4FD30B92EB988F31188BFF36F8FBDE8D1
:1065B000F8834146BDE8F843014800F063BC00BFE2
:1065C0009EC8002007B5074B4FF4005200930649C0
:1065D0004FF0FF33054800F06DF9002003B05DF87F
:1065E00004FB00BF00080500A8300120E85E002081
:1065F0002DE9FF41044640274E4EEFF3118887F303
:106600001288BFF36F8FD4F8FC50F5B9022104F55E
:106610008A700AF098FA002868D004F5867500227E
:10662000012128460AF067FC0028F8D100234FF02A
:10663000FF3202934FF0FF334146CDE900233E483D
:1066400004F5827200F00CFED7E7D4F800212B6825
:106650009542C4F8FC3008BFC4F80031D4F81431B6
:1066600043F00203C4F81431EB6823F0040343F051
:106670000103EB606B6888F31188BFF36F8F2846C6
:106680009847EFF3118887F31288BFF36F8FEB6899
:10669000D80623F0010236D4EA60EB689A0716D5D3
:1066A000306823F00203EB6088B10021036870B109
:1066B0004268954235D1036869BB72683360824293
:1066C00000D17360002340F8083BFFF7DBFED4F8ED
:1066D000143123F00203C4F8143188F31188BFF396
:1066E0006F8FDB0589D400F043FC86E7D4F81431C2
:1066F000D9069BD5C4F8140188F31188BFF36F8FB6
:1067000004B0BDE8F08123F01103EB6005F1100047
:10671000FFF7B8FEC1E70B607368834208BF716082
:10672000D0E723B11A68014618461346BFE71A4658
:10673000F9E700BF30B800209EC8002070B5C368DC
:106740000546C3F340069B070C460DD501220021E8
:1067500004F108000AF0E7F900232360054B6560A7
:106760005A681AB9C3E90044304670BD14605C60D1
:10677000FAE700BF30B80020F8B5C36804469A07AE
:106780000F46C3F340062ED45B071CD40B680BB92D
:1067900083680B60E368DD0742BFA36802263B60A5
:1067A0003D6858BF0126002D3CD0204B9A68D5F893
:1067B000F8309A420AD0D5F81431D807C3F38002D2
:1067C00014D46FF0120600233B6025E00AF0D9FADA
:1067D000D5F814310028F0D1D907C3F3C002F0D5A1
:1067E00052B15B0708D46FF00F06ECE7002AFAD12C
:1067F000C3F3C003002BF6D100232360D5F800318A
:1068000063B9C5E93F4428460AF0B8F9E36843F0A4
:106810000403E3603B68A3603046F8BD1C60C5F824
:106820000041F0E76FF01506CDE700BF0CB800207F
:10683000F8B5C368064603F00503002B0C4614BFE9
:10684000012700271CD085680122002104F11000D7
:106850000AF069F9204613490AF0E9F9E36843F0C0
:106860001003E360F3685B0712D5336823606BB9EC
:10687000D5F8003133B9C5E93F4428460AF07EF91E
:106880003846F8BD1C60C5F80041F6E73460F4E70F
:10689000D5F8FC302360D5F80031C5F8FC40002B5A
:1068A000EBD1F0E75D0B0400014601480AF0DBB9CB
:1068B000E85E0020F0B50446002089B0C4E93F003E
:1068C0000E9D04F58270C4E9410004F58670C4E9A8
:1068D000430055B32879002840F2011008BF012079
:1068E000C4F8140100204FF0FF364FF0FF37CDE918
:1068F0000330CDE90100CDE9066720460C4B00943A
:1069000000F016F955B1296811B1204600F0AEF833
:106910006B791BB1237B43F001032373204600F006
:10692000D5FBC4F8F84009B0F0BD0120D8E700BF9E
:10693000F165030037B501900846EFF3118440215B
:1069400081F31288BFF36F8FC16811F01E0F16D14B
:1069500053EA020508D101A9FFF70EFF84F311885D
:10696000BFF36F8F03B030BD41F00801C1600199E2
:1069700010308161034900F055FD0120EEE7002051
:10698000ECE700BFF30B040001460148FFF7D2BF5C
:10699000E85E0020F7B50C4616461D460190EFF361
:1069A0001187402383F31288BFF36F8F08460AF0E4
:1069B000D6F855EA060309D1204601A9FFF7DCFE07
:1069C00087F31188BFF36F8F03B0F0BDE3683246E1
:1069D00043F00803E360019B0449A36204F1100043
:1069E0002B4600F01FFD0120EAE700BFF30B040077
:1069F00001460148FFF7CEBFE85E00202DE9F041D7
:106A00000546EFF31187402383F31288BFF36F8F9E
:106A10000468A04222D00CB3002620460AF0A4F954
:106A200004F118000AF0C3FAB0462046C4F8AC805E
:106A30000AF0E9F92C680136A54208D03CB120469D
:106A40000AF092F904F118000AF0B1FAEDE73946BC
:106A5000054800F017FA3046BDE8F08187F3118849
:106A6000BFF36F8F0026F6E79EC8002010B50446DE
:106A700008B9054B9C681F2204F171000CF052FB11
:106A8000002084F8900010BD0CB800202DE9FF47CD
:106A9000994600F15803C0E91633109B0025037393
:106AA0000423073222F0070643730F9B01EB060A0B
:106AB0000F4683735146C0E906558560C573044689
:106AC000DDF84480E9F7AEFE0E9B073020F00700AA
:106AD000C4F89C00C4E9257602930D9BAAEB000A3A
:106AE00001930C9B5246009339464B462046EAF7E9
:106AF00045FA656584F87050B8F1000F12D01F2276
:106B0000414604F171000CF00DFB84F89050074BE6
:106B10009B680BB1D3F8A0305046C4F8A03004B045
:106B2000BDE8F08784F87180F1E700BF0CB8002061
:106B3000F0B5002587B00595109DDDE91276049526
:106B40000F9D044603950E9D02950D9D01950C9D8C
:106B50000095FFF79BFFB6F1FF3F08BFB7F1FF3F7E
:106B600005D056EA070305D1204600F0AFFA2046CB
:106B700007B0F0BD3A46334604F11800014900F071
:106B800051FCF4E78D0E040040F2011383810023D1
:106B9000C0E92533C0F8A030014B9860704700BFB2
:106BA0000CB800206FF00A01094A9368C3F8AC10D2
:106BB0000849C3F8A8004B6843F080534B6000239A
:106BC00083F31188BFF36F8F9368D3F8AC007047DD
:106BD0000CB8002000ED00E070B590F90D20437B6B
:106BE000002A36DBD90634D11B4C63F07F032246E2
:106BF000437352F81C3F216A934207D1C0E9002138
:106C00000860206211E09942F8D01B68002BF5D093
:106C100090F90E5093F90E60B542F4D0AE42F2DD19
:106C20005968C0E9003108605860E569954200D0B4
:106C300005B9E568A3685A7BD20604D1DA897F2AB0
:106C400001D9AA6932B1AB4202D0284600F048FB14
:106C5000A56170BDA361FCE70CB8002038B590F9C0
:106C60000D200146002A437B04DA03F07F034373BF
:106C70000AF08FF80D4D2A4652F81C4FAB6894422B
:106C800000D004B9EC688B4207D05A7BD20604D1FD
:106C9000DA897F2A01D9A2692AB1A34202D020460B
:106CA00000F01EFB2346AB6138BD00BF0CB80020CE
:106CB000B3F1FF3F08BFB2F1FF3F03D002491830E4
:106CC00000F0B0BB704700BF8D0E040070B590F9A6
:106CD0000D200146002A437B04DA03F07F0343734F
:106CE0000AF057F81C4C4B7B224663F07F034B7332
:106CF00052F81C3F206A934207D1C1E9002001608D
:106D0000216211E09842F8D01B68002BF5D091F970
:106D10000E5093F90E60B542F4D0AE42F2DD5868E1
:106D2000C1E9003001605960E569A368954200D06F
:106D300005B9E5688B4207D05A7BD20604D1DA89BF
:106D40007F2A01D9AA692AB1AB4202D0284600F0B5
:106D5000C7FA2B46A36170BD0CB80020F8B5DDE979
:106D600006670D4B0C46986811460C4A1060EFF30D
:106D70001182402282F31288BFF36F8F9D682846EC
:106D80000AF019F8284632463B46FFF791FF2046A5
:106D9000BDE8F840FFF706BF0CB8002038B8002067
:106DA000F8B50446EFF31187402383F31288BFF34D
:106DB0006F8F437B49B203F01F02002A0CBF0126EC
:106DC000002639D103F07F032D4D437309F0E1FF15
:106DD0002A46437B817363F07F03437352F81C3F61
:106DE000934227D1286AC4E9002004602C620FE096
:106DF0009842F8D01B68002BF5D093F90EC061457E
:106E0000F6D08C45F4DD5968C4E900310C605C6053
:106E1000EC69944200D004B9EC68AB689C4202D0A3
:106E2000204600F05DFAAC6187F31188BFF36F8FE5
:106E30003046F8BD286ADEE79B071ED5856809F055
:106E4000A8FF81732B689D4209D16B68C4E9005388
:106E50001C606C60E8E76A689342F6D01B68002B00
:106E6000F3D093F90E209142F5D08A42F3DD5A68AF
:106E7000C4E9003214605C60D6E78173D4E700BFD8
:106E80000CB8002049B9EFF3058030B9054B9A6979
:106E90009B689A4201D0FFF785BE81F31188BFF34A
:106EA0006F8F70470CB80020034648B9EFF3058296
:106EB00032B9064A91699268914201D0FFF772BED9
:106EC00083F31188BFF36F8F704700BF0CB80020A9
:106ED000EFF31181402383F31288BFF36F8F054BCB
:106EE0009A68D37B013BD37381F31188BFF36F8F13
:106EF000704700BF0CB8002070B5EFF31186402337
:106F000083F31288BFF36F8F144DAB68DA7B0132C5
:106F1000DA732A4652F81C4F944200D004B9EC6848
:106F20005A7BD20604D1DA897F2A01D9A2692AB113
:106F3000A34202D0204600F0D3F92346AB6186F38A
:106F40001188BFF36F8FEFF31180402383F3128812
:106F5000BFF36F8FBDE87040FFF7A6BF0CB80020ED
:106F6000024B03F11C02C3E9072270470CB8002052
:106F700070B5EFF31186402383F31288BFF36F8F50
:106F80001B4CA168206A0B68814214BF1A4600227C
:106F900049680B605960A368216A2AB9154AC3E998
:106FA00000210B6023620CE093F90E0092F90E5061
:106FB000A84218D0854216DD5168C3E900210B6054
:106FC0005360E5690B4B9D4200D005B9E568A368A5
:106FD0009D4202D0284600F083F9A5613046BDE805
:106FE0007040FFF7DFBD8A42D8D01268D5E700BFF6
:106FF0000CB8002028B80020F8B550EA0103064676
:107000000C4603D1FFF7B4FF0020F8BDEFF3118762
:10701000402383F31288BFF36F8F124D124BA86881
:107020001860FFF71BFEA868234632460F49183048
:1070300000F0F8F9AA680446537B384643F004038D
:107040005373FFF7AFFDAB68D3E90A23B3F1004FE9
:1070500008BF002AD8D109F0D2FF201A20EAE07038
:10706000D3E700BF0CB8002038B800208D0E040014
:1070700038B504460D46FFF7BFFFB5F1FF3F08BF27
:10708000B4F1FF3F0246204618D000234FF47A7433
:1070900047F611201946C2FB040147F6122290421E
:1070A00071F100020BD3084B834243F608538B4126
:1070B00007D347F612220023DDF760FE38BD1846DD
:1070C000FCE76FF00040F9E7ED85FFFF38B50446B7
:1070D000EFF31185402383F31288BFF36F8F437B57
:1070E0005B070FD5183009F062FF637B204623F061
:1070F00004036373FFF770FD2946BDE83840044878
:10710000FFF7C0BE85F31188BFF36F8F38BD00BF96
:107110009EC80020014B9868704700BF0CB8002043
:107120002DE9F8430446077BEFF31185402383F3F1
:107130001288BFF36F8F437B190705D585F311883C
:10714000BFF36F8FBDE8F883D90943F008025DD122
:107150004273A36813B1204609F023FE04F118001E
:1071600009F025FFA66D04F15808B04511D04FF085
:10717000000976B1304609F014FE06F1180009F056
:1071800016FF3046C6F8AC90FFF726FDA66DB04559
:10719000EFD1DFF8C880D8F808309C423ED1EFF339
:1071A0000589B9F1000918BF4FF00109D8F81C6032
:1071B000284A964200D00EB9D8F80C60B34202D0EB
:1071C000304600F08DF82046C8F81860E9F7F6FE62
:1071D000B9F1000F02D02048FFF7D6FCD8F80830EC
:1071E0009C4231D1EFF3058373BB227BD20718D4C5
:1071F0002846FFF7D7FCFB07A4D5002383F31188AB
:10720000BFF36F8F0423184602DF9BE703F07F0371
:1072100043F00803437309F0BCFD9AE74FF00009FF
:10722000C4E785F31188BFF36F8F83F31188BFF331
:107230006F8F0423184602DFEFF31180402383F39E
:107240001288BFF36F8FD4E785F31188BFF36F8F78
:10725000D1E700BF28B80020006000200CB8002053
:10726000D3B5DDE90667089CCDE90067FFF776FD39
:107270001CB1034B9B681B69236002B0D0BD00BFEB
:107280000CB800200122044BC01A044BC010584314
:10729000034B1A54704700BFF8600020ABAAAAAA9B
:1072A0009EC80020C3897F2B12D80A4B1B6863B18C
:1072B000094B90F90E201B689A4209DB437BDB06E1
:1072C00006D1064BC31A18BF012303F00100704713
:1072D0000023FAE73C1000203CB80020F85C0020B6
:1072E00070B50E4B0E4C1E7C054606EB460304EBB8
:1072F000C304204609F05BFE00220A4B28469A553B
:10730000FFF7D0FF48B1084B2046BDE870401A682F
:107310000649013AD31700F085B870BD0CB80020BB
:10732000F86000209EC800203C10002085720300F9
:1073300038B5EFF31185402383F31288BFF36F8FC5
:10734000104B114A9C681068A04206D1FFF7C8FF95
:1073500085F31188BFF36F8F38BD00211B7C11604E
:107360000A4AD35C002BF3D02046FFF79BFF00288E
:10737000EED0637BDB0602D12046FFF7A7FC204658
:10738000E4E700BF0CB8002038B800209EC80020F9
:10739000074808B5074A0849121A09F032FABDE849
:1073A00008400648064A0749121A09F02ABA00BFDF
:1073B000400000205415002014600500400000200B
:1073C0004000002014600500024B1868984208BF76
:1073D0000020704740100020034B1B680BB9F6F7E4
:1073E000FFBD0020704700BF40B8002030B570B12D
:1073F0000B4B5B6898420AD0036843B1D3E9042180
:10740000D0E90445121941EB0501C3E90421D0E993
:10741000003213605A600023C0E9003330BD00BF62
:1074200040100020B3F1FF3F08BFB2F1FF3F2DE94C
:10743000F84F0446994615461F467BD08160EFF30E
:107440001188402383F31288BFF36F8F013279F1E3
:10745000FF33DFF8ECA020DBFFF7BEFFDAE90027FF
:10746000013549F100092D1849EBE07306464FF04C
:107470000109C4E90453AD1843EB0707FFF7A4FF64
:107480000346DFF8C0E0DEF804A0EBB9C4E900EA87
:10749000CAF80040CEF8044028E06FF00103DAE9B2
:1074A00000125B1A4FF0FF3161EB02025B1B62EBD3
:1074B0000902012B72F10001BCBF012300224FF031
:1074C0000009C0E90432D9E7D3E9041CD4E9042057
:1074D0008A4270EB0C0B24DA891A5A686CEB0000B4
:1074E000C3E90410C4E9003214605C60FFF76CFF6C
:1074F00084420ED1114B1B685BB9B9F1000F02D168
:10750000FFF76AFF0646304609F03AFD0021F6F71C
:1075100077FD88F31188BFF36F8F28463946BDE8A1
:10752000F88F521A60EB0C009A45C4E90420ADD0E4
:107530001B68AAE700252F46EFE700BF40B80020F0
:1075400010610020401000202DE9F047EFF3118575
:10755000402383F31288BFF36F8F254F4FF000084D
:1075600038604FF00009FFF72FFF224E3B68D6E945
:10757000001E4FEAE37C50B1D0E90442A3427CEB09
:10758000020A19DAE41A62EB0C02C0E90442002490
:107590005B184EEB0C022046C6E900323C6009F055
:1075A000EFFC2146F6F72CFD85F31188BFF36F8FB2
:1075B000BDE8F047FFF7BCBE61184EEBE473C0E9CD
:1075C0000489C6E90013FFF711FF85F31188BFF3A3
:1075D0006F8F83689847EFF31185402383F31288F8
:1075E000BFF36F8F3B681B1B3B60FFF7EDFEBDE7F2
:1075F00040B800201061002010B5EFF31184402343
:1076000083F31288BFF36F8FFFF7E6FE0346054A48
:10761000D2E90001181841EBE37184F31188BFF33C
:107620006F8F10BD10610020F8B50446EFF311878D
:10763000402383F31288BFF36F8F026822B187F370
:107640001188BFF36F8FF8BDD0E90A36581C46F198
:107650000001022871F1000127D3012B76F100010E
:10766000BCBF012316465D1E46F1FF3609F0CBFC78
:10767000013041F10001401946EB0101012871F18F
:1076800000013ADB09F0BFFC013041F100016FF06D
:107690000102401946EB01034FF0FF31121A61EB72
:1076A000030320461749FFF7BDFE236B0133236315
:1076B000236A6BB187F31188BFF36F8F2046236A6B
:1076C0009847EFF31187402383F31288BFF36F8F3E
:1076D00054F8185FA542B2D0002DB0D0284609F06A
:1076E000A1FB0023C5F8AC3087F31188BFF36F8F7F
:1076F0002846BDE8F84009F086BB6FF001024FF064
:10770000FF33CEE7297603002DE9F04105461C46FC
:1077100090461F46EFF31186402383F31288BFF390
:107720006F8FB4F1FF3F08BFB2F1FF3F05D186F381
:107730001188BFF36F8FBDE8F081531C74F1FF33E4
:1077400009DB012A74F10003BCBF0122002412F1FD
:10775000FF3844F1FF37284609F029FCDDE906230C
:10776000C5E90A23002342462B6328463B460249CB
:10777000FFF758FEDBE700BF2976030038B5034664
:10778000EFF31185402282F31288BFF36F8FC1603F
:10779000012181600068834206D185F31188BFF31F
:1077A0006F8F0024204638BDD0E9003213605A6044
:1077B0000023C0E9003309F095FC2946044602483D
:1077C000FFF760FBEEE700BF9FC80020F8B5074653
:1077D0000C46164609F0D5FA08B10020F8BD0E4B4C
:1077E0009B68D3F8A050002DF7D0221DF5D2EFF3FF
:1077F0001184402383F31288BFF36F8F284647F02C
:107800000401B04784F31188BFF36F8F0028E4D0E0
:1078100040F8045BE2E700BF0CB800200146024AD2
:107820000020FFF7D3BF00BF49C1030001680E4A23
:107830000346914215D1C169A2F11022A2F1EF12C3
:1078400091420ED18268012A0BD8C26812B1016937
:107850008A4206D0586928B19B691B1A5842584180
:1078600070470120704700BF55AA00FF70B50D4B4F
:107870009E68A6B13046FFF7D9FF044678B9F36891
:107880006BB935690DB9204670BD2846FFF7CEFFAC
:1078900028B9EB68B34202D12E462D69F2E70124E4
:1078A000F1E700BF44B800202DE9F041444B454CBE
:1078B00005461B6820468846984718B10024204694
:1078C000BDE8F081A4F1140754F8144CFB68DCB156
:1078D000BC68CCB1002D66D0B8F1000F65D008FBB4
:1078E00005F6B6FBF5F5A84561D1311D5FD8B207A5
:1078F00011D026F0030204321C4603E06168914275
:1079000057D2A469002CF9D12F4B2E481B689847F9
:107910000028D4D0D2E73246EEE7891A232904F1B1
:1079200020051CD80123A360D4E90523AAB19361E3
:10793000A3690BB162695A610023C4E905333B694D
:10794000DB0703D5FFF792FF002835D1324600212F
:1079500028462C460BF047FDD6E7FB60E8E702F12E
:10796000200C04EB0C032039C3E90110DC60216911
:107970001648196144F80C00A0F11020A0F1EF1096
:10798000D86101B1CB6061695961A069986141B169
:107990008B61996901B14B6101212361C4E9012126
:1079A000CAE7FB60F5E72C46AEE74446ACE7044681
:1079B000AAE7A0680028B0D0012003F027F800BF94
:1079C0007810002058B800207410002055AA00FF3D
:1079D00070B5464B464C05461B6820469847002824
:1079E00040F08280002D43D054F8143CA4F11406DA
:1079F000002B3DD0B268002A3AD09D4203D3726872
:107A000013449D4202D3012003F000F8A5F12004A5
:107A10002046FFF70BFF0028F5D155F8183C012B45
:107A2000F1D155F8143C45F8180C3BB39A682ABBC1
:107A300055F81C2C02F120015A680A445A6055E995
:107A400005321A6155F8145C2B6903B1DD60202200
:107A5000002120460BF0C7FC286910B18368002B79
:107A60002ED033699B0703D5FFF700FF0028CAD14A
:107A7000BDE870401F4B1E481B68184755F8100C96
:107A800000282AD0836843BB4268636813442033CC
:107A9000636003692361D4E905239AB9CBB94369CB
:107AA00063618269A261B3B19C61A36903B15C6146
:107AB000236903B1DC60202200210BF094FCD0E7A5
:107AC0002C46E1E79361A369002BE8D062695A6113
:107AD000E5E7F360F7E7F460E7E7F36845F8083CAB
:107AE00003B15C61F460BCE770BD00BF781000209A
:107AF00058B800207410002038B50C462822002108
:107B0000054615480BF06FFC144B15481B68984749
:107B10001449154800F038F8232C1CD915F003033C
:107B20001FBF043CE418C3F10403ED1822460021F2
:107B300028460BF058FC084B0C49C3E90054203C84
:107B40009D606C609A6811609A68A1F11021A1F1A2
:107B5000EF11D161DA6038BD44B800207C100020FC
:107B600058B80020D1790300A978030055AA00FF76
:107B7000014B1B68184700BF4C100020014B1B68CD
:107B8000184700BF48100020024B1860024B00202D
:107B9000196070474C1000204810002010B50A46AC
:107BA000044619B1024B00211B68984710BD00BF65
:107BB00050100020F8B50D4E0D4C0E4D33680E4898
:107BC000984767782B680C48984733680B48984764
:107BD000022F08D12478E31F5C425C412B680748E0
:107BE00098472046F8BD0024F8E700BF7810002031
:107BF0006CB8002074100020BC110020A8110020D7
:107C00000E4B0340B3F1607F06D1B1F5885F14BF1E
:107C10006FF0860000207047B3F1707F0BD101F444
:107C2000E043B3F5005F06D111F4E06F0CBF6FF0D5
:107C30008600002070476FF0860070470000C07F0C
:107C40008A4270B506460D4600F0ED80784922F470
:107C5000FF7323F001038B4213D022F0FF0001F5E4
:107C6000885188420DD0734C22F47F7121F00301BA
:107C7000A14206D07049884203D001F574518B426D
:107C80002CD16E4B25F0FF0199420FD115F0FF006A
:107C90000BD06B4B40F00070984240F0C68082EAF7
:107CA0000500FF288CBF0020012070BD654B994264
:107CB000ECD0A3F588539942E8D025F4FF7323F064
:107CC0000103B3F1062FE1D05B488142DED05E496B
:107CD0008B42DBD0A1F584418B42D7D005F0FE4327
:107CE000B3F1A06F13D102F0FE43B3F1A06F40F0E7
:107CF000888082EA050333F47E1340F082802E04EC
:107D00007FD5C5F30540C2F305429042CAE74F490B
:107D10008D420BD14E4B9A4200F085804D4B22F4A0
:107D20007E10984214BF00200120BEE7B3F1407FCF
:107D300067D102F0FE43B3F1407F62D182EA0500D1
:107D400030F47E145DD131462846FFF759FF0028F4
:107D50006BD1414B12F47C1103EA020318D0B3F14A
:107D6000607FC2F305413DD13C48D3B243F000737C
:107D700083423BD003F17E43043B112B01D83848AA
:107D8000C45C15F47C1FC5F3054331D18C42C9E7AF
:107D9000B3F1607F0DD13148D3B243F00073834219
:107DA0001ED003F17E43043B112BDDD82D49C95C65
:107DB000DAE7B3F1707FE4D106F4E043B3F5005F96
:107DC00003D10121C6F30223994006F4E043B3F541
:107DD000005FD6D10120C6F3022600FA06F4D0E7F0
:107DE0001021C1E7B3F1707FCBD1EEE71024C8E7D3
:107DF00012F47C1F01D1A34215D02C0401D58B4273
:107E000050E725F0004323F47F03B3F1106F0CD14A
:107E100002F0FE43B3F1106F07D11348104040F059
:107E20001060A8427EE701203FE700203DE700BF49
:107E30000002000600040006000900060003000618
:107E4000FF00000200130006004600060093C00475
:107E50000013C004000140050000C07F03000002C1
:107E6000C75E0500C75E05000000FFF62DE9F84378
:107E7000884617461C4600F013FC054688BBD8F818
:107E80000060B6F8009009F4E043B3F5804FB368A2
:107E900008BF27F0010737EA03031AD10CB3274BB9
:107EA00024F0FF029A421FD114F0FF0304D0244AA9
:107EB00043F00073934236D022464846F168FFF7FC
:107EC000BFFE074668B9224648463169FFF7B8FE4B
:107ED00090BB6FF0840500233046C8F8003000F0F6
:107EE000A5FC2846BDE8F883164B9A42DCD0A3F5E2
:107EF00088539A42D8D024F4FF7323F00103B3F1DE
:107F0000062FD1D010498A42CED0104A9342CBD00E
:107F1000A2F584429342C7D004F0FE43B3F1407F00
:107F200004D12304C8D56FF08605D4E7B3F1A06F60
:107F3000F7D0034B9C42BEE73D46D2E70003000664
:107F4000FF000002001300060009000600460006BC
:107F500070B5114B05461B6810480E4698470446FD
:107F600018B16FF08F04204670BD6B6933602B7FB2
:107F7000012B04BF02232B77094B18BF30601B680D
:107F8000064818BF6FF0960498470028EBD0002CE5
:107F9000E7D06FF09604E6E77810002094110020F7
:107FA0007410002038B500F0FE43B3F1407F044662
:107FB0000D4602D06FF0860038BDFFF721FE002885
:107FC000FAD114F47C1F12D0C4F30543032B1370B1
:107FD00022D9284A2240B2F1607F3DD1264AE4B23C
:107FE00044F0007494422BD1102BE5D9E2E7214BE9
:107FF0002340B3F1607F15D11F49E3B243F0007312
:108000008B4202D110231370D6E703F17E43043B69
:10801000112B04D9002313706FF08500CCE71749AA
:10802000CB5CD3E7B3F1707FF4D101F4E043B3F557
:10803000005FEFD10123C1F302218B40DBB2C5E722
:1080400004F17E44043C112CB4D80D4A125D9342D5
:10805000B0D8202BB0D9DFE7B2F1707FAAD105F4F8
:10806000E042B2F5005FA5D10122C5F30225AA4086
:10807000EDE700BF0000C07F03000002C75E0500FF
:10808000C75E050000232DE9F34113604768D0F86F
:10809000148004460E463846114609F00AFC05468F
:1080A00088B9384609F007FC054660B9FFB277B9D0
:1080B000B8F1000F05D1A36823F0031323F47F4325
:1080C00063B16FF08605284602B0BDE8F08101215A
:1080D000606909F0C8FB0028EDD1F2E74FF6F873AC
:1080E00062889A4227D8154B15481B68277998470C
:1080F00010B16FF08F05E6E707B901A8314600F02F
:108100008DFA104B05461B680D48984710B1002D9D
:10811000D9D1EEE7002DD6D10FCCD6F800C06646F7
:108120000FC694E8070086E80700002FCBD1019B1B
:10813000CCF81430C7E76FF08505C4E7781000204D
:10814000941100207410002010B5044660B1074B54
:1081500007481B689847204609F059F9BDE81040C8
:10816000044B03481B68184710BD00BF781000205F
:10817000941100207410002037B50446C0B101A945
:1081800000F08EFA044698B91F4B20481B689847A8
:108190001F4D38BB0198037F032B11D109F074FBED
:1081A0002B6804461948984728B10CB96FF08F0422
:1081B000204603B030BD002C08BF6FF08704F7E7FE
:1081C000022B1BD1032303770379FF2B19D04369BB
:1081D000104A03F14043A3F58053934202D800F0C4
:1081E000BBFC0446019809F04FFB2B68002818BF20
:1081F0000446064898470028DAD0D6E76FF0960480
:10820000F0E76FF08404EDE778100020941100206F
:1082100074100020FFDFFF3F2DE9F04116461F4696
:10822000002288B0038805468846CDE904220796D7
:108230003A60002E62D0B6F1005F80F09E8023F09D
:10824000FF03B3F5E24F02D0B3F5824F22D12846A7
:1082500008F0BEFF0446002840F08380EB686BB155
:108260006A885AB12B8803F44F41B1F5824F05D18A
:10827000DBB2222B37D02DD8122B39D04246002327
:1082800008EB060112F8010B914243EA0003F9D111
:10829000002B33D0284605AA04A9FFF7F3FE0446B5
:1082A000A0B9049B9B6A63B3049B41465A88284645
:1082B000069206AA029203F1280201929A6A00929B
:1082C0005B6A324600F02CFB044678B30498FFF753
:1082D0003BFF46E0273BDBB21B2BCFD8284921FAD6
:1082E00003F3DB07CAD50732B6EBD20FC6D205E0DF
:1082F00040F209239A42F6D1402EBFD86FF086048F
:108300002FE06B681B0A07D10799049809F03FF822
:1083100004460028C8D0D9E732464146284607AB74
:1083200000F0A2FA04460028EED0CFE70499069B9D
:108330004A88D2B94B804FF6F873069A04989A424D
:1083400018D82B8813B102889A4210D16B8813B1C8
:1083500042889A420BD13946FFF7FAFD04460028BD
:10836000B4D1204608B0BDE8F0819A42E3D06FF066
:108370008604ABE76FF08504A8E76FF08504F0E7AB
:108380000102000C38B504460D46FFF713FC30B16E
:108390002A462146BDE83840024809F0CFBA6FF0BE
:1083A000880038BD70B8002070B51D4E1D4C336874
:1083B0001D4898472378590744BF23F004032370CE
:1083C00023789A0705D500F00FF9237823F00203EC
:1083D0002370164D14482B68984733681448984703
:1083E000637813B1134809F0ACFA00230421114853
:1083F0006370FFF7D3FB2B680D48984733680A4832
:1084000098472378DB0705D509F05EFA237823F037
:10841000010323702B680448BDE87040184700BF73
:10842000781000206CB80020A811002074100020E3
:10843000BC11002070B800202DE9F041FFF7BAFB15
:1084400018B100242046BDE8F081364F36483B681D
:108450009847044620B16FF08F04FFF7A5FFF1E7BE
:10846000324D2B78D80706D409F02CFA04462B7825
:1084700043F001032B702E4E2B483368984710B100
:10848000002CE8D0E9E7002CE7D13B682648984764
:1084900004460028DFD12B78990706D400F09CF819
:1084A00004462B7843F002032B7033681E4898472C
:1084B0000028E5D1002CD0D13B681B489847002804
:1084C000C9D13368184895F8008098470028C2D170
:1084D0003B681848984704460028BCD16B7843B9DC
:1084E00018F0010F05D0144809F025FA02230446BC
:1084F0006B7033680F4898470028C1D1002CACD16D
:108500003B68094898470028A5D12B7806485A07A8
:108510005CBF43F004032B7033689847002890D069
:1085200099E700BF78100020A81100206CB8002047
:1085300074100020BC11002070B8002038B5074C22
:10854000074B20461B689847064B204693F88055FA
:10855000054B1B689847284638BD00BFA81100206E
:108560007810002074B800207410002000F14043FF
:108570001F2B70B505460E460CD82C22154C02FB5D
:108580000344237F022B02D16369834218D06FF02A
:108590008B001AE0012109F066F9B8B10D4B0022F9
:1085A0001C46197F022902D15969A94205D001321E
:1085B000202A03F12C03F4D1E9E72C2303FB024426
:1085C000204609F043F900B9346070BD6FF08700B0
:1085D000FBE700BF74B800200122024B002083F8A3
:1085E0008025704774B800202DE9F0410A4C002521
:1085F00026464FF0010803272046C4F8208027773D
:10860000013508F004FF202D04F12C04F4D10023DF
:1086100086F88035BDE8F08174B80020F8B50646CC
:108620000F46FFF78BFF80B300241B4B22461D46ED
:10863000197FD1B13CB9022905D1196A19B9197943
:10864000002918BF1C460132202A03F12C03EFD168
:1086500014B96FF08C0006E0204609F0F7F82046C8
:1086600008F0D5FE10B100240DE01C46237F7BB935
:108670000123237736B1094B651BAD105D4305F12E
:108680008045356000203C60F8BD6FF08800EAE767
:108690006FF09600E7E700BF74B80020A38B2EBAF6
:1086A00000232DE9F0410B6090B005460E46FFF720
:1086B00045FF002800F0AF80584B59481B68984789
:1086C000804668B931462846FFF750FF10F18C0FFD
:1086D0000446544F0AD03B685148984710B10CB932
:1086E0006FF08F04204610B0BDE8F081314640465F
:1086F000FFF794FF044618B13B6849489847F1E7F3
:108700000122336801465D61336809A85A601C2262
:1087100035680AF068FE002200236869CDE9062367
:10872000414A00F14043A3F580539342CDE904440C
:10873000039405D9284608F06AFE6FF0870420E00C
:1087400006AA03A9E5F718FB0446002837D1039BC6
:108750006A690A93DBB2002B08BF00220346CDE909
:108760000000DDE906010E9209AA00F067F910F198
:108770008A0F044608D030680CBB08F048FE6FF042
:10878000960400233360A6E704A909A800F086F840
:108790000446A0B92846049908F0F9FD044670B9CA
:1087A000DDE9060105AB0193AB6A09AA00936B6A88
:1087B00000F044F9044648B1284608F01DFE306830
:1087C00008F025FE14F18C0FDBD1B6E7059B09AC50
:1087D000AB620FCC0FC594E8070085E8070033684B
:1087E0009A68D00413D49A68910444BF42F400629A
:1087F0009A6033681A7F012A04BF02221A77306810
:1088000009F024F8044600283FF465AFB9E742F4C4
:1088100080629A60E7E76FF0880463E778100020D1
:108820009411002074100020FFDFFF3F10B50B4BA8
:1088300004461B680A48984718B16FF08F04204619
:1088400010BD204609F020F8064B04461B6804487A
:1088500098470028F3D0002CF1D1EEE778100020E3
:108860009411002074100020194610B400244368AD
:108870000C60084C1A0AB4EB132F02D0064B9A4234
:1088800003D15DF8044B00F05BBB6FF086005DF830
:10889000044B7047004E80004B4E800010B4002403
:1088A00043680C60084C1A0AB4EB132F02D0074B34
:1088B0009A4203D15DF8044B00F042BB6FF0860092
:1088C0005DF8044B704700BF004E80004B4E8000A7
:1088D0002DE9F041456804462D0A0E461746984694
:1088E00006D00E4CA54214D06FF08600BDE8F08192
:1088F00005886D0407D443463A4631462046BDE814
:10890000F04108F016BF00F055FF10F1860FEDD1D1
:10891000F1E7BDE8F04100F04DBF00BF4B4E8000D5
:108920002DE9F04FDFF880B0D0F804E085B0BBEB64
:108930001E2F0446DDE90E890D4616461F46DDF85A
:1089400040A04FEA1E2C1CD0DFF860E0F44518D0A0
:10895000BCF1000F22D1CDE9019ACDF8008000F0E2
:1089600063FE10F1860F1BD13B4632462946204656
:10897000CDE90F9ACDF8388005B0BDE8F04F08F08A
:1089800019BD3B46324629462046CDE90F9ACDF81F
:10899000388005B0BDE8F04F00F046BE6FF08600AD
:1089A00005B0BDE8F08F00BF004E80004B4E800048
:1089B00030B44468240A06D0064DAC4206D030BC20
:1089C0006FF08600704730BC08F03EBD30BC00F050
:1089D00077BF00BF4B4E80002DE9F7430D46DDE920
:1089E0000A891646134942681F46B1EB122F044606
:1089F0004FEA12230ED0104A934200D0ABB93B4647
:108A0000324629462046CDE9008900F095FD10F157
:108A1000860F0CD13B46324629462046CDE90A89CD
:108A200003B0BDE8F04300F087BD6FF0860003B0EF
:108A3000BDE8F083004E80004B4E8000F0B4DFF8BC
:108A400030C05468DDE90456BCEB142F4FEA1427FC
:108A500002D0064CA74204D1CDE90456F0BC00F088
:108A6000C9BE6FF08B00F0BC704700BF4B4E80005A
:108A7000004E80002DE9F043DFF84890DDB24468F5
:108A800045F000754D45DDF82C804FEA1424DDE9F2
:108A90000767DDE909CE0CD014B1094DAC420CD109
:108AA000CDE90AE8CDE9087C0796BDE8F04309F076
:108AB00096B86FF08500BDE8F0836FF08600FAE7A6
:108AC0004B4E800005000002F7B5089E0E4FF5B230
:108AD000044645F000754868BD424FEA10200DD0AD
:108AE00010B10A4DA8420CD1009604F1080009F01B
:108AF0006BF808B90523236003B0F0BD6FF0850063
:108B0000FAE76FF08600F7E7050000024B4E8000A1
:108B1000F7B5089E0E4FF5B2044645F0007548685B
:108B2000BD424FEA10200DD010B10A4DA8420CD121
:108B3000009604F1080009F049F808B905232360FC
:108B400003B0F0BD6FF08500FAE76FF08600F7E73D
:108B5000050000024B4E80004268044BB3EB122F1D
:108B600001D109F045BB6FF0850070474B4E800086
:108B700010B50C4C20680AF041FA0B4A1368591CD6
:108B800011604BB9094A4820D2F8003443F007037A
:108B9000C2F80034E8F782F92068BDE810400AF016
:108BA00033BA00BF58100020F8BD002000800450E8
:108BB00038B5164D28680AF021FA154B1C68013C9F
:108BC0001C60ECB94820E8F777F90722114BC3F88D
:108BD0000823D3F8002422F00702C3F80024C3F8C6
:108BE0000041D3F80021C3F80441D3F804214FF425
:108BF0008072C3F80841D3F80831074BC3F88821C5
:108C00002868BDE838400AF0FFB900BF58100020BE
:108C1000F8BD00200080045000E100E070B5114D67
:108C2000114E2B68B3421BD0FFF7A2FF01F044FDA9
:108C30000E4A0F4B0F4952F8040B43F8040B8B42BA
:108C4000F9D101F089FD40B108F080FE0446FFF73C
:108C5000AFFF04B92E60204670BD01F04BF8F5E778
:108C60000024F8E75410002011736500080805007F
:108C700000C080511CD380511FB5114CD4F8403432
:108C8000012B14D0B72000F007FB18B16FF02100C2
:108C900004B010BDB82000F0FFFA0028F6D1B920CA
:108CA00000F0FAFA0028F1D10123C4F84034102270
:108CB000002168460AF097FB68460AF0B0F8E7E73B
:108CC0000080045000230B6010F0FF0319D043F024
:108CD000007303F17E43053B0E2B12D8DFE803F04F
:108CE0000A1111080F0A0A111111110A0A0A0A00C1
:108CF000094B0B600B6863B96FF085007047074B39
:108D0000F7E700F0FE40B0F1007FF5D06FF086008D
:108D100070470020704700BF081D0500E81C0500D3
:108D2000302817D00DD81238C0B2192806D8012320
:108D300083401E481840A8BBDB0721D46FF0860093
:108D40007047412801D04228F8D1FF292AD0B1F537
:108D5000E07F09E0B1F5A07F24D00BD821F02003FB
:108D6000C02B1FD0B1F5807F0CBF6FF085006FF076
:108D700086007047B1F5C07F14D0B1F5007FF3E7EE
:108D8000B1F5807F0BD003D821F02001C029EBE79B
:108D9000B1F5C07F06D040F209239942E4E7044BC5
:108DA000136070476FF08500704700BF20022102FA
:108DB000381D0500A0F11203DBB21E2B9DBF034836
:108DC000D84000F001000020704700BF210221427E
:108DD0002DE9F0411D4B94B0D0F8048006460F46B3
:108DE00001A8196801F0D6FCDDE90154DCB922467E
:108DF0003146284603AB09F048FF044698B9284697
:108E000009F0EBFEDDE903120346384609F014FED3
:108E1000284609F0A3FF284609F084FE04462846A8
:108E200001F0E2FC2CB1204614B0BDE8F04108F09E
:108E30008DBD414603A808F085FE03A8414608F011
:108E400081FE204614B0BDE8F08100BF441D05003E
:108E5000F8B505460E4618461C2117461C4608F074
:108E600071FE6B682B491A0AB1EB132F1BD12A4AEA
:108E700033782261294A13F00303E26066610CD063
:108E8000023303F00303012B3ED86B880733DB0862
:108E90006360234B23600020F8BD6B880733DB0839
:108EA0006360204BF6E7204B9A422AD16A691F4B38
:108EB0001344022B0DD81E4B1E4AE3601E4B236148
:108EC0006B69934212D00132934217D06FF0860043
:108ED000E2E70023224642F8183FC4E90333626107
:108EE0006A69164B9A420BD12023D9E70123A3606C
:108EF0000022234643F8182F6361CCE70223F6E7EC
:108F00002FB1C4E90067C6E76FF08400C4E76FF0D3
:108F10009600C1E74B4E8000BD990300F322040088
:108F20000000002040008151004E8000FF3F008083
:108F3000798C030002C0FF7F4919040004C0FF7F41
:108F400010B51E4C4368B4EB132F4FEA132215D112
:108F500042691B4B9A420CD003F5FF437D33134407
:108F6000012B03D80388B3F5105F24D06FF086007F
:108F700019E047F2121302889A42F6E7114B9A421F
:108F8000F4D1028802F44F43B3F5824F0CD14388E9
:108F900044F21210073382424FEAD30301D15B003F
:108FA000013300200B6010BDB2F5885F03D1438808
:108FB0000733DB08F5E70223F3E700BF004E80002C
:108FC00001C0FF7F4B4E80004FF480732DE9F047C6
:108FD00096B0804603A80393002408F0BFFD4FF02D
:108FE00010091E4E0DF12F0525F01F0506F1200A70
:108FF000012210211A4808F014FD2B190093524643
:10900000102320211548CDF8049001F081F807467F
:10901000F8B9D6E90C321034013342F10002302C99
:10902000C6E90C32E4D1B8F1000F04D02246414623
:10903000284608F0E9FC2E46084C0FCE0FC496E8EF
:109040000F00203584E80F0095E80F00103484E805
:109050000F00384616B0BDE8F08700BF1861002049
:1090600038610020F0B5184D184FAB6B8DB0BB4286
:1090700028D0174E306809F0C1FF4023002219465E
:10908000284608F054FD684608F075FD044678B996
:109090006846FFF799FF044690B930230246194607
:1090A000684608F044FD01220023C5E90C23AF63A4
:1090B000306809F0A9FF204608F048FC0DB0F0BD6B
:1090C0000E24F5E70020F9E718610020B4A5B4A547
:1090D0005C1000202DE9F04F99B00DF1570802F116
:1090E0000F0982460E46144628F01F084FEA191948
:1090F00022B100296CD0B2F5803F69D8364F374D88
:10910000386809F07BFFD5E90C3213430BD1504688
:10911000FFF7A8FF834630B1386809F075FF58465D
:1091200019B0BDE8F08FD5E90C2319EB020243F129
:109130000003B3F5803F13D302A808F01CFDE8B983
:1091400002A8FFF741FF83460028E5D130230246FD
:10915000194602A808F0EBFC00220023C5E90C2305
:109160004FF4807302A8029308F0F8FCDFF870A0B7
:109170003CB92046FFF728FF8346CDE76FF0920BFE
:10918000CAE7102C4FF001024FF010015046A146E3
:1091900028BF4FF0100908F044FC1023524620214C
:1091A000CDE900830D4800F0B3FF83460028B3D11A
:1091B0004A46304641460AF0EFF8D5E90C32013311
:1091C00042F10002C5E90C32A4EB09044E44CFE79A
:1091D0006FF0860BA3E700BF5C1000201861002031
:1091E000386100200022074BC3F81021C3F80C217E
:1091F000C3F80021C3F80421C3F80821C3F81421DF
:10920000704700BF0050045008B5FFF7EBFF012383
:109210000360104B0A6832B9D3F80C211AB9D3F89D
:109220000821002AF6D00B687BB90B4B99420ED06F
:10923000A3F58473D3F80831002B0CBF4FF0FF3037
:109240006FF00200FFF7CEFF08BD0020FAE74FF0F5
:10925000FF30F7E7005004500851045038B5054678
:109260000C4691B10021012007F01FFA0848094976
:10927000C0F80055C0F80445FFF7C6FF00210446BA
:10928000084607F012FA204638BD6FF00104FAE7ED
:109290000050045000510450034B0449C3F800052A
:1092A0000348FFF7B1BF00BF005004500451045001
:1092B0000450045010B504460021012007F0F5F9D0
:1092C000064B0749C3F800450648FFF79DFF0021FC
:1092D0000446084607F0E9F9204610BD0050045046
:1092E000085104500850045038B50C4659B1074D88
:1092F0000749C5F800050748FFF786FF10B9D5F8FC
:109300000835236038BD6FF00100FBE700500450C2
:10931000105104500C500450F0B40568049C002D0A
:109320003FD1234D14F47C16046005EA040509D0EE
:10933000C4F30546B5F1607F46602AD10494F0BCC1
:1093400008F079BCB5F1607F12D11A4FE5B245F053
:109350000075BD4202D110254560EFE705F17E455D
:10936000043D112D01D94660E8E7134E755DF3E722
:10937000B5F1707F01D046600BE00D8805F4E04741
:10938000B7F5005FF7D10126C5F3022506FA05F50A
:1093900045600A4D24F47E14AC4206D1F0BC08F0BE
:1093A000AABD6FF08800F0BC70476FF08500FAE747
:1093B0000000C07F03000002E05E05000002C00361
:1093C00010B4046894B1B2B10D4B2340B3F1607F87
:1093D00003D15DF8044B08F05ABC0A4B24F47E1408
:1093E0009C420AD15DF8044B08F0BCBD6FF08800C8
:1093F0005DF8044B70471046FAE76FF08500F7E719
:109400000000C07F0002C0032DE9F041046805465A
:109410000F461E4694B3A1B34368934234D81C4B05
:10942000DFF870802340B3F1607F0DD024F47E1408
:10943000444512D1284608F002FE044684B10023B8
:1094400033602046BDE8F08108F08FFC2B680446AD
:1094500023F47E134345F1D1ECE76FF09604EEE779
:1094600005F10C0138466A6809F096FF6B684FF405
:1094700001712846336008F065FBE2E76FF088046D
:10948000DFE76FF08604DCE76FF08904D9E700BFFF
:109490000000C07F0002C0032DE9F0410388C768C7
:1094A00003F44F44B4F5824F08BF1D4603F4E04473
:1094B0001F4B18BF0025944600209E46EDB21E7833
:1094C000AE4224D1D3E90262DCF80080B4F5804FCB
:1094D00008BF1646B8F1000F0DD18E420BD11423F0
:1094E00003FB00E35968CCF800101B7CABB96FF0AC
:1094F0008500BDE8F0815A68904508D18E4202D0BF
:109500006FF08600F5E7142303FB00E3EDE701307D
:10951000132803F11403D2D1F2E7422D06D1054BF3
:109520009F4203D003F20B139F42E9D10020E0E7F2
:10953000241B0500000800062DE9F3470024064619
:109540009A46DDE90A38008889461746C8F800407F
:10955000002B5DD020F0FF00B0F5E24F4CD13588F4
:10956000718805F44F42B2F5824F1AD1EDB2422D07
:1095700018D8402D12D8A5F11202D2B21E2A11D845
:10958000264840FA02F2D2070CD4CC1DE40864004D
:109590000134A34206D26FF0890013E0CC1DE40829
:1095A000F7E72546284601AAFFF7BAFB50B97268CB
:1095B0001B4BB3EB122F08D1022F0CBF6FF08500AD
:1095C0006FF0860002B0BDE8F087123DEDB21E2DAF
:1095D00021D8144BEB40DB071DD551460423019ADB
:1095E00001F8013B484601F07BF908F0AFF900288B
:1095F000E8D1C8F80040E5E7B0F5824F0BD19342BF
:10960000C9D3504609F0C8FE2046C8F80070D9E713
:109610006FF08600D6E76FF08500D3E7DEFFFFBF6F
:10962000004E8000210000402DE9F04F1546002239
:109630009DB08A46DDF8A0B02799DDF8988099465C
:1096400006460388CBF800200A60B8F1000F60D00E
:109650004268554C110AB4EB122F25D107A947696E
:10966000FFF76EFC0446D8B9079B434500F295808E
:10967000FFB22B4652463946304600F0EBF904461D
:1096800070B9279B2146CDE9008338464B460BAA8B
:1096900000F090FB044618B9BDF82E30CBF800302E
:1096A00020461DB0BDE8F08F002979D123F0FF03DB
:1096B000B3F5E24F17D14388A8450B936DD32946E4
:1096C0000BAAFFF7E9FE04460028E9D12B465246D3
:1096D0004146484608F019FAD8B10B9BCBF8003048
:1096E000279B1D60DCE7B3F5824F59D1438807887B
:1096F000059307F44F43B3F5824FC3685246039373
:109700004FF041012B460BA818BF002708F0FDF9C8
:1097100010B96FF08604C3E7A8453ED3294630460A
:1097200005AAFFF7B9FE04460028B9D1F8B21228FD
:10973000059E01D0302828D19DF82C10F31DDB08A0
:109740005A00042902F10102E3D19542E1D1174AFE
:109750000399114041F0106215498A4215D10DF16B
:109760002D020BA9CDE907325A1C0A44CDE9093272
:10977000314606AAFFF7D4FA08B1044690E70698E6
:1097800007A9FFF725FB0028F7D12A4648460BA971
:1097900009F002FECBF80060A2E76FF089047FE7D2
:1097A0006FF085047CE700BF4B4E80000000FFF6A1
:1097B00000000209F0B4DFF838C044680588BCEB4B
:1097C000142F4FEA142702D1F0BC08F0D9BC67B9B6
:1097D0003AB125F0FF04B4F5E24F06D1F0BC08F031
:1097E00059BC6FF08600F0BC70476FF08500FAE757
:1097F0004B4E80002DE9F743DFF8C0C00546DDE998
:109800000A8710EB0C0C61F1000EBCF1030F7EF126
:10981000000E894614461E463FD2224BC31861F102
:109820000002022B72F100021F4B19D31F4A4FF4A2
:109830007051C4E900231E4B2046E36008F096FCFB
:1098400001A9FFF77DFB20B9019B984504D26FF079
:10985000890003B0BDE8F0833B6000207070F8E73A
:10986000144A4FF44041C4E900234FF00823204636
:10987000E36008F07BFC01A9FFF762FB0028E8D158
:10988000019B9845E3D33B600B4B814508BF9D424C
:1098900014BF012302233370DFE703B0BDE8F043B8
:1098A00000F088BAFE3F008003004E801271000174
:1098B000090600060024000103C0FF7FFF3F00806F
:1098C0002DE9F8430D461F464168264B9146DDE9D8
:1098D0000828B3EB112F06463ED1048804F44F4309
:1098E000B3F5824F0CD0B4F5885F0ED14A462946B5
:1098F000384609F051FD0020C8F80090BDE8F88313
:10990000E4B2422CF2D0122CEFE773880733B2EBAB
:10991000D30F4FEAD30922D3134E306809F06EFB00
:10992000284608F0E6FC044630B94A4638460F4956
:1099300009F032FDC8F80090284600F03FF80546CF
:10994000306809F061FB002D08BF2046BDE8F843F0
:1099500018BF012007F0FABF6FF08B00CEE76FF061
:109960008900CBE74B4E80006010002000000020F3
:109970004029F8B505460E4618D80E4F386809F04C
:109980003DFB284608F0B5FC07F0E0FF044640B96F
:1099900009493246284609F0FFFC4021064808F0F4
:1099A000D1F8386809F030FB2046F8BD6FF0890423
:1099B000FAE700BF601000200000002008B503781F
:1099C0009B0705D00D48402108F0BCF8002008BDD9
:1099D000F82008F0EFF808B10220F8E7F92008F0C5
:1099E000E9F80028F8D1F820FFF756FC0028F3D159
:1099F000F920FFF751FC0028E4D0EDE7000000203B
:109A000037B5134943680446B1EB132FDAB21BD1C3
:109A1000032A15D0057D01A9284608F014FC88B951
:109A20006A462146019808F0EFFB58B9284600998C
:109A300008F024FC30B903B0BDE8304008F036BC73
:109A40006FF0840003B030BD6FF08B00FAE700BF09
:109A50004B4E80002DE9F04F89B005460F469046E9
:109A60001E4608F023FC044678B96B690090C3F3E6
:109A7000013262F305148DF8004014F0300408D16F
:109A8000A968890710D06FF08604204609B0BDE8A8
:109A9000F08F102C08D1BDF8023023F4F87343F492
:109AA000A873ADF8023070E0E9688B48814249D074
:109AB0008A48814238D08A48814247D10D219DF899
:109AC000023061F303038DF8023000234FF0010BE5
:109AD0009E4619461846D5F808C0DFF8089259F88E
:109AE00004AB1CEA0A0F08D00BFA00F343EA0E039A
:109AF00003F07F0E012341EA0A0101300728EED16D
:109B00002BB19DF803306EF347038DF803303CEA28
:109B1000010114D16B88FF2B20D01AD8802B4BD099
:109B2000C02B0CD102231AE005219DF8023061F30D
:109B300003038DF802302B88B3F5105FC5D06FF0AA
:109B40008504A2E709219DF80230F0E7DBB2F82B8B
:109B5000F4E7B3F5807FF2D1042300E003239DF8FE
:109B6000021063F306118DF8021014B91CF0030FF4
:109B700089D12B79022B2CD020D8012B83D1BDF891
:109B8000021063F3C811ADF80210012A70D0032A45
:109B900024D0002A7FF477AF2B88B3F5105FCED1A5
:109BA000182E6DD0202E70D0102E7FF46CAFDFF801
:109BB00038A101251F2619E00123D0E7032B02D08D
:109BC000FF2B7FF460AF0221BDF8023061F3C813B0
:109BD00067E7BDF8023043F4C07362E7412E3DD120
:109BE00004254F26DFF804A108F1010800243819E4
:109BF00007F0E0FF00286CD00134AC42F7D11F2EF3
:109C000007D02946384608F039FB044600287FF47F
:109C10003CAF009B4FF0FF39079300239B46CDF8E4
:109C200018A0BDF802204344C2F3C112059201AC52
:109C300003F1100C224618685968083303C26345C3
:109C40001446F7D101A907EB0B00FFF707FB044609
:109C500030B308F02BFB6FF0920416E7182E19D0E2
:109C6000202E1AD0102E7FF40EAFDFF880A0A0E7D0
:109C7000302E7FF408AF03253F26DFF874A0B5E748
:109C8000DFF864A002252726B0E7DFF85CA00225F4
:109C90002F26ABE7DFF854A0F4E7DFF850A0F6E793
:109CA0001C2101A80BF1010B07F04CFFAB4506D0BE
:109CB0000AEB0B12CDE906294FEA0B13B1E71F2E71
:109CC0003FF4E3AEFA20FFF7F5FA00283FF4DDAEEB
:109CD000C1E76FF08A04D8E60002C00300444004E4
:109CE00009008003A01C05004000815100000020F5
:109CF0001084045010B590B01C22002101A809F076
:109D000072FBF82007F056FF08B3202200200DEB6D
:109D10000201FFF7DFF90446F8B901A84FF480719A
:109D200008F068FA0E4B0F4904930F4BCDE901136D
:109D30000E4BF821069320230DEB0302FFF78AFE5A
:109D4000202104460DEB010007F0FCFE05E0F920A0
:109D500007F030FF0028D8D10446204610B010BDCF
:109D60000010C00400240001014B4E80F800FF7F6A
:109D700073B5C5B20E46284601A9144608F063FA29
:109D800088B9BDF80630C3F3C113013BDBB2022B27
:109D90008FBF6FF08600054AD25C054B9EBF134310
:109DA0003360C4E9005002B070BD00BFF25E050030
:109DB000004B4E802DE9FF41884601A90646144616
:109DC0001D460A9F08F03FFA48B9B6F1F80348F17A
:109DD000FF38022B78F1000804D26FF0860004B03F
:109DE000BDE8F08108F062FA0028F8D1002CF4D028
:109DF0009DF8041011F00F0240F09E80BDF806306F
:109E0000C3F3C113013BDBB2022B00F2988052482E
:109E100001F03001C05C514B102943EA000363603C
:109E200038D14F4B2360204602A9FFF789F800285C
:109E3000D5D1029BBB4200F28B8044F212122188E2
:109E40000198914204BF042205F8012B0B9A214688
:109E500013609DF804302A78C3F3011363F3010201
:109E60002A7003AA08BF07F1FF3708F0CDF90028D0
:109E7000B5D12B78039A6E7062F384032B7023881C
:109E800003F44F42B2F5824F51D139462846FFF7CD
:109E90006FFDA4E7134690469DF80700314940083E
:109EA000D8B94146204608F0A5F99DF8063003F0E0
:109EB0000F02092A1CD00D2A1ED0052A45D14FF4C5
:109EC00010522949C3F30213013B2280E160032BA6
:109ED00018D8DFE803F015252729C20705D5062B7A
:109EE00030D851F8232048EA020840080133D7E768
:109EF0004FF410521D49E5E74FF488521C49E1E741
:109F0000802363809DF8043013F0300F8BD1B2F5BD
:109F1000105F02D118F0030F85D06FF096005EE756
:109F2000C023EEE7FF23ECE74FF48073E9E7B3F5D6
:109F3000885F7FF454AFA8E76FF088004FE76FF0B9
:109F400091004CE76FF0830049E76FF0920046E71D
:109F50006FF0890043E700BFF25E0500004B4E80C2
:109F600001108001A01C0500004440040002C00351
:109F7000090080032DE9F04700241D46604F038847
:109F8000B4B088469146DDE93F6203F44F41174083
:109F900022F00042B1F5824F22F47F0218BF23461F
:109FA000B2F1106F4188574A346047F010670AD108
:109FB00097420AD1028822F0FF02B2F5E24F0CD09C
:109FC0006FF0860006E0974202D04F4B9F42F7D1D8
:109FD0006FF0850034B0BDE8F087DFB2384602AAE2
:109FE000FEF79EFE824600286FD1029B5C684C45BE
:109FF000E6D13846FEF7DEFE0028E9D012AB10228B
:10A00000CDE90B34514623AB0EA80D93CDE903489F
:10A01000029F0A9409F0E7F93C9A630001339A42DF
:10A02000CED12B78042BCBD13E9B9C424AD86B1CC3
:10A03000CDE90E43631C1D4438460EA9CDE91045F9
:10A04000FEF7C6FE0028C5D14FF00A082F4B1B684B
:10A050000193019905A800F09DFBDDE905542CBB97
:10A0600022463946284607AB08F00FFE0446E8B9F9
:10A07000284608F0B2FD04460246079903A808F0F6
:10A08000B2FCDDE9081223460EA808F0D5FC2846EC
:10A0900008F064FE284608F045FD0446062C2846D4
:10A0A00015D100F0A1FBB8F10108D2D1DDE90A1009
:10A0B00007F048FDDDE90C1007F044FD204607F0ED
:10A0C00045FC87E76FF0890084E7204682E708F0C7
:10A0D000C0FD0746284608F080FD0AAB0246D7E9D6
:10A0E000000108F099FC284600F07EFB002CDDD131
:10A0F0000A9A3D990AA808F076FC0A9B3360D5E7D6
:10A100000000FFF600000209000001095C1D0500C7
:10A1100010B543F0005392B0109321234FF4807494
:10A120000E9201221193149B01940293159B01AC92
:10A1300041F0005106940C91112440F6110143F0B6
:10A140000053CDE903232023DFF864C00A90CDE952
:10A1500008C40D9100200EA90AAC07940B910F9230
:10A16000059300F033FABFF35F8F4FF0A34306AAC5
:10A170001A60BFF35F8FBFF35F8F02AA1A61BFF34C
:10A180005F8FBFF35F8F03225A63BFF35F8FBFF30D
:10A190005F8F9A63BFF35F8F08F037F9431C044663
:10A1A000FAD0002000F03CFA204612B010BD00BFEB
:10A1B0000400002070B504460D4619B10A688B688A
:10A1C0001AB953B96FF021063BE033B94B6823F05D
:10A1D0000802102A01D0202B35D12046256108F035
:10A1E0006CFA064600282CD1184B04F17801236044
:10A1F00001236360AB6804F114009A069B01DBB293
:10A2000002F0E0421A4342F48032112300F020F8B9
:10A21000AB6893B92A68A3691A606B68A26943F0B6
:10A22000005393602268A36992699268DA60A36917
:10A230001033A36163680133636000221023C4E913
:10A240000223304670BD6FF04106FAE7BC1C0500E2
:10A25000026100F11402826000F110024160C260EC
:10A260000A604268034991604268D36043681033D2
:10A270004360704704000020C36870B57BB9C369B0
:10A2800000F128021A60C369454A9A604368C269AE
:10A29000DB6843F48063D360C3691033C361836AAE
:10A2A0009B052FD40368C268DD6800F1EC04302DF3
:10A2B00034BF082610261D6901366B1E1340EB1AA9
:10A2C000B34238BF5B191C44D50004F8015C03F1AC
:10A2D000EB045209044400F1ED05A5425CD1802253
:10A2E00080F8EC20426AC469C4322260C26993607B
:10A2F0004468C269E468D460C2691032C26102690C
:10A300001A4402610269C469D31C23F003039B1A37
:10A3100054F8042C42EA032244F8042CC26952F88F
:10A32000084C234443F0005342F8083C026A036897
:10A33000DB6811600168026AC96803339160026AD0
:10A3400023F0030302F1100101620168C968994218
:10A350000BD0002111610168026AC9685B1A43F0E1
:10A3600080439360036A10330362836A13F480634B
:10A3700011D102685169D26891420CD0026A13600F
:10A380000268016A5369D2689B1A43F080438B606C
:10A39000036A1033036270BD04F8012D120A9CE7B2
:10A3A00004000020B1F5AA7F70B505461BD30368F1
:10A3B0001C6814F0400419D100F11806304600F072
:10A3C00005F929460B4B30466B6051F87C2B132363
:10A3D0001268FFF73DFF084B20466B610123C5E97A
:10A3E0000344AB6070BD6FF02200FBE76FF002002A
:10A3F000F8E700BF281D050079A20300BFF35F8FB7
:10A40000094A1368BFF35F8F43F48071BFF35F8F16
:10A410001160BFF35F8F23F48073BFF35F8F13600E
:10A42000BFF35F8F704700BF0010805108B5FFF782
:10A43000E5FFBFF35F8F064A1368BFF35F8F43F0FA
:10A440000103BFF35F8F1360BFF35F8F08BD00BFD1
:10A450000010805170B50026C0E9006605460C4624
:10A46000FEF786FB01232B70FFF7C8FFBFF35F8F5A
:10A47000204BDB68BFF35F8F9B08013BACB32268C6
:10A4800042B19A4205D9FEF793FB6FF03F002E7060
:10A4900070BD1346D4E90115E068002908BF4FF4E8
:10A4A0000071002808BFF1202469BFF35F8F114AB3
:10A4B0009360BFF35F8FBFF35F8F1564BFF35F8F50
:10A4C000BFF35F8F5064BFF35F8FBFF35F8F516344
:10A4D000BFF35F8F44F4802444F00104BFF35F8F27
:10A4E0001460BFF35F8F0020D2E74FF40071F120BA
:10A4F0002546DAE70010805170B503780D46144602
:10A50000002B53D0BFF35F8F2D4A136BBFF35F8FC8
:10A510005908C3F34203052B4BD011F0060F02D1AB
:10A520004FF0FF3070BD4368D3B9BFF35F8F5368FE
:10A53000BFF35F8F032BF3D9224B2349BFF35F8F08
:10A54000D2F88060BFF35F8FBFF35F8F43F8046B77
:10A55000BFF35F8F8B42F1D1FFF768FF01234360A8
:10A56000BFF35F8F164B9A68BFF35F8F0132B4EB76
:10A57000021F21D8BFF35F8F5A68BFF35F8FB4EB20
:10A58000820FCDD884B1BFF35F8FD3F88020BFF3A3
:10A590005F8F291D05F8012B8D424FEA122204F12D
:10A5A000FF34EFD0002CF5D10020BBE76FF0200086
:10A5B000B8E76FF05100B5E76FF03F00B2E700BFBA
:10A5C00000108051101080512010805110B50446A9
:10A5D000FEF7CEFA104B186808F010FD0CB10123FD
:10A5E0002370BFF35F8F4FF0A3430022DA61BFF304
:10A5F0005F8FBFF35F8F4FF0FF321A63BFF35F8F40
:10A60000BFF35F8F3422DA61BFF35F8F0122034B08
:10A61000C3F8042310BD00BF601000200080045068
:10A6200010B5044638B9FEF7C3FABDE81040074B31
:10A63000186808F0E9BC03783BB1FEF7B9FA034BA0
:10A64000186808F0E1FC0023237010BD60100020A2
:10A6500038B5164CD4F80051C5B1BFF35F8F4FF039
:10A66000A343996ABFF35F8FBFF35F8F4FF0FF3251
:10A670001A63BFF35F8F0023C4F80031D4F80031B0
:10A680000B4B1868BDE8384008F0D1BCD4F808314D
:10A6900053B100F0A5F808F028FAC4F80851D4F82E
:10A6A00008310121034BECE738BD00BF00800450A6
:10A6B000681000206410002008B5074B186808F0E7
:10A6C000A5FC064B186808F0A1FCBDE80840002274
:10A6D00048201146E6F704BC6810002064100020F2
:10A6E00038B5094B1C7864B1084B4FF0FF311D6839
:10A6F000284608F08DFC4FF0FF310446284608F04C
:10A7000094FC204638BD00BF9DC800206810002082
:10A7100038B5074B4FF0FF311D68284608F078FC2C
:10A7200004464FF0FF31284608F07FFC204638BD34
:10A730006410002010B5064C236D3BB9214651F83A
:10A74000503B986908F01EFB01232365014810BDAA
:10A75000FCBD00204CBE002038B500240B4D0C4B36
:10A76000EC662B6003F5C0436B60FFF7E3FF50B16D
:10A770006B6D2046B3F5007FCCBF4FF480634FF480
:10A780000073AB6038BD0E20FCE700BFFCBD0020AD
:10A790000020805170B50E460E4B0F4C05461868D0
:10A7A00008F02CFCC4E90464FEF7E2F904220B4B28
:10A7B000C3F80423204608F07AF938B9204608F097
:10A7C0007BF918B9C5E90040284670BDFFF7A0FF26
:10A7D000F0E700BF6C100020FCBD0020008004509A
:10A7E00000487047FCBD00200422084B10B5C3F898
:10A7F00008230446FEF7DCF900232361A364044B1D
:10A80000BDE81040186808F0FFBB00BF008004508E
:10A810006C10002000487047FCBD002000487047C5
:10A820004CBE0020244B0340B3F5806F2FD017DCC3
:10A83000402B2ED008DC102B2DD0202B2DD0181E15
:10A8400018BF012040007047B3F5807F27D0B3F5D3
:10A85000007F26D0802B08BF0B2018BF0220704736
:10A86000B3F5804F1FD00ADCB3F5805F1DD0B3F580
:10A87000005F1CD0B3F5006F08BF0620EDE7B3F50D
:10A88000004F16D0B3F5803F08BF0320E5E7112045
:10A8900070470A2070470C20704709207047082035
:10A8A0007047072070471420704705207047042028
:10A8B00070470F20704700BFF0FF010010B50C4635
:10A8C00041F22C0108F043F9C0F3812003280EBFA8
:10A8D0000023024B1B56236110BD00BFB55F05006E
:10A8E0002DE9F0431E4B87B081460F4601A8196839
:10A8F0001646D2F80480FFF74DFFDDE901545CBB3A
:10A9000022463146284603AB08F0BFF9044618BB7F
:10A9100042464946039808F0BCF8DDE90423314675
:10A92000284608F084F9284608F018FA284608F066
:10A93000F9F8044680B9284608F08BF942460168C8
:10A940000646384608F028FD42467168B81808F0F7
:10A9500023FD2846FFF748FF204607B0BDE8F083F7
:10A960005C1D050070B50F4E0F4C0546306808F0B1
:10A9700045FB206830B980220C49FEF7ABFB70B96B
:10A98000202323602368094A013B2360002452F8F6
:10A9900023202A60306808F037FB204670BD02246F
:10A9A000F8E700BF701000206CBE002070BE0020D1
:10A9B0002DE9F743002600F10C080096EFF311890A
:10A9C000402484F31288BFF36F8F8568694005EADD
:10A9D00002070A4055400C496A468560019506F019
:10A9E000ADFA009C44B12046C4F8AC60A5660021D5
:10A9F000646E06F028FAF5E740464946FCF742FA4D
:10AA0000384603B0BDE8F083B530040008B5054B07
:10AA1000044613B10021AFF3008001F06DF9204628
:10AA2000E6F770FD000000000FB407B504AA064B5E
:10AA300052F8041B1868019200F0EEF803B05DF8BC
:10AA400004EB04B0704700BF20500400F8B50E4B73
:10AA500006461D68AB789B0712D56F6816F8014B48
:10AA600029462CB90A20B847002805DB204609E012
:10AA70002046B8470028F1DAAB7843F00403AB7006
:10AA80004FF0FF30F8BD00BF205004000CB430B5CB
:10AA900089B005460C461C22002101A808F0A3FC41
:10AAA000022305958DF806300D4B029323462CB1F9
:10AAB000B4F1004F28BF4FF00043013B1D440DAAE5
:10AAC0000C9901A80695009200F0A6F814B1059B18
:10AAD00000221A7009B0BDE8304002B0704700BFD4
:10AAE000793504002DE9F04101260746B24201DC28
:10AAF000BDE8F0813B461F4613F8014B002CF7D010
:10AB0000252CF8D11C780237252CF3D00023DFF850
:10AB100004819C461D461F2D18D8A4F1200EBEF1BD
:10AB2000100F09D9A4F1300EBEF1090F1ED80A2466
:10AB3000202504FB03E304E028FA0EFE1EF0010FBB
:10AB400006D017F8014B002CE5D128E07F2D1CD84A
:10AB5000A4F1300EBEF1090FE9D9242C10D1BCF1BB
:10AB6000000F46D0B34246D00023EAE724F0040E9B
:10AB7000BEF12A0FF8D06C2C09D145F08005E0E732
:10AB800024F0040EBEF12A0FEED06C2C22D06C2CD7
:10AB90001BD8682C23D06A2C28D04C2C26D0BCF192
:10ABA000000FA5D0B445A1D144F020070B68A7F150
:10ABB000650CBCF1020F01D9612F1ED1073323F0C0
:10ABC0000703083301360B608FE7742CB9D07A2C59
:10ABD000B7D0E4E72C0648BF45F40075CDE7EC0597
:10ABE00048BF45F4007545F48075AAE745F4207523
:10ABF000A7E79C46B8E76324D6E7692C02D007D8BC
:10AC0000632C03D02F0601D5AC05D7D40433D9E784
:10AC1000732CF6E7892801002DE9F04F436893B0C3
:10AC20008046019383789807CDE9061216D50B4626
:10AC300000250B921F789FB1252F15D00133059366
:10AC400041463846019B01359847002880F24584EB
:10AC500098F8023043F0040388F802304FF0FF35D3
:10AC6000284613B0BDE8F08F5F789A1C252F059217
:10AC7000E6D000242646A246A346BBF11F0F32D8D9
:10AC8000A7F12003102B0AD8DFE803F02409092AD2
:10AC90000909091B09090922092709091900A7F14E
:10ACA0003003092B2DD92A2F39D154B90B9B1BF016
:10ACB000400F53F8042B0B9329D0164601E04BF0BC
:10ACC000010B059B13F8017B0593002FD5D15BE0A9
:10ACD0004BF0020B4BF0040BF3E74BF0080BF0E7E3
:10ACE0004BF0100BEDE7BBF17F0F3FD8A7F130031E
:10ACF000092BD8D81BF0400F03D00A2202FB0636DE
:10AD0000DFE70A2202FB0A3A4BF0200BD9E7B2F147
:10AD1000000AF9DACAF1000A4BF0280BD1E72E2F0E
:10AD200005D11BF0400F9BD14BF0400BC9E7242FFE
:10AD30001CD1002C00F03F81079B1BF0400F0B93B0
:10AD40000AD152460BA90698FFF7CCFE0B9B1A1DA1
:10AD5000D3F800A00B92B4E732460BA90698FFF790
:10AD6000C1FE0B9B1A1D1E680B92AAE76C2F00F008
:10AD70000F8100F20681682F00F012816A2F00F027
:10AD800017814C2F00F0148134B1079B22460BA988
:10AD900006980B93FFF7A6FE002E47F02003B8BFDE
:10ADA0002BF0400B0293A3F16503BCBF00261FFAF2
:10ADB0008BFB022B40F20481029B612B40F07282DC
:10ADC000FF431BF0400F0CA84BF4C05407F02003C6
:10ADD00014BF31464FF0FF31A346049301270B9B6C
:10ADE000073323F0070303F1080293ED000B0B92E6
:10ADF000049A08F000FB431C0646DDF83090DBB2F5
:10AE000003937023029309F10903122B0CD909F162
:10AE10006303C62B40F20D8109F2E73340F2CE7294
:10AE2000934294BF032704279DF8342002F00C03BB
:10AE300012F0010240F018811BF0020F40F0118166
:10AE40001BF0040400F0F780002B40F01081202359
:10AE50001BF4405F22D1039A002E02F1480208BF82
:10AE600001266A44133A039921B112F8011D3029D1
:10AE700000F032811BF0100F039A18BF324619F10F
:10AE8000040FC0F22E81B14580F22B814A454BF46C
:10AE9000005B40F3288109F10106961B1BF4005268
:10AEA000089200F0228129EAE974013403B10134E7
:10AEB000002E00F02181721C1444A245CCBFAAEBE5
:10AEC000040400241BF0090F04D12C44A54240F0D7
:10AED000188100243BB118464146019B0135984733
:10AEE0000028FFF6B5AE1BF4006F12D041463020AB
:10AEF000019B98470028FFF6ABAE049B4146023504
:10AF0000C3F17800019B00F0F80098470028FFF695
:10AF10009FAE1BF0080F05D12C44AC4240F0FD80E1
:10AF200025460024089B002B00F0268129EAE97AB7
:10AF30007642A9EB0A02039B0AF1FF3A6F1C0292C8
:10AF4000934289BF0CAB3020D3185879564500F393
:10AF5000ED804146019B9847029A002802F10102C8
:10AF6000FFF676AEBAF1FF3F09D141462E20019B94
:10AF7000029298470028FFF66BAEAF1C029A3D463E
:10AF8000D9E7742F3FF49DAE7A2F3FF49AAEFBE6DB
:10AF90001BF0800F18BF4BF4007B4BF0800B90E64A
:10AFA0001BF4807F18BF4BF4007B4BF4807B88E65A
:10AFB0004BF4207B85E626465446B346B24680E6EF
:10AFC000FF431BF0400F07F0200308BF0626049341
:10AFD0000B9B073323F0070303F1080293ED000BEB
:10AFE000029B0B92652B12D1711C00224BF4805BEB
:10AFF000C9B2134611290CA84FF0020728BF11212E
:10B0000000F008FBDDF83090C3B20393FBE6029B2F
:10B01000662B05D14BF4005B334601221121E9E791
:10B02000F1B20022652001291346029038BF0121A8
:10B03000E0E70227F8E6002B3FF40AAFBAF1030F6E
:10B0400039DC9DF83430A44E13F0080FA34B08BF31
:10B050001E46B1464F4619F8010BA0BBAE1B374444
:10B0600085E023BB2B23F3E61BBB2D23F0E6202238
:10B07000BAF1040F12DD1BF0080FAAF104040ED17F
:10B080002C4441462020019B01350292984700281C
:10B09000FFF6DEADA542029AF3D192B100244146FB
:10B0A0001046019B013598470028CADAD0E52B22CB
:10B0B000DEE72D22DCE71BF0080FAAF10304C0D164
:10B0C000DEE71446BDE7049B4146C01A019BC0B2AF
:10B0D00098470028BEDABBE503990139C9B203914C
:10B0E000C1E6561EDAE60026D8E61BF4006F0CBF58
:10B0F000032405243C44D9E61BF0100F18BF01348B
:10B10000DBE609934146019B20209847002805F182
:10B110000105099BBFF6DAAE9AE541463020019B56
:10B12000013598470028BFF6F8AE91E5D1450AD120
:10B130009DF83530352B1DD805D19DF8343013F0EE
:10B14000100F08BF31204146019B98470028FFF6A9
:10B150007FAD1BF0100F0AD0BAF1FF3F07D1AF1C33
:10B1600041462E20019B98470028FFF671AD3D46D1
:10B170003C4436E23120E6E79DF83500414631286F
:10B180001EBF9DF8343023F010038DF83430019B3E
:10B1900098470028FFF65CAD002E68DD41462E2062
:10B1A000019B98470028FFF653AD4FF0010A039B1F
:10B1B0004146D3469A45B7BF0CAB3020534458792B
:10B1C000019B98470028FFF643AD0AF1010A564556
:10B1D000EDDA02355D44029B4146049A981A019BC0
:10B1E000C0B298470028FFF633ADB9F1000F04DB79
:10B1F0004AD19DF83430DB0646D5C9F100092D202F
:10B200004146019B98470028FFF622AD042F3DD10F
:10B210004FF47A774146019B033599FBF7F606F127
:10B220003000C0B298470028FFF612AD07FB169910
:10B2300064274146019B013599FBF7F606F1300082
:10B24000C0B298470028FFF603AD07FB16990A27FE
:10B250004146019B013599FBF7F606F13000C0B27B
:10B2600098470028FFF6F4AC07FB169914E01BF092
:10B27000100F01D10135AEE741462E20019B02356A
:10B2800098470028A7DAE3E42B20B9E7032F05F15C
:10B290000205CDD0012FDAD109F130006F1C4146F3
:10B2A000C0B25FE7A7F16303122B00F2FF80DFE873
:10B2B00013F017005700FD00FD00FD00FD005700D2
:10B2C000FD00FD00FD00FD00FD001701F800FD0080
:10B2D000FD002C00FD00B90006600500C22E05002F
:10B2E0000B9B01240CAF1A1D1B680B928DF830309C
:10B2F0001BF0080F2AD007EB04093E464E4527D124
:10B30000EF1B3744AAEB040431E70B9B1A1D0B9289
:10B310001F68AA4B002F08BF1F461BF0400F38467E
:10B3200014BF31464FF0FF3107F00CFF0446DFE752
:10B3300041462020019B98470028FFF689AC013E3A
:10B34000B442F5D35544B246AD1BD4E75646F7E7B1
:10B35000414616F8010B019B98470028CEDA77E4A6
:10B360001BF0800F0B9B35D01BF4007F2DD00733D3
:10B3700023F0070303F10802D3E900010B922BF03D
:10B38000100900291FFA89F936DA404249F4806928
:10B3900061EB41010DF1300B0A235A4607F0DEFE46
:10B3A00019F0400FA0EB0B0B65D029F001025E45B0
:10B3B00092B240F3B280002F00F0A98019F0100380
:10B3C0003446914626D002345CE01A1D18680B9270
:10B3D000C117D4E71A1D1BF4807F19680B9201D1A5
:10B3E0000846F5E71BF4007F19BF48B241F3C011CE
:10B3F00008B241F3C031C2E750EA0103CAD11BF0E1
:10B40000400FC7D0002EC5D12BF0110B34461FFAC8
:10B410008BF9B34640F2064319EA03031CBF01341B
:10B4200000232FE02BF0100B0A231FFA8BFB1BF0DD
:10B4300080040B9A57D01BF4007115BF0732101D02
:10B4400022F007020B900FBF106802F108010B9168
:10B45000D2E9000150EA010252D12BF016091BF08B
:10B46000400F1FFA89F94FD0002E4DD12BF0170B4A
:10B470001FFA8BF9B34619F0100352D0002F4ED1AA
:10B480000BF1010419F0080F5ED119F0010F06D07D
:10B49000A2456DDDAAEB040404EB0B0654462246DC
:10B4A0004DE04BF0100B10237827C0E7029B782B60
:10B4B00004D1C7F1780343F01003B8E741462520D3
:10B4C000019B98470028FFF6C3AB41463846019BD5
:10B4D00098470028FFF6BCAB0235059BFFF7AABBD7
:10B4E00008230027A3E7111D10680B911BF480713E
:10B4F000B0D01BF400711ABFC0B2214680B2A9E7D8
:10B500002BF0060B1FFA8BF90DF1300B45E729F0F4
:10B51000110934461FFA89F97CE79146ABE75C468E
:10B5200051E75C4676E7CDE9022341462020019BA6
:10B5300098470028FFF68CAB029A039B0132924594
:10B54000F1DC2C1BA5181446EBB141463020019BC1
:10B5500098470028FFF67CAB67B901352F462E448B
:10B56000F31B5B4521DC5D460CAE4DBB5F44C9E679
:10B570005E4694E7023541463846019B98470028CD
:10B58000ECDAFFF765BB40F2064319EA030FE5D09A
:10B5900019F0020F05F10105414614BF2B202020B0
:10B5A00019F4806F18BF2D20E7E741463020019B3A
:10B5B000013798470028D3DAFFF74ABB0A60050035
:10B5C000013D4146019B705D98470028CDDAFFF7A9
:10B5D0003FBB41462020019B013598470028FFF6DC
:10B5E00037AB631B002BF4DC77E700BF1FB502AB62
:10B5F000074A00934FF0CC3307F094FEDDE90201D7
:10B60000C00840EA4170C90805B05DF804FB00BFFE
:10B61000CDCCCCCC2DE9F04F9DB055EC104BCDE905
:10B620000B122A46290D0D93C5F31303D20FC5F350
:10B630000A5507908DED050A0A9275B922461A43FC
:10B640001BD130230126056043710A9B43F002039E
:10B65000037130461DB0BDE8F08F40F2FF72954295
:10B660004DD1059A002613430A9B079A14BF43F055
:10B67000080343F004031371EBE7059A4FEA8308CC
:10B680009A46B14D02F001020992059A48EA927871
:10B69000970001221646C5F1000B0892584600F0AB
:10B6A00017FAB5F1FF3FACBF8146A0F10109ABEB42
:10B6B000090B09EB05035846069300F00FFA18A989
:10B6C000A0F17D05584600F029FA14AB089AA9EBC1
:10B6D0000505019312AB02925146009318AA2B461E
:10B6E000059807F062FDB9F1010F04460D4600F21E
:10B6F000D880099B002B40F0CB8001276FE0059A92
:10B7000043F4801AA5F2354502F001024FEA8A0897
:10B710000992059A134348EA92784FEA82074BD17F
:10B7200040F2FE7319420CBF01260026002D32465E
:10B73000B1DB284600F0C6F90346032DC8BF013B24
:10B740001846069300F0CAF9069B7C3018A95D1BC9
:10B750000544184600F054FA14AB18AA0598019352
:10B7600012AB5146029600932B4607F01EFD069B36
:10B7700004460D46152B00F2888016AB734A3846F6
:10B78000414600934FF0CC3307F0CCFD169B179A3F
:10B790009B0843EA827303EB8303BB42DDE9129A01
:10B7A0000CD13846414600F0A1F9069B83428CBF7C
:10B7B00000270127002612E00126B7E7099B002B8E
:10B7C00053D1013F48F1FF31B81B61F1000100F096
:10B7D0008DF9069B099F83428CBF002601260C9B96
:10B7E000002B40F09280DDF82CB04FF000084FF0B5
:10B7F0000A0ACDF82080CDF81480DDE91201FFF7A8
:10B80000F5FE149BCDE90E01184615991093FFF72C
:10B81000EDFE0E9B81460F9A98420B461191934183
:10B8200080F08D8020462946FFF7E0FE0AFB09F3F1
:10B83000109AB8F1000F14BF002707F001070AFBA8
:10B8400010480D46934214BF002606F001060E9BD9
:10B850005FFA88F8044612930F9BCDE91339119BC8
:10B860001593089B01330893C7E7B81C48F1000102
:10B8700000F03CF9069B83428CBF00200120B9EB0D
:10B8800000006AF10002CDE9120200273E46A6E759
:10B89000129B0127139A013B42F1FF32CDE912328C
:10B8A00088E7B9F13E0FF0D84FF0FF33A9F120003F
:10B8B000C9F1200103FA09F203FA00F023FA01F1B9
:10B8C00003FA09F3024327EA03070A4328EA0208B6
:10B8D00057EA08070CBF012700276BE700FB02FCB3
:10B8E0000133A1FB001262448C4275EB020CF5D2CD
:10B8F000069A13440D9A13440B9A012BB8BF0123E7
:10B900009A42A8BF1A4693466FE70A2100220123F4
:10B910000846E9E70AFB03F00131A2FB0A230344CE
:10B92000944275EB0300F5D2594511DDBBF1000FD0
:10B9300002D154EA05030BD00123059372E70A22D2
:10B9400000230121ECE700BFCCFBFFFFCDCCCCCC2A
:10B950007EB34FF00A0A149B159918460F93FFF710
:10B9600045FE0F9B0AFB00F281460E919A4220D1C0
:10B97000B8F1000F14BF002707F00107DDE912013D
:10B98000FFF734FE10900F9120462946FFF72EFE58
:10B990000F9B0AFB1048109A04460D465FFA88F880
:10B9A0001292CDE913390E9B1593089B013308932E
:10B9B000D1E7069B089A13449946002F5BD0B8F153
:10B9C000050F58D114F001034BD1059A32B9DDE9C6
:10B9D00014239D4208BF944260D0059B18194FF074
:10B9E0000A044FF000024FF0010645F10001254620
:10B9F000A04271EB020754D2EBB1B3451BDA0C9BAA
:10BA000063B106EB09030D9A1A4422EAE2730B9A1A
:10BA10009A42A8BF1A46964293460CDD053009F1BA
:10BA2000010906F1FF364FF00A024FF0000341F121
:10BA30000001D9F7A3F95E450FFA89F9079BA8BF62
:10BA40005E4636B2B14406F1050809F1FF37984465
:10BA50004FF00009B1452BDB079B0A9A1F601A7152
:10BA6000F7E5059B2BB9DDE914239D4208BF9442FD
:10BA700009D00123B2E7059B53B9DDE914239D42A8
:10BA800008BF944204D1099B002BF2D1002EF0D0C4
:10BA9000B8F1040F94BF002301239FE74FF004087F
:10BAA000F1E705FB02F70136A4FB05423A449FE7A4
:10BAB0000A220023D9F762F9303209F1010908F8A6
:10BAC000012DC7E7014B5843800C704741340100FA
:10BAD000014B5843000D7047FB2E0B00024B58439F
:10BAE000C00C0130704700BF4F93120070B5034681
:10BAF000094A00204FF0CC364FF0333506FB03F4F3
:10BB000002FB0144A3FB023121449D4275EB010479
:10BB100001D30130F2E770BDCDCCCCCC1A232DE996
:10BB2000F04FB0FBF3FA334E03FB1A0389B004461F
:10BB30000D4606EB0A1653B9D6E90023C1E90023E6
:10BB4000D6E90201C5E9020109B0BDE8F08F2A4A31
:10BB500002EBC303D3E9008904AB40464946009396
:10BB6000D6E9022307F0DEFB06AB83460F464046CC
:10BB700049460093D6E9002307F0D4FB0023814611
:10BB8000DDE9066216EB0B0652EB070828BF01231E
:10BB900033B1049B059A013342F10002CDE904322E
:10BBA00020460391FFF79AFF07461A2000FB0AF090
:10BBB000FFF794FF3F1A32464346484603990097E1
:10BBC00007F0CBFB0D4A4FEA141C640004F01E037F
:10BBD00052F82C40DC4004F003042418304641F1B4
:10BBE0000001DDE90423C5E900414146009707F063
:10BBF000B4FBA7E7F84B0400284B0400741D0500B4
:10BC00002DE9F04F1A2700F11905DFF8E8A089B0F7
:10BC100004460E46B5FBF7F56F434FEA051B0AEBEA
:10BC200005153A1A0AD1D5E90023C1E90023D5E95F
:10BC30000201C6E9020109B0BDE8F08F2B4B03EB0E
:10BC4000C203D3E9008904AB404649460093D5E9D5
:10BC5000022307F067FB5AF80B206B68013ACDE925
:10BC6000020106A963F1000340460091494607F02E
:10BC700059FB8A46029900238146DDE906526D1878
:10BC8000039952EB010828BF012333B1049B059AA5
:10BC9000013342F10002CDE904323846FFF71EFFBE
:10BCA00007462046FFF71AFF3F1A2A4643464846F2
:10BCB0005146009707F051FB0D4A4FEA141C6400EF
:10BCC00004F01E0352F82C40DC4004F0030401345D
:10BCD0002418284641F10001DDE90423C6E90041AA
:10BCE0004146009707F039FBA3E700BF284B04004B
:10BCF000C81D0500C84C040038B5074D074C641B2F
:10BD0000A41024B9064B0BB1AFF3008038BD013C41
:10BD100055F824309847F4E70000000000000000C8
:10BD2000000000007047FAF7ADBBFAF70BBCFAF75A
:10BD3000E3BB03460A4619790123006803FA01F1BF
:10BD400003691B68194218BF82F0010212B18368AF
:10BD5000DB68184783681B69FBE7034670B41979F1
:10BD6000DB88006843F400320124056913F0010FF9
:10BD70002B6804FA01F4866814BF2343A3432B60A5
:10BD8000336870BC1847836800EBC101B3F5004FFE
:10BD90002CBF51F8220031F81200704700EBC101AE
:10BDA0008068B0F5004F2CBF41F8223021F81230E6
:10BDB0007047012208B5FFF7E6FFD04008BD836851
:10BDC00000EBC101B3F5004F08D34B681AB143F043
:10BDD00001034B60704723F00103FAE74B881AB167
:10BDE00043F001034B80704723F00103FAE753004F
:10BDF0000122FFF7D3BF8368B3F5004F34BF04239C
:10BE00000823C91A081AC0087047B0F5004F34BF9C
:10BE100004230823481C0833A0EBD300B0FA80F0B9
:10BE2000C0F11F0070472DE9F041174603220E466E
:10BE30000446FFF7A8FF8642054607F104080AD129
:10BE40000122E368BA4023EA0203E360002344F8D6
:10BE50002830BDE8F081314602222046FFF793FFEB
:10BE600006462B4601460322204644F82850FFF799
:10BE700095FF334629462046BDE8F0410222FFF7F0
:10BE80008DBF70B50D4686680446FFF792FFB6F584
:10BE9000004F014601D3012809D03046FFF7B5FF16
:10BEA000294602462046BDE87040FFF7BCBF70BD82
:10BEB0002DE9F04705468068FFF7A7FF05EB800AEC
:10BEC000DAF8109088460646B9F1000F1BD0032718
:10BED000DAF8104028462146FFF76BFF404507D3AC
:10BEE000324621462846FFF79EFF2046BDE8F087F0
:10BEF000032221462846FFF746FF013FCAF81000FB
:10BF000001D08145E4D14FF0FF34EB680136B440F5
:10BF10001C40EAD094FAA4F2B2FA82F2131D55F84A
:10BF20002340DEE72DE9F04114460E460546FFF7B3
:10BF300040FFA4EB0608371B07444246314628461B
:10BF4000FFF755FF3A4621462846FFF750FF434684
:10BF5000002221462846FFF721FF21462846FFF709
:10BF600028FF3B46211800222846BDE8F041FFF794
:10BF700015BF2DE9F041164604460F46FFF719FF9D
:10BF8000314605462046FFF714FF05442A46394648
:10BF90002046FFF72CFF31462046FFF70AFF2B46CD
:10BFA000311800222046BDE8F041FFF7F7BE2DE929
:10BFB000F0410D4686680446FFF7FBFEB6F5004FDC
:10BFC000014601D3012832D03046FFF71EFF04EBB3
:10BFD00080010E6996B90122E36882401343E36051
:10BFE00002220D612B4629462046FFF7D7FE032289
:10BFF00029462046BDE8F041FFF7D0BE0222314677
:10C000002046FFF7C0FE0746034629462046FFF7B5
:10C01000C5FE0322334629462046FFF7BFFE3946B8
:10C020002B462046FFF7BAFE02223146E1E7BDE883
:10C03000F081F8B50C460546FFF7BBFE2618012235
:10C0400031462846FFF79FFEC3070CD431462846E9
:10C05000FFF717FF21462846FFF7ABFE21462218BF
:10C060002846FFF786FF002221462846FFF78BFE71
:10C07000271A012239462846FFF785FE10EA0206F4
:10C0800013D139462846FFF7FCFE214632462846A2
:10C09000FFF779FE2246211A2846FFF76AFF21465C
:10C0A00032462846FFF76FFE241A21462846BDE88F
:10C0B000F840FFF77CBF38B571B10568002228460B
:10C0C000FFF799FE044601462846FFF778FE214611
:10C0D000BDE83840FFF7ADBF38BD70B5066809B997
:10C0E000002070BDB368B3EBD10FF9D9B3F5004FA1
:10C0F00034BF04230823CC1D1C44E40821463046E9
:10C10000FFF7D6FE05460028EAD001463046FFF785
:10C1100050FEA04209D92C44294630462246FFF75A
:10C1200001FF21463046FFF742FF304601222946F3
:10C13000FFF745FEB368B3F5004F34BF042308236F
:10C1400003EBC5031844CCE71146FFF7C6BFB2F5B1
:10C15000802F2CBF082304232DE9F0410026D21A9A
:10C160008C18CD1D25F0070524F00704641BE40896
:10C17000056021462046AC60EE60FFF746FE421D9A
:10C180009200013002F107074FEAD7073146A2F1CA
:10C19000100205F11000B8BF324607F024F93A4604
:10C1A00031462846FFF723FE3346324631462846BD
:10C1B000FFF7F4FDA4EB0708284631460122FFF7FC
:10C1C000FEFD42463946FFF712FE3B4632463946EF
:10C1D0002846FFF7E3FD21462846FFF708FE4346C1
:10C1E000324621462846FFF7D9FD2146284601223E
:10C1F000FFF7E5FD3946BDE8F041FFF7D8BE2DE970
:10C20000F04706460D46174698462BB34FF0000AF6
:10C2100098F8004093F80190DB78A40004EB430405
:10C2200098F802301C444444CA4509D33946304684
:10C23000AC46D8F8042008F10803BDE8F047604791
:10C2400014F8013B0AF1010A204648F82340E1F7BF
:10C25000B4F801300444E7E76FF01500BDE8F0875B
:10C2600070B5002502462846144614F8013B0BB968
:10C27000184609E098B18D4207D1702B04D0A3F184
:10C2800040023A2A0BD8002070BDA3F140063A2E96
:10C2900005D853780135941C002BE9D00020252BBC
:10C2A000224608BF80F00100DEE70020704700F062
:10C2B0001BBC0FB407B504A951F8040B019100F0A1
:10C2C00013FC03B05DF804EB04B070470FB407B57E
:10C2D00004A951F8040B0191FFF7E9FF03B05DF8E1
:10C2E00004EB04B0704710B50369024613F0080070
:10C2F00009D11368D4689C429BBF0120126AE31ADB
:10C30000D31A0B6010BD00231846FAE713B501A934
:10C310000446FFF7E8FF20B1019BE268013B1344AC
:10C320000193206A019BC01A013802B010BD10B5FC
:10C33000044650182269236AD20702D5013B1840EF
:10C3400010BD984228BFC01AFAE710B504460A4645
:10C35000C168FFF7ECFF2369E06023F00803236165
:10C3600010BD38B50D46C2698B00016843F0020369
:10C37000044642F8213001682A46FFF7D8FFE368F7
:10C380006168984208BF2369206008BF43F0080332
:10C390002A46204608BF2361FFF7C9FF606038BD09
:10C3A0002DE9F74FC768C6699B4606EB87030093E4
:10C3B00016F82730044603F00303022B8846914603
:10C3C0004FF000030BD01360CBF8003023699B07BC
:10C3D00013D44FF0000A504603B0BDE8F08F56F872
:10C3E000271013608908CBF80030EFD0FFF7ADFFBE
:10C3F000E368A3604FF0010AEDE7A369009898474E
:10C4000016F82720054612F0010AE2D012F00202C7
:10C410001FD0B8F1000F03D041462046FFF7A1FF1F
:10C4200061682A462046FFF782FFD4E90221914243
:10C43000606006D12A462046FFF779FF4FF0000AD8
:10C44000A060A2682260E260226942F008022261D4
:10C45000C1E7014620460192FFF777FFE368A3603A
:10C46000B8F1000F04D02168E369019A43F8212054
:10C4700005EB0802CBF8002021682046FFF757FFA4
:10C480002369206043F00803236116F827306FF317
:10C49000000306F82730009BC9F80030AAE770B502
:10C4A00004461546FFF743FF2368834205D12369FD
:10C4B000216023F00803236170BDE269AB0043F003
:10C4C000020342F8213061682A462046FFF72FFF19
:10C4D0006060F1E738B5036904465B0706D5456A35
:10C4E000FFF714FF85422CBF6562606238BD38B526
:10C4F0000D4604461C22002106F075FF0022EB6861
:10C50000A361AB6863612B68E3616B68626223625D
:10C510002A6923B1591E194208BF42F00102226163
:10C52000012204F128000021BDE8384004F0FBBAE4
:10C530002DE9F04F002587B00093036A04468B4233
:10C540000E469246A9460395059539D3EFF3118B14
:10C55000402383F31288BFF36F8F059AD8462AB120
:10C5600029462046FFF79BFF0023059304A9204698
:10C57000FFF7B9FE04990746B1422AD32268E3695E
:10C58000204613F8221003EB820921F0030103F87F
:10C59000221021683246FFF7CAFEE3682060984205
:10C5A00012D0002788F31188BFF36F8F039929B148
:10C5B00062690AB12046904700230393002FC5D13A
:10C5C000484607B0BDE8F08F236943F008032361B4
:10C5D000E7E718B12046FFF7C4FEE3E7009B5AEAFD
:10C5E00003021CD0019104F0CCFB0199B8B9BBF156
:10C5F000000F14D187F31188BFF36F8F5246009B51
:10C6000004F12800F9F778FFEFF31188402383F352
:10C610001288BFF36F8FB0FA80F77F09C2E7204618
:10C6200005AB03AA2568FFF7BBFE0746BAE770B55E
:10C630000446836908460D4698470246EFF3118683
:10C64000402383F31288BFF36F8F2B78204643F08B
:10C6500001032B706168FFF76AFE60602046FFF7F8
:10C6600039FF86F31188BFF36F8F70BD2DE9F0415C
:10C6700004464027EFF3118687F31288BFF36F8FCC
:10C68000236913F0080FA36802D16268934200D9AE
:10C69000226AD21AE16932B986F31188BFF36F8F2B
:10C6A0004FF0000833E011F8232001EB830812F06B
:10C6B0000300F1D0022803D151F82350AD0805D171
:10C6C000D00712D44046A36998470546A1682A4678
:10C6D0002046FFF72CFE2946A0602046FFF735FED6
:10C6E00086F31188BFF36F8FC4E742F0020201F8AE
:10C6F0002320A3694046A56898472946024620465C
:10C70000FFF715FEA06086F31188BFF36F8F4046D8
:10C71000BDE8F081F8B50446836908460D469847A0
:10C720000646EFF31187402383F31288BFF36F8F20
:10C730002B786FF300032B7023699B0705D5E26804
:10C74000E36903EB82039D421AD12B786FF3410317
:10C750002B70D4E90231994204D132462046FFF7CA
:10C76000E6FDA06031462046FFF7EFFD87F3118814
:10C77000BFF36F8F04F12800BDE8F840F9F782BEDF
:10C780002B6860F39F032B60F0E7EFF311814023E8
:10C7900083F31288BFF36F8F036913F0080F836868
:10C7A00002D14268934200D9026AD31A81F31188F8
:10C7B000BFF36F8F181E18BF01207047038B13F053
:10C7C000070305D10368002B0CBF0020032070472E
:10C7D000022B05D1408BB0FA80F0400980007047F1
:10C7E000012B05D10368002B0CBF002005207047EA
:10C7F0000020704710B50C4600B111B96FF015005C
:10C8000010BD081D00F094F80028F9D1A368032B8F
:10C81000F6D9F3E72DE9F0410D4607461946281DE4
:10C8200090461E4600F098F8044638B1334642461A
:10C8300029463846A446BDE8F0416047BDE8F0818E
:10C8400010B4EFF31182402484F31288BFF36F8F8A
:10C8500041615DF8044B0121E3F7D4B838B50C46CB
:10C86000054658B151B10B6843B14B6833B11C2236
:10C87000002106F0B8FD00202C6138BD6FF01500D6
:10C88000FBE770B505460E46FFF7B4FF041E14DB48
:10C89000EFF31182402383F31288BFF36F8F4FF6BB
:10C8A000FF716B8B2C8B8B4204F0070407D182F352
:10C8B0001188BFF36F8F6FF00A04204670BD022C01
:10C8C0000CD101336B8382F31188BFF36F8F002388
:10C8D000224631462846FFF79DFFEEE7062C14D886
:10C8E000DFE804F004131313041A04000023336078
:10C8F0006B683BB9C5E90066ACB902212846E3F78D
:10C9000081F8DAE71E606E60F6E782F31188BFF304
:10C910006F8F6FF00404D0E782F31188BFF36F8F3D
:10C920006FF08504C9E782F31188BFF36F8FC4E706
:10C93000034640B1426802F00302022A06D0032AED
:10C9400004D0012A05D06FF0150070471A68002A3C
:10C95000F9D000209860704710B54268034602F095
:10C960000302022A4FF00004816007D0032A02D09C
:10C970005C60002001E018685C6010BD18685C60B5
:10C980000028F6D0FAF7FAFEF3E770B506460C88F1
:10C990008888241A3069A4B2844285B224BF641BFB
:10C9A000A4B22D1BA8B2984228BF1846336823446E
:10C9B00013600B8803440B8070BD70B48389858835
:10C9C0000669ED1AADB2731B934228BF134670BCC3
:10C9D0000A46011DFFF7D9BF70B40E460146C5884F
:10C9E00031F80A3FEC1AA3B2934228BF13463246ED
:10C9F00070BCFFF7CABF10B54B880C88E41AA4B20C
:10CA000094420ED31A4492B28B884A800A800069FD
:10CA1000D21A92B2824201D2002010BD03448B8010
:10CA2000FAE76FF01500F8E72DE9F34106460F46E7
:10CA300015464FF000082A46304601A9FFF7BDFF12
:10CA4000044640B102463946019806F0A5FC2D1B6C
:10CA5000A0442744EFD142463046311DFFF7CBFFBB
:10CA6000404602B0BDE8F0812DE9F34107460E468D
:10CA700015464FF000082A46384601A9FFF7ACFFDB
:10CA8000044648B12EB102460199304606F084FCB6
:10CA900026442D1BA044EED14246384607F10A0138
:10CAA000FFF7A9FF404602B0BDE8F0817047037868
:10CAB0005B075FBF03684288C3F34A2303EB12108E
:10CAC0005DBF173020F0070080080020704700206D
:10CAD000704703F0EFBB0346D3E8EF0F421CC3E8F7
:10CAE000E12F0029F8D170471FB50023CDE90201DD
:10CAF0001A4619461846CDE90033E3F7AFFB05B0F7
:10CB00005DF804FB0120E3F761B90020704743683A
:10CB1000DA7101224368196043685A71E3F748B932
:10CB200070B5D2E901369B1B8B420C4615460AD3E1
:10CB300013680A460146981906F02EFC2046AB6899
:10CB40002344AB6070BD6FF01B00FBE770B50E4671
:10CB500015461946044618B9BDE87040E3F736B9E2
:10CB600033B1C2F34A231030120D184406F014FCFE
:10CB7000C4E900562046BDE87040E3F7CBBA2DE982
:10CB8000F3415F1C4FEA8708064608F1170020F0C2
:10CB9000070080080C461546E3F794F900238DF84A
:10CBA0000470ADF805308DF8073068B10346019A7E
:10CBB000A8F1040143F8102F2A46294452F8045BD7
:10CBC0008A4243F8045FF9D100233146A20102F4FE
:10CBD000E07242EA482222F07F4222F4700222F000
:10CBE0003F0202B0BDE8F041FFF7B0BF07B5012337
:10CBF000019201AAFFF7C3FF03B05DF804FB07B57C
:10CC0000CDE9002302236A46FFF7B9FF03B05DF8C0
:10CC100004FB1FB5CDE90123069B01AA039303235F
:10CC2000FFF7ADFF05B05DF804FBF8B506460D460D
:10CC300014461F4604B9F8BD214628463A46B04777
:10CC4000241A0544F6E710B542680446D2E90023E9
:10CC500081680068FFF7E9FF002263681A6010BD71
:10CC600038B54B6805461A68CB680C469A4202D123
:10CC70000846FFF7E8FF6368D3E8EF2F511CC3E8CD
:10CC8000E01F0028F8D1A36800209D5438BD0A2871
:10CC900038B504460D4602D10D20FFF7E1FF2946C5
:10CCA0002046FFF7DDFF002038BD2DE9F0430546A3
:10CCB00087B008460E8891F800900C46D1F808809D
:10CCC0001746E3F71BFB011EC6F38216C9F3C20920
:10CCD0001EDB4846E3F730FA0346214651F8102B95
:10CCE0006088C2F34A22002A01EB020408BF002137
:10CCF0000022C0F30B10CDE90407CDE90214284649
:10CD0000414601960092E3F725FB07B0BDE8F083AA
:10CD10000023E2E7436800201B685B689961704765
:10CD200043681B681A6852685360704701212DE9F7
:10CD3000F04143681B685A6811771D682F68D5E970
:10CD40000136D3E900481CB96B681C60BDE8F0816E
:10CD5000214630464246B847241A0644F3E7436862
:10CD60001B681868E3F762BC70B543680C461D6821
:10CD70006B689869E3F706F8214603460F22286896
:10CD8000BDE87040184701460068E3F7B7BC08B536
:10CD9000E3F744FDBDE80840E3F764BD0A4601211E
:10CDA000FFF724BF00210120E3F7A8BCD0F894309E
:10CDB00083F30B88704761B662B680F31188BFF3C6
:10CDC0006F8F704772B6002383F31188BFF36F8FA4
:10CDD000BFF34F8F30BF62B6BFF36F8F704772B62D
:10CDE000002383F31188BFF36F8FBFF34F8F20BFF2
:10CDF00080F31188BFF36F8F62B6704740E800F38D
:10CE000013F4803FD8B208BF6FF01500704730B5FB
:10CE10000C684B6885B00A894D890094013B24F069
:10CE20001F04234402F01F0242EA451223F01F03AD
:10CE300069468DF808200393E4F770F905B030BD1A
:10CE400008B5E4F77BFB08B5D1E904319847002029
:10CE500008BD08B5E4F75EFB002008BD704700235D
:10CE600003824369C3607047416A8968E4F7CCBBB9
:10CE7000EFF31182402383F31288BFF36F8F0023F7
:10CE80000B60436833B9C0E9001182F31188BFF326
:10CE90006F8F704719604160F7E7034610B5EFF3F5
:10CEA0001181402282F31288BFF36F8F006828B18E
:10CEB0005C680268A0421A6008BF5A6081F311885A
:10CEC000BFF36F8F10BD027A0132027270470346C2
:10CED00018465B68002BFBD17047426810B52AB139
:10CEE0000B461C465B68002BFBD16260416010BDA5
:10CEF00010B5044620B908460B7A01330B7210BDF9
:10CF0000034618465B68002BFBD1FFF7E6FF20467F
:10CF1000F5E7C0F307230870000C8870000A4B7017
:10CF2000C870704792B281600160C2808280704791
:10CF300083680B440360704703680B6043684B6071
:10CF400083688B6070478388026819448180D01899
:10CF5000704730B484880568A3188380281930BCD2
:10CF600006F01ABA10B5838802685C1C8480D1541C
:10CF7000D01810BD838830B502689D1C8580D418F8
:10CF8000D154090A617030BD838830B50468DD1C56
:10CF9000E2188580E154C1F30723090C53709170A6
:10CFA00030BD03469A880846196810B4141D9C8049
:10CFB00011445DF8044BFFF7ACBF034600689A8844
:10CFC000401A11441860998070470268531E03602C
:10CFD00083880133838002F8011C704703468288EE
:10CFE000521A82800068084418607047034600683F
:10CFF0009A88521A01449A801960704710B50368E4
:10D0000001211C78FFF7EAFF204610BD10B5036828
:10D0100002211C88FFF7E2FF204610BD10B503680F
:10D0200003215A781C789B7844EA022444EA03449A
:10D03000FFF7D4FF204610BD10B5036804211C681B
:10D04000FFF7CCFF204610BD02688068101A7047B9
:10D050008388C2888168D21A03685B1AD01A704725
:10D0600030B5054614460A8885B08B78ADF80020A7
:10D0700000210D220DF103008DF8023006F0B3F906
:10D080006A466946284603F0F0F928B9BDF8002041
:10D090009DF802302280A37005B030BD13B50C4658
:10D0A00001AA0331FFF7DCFF48B90322204601A99A
:10D0B00006F028F8B0FA80F0400902B010BD002058
:10D0C000FBE710B50C46017822788AB08A420FD06F
:10D0D0006946E4F74BFC204605A9E4F747FC10221B
:10D0E0000DF115010DF1010006F00CF80AB010BDAC
:10D0F000012A06D0022A07D072B940886388C01A74
:10D10000F4E740686368FAE71022611C01300AB056
:10D11000BDE8104005F0F6BF6FF01500E6E7042A01
:10D120000AD0102A0DD0022A4FF0000315D1037047
:10D130000B88438001207047012303700B68436014
:10D14000F8E7022300F8013B01F1100351F8042B2A
:10D15000994240F8042BF9D1ECE7184670470123B7
:10D1600010B50621044600F8013BF2F717F818B98C
:10D17000A37963F03F03A37110BD0B6803608B8834
:10D1800083808B798371037823F0020303707047E7
:10D190000078C0F34000704738B50446807AE4F761
:10D1A00009FA6169054649B1637ADB0704D4436A29
:10D1B00020461B689B6898470023636121462846E8
:10D1C000BDE8384003F0A1BC08B5FFF7E5FFBDE8B6
:10D1D00008400A20E4F706BC2020E4F703BC2DE950
:10D1E000F04101F10C080C46054600F10C014046E7
:10D1F00017461E46FFF7A0FE4046FFF725FF012316
:10D2000010FA87F068826B72394640462F82FFF72A
:10D21000E5FEE368284673600023628AE36072815A
:10D2200063823460BDE8F08138B50C46D1E9003244
:10D230000546DA600B684A895A820868E4F762FAA0
:10D2400020461022002106F0CEF82846BDE83840DE
:10D25000FFF7A2BF438A23B9C068B0FA80F0400943
:10D26000704700207047D0F89C3083B15A7BD107BB
:10D270000DD5D2060DD51B7B102B14BF0323042321
:10D280004372807A98428CBF0020012070470223AD
:10D29000F6E70323F4E70F2807D80D280BD8052855
:10D2A00008BF032018BF02207047132803D01A2894
:10D2B00008BF0120F6E701207047FFF797BCFFF792
:10D2C0009EBC034610B5D3E8EF0F40EA0102C3E865
:10D2D000E42F002CF7D110BD0023E2F73BBF03F091
:10D2E00022BCD0E8EF3F0B40C0E8E23F002AF8D173
:10D2F0007047C0F307235370C1F307235371002312
:10D300001070000C90701171000A090ED0709371AA
:10D31000D171704738B504460D46E4F72BFE5F30F7
:10D3200005D129462046BDE83840E4F741BD38BD67
:10D330000020704710B503884288934219D8052B06
:10D3400017D9B2F5486F14D88388B3F5FA7F10D295
:10D3500040F67644C088A0F10A0189B2A14208D8FB
:10D3600001339BB25343B3EB800F34BF0120002045
:10D3700010BD0020FCE70020704708B5ECF72CFF3B
:10D3800018B1C089003818BF012008BD70B5064625
:10D390000D464FF0FF304FF0FF31E4F7C3FF044676
:10D3A00018B9BDE87040E4F7D7BC03210C30FFF793
:10D3B000CAFD068085702146BDE8704042F221001A
:10D3C000E5F728BA70B506460D464FF0FF304FF02E
:10D3D000FF31E4F7A7FF044668B103210C30FFF7E3
:10D3E000B2FD068085702146BDE87040002240F203
:10D3F0000640E5F78DBB6FF0680070BDC368187814
:10D4000008B1E4F7B3BC1846E5F73EBD38B54FF0B8
:10D41000FF3105464FF0FF30E4F784FF044668B162
:10D4200002210C30FFF78FFD2B882146038000225C
:10D43000BDE8384042F21600E5F76ABB6FF06800BD
:10D4400038BDF8B507460E464FF0FF304FF0FF31BC
:10D450001546E4F767FF044678B106210C30FFF764
:10D4600072FD3B884680038085802146BDE8F840F8
:10D47000002242F22200E5F74BBB6FF06800F8BDD6
:10D480002DE9F047814688464FF0FF304FF0FF31DD
:10D4900017461E469DF820A0E4F744FF0546A0B1BC
:10D4A00007210C30FFF74FFDB9F8003080F80280FB
:10D4B0000380C7700671A0F805A02946BDE8F047B3
:10D4C000002242F23200E5F723BB6FF06800BDE8AE
:10D4D000F08708B500200021E5F7AEFA18B1BDE8E5
:10D4E0000840E5F791B9BDE80840E8F73DBBD0E852
:10D4F000AF0F70470B6803608B8883808B798371D3
:10D500007047072208B505F0FDFDB0FA80F040092C
:10D5100008BDFFF76BBBF8B50F46144638BB4FF09C
:10D52000FF304FF0FF31E4F7FDFE054610B3272131
:10D530000C30FFF708FD224606463946FFF7DAFFB2
:10D54000C31D04F1100152F8040B8A4243F8040B86
:10D55000F9D11022002106F1170005F044FF2946F9
:10D56000BDE8F840002242F22700E5F7D1BA6FF09B
:10D570001500F8BD6FF06800FBE7037A02465B0711
:10D5800005D501462A3211F8010BFFF7C4BF7047D9
:10D5900038B54FF0FF3105464FF0FF30E4F7C2FEDB
:10D5A000044658B129460C30FFF7DCFC2146BDE8A3
:10D5B0003840002242F22D00E5F7AABA6FF0680069
:10D5C00038BD10B400F11003D3E8EF2F22F400416E
:10D5D000C3E8E41F002CF7D1130404D501215DF842
:10D5E000044B00F046B95DF8044B704770B5044633
:10D5F00086B00E4601300131FFF783FF2A34162230
:10D6000000210546684605F0EEFE102269462046D8
:10D6100005F078FD40B11022204606F12A0105F000
:10D6200071FD002808BF0125284606B070BD38B539
:10D630004B6805460C4673B90B7A13B9037A5B073E
:10D6400009D520682A7803789A4204D02946FFF742
:10D65000CDFF00B1656038BD00F1100208B503468A
:10D660001046FFF744FF01060DD5D2E8EF0F40F456
:10D670000040C2E8E10F0029F7D11846BDE8084094
:10D68000002100F0F6B808BD08B500F110031846F7
:10D69000FFF72DFF020606D51846FFF728FF4306C1
:10D6A00044BF01230B7008BD10B50C4630B919B149
:10D6B000ECF752FD00B1441C204610BD0024FBE7EE
:10D6C00070B50D460446002845D0002943D000F12E
:10D6D00010031846FFF70BFF820711D40A68C4F83D
:10D6E00003208A88A4F807200122A270D3E8EF1F44
:10D6F00041F00801C3E8E21F002AF7D1002070BD05
:10D700004FF0FF304FF0FF31E4F70CFE064628B330
:10D7100007210C30FFF717FC03466278314603F807
:10D72000012B2A68C0F80120AA8842F235009A80AD
:10D730000022E5F7EDF90028E1D1E31C9D424FF00E
:10D7400001031EBF2A68C4F80320AA88A37018BF6B
:10D75000A4F80720D2E76FF01500D0E76FF068005B
:10D76000CDE7012070471030D0E8EF3F23F01003E1
:10D77000C0E8E23F002AF7D17047037AD90704D501
:10D7800023F001030372E5F789BF990704D523F05D
:10D7900002030372E5F79EBF704710B50C4631B126
:10D7A0000020E5F757FD08B90123237010BD6FF085
:10D7B0001500FBE7D0E8AF0F704708B5FFF7FAFF99
:10D7C000084100F0010008BD034610B5D3E8EF0F93
:10D7D00000EA0102C3E8E42F002CF7D110BD0B686A
:10D7E00003608B8883808B79837170472DE9F041CA
:10D7F00080460F464FF0FF304FF0FF3186B01446A1
:10D80000E4F790FD064688B300F10C0537B301211B
:10D810002846FFF7A7FB01212846FFF7A3FB284670
:10D8200098F80110FFF79EFBD4B121882846FFF736
:10D83000A1FBA1782846FFF795FB304608F11002BE
:10D8400003A907230097E4F75BFD0022314642F26B
:10D850003900E5F75DF906B0BDE8F0813946D7E754
:10D8600021462846FFF786FB2146E3E76FF0680074
:10D87000F1E70022FFF7BABF203003F032BA38B523
:10D880004FF0FF3105464FF0FF30E4F74BFD044603
:10D8900060B102210C30FFF756FB05802146BDE840
:10D8A0003840002242F24600E5F732B96FF06800D6
:10D8B00038BD2DE9F84380460F464FF0FF304FF05A
:10D8C000FF3116461D469DF82090E4F72BFD0446D7
:10D8D000B8B108210C30FFF736FB0022026042602D
:10D8E000B8F8003087700380A0F80360A0F80550F6
:10D8F00080F807902146BDE8F84342F25C00E5F766
:10D9000007B96FF06800BDE8F8832DE9F843814658
:10D9100088464FF0FF304FF0FF3117461E46E4F7C0
:10D9200001FD054690B106210C30FFF70CFB80F895
:10D930000090A0F80180A0F8037046712946BDE868
:10D94000F843002242F25D00E5F7E2B86FF06800AC
:10D95000BDE8F883D0E8AF0F704708B54B0900EB7E
:10D960008300FFF7F7FF01F01F01084100F00100FD
:10D9700008BD0B6803608B8883808B798371704747
:10D98000034610B5D3E8EF0F00EA0102C3E8E42F25
:10D99000002CF7D110BD012201F01F039A404B0962
:10D9A00000EB8300D143FFF7EBBFFFF71FB9002364
:10D9B000D0E8EF2FC0E8E13F0029F9D170470123FB
:10D9C0004A0901F01F018B4000EB8200D0E8EF2FE5
:10D9D0001A43C0E8E12F0029F8D1704708B50B467B
:10D9E000014658B153B11846FFF7C3FFCB79C37155
:10D9F0008B7B83724B890381002008BD6FF015007B
:10DA0000FBE70368D90444BF43F480630360036801
:10DA10009A0444BF43F400630360704701F120039C
:10DA2000013813F8012D8B4200F8012FF9D170470E
:10DA300000230B60436813B9C0E9001170471960F7
:10DA400041607047D0F8B400003818BF012070471B
:10DA50000846896918301160426800211A6010F880
:10DA60000D2C05F0C0BCD0E8AF0F70472438E7F7A5
:10DA700093BC002203680BB9184670478B4210D143
:10DA80000B6842B942680360914200D143600023B1
:10DA900001200B60704713604368994208BF4260E1
:10DAA000F5E71A461B68E6E7437B072B01D1E7F74A
:10DAB000A3BC704710B50446006918B1E3F722FE15
:10DAC0000023236110BD034610B500F1CC021046BF
:10DAD000FFF7C9FF60B1411CD2E8EF4F844204D187
:10DAE000C2E8EC1FBCF1000FF6D1F0D1184610BD12
:10DAF0000346FBE72DE9F04106460D461746002494
:10DB00004FF0D008AC4201D1002015E008FB0460C2
:10DB1000FFF7D9FF40B1437B8278022B0ED005D8A6
:10DB2000012B06D0E7F760FE0134EBE7073B012B42
:10DB3000F8D80388BB42F5D1BDE8F081082AF0E7A8
:10DB400010B5437B0446023B062B19D8DFE803F0EF
:10DB50000B041818180E0900017300212046E7F77E
:10DB600069FE002010BD8378082BFAD12088FFF7CA
:10DB700029FC0028F6D1637B072BF2D10821EDE7C1
:10DB80006FF07F00EEE710B50446D0F89C0028B98E
:10DB9000207A04F17001ECF71FFB38B1E278C389F9
:10DBA0002AB913F0210F14BF0120002010BD13F07B
:10DBB000240FF8E738B5037A04468B42154615D191
:10DBC00000F170010722284605F09CFA80B1E37845
:10DBD000072243B904F17E01284605F093FAB0FA12
:10DBE00080F0400938BD04F17701F5E70020F9E73E
:10DBF0000120F7E720B18378194214BF01200020EB
:10DC0000704708B503210246FFF7F4FF28B1D07A28
:10DC100018B1D2F89C0000B1007B08BD10B50A46CF
:10DC200003210446FFF7E6FF48B3637B072B29D1A6
:10DC300002F07F0312060FD5221DD2E8EF0F40F449
:10DC40000040C2E8E10F0029F7D12046A372EBF7AC
:10DC500029FD88B9002010BD627A9A42FAD2A27AD0
:10DC60009A42F7D2221DD2E8EF0F20F40040C2E81A
:10DC7000E10F0029E9D0F6E7637AA372EBE76FF0D2
:10DC80001500E8E76FF07F00E5E708B503210246DD
:10DC9000FFF7B0FF00B1507A08BD08B50121024678
:10DCA000FFF7A8FF08B102F1700008BD10B50C46DF
:10DCB00003210246FFF79EFF10B96FF0150010BD5B
:10DCC000101DFFF7D0FEC3030BD5002093786070C2
:10DCD00023706080A0809378012BEED19432A260F3
:10DCE000EDE76FF00F00EAE7F8B507460D464FF095
:10DCF000FF304FF0FF31E4F715FB0646D0B10E219F
:10DD00000C30FFF720F904460E22002105F06BFBD2
:10DD10003B88314623802B88002263806B8842F247
:10DD20001300A380AB88E380EB882381BDE8F84033
:10DD3000E4F7EEBE6FF06800F8BD7047704701224F
:10DD400010B400F14C03D3E8EF1FC3E8E42F002C1C
:10DD5000F9D141B9034653F8482B8164D2F8B81081
:10DD600031B9C2E92D3300685DF8044BE7F7A4BC74
:10DD70000B60C2F8B830F6E710B50368D3F8B420EA
:10DD800042B1D3F8B8401168A242C3F8B41008BF3A
:10DD9000C3F8B81000234C30D0E8EF2FC0E8E13FC3
:10DDA0000029F9D110BD70B50446D0E900354BB358
:10DDB0000021D3F8B42048306AB1904234D1A26C2B
:10DDC00051BBD3F8B810C3F8B420884201D1C3F8CE
:10DDD000B8200023A364002204F14C03D3E8EF1F12
:10DDE000C3E8E02F0028F9D104F130060022002317
:10DDF0003046F8F715FBD0B96B680BB12046984751
:10DE000000232360E3680BB1204698472B6A8BB14F
:10DE10002046BDE8704018470A60D3F8B820904209
:10DE200008BFC3F8B810D4E711461268C4E7E3F797
:10DE300069FCDBE770BD38B5406B30B150F808497C
:10DE400004B1083CFFF7AFFF04B938BDA5682DB198
:10DE50002046083DFFF7A7FF2C46F7E72046BDE820
:10DE60003840FFF7A0BF38B5436B0D46BBB118462D
:10DE700050F8084904B1083C53F8043C9B680BB1C6
:10DE8000294698475CB12046A468436824B19B6842
:10DE9000083C002BF4D1F6E79B68002BF0D138BD8D
:10DEA000F8B50F4600210546164600234FF22442DE
:10DEB0000846E8F7B3FA044620B92846BDE8F8401A
:10DEC000E8F72CBA04210C30FFF73DF805704770D5
:10DED00046802046F8BD406B28B1838B08388B42C2
:10DEE00001D08068F8E7704710B54AB989B2FFF7EA
:10DEF000F2FF28B143689B6913B1BDE81040184791
:10DF000010BD38B50D460521FFF7E5FF0023294672
:10DF10001A46E8F79DFA044610B12846E3F7F2FBEB
:10DF2000204638BD406B28B1838908388B4201D028
:10DF30008068F8E7704770470346006828B1596861
:10DF4000026888421A6008BF5A6070470346002082
:10DF500003B970471A8A5B681044F9E710B5D468B2
:10DF60000231237813B92170012010BD8B42FBD000
:10DF7000038A023B038200201061F6E70620704707
:10DF8000FEF734BE73B51446014605464FF495724C
:10DF9000206800F061FE207500BB237A2068ABB1D9
:10DFA000A3F11802534253419B000193638A29460F
:10DFB0000093AE68238AE268B047002808DB238A12
:10DFC00098420ED100230120237508E00223ECE7DC
:10DFD00010F1FF0F05D34042C0B22075002002B0FF
:10DFE00070BD0E20F9E71FB5CDE9012300231A46C5
:10DFF0000093E9F76BFF05B05DF804FBF8B5936893
:10E0000005460F461446166863B9506801210C3066
:10E01000FEF799FFA0602B681B78002B14BF02232A
:10E0200001230370A3681B78012B03D0022B1FD0A0
:10E0300000201CE02B681B78002BF9D160680421BC
:10E040000C30FEF780FFE06007802A68E3685288A2
:10E050005A806168728D738B088A9A4294BFC0EBB4
:10E060000200C0EB0300042894BF00200120F8BD8B
:10E070002B681B78022BDBD1606812210C30FEF775
:10E0800062FFE06007802B68E268591C023211339E
:10E0900051F8040B994242F8040BF9D16168728D72
:10E0A000738B088A9A4294BFC0EB0200C0EB030056
:10E0B0001228D9E770B405686A6A52B3136803B1CD
:10E0C000A83BA2F1A8040022114600E0A83B84422C
:10E0D00007D0668D648BB14238BF3146A24238BF4B
:10E0E00022461C462BB1D3F8A830002BEED1844237
:10E0F000EFD1438D408B8B4201D890420BD98242A5
:10E1000038BF02469942286838BF194670BCEAF702
:10E11000DFBC1146EDE770BC7047D068043103786E
:10E1200013B90170012070478B42FBD00020916829
:10E130000B8A043B0B82106170472DE9F04F0446B7
:10E1400085B0104690469946FFF700FF638B628DBD
:10E150008B46934228BF1346834240F29380636804
:10E1600040460393FEF7B3FE4FF0000A06464046D2
:10E17000FFF7ECFE628B638D06F10C079A4294BFA9
:10E18000C0EB0205C0EB03053846FEF761FF854290
:10E1900017D24046FFF7DAFE628B638D9A4294BF36
:10E1A000C0EB0205C0EB03058DBB98F80A00E3F74E
:10E1B00001FA00220023FEF757FE064630B9574603
:10E1C00036E03846FEF744FF0546EDE70146404697
:10E1D000FEF78EFE4046FFF7B9FE628D638B06F1B7
:10E1E0000C079A4294BFC0EB0205C0EB030538460A
:10E1F000FEF72EFF85421FD24046FFF7A7FE628D35
:10E20000638B9A4294BFC0EB0205C0EB0305F16833
:10E21000328ACDF80090DBF804700A44039859461E
:10E22000ABB2B847071E0CDABAF1000F18BF574659
:10E23000384605B0BDE8F08F3846FEF709FF0546C1
:10E24000E5E70E9BB3B9394606F10C00FEF77BFEFD
:10E250004046FFF77BFE638D628BB944934228BF33
:10E2600013468342BA441FFA89F9A8D9AF423FF452
:10E270007EAFA4E7394630460F9A0E9B9847002898
:10E28000E1D19CE70027D3E70022036803B9704778
:10E290008B420FD10B683AB942680360914200D1BA
:10E2A000436000230B60704713604368994208BFC6
:10E2B0004260F6E71A461B68E8E706207047D0E898
:10E2C000EF3F43F00802C0E8E12F0029F7D1C3F384
:10E2D000C000704773B50023054616681446706881
:10E2E00029461373952200F0B7FC207380B9CDE95D
:10E2F000000029463046A388A268FFF71EFF0028C9
:10E3000009DA10F1FF0F32BF0E204042C0B2207375
:10E31000002002B070BD0120FBE72DE9F34100238E
:10E32000074616681446706839461373952200F044
:10E3300093FC0546207308BBA068718D728B038A1D
:10E34000914294BFC3EB0103C3EB0203012B15DD24
:10E3500002210C30FEF7F7FDCDE900558046A38879
:10E3600039463046A268FFF7E8FE031E0ADA13F1C9
:10E37000FF0F32BF0E235B42DBB22373002002B0DB
:10E38000BDE8F0810120A8F80030F8E72DE9F04160
:10E3900004468868FFF7DAFD638D628B0D46934271
:10E3A00028BF134683421DD30027E165D1F80880BA
:10E3B0008F60F8F78DFD41462046E8F79DFC064644
:10E3C00038B1C5F80880E765F8F796FD3046BDE836
:10E3D000F081618D638B2846994228BF194600F071
:10E3E000ADFCF1E76FF07906F0E738B50546D1E806
:10E3F000AF3FDB0716D550F8040C98B1AB6D8BB965
:10E400000430FFF799FD044660B10146281FFFF76D
:10E41000BDFF38B155F8043C5A6822609A685C60C8
:10E4200002B99C6038BD2DE9F041446A074634B317
:10E4300054F8A86906B1A83E002307F104081D4658
:10E4400001E034461646E26D92B905B983B94046FB
:10E45000FFF772FD054650B101462046FFF796FFD3
:10E4600068B17B682B60BB687D6003B9BD602346E3
:10E470002EB1D6F8A820002AE3D0A83AE1E7BDE8FB
:10E48000F08170B504460E46002200230846F7F7D7
:10E49000C7FF054658B101462046E8F72DFC044663
:10E4A00018B12946304602F030FB204670BD6FF0AF
:10E4B0000104FAE7F8B5054650F8044C071F00F1CF
:10E4C0005403D3E8EF1F21F00401C3E8E21F002A40
:10E4D000F7D1FCB1AB6D83B9636873B1201DFFF751
:10E4E0002BFD064601463846FFF750FF90B16368A2
:10E4F0003360A368666003B9A660384605F15C0125
:10E50000FFF7BFFF30B1384604F10C01BDE8F84019
:10E51000FFF7B7BFF8BD38B504460D46E8F7ECFB8A
:10E5200030B1294604F16000BDE8384002F0E2BA9B
:10E5300038BD2DE9F04188461746012104220546E1
:10E540001E46E8F7C9FA044670B104210C30FEF704
:10E55000FAFC80F80080A0F80170C67021462846B9
:10E56000BDE8F041FFF7D7BFBDE8F08137B50C46F5
:10E57000054601F10C00FEF749FD228A034601928F
:10E58000E2681221009228461322E8F70FFD03B03B
:10E5900030BD37B50C46054601F10C00FEF736FDDF
:10E5A000228A03460192E268284600920022114620
:10E5B000E8F7FCFC03B030BD07B5CA680C2113882E
:10E5C000528800920D22E8F7EDFE03B05DF804FBDF
:10E5D00007B50022CB680A211B8800920B22E8F7BE
:10E5E000E1FE03B05DF804FB2DE9F041CB68054680
:10E5F0001F88BBB2162B1BD90321E8F78FFD0646F7
:10E60000C0B102210C30FEF79EFC00244FF04108FF
:10E61000314680F8008044702846FFF77CFF28468A
:10E62000A5F81A806F85FFF745FD2046BDE8F0810B
:10E630000420FBE70E20F9E7E9F7F4BB08B5E8F79B
:10E6400015FD08B3426A02B3136803B1A83B32F860
:10E650008E0C32F87E2C904228BF104643B913E04E
:10E66000934228BF1346984238BF1846A1F1A80329
:10E67000D3F8A8105A8B5B8D0029F1D19A4228BF9C
:10E680001A46904238BF104608BD1046FCE70A8A79
:10E690000023C968E9F72CB870B5054650F8043C6A
:10E6A000044655F80469002B32D031B1836D7BB339
:10E6B0001B7CDA072CD505231DE03046EAF71CFA4F
:10E6C000737A012B24D0A46D14B3237CDB071FD5F0
:10E6D000E368002BEFD028466269617CE8F7FCF91B
:10E6E000064638B1D4E90512E368984750B1304680
:10E6F000E3F708F80E2300222846BDE870401146D3
:10E70000E8F7F6BF31462846E8F7F6FA0028EED1DA
:10E7100070BD70B50E46E8F7A9FC044628B930462E
:10E72000E2F7F0FF6FF07F0070BD00F10C052846A6
:10E73000314602F0DFF9606A38B150F8A84904B1F7
:10E74000A83C2946FFF79DFE20B90020ECE71C46B7
:10E750006FF00100002CF8D0D4F8A83023B90230B3
:10E76000F5D020461C46ECE7A83BF8E738B505464F
:10E770000C46F8F7ADFB2846E8F778FC20B9F8F727
:10E78000BBFB6FF07F0038BD0023236083683BB97B
:10E79000C0E90144FFF747FEF8F7AEFB0020F2E7BF
:10E7A0001C608460F6E70120704708B5E8F75EFC5E
:10E7B00078B1436A6BB1A83B03F15802D2E8EF0F7E
:10E7C00020F00800C2E8E10F0029F7D1D3F8A83003
:10E7D000F0E708BD08B50421FFF7A4FB20B15430D1
:10E7E000D0E8AF0FC0F3C00008BD10600020704734
:10E7F00010B5029CA36833B1B1F5807F28BF0E210C
:10E80000CAB221469847A37DE268013BDBB2A375FB
:10E8100022B11BB92046BDE81040104710BD106062
:10E82000918000207047FEF7EAB9F0B50768064608
:10E830003D78144689B0E5B97B88B3F5245F04D0F0
:10E8400011D8A3F52053032B13D8ADF80A100222D8
:10E8500020460DF10A01E9F74BF870B16FF015028F
:10E86000C4F8102206E003F55643FF339BB2042B95
:10E870001DD90125284609B0F0BD7B88022220461B
:10E880000DF10A01ADF80A30E9F732F80028E5D1B8
:10E89000009003AA132331467768B847021EDFDBD6
:10E8A00003A92046E9F724F80028E2D0D6E7ADF81E
:10E8B0000A10022220460DF10A01E9F719F8002892
:10E8C000CCD17B880222ADF80A300DF10A01E8E7CD
:10E8D000072208B504F016FCB0FA80F0400908BD24
:10E8E000D0E8AF0F7047012310B503FA01F1D0E86B
:10E8F000EF3F43EA0102C0E8E42F002CF7D11942B0
:10E9000014BF0120002010BDFEF770B90B68036032
:10E910008B8883808B7983717047034610B5D3E869
:10E92000EF0F00EA0102C3E8E42F002CF7D110BD7D
:10E93000F8B599420446DDE906070D46089E01D95F
:10E940000020F8BD914201D20120FAE760B98FB9E9
:10E9500033882946013B33802046099B0A9A984711
:10E960003388002BEDD1EBE72168FEF7AAFB0028E6
:10E97000EDD0E9E7E368BB42E6D1E9E770B50D46C3
:10E98000064611F8010BE7F723FB044610B12C896A
:10E99000E6F72AFFA87A05F10B01E7F719FB28B182
:10E9A0006B8A9C4238BF1C46E6F71EFFAB8AA34227
:10E9B00007D0AB69AC8223B121463046BDE8704038
:10E9C000184770BD38B5BDF810401546944211D3B4
:10E9D00074B123B92046BDE83840E9F75BB8A21A04
:10E9E0008A42A8BF0A4694B22246591904F0D4FCC0
:10E9F000204638BD6FF00600FBE730B585B0C9682A
:10EA000014461D46E8F7D4FF00B100890223ADF893
:10EA10000E00009329462046BDF820200DF10E037C
:10EA2000FFF7D0FF05B030BD1FB50C461946E368AF
:10EA300010461C78BDF818203CB110240133069410
:10EA400004B0BDE81040FFF7BDBF5B88ADF80E30E5
:10EA5000022300930DF10E03FFF7B4FF04B010BDC5
:10EA600030B51D46002385B014468DF80C30E8F70C
:10EA700051FF10B1037A8DF80C3001232946009321
:10EA80002046BDF8202003ABFFF79CFF05B030BD4A
:10EA90002DE9F04114461D46BDF81870E3F782FEDB
:10EAA0000646DEF78AFC80B2069033463A4629468F
:10EAB0002046BDE8F041FFF785BF30B585B014466C
:10EAC0001D46FEF758FC0223ADF80E0000932946C0
:10EAD0002046BDF820200DF10E03FFF773FF05B0AF
:10EAE00030BD10600020704770B500F1700605461B
:10EAF0003146007AFEF741FC04463146287A3CB1A3
:10EB0000E8F736FF18B1002303604360836070BDEF
:10EB1000E8F72EFF0028FAD0046044608460F6E72E
:10EB2000022A10B508D1002300F170011A46007ABC
:10EB3000E8F762FF022010BDFFF7D6FFFAE738B50D
:10EB400004461546FFF72FFE50B12046E8F7E2FED7
:10EB500030B1037ADB0703D500210C30FFF7C3FE89
:10EB600035B9207A04F17001E8F702FF00B1856041
:10EB700038BD38B5BDF81010BDF8184010468C42AD
:10EB80001A46059D11D374B125B92046BDE8384019
:10EB9000E8F780BF631A9A42A8BF1A4694B2224689
:10EBA000294404F0F9FB204638BD6FF00600FBE76E
:10EBB00013B5044610B9002002B010BD00238DF833
:10EBC000043042F60303006801A9ADF80630FEF7F1
:10EBD00078FA0028EFD1E36898880028ECD1204625
:10EBE000E9F744F9013080B2E6E770B5CC681E461B
:10EBF000A37988B008468DF80C301546FFF7D8FF8A
:10EC0000ADF80D00246823786BB96388ADF80F3038
:10EC10000523009331462846BDF8302003ABFFF7AB
:10EC2000D1FE08B070BD631C0DF10F02113453F812
:10EC3000041BA34242F8041BF9D11323E9E71FB5D3
:10EC4000CDE9012300231A460093E9F73FF905B007
:10EC50005DF804FBFFF7F2BC38B54C8AD3070546D4
:10EC6000C4F30E0404D514F0950F2AD04B6843B3B7
:10EC7000900704D514F4957F25D08B681BB31440FE
:10EC800014F4DE7F0DD0EB7A2BB92846FEF77BFF1C
:10EC9000D8B9052038BD14F0300F04D114F4C07F6A
:10ECA00007D10020F6E72846FEF7EFFF0228F5D847
:10ECB000EFE7D5F89C30002BEBD05B7BDB06E8D58B
:10ECC000EFE70220E6E70320E4E70F20E2E7F8B5EC
:10ECD00006460F46E8F71EFED0B1037ADB0717D5CC
:10ECE00000F10C042046FFF7FBFD10F001050FD1E9
:10ECF0007FB16FF002012046FFF70FFE10F0020710
:10ED0000304608D0FFF751FD29462046FFF7EBFDBE
:10ED100001252846F8BDFFF746FD0028F9D030460A
:10ED2000FFF758FD0028F4D06FF002012046FFF7EE
:10ED3000F4FD3046FFF739FD3946E6E77047072016
:10ED40007047FDF753BFD0E8AF0F084100F0010056
:10ED50007047034610B5D9B1C88910F0240F17D0F9
:10ED60001A7D5C7B097BA24228BF2246914201D9D1
:10ED7000002010BD820604D4187A003818BF012084
:10ED8000F7E70521181DFFF7DEFF0028F4D1EFE7B4
:10ED90000120EEE701238B40DB43D0E8EF2F1A4040
:10EDA000C0E8E12F0029F8D17047FDF728BF08B56A
:10EDB0000621FFF7B7F818B9BDE80840E9F726BF04
:10EDC000EC3808BD0720704701238B40D0E8EF2FB7
:10EDD0001A43C0E8E12F0029F8D1704708B50E2189
:10EDE000FFF7F2FF002008BD38B504210446E9F71B
:10EDF00083FF054698B110210C30FEF7A4F804F10A
:10EE0000270304F1370253F8041B934240F8041B14
:10EE1000F9D120462946E9F717FF002038BD082020
:10EE2000FCE770B5D0F8EC300446DB78012B19D143
:10EE3000CD68061D10213046FFF7ACFF2B4604F1CC
:10EE4000B70205F1100153F8040B8B4242F8040B92
:10EE5000F9D107213046FFF776FF28B10921304666
:10EE6000FFF7B2FF002070BD0A213046FFF76BFFAD
:10EE70000028F3D12046BDE87040EAF71BB8072010
:10EE800070470720704707207047012303FA01F1FC
:10EE9000CA4330B5D0E8EF3F03EA0204C0E8E54FCB
:10EEA000002DF7D1194214BF0120002030BD70B5EC
:10EEB00000F1700604460D4607223046096804F04A
:10EEC00021F940B96B681A6822679A88A4F87420FF
:10EED0009B7984F8763070BD38B504460025031D53
:10EEE000D3E8EF2FC3E8E15F0029F9D104F5A07062
:10EEF00001F0F7FE2572D4E8EF3FC4E8E25F002A94
:10EF0000F9D12046BDE838400121FFF75DBF2DE96A
:10EF1000F84FDDF82C80044692461F46BDF8289035
:10EF2000FFF745FF054600285AD0061DB9F1000F2E
:10EF300027D15AEA070324D103213046FFF703FF04
:10EF4000D0B301213046FFF7FEFEA8B32C7D6B7BCA
:10EF500005F147019C4228BF1C462246404604F06A
:10EF60001BFA0F2C06D80021C4F1100208EB040094
:10EF700004F039FA30460121FFF726FF0120BDE8F1
:10EF8000F88FD4F89C30F3B904F1700B5A46202066
:10EF9000217AEBF7C5F8C4F89C0030B95A46012035
:10EFA000217AEBF7BDF8C4F89C00B9F1000F0AD143
:10EFB0005AEA070704D006E0D4F89C30002BE3D0CF
:10EFC000D4F89C1071B90F213046FFF7BCFE20B178
:10EFD000022206212046E6F7A7FF2846FFF77CFF1E
:10EFE0000020CCE7CB899B06EDD50C7B1A3122465D
:10EFF000B4E76FF08500704770B504460820E9F764
:10F00000BBFD0546E0B1061D08213046FFF7C2FEF4
:10F01000BCB30721FFF7BEFE234605F1970204F1BA
:10F02000200153F8040B8B4242F8040BF9D10A215A
:10F030003046FFF788FE70B109213046FFF7C4FE65
:10F040000720E9F799FD0446E8B1E9F71BFE014600
:10F05000C8B1204612E010213046FFF774FE0921A6
:10F060000028EAD13046FFF76EFE0028E8D0284697
:10F07000E9F720FF01460028E2D02846EAF76CFCB9
:10F08000DEE70B21F9E770BD70B50446A0F1EC0690
:10F0900050F8543BE83CD3F89C5001F022FE032189
:10F0A0002046FFF750FEA0B108213046EAF7BEFB2C
:10F0B0003DB1EB8913B16B7B9B0702D5284600F06D
:10F0C00029F83046BDE870404FF4BC72002104F0CE
:10F0D0008AB901212046FFF736FE0028E4D10F212E
:10F0E0002046FFF730FE0028DED1E1E770B5044688
:10F0F0000D461646EBF714F838B931462846EAF7BC
:10F10000B7FF10B1C3891C43C48170BDC3891943C3
:10F11000C181704710B5037A04465B0701D5E4F757
:10F12000D9FA2046BDE810404022002104F05BB926
:10F13000002111601960704700207047002070475F
:10F14000FDF754BD70B504460D462068903000228E
:10F150000023F7F765F960B9207301212068E6F70D
:10F1600069FB63685B683BB129462046BDE8704097
:10F170001847E2F7C7FAE8E770BDF8B50468064635
:10F18000DCB1256805B1103D0027103C01E02C469C
:10F190001D46206810B1E6F727FB276023467168FB
:10F1A00053F8102F9942326008BF7260276125B171
:10F1B0002B69002BEBD0103BE9E73046BDE8F84067
:10F1C0001022002104F00FB937B5044620B96FF0C2
:10F1D0001505284603B030BD00F10C03D3E8AF3F5E
:10F1E000DB07F4D5037A002BF1D00368B3B353F8EF
:10F1F000103C93F87C30042BE9D14FF0FF304FF0F6
:10F20000FF31E3F78FF8054610B96FF06805E0E7C6
:10F2100001210C30FDF797FE637A2946037001AA9D
:10F2200042F26C00E3F774FC05460028D1D1019846
:10F23000C3681A781AB95A78637A9A4204D0E2F706
:10F2400061FA6FF00405C4E7E2F75CFA2046162184
:10F25000EBF74EF82046FFF790FFBAE71B68FFDE9A
:10F2600000B589B06946E6F727FF00280CDB9DF85A
:10F270001F309B070AD09DF81E30102B34BF0C2086
:10F28000002009B05DF804FB0E20FAE70520F8E73E
:10F29000034648781A7890424FF0010006D1087072
:10F2A00000205A788A705B684A68136070472DE9BD
:10F2B000F3470F4690469946064628B322B30025E9
:10F2C000AF4201D800201CE0745D63199F421BD33C
:10F2D000D4B105F1020A35446B78013CE4B28DF8F3
:10F2E00000308DF801400CB106EB0A04494668462F
:10F2F0000194C04718B19DF801505544E0E76FF004
:10F300008B0002B0BDE8F0876FF01500F9E72DE93A
:10F31000F047D1F80C801F46D8F8003004460D465F
:10F320001646BDF8209093B128B1FFF799FF10B1B0
:10F330004042BDE8F087CDF82090D8F800E03B4689
:10F34000324629462046F446BDE8F04760476FF054
:10F350000100EEE72DE9F047D1F80C801F46D8F800
:10F36000043004460D461646BDF820909DF824A0B2
:10F3700093B128B1FFF774FF10B14042BDE8F087A8
:10F38000CDE9089AD8F804E03B46324629462046A3
:10F39000F446BDE8F04760476FF00200EEE708B5BD
:10F3A00008B9022008BDFFF75BFF0028F9D04042F2
:10F3B000F8E708B530B1FFF74DFC032838BF03204C
:10F3C000033880B208BD704710B50A68036810782A
:10F3D0009C7884420CD19C88B2F80100844207D109
:10F3E000D888B2F80320904202D100204B6010BDB3
:10F3F0000120FCE7D0E8AF0F70472DE9F0414C68E1
:10F40000056820460F46FDF71FFE06462046B4F865
:10F410000480FDF71DFE042836D905212046FDF79E
:10F4200092FDAB780370AB88A0F80130EB88A0F8B0
:10F4300003302046FDF70CFEA9684B1C984223D3ED
:10F44000C9B22046FDF78EFD05F10C01AA682046E1
:10F45000FDF77FFD2046FDF7FBFDD5F8C0104B1CE6
:10F46000984211D3C9B22046FDF77CFDD5F8C020E3
:10F47000204605F1C401FDF76CFD01203A681378C0
:10F4800001331370BDE8F081A368002013FA86F6FB
:10F490002660A4F80480F5E7034610B5D3E8EF0F23
:10F4A00040EA0102C3E8E42F002CF7D110BD70B58B
:10F4B0000D46164640B1041F31462046A84718B1F4
:10F4C00064680CB1043CF7E770BDD0E8EF3F0B4037
:10F4D000C0E8E23F002AF8D1704708B519B9BDE885
:10F4E0000840EBF747BCEBF74DFB20B1BDE8084007
:10F4F0000068FFF7DCBF08BDF0B50D4687B00121FD
:10F500001F4604461646EBF779FD0221ADF81400BC
:10F510002046EBF773FD0423029305AB0193BDF87E
:10F520003030ADF81600009332463B46294620465F
:10F53000FFF71FFB07B0F0BD0B8903804B79837089
:10F540008B79C370704770B50C4615461E4620B1C6
:10F550000B6813B9FEF7B7FA2060C4E90156AC6036
:10F5600070BD18B1406808B1D0F8C400704701619F
:10F5700070472DE9F74F1E460546174600238B4678
:10F580008188994214D8EA88B31C0B449A4267D305
:10F59000711CC9B22846FDF7E5FC59462846FDF71F
:10F5A000E1FCEEB1324639462846FDF7D2FC17E0C1
:10F5B0002C68581C80B2E25C03F1020C04EB030AD5
:10F5C000235C013A5B451FFA8CFCD2B245D1B242B2
:10F5D00004EB0C0308D132463946184603F0DCFE32
:10F5E000A88803B0BDE8F08F04EB010CB01A1A44F0
:10F5F00062451CBF141B0C1B1FFA80FB00B217BF17
:10F600009046002403EB0609E4B2002813DA3246E0
:10F610003946184603F0C0FE24B12246414648460A
:10F6200003F0C7FEAB885B44AB809AF800305B44C4
:10F630008AF80030D4E7EA885944914210DC34B1AA
:10F64000224641464846019303F0B3FE019B3246F1
:10F650003946184603F0A0FEE4E7624493B290E70F
:10F660006FF00B00BDE7134630B12AB10A460C30EB
:10F6700050F8041CEBF74EBA6FF0150070477FB5D9
:10F680000446A0B19AB15D1EFE2D10D80C30039037
:10F6900001904020ADF80A00A068ADF8080001A86C
:10F6A000FFF767FF002800DBA06004B070BD6FF0BB
:10F6B0001500FAE707B5A0B1012101AAFFF7D3FFB2
:10F6C000019BC0B283B1012811D11A781046EBF723
:10F6D00061FD0028ACBF10466FF04C0003B05DF830
:10F6E00004FB6FF01500F9E76FF03C00F6E76FF0F0
:10F6F0004C00F3E7002373B50C46164605460B6035
:10F7000090B1032101AAFFF7AEFF019B3BB976B18F
:10F71000AA78062A0BD10020236002B070BDC0B2C7
:10F72000042807D11B68F6E76FF01500F5E76FF0C6
:10F730003C00F2E76FF04C00EFE7D0E8EF3F013B11
:10F74000C0E8E23F002AF8D1704710B500F1B402DA
:10F75000D2E8AF3F5BB1591CD2E8EF4F9C4204D1D5
:10F76000C2E8EC1FBCF1000FF6D1F1D110BD184674
:10F77000FCE7B430FFF7E1BF00F11403836000F150
:10F780002403436100F170034160836170470B788B
:10F7900010B5012B0CBF00F11C0300F16803596088
:10F7A0000C46FFF7D2FFC4F8C40010BD10B500240A
:10F7B0000B78012B0CBF1C3068304460D1F8C400BA
:10F7C000B430FFF7BAFFC1F8C44010BD0378012080
:10F7D0000A68013B00FA03F31A430A60704710B548
:10F7E000838804460BB9002010BDFDF707FCA388F1
:10F7F00001468342F7D32046FDF7F8FB0120F3E7EB
:10F8000070B506460D46FDF7F9FB04460146304645
:10F810001DB9FDF7EBFB204670BDFDF7E7FB286047
:10F82000F9E7F8B505460C46FDF7E8FB074628461C
:10F83000FDF7ECFB06462846FDF7E8FB14B1277000
:10F840006680A080F8BD2DE9FF41014600283BD02D
:10F85000FC2201A8FDF766FB01A8FDF7DFFB01A86C
:10F86000FDF7CCFB4FF00008064604245FFA88F34E
:10F870009E4203D8204604B0BDE8F08101A8FDF700
:10F88000BDFB0021074601A8FFF7CBFF002101A81F
:10F89000FFF7B6FF0546002101A8FFF7B1FF0834C6
:10F8A0002C4400250444EBB29F4202D808F1010821
:10F8B000DCE701A8FDF7A2FB002101A8FFF7A0FFEC
:10F8C000831C1C440135EEE76FF01500D3E71FB52C
:10F8D000014650B104220DEB0200FDF723FB01A805
:10F8E000FDF79CFB05B05DF804FB6FF01500F9E730
:10F8F0001FB5014660B1FC2201A8FDF713FB01A86A
:10F90000FDF78CFB01A8FDF779FB05B05DF804FB62
:10F910006FF01500F9E72DE9F0430D461746014653
:10F9200085B000283CD0002D3AD0FC2201A8FDF77C
:10F93000F9FA01A8FDF772FB01A8FDF75FFB0026AD
:10F940000446F3B29C4203D8002005B0BDE8F08322
:10F9500039460198A84730B3012C01D10136F0E7B0
:10F9600001A8FDF74BFB0021804601A8FFF759FFD6
:10F97000002101A8FFF744FF002101A8FFF740FF85
:10F980004FF000095FFA89F39845E7D901A8FDF720
:10F9900035FB002101A8FFF733FF09F10109F1E769
:10F9A0006FF01500D1E76FF08B00CEE71FB50C4666
:10F9B0000146A8B1A4B1F82201A8FDF7B3FA01A845
:10F9C000FDF71CFB002101A8FFF72BFF002101A878
:10F9D000FFF716FF214601A8FFF712FF04B010BD84
:10F9E0006FF01500FAE710B50C4686B00146002806
:10F9F00035D0002C33D0F82203A8FDF793FA03A8E2
:10FA0000FDF7FCFA01A903A8FFF70BFF9DF80430EE
:10FA10006946A370BDF8063003A8A380BDF808307E
:10FA2000E380FFF7EDFE4028024603D96FF00B009C
:10FA300006B010BD0099A06004F10C0003F0ACFC0E
:10FA4000694603A8FFF7DCFE40280246EED8E064D2
:10FA5000009904F1500003F09FFC0020E8E76FF0EC
:10FA60001500E5E71FB5014648B101A8F822FDF7EA
:10FA700059FA01A8FDF7C2FA05B05DF804FB6FF072
:10FA80001500F9E7F0B50C461746014687B078B384
:10FA900074B3F82203A8FDF745FA03A8FDF7AEFA00
:10FAA0000021054603A8FFF7BCFE002103A8FFF7CD
:10FAB000A7FE002103A8FFF7A3FE0026F3B29D4294
:10FAC00001D8002012E003A8FDF798FA02A98DF8EA
:10FAD000040003A8FFF794FE39468DF8050001A83D
:10FAE000A04701360028E9D16FF08B0007B0F0BDC8
:10FAF0006FF01500FAE708B50B4660B159B14278CE
:10FB0000402A0BD88A604278416803F10C0003F068
:10FB100043FC002008BD6FF01500FBE76FF00B0001
:10FB2000F8E718B9B1FA81F040097047D0F86832A7
:10FB3000002BF7D053F81C2C203B12B112798A42CB
:10FB400004D11B6A002BF5D10120704700207047BB
:10FB5000037801200A68013B00FA03F31A430A60A4
:10FB6000704730B585B00546084601A9FDF736FF58
:10FB7000044668B9072201A9681C03F0C3FA48B912
:10FB8000287A9DF80B30C31A5842584105B030BD51
:10FB90000020FBE72046F9E710B5044608466378E5
:10FBA00062682178FFF76BFDC043C00F10BD10B530
:10FBB0000C46FFF757FF0028A9BF237800201B1829
:10FBC0002370A8BF012010BD0023E0F7C3BAF8B529
:10FBD000D0F8684205462CB3266806B1203E0027BF
:10FBE000203C01E034461E46616831B1D1F8C400C2
:10FBF000FFF7DCFD63689F6067602346C4E9027716
:10FC0000A76153F8202FD5F86C12C5F868229942E5
:10FC100008BFC5F86C22276226B1336A002BE1D0F9
:10FC2000203BDFE700236B70EB60F8BD10B5437835
:10FC300004460BB1FFF7CBFF2046BDE810404FF460
:10FC40001D72002103F0CFBBD0E8AF0F084100F0D8
:10FC50000100704708B50B460246052103F51C70EC
:10FC6000FFF7F2FF20B19B7812789B1A5842584157
:10FC700008BD10B5044658B1D0F868325BB1002118
:10FC8000FFF74FFF50B9A06ABDE81040FFF79CBADC
:10FC90006FF0150010BD6FF07700FBE76FF04C00C0
:10FCA000F8E710B5044640B10021FFF73AFF38B13C
:10FCB0002046FFF7BBFF002010BD6FF01500FBE7EB
:10FCC0006FF04C00F8E7704738B50C46D1E90131C8
:10FCD0000546984700B1256038BD70B588B0064626
:10FCE0000D46E5F7E7FE694604463046E6F7E4F9D7
:10FCF0009DF81C30022B12D1012230462968E8F70A
:10FD0000F5FA60B1281990F8EC30002243F00103B5
:10FD100080F8EC30002305F1F000F6F735FE08B06E
:10FD200070BDF6F7B5BA48B119B9421C08D1012027
:10FD30007047431CFBD010EA010304D0013102D00C
:10FD4000C043C00F704700207047F6F719BBF8B5E5
:10FD50000E46ECF707FA0446E8B100F1D80740F286
:10FD60001B6200233846FFF7DCFF0546B0B9637C11
:10FD7000B34204D13846FFF7E8FF2846F8BD2046D5
:10FD80006674ECF7FDF93846FFF7DFFF2146284699
:10FD9000ECF7CCF9F1E76FF01505EEE76FF00F0522
:10FDA000EBE77FB501228DF807000DF1070103A8ED
:10FDB000FDF7B8F803A90020ECF7E8FB002818BF0E
:10FDC0006FF0150007B05DF804FB531E19440244A0
:10FDD00011F8013900F8013B9042F9D1704710B594
:10FDE000431E00F11002073013F8011F12F8014DF5
:10FDF00083421C701170F7D110BDF0B50E46144649
:10FE00001D4697B00146202205A81C9FFFF7DDFF85
:10FE1000202231460DA8FFF7D8FF2146102201A865
:10FE20008DF85450FFF7D1FF3B46412205A901A8A8
:10FE3000EDF7A2F9044610B93846FFF7D0FF204687
:10FE400017B0F0BD2DE9F04316461D4697B00446A5
:10FE5000DDE91F98102205A8219FFFF7B6FF1022A9
:10FE6000314609A8FFF7B1FF102229460DA8FFF778
:10FE7000ACFF03221E9911A8FFF7A7FF494611F80E
:10FE8000013BD9F801008DF847308B88062212908B
:10FE900012A8ADF84C30FFF798FF414611F8013B2E
:10FEA00006228DF84E30D8F801300DF14F00CDF814
:10FEB0004F308B88ADF85330FFF787FF2146102273
:10FEC00001A8FFF782FF3B46412205A901A8EDF7F3
:10FED00053F9044610B93846FFF781FF204617B0A2
:10FEE000BDE8F0830C220369C9B201FB0233186C30
:10FEF00000F00700704770B5C9B20369EFF31185D0
:10FF0000402484F31288BFF36F8F0C2606FB013464
:10FF1000246C14F0C00408D0A24206D085F31188E6
:10FF2000BFF36F8F4FF0FF3070BD012271430B4460
:10FF30001A6485F31188BFF36F8F43680B445B68C5
:10FF400098470020F0E78022FFF7D5BFF8B5069F5D
:10FF50000469C9B2EFF31186402585F31288BFF317
:10FF60006F8F0C2569430C44256C05F0070CBCF120
:10FF7000010F0BD1276486F31188BFF36F8FC4E99B
:10FF80000E2343685B5898470020F8BD05F0C00574
:10FF9000AF4286F31188BFF36F8F0CBF6FF077000D
:10FFA0004FF0FF30F1E713B580240094FFF7CEFF48
:10FFB00002B010BD10B41C240069CBB203FB0400D6
:10FFC00000215DF8044B10470020EFF783B90020B3
:10FFD00000F098BA1046F6F755BA022804D0042863
:10FFE00004D10020EDF7B8B90120FBE7704740F2DB
:10FFF000563070470020704708461146E2F766BE4B
:020000040004F6
:1000000008B50023EDF7B6FA00EAE07008BD08462F
:1000100008B51146F8F7B6F9002818BF6FF00400CC
:1000200008BD08B5F8F708FA002818BF6FF00400FB
:1000300008BD436800205B68DB680B60704743685D
:1000400002EA01005B6821EA020158600020996021
:100050007047436800205B68596070474368002020
:100060005B689960704743685A68136821EA030027
:100070000B40506000209360704710B503695868CA
:10008000F8B1884219D19C680868A142586000D133
:100090009860002008602AB15A680A609A6859601E
:1000A00002B99960002010E0814206D10868206002
:1000B00098688142EDD19C60EBE704460068002817
:1000C000F2D1002AE8D16FF0150010BD00F043B85E
:1000D00000220121C720E0F703BF38B504460569B7
:1000E00001222846114600F01EFD012205F11800EC
:1000F000002100F018FD2046BDE83840EDF77ABD3C
:100100000069F6F7F9B90069F6F7BCB913B501AAA9
:10011000044600F029F8002805DB019B22681979C4
:100120001868EDF7B1FD02B010BD10B544680021AC
:10013000606AFFF7EBFF2046BDE81040F0F7BABC5D
:1001400010B544682046F0F7C5FC606A0121BDE89F
:100150001040FFF7DBBF10B54468FFF7F1FF204602
:10016000F0F7D8FC002010BD30B543681360057A65
:10017000446804EBC504A34202D36FF0010030BD14
:100180005C798C4201D00833F0E70020F7E7436840
:100190001B68D3F83031704743681B68D3F880047C
:1001A000C3F88004704742681368D3F84C0150B11B
:1001B0000020926A12780A70C3F84C01D3F84C21DF
:1001C00001229A6270474FF0FF30704713B501AAC1
:1001D0000446FFF7C9FF002805DB019B2268197957
:1001E0001868EDF751FD02B010BD38B50546002284
:1001F00001214FF48270E0F773FE4FF48270E0F754
:100200004DFE6C680121E068FFF7E0FF6B6819683C
:100210006369C1F82435E28BA38BA07E1343228C43
:100220001343628C1343627E9BB20243207E0243DF
:100230001343C1F86C3569680B68D3F8002242F4A7
:100240008022C3F800220822C3F800254A6A01214F
:10025000C3F83C270022C3F840271965D3F83011B2
:100260000029FBD0C3F800256B680021D868FFF790
:10027000ADFF6D680021E8682C68FFF7A7FF082331
:10028000C4F800352A7A52B9AB6AC4F8043701239E
:10029000C4F80837C4F84C21D4F84C21A3620020DC
:1002A00038BD07B56846EFF74DFFDDE9000103B043
:1002B0005DF804FB10B5EFF31184402383F312883B
:1002C000BFF36F8FFFF7EDFF84F31188BFF36F8FDC
:1002D00010BD034670B40C46DA88006819792243D1
:1002E000012405698C402B6812F0010F866814BF49
:1002F0002343A3432B60336870BC18470A4601218F
:10030000FCF774BC10B54FF0FF304FF0FF31EEF743
:1003100081F8044628B9C0F78DFC044618B1EEF701
:1003200081F8204610BDEEF77DF82046E1F78AFB04
:10033000F7E738B50B8A0D463BB101F10C00FCF72D
:100340005DFE012818D0022803D06FF01504204666
:1003500038BD4FF0FF304FF0FF31EEF75BF8044649
:100360000028F4D1E868D4F7CCFD0446EEF75AF83B
:10037000ACB1EEF75DF8EAE74FF0FF304FF0FF3138
:10038000EEF748F804460028E1D1E868EEF7A6FA4F
:100390000446EEF747F8002CD9D1EEF749F8284685
:1003A000E1F7B0F90024D2E7EEF7F2B9312210B547
:1003B0000021044603F017F8202323708023A37044
:1003C0006FF03F0363710423A3722823A3730223F6
:1003D000E3730423A3756FF0080363766FF03003B3
:1003E000A3766FF00403E3767E232377302384F82B
:1003F00020306FF03F0384F82130792384F82230D5
:100400006FF0010384F82330FF2384F8243084F84C
:100410002630072384F827302023402284F8283010
:10042000032384F82D2084F8293004226FF024035C
:1004300084F82E2084F82B306322072384F82520AB
:1004400084F82C3010BD002303604360037863F010
:1004500002030370437823F0710343F07103437088
:10046000C37863F07D03C370704708B50323DCF7DE
:100470005CFE002008BD08B5EEF7A6FE002008BD12
:1004800008B5F7F7D9FF48B1002383F31188BFF30C
:100490006F8F0423184602DF6FF0040008BD08B513
:1004A0004FF0FF314FF0FF30EDF7B4FFDCF745FEC2
:1004B000BDE80840EDF7B6BF684620F007018D465D
:1004C00001B5DCF746FDBDE801408546704768464A
:1004D00020F007018D4601B5D2F750FFBDE801407D
:1004E00085467047684620F007018D4601B5D3F771
:1004F000C7F8BDE801408546704708B5DCF7BAFC8F
:10050000002008BD012802D10020D2F70DBE70479F
:100510007047D2F709BC004700F042B9F7B516465C
:10052000DDE90847019001A81D46EFF757F9019B47
:10053000B6F1000C18BF4FF0010C00EB83000B1E4E
:1005400018BF0123002D43EA4C0314BF4FF00C0CDD
:100550004FF0000C002C43EA0C0314BF4FF4706CF6
:100560004FF0000C002F43EA0C0314BF4FF4403C43
:100570004FF0000CD0F8802043EA0C0322EA03037A
:1005800001B109780EB13678760019430DB12D7896
:10059000AD0031430CB12478240229430FB13F78D8
:1005A0003F040C433C43C0F8804003B0F0BD1FB58E
:1005B0000DF10F03019300238DF80F101A46194611
:1005C0000093FFF7ABFF05B05DF804FB70B5044680
:1005D00008461646EFF712F9083034F810300D4689
:1005E000DA0509D5C3F3432304EBC3023146284699
:1005F00054F8333052689847A3682BB131462846E7
:10060000E268BDE87040184770BDF0B504460020B0
:1006100001270546844695420AD1D4F8443133B1C6
:100620000023C4F84431D4F8443140F40030F0BD24
:10063000EBB29B0003F580769B0807FA03F319429F
:1006400008D054F806E0BEF1000F03D044F806C00D
:10065000A65918430135DEE770B5067904463046E1
:100660000D46EFF75DF9B0B13046EFF747F990B9B5
:100670003046EFF733F9012322688340C2F818337C
:10068000226803B202EB8303D3F8102522F00302A1
:10069000C3F8102570BD2846BDE870400021FFF763
:1006A00086BFEFF739BAFFF7D7BFC9B2F0F74AB93B
:1006B00091F820200346032A29D8DFE802F02125FB
:1006C00019028A68500504D5D3F844270869904276
:1006D00007D18A6852051AD4D3F844278969914210
:1006E00015D000200622C3F80005C3F80025704786
:1006F000D3F8442708699042F3D1D3F80C27EDE7EB
:10070000D3F844270969EAE7D3F80C27FAE7012070
:10071000704730B50124A2F58075AD08AC400C429D
:1007200007D0815829B10021815082581A6822438C
:100730001A6030BD002313B50C4601934FF4947238
:1007400001ABFFF7E6FF21464FF48272FFF7E1FFAE
:1007500021464FF48A72FFF7DCFF21464FF4B67250
:10076000FFF7D7FF21464FF4A872FFF7D2FF2146CB
:100770004FF49C72FFF7CDFF4FF49A722146FFF7BA
:10078000C8FF019802B010BD07B5019001A8F0F7AD
:1007900049FC0123019A9340436003B05DF804FBD8
:1007A00008B1E1F71DB87047704740B1C368587889
:1007B00010F001001EBF1878B0FA80F040097047B1
:1007C000EFF31183402383F31288BFF36F8FFEE7AB
:1007D00010B54369044633B90020E268537843F00A
:1007E0000103537010BD98470028F5D00028B8BF0A
:1007F0004042FF28A8BFFF20E3681870EDE702F031
:10080000F2BD02F0C9BD10B400F10C04C0E903440C
:100810005DF8044BFBF79BBC38B50446EFF311853C
:10082000402383F31288BFF36F8FFBF744FC04F17E
:100830000C0000F04DFB30B1294604F11400BDE876
:100840003840F6F71FBB85F31188BFF36F8F38BDB3
:100850004169836843EA010212F003020FD1C260CA
:100860000269013A01FB023382689A4201D90020F1
:100870007047C2681A604269C3609B1AF4E76FF060
:10088000150070472DE9F04105460F46EFF311883A
:10089000402383F31288BFF36F8FC668FEB90468E4
:1008A000A0421CD0DCB1D4E9003213605A60637BF3
:1008B000C4E9006623F002036373A66004F1180024
:1008C00000F075FB2046C4F8AC60276100F09BFA8D
:1008D000414605F10800BDE8F041F6F7D3BA3E60A5
:1008E000AB69EF60013BAB6188F31188BFF36F8F99
:1008F000BDE8F081402408B5EFF3118384F312883A
:10090000BFF36F8FFCF75EFAF6E7D0E900321360B1
:100910005A600023427BC0E9003322F00202427396
:1009200083607047F8B50446EFF31186402383F3E4
:100930001288BFF36F8F0568A84231D02DB32846C7
:10094000FFF7E3FF05F1180000F031FB6FF022071D
:100950002846C5F8AC7000F056FA2568AC420AD1BA
:1009600000232362E369A361314604F10800BDE876
:10097000F840F6F787BA3DB12846FFF7C6FF05F104
:10098000180000F014FBE3E7012500232362E3696C
:10099000A361002DE8D186F31188BFF36F8FF8BDF6
:1009A00000230362C3698361F5E790F90E308B423F
:1009B00001D0F6F7F5B90020704703460020C3E9DF
:1009C0000033C3E902007047D0E9003213605A6077
:1009D0000023427BC0E9003322F0020242738360AD
:1009E00070472DE9F843914604460D469DF82020B6
:1009F00000F10807EFF31186402181F31288BFF35D
:100A00006F8F02B14568D4F80880474518D0B8F117
:100A1000000F15D04046FFF7D7FF08F1180000F08F
:100A2000C6FA00234046C8F8AC30C8F8109000F071
:100A3000EAF938463146F6F725FA0020BDE8F88392
:100A4000A3B10820F6F7EAFE002838D00122C0F84A
:100A500004900260016801F003015DB922680A4355
:100A60000260626820606AB960600BE04846C9F8BD
:100A70000030EFE72A68032A16D80160616869B977
:100A8000C4E90000042104F1100000F06EFB00280E
:100A9000CFD186F31188BFF36F8FCFE70A6802F0DA
:100AA000030202430A60DFE722F003020A43026006
:100AB0002A6802F0030240EA02032B60E2E76FF0CB
:100AC0000B00E6E710B5044630B10268930703D087
:100AD000446809B100F068FB204610BD0023C0E95E
:100AE000003300F10803C0E9023300F11003C0E94C
:100AF00004337047012307B5009300230A461946C3
:100B0000FFF76FFF03B05DF804FB002307B50A464B
:100B100000931946FFF765FF03B05DF804FB002161
:100B20000068FFF7CFBF5AB18A4209D300F1100322
:100B3000C0E90212C0E90000C0E904330020704798
:100B40006FF015007047012302688B4022EA03030F
:100B5000036022FA01F000F001007047704710B501
:100B6000032104460C30FFF7EEFF30B104F1100012
:100B700000F01DFAB0FA80F0400910BD28B1002243
:100B800000F58270114600F0B6B9704770B5C368C1
:100B90000446C3F340069B0716D4856802210C3037
:100BA000FFF7D1FF80B1D5F8FC206AB194421DD186
:100BB00022689EB9D5F80031C5F8FC209C4201D1CD
:100BC000C5F8002100232360E36813F01F001EBF57
:100BD00043F00203E36040F0020070BD3260D5F8DC
:100BE0000021944208BFC5F80061EBE71646126881
:100BF000DBE773B50446EFF31185402383F31288D6
:100C0000BFF36F8F0023A0F1100603210438019376
:100C1000FFF799FF28B1A369304601A90193F5F7C1
:100C2000ABFD85F31188BFF36F8F02B070BD38B58F
:100C300004460D461022002102F0D5FB656038BD48
:100C400013B501900846EFF31184402383F3128813
:100C5000BFF36F8F01A9F5F78FFD84F31188BFF300
:100C60006F8F02B010BD10B5FFF7EAFF041E08DD5C
:100C7000EFF31180402383F31288BFF36F8FF6F7F1
:100C800013F9204610BD70B50D46EFF311864023D1
:100C900083F31288BFF36F8FF5F7CAFD044686F31E
:100CA0001188BFF36F8F38B14FF0FF324FF0FF3331
:100CB00005F11000F5F720FC204670BD08B54FF493
:100CC0008C72002102F08FFB08BD38B530220D4632
:100CD0000021044602F087FB4FF480736560E360F7
:100CE00038BD38B50446EFF31185402383F31288ED
:100CF000BFF36F8FFFF733FF2046FFF747FF85F302
:100D00001188BFF36F8F38BDF8B504460D46EFF379
:100D10001186402383F31288BFF36F8FC36803F0FB
:100D20001F03002B14BF0127002705D186F311886C
:100D3000BFF36F8F3846F8BDFFF711FF2046FFF76E
:100D400025FF29462046F5F7F9FC86F31188BFF305
:100D50006F8F0028EED04FF0FF324FF0FF3305F1D8
:100D60000800F5F7C9FBE5E7D0E9003213605A60E7
:100D70000023427BC0E9003322F002024273836009
:100D80007047EFF30580003818BF012070477130BD
:100D90007047D0E9003213605A600023C0E9003385
:100DA000704708B5FFF7F5FF437B23F00203437359
:100DB0000023836008BD38B504460D46F5F74EFFA5
:100DC000637B43F002036373E5B1A5602B689D422A
:100DD00009D16B68C4E900531C606C6012E06A685A
:100DE0009A42F6D01B68002BF3D094F90E2093F9A9
:100DF0000E108A42F3D09142F1DD5A68C4E9003204
:100E000014605C6038BD10B5EFF31184402383F3A8
:100E10001288BFF36F8FF5F7DFFE84F31188BFF3FD
:100E20006F8F10BD08B5EFF31181402282F3128855
:100E3000BFF36F8F83680BB1FFF7B3FF81F31188A6
:100E4000BFF36F8F08BD38B5EFF31184402383F3F0
:100E50001288BFF36F8F002390F87050427B80F8A8
:100E600070302DB121B184F31188BFF36F8F38BD7D
:100E700012F0280FF7D183680BB1FFF792FF437B85
:100E800023F004034373F5F7A7FEECE701211838BC
:100E9000FFF7D9BF08B50346EFF31181402282F373
:100EA0001288BFF36F8F0068834207D008B1FFF745
:100EB00078FF81F31188BFF36F8F08BD0020F8E73A
:100EC00010B5FFF7AFFFBDE81040183000F06FB865
:100ED00038B5054604680020AC4200D138BD002C6E
:100EE000FCD02046FFF7ECFF2046FFF78CFF2C6874
:100EF0000120A542F1E738B5EFF31185402383F3D4
:100F00001288BFF36F8F0468A04213D0A4B1C4F855
:100F1000AC1022612046FFF744FF04F1180000F0F6
:100F200046F82046F5F758FE012085F31188BFF3F7
:100F30006F8F38BD0020F8E72046F6E72DE9F04135
:100F400005460E461746EFF31188402383F31288B7
:100F5000BFF36F8F0468A0420FD1002088F311887F
:100F6000BFF36F8FBDE8F08139462046B0470028B7
:100F7000F4D16B68A342F0D02468002CF4D1ECE7E4
:100F800008B50246F6F720FA70B1D0E904319B1A91
:100F900061EBE272B3F1004F72F1000104DA002A52
:100FA000ACBF1846002008BD6FF00040FBE70246CA
:100FB00038B5EFF31185402383F31288BFF36F8FA9
:100FC0000368CBB1F6F700FA04461046F6F70EFABE
:100FD00000224FF000438442C0E9042306D1F6F713
:100FE000FBF9FFF7CDFF0021EDF70AF8002085F3AC
:100FF0001188BFF36F8F38BD6FF01500F7E708B5A4
:10100000F6F7FAFA08BDF6F7F7BAB3F1FF3F08BFF3
:10101000B2F1FF3F70B504461D46164613D01A4381
:1010200015D06FF001024FF0FF33921B63EB050107
:10103000002904DAF6F7E0FA821941EB0501C4E968
:101040000021204670BD4FF0FF321146F7E7002225
:10105000FBE7B3F1FF3F08BFB2F1FF3FF8B507462A
:1010600016461C4610D054EA020311D0F6F7C4FA13
:10107000B0420A46A14103460AD2F31A64EB0204C5
:10108000C7E900343846F8BD4FF0FF331C46F7E798
:101090000023FBE70023C0E9081200F11802C0E9B1
:1010A0000622C0E9003303634363704710B504466A
:1010B000FFF77DFFA8B9636A0BB12046984704F19A
:1010C0001800FFF7E7FE60B1FFF79DFEEFF3118018
:1010D000402383F31288BFF36F8FBDE81040F5F70C
:1010E000E3BE10BD2DE9F041846805460E46D4B13B
:1010F0006378012B22D114F8533C9A0711D5A4F13F
:1011000060073846FFF7DCFE082E0CBF6FF00303C4
:101110000023E36414F8533CDB0602D13846FFF7A2
:1011200072FE002323700020EB68A860C3F38632B0
:10113000164366F39433EB60BDE8F081022BF0D1E7
:101140002378002BEDD054F8048CB8F1000FE8D0D0
:1011500004F11400FFF72BFF0023A4F11407394614
:101160004046E362FFF76CFDDBE738B5EFF311852E
:10117000402383F31288BFF36F8F0468A04211D01D
:10118000D4E9003213605A6000232046C4E90033DA
:10119000FFF7A8FF85F31188BFF36F8F201E18BFDC
:1011A000012038BD0024F5E720B1011F50F8040CE0
:1011B000FFF732BB704700207047704710B50446F8
:1011C00008B1F6F7EBFC2046BDE81040F6F7D6BCB8
:1011D0000346C068E0B15888D0B11B8803F44F4281
:1011E000B2F5824F09D1DBB2272B2AD008D8172BB2
:1011F0000FD0222B34D0122B16D06FF08500704701
:10120000302B2FD0413B012BF7D8FF2839D10020BC
:101210007047C028FBD0E128F9D0B0F5807F0CBF23
:1012200000206FF08600704720F02003C02BEED026
:1012300020F08003B3F5807FE9D040F20923984283
:10124000EDE7E928E3D0EF28E1D040F21B13984204
:10125000DDD040F299139842D9D040F23B23EEE71B
:10126000E928F1E720F02003C02BD0D020F0400384
:10127000B3F5807FCBD0B0F5C07FC8D0B0F5007F8C
:10128000CDE7B0F5E07FCAE73AB1002918BF0023E7
:101290002121D21A184402F0A6B870472DE9F04F68
:1012A0009B46002389B08DF81B30159B9146DDE9E4
:1012B00012A7002B0D460B460CBF4FF400624FF4F3
:1012C000806207A9DDF85080F6F7D0FD0446D0B95A
:1012D000079E284631880DF11B02F6F763FE04468F
:1012E00088B99DF81B30BB421FD8CDE90338CDE942
:1012F00001BACDF800902B46D6E909123046F7F72F
:10130000B9FB044608B1C8F800703A462146504679
:10131000D8F80030FFF7B8FF0798F7F787FA002CE6
:1013200018BF204609B0BDE8F08F6FF08904EAE7E6
:1013300041F2062398421AD8B0F5905F09D241F2E3
:10134000010398420CD0B0F5885F09D06FF085009A
:1013500070476923A0F5905080B2C340DB07F5D5F4
:1013600011F0070F0CBF00206FF086007047B0F53A
:10137000105FEBD121F04003802B06D0B1F5807FC8
:101380000CBF00206FF0860070470020704770B5DA
:10139000446A05460E463CB90120F6F7E9FB68624F
:1013A00028B12046AE6270BD6FF08A00FBE76FF097
:1013B0008C00F8E7F8B51E460F4615460388C2B103
:1013C00003F4E043B3F5805F02D0B3F5005F10D1C2
:1013D000089BE90019600088FFF7AAFF044630B9AE
:1013E0002A463946304601F0D7FF079B1D6020464C
:1013F000F8BD6FF08504FAE710B50446406A10B1F5
:10140000A16AFFF7DBFE0020C4E9090010BD38B572
:101410000546FFF7F1FF2B7F0446012B0ED0023B60
:10142000012B0ED82B6A012B18BF6FF096042C22CB
:101430000021284601F0D7FF204638BD2B6A002B3B
:10144000F2E76FF09604F2E770B50488154604F4ED
:10145000E042B2F5805F049E19D0B2F5005F16D06D
:1014600044F2010224F44050904210D004F44F4260
:10147000B2F5824F0BD0B2F5884F08D0B2F58E4F3F
:1014800005D0803C24F0FF04B4F5485F0ED1B5428E
:101490000FD818462A4601F07FFF0021721B28440E
:1014A00001F0A1FF0020059B1D6070BD6FF085005D
:1014B000FBE76FF08900F8E77FB50E461D4614463E
:1014C000BAB1002301222B6003A9F6F7CFFC70B953
:1014D000CDE9004503983346D0E90912F7F768FAD9
:1014E00004460398F7F7A2F9002C18BF204604B071
:1014F00070BD6FF08900FAE7F0B50F461E4615463D
:1015000085B00AB3002303A91A463360F6F7AEFC90
:10151000044638B9039803885B0406D4F7F786F9C4
:101520006FF08604204605B0F0BDCDE900563B467D
:10153000D0E90912F7F750FA04460398F7F776F95D
:10154000002C08BF0446EDE76FF08904EAE710B508
:101550000368044653B100F0CFF900232360A38849
:1015600023F4FF7323F00103A38010BD1846FCE7AA
:101570002DE9FF41984600230C46016805461746B1
:101580000393A9BB4FF40172083001F02CFFB8F1AE
:10159000000F20463B4614BF4FF480624FF40062B8
:1015A00003A9F6F763FC044620BB039E3846318846
:1015B0002A1DF6F7F7FC0446E0B96B79314668F36B
:1015C00000036B7100972846D6E90923B8F1000F94
:1015D0000BD0F7F779FA044660B90398F7F726F9C4
:1015E0000446204604B0BDE8F081F7F791FAF2E72F
:1015F0006FF088042846FFF7AAFF0398F7F716F95B
:10160000EFE70123FFF7B4BF38B50468054664B1BE
:1016100012B90024204638BD00F057F904460028CE
:10162000F7D02846FFF793FFF4E76FF08804F1E75F
:101630002DE9F0411746026805460E46984682B1EC
:101640004279D2070DD502795AB1BA4216D800F0C4
:1016500045F9044638B9A6B92846BDE8F041FFF778
:1016600076BF6FF088040023C8F800702B7146B96C
:101670002846FFF76CFF2046BDE8F0816FF0890433
:10168000F1E721463A463046D8F80030FFF7FCFD36
:101690002846FFF75CFF002C08BF0446EBE71FB5A8
:1016A00001240394089C0294079C0194069C0094D6
:1016B000FFF7F4FD04B010BD2DE9F04705469A464A
:1016C000002388B0079325F0004323F47F03B3F190
:1016D000106F0846DDE910961746DDF848801CD1EA
:1016E0002B464FF4804207A9F6F7C0FB0446B0B979
:1016F000CDE90368CDE901A9079800972B46D0E909
:10170000091200F001F9044648B90798F7F78EF876
:101710000446204608B0BDE8F0876FF086043146E5
:101720004846F6F72FFE0798C8F80060F7F77EF8EE
:10173000EFE703461B88084603F4E043B3F5805FF8
:10174000114602D0B3F5005F01D1F6F71BBE6FF072
:10175000850070477FB5002203880A60CDE9012229
:10176000428806460D46002A69D0028802F4E0420B
:10177000B2F5804F63D023F0FF03B3F5E24F02D000
:10178000B3F5824F04D13046FFF722FD0446D8B9A5
:10179000304602AA01A9F6F775FC0446002843D199
:1017A000019B9B6A9BB10199304601F12803D1E965
:1017B0000912F7F78DF80446002839D12946019817
:1017C000F6F7C6FB044678BB204604B070BD7368CC
:1017D0001B0A22D13088718800F4E043B3F5805FA2
:1017E00015D0B3F5005F12D020F0FF03B3F5E24F40
:1017F00022D1C0B242280ED10831C9080391039901
:101800000198FFF7C4FD04460028CCD00CE0FFF798
:101810008FFD044640B90731EFE7304603A9F7F7DB
:101820003DF804460028EAD00198F6F78DFCCBE796
:101830000198FFF7E1FDF7E76FF08504F4E76FF03B
:101840008604C1E71C22002101F0CDBD037F022BDD
:1018500006D1036A5A1C03D001330362002070478B
:101860006FF09600704703466FF040420846591EDD
:10187000914207D338B103F1404393428CBF00201B
:101880000120704701207047034668B1017F8A1E1E
:10189000012A0BD80329026A03D1012A01D1FFF7DB
:1018A000B6BD1AB1013A1A62002070476FF0960077
:1018B000704700207047C0B2FF280CBF6FF0860051
:1018C00000207047F7F7AAB970470368052B02D1CB
:1018D0000830F7F775BD6FF08600704710B40468E4
:1018E000052C04D15DF8044B0830F7F78DBD6FF07F
:1018F00086005DF8044B70470368052B02D1083061
:1019000000F066B900207047F0B545681C46DDE977
:10191000077CDDE905362D0ADDF824E008D1CDE9A4
:1019200008E4CDE9067C0596BDE8F040F8F722BB57
:101930006FF08600F0BD0020F7F794BB0020F7F7AA
:10194000C9BB002000F034B9002070470A2840DCF1
:10195000C31C22DA10F1400F47D010F13F0F2BDAF1
:1019600010F1410F44D010F1550F44D010F1490F40
:1019700008BF6FF0840018BF6FF086007047092819
:101980002AD8DFE800F00529290816293829292F47
:101990006FF09800704700207047C31C0D2B1BD8B8
:1019A000DFE803F0072F1A1C1A1A1A1A1A1A1D1A3E
:1019B0001A1D6FF08500704710F1210F1ED00BDB50
:1019C00010F1200F1DD010F1100F08BF6FF0940020
:1019D000D1E764380928D2D96FF0860070476FF0DC
:1019E000940070476FF08C0070476FF08400704770
:1019F0006FF0890070476FF0930070476FF08800B8
:101A000070476FF09200704710B501380A44914258
:101A100000D110BD10F8013F11F8014B6340037075
:101A2000F5E70144814200D1704711F8013D1A44A5
:101A30000A70120AF6E730B5002503F58073013A03
:101A4000002A0DDAFF2BDAB28CBF0021012152EA05
:101A5000050003D0FF2B94BF00200120401A30BDA9
:101A6000845C1C448B5C013AE41A230AE4B2FF3321
:101A70002543E5E72DE9F8430E46174608994FF44C
:101A8000AA7204461D46DDF8248000F00AFDB8B9AC
:101A900081464D4509D14146204600F0ACFD78B95C
:101AA0002046BDE8F84300F0D4BD204657F8292071
:101AB00056F8291000F022FD10B909F10109E8E7F4
:101AC000BDE8F8831FB5CDE90221069A03A9CDE947
:101AD0000032012302AAFFF7CDFF05B05DF804FB39
:101AE000002313B58DF807308B4206D19DF807000F
:101AF000B0FA80F0400902B010BDC45C9DF8072028
:101B0000013322438DF80720EEE78B4230B50CD825
:101B1000002421469C4203D1081E18BF012030BD7D
:101B2000155D055529430134F4E70020F7E710B5AA
:101B30008B4294BFC4184418A04200D110BD00F8D5
:101B4000012BF9E700231A4682B001908B4201D1A4
:101B500002B070470198C2540133F7E70368D90413
:101B600044BF43F48063036003689A0444BF43F4B2
:101B700000630360704737B5054600216846F8F7F3
:101B800069FC044668B9302229466846F8F7B4FC77
:101B900010F1520F044607D0431CF4D0684600F001
:101BA00003FF204603B030BD684600F0FDFEE4E7C9
:101BB0000020704707B501A9F7F796FB003818BF5A
:101BC000012003B05DF804FBF7F7A6BBF7F7A4BB51
:101BD00008B54FF40171FFF7B5FF002008BDF0B55F
:101BE00004461F460D461646ADF5057D4FF40172BD
:101BF000002103A801F0F7FB214633462A4600974F
:101C000003A8F7F789FB044670B9DDE98A1203A837
:101C1000F7F7D6FB044638B9DDE98D238C9903A884
:101C2000F7F7F2FB044610B103A8FFF7D1FF2046F7
:101C30000DF5057DF0BDF0B51F46002385B00546C6
:101C40009DF8280003A940F0007016460393F7F7AB
:101C500039F8044680B96023019305F5D2730093E7
:101C600032463B46039805F1500100F00BF904465B
:101C700028B1FFF76BFE0446204605B0F0BD03987F
:101C800000F0F1FC0123A86085F84C30F4E7002354
:101C90002DE9F74F0546007889461646019308B1AD
:101CA00040F0007001A9F7F70DF80446F8B9019863
:101CB00000F0D9FCAB688046B3420CD9A8EB030313
:101CC00005F10C0018443246494601F065FBAB684B
:101CD0009B1BAB600BE095F84C3005F1500A53B9F3
:101CE000504600F0E2FB30B1FFF730FE04462046DC
:101CF00003B0BDE8F08F0023AA6805F10C0B59462C
:101D0000504685F84C30A8EB020200F0F7FB0028A3
:101D1000EAD1AF684946F31BB3FBF8F308FB03773E
:101D200050463A4600F0EAFB0028DDD1504600F06C
:101D300014FC0028D8D1504600F08BFC0028D3D1E9
:101D4000A6EB070A40215846C5F80880FFF7FAFEBF
:101D5000BAF1000FCBD05246584609EB070101F00B
:101D60001BFBAB689B1B3B44B3E70023F0B5044669
:101D7000007885B0039308B140F0007003A9F6F72E
:101D8000A1FF18B1FFF7E2FD05B0F0BD039800F028
:101D900068FC039800F067FC94F84C30064604F1A8
:101DA000500523B9284600F080FB0028EAD1A2683C
:101DB00004F10C0739462846B21A00F09FFB0028B0
:101DC000E0D104F5D27440233A46284603990094A2
:101DD00000F01FF8D6E770B514464FF4AA72054616
:101DE0000E4600F05EFB98B9304600F03CFC2346FE
:101DF00002462018984205D121462846BDE8704089
:101E000000F07CBB197881F0360103F8011BF1E783
:101E100070BD2DE9F047044608461E460D46914622
:101E2000DDF8208000F01DFCB042074606D92046B0
:101E300000F034FB6FF04000BDE8F087284600F06A
:101E400012FC08EB000A06465146204600F0D3FB80
:101E50000028F1D1204600F0FCFB0028ECD14346DD
:101E60009A4509D12B4641462046CDF82090BA1913
:101E7000BDE8F047FFF726BE1A7882F06A0203F841
:101E8000012BEDE72DE9F74F1C46DDE90C6B05460C
:101E90000F46924600F0E5FB8146284600F0E3FB42
:101EA000A042804618D222462B465146384600961C
:101EB000FFF708FE0246D8B9A8EB0903ABEB09010E
:101EC00006EB0900FFF733FE32462946384603B0D9
:101ED000BDE8F04FFFF77FBF22465146304601F084
:101EE0005BFA0022A8EB0403ABEB04013019E9E72D
:101EF00003B0BDE8F08F2DE9F0410E461D46338852
:101F00000446B3F5105F114626D1A5F11003102B3E
:101F100025D800F5B2772A46384604F5A47801F0B2
:101F20003BFA2A46434639463046F6F791FF0246C9
:101F300078B9414604F15000F8F73CF9024618B16F
:101F4000BDE8F041FFF702BD1023A360012384F830
:101F50004C301046BDE8F0816FF08502F9E76FF074
:101F60008602F6E72DE9F041044680680F4690426C
:101F7000154609D3201A1C3001F00EFAA3685B1B2A
:101F8000A3600020BDE8F08194F84C3043B904F11F
:101F9000500000F048FC18B1BDE8F041FFF7D6BC96
:101FA000A26832F0100309D0A01A39461C3001F0A3
:101FB000F3F9A3681F44ED1A0023A360A3686E1E03
:101FC00026F00F069BBB102204F10C0104F1500017
:101FD00000F096FB0028DFD1102284F84C00A260AC
:101FE0004EB13246394604F1500000F089FB00281A
:101FF000D2D184F84C0004F15008404600F068FC4F
:102000000028C9D1404600F0C2FC0028C4D14021BC
:1020100004F10C00FFF796FDAA1BB2D0B91904F128
:102020000C0001F0B9F9A3685B1B3344A8E7002E4C
:10203000D7D194F84C30002BDDD02A46EEE738B5E6
:1020400043680446102B22D890F84C3000F150051C
:102050003BB9284600F0E7FB18B1BDE83840FFF770
:1020600075BCA2680C34102A07D021462846C2F15C
:10207000100200F045FB0028EFD12146284600F071
:1020800071FB0028E9D1284600F081FCE5E76FF0FC
:10209000860038BD2DE9F04F4FF0000B91461E46EB
:1020A000448805888BB005F44F4300940734B3F59A
:1020B000824F82460F464FF01C0259464FEAD40821
:1020C00003A818BF5D46CDF808B001F08CF9C845EB
:1020D000C6F800B041D8B4F5847F41D26A4649467B
:1020E0005046F7F7D9F9044640BBEDB228460099AF
:1020F00001AAF6F715FE044600BBA5F14103012B2A
:1021000020D8424602A9F6F7E5FF20BB414602A8C7
:10211000FFF7E6FC38BB412D05D1B8F1200F02D105
:1021200002A800F0FAFE4246384602A901F034F94E
:10213000202102A8FFF706FDC6F8008020460BB05C
:10214000BDE8F08F4A463946019800F0F1FE0028BC
:10215000EED0FFF7FBFB0446F0E76FF08904EDE7F4
:102160006FF08504EAE76FF09304E7E7CA0448BF1D
:1021700041F480618B0448BF41F400618160704785
:102180002DE9F041458817460735B5F5847F0446AB
:102190000E46984602888EB027D222F0FF01B1F594
:1021A000E24F13D1202206A9FFF774FF58B96288C5
:1021B00005AB0732CDE90183204633460097D208AC
:1021C00006A9F7F731FA0EB0BDE8F081B2F5105F5D
:1021D00006D0B2F5885F03D042F204039A4204D1DC
:1021E000E90806A8F6F7CEF8E0E76FF08500EAE721
:1021F000F7F706BCCA0448BF41F480618B0448BFAE
:1022000041F4006181607047C0F30253042B05D88C
:10221000012B07D80DD06FF098007047052BFAD12D
:10222000032306E00B8844F212118B420CBF0423F7
:10223000022300F030002028136001D000207047F6
:1022400002331360FAE713B50C46F7F74DF8C31CD9
:102250000FD0013009D004224FF0FF3321460DEB9F
:102260000200019300F04EFF30B96FF08B0002B016
:1022700010BD6FF08400FAE70020F8E730B589B0B0
:10228000054618220C4601A8002101F0ACF80123F4
:1022900044EA052401A9FA2007940593F6F7DEFF26
:1022A000002818BF6FF0920009B030BDF7B5FA20D2
:1022B00001A9F7F719F8044610B1002003B0F0BDEA
:1022C000019D2F0AEDB2AC4205D1FA20F6F7F2FFDC
:1022D0000028F2D008E0E6193046F6F7EBFF30B1FF
:1022E0003046FFF767FC10B96FF09200E6E7013463
:1022F000E9E738B503780446033303F00303012B01
:102300000FD86FF0210038BD60782844F6F7C4FF7D
:1023100048B901352378C3F382039D42F4D30020EA
:10232000F1E70025F6E70220EDE74368A3F110018D
:10233000914241D8012243F80C2C53F8042C42F06E
:10234000200243F8042C53F8082C42F0005243F8C2
:10235000082C836800F11402A3F1100191422FD8D8
:10236000012243F80C2C53F8042C42F0200243F8CD
:10237000042C53F8082C42F0005243F8082CC36890
:1023800003F15402BFF35F8F4FF0A3431A60BFF312
:102390005F8FC2680432BFF35F8F1A61BFF35F8F34
:1023A000BFF35F8F03225A63BFF35F8FBFF35F8F6B
:1023B0009A63BFF35F8F7047103242F80C2CB7E777
:1023C000103242F80C2CC9E7BFF35F8F4FF0A343E4
:1023D000DA69BFF35F8FBFF35F8F10215963BFF3DB
:1023E0005F8FBFF35F8F00215963BFF35F8FBFF330
:1023F0005F8FD96BBFF35F8F4906F8D422B1BFF36B
:102400005F8FDA61BFF35F8F704708B5F8F768F93F
:1024100030B9BFF35F8F4FF0A343986ABFF35F8F6C
:10242000BFF35F8F4FF0A342D36BBFF35F8F10F00A
:10243000240F03F0230304D0FFF7C6FF6FF01F0043
:1024400008BD4FF0FF30002BFAD1BFF35F8F106350
:10245000BFF35F8F1846F3E710B59EB0024646F60D
:1024600011031AA901A8F7F7F3FE0023039A10211C
:102470001360039A01A89360039B1AAA1033039375
:10248000FFF753FFFFF7C1FF431C0446FAD001A832
:102490007421FFF757FB20461EB010BD1830F8F727
:1024A000BFB80160CB691146184738B503680446C8
:1024B0000BB3027EFAB94FF4AA71DB69C56898477D
:1024C000C0B92368E5605A69636AE169C2F596722A
:1024D00013440B602368E2695B6943F00053936027
:1024E0006268E3695268DA60E3691033E361A36804
:1024F0000233A36038BD6FF02000FBE708B5037E10
:1025000043B32AB38368062B05D91830F8F788F847
:102510006FF0440008BDB2F1807F05D31830F8F7A2
:102520007FF86FF03F00F5E7C3691960C3699A60EF
:102530004168C369C968D960C3691033C36103695D
:1025400013440361C3681344C36083680133836029
:102550000020DFE76FF02000DCE770B5037E024665
:10256000002B45D050F8183BD1681C69B1FBF4F53D
:1025700004FB151121B1F8F753F86FF0450070BD59
:10258000D3E905452C44682C04D9F8F749F86FF0D5
:102590002200F4E79D68946A166A6C4094625D6854
:1025A000654095625C69556AE31CC4F596742544E0
:1025B00035601568146A6D6923F00303A560146A19
:1025C00004F11005156215686D699D420AD02161FC
:1025D0001468116A64691B1B43F080438B60136AA3
:1025E00010331362D8217C32FFF79FFE0020C6E72C
:1025F0006FF02000C3E710B5037E0446A3B1D0E915
:1026000003239A4204D00268836A5268534083626B
:1026100020466369984704F11800D82104F17C0230
:10262000FFF783FE002010BD6FF02000FBE738B5F8
:10263000037E054653B1FFF7E8FE431C044603D072
:1026400005F11800F7F7ECFF204638BD6FF02004C5
:10265000FAE710B504462046FFF7E9FF431CFAD01D
:1026600010BDC06870470069704738B502690546FB
:10267000146914B15069A047044605F11400F7F736
:10268000CFFF204638BD08B58268034662B90268AC
:102690001169426A114207D0FFF7E7FF002814BF13
:1026A00001206FF0530008BD03F11400702103F105
:1026B0007802FFF73AFE0020F5E773B5064601A859
:1026C000F8F750F9044678B906F11400F7F77EFFE1
:1026D0000198FFF7C1FE044648B93269D3681BB1BF
:1026E00050699847054618B9204602B070BD0546A6
:1026F0003046FFF7BAFF00280CBF2C460124F3E751
:1027000010B5047D03463CB3B2F1807F04D3FFF7DC
:10271000ACFF20B3012010BD4468062C06D9FFF79A
:10272000A4FF0028F6D16FF04400F4E70AB90020B6
:10273000F1E78069016099698A6018689969806920
:10274000C068C86099691031996159680131596050
:10275000996811449960EAE76FF02000DBE76FF0B9
:102760003F00D8E710B4037D002B57D08368C3B96E
:10277000836900F124021A60036882691B680133CF
:1027800043F000539360046882692368A4690133AD
:10279000E4681B0203F4F8532343D36083691033C6
:1027A0008361036882681C68131923EA040384693F
:1027B0009B1A54F8042C42EA032244F8042C826940
:1027C00052F8084C234443F0005342F8083C036895
:1027D0001A68C368134423EA0203C2691160C2691C
:1027E000C1689160C26902F11001C161C1688B4288
:1027F0000AD000211161C168C2695B1A43F08043AD
:102800009360C3691033C3610368DA68436A23EADB
:10281000020343625DF8044BFFF735BF6FF0200001
:102820005DF8044B704738B5037D0446002B49D151
:1028300003685B69002B48D0FFF73FFF054600287F
:102840003ED1214651F8783B626A9B6904F114003D
:102850001B68F7F7FDFC0123636023699A689AB946
:10286000A2691B6813602369A2695B6843F0005387
:1028700093602268A36992699268DA60A369103351
:10288000A361636801336360236AA269C433136080
:102890002368A2695B6943F0005393602268A369CF
:1028A00092695268DA60A36922681033A361636891
:1028B000013363601269636A134363620023A36098
:1028C000284638BD6FF02005FAE76FF04705F7E7B7
:1028D00038B5027D0346002A3FD0026881689468BB
:1028E0008C4205D9FFF7C1FE002839D0012038BD40
:1028F0005468B1FBF4F504FB151434B1FFF7B5FED1
:102900000028F3D16FF04500F1E7416AD068014338
:102910005962D3E90701C431526901601868D96965
:1029200040690F328860D96922F00F0201F110006E
:10293000D8611868406990420AD00C611868D9695A
:102940004069121A42F080428A60DA691032DA6114
:102950001846BDE83840FFF796BE6FF02000C6E786
:102960006FF05300C3E738B5037D054663B1FFF749
:102970004CFD431C044605D02846FFF776FE002890
:1029800018BF0124204638BD6FF02004FAE710B5C7
:10299000037D04462BB12046FFF7E5FF431CFAD028
:1029A00010BD6FF02000FBE710B5037804461BB1A3
:1029B000F6F7FEF800232370002010BDF8B5066876
:1029C000054696420C46A2EB060701DDFAF738FAF7
:1029D0003946204600F03FF832466968E019BDE804
:1029E000F84000F056B8FFF7E9BFF8B507461646BD
:1029F000D2E900208A420C460BDB551A294600F02A
:102A00002AF82246394670682844BDE8F84000F0AC
:102A1000C3BC891A3944F8E770B514460E461D4602
:102A200021461A46FFF7E1FF2146304605F108022C
:102A3000BDE87040FFF7D9BF70B5054616461C4685
:102A40001A46FFF7BBFF2246314605F10800BDE8F4
:102A50007040FFF7B3BF38B503460C46A9B158071D
:102A600006D00022013C03F8012B01D05907F9D10F
:102A700024F00F052A460021184600F0B4FC034656
:102A80000021421923449A4200D138BD02F8011BAB
:102A9000F9E78B18991A12B110F00F0F01D100F05D
:102AA0007BBC0978013AC9B200F8011BF2E7036860
:102AB000D868C0F300407047036803F580535B6A31
:102AC00013F4A02F14BF01200020704710B5044656
:102AD00000F08AF920B12046BDE81040FFF7ECBFB6
:102AE0002046BDE81040FFF7E2BF38B50225036875
:102AF00004469D6000F078F918B1236803F580530F
:102B0000DD6138BD10B5044600F06EF920B12046F5
:102B1000BDE8104000F06DB92368BDE81040D868EA
:102B2000F7F780BE10B50446204600F05DF908B9FD
:102B3000F7F7EEFD2046FFF7C9FF0028F4D1204645
:102B4000BDE81040FFF7DEBF03685A5070470368C6
:102B5000585870476C30704773B5CDE90023D0E901
:102B60000145C66800699DF80730006804EB05144C
:102B7000C000D2B2A6F1080114D502F03F0242F023
:102B8000200243F00103A01B8DF800208DF80730D0
:102B9000FFF761FF083C082269462046FFF779FFEE
:102BA00002B070BD641B03F03F0342F0010243F02A
:102BB000200304F108008DF800208DF80730FFF79E
:102BC0004AFFE8E70369DA6832B142F420220021C3
:102BD00042F40062FFF7B8BF7047C06870472DE944
:102BE000F8430B680C4613F4700F14D1D0E9015967
:102BF000036908461B68D1F80880DB0048BF4B68B2
:102C00004FF0000744BFA9EB0303ED1800F0E0F814
:102C10000646B74201DBBDE8F883414628466268B4
:102C2000FFF737FF63684D4498440137F1E770B50B
:102C30000C461E461046D1E9012505EB4205294602
:102C4000FFF727FF62683046A918BDE87040FFF71C
:102C500020BF38B50169D0E901344A680968C90064
:102C600042BFC168611A5B1800210AB9183038BD2B
:102C7000D50707D50B2901D9FAF7E2F88D1D40F8E1
:102C80002530013123445210EFE72DE9F74F044678
:102C9000D0E9017A0193036940690E4691469D6827
:102CA000FFF758FFD4F84CB0D0F80080BBF1000F0C
:102CB00007D02046F7F798FD1025284603B0BDE859
:102CC000F08FF7F737FD336819064CBFC3684368C8
:102CD0007168994204DD2046F7F786FD0D25ECE783
:102CE0002069E160B8F1000F02D0036949EA0309E5
:102CF000006833680139034343EA012343EA0902C8
:102D000004212046FFF720FF23691B68DA0003D562
:102D1000E368AAEB03031F44A5B931462046FFF739
:102D20005EFFB8F1000FC8D023691B69002BC4D027
:102D3000D8F808304046984702460B462046FFF731
:102D40000BFFBAE7EB0748BF019B4FEA650544BF9D
:102D500043F82B700BF1010B5744DDE710B5044627
:102D6000FFF730FFBFF35F8F204600F03DF80322EE
:102D700030B141F21C012046BDE81040FFF7E4BE2F
:102D80000821F8E7C0F30B03482B4B6028BF48230A
:102D900010F4003F8B6008BF0023CB6010F4803339
:102DA00008BFC1E9013300F47003B3F5700F14BF1D
:102DB00000238B6800284FF0010C4FF008028B6055
:102DC000B8BF0023C1E905C2B8BFC1E905337047E8
:102DD000036813F4700F05D18368002B14BF06201D
:102DE00000207047002070470369186800F4003025
:102DF000704710B541F224010446FFF7A8FEC20750
:102E000009D4830709D420460C21FFF7A0FEBDE8B2
:102E10001040F7F707BD082010BD0220FCE72DE9A0
:102E2000F0410546F7F7F6FC0746012241F228017A
:102E3000FFF78AFE002241F228013846FFF784FEA0
:102E400041F204013846FFF782FEC406F8D410F0C0
:102E5000200602D00220BDE8F08141F22C01384664
:102E6000FFF775FE0122044641F208013846FFF7DC
:102E70006BFE8DB901224FF480513846FFF764FE96
:102E800041F204013846FFF762FE420700F02303D7
:102E90003BD4002BF4D0DDE72B68C4F3036803BBFD
:102EA000E10458BF6C68AB684BBF41F20C0641F2BD
:102EB0001006C4F30354A8EB0404002BDAD0EB682B
:102EC000002BD7D0A34211DC0024EB689C42D1DA5E
:102ED000AB68314653F824203846FFF735FE0134FD
:102EE000F3E76B68002BDBD098450ADA0D20B2E7D8
:102EF0002B6841F2100153F826203846FFF724FED4
:102F000001366B689E42F3DBCAE7F7F787FC0146A0
:102F10003846F7F7D3FC00209DE7037823F007033A
:102F20000370C37F03F07F0343F04003C377704710
:102F30000B46D0E901108A42084402D31A4600F039
:102F400003B86FF0400070472DE9F0470446104683
:102F500039B122460023164612F8015B35B98B427F
:102F600002D16FF0530435E00133F4E78B42F8D01F
:102F70004A1E9A4201D1022DF3D9A25CD2072FD565
:102F8000FF2415EA040228D1E443A1EB0308C71883
:102F9000FEF7CDFDE5B208EB070A424639460020B0
:102FA000F6F798F80446E8B93B7881462B403B7029
:102FB0003B4613F8012B534549EA0209F9D1002396
:102FC000424631463846FEF736FDB9F1000FE4D0EF
:102FD0000028E2DA2046BDE8F0876400E4B2D0E7DA
:102FE0006624F7E70224F5E7F3F7CAB94FF0FF329A
:102FF0004FF0FF33F3F74CB9FDF7DFBC4FF0FF3272
:103000004FF0FF33F3F744B9F3F7BAB900F06AB8F9
:1030100007B54FF0FF334FF0FF32CDE90023002218
:1030200000F06DF803B05DF804FB00F064B800F048
:103030005EB82DE9F3470646DDE90A9817460C46C7
:10304000E1B102F0010AF4F765F80546EFF31181EA
:10305000402383F31288BFF36F8FBB0744BF002365
:10306000B360B36803EA0402BAF1000F0AD09442D5
:103070000AD181F31188BFF36F8F1C40204602B044
:10308000BDE8F087002AF4D159EA080305D181F39D
:103090001188BFF36F8F0023EFE7C5E91A47324667
:1030A000CDE9009806F10C00F3F758FE0028F2D1A4
:1030B000AB6EE2E710B5C46E826E4B68E40703EABC
:1030C00002030BD59A420BD1012380F870300B68B4
:1030D000436608601830FDF76AFF01E0002BF3D16A
:1030E000002010BD0023C0E90000836070474FF04E
:1030F000FF32F7F75DBC0A460021F7F759BC5200D2
:10310000FFF797BF0139024410B5904201D100206A
:1031100005E0037811F8014FA34201D0181B10BD40
:103120000130F2E710B50139044632B111F8013F20
:10313000013A00F8013B002BF7D1002100F053F9D0
:10314000204610BD0246014410B58A42134603D002
:103150001C780132002CF8D1181A10BD2DE9F04767
:10316000C3F137090746884603F01F055FFA89F95E
:1031700016464FF0000A384641462A465346D1F7D4
:10318000FDFD4346D4B23A4688460746092C84BF23
:103190004C44E4B2AA4204F1300473EB0A0306F88B
:1031A000014BE8D23046BDE8F0872DE9F04F061814
:1031B00089B09946154641EB010404AB3046DDF871
:1031C0004CB021460093A9F1410AD2E9002300F056
:1031D000A9F806AB07468846304621460093D5E954
:1031E000022300F09FF80022DDE90463841951EB0B
:1031F0000306069B28BF0122D5E90001D218079BD0
:1032000043F10003381848EB0101B84271EB0801A3
:10321000E968039138BF0120A96828BF0020CDF8D4
:1032200000A014EB010C039946EB010110EB0C001C
:1032300041F10001A04271EB060C34BF4FF0010CCC
:103240004FF0000CCDE906231CEB020243F1000312
:1032500000F083F8129BC3E90001149B012BDDE908
:10326000062329D1D5E90201D5E900C5201ACDF8F8
:1032700000A066EB0101674578EB050534BF012529
:103280000025401B61F10001844276EB010534BF4B
:1032900001250025521B63F1000300F05EF8DDE913
:1032A0000623CBE9000120463146CDF800A000F00E
:1032B00054F809B0BDE8F08F17EB070E48EB080C87
:1032C000201946EB0601BE457CEB080834BF0127F8
:1032D0000027C71941F10008D5E9000186457CEBBC
:1032E000010C34BF01200020D5E90215381A68F11D
:1032F000000C401A6CEB050192185B41A74278EB79
:10330000060534BF01250025521943F10003874209
:1033100078EB010834BF01250025521BA9F14005B7
:103320000095B8E7F0B50F460446A0FB0201059EE4
:10333000A7FB02524919A3FB0445A7FB037342F103
:103340000002611845F10004D21943F1000312197B
:1033500043F10003C6E90023F0BDF0B5059CC4F1BC
:103360004007C4F12006A4F12005E04002FA06F669
:10337000BB4022FA05F5BA403343C4F120062B4383
:1033800001FA06F6A4F12005304321FA05F5E140E3
:10339000284319431043F0BD0A44431E914200D113
:1033A000704710B511F8014B914203F8014FF9D164
:1033B00010BD884210B501EB020402D984422346B5
:1033C00007D8431EA14208D011F8012B03F8012FA2
:1033D000F8E7024401468A4200D110BD13F8014DBE
:1033E00002F8014DF7E702440346934200D17047CB
:1033F00003F8011BF9E72DE9F04F55EC104BA446FB
:10340000C5F30A540346084644EA0C072946C5F3A7
:1034100013053026E14657EA0508AE465E7174D1C1
:103420000024A1421C716EDA0121A04219714FF0F3
:1034300000041ADA204603F112060D25C2F15702E4
:103440004FF0300C07F00F013F0947EA0E774FEAC3
:103450002E1E002940F08780A84201DB86F800C0BC
:10346000013D06F1FF36EDD176E00C2868DCC0F1B5
:103470000D010126890001F1FF3EA1F12108C1F1F2
:10348000210706FA08F826FA07F706FA0EF648EAC0
:10349000070816EB060A48EB080BDAF100076BEB9E
:1034A0004B0E1AF1FF3A4BF1FF3B0AEA0C0A0BEA0A
:1034B000050B564578EB0B0B11DBC1F1200BB1F17D
:1034C000200A2CFA01F105FA0BFB58BF45FA0AFA5B
:1034D00041EA0B0158BF41EA0A01C90724D51CEB98
:1034E000060C45EB0805E146B5F5801F1CDB597954
:1034F000B4F5806F01F10101597127D007EA0C077B
:103500000EEA050E97E7002891E75CB13126C90F56
:103510000028A4F2FF345E7119710FDB0C28A6DDC0
:103520000D2005E00124F2E707EA09090EEA050586
:10353000B4F5806F06D04F46AE467CE70020F7E733
:103540000D2078E759EA05051A7908D01A794FF461
:10355000806442F008021A711C60BDE8F08F42F0EE
:1035600004021A71F8E70929D4BF30318918A8423A
:103570003170B8BF284673E7D1E9043293421EBFC9
:103580005A1C0A61187070470148006870470000B3
:1035900008AB0020169EFD7F010000003D170200D1
:1035A00000000000000000006C36040065600300AD
:1035B000000000008960030000000000000000001F
:1035C000AC360400000000008C360400000000004F
:1035D000CC360400D9F1020000000000FB04040016
:1035E0000000000000000000EC36040000000000B5
:1035F0002C370400000000000C370400000000001D
:103600004C37040025D502000000000059DF0200FD
:1036100000000000051802000000000085FC010009
:10362000000000005915020000000000000000002A
:103630006C370400B9DC010000000000C565030020
:1036400000000000000000008C3704001119020087
:103650000000000077040400000000008104040062
:103660000000000071B5020000000000555905007F
:10367000C45404007840040084100020B4B5002035
:10368000C1D20200000000000000000093590500B4
:10369000E85404003C4004008C10002008B60020D0
:1036A000B1D7020000000000000000009F59050093
:1036B000005504003C4004008E10002014B6002089
:1036C000B1D702000000000000000000AA59050068
:1036D000185504003C4004009010002020B6002043
:1036E000B1D7020000000000000000007C59050076
:1036F00000000000244004008610002000000000AC
:10370000F5FF030000000000000000008F590500D5
:103710000000000034400400881000200000000079
:10372000B9D5020000000000000000008B59050020
:10373000000000002C4004008A100020000000005F
:103740002300040000000000000000001E5B0500D4
:1037500088550400944004009410002060B60020B6
:10376000EB01040000000000000000005C5D0500AB
:1037700000000000F855040096100020A4B60020B8
:10378000E5E502000000000000000000845A05008A
:103790003055040060400400921000202CB6002038
:1037A000DB000400CD000400000000000000000069
:1037B000A5CD030000000000A5CD0300000000001F
:1037C000A5CD030000000000A5CD0300000000000F
:1037D000A5CD030000000000A5CD030000000000FF
:1037E000A5CD030000000000A5CD030000000000EF
:1037F000A5CD030000000000A5CD030000000000DF
:10380000A5CD030000000000A5CD030000000000CE
:10381000A5CD030000000000A5CD030000000000BE
:10382000A5CD030000000000A5CD030000000000AE
:10383000A5CD030000000000A5CD0300000000009E
:10384000A5CD030000000000A5CD0300000000008E
:10385000A5CD030000000000A5CD0300000000007E
:10386000A5CD030000000000A5CD0300000000006E
:10387000A5CD030000000000A5CD0300000000005E
:10388000A5CD030000000000A5CD0300000000004E
:1038900031F2020000000000A5CD0300000000008E
:1038A000A5CD030000000000A5CD0300000000002E
:1038B000A5CD030000000000A5CD0300000000001E
:1038C000A5CD030000000000A5CD0300000000000E
:1038D000A5CD030000000000A5CD030000000000FE
:1038E000A5CD030000000000A5CD030000000000EE
:1038F000A5CD030000000000A5CD030000000000DE
:10390000A5CD030000000000A5CD030000000000CD
:10391000A5CD030000000000A5CD030000000000BD
:10392000A5CD030000000000A5CD030000000000AD
:10393000A5CD030000000000A5CD0300000000009D
:10394000A5CD030000000000A5CD0300000000008D
:10395000A5CD030000000000A5CD0300000000007D
:10396000A5CD030000000000A5CD0300000000006D
:10397000A5CD030000000000A5CD0300000000005D
:10398000A5CD030000000000A5CD0300000000004D
:10399000A5CD030000000000A5CD0300000000003D
:1039A000A5CD030000000000A5CD0300000000002D
:1039B000A5CD030000000000A5CD0300000000001D
:1039C000A5CD030000000000A5CD0300000000000D
:1039D000A5CD030000000000A5CD030000000000FD
:1039E000A5CD030000000000A5CD030000000000ED
:1039F00051A6030000000000A5CD03000000000058
:103A0000A5CD030000000000A5CD030000000000CC
:103A1000A5CD030000000000A5CD030000000000BC
:103A2000A5CD030000000000A5CD030000000000AC
:103A3000A5CD030000000000A5CD0300000000009C
:103A4000A5CD030000000000A5CD0300000000008C
:103A5000A5CD030000000000A5CD0300000000007C
:103A6000A5CD030000000000A5CD0300000000006C
:103A7000A5CD030000000000A5CD0300000000005C
:103A8000A5CD030000000000A5CD0300000000004C
:103A9000A5CD030000000000A5CD0300000000003C
:103AA000A5CD030000000000A5CD0300000000002C
:103AB000A5CD030000000000A5CD0300000000001C
:103AC000A5CD030000000000A5CD0300000000000C
:103AD000A5CD030000000000A5CD030000000000FC
:103AE000A5CD030000000000A5CD030000000000EC
:103AF000A5CD030000000000A5CD030000000000DC
:103B0000A5CD030000000000A5CD030000000000CB
:103B1000A5CD030000000000A5CD030000000000BB
:103B2000A5CD030000000000A5CD030000000000AB
:103B3000A5CD030000000000A5CD0300000000009B
:103B4000A5CD030000000000A5CD0300000000008B
:103B5000A5CD030000000000A5CD0300000000007B
:103B6000A5CD030000000000A5CD0300000000006B
:103B7000A5CD030000000000A5CD0300000000005B
:103B8000A5CD030000000000A5CD0300000000004B
:103B9000A5CD030000000000A5CD0300000000003B
:103BA000A5CD030000000000A5CD0300000000002B
:103BB000A5CD030000000000A5CD0300000000001B
:103BC000A5CD030000000000A5CD0300000000000B
:103BD000A5CD030000000000A5CD030000000000FB
:103BE000A5CD030000000000A5CD030000000000EB
:103BF000A5CD030000000000A5CD030000000000DB
:103C0000A5CD030000000000A5CD030000000000CA
:103C1000A5CD030000000000A5CD030000000000BA
:103C2000A5CD030000000000A5CD030000000000AA
:103C3000A5CD030000000000A5CD0300000000009A
:103C4000A5CD030000000000A5CD0300000000008A
:103C5000A5CD030000000000A5CD0300000000007A
:103C6000A5CD030000000000A5CD0300000000006A
:103C7000A5CD030000000000A5CD0300000000005A
:103C8000A5CD030000000000A5CD0300000000004A
:103C9000A5CD030000000000A5CD0300000000003A
:103CA000A5CD030000000000A5CD0300000000002A
:103CB000A5CD030000000000A5CD0300000000001A
:103CC000A5CD030000000000A5CD0300000000000A
:103CD000A5CD030000000000A5CD030000000000FA
:103CE000A5CD030000000000A5CD030000000000EA
:103CF000A5CD030000000000A5CD030000000000DA
:103D0000A5CD030000000000A5CD030000000000C9
:103D1000A5CD030000000000A5CD030000000000B9
:103D2000A5CD030000000000A5CD030000000000A9
:103D3000A5CD030000000000A5CD03000000000099
:103D4000A5CD030000000000A5CD03000000000089
:103D5000A5CD030000000000A5CD03000000000079
:103D6000A5CD030000000000A5CD03000000000069
:103D7000A5CD030000000000A5CD03000000000059
:103D8000A5CD030000000000A5CD03000000000049
:103D9000A5CD030000000000A5CD03000000000039
:103DA000A5CD030000000000A5CD03000000000029
:103DB000A5CD030000000000A5CD03000000000019
:103DC000A5CD030000000000A5CD03000000000009
:103DD000A5CD030000000000A5CD030000000000F9
:103DE000A5CD0300A50E0300170504000000000088
:103DF000A5CD030000000000A5CD030000000000D9
:103E0000A5CD030000000000A5CD030000000000C8
:103E1000A5CD030000000000A5CD030000000000B8
:103E2000A5CD030000000000A5CD030000000000A8
:103E3000A5CD030000000000A5CD03000000000098
:103E4000A5CD030000000000A5CD03000000000088
:103E5000A5CD030000000000A5CD03000000000078
:103E6000A5CD030000000000A5CD03000000000068
:103E7000A5CD030000000000A5CD03000000000058
:103E8000A5CD030089000300170504000000000011
:103E9000A5CD03002508030017050400000000005D
:103EA000A5CD030000000000A5CD03000000000028
:103EB000A5CD030000000000A5CD03000000000018
:103EC000A5CD030000000000A5CD03000D040300F4
:103ED0001705040000000000A5CD0300000000004D
:103EE000A5CD030000000000A5CD030000000000E8
:103EF000A5CD030000000000A5CD030000000000D8
:103F0000A5CD030000000000A5CD030000000000C7
:103F1000A5CD030000000000A5CD030000000000B7
:103F2000A5CD030000000000A5CD030000000000A7
:103F3000A5CD030000000000A5CD03000000000097
:103F4000A5CD030000000000A5CD03000000000087
:103F5000A5CD030000000000A5CD03000000000077
:103F6000A5CD030000000000A5CD03000000000067
:103F7000A5CD030000000000A5CD03000000000057
:103F8000A5CD030000000000A5CD03000000000047
:103F9000A5CD030000000000A5CD03000000000037
:103FA000A5CD030000000000A5CD03000000000027
:103FB000A5CD030000000000A5CD03000000000017
:103FC000A5CD030000000000A5CD03004C37040080
:103FD0008F01040013050400170504000000000011
:103FE000A5CD030000000000A5CD030000000000E7
:103FF000A5CD030000000000A5CD030000000000D7
:10400000A5CD030000000000A5CD030000000000C6
:10401000A5CD03009900030017050400000000006F
:10402000A5CD0300F9FF0300000000000F0004000D
:10403000000000000100040075D50200D1D5020087
:10404000330004003F000400530004005D0004003E
:104050006700040005D802007B0004000000000097
:1040600025DB02000000000059D90200000000001A
:1040700000000000E5DA02001DD3020047FF030044
:10408000A7FF030000000000E5FE030000000000A1
:1040900000000000A701040065DE02009901040091
:1040A0000500000069630200000000000600000037
:1040B000C593020000000000040000000D6902002A
:1040C0000000000085E501003DE501000000000062
:1040D00000000000000000000000000000000000E0
:1040E000000000000000000029B1020000000000F4
:1040F000000000000000000000000000B5AB02005E
:1041000000000000000000000000000000000000AF
:1041100000000000000000000000000091C102004B
:104120000000000000000000913E020000000000BE
:10413000000000000000000000000000000000007F
:10414000000000008C520400080000002C53040002
:1041500007000000F3410500030000003C4D05008E
:10416000030000003755050003000000AA550500B4
:10417000030000001556050003000000FD57050070
:1041800003000000F455050003000000E558050099
:10419000030000009C55050003000000E134050009
:1041A000030000008C490500030000000B590500C6
:1041B000030000000B3505000300000098460500D1
:1041C00003000000A54F050003000000243F050088
:1041D00003000000AA41050003000000305505005F
:1041E000030000005B530500030000001E4B0500A8
:1041F000030000009455050003000000A0340500F2
:10420000030000001145050003000000795D050072
:1042100003000000675D0500030000002C5305004B
:10422000030000004A59050003000000962D050018
:10423000030000006E59050003000000D95E050070
:1042400003000000085C050003000000B5590500EC
:10425000030000008E5A050003000000AF2D05008A
:1042600003000000B32D050003000000DB2E050055
:1042700003000000A55D050003000000AF3305004A
:10428000030000003C340500030000004434050036
:1042900003000000CB5D050003000000BB5E0500CD
:1042A000030000001C5C05000300000053340500FF
:1042B000030000002A5B050003000000D04F04004B
:0C42C000D4090020CA2E050001000000F7
:1042D000253E05002A3E05002E3E0500323E050023
:1042E000363E05003A3E05003E3E0500423E0500D2
:1042F000463E05004A3E05004E3E0500523E050082
:10430000563E05005A3E05005E3E0500623E050031
:1043100000A0105000820D50000405500500000060
:1043200004000000010000000A0000000A00000074
:104330000800000006000000FCDE41EBA2D1422490
:1043400000B5F8579FAC9D9EAAC9B434010208007D
:10435000030402000000000048A3000014A00000B5
:1043600068A600003CA5000000000000000000005E
:1043700000000000F401FA00960064004B003200D7
:104380001E0014000A000500020001002526270176
:10439000020401020403010203030000250D0F0FB4
:1043A000010204010204000000000000F0230000EC
:1043B000241300003CF000003CF00000000000006E
:1043C00048A3000014A0000068A600003CA500005F
:1043D00000000000000000000000000000000000DD
:1043E00048A3000014A0000068A600003CA500003F
:1043F00000000000000000000000000003040200B4
:104400000000000048A3000014A0000068A60000FF
:104410003CA50000000000000000000000000000BB
:1044200001020303F401FA00960064004B0032001D
:104430001E0014000A000500020001000000000038
:1044400048A3000014A0000068A600003CA50000DE
:10445000000000000000000000000000000000005C
:10446000F0230000241300003CF000003CF00000AA
:10447000F401FA00960064004B0032001E001400A4
:104480000A000500020001000102FFFFFFFFFF0319
:104490000F141E28323C5064780000000000000019
:1044A00048A3000014A0000068A600003CA500007E
:1044B00000000000000000000000000001020303F3
:1044C00001010002070001020401000100000101D6
:1044D0000000010001000001000100000000F401E3
:1044E000FA00960064004B0032001E0014000A001F
:1044F0000500020001000102080F141E28323C5082
:10450000647800000203000001000B0002000A00B2
:10451000050009000A000800140007001E0006003C
:10452000320005004B000400640003009600020006
:10453000FA000100F401000001020303020301007C
:104540000C0802170D0101020909010106020918F0
:1045500018030101090903030503020123020224D0
:104560000910040405050B0B040B2B1B1B151A1A51
:104570001C021D16130501490D150508061B1B0F0E
:1045800002020801010000FEFEFEFEFEFEFEFEFE2F
:10459000FEFEFEFEFEFEFEFE16FEFEFEFEFEFEFE23
:1045A000FEFEFEFE1F1FFEFE26FEFEFEFEFE30FE8F
:1045B000FEFE32FEFE32FEFE35FEFE3E3EFEFEFEFC
:1045C000FE3B3B000000000048A3000014A00000D8
:1045D00068A600003CA500000000000000000000EC
:1045E00000000000F401FA00960064004B00320065
:1045F0001E0014000A000500020001000000000077
:1046000048A3000014A0000068A600003CA500001C
:104610000000000000000000000000000001020295
:1046200001020400A201B003BE05EE024806A20981
:10463000C405F40B24120E021C045A03B4063006FF
:10464000600C0102030300000102030300000000EC
:1046500048A3000014A0000068A600003CA50000CC
:104660000000000000000000000000000102040142
:10467000020303000000000048A3000014A0000093
:1046800068A600003CA5000000000000000000003B
:104690000000000000000000F023000024130000D0
:1046A0003CF000003CF000000000000048A30000C7
:1046B00014A0000068A600003CA500000000000057
:1046C00000000000000000000000000048A30000FF
:1046D00014A0000068A600003CA500000000000037
:1046E00000000000000000000102030300000000C1
:1046F000F0230000241300003CF000003CF0000018
:1047000001020400030000000000000048A30000B4
:1047100014A0000068A600003CA5000000000000F6
:10472000000000000000000000000000F023000076
:10473000241300003CF000003CF0000000000000EA
:1047400048A3000014A0000068A600003CA50000DB
:10475000000000000000000000000000F401FA006A
:10476000960064004B0032001E0014000A00050091
:10477000020001000000000048A3000014A0000097
:1047800068A600003CA5000000000000000000003A
:1047900000000000F401FA00960064004B003200B3
:1047A0001E0014000A0005000200010000000000C5
:1047B000F0230000241300003CF000003CF0000057
:1047C00001020303000102020102040000000000D4
:1047D00048A3000014A0000068A600003CA500004B
:1047E00000000000000000000000000000010302C3
:1047F000802000200200000BE3A3C30084000020FF
:104800000200000BEC2000200200000CEE20002033
:104810000200000BEE2000200100000CF020002020
:104820000100000C01000000070000000000000073
:104830000000000000000000000040060C036009BA
:10484000340800000000000048A3000014A000008D
:1048500068A600003CA50000000000000000000069
:10486000000000000406080A0C0E10121416181C92
:104870001E20222426282A2C2E30323436383A3C68
:104880003E40424446484A4C4E021A500000000046
:104890002800000018000000500100005001000036
:1048A00000000000F0230000241300003CF0000092
:1048B0003CF0000000000000F02300002413000082
:1048C000E8670000187900001C0C7805A43814373C
:1048D0000000000040060000400600004006000006
:1048E00040060000000098086B0358029C18000066
:1048F00000000000F0230000241300003CF0000042
:104900003CF00000010208FF7F00200018000A8030
:104910000720029801AA8000000000280000002063
:104920000102030402030404010203040101010261
:104930000101010102030402E4E1D8D2C6C9B4B105
:104940009C93878D6C6378724E4B272D1B1E3639D6
:104950000020602040608001020403010204000086
:10496000000000000000010101010101010101013D
:104970000101020202020202030304040505060605
:1049800007070808090A0B0C0D0E0F10111213145B
:1049900015161718191A1B0010010000D20000008C
:1049A00030010000D800000001000000E400000019
:1049B00002000000EA00000002000000EC0000001D
:1049C00003000000EE00000004000000F000000002
:1049D00005000000F200000006000000F4000000E6
:1049E00007000000F600000008000000F7000000CB
:1049F00009000000F80000000A000000F9000000B3
:104A00000B000000FA0000000A000000FB0000009C
:104A10000F000000FC00000011000000FD0000007D
:104A200013000000FE00000015000000FF00000061
:104A300018000000000000001B0000000100000042
:104A40001F0000000200000023000000030000001F
:104A500028000000040000002D00000005000000F8
:104A600033000000060000003900000007000000CD
:104A70003F0000000800000008090A0608080102BB
:104A8000060000100200FA000000FCDE41EBA2D19B
:104A9000422400B5F8579FAC9D9EAAC9B4340000CB
:104AA0008BD3010097D301009BD30100A3D3010056
:104AB000A7D30100010160003000000000000000E9
:104AC0000001000812000000000000000103006265
:104AD000746C650000000000000000000000000091
:104AE00000000000000000000000000000000000C6
:104AF00000000000000000000000000000000000B6
:104B000000010000000000000000000000000000A4
:104B10000338FDD8704700000000000000000000CE
:104B20000338FDD8704700000100000000000000BD
:104B30000500000000000000190000000000000057
:104B40007D00000000000000710200000000000075
:104B5000350C000000000000093D000000000000CE
:104B60002D31010000000000E1F50500000000000B
:104B700065CD1D0000000000F90295000000000056
:104B8000DD0EE90200000000514A8D0E0000000019
:104B90009573C24800000000E941CC6B01000000A1
:104BA0008D49FD1A07000000C16FF2862300000046
:104BB000C52EBCA2B1000000D9E9AC2D78030000DD
:104BC0003D9160E45811000031D6E275BC560000FA
:104BD000F52E6E4DAEB10100C9EA26836778080054
:104BE000ED95C28F055A2A00A1EDCCCE1BC2D30091
:104BF00025A4000A8BCA2204000000000000000067
:104C00000000000000000010000000000000000094
:104C1000B9340332B7F4AD1410DB1AB30892540E52
:104C20000D307D951447BA1A66088F4D26ADC66DB6
:104C3000F598BF85E2B74511CA96853D92BD1DEB3B
:104C4000FCA11860DCEF52163C92AE220BB8C1B446
:104C5000839D2D5B0562DA1C304C7E8F4E8BB25BE0
:104C600016F4529F8B56A512FBD4827643ED8AF040
:104C70008FE7F9311565191850F19BD94A13EEB435
:104C8000284CF0A686C1251F035FC270CB9E491633
:104C9000E642889C44EB2014B0650836AD6EA585CD
:104CA00085F0CA14E2FD031A0B899979D5B13D0943
:104CB000D8DA973A35EBCF10AC363F5E73BB38CFBE
:104CC0003E6752FA44AFBA15010000000000000030
:104CD0000000000000000020345065C05FC9A652EB
:104CE000BB13CBAEC440C21806C8DF7100D5A87C88
:104CF000F56F0FDA58FC27136E4756357D24206573
:104D000002C7E768E48CA41DE9E60268D7CD3961E3
:104D10007977FCC2405BEF16798CDE43FFA751F92F
:104D200091F3B278F5BDBE11E857E9D6E8BEE87B4D
:104D3000B054AC8F848D751BEA23A499E9F9D38B09
:104D4000B7A3714061DA3E15CEE33ECB73F9480854
:104D50008C97B427D51B7010A2BFEFB9EB85321525
:104D60004DB44DB49BBB6F1996B6076CF8E7EEAD2A
:104D700036D9B4F59135AE13222218AF4E6A684D7C
:104D800091DAAA3D4F40741E9FBD9EE006A1C098D7
:104D900057C2A7FDA40E90170E7D497173E3208FB3
:104DA000B220D87605143B12853D7434811343B08C
:104DB000AD297A5F27F4351C0000060000000000D2
:104DC0001000000003019400020202020301050426
:104DD0002800780000000000000000000000000033
:104DE00000000000000000000000000000000000C3
:104DF00000000000000000000000000000000000B3
:104E000000000000000000000000000000000000A2
:104E10000000000000000000000000000000000092
:104E20000000000000000000000000000000000082
:104E30000000000000000000000000000000000072
:104E40000000000000000000000000000000000062
:104E50000000000000000000000000000000000052
:104E60000000000000000000000000000000000042
:104E70000000000000000000040000000301070023
:104E80000000000000000000000000000000000022
:104E90000000000000000000000000000000000012
:104EA0000000000000000000000000000000000002
:104EB00000000000000000000000000000000000F2
:104EC00000000000000000000000000000000000E2
:104ED00000000000000000000000000000000000D2
:104EE00000000000000000000000000000000000C2
:104EF00000000000000000000000000000000000B2
:104F000000000000000000000000000000000000A1
:104F10000000000000000000000000000000000091
:104F20000000000000000000000000000000000081
:104F30008C3704001800000000D00D50444F0400CE
:104F4000010000004C4F0400040000002700001383
:104F50002600000E2500001024000012AC360400CC
:104F60000E000000CC36040009000000902800204C
:104F70000001000005CB0300AFCA030002000000DF
:104F8000ABCC0300000000000000000000000000A7
:104F900000000000AA2E0500B22E0500000000004F
:104FA0000000000000000000BA2E0500BE2E050023
:104FB000C22E0500C62E0500C04F0400DCAA00204A
:104FC000B1060200FCAA002033C20020010000004C
:104FD00069CD03005FCD03002DCD030021CD03007B
:104FE0000000000015CD030000000000400000207C
:104FF0000000000006000100020000000050040054
:10500000000000001F34050006000000E04F1600FD
:10501000000000202734050021000000E0EF0220FE
:10502000DC090020E5150200000000005DCE030051
:10503000245004003C50040008010000C05301202B
:10504000245004004C5004003D000000D07C01209E
:10505000245004005C50040002010000D07D0120B7
:10506000663E0500843E05009F3E0500AF3E0500FC
:10507000BC3E0500C53E0500CC3E0500D33E050004
:10508000DA3E0500E23E0500BC3E0500EA3E0500B2
:10509000FC3E0500113F05000E030000DD3002005C
:1050A0000F040000A93002001A0100000D1B0200CD
:1050B00005040000251B020013010000E921020085
:1050C000FF010000312102003E0100001121020019
:1050D00005040000711B02000804000031240200D6
:1050E00030030000A923020010010000191C020077
:1050F0000201000095490200011200002D3002005B
:105100000A1E0000FDD3030003090000791C020001
:10511000040B0000F91D0200060A000075290200B8
:10512000070A0000E91B02000C050000B51B020085
:10513000050C0000B1280200120500004D3C0200E1
:1051400013080000413D020011000000FD42020072
:105150000D0100007D4302000E0F00001546020005
:105160000F0700007145020010020000A547020071
:1051700018130000D54702001D0E00008DA7020085
:105180001E020000A9A8020022130000E14802004C
:10519000245004009C51040003010000EC7E012017
:1051A0000B49050018490500384905002C49050040
:1051B000434905005A4905006A4905009B4C050012
:1051C0007E49050024500400D05104000000000076
:1051D0004082012024500400E05104004A000000F5
:1051E000688201203BDD03003DDD0300000000007C
:1051F00000000000000000005966020000000000EE
:105200000000000000000000000000000202010099
:10521000E9E5030004040100097602000606010026
:105220004975020008040100357402000A020100F9
:10523000D1E503000C040100B9E503000E040100F0
:1052400009730200200401006D72020010040100C5
:105250007D710200120201006DE5030016040100D9
:105260007DDF030018010100BBE203001E00040003
:105270008FE603005202000093E50300245004006F
:10528000885204004C000000C0830120481E050025
:1052900029EA030000000000441E05000000010090
:1052A000401E0500EBEB030000000000A00A0020F8
:1052B00000000100381E0500000000000000000092
:1052C0000000000000000000341E0500FBE90300A0
:1052D000697D0200A80A002000000300301E0500BE
:1052E000EBEB030000000000980A00200000010022
:1052F000281E050061EA0300557B02000000000043
:1053000000000300241E0500EBEB0300000000007A
:10531000900A0020000001001C1E0500A180020070
:10532000000000000000000000000100741E0500E5
:1053300029EA030000000000701E050000000100C3
:105340006C1E0500EBEB030000000000DC0A0020EF
:1053500000000100641E050091EA03000000000047
:105360000000000000000100601E0500EBEB0300E0
:1053700000000000D40A002000000100581E0500B3
:10538000BBEA030000000000000000000000010074
:10539000541E0500EBEB030000000000CC0A0020C7
:1053A000000001004C1E0500B17A02000000000060
:1053B00000000000000001005193020089F003008A
:1053C000699D02000000000000000000599A0200E0
:1053D00000000000000000000000000000000000CD
:1053E0000000000000000000C99402000600000058
:1053F00083EE030006000000C590020010000000CC
:10540000398D020010000000099D0200010000001B
:105410003FED0300100000007FEE03000A000000D3
:10542000E5930200100000003D9B02000700000011
:1054300087EE030010000000C5ED0300010000002E
:105440008D9202004000000023EE030010000000D7
:10545000DDED03000100000024500400645404004A
:10546000080100009C850120401F0000112B000056
:10547000803E000022560000C05D0000007D00005C
:1054800044AC000080BB0000885801000077010098
:1054900010B1020000EE020000DC0500B15705006B
:1054A000B6570500C7570500D6570500DF5705005A
:1054B000E9570500F357050049D2020019D202004E
:1054C00000000000A5D302008DD202006259050041
:1054D000C9FF0300CFFF03006859050000A010506A
:1054E00000820D50000405501F00000000A0105065
:1054F000000000000000000000C01050010000008B
:10550000FFFF000000820D500000000001000000BD
:1055100000A00D5000000000FF070000000405502F
:105520000000000002000000000000000000000079
:1055300000700C500000000000000000000000009F
:10554000000098010000010121D9020010000000B4
:10555000D1000400605504007DC40020FFFF00005E
:1055600000700C506C5504000100000074550400DC
:10557000020000002B00000C2C00000B00A01050BB
:1055800000820D5000040550004010500000000043
:1055900000000000B455040000C201000000D60164
:1055A0000000000000000040000000008EC4002049
:1055B0008DC4002000401050C055040001000000C0
:1055C000C8550400040000000000000002000002B2
:1055D0000106000103060003AC3604000D001100B3
:1055E000AC36040009001100AC36040008001100BC
:1055F0008C36040004001100D5E402000503040009
:10560000330304000001000000A0105000820D5080
:105610000004055008000000020000000400000023
:105620000100000000A0105000820D500004055041
:1056300000A0105000820D500004055000A0105032
:1056400000820D5000040550CD160300E51503003F
:10565000ED1403006114030075290300752903008C
:1056600045260300A1220300BD1C03000000803F6B
:10567000C2958B3FF037983FD7FEA53FF304B53F67
:105680002A67C53FFD44D73FC7C0EA3F0000803EC0
:10569000CE25B43E868AB13E8639AD3E753DA73EE5
:1056A00012A59F3E1783963E0AEE8B3E0000803E79
:1056B000C6AC653E4E23493EF2A92A3ED48B0A3E33
:1056C0004530D23DAF428D3DA9F10D3D0000803EF9
:1056D0008639AD3E1783963EC6AC653ED48B0A3EF6
:1056E000A9F10D3DAF428DBDF2A92ABE000080BEDA
:1056F00012A59FBE868AB1BECE25B4BE753DA7BE9B
:105700000AEE8BBE4E2349BE4530D2BD0000803E1E
:1057100012A59F3E4E23493EA9F10D3DD48B0ABEF2
:105720000AEE8BBE868AB1BE8639ADBE000080BE51
:105730004530D2BDAF428D3DC6AC653E753DA73EFE
:10574000CE25B43E1783963EF2A92A3E0000803E45
:105750000AEE8B3EAF428D3DF2A92ABE753DA7BE33
:105760008639ADBE4E2349BEA9F10D3D0000803EF5
:10577000CE25B43E1783963E4530D23DD48B0ABE2B
:1057800012A59FBE868AB1BEC6AC65BE0000803E33
:10579000C6AC653EAF428DBD12A59FBE753DA7BE8E
:1057A0004530D2BD4E23493ECE25B43E0000803E5A
:1057B000A9F10DBD178396BE8639ADBED48B0ABE46
:1057C000F2A92A3E868AB13E0AEE8B3E0000803E58
:1057D000F2A92A3E4E2349BECE25B4BED48B0ABEC2
:1057E000C6AC653E868AB13E4530D23D000080BEE3
:1057F0008639ADBEAF428DBD0AEE8B3E753DA73EEC
:10580000A9F10D3D178396BE12A59FBE0000803EF4
:105810004530D23D178396BE0AEE8BBED48B0A3E2E
:10582000CE25B43EAF428D3D12A59FBE000080BE86
:10583000F2A92A3E868AB13EA9F10D3D753DA7BE6B
:10584000C6AC65BE4E23493E8639AD3E0000803E63
:10585000A9F10D3D868AB1BE4530D2BD753DA73E4A
:10586000F2A92A3E178396BEC6AC65BE0000803EF4
:105870000AEE8B3E4E2349BE12A59FBED48B0A3E34
:105880008639AD3EAF428DBDCE25B4BE0000803E10
:10589000A9F10DBD868AB1BE4530D23D753DA73E0A
:1058A000F2A92ABE178396BEC6AC653E0000803EB4
:1058B0000AEE8BBE4E2349BE12A59F3ED48B0A3EF4
:1058C0008639ADBEAF428DBDCE25B43E0000803ED0
:1058D0004530D2BD178396BE0AEE8B3ED48B0A3E6E
:1058E000CE25B4BEAF428D3D12A59F3E000080BEC6
:1058F000F2A92ABE868AB13EA9F10DBD753DA7BEAB
:10590000C6AC653E4E23493E8639ADBE0000803EA2
:10591000F2A92ABE4E2349BECE25B43ED48B0ABE80
:10592000C6AC65BE868AB13E4530D2BD000080BEA1
:105930008639AD3EAF428DBD0AEE8BBE753DA73EAA
:10594000A9F10DBD178396BE12A59F3E0000803EB3
:10595000C6AC65BEAF428DBD12A59F3E753DA7BECC
:105960004530D23D4E23493ECE25B4BE0000803E98
:10597000A9F10D3D178396BE8639AD3ED48B0ABE84
:10598000F2A92ABE868AB13E0AEE8BBE0000803E96
:105990000AEE8BBEAF428D3DF2A92A3E753DA7BEF1
:1059A0008639AD3E4E2349BEA9F10DBD0000803EB3
:1059B000CE25B4BE1783963E4530D2BDD48B0ABEE9
:1059C00012A59F3E868AB1BEC6AC653E0000803EF1
:1059D00012A59FBE4E23493EA9F10DBDD48B0ABE30
:1059E0000AEE8B3E868AB1BE8639AD3E000080BE8F
:1059F0004530D23DAF428D3DC6AC65BE753DA73E3C
:105A0000CE25B4BE1783963EF2A92ABE0000803E82
:105A10008639ADBE1783963EC6AC65BED48B0A3EB2
:105A2000A9F10DBDAF428DBDF2A92A3E000080BE96
:105A300012A59F3E868AB1BECE25B43E753DA7BE57
:105A40000AEE8B3E4E2349BE4530D23D0000803EDB
:105A5000CE25B4BE868AB13E8639ADBE753DA73E21
:105A600012A59FBE1783963E0AEE8BBE0000803EB5
:105A7000C6AC65BE4E23493EF2A92ABED48B0A3E6F
:105A80004530D2BDAF428D3DA9F10DBD0000803F34
:105A900095F88A3FE4E1963F8FD0A33FFDDAB13F0E
:105AA0008019C13F80A6D13FA99EE33F1A21F73F4D
:105AB000D027064076A7114069231E404AB12B40EB
:105AC00093683A40C2624A4084BB5B40E5906E40B6
:105AD000C3818140689B8C409DA8984042BEA540F0
:105AE00000F3B340755FC340561ED440A64CE64059
:105AF000E409FA4020BC07416D5E1341000001003B
:105B0000010001000200AF00B1003000E10001001F
:105B1000E2000100E3006D00500124007401AB00BD
:105B20001F026D008C022F00BB021400CF02310057
:105B3000000324002403140038030A004203BE00BB
:105B40000000120012001A002C0011003D000A0093
:105B500047001B0062002500870018009F0010000E
:105B6000AF001600C5002000E5001600FB000E0087
:105B7000090111001A011A003401140048010D0036
:105B80005501AB020000470047005C00A300310054
:105B9000D4001900ED0051003E016600A4013D0053
:105BA000E101210002022A002C02390065022700CF
:105BB0008C021700A3021600B9021E00D7021600BD
:105BC000ED020F00FC0204010000A000A000820012
:105BD00022012E005001120062017900DB017B00DE
:105BE000560237008D021800A5022D00D2023700A0
:105BF00009031F0028030F00370313004A0318008E
:105C000062030F00710309007A0386000000470059
:105C10004700490090002100B1001200C300470076
:105C20000A014C0056012B0081011A009B01220041
:105C3000BD012C00E9011E00070214001B02140024
:105C40002F021B004A0215005F020F006E02920134
:105C50000000300030003C006C0020008C0013007D
:105C60009F003A00D90044001D012A0047011B0093
:105C700062011F0081012A00AB011E00C90115004D
:105C8000DE011300F1011B000C02150021021000BF
:105C90003102CF0100008A008A006D00F7002B005E
:105CA0002201120034016F00A301700013023500BD
:105CB0004802190061022E008F023700C602200040
:105CC000E6021100F70215000C031B002703120067
:105CD00039030B004403BC00000010001000180042
:105CE000280016003E0011004F0018006700240035
:105CF0008B001F00AA001900C3001400D7001E006B
:105D0000F50019000E01140022010F0031011600E8
:105D1000470113005A0110006A0196020000430275
:105D200043029600D9020C00E5020200E7029A0045
:105D300081034900CA030A00D4030200D6030E00FF
:105D4000E4030B00EF030300F2030100F30303007D
:105D5000F6030300F9030100FA030100FB03050049
:105D600000008E018E01B800460219005F02050096
:105D70006402B00014037200860317009D0306003E
:105D8000A3031900BC031700D3030800DB030300BF
:105D9000DE030600E4030600EA030300ED0302004D
:105DA000EF03110000000D000D001500220012008D
:105DB00034000B003F00140053001D00700016005B
:105DC00086000F0095000E00A3001400B70010001D
:105DD000C7000C00D3000A00DD000E00EB000C0031
:105DE000F7000A000101FF02000019011901B700C4
:105DF000D0012500F5010900FE01AB00A9028B00CE
:105E00003403250059030A0063032300860324009A
:105E1000AA030F00B9030600BF030900C8030A0064
:105E2000D2030600D8030300DB0325000000C600F0
:105E3000C600A4006A012E0098010D00A5019A0079
:105E40003F029300D20233000503100015032B001C
:105E5000400331007103180089030A0093030D0009
:105E6000A0031000B0030A00BA030500BF034100FD
:105E7000000001000100010002005D005F002C0035
:105E80008B0001008C0001008D004800D500260029
:105E9000FB0056005101460097012B00C20119007A
:105EA000DB01280003022400270219004002100031
:105EB0005002B0010000850085008D0012014000F5
:105EC00052011C006E017500E3017A005D023B0087
:105ED00098021B00B3022700DA0230000A031D00FB
:105EE00027030F0036030F004503140059030D006C
:105EF000660308006E0392000000800080007D00B1
:105F0000FD0031002E01120040017B00BB01860024
:105F100041023B007C02170093023100C4023B00A7
:105F2000FF0220001F030F002E031300410318007F
:105F300059030F006803090071038F00000001007E
:105F40000100010002001700190011002A000100E1
:105F50002B0001002C001700430012005500140014
:105F6000690015007E00120090000F009F000F00D6
:105F7000AE001100BF000E00CD000C00D9002703B9
:105F80000000460046006000A6003F00E500260035
:105F90000B01590064017000D40141001502240076
:105FA000390225005E022F008D022000AD02140090
:105FB000C1021100D2021700E9021100FA020C001E
:105FC0000603FA000000370037004B0082002D0066
:105FD000AF001900C80044000C015A0066013A00E5
:105FE000A0012100C1012700E80136001E022700A0
:105FF000450219005E02160074021F009302180089
:10600000AB021000BB0245010000010001000200CC
:106010000300020005000200070002000900020060
:106020000B0002000D0002000F0002001100020030
:106030001300020015000200170002001900020000
:106040001B0002001D0002001F00E10300002200EF
:1060500022003300550026007B0018009300310019
:10606000C4004500090134003D0123006001220005
:1060700082012F00B1012500D6011B00F10115009E
:1060800006021F00250219003E0213005102AF0153
:1060900000001E001E002B004900200069001600B1
:1060A0007F002B00AA003B00E5002D0012011F001D
:1060B00031011E004F012A00790122009B011900C5
:1060C000B4011300C7011C00E3011700FA0112001C
:1060D0000C02F4010000090009000F0018000E0076
:1060E00026000D0033000E00410016005700150079
:1060F0006C0012007E000D008B0014009F00120047
:10610000B1001000C1000B00CC001100DD000F0039
:10611000EC000E00FA00060300001E001E002C001A
:106120004A001F00690014007D002900A6003A0003
:10613000E0002A000A011C0026011C004201270081
:1061400069011E00870116009D011200AF011A00AF
:10615000C9011500DE011000EE01120200000F005F
:106160000F001700260014003A000F004900160027
:106170005F00210080001C009C001600B20012008D
:10618000C4001A00DE001700F500120007010D0020
:1061900014011400280112003A010F004901B7024E
:1061A00000000B000B0011001C0010002C000D0063
:1061B000390011004A001A00640017007B00130028
:1061C0008E000F009D001600B3001400C7001100E0
:1061D000D8000C00E4001200F600100006010E00CA
:1061E0001401EC020000C001C001AB006B021400FE
:1061F0007F0204008302B200350369009E0312008F
:10620000B0030400B4031700CB031400DF0307003E
:10621000E6030200E8030500ED030500F2030200B7
:10622000F4030100F5030B0000004C014C01BC001D
:1062300008021D00250206002B02BA00E5028500B7
:106240006A031D00870307008E031E00AC031E00B7
:10625000CA030B00D5030400D9030600DF030700BF
:10626000E6030400EA030200EC0314000000080047
:1062700008000D0015000D0022000B002D000D0080
:106280003A0014004E0012006000100070000C0074
:106290007C0011008D0010009D000D00AA000A0076
:1062A000B4000E00C2000D00CF000C00DB0025037F
:1062B0000000EF00EF00B0009F012A00C9010B00B1
:1062C000D401A3007702910008032C0034030D00D1
:1062D0004103270068032A0092031300A503070067
:1062E000AC030B00B7030D00C4030700CB0304008D
:1062F000CF0331000000A500A50091003601310058
:106300006701100077018A0001028B008C023700C0
:10631000C3021400D7022F00060336003C031C0002
:1063200058030C00640310007403140088030C006D
:10633000940307009B0365000000030003000500B1
:10634000080005000D0005001200050017000700F9
:106350001E000700250007002C0004003000070085
:10636000370007003E000600440004004800060015
:106370004E000600540006005A00A60300007300F9
:1063800073007A00ED0034002101160037016F0020
:10639000A6017D0023023D0060021B007B022D0050
:1063A000A8023900E10222000303110014031300C4
:1063B000270319004003110051030A005B03A500E5
:1063C00000006B006B007200DD003300100115004F
:1063D00025016A008F017A0009023D0046021C0077
:1063E00062022E0090023A00CA022300ED0212005F
:1063F000FF02140013031A002D0312003F030B00C9
:106400004A03B6000000060006000A0010000A0059
:106410001A00090023000A002D000F003C000F00A5
:106420004B000E005900090062000E0070000D00C4
:106430007D000C008900080091000C009D000B00FD
:10644000A8000A00B2004E030000480048005800AF
:10645000A0003200D2001A00EC0054004001660097
:10646000A6013C00E2012000020229002B023500B7
:10647000600224008402150099021400AD021B0082
:10648000C8021400DC020D00E902170100002D0013
:106490002D003F006C002D0099001E00B7003D004C
:1064A000F400530047013A0081012400A5012200B5
:1064B000C7012F00F6012200180217002F02130057
:1064C00042021B005D02150072020F0081027F0173
:1064D00000000100010001000200070009000700A0
:1064E0001000010011000100120008001A0008004D
:1064F00022000600280008003000070037000700CF
:106500003E000600440007004B0007005200060052
:106510005800A80300001D001D002C0049002300A6
:106520006C00180084002A00AE003E00EC00300031
:106530001C0122003E011E005C012B00870123008C
:10654000AA011A00C4011300D7011D00F4011800AC
:106550000C0213001F02E1010000140014001F00D0
:10656000330019004C0011005D001E007B002B0061
:10657000A6002200C8001900E1001600F700200064
:1065800017011A00310115004601100056011700CD
:106590006D0114008101100091016F020000E602FC
:1065A000E60267004D0305005203010053036C002F
:1065B000BF032600E5030400E9030100EA03070026
:1065C000F1030500F6030200F8030100F9030200DD
:1065D000FB030100FC030100FD030100FE030200B8
:1065E00000002A002A0034005E001B007900100021
:1065F00089003100BA003A00F400240018011700A5
:106600002F011B004A0124006E011A0088011200AC
:106610009A011100AB011800C3011300D6010E004E
:10662000E4011C0200000D000D0014002100120006
:1066300033000F004200130055001D0072001A00C5
:106640008C001500A1001100B2001900CB0016004B
:10665000E1001200F3000D0000011300130111000E
:1066600024010F003301CD020000F501F501A9005E
:106670009E021300B1020400B5029B0050035800B3
:10668000A8031000B8030400BC031300CF031000DC
:10669000DF030600E5030200E7030500EC03040046
:1066A000F0030200F2030100F3030D000000BD013E
:1066B000BD018800450216005B02060061029E00D3
:1066C000FF02620061031700780307007F031F00C9
:1066D0009E031C00BA030A00C4030400C803090097
:1066E000D1030900DA030500DF030200E1031F0004
:1066F00000001D011D019D00BA012500DF010A00F7
:10670000E901A1008A0281000B03270032030C007B
:106710003E03280066032A0090031200A20307002C
:10672000A9030C00B5030E00C3030800CB0304004B
:10673000CF03310000005D015D01B30010022100B4
:10674000310208003902A200DB02790054031F0065
:10675000730309007C031F009B031E00B9030C0098
:10676000C5030500CA030800D2030900DB030500C6
:10677000E0030200E2031E000000C700C7009C0007
:1067800063012F0092010F00A101920033028900E2
:10679000BC023200EE021100FF022C002B0331007C
:1067A0005C03180074030A007E030F008D031100C0
:1067B0009E030A00A8030600AE03520000008D00ED
:1067C0008D00860013013200450112005701800040
:1067D000D70187005E023A0098021600AE02300030
:1067E000DE02390017031F0036030E0044031200B7
:1067F000560317006D030E007B03080083037D0022
:106800000000F300F300C200B5013800ED011100F3
:10681000FE018B0089027E0007032D003403100067
:106820004403210065032400890312009B03080030
:10683000A3030A00AD030C00B9030700C003040062
:10684000C4033C0000005B005B006A00C50033002D
:10685000F80017000F01630072017500E7013F00A7
:1068600026021E0044022D0071023B00AC022500EE
:10687000D1021400E5021400F9021B0014031300F6
:1068800027030C003303CD0000006B006B005E009B
:10689000C9002900F200140006015C0062016100D9
:1068A000C3013400F7011C0013022A003D02350029
:1068B0007202220094021400A8021500BD021D00FD
:1068C000DA021500EF020E00FD0203010000A8002D
:1068D000A800AB005301440097011900B0017900F2
:1068E00029027B00A4023700DB021800F302220019
:1068F000150329003E03180056030C0062030D0027
:106900006F0310007F030B008A03060090037000E2
:10691000000043004300500093002C00BF0017000C
:10692000D6004C0022015E0080013900B9011F0031
:10693000D801290001023600370225005C02170049
:106940007302150088021E00A6021600BC020F008A
:10695000CB02350100002E002E003F006D00270005
:1069600094001700AB003A00E5004E0033013400FC
:106970006701200087012400AB013100DC01250004
:1069800001021800190215002E021E004C02180008
:106990006402110075028B01000050035003460091
:1069A000960302009803010099034B00E4031000D2
:1069B000F4030100F5030100F6030200F8030100EF
:1069C000F9030100FA030100FB030100FC030100CD
:1069D000FD030100FE030100FF030100000024008D
:1069E00024003400580023007B0016009100300082
:1069F000C100430004013000340120005401200094
:106A000074012D00A1012300C4011800DC01140051
:106A1000F0011D000D021700240211003502CB0108
:106A200000001800180025003D001D005A00140049
:106A30006E00230091003300C4002900ED001D000A
:106A40000A011A00240126004A011F0069011800EA
:106A50008101120093011B00AE011700C501120055
:106A6000D70129020000550055006100B600300032
:106A7000E6001700FD005B0058016E00C6013D00F6
:106A800003021E0021022D004E023A00880225005A
:106A9000AD021500C2021500D7021D00F402140059
:106AA00008030D001503EB0000001600160021007E
:106AB00037001B00520014006600210087003000E0
:106AC000B7002700DE001E00FC001A00160125009A
:106AD0003B011E00590117007001110081011900CE
:106AE0009A011500AF011100C00140020000010031
:106AF00001000100020036003800210059000100A9
:106B00005A0001005B0031008C002000AC00310015
:106B1000DD002F000C0123002F01190048011E0089
:106B200066011E00840118009C011200AE01520291
:106B300000002D002D0040006D002B009800190072
:106B4000B1003E00EF005100400138007801230001
:106B50009B012500C0013300F301260019021A0031
:106B60003302160049021F0068021800800212005A
:106B700092026E010000F700F70094008B012600DE
:106B8000B1010C00BD019A0057028200D9022A000F
:106B900003030E0011032C003D032E006B031500B0
:106BA0008003090089030F0098031100A90309005D
:106BB000B2030500B70349000000E700E7008800C2
:106BC0006F01290098010F00A70186002D027700B0
:106BD000A4022F00D3021300E6022C00120331009E
:106BE000430319005C030C006803110079031400CF
:106BF0008D030C0099030700A0036000010D000045
:106C0000270D0000070D0000190D0000160D0000F3
:106C1000160D00001C0D0000160D0000163C0000B3
:106C2000163C0000163C00001C3C00001C3C000010
:106C30001C3C0D00223C0D001F100D001F100D000C
:106C4000280000002B0000002E0000003100000092
:106C5000340000000E0000001100000024000000BD
:106C600024000000240000002600000000000000B6
:106C700039000000260D0000163C00000000000056
:106C800008000000090000000B0000002F000000B9
:106C90000E0000000E0000001100000024000000A3
:106CA0002400000024000000260000003B0000003B
:106CB0003B000000260D0000163C0000163C0000C2
:106CC0001A0000002E0000001D0000001E00000041
:106CD000200000002100000023000000240000002C
:106CE000240000002400000026000000000D000029
:106CF0003B0D0000170D0000163C00002E3C00006C
:106D00002E0000002D0000002F00000030000000C9
:106D100032000000320000001200000036000000C7
:106D20003600000036000000260000003B0D000089
:106D30003B0D00003B0D0000163C0000003C000035
:106D40003E0000003F0000000300000021000000A2
:106D500002000000020000003D00000014000000DE
:106D600014000000140D0000150D00003B0D000084
:106D70003B0D0000270D00001C3C00001C3C0000E7
:106D80003F0000003F000000030000002100000061
:106D900002000000020000003D000000260000008C
:106DA00026000000260D0000150D00003B0D000020
:106DB0003B0D0000270D00001C3C00001C3C0000A7
:106DC00006000000060000000600000002000000AF
:106DD000120000003D00000014000000150000003B
:106DE00015000000150D00003B0D0000270D0000F0
:106DF000270D0000070D0000223C0D00223C0D0075
:106E0000223C0D00223C0D00223C0D00223C0D00D6
:106E1000223C0D00223C0D00223C0D00223C0D00C6
:106E2000223C0D00223C0D00223C0D00223C0D00B6
:106E3000223C0D00223C0D00223C0D00223C0D00A6
:106E40003300000033000000330000003500000074
:106E5000360000001400000026000000260000009C
:106E600039000000270D0000270D0000270D00004D
:106E7000070D0000180D0000223C0D00043C00002E
:106E8000043C0000043C0000043C0000043C000002
:106E9000043C0000043C0000043C0000043C0000F2
:106EA000043C0000043C0000043C0000043C0000E2
:106EB000043C0000043C0000043C0000043C0000D2
:106EC00004000000040000000400000004000000B2
:106ED000380000002600000039000000390D0000D5
:106EE0003B0D0000070D0000070D0000070D00001E
:106EF0002A0D00002A0D0000223C0D00003C0D0070
:106F0000003C0D00003C0D00003C0D00003C0D005D
:106F1000003C0D00003C0D00003C0D00003C0D004D
:106F2000003C0D00003C0D00003C0D00003C0D003D
:106F3000003C0D00003C0D00003C0D00003C0D002D
:106F4000050000000400000004000000050000002F
:106F500015000000150000003B0D0000070D0000AB
:106F6000070D0000070D0000070D0000190D0000BF
:106F7000190D0000190D0000223C0D00040D000049
:106F8000040D0000040D0000040D0000050D0000BC
:106F9000170D0000170D0000270D0000070D000061
:106FA000070D0000070D00002A0D0000190D00005C
:106FB000190D0000160D00001F3C0D001F3C0D00B8
:106FC000273C0000273C0000273C0000273C000035
:106FD000073C0000073C00002A3C0000003C000089
:106FE000193C0000163C0000163C0000163C000056
:106FF0001C3C0000223C00001F100D0037000D005B
:1070000037000D0037000D0037000D0037000D0070
:1070100037000D0037000D0037000D0037000D0060
:1070200037000D0037000D0037000D0037000D0050
:1070300037000D0037000D0037000D0037000D0040
:1070400037000000280000000800000009000000D0
:107050003100000031000000340000001100000089
:107060001100000011000000040D0000000D0000E0
:10707000140D0000110000003C0D3C0D2800000D17
:1070800028000000080000002B0000001B0000008A
:1070900031000000310000000E000000110000006F
:1070A0001100000011000000240000002A0D000063
:1070B0002A0D000011000000393C0D0039000D00C0
:1070C00028000000080000001A0000001B0000005B
:1070D000310000000C0000000E0000001100000054
:1070E00011000000110000002400000000000D004D
:1070F00026000D00240D0000013C0000083C0000AB
:10710000080000002B000000090000000B00000038
:10711000310000000C0000000E0000000E000D0009
:1071200021000D0032000D003200000032000D0081
:107130003D000D00240D0000273C0000083C00002D
:10714000080000002B0000002E00000031000000AD
:10715000340000001E0000000E0000000E000D00B4
:1071600021000D0032000D0032000D00320D0D0027
:10717000320D0000120D0D00193C0D00083C0D0DE4
:107180000800000D2B00000D2E00000D3100000D39
:10719000340000001E0000000E0000000E00000081
:1071A00012003C000500000D0500000D0500000D5B
:1071B0003D0D000D120D0D00170D3C002B0D000DA7
:1071C0002B00000D2B00000D0900000D3100000DFB
:1071D00034000000030000000E0000000E0000005C
:1071E00032000000320D0D00320D0D00320D0D0089
:1071F0003D000000110D0D00183C0D002B3C0D0052
:107200002B3C0D002B3C0D002B3C0D002B3C0D00AE
:107210002B3C0D002B3C0D002B3C0D002B3C0D009E
:107220002B3C0D002B3C0D002B3C0D002B3C0D008E
:107230002B3C0D002B3C0D002B3C0D002B3C0D007E
:107240002B0000002B001300090000000B000000C1
:1072500034000000340000000E0000000E000000AA
:10726000110000003D0D00003D0D00003D0D00002F
:107270003600000011000D0D270D0D002D0D0D0025
:107280002D0D0D002D0D0D002D0D0D002D0D0D00E2
:107290002D0D0D002D0D0D002D0D0D002D0D0D00D2
:1072A0002D0D0D002D0D0D002D0D0D002D0D0D00C2
:1072B0002D0D0D002D0D0D002D0D0D002D0D0D00B2
:1072C0002D000D002C000D001B0000001D00000013
:1072D00034000000300000003400000034000000E2
:1072E00011000000110000001100130011000D003A
:1072F00002000D0011000D00070D00001B00000D25
:107300001B00000D1B00000D1B00000D1B00000DDD
:107310001B00000D1B00000D1B00000D1B00000DCD
:107320001B00000D1B00000D1B00000D1B00000DBD
:107330001B00000D1B00000D1B00000D1B00000DAD
:107340001B00000D0900000D1B00000D1B00000DAF
:107350000C00000D3400000D0E00000D0E00000D9D
:107360003A00000D2900000D2900000D2900000D34
:107370000600000D113C000D2500130D0900000D45
:107380000910000D0900000D1B00000D0B00000D81
:10739000310000000C000000340000000E0000006E
:1073A0000E0000000E000000320000000000000D82
:1073B0003500000D1100000D1C000D0034000D0003
:1073C00034000D0031000D00340000000C000000FE
:1073D000340000001E0000000E0000000E0000003F
:1073E0001100000002000000020000000200000086
:1073F0002600000026000000220000001F103C0DA7
:1074000022100D0022100D001F100D001F100D0086
:107410001F100D001F100D0013103C0013103C0036
:1074200013103C0013103C0013103C0013103C00E0
:1074300013103C001F103C0D1325103C2C00003C89
:107440002C0000003E0000001E0000002000000094
:107450003A00000023000000240000002400000087
:10746000260D0000000D00003B0D0000070D000080
:10747000070D0000270D0000223C0D0022000D002A
:107480002D0000002F00000030000000210000004F
:10749000230000002300000024000000260D00004F
:1074A000260D0000260D00003B0D0000070D00001A
:1074B000070D0000270D0000223C0D0022000D00EA
:1074C0003E0000001E0000000F000000320000001F
:1074D0003500000035000000360D0000150D0000DD
:1074E000150D0000150D00003B0D0000070D0000FC
:1074F000070D0000070D0000223C0D001E000D00CE
:107500001E00000030000000210000003A000000D2
:107510001200000012000000380D0000170D0000DE
:10752000170D0000170D00003B0D0000070D0000B7
:10753000070D0000180D0000223C0D0022000D0078
:1075400006000000060000003A00000035000000C0
:107550003600000036000000150D00003B0D000055
:107560003B0D00003B0D0000270D0000070D000043
:10757000070D00002A3C000022100D0006000D003F
:1075800006000000210000003A0000003500000065
:10759000360000003D000000150D00003B0D00000E
:1075A0003B0D00003B0D0000270D0000070D000003
:1075B000070D00002A3C000022100D0022000D00E3
:1075C00033000000330000003500000036000000EA
:1075D000380D0000380D0000390D0000270D0000A7
:1075E000270D0000270D0000070D00002A0D0000E8
:1075F0002A0D0000193C00001F100D001F000D0097
:107600001F000D001F000D001F000D001F000D00CA
:107610001F000D001F000D001F000D001F000D00BA
:107620001F000D001F000D001F000D001F000D00AA
:107630001F000D001F000D001F000D001F000D009A
:10764000040000000400000004000000050D00001C
:10765000170D0000170D0000270D0000070D00009A
:10766000070D0000070D00002A0D0000190D000095
:10767000190D0000163C00001F103C001F0D0000FB
:107680001F0D00001F0D00001F0D00001F0D00004A
:107690001F0D00001F0D00001F0D00001F0D00003A
:1076A0001F0D00001F0D00001F0D00001F0D00002A
:1076B0001F0D00001F0D00001F0D00001F0D00001A
:1076C000050D0000050D0000050D0000050D000072
:1076D000390D0000390D0000270D0000180D0000C5
:1076E000180D0000180D00002A0D0000160D0000F6
:1076F000163C00001C3C0D001F103C001F0D00003C
:107700001F0D00001F0D00001F0D00001F0D0000C9
:107710001F0D00001F0D00001F0D00001F0D0000B9
:107720001F0D00001F0D00001F0D00001F0D0000A9
:107730001F0D00001F0D00001F0D00001F0D000099
:10774000290D0000290D0000290D0000290D000061
:10775000270D0000270D0000070D00002A0D000076
:107760002A0D00002A0D0000190D00001C0D00005C
:107770001C3C00001C3C0D001F103C0D1F0D0000A8
:10778000290D0000290D0000290D0000290D000021
:10779000270D0000270D0000180D0000193C000007
:1077A000193C0000193C0000163C00001C3C000085
:1077B0001C3C0000223C0D001F103C0D1F3C0D0D19
:1077C0000A3C0D000A3C0D000A3C0D000A3C0D006D
:1077D0000A3C0D000A3C0D001C3C0D00223C0D0033
:1077E000223C0D0022100D0022100D0022103C0042
:1077F00022103C001F103C001325100D0800100043
:107800000800100008001000080010000800100018
:107810000800100008001000080010000800100008
:1078200008001000080010000800100008001000F8
:1078300008001000080010000800100008001000E8
:1078400008000000090000000B0000002F000000ED
:1078500020000000320000001200000012000000B2
:10786000140000001500000015000000150D0000B8
:10787000270D00003B0D000022103C001A00000004
:107880001A0000001B0000001D0000001E00000088
:107890002100000032000000120000001200000071
:1078A0001400000039000000390D0000390D0000FF
:1078B0003B0D00003B0D000022103C001B000000AF
:1078C0001B0000000B0000000C0000003000000056
:1078D000320000003A0000003D0000003D000000C2
:1078E00038000000390D0000390D0000390D00008E
:1078F0003B0D0000270D000022103C002D00000071
:107900002D0000000C0000001E0000002000000000
:1079100002000000020000003D0000002600000000
:1079200026000000260D0000390D0000000D0000AB
:107930003B0D0000270D000022103C003F0000001E
:107940003F00000003000000200000003A0000009B
:1079500012000000120000001400000015000000DA
:1079600015000000150D00003B0D0000270D000064
:10797000270D0000070D0D001F103C001F00000028
:107980000300000003000000210000003A00000096
:10799000120000001200000014000000150000009A
:1079A00015000000150D00003B0D0000070D000044
:1079B000070D0000070D0D001F103C000600000021
:1079C0000600000033000000330000003500000016
:1079D000360000003600000026000000390D0000CF
:1079E000390D0000390D0000270D0000070D0000C3
:1079F000070D00002A3C0D001F103C001F00000076
:107A00001F0000001F0000001F0000001F000000FA
:107A10001F0000001F0000001F0000001F000000EA
:107A20001F0000001F0000001F0000001F000000DA
:107A30001F0000001F0000001F0000001F000000CA
:107A40003300000035000000350000003600000063
:107A50003800000038000000390D00003B0D000028
:107A60003B0D00003B0D0000070D0000180D00004D
:107A7000180D0000193C0D001F103C001F000000F5
:107A80001F0000001F0000001F0000001F0000007A
:107A90001F0000001F0000001F0000001F0000006A
:107AA0001F0000001F0000001F0000001F0000005A
:107AB0001F0000001F0000001F0000001F0000004A
:107AC0000400000004000000040000003600000074
:107AD000150D000015000000390D0000270D0000F5
:107AE000270D0000270D0000070D00002A0D0D00D6
:107AF0002A0D0D00163C0D001F103C001F10000049
:107B00001F1000001F1000001F1000001F100000B9
:107B10001F1000001F1000001F1000001F100000A9
:107B20001F1000001F1000001F1000001F10000099
:107B30001F1000001F1000001F1000001F10000089
:107B4000050000000500000005000000050D000014
:107B5000170D0000170D00003B0D0000070D000081
:107B6000070D0000070D0D002A0D0D00163C0D003D
:107B7000163C0D001C3C0D001F103C001F0D0000AA
:107B8000040D0000040D0000040D0000050D0000B0
:107B9000170D0000170D0000270D0D00183C0D00FB
:107BA000183C0D00183C0D00193C0D001C3C0D004C
:107BB0001C3C0D0022100D001F103C001F100D007A
:107BC0000A100D000A100D000A100D000A100D0019
:107BD0000A103C000A103C001C103C0022103C0023
:107BE00022103C0022103C001F103C001F103C00E3
:107BF0001F103C001F103C0013253C00DBAC053B74
:107C00000E337F3C254B383DF646B53D81890A3E13
:107C1000D9352D3E0EF4343EE08E1E3EF253E63D45
:107C20005F15863D72FDE63C96BBE63B8BE3873BEA
:107C300014F6AE3CA692603D72D1CD3DC019153E02
:107C40002804323E2804323EC019153E72D1CD3D83
:107C5000A692603D14F6AE3C8BE3873B96BBE63BB9
:107C600072FDE63C5F15863DF253E63DE08E1E3E1A
:107C70000EF4343ED9352D3E81890A3EF646B53D97
:107C8000254B383D0E337F3CDBAC053B7155313C19
:107C9000C9D2133D74369D3DF543FE3D77AA263E7D
:107CA000FFF0353E77AA263EF543FE3D74369D3DF6
:107CB000C9D2133D7155313C00000000DDEE4C3B54
:107CC0007D4A373D81F30F3EE551783E61B0893EF4
:107CD00021D9483E0AA3B23DB7858B3CA74E0C3C48
:107CE000EA9B833D6FD12C3E2C7A843E2C7A843ED5
:107CF0006FD12C3EEA9B833DA74E0C3CB7858B3C55
:107D00000AA3B23D21D9483E61B0893EE551783E93
:107D100081F30F3E7D4A373DDDEE4C3BD699ED3C7D
:107D20001265E73DE282623ED4768B3EE282623E9D
:107D30001265E73DD699ED3C0000000032B58B3B63
:107D40003E7BCF3DF0EB983E1BACB93E516B4B3EBA
:107D500019B10D3DE39D7B3C11F9163E18C3AC3EB5
:107D600018C3AC3E11F9163EE39D7B3C19B10D3DA5
:107D7000516B4B3E1BACB93EF0EB983E3E7BCF3D8A
:107D800032B58B3BB47A813DCF5F803EF426BE3E58
:107D9000CF5F803EB47A813D000000001982DB3B5A
:107DA000A4DFAB3EB7D10C3F6422DB3D377E223DE2
:107DB000011FEB3E011FEB3E377E223D6422DB3D7F
:107DC000B7D10C3FA4DFAB3E1982DB3BE7EA563E5E
:107DD0001062153FE7EA563E000000001982DB3BC7
:107DE000A4DFAB3EB7D10C3F6422DB3D377E223DA2
:107DF000011FEB3E011FEB3E377E223D6422DB3D3F
:107E0000B7D10C3FA4DFAB3E1982DB3BE7EA563E1D
:107E10001062153FE7EA563E00000000CCFE413EEE
:107E20007CA6AE3E8C1F803E51BD163ED9E4813DFE
:107E300057746C3CE8688BBBBBD1F6BA7EE32FBAB3
:107E40001D6F37B9D296D9B70000000019CB443E58
:107E5000CE7BB03E8751803E1135153E708A7B3D0A
:107E6000A2B4513CFA83AABBB68E16BB780E56BAA2
:107E7000D2B35EB925C103B800000000ADC0473ED3
:107E8000246AB23EEC82803E5793133E85D9723D00
:107E9000A3AF353CE1EDCABB87B232BBFC6A7DBA09
:107EA000297F83B9CA2F1BB80000000043E44A3E73
:107EB0004274B43E82B3803E24D5113E71AA693D1E
:107EC0003443183C4BC8ECBBBCEC4FBB920A93BA92
:107ED000D53298B9892133B800000000AB18933E21
:107EE0007653E93E016D5E3E253D3D3DD436C3BB34
:107EF0001BFEC4BA23A247B90000000063DC943E15
:107F0000C8E0EA3E274F5C3E282E323D0D0FEFBB06
:107F10001B70F0BA5AF272B9000000006CB9963EBC
:107F20000382EC3EAB0E5A3EEF8C263D3A6E0EBC01
:107F3000EEC10EBB6CCE8FB900000000A5B2983E1A
:107F40004D39EE3E76A7573E8E491A3D626926BCF2
:107F5000063126BBC8E0A6B9000000006B4DC63E46
:107F60001248023FCF40E43D8A21F4BBB4A072BA6C
:107F7000000000001D2FC83E08B7023F5326DD3D1C
:107F800054CE15BCCC6394BA000000008C2BCA3EC2
:107F9000762B033F75A5D53DCCE932BC859BB0BAA5
:107FA00000000000BD45CC3EF2A5033F98B2CD3D98
:107FB000B38851BCF714CEBA000000002E20183F41
:107FC000E7EAD63E69872FBC0000000058C6183F7C
:107FD000E7EAD63EE01159BC000000005177193F96
:107FE000E7EAD63E12A882BC0000000062341A3FC5
:107FF000E7EAD63E464A9ABC000000002E20183F11
:10800000E7EAD63E69872FBC0000000058C6183F3B
:10801000E7EAD63EE01159BC000000005177193F55
:10802000E7EAD63E12A882BC0000000062341A3F84
:10803000E7EAD63E464A9ABC000000000000010074
:108040000100050006000F0015001F003400360077
:108050006A005600C00061002101780099019F006C
:1080600038029800D0026F003F036800A7033B006E
:10807000E2031600F8030600FE030100FF030100FF
:1080800000000100010001000200010003000100E6
:1080900004000D0011002B003C005E009A008B00D4
:1080A0002501AD00D201A00072029A000C038300EA
:1080B0008F034E00DD031B00F8030600FE030100E2
:1080C000FF030100000001000100010002000100A7
:1080D00003000100040009000D002B0038006A00B5
:1080E000A200C7006901D9004202D20014038D002A
:1080F000A1034A00EB031100FC030100FD03010092
:10810000FE030100FF030100000001000100010067
:1081100002000100030001000400020006000B0041
:10812000110031004200CC000E011D012B0229017B
:1081300054037800CC032700F3030900FC0301007B
:10814000FD030100FE030100FF0301000000010028
:108150000100010002000100030001000400010011
:10816000050007000C002A003600F1002701550128
:108170007C023A01B6033A00F0030900F903030058
:10818000FC030100FD030100FE030100FF030100E9
:1081900000000100010001000200010003000100D5
:1081A000040001000500010006000D001300CD00D1
:1081B000E0006E014E027901C7032F00F6030500AF
:1081C000FB030100FC030100FD030100FE030100AD
:1081D000FF03010000000100010001000200010096
:1081E00003000100040001000500010006000D006D
:1081F000130019012C014A0176027301E9031100F1
:10820000FA030100FB030100FC030100FD03010070
:10821000FE030100FF030100000001000100010056
:10822000020001000300010004000100050001003C
:10823000060005000B002901340101003501AA02E6
:10824000DF031A00F9030200FB030100FC03010035
:10825000FD030100FE030100FF0301000000030015
:10826000030009000C0017002300360059006F00BE
:10827000C800BE0086010C0192026E0100040000DD
:1082800000040000000400000004000000040000DE
:1082900000040000000400000004000000040000CE
:1082A00000000E000E002A00380064009C009D00B3
:1082B0003901B500EE01B200A002A7004703B900E2
:1082C000000400000004000000040000000400009E
:1082D000000400000004000000040000000400008E
:1082E0000004000000000000010000000100000088
:1082F000010000000100000001000000010000007A
:108300000100000001000000010000000100000069
:108310000000000001000000030000000500000054
:1083200007000000090000000B0000000D00000025
:108330000F0000001100000013000000000000000A
:1083400001000000050000000D0000001900000001
:10835000290000003D0000005500000071000000F1
:1083600091000000B50000000000000001000000C6
:1083700007000000190000003F000000810000001D
:10838000E7000000790100003F0200004103000007
:108390008704000000000000010000000900000048
:1083A000290000008100000041010000A902000036
:1083B00009050000C1080000410E00000916000078
:1083C00000000000010000000B0000003D00000064
:1083D000E7000000A902000093060000450E00001F
:1083E0000F1C0000113300005B570000000000006C
:1083F000010000000D0000005500000079010000A0
:1084000009050000450E00001D230000714D00000D
:10841000919C0000FD26010000000000010000000A
:108420000F000000710000003F020000C1080000C2
:108430000F1C0000714D0000FFBD000001A80100ED
:108440008F6B03000000000001000000110000001D
:108450009100000041030000410E000011330000B4
:10846000919C000001A80100010E04009121090067
:10847000000000000100000013000000B500000033
:1084800087040000091600005B570000FD2601006C
:108490008F6B03009121090023511600000000009A
:1084A0000100000015000000DD00000019060000BA
:1084B000A92000000D8E0000650C0200F19E060050
:1084C000112C1300C59E32000000000001000000C6
:1084D0001700000009010000FF070000C12E000086
:1084E00077DD0000E97703003F230C0041EE250013
:1084F00017B96B0000000000010000001900000027
:1085000039010000410A000001410000394D01001D
:1085100099A20500C13D1500414F470099F6D800CA
:1085200000000000010000001B0000006D010000C1
:10853000E70C00002958000063E6010035D608006A
:108540008FB62300914380006B89A00100000000DA
:10855000010000001D000000A5010000F90F00004F
:108560000975000095B302002D700D00F1FC390073
:1085700011F7DD000DC4FE02000000000100000044
:108580001F000000E10100007F130000819800003F
:108590001FC10300E1E41300FF515B0001467301BA
:1085A0001F015005020000000486040004000000C2
:1085B000F485040004000000E485040008000000C5
:1085C000C48504000080873F00589E3F0038B83FB4
:1085D00000A8FE3F00EC1F400064484000C88340F4
:1085E00000549B4000D8DD3F00B00E4000D42F4027
:1085F000006067400028C33F000C6B40008A8B403E
:10860000002CA440004C0B4000583C40DC986D3ED0
:10861000B92381BF611A09C08A0518C031BF0EC0D5
:10862000E9420BC0299A12C0721A22C0DAC3A5BF50
:10863000734FE6BF3F8AF1BF59ABE7BF1BB7E1BF3E
:108640008DC6EABF0204E7BF504FDEBFEAA00E3E70
:10865000D73084BE219B26BF61B988BFCF44CFBF2E
:108660000F020CC00BCE28C091A73EC0010EA2BEC7
:10867000579BF4BEF5180DBF2B36F8BE161C74BE02
:10868000047512BEA8EA8B3DDED9B43D1E28613FB9
:1086900008C0983EC3566ABFA3360DC074732FC07E
:1086A000072137C0CFDB38C0B8EA3CC050E997BEDD
:1086B000EC9979BFC9E5ADBF25D57BBF302827BF71
:1086C000CA6F7DBF95ADCEBF4E0E1AC01395AE3E9C
:1086D0003CAD893E07BE663DE76F4C3DEE67C3BDCE
:1086E000409A42BF17F714C0286171C02BC6B4BFAF
:1086F000BA1BBEBF05D097BF1B0020BF9E981D3E72
:10870000118E133F308B4B3F76B8183FE8546ABE4A
:108710003ADDAABEAF2F4FBF7A64D1BF3943F1BF54
:10872000478ED2BF36DCB3BFABBBBBBF762689BF9B
:108730003776B5BFEF42C6BF9DFAB9BFFF1284BFFF
:10874000F5CD30BF6A91DBBE6D6BFDBE064B17BF2A
:108750008EC391BD2602B13E9EE1993EFF2F8FBF91
:1087600091371CC085A00EC06292F2BFFA3259BF89
:108770005A4E15BF2268B83D8F53583FA469883FB1
:108780003DD23C3FD35F833E9FE2FBBE2E02923F31
:10879000D0C9763FE24EC33E0738F7BE697DE8BFD9
:1087A000FF6033C084F74EC0AF615DC032A8C0BE69
:1087B0004F5B2E3D783C043F09E1803E485E5DBE44
:1087C00014B908BF8F0A24BF9CA75EBFB63D2A3FDD
:1087D0003D888C3F2014B13F64F0AB3FBEAE523FAA
:1087E000CF0E5D3E6E52CFBE27FE88BF2A8653BF96
:1087F00089D22BBFC0FA69BEEEDB043F0801AF3F50
:10880000E5880B402F4D2240A4E00C409C7DB43FF6
:108810001B23413FD11AA7BFF987EFBF2ABB9EBFD9
:108820004B31A2BF6D5902C0046639C0B107B93ED1
:108830009B37B4BC845114BF312261BF7EC659BF7F
:10884000918647BF57703BBFCF6A63BFF8FBDF3EDF
:10885000B0629C3EE915F2BBD1C5FDBEB3804EBFF0
:108860007BB69CBF4CCDD9BFC1AC0FC0E7E9253F5B
:1088700028AB2E3FA7A9813E52B3963D03E1A03E0F
:10888000085D703E0F12143EBEB28BBDE4418F3FB7
:1088900030099E3FDCD3163F3A9BAFBFC3BD17C024
:1088A000C27F00C0805CD5BF9A91F6BF7840113E70
:1088B000BFA1E2BD63CE90BE2A35D8BB5365923EC0
:1088C00037993C3DC2431ABF050111C03909013F28
:1088D0001AB5533F03568F3F13EE963F52398A3FE6
:1088E000BC91323FCD9C69BF12EB64C0854600BF8E
:1088F00045BFA6BEA607E63C042C863E5C9FB83E5C
:108900003CB8223FD781753F935AA73F3FFB6F404A
:10891000A1FFC23FB559EABE53784CBF2F0DC6BE6A
:108920001B76C0BE006828BFC50CA4BF118893BFCA
:108930003CD38DBF8B0710BF0ADB61BE9B1EB3BE4D
:10894000F8E040BFAB147DBF10DAA4BF6F9E833F39
:108950009B818C3FF4C5443F2707533E3C84AFBE08
:10896000B54341BF015F85BFFD6DC0BF87EC033ECE
:108970001A7F303FD5CD8F3FA098A73F9074AD3F71
:108980009828B63FB01A943F1A09D03EF18FAB3FFA
:108990007BEAB13F0CB8853F48C5223FE7A98CBEB2
:1089A0004A4DC6BF3C501CC0A89241C00EDC0840D6
:1089B00059E88740096E394070C76E3FCCEC95BED0
:1089C000A8764FBF42F349BF4E736FBFBB98103FAD
:1089D000BCC1CB3F32741940C65D4240F7822A4089
:1089E0004B4FB23F55C3CE3E600128BFC04CD8BEEE
:1089F00015FDA63EA823B23F57D00E40A42727401E
:108A0000F8952A4091AA1940972DE13F44D2104091
:108A10002B35503FC3BA07BFA7A6ADBF21BDCCBF02
:108A20004972B8BF946892BF095541BF947D3C40DC
:108A3000EC541A4063E0753F95EEE2BE55549DBF7D
:108A4000BE27C7BFFB99BFBF93F68EBF2EE90BC0F1
:108A5000D05AFCBF84C2E4BF9E96F5BF81A1E5BF9A
:108A6000C3BEADBFFF9734BF11DC43BD8D95313F11
:108A7000D9A2743F5342133F33B5EABD936325BF78
:108A80004DCD73BF8D7A89BF091242BF2E15A6BF87
:108A9000D4883DBFAAD4B0BEFC66A0BE0853CEBEEB
:108AA0008479BEBE7771A0BD13BFC63DA3266A3FC1
:108AB0005818DF3F495CF43F92A4C53F28F68B3F2E
:108AC00038C1253F8330143D8C1C98BE19EA20C064
:108AD0007A1239C0D64900C0C93B40BF3EE5E13EED
:108AE0002FD8993F2EE9A93F0B399C3F8A146CBFC0
:108AF00034EB213FC12E8B3F16CF1B3FA052063EC9
:108B0000DDA097BE5AFB53BEC2290A3E90524A3F8F
:108B1000E8DE203FC146C93E92C3F53E0748E53E28
:108B200091C4563E512FD73BE761B0BD1050B93FBD
:108B300002562E40AFE41340855F6F3F3CAB8CBEC6
:108B400090EE66BF81D070BFF83922BF48194B3F05
:108B50001DD16B3CA05D11BF629E27BFA67BF5BEF9
:108B6000711132BE1D4C8B3DC01A973E2B5A2E40C0
:108B70000D683D4095BDEC3F7133103F6D460F3E93
:108B8000E122B83E8A80303F4AC9233F7DE407BFD7
:108B900096CB59BEDBF1BC3BC188D93EF53DF23ED8
:108BA0007DE05B3F5876983F49067F3FEDF8D73F21
:108BB000CDE91B40E7211540B9D1E33FB1D8B83F1B
:108BC000C88DC23F4C6ABC3F66497A3FD4EA3CC07C
:108BD0001006CCBF181DE1BDC5F7C63E8E4F033F42
:108BE000FDCB203F5897523F6C3A603F98A5D03D4F
:108BF000E400173FE8791E3F5137A23FE6DA1A40FA
:108C00008D1C104022CB063F0B0ECBBED4AE2B40AA
:108C100097E7A93F4A4F053E3654ADBE3B87BCBEE1
:108C20005F4A44BE457F1EBE02D46FBE9D769A4009
:108C300087A54740D793B23FB526803EC187C9BEBE
:108C4000ADB924BF847F24BF312339BF81E6B33D52
:108C500071D011BF559192BF3CB8D5BF3D34ECBF28
:108C60007147C8BF2E098FBF06B308BF0B0DB23FB7
:108C7000A3A0FD3F936B8E3FDD6361BE256446BFBD
:108C8000921418BF64390C3E5E78513F71E8C43EBF
:108C9000637124BEF1130ABFCD8007BF0301433EB9
:108CA00059E12340E8693440951B283FC154F73F00
:108CB000C9A84040273044400C1220409927F73F74
:108CC000AC78123F4FCE4FBFDE9496BF4B48333E39
:108CD000442240BF560C85BF146191BF925F85BF8F
:108CE000A12279BCCF820440C07C5B40F61598BFBE
:108CF00047CCBB3E43A0A73F9976D73F1221A03F68
:108D00008A3F713F2785533F7C41E13E4F202240FF
:108D10003D37074030A6A13F8DF2423F85A9053F70
:108D2000890EF33D019AE7BE4C4A33BFF3ED7F4015
:108D300050878240AFA93440EEEFDC3F41AB253F86
:108D40004D8CA9BE9D5062BFAA4090BFE805023F6E
:108D50002F50CB3F8D4FDD3FD4E2803F0916C13EFF
:108D6000DFE6F33EC1348B3F41358B3FD2C94A40E9
:108D7000D58B50400F071B40E4B0E53FA8C9C23F68
:108D80000403963FEE91FA3EDD187FBD6E73F23F0D
:108D90009E23A03FD027173F63BD1B3FD1CF603F2D
:108DA0007E3F8F3FB860823F11D61E3FD7E9723FAA
:108DB00026790840104D2E406645314061BE224064
:108DC000434F0140E37D543F0BBFE1BC9CACF0BF7F
:108DD000EFD4A1BF18739F3E0E19EB3FE867104018
:108DE0008B150340477F0C40C0B30140EC497C3EEB
:108DF000A1A3743FB09EC23F1AFDFC3F4B60F83FF9
:108E0000E6F50E409382FE3F9ADBA23F0000000091
:108E10000000000000000000000000000000000052
:108E20000000000000000000000000000000000042
:108E30000000000000000000000000000000000032
:108E4000000000003C000000400000004000000066
:108E50004000000040000000000000000000000092
:108E60004000000040000000400000004000000002
:108E700040000000000000000000000000000000B2
:108E800001000000020000000300000004000000D8
:108E900005000000060000000700000008000000B8
:108EA000090000000A0000000B0000000C00000098
:108EB0000D0000000E0000000F0000001000000078
:108EC0001100000012000000140000001600000055
:108ED000180000001A0000001C0000001E00000026
:108EE00020000000220000002400000027000000F5
:108EF0002A0000002D0000003000000033000000B8
:108F0000370000003B0000003F000000430000006D
:108F1000470000004C000000510000005600000017
:108F20005C000000620000006900000070000000AA
:108F3000770000007F000000870000009000000024
:108F40009A000000A4000000AF000000BA0000007A
:108F5000C6000000D3000000E1000000F0000000A7
:108F60000001000011010000230100003601000093
:108F70004A0100006001000077010000900100003C
:108F800000000000010000000200000003000000DB
:108F900004000000050000000600000007000000BB
:108FA00008000000090000000A0000000B0000009B
:108FB0000C0000000D0000000E0000000F0000007B
:108FC000100000001100000012000000130000005B
:108FD0001400000016000000180000001A00000035
:108FE0001C0000001E000000200000002200000005
:108FF0002400000026000000290000002C000000D2
:109000002F00000032000000350000003800000092
:109010003C00000040000000440000004800000048
:109020004C00000051000000560000005B000000F2
:1090300061000000670000006D0000007400000087
:109040007B000000830000008B0000009400000003
:109050009D000000A6000000B0000000BB00000062
:10906000C7000000D3000000E0000000EE00000098
:10907000FC0000000C0100001C0100002E0100009B
:10908000400100000000000001000000020000009C
:1090900003000000040000000500000006000000BE
:1090A0000700000008000000090000000A0000009E
:1090B0000B0000000C0000000D0000000E0000007E
:1090C0000F0000001000000011000000120000005E
:1090D000130000001400000015000000160000003E
:1090E00017000000190000001B0000001D00000018
:1090F0001F000000210000002300000025000000E8
:1091000027000000290000002B0000002E000000B6
:109110003100000034000000370000003A00000079
:109120003D00000040000000440000004800000036
:109130004C00000050000000550000005A000000E4
:109140005F000000640000006A0000007000000082
:10915000760000007D000000840000008B0000000D
:10916000930000009B000000A4000000AD00000080
:10917000B7000000C1000000CC000000D7000000D4
:10918000E3000000F000000000000000010000000B
:1091900002000000030000000400000005000000C1
:1091A00006000000070000000800000009000000A1
:1091B0000A0000000B0000000C0000000D00000081
:1091C0000E0000000F000000100000001100000061
:1091D0001200000013000000140000001500000041
:1091E0001600000017000000180000001900000021
:1091F0001A0000001B0000001C0000001E00000000
:1092000020000000220000002400000026000000D2
:10921000280000002A0000002C0000002E000000A2
:109220003000000032000000340000003700000071
:109230003A0000003D000000400000004300000034
:1092400046000000490000004C00000050000000F3
:1092500054000000580000005C00000060000000A6
:10926000650000006A0000006F000000740000004C
:10927000790000007F000000850000008B000000E6
:109280009200000099000000A00000000000000013
:1092900001000000020000000300000004000000C4
:1092A00005000000060000000700000008000000A4
:1092B000090000000A0000000B0000000C00000084
:1092C0000D0000000E0000000F0000001000000064
:1092D0001100000012000000130000001400000044
:1092E0001500000016000000170000001800000024
:1092F000190000001A0000001B0000001C00000004
:109300001D0000001E0000001F00000020000000E3
:1093100021000000220000002300000024000000C3
:1093200025000000260000002700000028000000A3
:10933000290000002A0000002B0000002C00000083
:109340002D0000002E0000002F0000003000000063
:10935000310000003300000035000000370000003D
:10936000390000003B0000003D0000003F0000000D
:1093700041000000430000004500000047000000DD
:10938000490000004B0000004D00000050000000AC
:1093900000000000010000000200000003000000C7
:1093A00004000000050000000600000007000000A7
:1093B00008000000090000000A0000000B00000087
:1093C0000C0000000D0000000E0000000F00000067
:1093D0001000000011000000120000001300000047
:1093E0001400000015000000160000001800000026
:1093F0001A0000001C0000001E00000020000000F9
:1094000022000000240000002600000028000000C8
:109410002B0000002E00000031000000340000008E
:10942000370000003B0000003F0000004300000048
:10943000470000004B0000005000000055000000F5
:109440005A00000060000000660000006C00000090
:10945000730000007A000000810000008900000015
:10946000920000009B000000A5000000AF0000007B
:10947000BA000000C5000000D1000000DE000000BE
:10948000EC000000FB0000000A0100001B010000CE
:109490002C0100000000000001000000020000009C
:1094A00003000000040000000500000006000000AA
:1094B0000700000008000000090000000A0000008A
:1094C0000B0000000C0000000D0000000E0000006A
:1094D0000F0000001000000011000000120000004A
:1094E000130000001400000015000000160000002A
:1094F00017000000180000001A0000001C00000007
:109500001E000000200000002200000024000000D7
:1095100026000000280000002A0000002D000000A6
:109520003000000033000000360000003900000069
:109530003C0000003F000000430000004700000026
:109540004B0000004F0000005400000059000000D4
:109550005E00000063000000690000006F00000072
:10956000750000007C000000830000008A000000FD
:10957000920000009A000000A3000000AC00000070
:10958000B6000000C0000000CB000000D7000000C3
:10959000E3000000F00000000000000001000000F7
:1095A00002000000030000000400000005000000AD
:1095B000060000000700000008000000090000008D
:1095C0000A0000000B0000000C0000000D0000006D
:1095D0000E0000000F00000010000000110000004D
:1095E000120000001300000014000000150000002D
:1095F000160000001700000018000000190000000D
:109600001A0000001B0000001D0000001F000000E9
:1096100021000000230000002500000027000000BA
:10962000290000002B0000002D0000002F0000008A
:109630003100000034000000370000003A00000054
:109640003D00000040000000430000004600000014
:109650004A0000004E0000005200000056000000CA
:109660005A0000005F000000640000006900000074
:109670006E00000073000000790000007F00000011
:10968000860000008D000000940000009B00000098
:10969000A3000000AB000000B400000000000000C8
:1096A00001000000020000000300000004000000B0
:1096B0000500000006000000070000000800000090
:1096C000090000000A0000000B0000000C00000070
:1096D0000D0000000E0000000F0000001000000050
:1096E0001100000012000000130000001400000030
:1096F0001500000016000000170000001800000010
:10970000190000001A0000001B0000001C000000EF
:109710001D0000001E0000001F00000020000000CF
:1097200021000000220000002400000026000000AC
:10973000280000002A0000002C0000002E0000007D
:10974000300000003200000034000000360000004D
:10975000380000003A0000003C0000003E0000001D
:109760004100000044000000470000004A000000E3
:109770004D000000500000005300000056000000A3
:109780005A0000005E000000620000006600000059
:109790006A0000006E000000730000007800000006
:1097A00000000000010000000200000003000000B3
:1097B0000400000005000000060000000700000093
:1097C00008000000090000000A0000000B00000073
:1097D0000C0000000D0000000E0000000F00000053
:1097E0001000000011000000120000001300000033
:1097F0001400000015000000160000001700000013
:1098000018000000190000001A0000001B000000F2
:109810001C0000001D0000001E0000001F000000D2
:1098200020000000210000002200000023000000B2
:109830002400000025000000260000002700000092
:1098400028000000290000002A0000002B00000072
:109850002C0000002D0000002E0000002F00000052
:109860003000000031000000320000003300000032
:109870003400000035000000360000003700000012
:1098800038000000390000003A0000003B000000F2
:109890003C000000BABB76B93B37F2B9D22D24BAEE
:1098A000D4DB4FBA21847FBAD9B29ABA35B5B8BAE7
:1098B000732ADABAC724FFBA8CEB13BB39342ABB3C
:1098C000327C42BBD9E25CBBDE7279BB04258CBB27
:1098D00044B69CBB0E7AAEBB5771C1BB3FA9D5BB8A
:1098E000B023EBBB24F700BCA3020DBCFAB819BC33
:1098F000A71627BCE52035BC45D543BC373953BC3A
:109900000C4A63BC570B74BC8ABB82BC77C78BBC48
:10991000242695BC29D99EBCC2DDA8BCB034B3BCFA
:109920000DDABDBCF7CDC8BC310CD4BCCF94DFBCC4
:109930006063EBBC1578F7BCF6E601BD303208BDBC
:10994000339B0EBD862115BDA5C21BBDB97D22BDB1
:10995000AE4F29BDDF3730BDA33337BD97423EBD83
:10996000BD6145BD41904CBD9FCA53BD8B0F5BBDD2
:10997000D25B62BD8DAE69BD100571BDAF5E78BDB5
:10998000B1B77FBD5E8783BD0D3087BD49D58ABD28
:1099900075758EBD0B1092BD87A395BD7A2F99BDAD
:1099A00036B29CBD0D2BA0BD2E98A3BD03F9A6BD5C
:1099B000CB4BAABDFD8FADBD05C4B0BD6CE7B3BD3B
:1099C000C0F8B6BD82F7B9BD03E2BCBDD2B7BFBD1A
:1099D0002077C2BD891FC5BD92AFC7BD1627CABDBE
:1099E000D284CCBD53C8CEBD01F0D0BD4DFBD2BD9D
:1099F000CAE8D4BD64B8D6BDD368D8BD38FAD9BDDD
:109A00004A6BDBBDC2BBDCBD4FEADDBDB8F6DEBDD7
:109A1000CADFDFBD56A5E0BD1746E1BDF5C1E1BD1A
:109A2000F817E2BD8048E2BD5B52E2BD9235E2BD6F
:109A3000CFF0E1BDC183E1BD57EDE0BDB42DE0BD88
:109A4000FD43DFBD7830DEBDFDF1DCBD6188DBBDEF
:109A50008AF2D9BD7F30D8BD1041D6BD5224D4BDC5
:109A60002ED9D1BDC75FCFBD1EB7CCBD25DFC9BDC7
:109A7000A8D6C6BD9C9DC3BDC732C0BD0396BCBDA4
:109A800029C6B8BD49C3B4BD378CB0BD0E21ACBD2D
:109A90006E80A7BD3BAAA2BD1B9D9DBDA95898BDC8
:109AA000A1DB92BDE7258DBD7D3687BD380D81BD1B
:109AB0003B5175BDB51068BD5C555ABD061F4CBD08
:109AC000F26A3DBDB7382EBDF2851EBDAC510EBD4C
:109AD000D831FBBC96B6D8BC3A2CB5BC4B9190BCE7
:109AE0001CBE55BC742808BC935461BB0BD3CD3A43
:109AF0002220DC3BA8AF443CB6D18E3CF677BC3C80
:109B00004D50EB3C28AD0D3D4D4D263D7E883F3DF3
:109B10005561593D3CD8733DCE77873D6053953DA7
:109B2000C57FA33DDCFCB13D7FCBC03D75EBCF3D98
:109B30008D5DDF3D4221EF3D4537FF3D73CF073E51
:109B4000412C103EABB1183ED65F213E3A362A3E3C
:109B5000F834333E9B5B3C3E22AA453EDD1F4F3E20
:109B60008CBC583E557F623E04686C3ED075763E94
:109B70002854803E427F853E0BBC8A3EF309903ECE
:109B8000B568953EB7D79A3E8E56A03E95E4A53E61
:109B90007281AB3E752CB13E37E5B63EEDAABC3EB8
:109BA000F27CC23E665AC83EC942CE3E4235D43EE1
:109BB0004631DA3EEC35E03E7042E63EDC55EC3EA6
:109BC000786FF23E378EF83E65B1FE3EF46B023F91
:109BD0006F80053F9995083F10AB0B3F4CC00E3F7F
:109BE000E3D4113F3BE8143FD8F9173F27091B3F47
:109BF000BD151E3F071F213F9324243FCA25273F41
:109C00002F222A3F2C192D3F510A303F04F5323FB5
:109C1000D9D8353F34B5383FA7893B3FA6553E3F9D
:109C2000CC18413F8BD2433F7682463F0728493FBD
:109C3000D2C24B3F54524E3F38D6503FFB4D533F5C
:109C400051B9553FC317583F07695A3FBEAC5C3FF7
:109C5000A2E25E3F480A613F7823633FE12D653F02
:109C60006129673FA215693F7DF26A3FADBF6C3F36
:109C7000187D6E3F912A703F0EC8713F6A55733F41
:109C8000B8D2743FD43F763FD39C773FAEE9783F5C
:109C900083267A3F4C537B3F2C707C3F227D7D3F57
:109CA0006F7A7E3F3C687F3F6C23803F2F8B803FE5
:109CB0008EEB803F9F44813F9196813F84E1813FBD
:109CC000AC25823F2863823F309A823FE9CA823FB7
:109CD0008FF5823F4E1A833F6B39833F1153833F89
:109CE0008767833F0177833FC381833F0088833F3A
:109CF000008A833FEF87833F1F82833FC478833F7F
:109D00002C6C833F8B5C833F2C4A833F3935833FE8
:109D1000081E833FBF04833FAFE9823FFCCC823FF4
:109D2000F2AE823FA98F823F7C6F823F764E823FA8
:109D3000F12C823FE50A823F03E9813FFFC7813F63
:109D40008BAB813F4C90813FEB69813FE244813F87
:109D50002D21813FBCFE803F91DD803F9EBD803F35
:109D6000E29E803F4E81803FE364803F9149803F87
:109D7000572F803F2816803F06FC7F3FADCD7F3FA9
:109D80004AA17F3FBD767F3F064E7F3F04277F3F3E
:109D9000BE017F3F14DE7E3F07BC7E3F789B7E3F47
:109DA0006C7C7E3FC95E7E3F90427E3FA1277E3F16
:109DB000070E7E3FA9F57D3F88DE7D3F84C87D3F4D
:109DC000B0B37D3FEF9F7D3F428D7D3F947B7D3FD4
:109DD000F26A7D3F3F5B7D3F854C7D3FAB3E7D3FE3
:109DE000BD317D3FA5257D3F6B1A7D3FF50F7D3F42
:109DF00055067D3F73FD7C3F57F57C3FE8ED7C3F8A
:109E000039E77C3F31E17C3FD8DB7C3F1AD77C3F90
:109E100006D37C3F81CF7C3F99CC7C3F38CA7C3FC6
:109E200068C87C3F13C77C3F47C67C3FEBC57C3F7F
:109E30000BC67C3F91C67C3F8AC77C3FDEC87C3F17
:109E400098CA7C3FA0CC7C3F05CF7C3FB1D17C3F02
:109E5000ACD47C3FE0D77C3F5CDB7C3F08DF7C3FC1
:109E6000EEE27C3FF6E67C3F32EB7C3F89EF7C3FC5
:109E700005F47C3F91F87C3F3CFD7C3FEF017D3F4A
:109E8000B4067D3F740B7D3F44107D3F09157D3F37
:109E9000CD197D3F801E7D3F32237D3FC8277D3F0A
:109EA000512C7D3FBB307D3F13357D3F46397D3F93
:109EB000623D7D3F52417D3F28457D3FD1487D3FFA
:109EC0005A4C7D3FB04F7D3FE9527D3FED557D3F80
:109ED000CD587D3F7C5B7D3F0B5E7D3F64607D3F69
:109EE0009C627D3FA6647D3F90667D3F49687D3FD3
:109EF000EC697D3F666B7D3FC76C7D3F066E7D3FA5
:109F0000376F7D3F49707D3F51717D3F44727D3F8A
:109F100039737D3F21747D3F10757D3FFB757D3F1B
:109F2000FA767D3FFF777D3F1E797D3F4E7A7D3FFC
:109F3000A77B7D3F1B7D7D3FBE7E7D3F87807D3F34
:109F40008F827D3FC5847D3F3E877D3FF4897D3F85
:109F5000FB8C7D3F44907D3FE6937D3FD6977D3FD0
:109F6000299C7D3FCDA07D3FDCA57D3F48AB7D3F5B
:109F700025B17D3F63B77D3F19BE7D3F37C57D3F2E
:109F8000D1CC7D3FD5D47D3F58DD7D3F4CE67D3F34
:109F9000C1EF7D3FA7F97D3F10047E3FED0E7E3F70
:109FA0004B1A7E3F1A267E3F6D327E3F303F7E3F0A
:109FB000714C7E3F205A7E3F4E687E3FE4767E3F66
:109FC000F0857E3F61957E3F46A57E3F85B57E3F0D
:109FD00031C67E3F34D77E3F9BE87E3F4EFA7E3FC0
:109FE0005B0C7F3FAD1E7F3F4F317F3F2A447F3F59
:109FF0004A577F3F9A6A7F3F247E7F3FCF917F3FC2
:10A00000A6A57F3F96B97F3FA7CD7F3FBDE17F3FAC
:10A01000EAF57F3F0B05803F230F803F3219803FD9
:10A020003F23803F3D2D803F3037803F0F41803FB1
:10A03000DF4A803F9354803F305E803FAC67803F73
:10A040000D71803F477A803F5F83803F4B8C803F1C
:10A050001395803FA99D803F14A6803F49AE803F65
:10A0600052B6803F21BE803FBDC5803F20CD803F9E
:10A070004ED4803F3CDB803FF4E1803F6DE8803F81
:10A08000ADEE803FABF4803F70FA803FF4FF803F3D
:10A090003E05813F450A813F140F813FA113813F57
:10A0A000F517813F091C813FE61F813F8623813FD1
:10A0B000F026813F1E2A813F1A2D813FDD2F813FEF
:10A0C0007032813FCE34813F0237813F0339813F77
:10A0D000DD3A813F8A3C813F153E813F773F813F9A
:10A0E000BA40813FDA41813FE342813FCC43813F27
:10A0F000A244813F5F45813F0F46813FAA46813F91
:10A100003D47813FC247813F4448813FBC48813F32
:10A110003649813FAC49813F294A813FA54A813F69
:10A120002C4B813FB84B813F534C813FF64C813FD4
:10A13000AA4D813F6B4E813F414F813F2250813F6D
:10A140001C51813F2652813F4853813F7B54813FC0
:10A15000C955813F2857813FA058813F2A5A813FE6
:10A16000CF5B813F835D813F515F813F3061813FA4
:10A170002663813F2965813F4267813F6869813F4E
:10A18000A06B813FE26D813F3470813F8C72813FD3
:10A19000F374813F5A77813FCA79813F3B7C813F8D
:10A1A000B17E813F1F81813F9083813FF885813F50
:10A1B0005C88813FB08A813FFC8C813F358F813F35
:10A1C0006091813F7193813F7095813F5297813FAC
:10A1D0001C99813FC09A813F479C813FA59D813F4B
:10A1E000E09E813FEB9F813FCDA0813F7CA1813FDD
:10A1F000FBA1813F40A2813F50A2813F21A2813F2C
:10A20000B8A1813F09A1813F1CA0813FE49E813F0D
:10A21000669D813F989B813F8199813F1397813F44
:10A220005594813F3E91813FD28D813F038A813F8A
:10A23000DC85813F5081813F637C813F0977813F8D
:10A240004B71813F1C6B813F8164813F6D5D813F1C
:10A25000E855813FE54D813F6945813F663C813F3F
:10A26000E132813FD228813F381E813F0613813F72
:10A270004507813FE5FA803FE6ED803F3EE0803FC5
:10A28000F2D1803FF1C2803F3EB3803FCBA2803FFE
:10A290009B91803FA07F803FDA6C803F3B59803F9D
:10A2A000C644803F6D2F803F2F19803FFD01803FC6
:10A2B000B7D37F3F74A17F3F336D7F3FD8367F3F59
:10A2C00068FE7E3FC4C37E3FF3867E3FD7477E3F16
:10A2D00076067E3FB6C27D3F9E7C7D3F12347D3F39
:10A2E00011E97C3FC8817C3FAD177C3F5DB17B3F6E
:10A2F00068477B3F32D87A3F41627A3F74E5793FC5
:10A300001961793FEDD4783F6840783F26A3773FC5
:10A3100094FC763F434C763FAB91753F53CC743FF2
:10A32000BFFB733F6F1F733FE036723F9941713F30
:10A33000233F703F062F6F3FE0106E3F2FE46C3FCE
:10A340008AA86B3F875D6A3FC802693FEF97673F06
:10A35000B51C663FC290643FE0F3623FCC45613F6D
:10A360005A865F3F4DB55D3F89D25B3FE4DD593F83
:10A3700059D7573FDCBE553F7494533F1958513F4E
:10A38000E9094F3FF2A94C3F6D384A3F89B5473F35
:10A390008C21453FA87C423F30C73F3F6B013D3F8A
:10A3A000BD2B3A3F8C46373F5752343F864F313FA3
:10A3B000AD3E2E3F4D202B3F0EF5273F97BD243F4E
:10A3C000817A213F592C1E3FE0D31A3FC971173FB4
:10A3D000D006143FB193103F7F190D3FFA98093F03
:10A3E000EE12063F4188023FD1F3FD3E65D1F63EB5
:10A3F00007ABEF3EA482E83E515AE13EE933DA3E34
:10A400005B11D33E87F4CB3E71DFC43E0BD4BD3E1F
:10A4100054D4B63E3BE2AF3EC5FFA83EE52EA23E79
:10A4200085719B3E79C9943EA3388E3EE2C0873E3B
:10A430000464813E7747763E59036A3E13FF5D3ED2
:10A44000D53D523EBAC2463E6A903B3EA9A9303E37
:10A45000D210263E82C81B3EB1D2113E8D31083E3D
:10A46000F3CCFD3D8CE6EB3D98B1DA3D0E31CA3DB3
:10A470007065BA3DFE50AB3DDBF29C3D9B4C8F3D81
:10A48000EB5B823DB6436C3DF134553D0F8D3F3D56
:10A4900072402B3DC550183DF1AD063D39B6EC3C40
:10A4A000CB84CE3C09D6B23C7B6D993C576D823C47
:10A4B000E6F35A3C54A0353CA687123C4373DD3B7F
:10A4C000B7AA653B3C659EB9B8D119BAA8525BBA28
:10A4D0009CAB93BA8EBDC0BA568FF5BAD04E19BB9D
:10A4E0004D383CBBE8D163BBC02E88BB590AA1BB29
:10A4F000E395BCBB21E9DABB6A1CFCBB4A2010BC5B
:10A5000035AF23BCE3BD38BCF64F4FBCFC6967BC1C
:10A51000008680BC5B178EBCAC649CBCE36BABBCA0
:10A520005029BBBC9596CBBCF6ABDCBC2062EEBC24
:10A530002D5900BDAFC909BD587D13BD166F1DBD96
:10A54000119927BD02F531BD3B7D3CBD0A2C47BDAD
:10A55000FAFA51BDFBE15CBD6ED967BD4CDB72BD43
:10A560008EE17DBDD77184BD66EC89BDAE5C8FBDCB
:10A5700056BF94BD0F119ABDE14D9FBD9A71A4BD08
:10A580007078A9BD8A5EAEBD3720B3BD3DBAB7BDF8
:10A590004C29BCBDC969C0BDAC77C4BDCA4FC8BDDC
:10A5A000D2EFCBBDE254CFBD3B7BD2BD895FD5BDE1
:10A5B0009FFFD7BD8959DABDC76ADCBDA630DEBDB5
:10A5C000D5A8DFBDFDD0E0BD84A6E1BDA627E2BDD4
:10A5D0008153E2BD2728E2BDDDA2E1BD53C1E0BD4C
:10A5E0005682DFBDE4E4DDBDE6E6DBBD3686D9BDDF
:10A5F0002AC1D6BDE495D3BD8602D0BD9905CCBD98
:10A60000529DC7BD95C7C2BDF681BDBD43CAB7BD8A
:10A61000DB9EB1BDEDFDAABDE1E4A3BD39519CBDFA
:10A62000314094BD77AF8BBD0D9D82BD670C72BD6F
:10A63000B5CF5DBDD57D48BD3D1132BD20851ABD6C
:10A6400089D301BD7DEDCFBCFFD199BCBD8D42BC8E
:10A650003EFF98BB07643A3B39D02E3CE51E9A3C3E
:10A66000947DDF3CA2C6133D012B393D27F05F3DB1
:10A67000630D843DE4D6983DF755AE3DD68BC43D81
:10A680005D79DB3D0F1FF33DA8BE053ECC49123E70
:10A6900082301F3E24722C3E330E3A3EE703483E82
:10A6A000C651563EF9F5643EE7EE733E449D813E49
:10A6B000396B893E1460913E767A993EA7B8A13EE7
:10A6C000E118AA3E6299B23E5138BB3E42F3C33E06
:10A6D000B6C7CC3E66B3D53EFDB3DE3EADC6E73E63
:10A6E0008CE8F03EA216FA3E01A7013FAD45063FB9
:10A6F000B3E50A3F87850F3F8A23143FE7BD183F24
:10A70000E1521D3FC9E0213FEB65263F74E02A3F3F
:10A710009D4E2F3FA4AE333FD6FE373F763D3C3FA4
:10A72000DF68403F767F443FA17F483FC5674C3F8D
:10A730005D36503FFFE9533F6081573F3EFB5A3F34
:10A7400078565E3FF691613FABAC643FE1A5673F51
:10A75000BB7C6A3F84306D3FB1C06F3FE82C723FD5
:10A76000E874743F9798763FF997783F35737A3F4E
:10A77000722A7C3FECBD7D3F382E7F3F103E803FEC
:10A7800027D4803FC559813F6CCF813FA935823F97
:10A79000078D823F22D6823FA811833F5540833FD9
:10A7A000E362833F207A833FD986833FDB89833FFF
:10A7B000EA83833FEA75833FB860833F2A45833F3E
:10A7C0000824833F24FE823F4BD4823F3AA7823F36
:10A7D0009D77823F2146823F6913823F8EE0813F11
:10A7E00025B2813F8387813FE04D813F6D18813FD6
:10A7F000BFE5803FD2B5803F9788803FF45D803FC2
:10A80000CC35803F0710803F14D97F3F7B967F3F38
:10A8100009587F3F8A1D7F3FD7E67E3FC0B37E3F0A
:10A820000C847E3F99577E3F3D2E7E3FD2077E3F70
:10A8300034E47D3F33C37D3FC5A47D3FBE887D3F6B
:10A84000036F7D3F7A577D3F0C427D3FA32E7D3FB6
:10A85000261D7D3F7A0D7D3F99FF7C3F6AF37C3F4B
:10A86000D5E87C3FCBDF7C3F3AD87C3F18D27C3F99
:10A8700046CD7C3FB7C97C3F5CC77C3F25C67C3F4B
:10A88000F9C57C3FC5C67C3F7FC87C3F12CB7C3F6F
:10A8900065CE7C3F69D27C3F0CD77C3F42DC7C3F5D
:10A8A000F0E17C3F01E87C3F70EE7C3F26F57C3F89
:10A8B0000FFC7C3F1F037D3F430A7D3F76117D3FA8
:10A8C0009D187D3FAD1F7D3FA4267D3F6E2D7D3FB2
:10A8D00000347D3F503A7D3F59407D3F17467D3FD4
:10A8E0007C4B7D3F82507D3F30557D3F7D597D3F84
:10A8F0006C5D7D3FF5607D3F27647D3F02677D3F56
:10A9000087697D3FC16B7D3FB86D7D3F7D6F7D3F2A
:10A9100011717D3F82727D3FE6737D3F4A757D3FB9
:10A92000B9767D3F45787D3FFF797D3F017C7D3F56
:10A93000527E7D3F04817D3F32847D3FE5877D3FB0
:10A94000338C7D3F24917D3FD1967D3F499D7D3F56
:10A950008FA47D3FB5AC7D3FC9B57D3FD6BF7D3F60
:10A96000E0CA7D3FEAD67D3F03E47D3F30F27D3F84
:10A970006B017E3FB9117E3F1A237E3F93357E3FA8
:10A9800016497E3FA05D7E3F34737E3FC2897E3F85
:10A9900043A17E3FA7B97E3FEAD27E3F01ED7E3FD5
:10A9A000D1077F3F4E237F3F6D3F7F3F195C7F3F45
:10A9B0003E797F3FC1967F3F97B47F3FACD27F3FC8
:10A9C000DBF07F3F9307803FAE16803FC025803F7E
:10A9D000B534803F8543803F2852803F9260803F5E
:10A9E000B86E803F907C803F148A803F3D97803FC7
:10A9F000FEA3803F50B0803F32BC803F9BC7803F6A
:10AA000088D2803FF0DC803FD4E6803F32F0803F48
:10AA100004F9803F4C01813F0909813F3D10813F8E
:10AA2000E616813F051D813FA322813FC127813F5B
:10AA3000602C813F8630813F3B34813F8737813FA7
:10AA40006B3A813FF03C813F213F813F0541813F8F
:10AA5000A342813F0344813F3145813F3846813FD6
:10AA60001947813FE347813F9E48813F5449813FD9
:10AA70000A4A813FC64A813F944B813F7B4C813FCC
:10AA80007C4D813F9E4E813FE84F813F5D51813F2C
:10AA9000FE52813FCC54813FCE56813F0059813FC9
:10AAA000645B813FF55D813FB660813FA563813F77
:10AAB000BB66813FF469813F506D813FC970813F22
:10AAC0005874813FF577813F9E7B813F4D7F813F69
:10AAD000F482813F9286813F1C8A813F8C8D813F29
:10AAE000D890813FF393813FDC96813F8899813FE5
:10AAF000E89B813FF89D813FAC9F813FFEA0813F55
:10AB0000E0A1813F49A2813F32A2813F93A1813FD1
:10AB10005EA0813F8B9E813F129C813FED98813FDB
:10AB20000D95813F6B90813FFF8A813FC284813FB9
:10AB3000A87D813FA375813FB26C813FC762813F91
:10AB4000D557813FD24B813FB33E813F6B30813F30
:10AB5000ED20813F2410813F0BFE803F8CEA803F37
:10AB600095D5803F15BF803FF9A6803F2F8D803F50
:10AB70009F71803F3354803FD834803F7913803FAA
:10AB8000F7DF7F3F95947F3FA1447F3FF4EF7E3F07
:10AB90005D967E3FB5377E3FE8D37D3FFC6A7D3FC3
:10ABA00038FA7C3FB6667C3F08CB7B3F242C7B3F4A
:10ABB00062807A3F17C5793FBBF8783FEE19783F3E
:10ABC0001E27773F991E763FB1FE743FCAC5733F7B
:10ABD0003072723F3D02713F5A746F3F15C76D3F2F
:10ABE000E0F86B3F55086A3F2BF4673F4CBB653F6D
:10ABF000B35C633F93D7603F382B5E3F0D575B3F9D
:10AC0000AB5A583FF035553FDDE8513F94734E3F06
:10AC100072D64A3F2212473F7227433F42173F3FB7
:10AC2000A1E23A3FE38A363F9111323F54782D3FFB
:10AC30000AC1283FE3ED233FE2001F3F3AFC193FE2
:10AC400058E2143FC7B50F3FA9790A3FA830053F26
:10AC500097BBFF3E1908F53ECF4CEA3E7690DF3EAB
:10AC600088D9D43E742ECA3EE095BF3E7316B53ED9
:10AC7000D0B6AA3EA77DA03E6271963E46988C3E15
:10AC80009FF8823EA330733EFBF9603E5F584F3E13
:10AC900004563E3E0BFC2D3EEE521E3E68620F3EB9
:10ACA0001131013E9088E73D4240CE3D298FB63DAF
:10ACB0002D79A03D64FF8B3D013F723DAEA94F3D14
:10ACC000C832303DD7C8133D98A3F43CDD5EC73C85
:10ACD000B68D9F3CECF8793CC9AC3E3CEF2A0A3C6F
:10ACE00087CE913B8773BDB9538F39BA59D48CBA8B
:10ACF00000FFC8BAEB8109BB2B1636BBB9E36ABBB0
:10AD00001D4894BB73CEB7BB363DE0BBCDE706BC58
:10AD1000965220BC7A653CBCC12B5BBCCAAB7CBCE8
:10AD20005E6C90BC33D1A3BC8D7DB8BCC863CEBC77
:10AD30005473E5BCE69AFDBC01630BBDC76E18BD3C
:10AD4000E3E325BD54B333BD30D041BD0B2C50BD22
:10AD5000D3B45EBD5C596DBD5A0B7CBD1B5C85BD1B
:10AD60000AA68CBDB3DA93BD09F29ABD1EE3A1BD5C
:10AD700032A4A8BD0E2CAFBD5F72B5BD516FBBBD77
:10AD8000511AC1BD9D6AC6BD3459CBBDADDFCFBD23
:10AD9000C7F5D3BD7F94D7BDD0B6DABD4A57DDBD68
:10ADA000AE6FDFBD52FAE0BDABF1E1BD4352E2BD93
:10ADB0003618E2BDB63DE1BD16BEDFBD9C96DDBDD9
:10ADC000FCC2DABD733ED7BD8B04D3BD5B11CEBDD3
:10ADD000F860C8BD6DEEC1BD77B4BABD44AEB2BDBA
:10ADE0006FD7A9BD8F2AA0BD3AA195BD69358ABD8F
:10ADF000B2C47BBD694261BDBDD444BD736F26BD85
:10AE0000E30506BD5D13C7BC55B67BBCEF0CC1BBEB
:10AE10006538873BC6DE703CE3BDD33CD8E9193DBD
:10AE20002E614C3DF3A7803D795F9C3D005AB93DB2
:10AE3000459AD73D0422F73DC1F80B3EB1031D3EB4
:10AE400094B02E3EECFD403E64E9533EFB6E673EFF
:10AE50008B8A7B3E791B883E41B7923E32959D3E60
:10AE600034B1A83E2A07B43E7492BF3E474DCB3E54
:10AE70002032D73E423BE33EF561EF3E519FFB3E21
:10AE800013F6033F54200A3FB64A103F4A71163F5B
:10AE9000D28F1C3F4EA2223FA0A4283F83922E3F78
:10AEA000D467343F74203A3F5DB83F3FC32B453FE2
:10AEB000CE764A3FC2954F3F3B85543F1142593FA2
:10AEC0006EC95D3FB818623F842D663F00066A3F39
:10AED0005EA06D3F52FB703F1516743F58F0763FF1
:10AEE0001A8A793FB9E37B3FBCFD7D3F6ED97F3F36
:10AEF0004ABC803F7A6E813F7004823F787F823FF8
:10AF0000FCE0823F8E2A833FEF5D833FF67C833FE8
:10AF10008589833F7B85833FDD72833FB053833FC9
:10AF2000E629833F6EF7823F20BE823FAF7F823F9C
:10AF3000C63D823FEFF9813F16B9813FE87D813FF1
:10AF4000F032813F00EE803F1AAE803FF572803FC5
:10AF5000523C803FF609803F3EB77F3F29627F3FEA
:10AF60002C147F3FDCCC7E3FC38B7E3F81507E3FE5
:10AF7000AB1A7E3FF3E97D3FF6BD7D3F78967D3F7E
:10AF800023737D3FC4537D3F18387D3FEE1F7D3FC7
:10AF90000C0B7D3F4EF97C3F7AEA7C3F70DE7C3FB4
:10AFA000FDD47C3FFBCD7C3F40C97C3F9EC67C3FAF
:10AFB000EDC57C3F01C77C3FB0C97C3FC8CD7C3F1D
:10AFC00026D37C3F96D97C3FF5E07C3F0FE97C3F60
:10AFD000C4F17C3FE3FA7C3F51047D3FDB0D7D3FB4
:10AFE0006C177D3FDB207D3F0F2A7D3FEB327D3F9D
:10AFF000583B7D3F42437D3F9B4A7D3F52517D3FC1
:10B0000062577D3FC95C7D3F85617D3FA0657D3F87
:10B010001F697D3F1A6C7D3FA16E7D3FCF707D3FE4
:10B02000BF727D3F98747D3F79767D3F8C787D3F00
:10B03000F67A7D3FE77D7D3F85817D3FF9857D3FC8
:10B040006E8B7D3F0A927D3FF4997D3F48A37D3F03
:10B0500029AE7D3FB0BA7D3FF5C87D3F08D97D3F21
:10B06000F7EA7D3FCCFE7D3F8D147E3F342C7E3F42
:10B07000C2457E3F29617E3F5C7E7E3F469D7E3F8E
:10B08000CFBD7E3FDDDF7E3F4B037F3FF5277F3F18
:10B09000B24D7F3F59747F3FB69B7F3F9CC37F3F3C
:10B0A000CFEB7F3F190A803F391E803F3932803F06
:10B0B000FA45803F6559803F616C803FD87E803F74
:10B0C000B490803FE4A1803F54B2803FF6C1803FFE
:10B0D000BED0803FA0DE803F95EB803F95F7803F5C
:10B0E000A102813FB40C813FD215813FFF1D813FFA
:10B0F0004225813FA22B813F2D31813FED35813F9C
:10B10000F639813F543D813F1C40813F6242813F7F
:10B110003A44813FBA45813FF546813F0448813F2B
:10B12000F948813FEA49813FE74A813F044C813F2A
:10B130004E4D813FD44E813F9C50813FB552813F5F
:10B140001F55813FE157813FFA5A813F685E813F39
:10B150002962813F3466813F826A813F096F813F66
:10B16000BE73813F9178813F767D813F5882813FD8
:10B170002C87813FD78B813F4D90813F7494813FD5
:10B180003B98813F889B813F489E813F62A0813FE1
:10B19000C2A1813F4FA2813FF5A1813F9BA0813F8A
:10B1A0002E9E813F969A813FBE95813F938F813F2E
:10B1B000FB87813FE67E813F3774813FDD67813FBA
:10B1C000BA59813FB749813FB437813F9823813FC6
:10B1D000380D813F7AF4803F2ED9803F2FBB803FCE
:10B1E0004B9A803F5776803F1D4F803F6B24803FB6
:10B1F00016EC7F3F95877F3FE51A7F3FA3A57E3FF3
:10B200006F277E3FD39F7D3FFC0C7D3F024C7C3FF0
:10B21000087D7B3F179E7A3F3EA4793FBC8B783FE9
:10B220000E51773F48F0753F7865743FB7AC723F79
:10B230000CC2703FBCA16E3F42486C3F25B2693FD3
:10B2400064DC663F73C4633F4368603F24C65C3F71
:10B25000DDDC583FE6AB543F3B33503F5F734B3F21
:10B26000AB6D463FFA23413F8B983B3F4CCE353F79
:10B27000D3C82F3F3F8C293F781D233F5B811C3F64
:10B280005CBD153F6FD70E3F98D6073F7DC1003F8D
:10B29000973EF33E5AEEE43E09A2D63EE568C83E2C
:10B2A0009B52BA3EEC6EAC3EA8CD9E3E097E913ECE
:10B2B000FC8E843EA31D703EE015583E4C20413E5E
:10B2C00055532B3E25C3163E2381033EB135E33D46
:10B2D0007A34C23D050BA43D7BBD883D848F603D23
:10B2E0002D3B353D76550F3DC14DDD3C1FD6A53C70
:10B2F00042566F3C62C9233C8AD7AD3B3B37F2B91B
:10B3000021847FBA732ADABA39342ABBDE7279BB58
:10B310000E7AAEBBB023EBBBFAB819BC45D543BC23
:10B32000570B74BC242695BCB034B3BC310CD4BCD0
:10B330001578F7BC339B0EBDB97D22BDA33337BD55
:10B3400041904CBDD25B62BDAF5E78BD0D3087BD14
:10B350000B1092BD36B29CBD03F9A6BD05C4B0BDAD
:10B3600082F7B9BD2077C2BD1627CABD01F0D0BD96
:10B3700064B8D6BD4A6BDBBDB8F6DEBD1746E1BD8D
:10B380008048E2BDCFF0E1BDB42DE0BDFDF1DCBDF4
:10B390007F30D8BD2ED9D1BD25DFC9BDC732C0BDD4
:10B3A00049C3B4BD6E80A7BDA95898BD7D3687BD81
:10B3B000B51068BDF26A3DBDAC510EBD3A2CB5BCAE
:10B3C000742808BC2220DC3BF677BC3C4D4D263D62
:10B3D0003CD8733DC57FA33D75EBCF3D4537FF3D61
:10B3E000ABB1183EF834333EDD1F4F3E04686C3E6F
:10B3F000427F853EB568953E95E4A53E37E5B63E6D
:10B40000665AC83E4631DA3EDC55EC3E65B1FE3E3A
:10B410009995083FE3D4113F27091B3F9324243F0C
:10B420002C192D3FD9D8353FA6553E3F7682463F51
:10B4300054524E3F51B9553FBEAC5C3F7823633FF9
:10B44000A215693F187D6E3F6A55733FD39C773FC5
:10B450004C537B3F6F7A7E3F2F8B803F9196813F8D
:10B460002863823F8FF5823F1153833FC381833F1F
:10B47000EF87833F2C6C833F3935833FAFE9823FB1
:10B48000A98F823FF12C823FFFC7813FEB69813F4B
:10B49000BCFE803FE29E803F9149803F06FC7F3F9B
:10B4A000BD767F3FBE017F3F789B7E3F90427E3FCF
:10B4B000A9F57D3FB0B37D3F947B7D3F854C7D3FBB
:10B4C000A5257D3F55067D3FE8ED7C3FD8DB7C3FE1
:10B4D00081CF7C3F68C87C3FEBC57C3F8AC77C3FFF
:10B4E000A0CC7C3FACD47C3F08DF7C3F32EB7C3F80
:10B4F00091F87C3FB4067D3F09157D3F32237D3FA7
:10B50000BB307D3F623D7D3FD1487D3FE9527D3F6D
:10B510007C5B7D3F9C627D3F49687D3FC76C7D3F82
:10B5200049707D3F39737D3FFB757D3F1E797D3FBF
:10B530001B7D7D3F8F827D3FF4897D3FE6937D3F7C
:10B54000CDA07D3F25B17D3F37C57D3F58DD7D3F97
:10B55000A7F97D3F4B1A7E3F303F7E3F4E687E3FCE
:10B5600061957E3F31C67E3F4EFA7E3F4F317F3F31
:10B570009A6A7F3FA6A57F3FBDE17F3F230F803FB3
:10B580003D2D803FDF4A803FAC67803F5F83803F37
:10B59000A99D803F52B6803F20CD803FF4E1803F9F
:10B5A000ABF4803F3E05813FA113813FE61F813F01
:10B5B0001E2A813F7032813F0339813F153E813F12
:10B5C000DA41813FA244813FAA46813F4448813FFE
:10B5D000AC49813F2C4B813FF64C813F414F813F2D
:10B5E0002652813FC955813F2A5A813F515F813F91
:10B5F0002965813FA06B813F8C72813FCA79813F71
:10B600001F81813F5C88813F358F813F7095813FED
:10B61000C09A813FE09E813F7CA1813F50A2813F43
:10B6200009A1813F669D813F1397813FD28D813F64
:10B630005081813F4B71813F6D5D813F6945813F05
:10B64000D228813F4507813F3EE0803F3EB3803FA7
:10B65000A07F803FC644803FFD01803F336D7F3F28
:10B66000C4C37E3F76067E3F12347D3FAD177C3FDC
:10B6700032D87A3F1961793F26A3773FAB91753F66
:10B680006F1F733F233F703F2FE46C3FC802693F39
:10B69000C290643F5A865F3FE4DD593F7494533F44
:10B6A000F2A94C3F8C21453F6B013D3F5752343F3F
:10B6B0004D202B3F817A213FC971173F7F190D3FE4
:10B6C0004188023F07ABEF3EE933DA3E71DFC43E0B
:10B6D0003BE2AF3E85719B3EE2C0873E59036A3E26
:10B6E000BAC2463ED210263E8D31083E98B1DA3DB0
:10B6F000FE50AB3DEB5B823D0F8D3F3DF1AD063D16
:10B7000009D6B23CE6F35A3C4373DD3B538F39BA5A
:10B71000EB8109BB1D4894BBCDE706BCC12B5BBCCC
:10B7200033D1A3BC5473E5BCC76E18BD30D041BD46
:10B730005C596DBD0AA68CBD1EE3A1BD5F72B5BD8F
:10B740009D6AC6BDC7F5D3BD4A57DDBDABF1E1BDAE
:10B75000B63DE1BDFCC2DABD5B11CEBD77B4BABD6A
:10B760008F2AA0BDB2C47BBD736F26BD55B67BBC0E
:10B77000C6DE703C2E614C3D005AB93DC1F80B3E0F
:10B78000ECFD403E8B8A7B3E32959D3E7492BF3EDF
:10B79000423BE33E13F6033F4A71163FA0A4283F05
:10B7A00074203A3FCE764A3F1142593F842D663F7E
:10B7B00052FB703F1A8A793F6ED97F3F7004823FF7
:10B7C0008E2A833F8589833FB053833F20BE823FCB
:10B7D000EFF9813FF032813FF572803F3EB77F3F06
:10B7E000DCCC7E3FAB1A7E3F78967D3F18387D3F9C
:10B7F0004EF97C3FFDD47C3F9EC67C3FB0C97C3F68
:10B8000096D97C3FC4F17C3FDB0D7D3F0F2A7D3F05
:10B8100042437D3F62577D3FA0657D3FA16E7D3FE6
:10B8200098747D3FF67A7D3FF9857D3FF4997D3FA1
:10B83000B0BA7D3FF7EA7D3F342C7E3F5C7E7E3F91
:10B84000DDDF7E3FB24D7F3F9CC37F3F391E803F8F
:10B850006559803FB490803FF6C1803F95EB803FB3
:10B86000B40C813F4225813FED35813F1C40813F33
:10B87000BA45813FF948813F044C813F9C50813F4C
:10B88000E157813F2962813F096F813F767D813F8A
:10B89000D78B813F3B98813F62A0813FF5A1813FDB
:10B8A000969A813FFB87813FDD67813FB437813FB7
:10B8B0007AF4803F4B9A803F6B24803FE51A7F3FAC
:10B8C000D39F7D3F087D7B3FBC8B783F7865743F7D
:10B8D000BCA16E3F64DC663F24C65C3F3B33503FF7
:10B8E000FA23413FD3C82F3F5B811C3F98D6073FC7
:10B8F0005AEEE43E9B52BA3E097E913EE015583E18
:10B9000025C3163E7A34C23D848F603DC14DDD3C77
:10B9100062C9233CDAA4E13A44B8103B3A3A303BDE
:10B920008A6D533B9DB3793B81F0913B4EE0A83B40
:10B9300005D7C13B3ED0DC3B7DF9F93B4AA20C3C2C
:10B94000AE701D3C89682F3C7093423C21F1563CFF
:10B950009A916C3C52B5813CF5C58D3C157D9A3C65
:10B960008EDEA73CABE9B53CA3A7C43CD313D43CC3
:10B97000A830E43C40FDF43C0B3E033D44550C3DF7
:10B980006EC8153D46961F3DBFC0293D1C48343D3D
:10B99000772D3F3D296E4A3D600D563D9909623D28
:10B9A000AA636E3DFC1B7B3D971A843D37D68A3DCA
:10B9B000FDC1913D70DD983DCB28A03D92A3A73DF0
:10B9C000104FAF3D192AB73DC335BF3D9D71C73DEF
:10B9D00083DDCF3D9778D83D5344E13D2A3FEA3D92
:10B9E0007869F33D3FC3FC3D5B26033E1E02083EE3
:10B9F0008DF50C3E2300123EF821173EE25A1C3E04
:10BA0000FEAA213E7511273EC48E2C3E0A22323EEC
:10BA1000D9CA373E0C893D3E1A5D433E1B46493E1E
:10BA2000AD444F3E8158553E24815B3EBEBD613ED4
:10BA30005D0E683EE0716E3E71E8743EA1717B3E22
:10BA4000A906813E8B5D843E9ABD873E36268B3E9D
:10BA50005C978E3ED310923E6392953E911B993E29
:10BA600097AC9C3E0345A03EC9E4A33EA78BA73EEE
:10BA70008539AB3EE1EDAE3EEAA8B23E3C6AB63E49
:10BA8000A631BA3EDFFEBD3EDFD1C13E02AAC53EB1
:10BA90005387C93E7669CD3E3C50D13E5B3BD53E97
:10BAA000E62AD93E341EDD3E2F15E13E850FE53EE8
:10BAB000F50CE93E0B0DED3EED0FF13E1915F53E8F
:10BAC0007C1CF93EC325FD3E5C98003F669E023F0C
:10BAD00004A5043FEEAB063F19B3083F68BA0A3F1E
:10BAE000BEC10C3FC9C80E3F98CF103FEFD5123FE3
:10BAF000A8DB143F9AE0163FCFE4183FF7E71A3F60
:10BB00000AEA1C3FCCEA1E3F1AEA203FBDE7223F6B
:10BB1000B7E3243FBDDD263FE6D5283F12CC2A3FC0
:10BB200023C02C3FD0B12E3F25A1303FC58D323FE1
:10BB30009D77343F895E363F8C42383F7A233A3FC7
:10BB400067013C3F06DC3D3F4DB33F3F0887413F27
:10BB50003257433F7523453FE5EB463F5DB0483FD5
:10BB6000A4704A3FC52C4C3FBBE44D3F1E984F3F4D
:10BB70001547513F79F1523F3E97543F5338563F56
:10BB8000B3D4573F1C6C593F98FE5A3FFD8B5C3F26
:10BB90003C145E3F32975F3F0E15613F8E8D623FD2
:10BBA000B400643F7D6E653FE3D6663F9739683FDA
:10BBB000C196693F35EE6A3FD13F6C3F818B6D3F47
:10BBC00065D16E3F4211703F2D4B713F237F723F15
:10BBD0001CAD733F10D5743F07F7753FCD12773F0B
:10BBE0006A28783FE037793F25417A3F0F447B3F11
:10BBF000DA407C3F60377D3FC3277E3FF2117F3FB5
:10BC0000F8F57F3FC769803F6ED5803FE03D813FBB
:10BC10001DA3813F2D05823F2E64823F12C0823FCB
:10BC2000E918833FA96E833F48C1833FBA10843F20
:10BC30000E5D843F3EA6843F60EC843F7F2F853FAE
:10BC40009A6F853FB7AC853FE1E6853FFD1D863F96
:10BC50003152863F6C83863FBEB1863F31DD863FE1
:10BC6000BF05873F822B873FA44E873FE96E873F02
:10BC7000808C873F58A7873F95BF873F35D5873F43
:10BC800033E8873FAEF8873FA906883F3512883FE3
:10BC9000771B883F5722883FDD26883F2429883F2D
:10BCA0003429883F1C27883FF122883FBD1C883FEC
:10BCB0009314883F890A883F9EFE873FCFF0873FD5
:10BCC00032E1873FD1CF873FC2BC873F16A8873F6D
:10BCD000F491873F5A7A873F5D61873FFC46873FF3
:10BCE000422B873F2D0E873FDDEF863F5BD0863F9F
:10BCF000CCAF863F458E863FDA6B863F8248863FD3
:10BD00005424863F4AFF853F74D9853FDAB2853F88
:10BD1000A08B853FCE63853F863B853FCB12853F19
:10BD2000ABE9843F27C0843F5896843F3A6C843FF8
:10BD3000EE41843F8317843F0FED833F95C2833FDD
:10BD40003598833FE96D833FCB43833FDB19833FC6
:10BD500035F0823FD6C6823FEF9D823F6375823FBA
:10BD6000D24D823F4E32823F1F08823FFFDE813F2D
:10BD700001B7813F1A90813F4D6A813F8845813FDD
:10BD8000DA21813F40FF803FC5DD803F5ABD803FC3
:10BD9000009E803FA97F803F6462803F2746803FAE
:10BDA000FF2A803FDD10803F8DEF7F3F59BF7F3FEF
:10BDB00032917F3F01657F3FDC3A7F3FAB127F3F8F
:10BDC0007CEC7E3F32C87E3FD9A57E3F57857E3FC3
:10BDD000C0667E3FF9497E3F132F7E3FF3157E3FBD
:10BDE000A7FE7D3F13E97D3F45D57D3F20C37D3FC5
:10BDF000B1B27D3FDFA37D3FB9967D3F238B7D3F71
:10BE00002C817D3FB5787D3FCD717D3F566C7D3F68
:10BE10005D687D3FC5657D3F9B647D3FC2647D3F1E
:10BE200049667D3F11697D3F276D7D3F6E727D3F85
:10BE3000F1787D3F94807D3F63897D3F40937D3FD6
:10BE4000399E7D3F2FAA7D3F2DB77D3F16C57D3F93
:10BE5000F7D37D3FB3E37D3F55F47D3FBF057E3F84
:10BE6000FC177E3FF02A7E3FA83E7E3F02537E3F76
:10BE70000B687E3FA57D7E3FDD937E3F95AA7E3F8A
:10BE8000D9C17E3F89D97E3FB3F17E3F380A7F3FDB
:10BE900023237F3F553C7F3FDB557F3F966F7F3F9E
:10BEA00091897F3FAEA37F3FF8BD7F3F51D87F3F51
:10BEB000C7F27F3F9D06803FDA13803F0D21803F10
:10BEC0003A2E803F533B803F5E48803F4B55803F3A
:10BED0002062803FCE6E803F5A7B803FB687803F96
:10BEE000E693803FDA9F803F9AAB803F16B7803F52
:10BEF00053C2803F42CD803FE9D7803F39E2803F47
:10BF000039EC803FD7F5803F19FF803FF107813F33
:10BF10006510813F6518813FF71F813F0B27813FE7
:10BF2000A92D813FC033813F5839813F5F3E813F1A
:10BF3000DD42813FC146813F144A813FC54C813F6C
:10BF4000DB4E813F4650813F0D51813F2251813F61
:10BF50008A50813F364F813F304D813F664A813F55
:10BF6000E046813F8F42813F7A3D813F9337813F59
:10BF7000E030813F5429813FF720813FBB17813F4B
:10BF8000AA0D813FB302813FDFF6803F20EA803F68
:10BF90007DDC803FE9CD803F6EBE803FFFAD803FBE
:10BFA000A69C803F578A803F1977803FDE62803FA2
:10BFB000AF4D803F7F37803F5C20803F3A08803F15
:10BFC0004BDE7F3F1FAA7F3FFE737F3FCF3B7F3F0C
:10BFD000AB017F3F85C57E3F7A877E3F71477E3FBD
:10BFE00073057E3F61C17D3F577B7D3F53337D3F6E
:10BFF00072E97C3F999D7C3FCF4F7C3F02007C3FA4
:10C000005CAE7B3FA7397B3F22DA7A3F74787A3F78
:10C0100087137A3F49AB793FA43F793F7ED0783F81
:10C02000C05D783F45E7773F006D773FB7EE763FDD
:10C03000736C763F04E6753F605B753F6FCC743F71
:10C040003D39743F90A1733F6705733F8F64723F22
:10C05000F9BE713F7514713F1865703FBEB06F3FF8
:10C0600080F76E3F3C396E3FEB756D3F51AD6C3FD5
:10C0700076DF6B3F1A0C6B3F43336A3FE554693FF1
:10C080002671683FE987673F4799663F13A5653F7B
:10C0900046AB643FB3AB633F63A6623F2D9B613FFA
:10C0A000428A603F9E735F3F4B575E3F2F355D3F37
:10C0B0006C0D5C3FB5DF5A3F4BAC593FDC72583FCB
:10C0C0008F33573F55EE553F82A3543FCA52533FDB
:10C0D0007DFC513F58A0503F743E4F3FE0D64D3F4E
:10C0E000CD694C3F00F74A3FC67E493FD100483FEB
:10C0F000997D463F04F5443F1767433FDDD3413FF9
:10C10000183B403F819D3E3F03FB3C3F30533B3F4C
:10C11000A9A6393F66F5373F733F363FF384343F76
:10C12000EDC5323F7B02313FC63A2F3FAF6E2D3F08
:10C13000939E2B3F70CA293F9EF2273F0317263F4D
:10C14000D937243F5155223F8B6F203F35861E3F04
:10C15000B9991C3F56AA1A3F19B8183F18C3163F81
:10C16000CECB143F35D2123F58D6103F4ED80E3F9B
:10C1700032D80C3F27D60A3F6CD2083F32CD063F5B
:10C18000A9C6043F20BF023F44B6003FFB58FD3E16
:10C19000C443F93E412DF53EDD15F13EF9FDEC3E7F
:10C1A000C1E5E83EC9CDE43E1AB6E03EAE9EDC3EB7
:10C1B000C088D83E7174D43E8361D03EA150CC3E3D
:10C1C000CC42C83E4037C43E7C2EC03E3B29BC3EDC
:10C1D000FD27B83E932AB43ED431B03EAF3DAC3ECD
:10C1E0002A4FA83EFA65A43E9A82A03EAFA59C3E87
:10C1F00001CF983E56FF943EC936913E48758D3E1C
:10C20000EFBC893E480C863EB262823EC0867D3ECF
:10C21000435A763E29416F3E3A3B683E3448613E80
:10C22000AA6B5A3E56A3533E9BF14C3E0055463EE8
:10C2300048CE3F3E3E5F393E1F09333E16CA2C3E74
:10C240009AA4263ECE96203EFDA21A3E0FC9143E69
:10C250003B0A0F3E5864093E54DA033E45D6FC3D86
:10C26000802FF23D43C0E73DFD88DD3D188AD33D78
:10C2700003C5C93DAC39C03D12E9B63D0ED3AD3D55
:10C28000A5F8A43DB5599C3D3FF7933D18D18B3D92
:10C2900033E8833DB878783DDF9C693D5F3C5B3D8A
:10C2A000C1584D3D67F13F3DA007333DA89A263D5B
:10C2B00084AB1A3D41390F3D8A44043D6C98F33CF0
:10C2C00007A1DF3C2BA0CC3C4495BA3C327DA93C75
:10C2D0001B56993C9A1C8A3C799A773C39C95C3C3C
:10C2E0004BBA433C23682C3C17C1163CC3C3023CE9
:10C2F000E0A3E03BD7ECBE3BDDDA9F3BA8D7833B16
:10C3000078B64E3BAD43F23A8316283B4FB35C3BC5
:10C31000097D8C3BEBECAE3BB4DED53BF4CB003C73
:10C320002621193C7A16343CC7BB513C4B2A723C3F
:10C3300043B28A3C89C59D3C5B56B23C5F72C83CA7
:10C34000F718E03C5E4CF93CF6060A3D5D33183DBB
:10C35000702D273DBCF8363D3A95473DB803593D11
:10C360005E446B3D46597E3DD622893D6184933DB6
:10C3700084519E3DE789A93DD22EB53D3640C13D51
:10C380001DBECD3DFEA6DA3D08FCE73D71BBF53D87
:10C39000FFF2013EC33C093E51BB103E066E183E03
:10C3A000DA54203EA86E283E31BB303E5E38393E1E
:10C3B00019E6413EB9C34A3E92D1533E6B0E5D3EF3
:10C3C0006778663EBD0D703E96CD793E87DB813E37
:10C3D000C3E4863EB4018C3EAF31913EF673963E87
:10C3E0009FC79B3E462CA13E44A1A63E0026AC3EE4
:10C3F0008DB9B13E875BB73E040BBD3E6FC7C23EF1
:10C40000878FC83EBC62CE3E2740D43E6227DA3ECC
:10C410001C17E03E9C0EE63EC30CEC3E0311F23EC0
:10C42000731AF83E5D28FE3ED51C023FB826053F34
:10C430004A31083F403C0B3F0C470E3F3B51113FF8
:10C440004B5A143FBC61173F47671A3F5C6A1D3F58
:10C450006D6A203FE666233F6A5F263FA253293F6D
:10C4600057432C3FE02D2F3FDF12323F9EF1343FE8
:10C47000D4C9373F3F9B3A3FAE653D3F9128403F8F
:10C4800083E3423FED95453FA33F483F0EE04A3FDF
:10C4900028774D3F4604503F4F87523FF4FF543FAB
:10C4A000116E573F32D1593F1E295C3F77755E3F71
:10C4B00015B6603FD8EA623F8A13653F1830673F80
:10C4C000FD3F693F2A436B3F20396D3FED216F3FB0
:10C4D00041FD703F31CB723FA28B743F8E3E763F61
:10C4E00095E3773FCF7A793FE8037B3F127F7C3F2C
:10C4F0003EEC7D3F894B7F3F614E803FD8EF803FD0
:10C500001A8A813F371D823F63A9823FA42E833F51
:10C51000ECAC833F1A24843F3C94843F70FD843FFD
:10C52000DC5F853F89BB853F7D10863FC75E863FC8
:10C530006EA6863F9AE7863F5022873FFA56873F8E
:10C540005C85873FA5AD873F0DD0873F8DEC873F4A
:10C550006603883FBD14883FD820883FA527883FC1
:10C560006529883F4326883F7A1E883F3D12883FD1
:10C57000C701883F12ED873F52D4873FBDB7873F41
:10C58000A097873F3C74873FB54D873F1C24873F6A
:10C590008EF7863F4FC8863FBC96863F1A63863F1C
:10C5A000742D863FE8F5853F90BC853FB881853F77
:10C5B000A345853F8D08853F90CA843FD78B843F34
:10C5C000844C843FE70C843F32CD833F9F8D833F73
:10C5D0004E4E833F6A0F833F29D1823FEB93823FC8
:10C5E0007256823F1729823FF6E8813F26AD813F90
:10C5F000A873813F833C813FCB07813F91D5803F2A
:10C60000BDA5803F3F78803F1D4D803F5E24803F29
:10C61000E8FB7F3F9FB37F3FDC6F7F3FA1307F3FD1
:10C62000DAF57E3F6EBF7E3F4A8D7E3F625F7E3F82
:10C63000A1357E3FF50F7E3F4EEE7D3F94D07D3F8E
:10C64000A5B67D3F6EA07D3FE28D7D3FEA7E7D3FBA
:10C6500064737D3F356B7D3F49667D3F85647D3FDB
:10C66000C8657D3FF8697D3FFE707D3FBF7A7D3FA5
:10C6700015877D3FE5957D3F19A77D3F91BA7D3FA9
:10C680002AD07D3FC7E77D3F51017E3FA81C7E3FFA
:10C69000AA397E3F34587E3F30787E3F7F997E3F77
:10C6A000FDBB7E3F89DF7E3F0D047F3F69297F3FD1
:10C6B000744F7F3F10767F3F239D7F3F8DC47F3F28
:10C6C00026EC7F3FEE09803FC01D803F8231803FD6
:10C6D0001E45803F8358803FA66B803F767E803F1B
:10C6E000DF90803FD0A2803F3DB4803F16C5803FA1
:10C6F00047D5803FC1E4803F78F3803F5901813FB7
:10C70000530E813F551A813F5225813F3B2F813F78
:10C71000FF37813F8C3F813FD645813FCF4A813FE4
:10C72000654E813F8850813F2D51813F4650813F6A
:10C73000C34D813F9649813FB643813F143C813FC1
:10C74000A132813F5027813F1E1A813F010B813F5B
:10C75000EAF9803FCDE6803FA4D1803F69BA803FAF
:10C7600013A1803F9E85803F0468803F3B48803F07
:10C770003C26803F0C02803F59B77F3F23667F3FB6
:10C7800064107F3F30B67E3FA2577E3FA0F47D3FCE
:10C79000098D7D3F06217D3FCCB07C3F743C7C3FC2
:10C7A0002EC07B3F801F7B3F81917A3FD3F9793F39
:10C7B000DF5A793F26B4783F3E05783FCE4D773F2C
:10C7C000678D763FC1C3753F91F0743FBE13743FD0
:10C7D000E02C733F9D3B723F8B3F713F7938703F38
:10C7E00047266F3FE3086E3FF5DF6C3F24AB6B3F9E
:10C7F000FE696A3F771C693FBAC2673FC05C663F0B
:10C8000042EA643FEA6A633F85DE613F2245603F5A
:10C81000EB9E5E3FC9EB5C3FAD2B5B3F805E593FBB
:10C82000F183573F299C553F80A7533F01A6513FB5
:10C8300077974F3F217C4D3F37544B3FD01F493FA7
:10C84000E5DE463F0792443F3139423F22D43F3F25
:10C8500022643D3F7CE83A3F2962383F40D1353F72
:10C860001B36333FF590303F18E22D3FE8292B3F30
:10C87000EC68283F8C9F253F40CE223F89F51F3F23
:10C880001F151D3F0C2E1A3F9340173F9F4D143F1D
:10C890008455113F78580E3FD4560B3F4051083F06
:10C8A0006848053F003D023F085EFE3E3E3EF83EC2
:10C8B000C51BF23EEEF7EB3EBED3E53E2FB0DF3EAA
:10C8C000128ED93E926FD33E9454CD3EB33FC73EB5
:10C8D0006030C13E8D28BB3E8429B53E5434AF3E06
:10C8E000474AA93E8D6CA33E549C9D3E68DA973E14
:10C8F0004D28923E56868C3ED6F7863EE579813E9F
:10C90000A623783EF17D6D3EEC02633EA6B7583E0D
:10C91000FD9B4E3E35B1443EA7F83A3E2177313E6D
:10C92000B32B283E63171F3E013D163E5B9E0D3E16
:10C93000443A053E5227FA3DD956EA3DEC03DB3D29
:10C94000DF30CC3D03E0BD3D0013B03D4DCBA23DFB
:10C95000350A963D21D1893D14437C3D24F9653D3E
:10C96000FFC5503D33AB3C3D21AA293D3BC3173D9C
:10C9700005F6063D4783EE3C4949D13C9238B63C2A
:10C9800075499D3CEC72863CF752633CB4BC3D3C1F
:10C99000BC021C3CEB07FC3B49F8C63B2094973B90
:10C9A000EE606C3B5C29013BFF5E413B9F26873B71
:10C9B000E31AB53BB61FEB3B10E4143CC3D7383C3D
:10C9C000A099613CE5A8873CAF18A13C7932BD3CF9
:10C9D000350CDC3CA7A6FD3C6403113DE89F243DDB
:10C9E0003EAF393DFF31503DE82A683D53CE803D92
:10C9F00018468E3D2D7D9C3D4C73AB3DDB29BB3DE8
:10CA0000A4A1CB3D74D8DC3D61CEEE3D12C1003E09
:10CA1000E6780A3E298E143E1A001F3E4BCD293E71
:10CA2000C6F3343E6770403EB3424C3E496A583EBE
:10CA30009FE3643ECCAA713E33BD7E3E760C863EBB
:10CA4000BBDD8C3EA1D0933E1FE39A3EFF13A23E76
:10CA5000BF61A93E95CAB03E334DB83EB1E7BF3E77
:10CA60000998C73E4B5CCF3E9D32D73E4019DF3E12
:10CA7000E30DE73E290EEF3E8818F73E122BFF3EEE
:10CA8000A7A1033F7DAF073F18BE0B3F3BCC0F3F35
:10CA9000E3D8133FD1E2173F27E91B3FA6EA1F3F28
:10CAA000F4E5233F0EDA273F64C62B3FCBA92F3F87
:10CAB0000C83333FEB50373FD5123B3F18C83E3F06
:10CAC000956F423F2808463F0791493F4C094D3F2B
:10CAD0002870503FF1C4533F1E07573FFA355A3F65
:10CAE000C5505D3FC656603FCC47633F6223663FFB
:10CAF000DFE8683FC1976B3F302F6E3FF5AE703F68
:10CB0000E016733FCE66753F5E9E773F54BD793F1A
:10CB10003BC37B3F57B07D3FBF847F3F00A0803F3A
:10CB2000E570813F1035823FE0EC823F5E98833FA5
:10CB30004837843FAFC9843FED4F853F2DCA853FBD
:10CB40007538863FF19A863FD4F1863F6B3D873F2B
:10CB50000B7E873FC9B3873F07DF873FFBFF873FD8
:10CB60002017883FE424883F7229883F4825883F62
:10CB7000E518883FD104883F3AE9873F7EC6873F62
:10CB8000349D873F086E873F4B39873F2CFF863F98
:10CB900033C0863F2C7D863F8636863F78EC853FC6
:10CBA000509F853FB94F853F48FE843F49AB843F46
:10CBB0001857843F4A02843F62AD833FD458833F75
:10CBC000FE04833F41B2823F4360823F901E823F1A
:10CBD000F8CA813F147D813F8F33813F5FEE803FF4
:10CBE0008BAD803FE570803F7138803F3104803FDE
:10CBF00005A87F3FAE4F7F3F55FF7E3FC9B67E3FC2
:10CC0000D0757E3F4C3C7E3F140A7E3FF6DE7D3F72
:10CC1000B3BA7D3F189D7D3FF6857D3F11757D3F01
:10CC20002C6A7D3F04657D3F5C657D3FF46A7D3FF6
:10CC30008A757D3FD8847D3F9B987D3F8FB07D3F37
:10CC400069CC7D3FE9EB7D3FC50E7E3FB6347E3F2C
:10CC5000725D7E3FAF887E3F28B67E3F90E57E3F87
:10CC6000A3167F3F10497F3F8E7C7F3FCFB07F3F31
:10CC700087E57F3F3E0D803FA527803FDB41803F1A
:10CC8000BA5B803F1975803FD48D803FC2A5803F3D
:10CC9000BDBC803F9FD2803F44E7803F84FA803F05
:10CCA000390C813F3D1C813F6A2A813F9D36813F7F
:10CCB000B040813F7E48813FE44D813FBF50813F7E
:10CCC000EC50813F4A4E813FBB48813F1E40813F2F
:10CCD0005434813F4025813FCE12813FE6FC803FA6
:10CCE0006CE3803F49C6803F70A5803FD780803F7E
:10CCF0006658803F0D2C803F9EF77F3F4F8F7F3FD0
:10CD0000FD1E7F3FBDA67E3FB3267E3F9B9E7D3F9F
:10CD10009C0E7D3FBF767C3F8DD47B3F98077B3F49
:10CD20003C467A3FE375793F9497783FA0AA773FD6
:10CD300017AE763F3AA1753F6283743F0E54733F3E
:10CD40005F12723F64BD703FBD546F3F39D86D3F75
:10CD50000F476C3F5FA06A3FB4E3683F4611673FEF
:10CD6000E228653FC629633F6D13613F2DE65E3FB4
:10CD700008A25C3FBB465A3FF3D3573FA449553FF7
:10CD800059A8523F1DF04F3F0B214D3F963B4A3F64
:10CD9000DC3F473FB52E443F2208413FEACC3D3FB0
:10CDA000807D3A3F001B373F01A6333F2C1F303FA9
:10CDB00021872C3FFEDE283FDD27253FDC62213F17
:10CDC00056901D3F94B1193FBAC7153F8DD4113FFE
:10CDD00081D80D3F7CD4093F14CA053FD0BA013F2A
:10CDE000904EFB3EA421F33EDFF1EA3EEEC1E23E6F
:10CDF0007E93DA3ECA6AD23E5F49CA3E7932C23E6B
:10CE00002128BA3EA02DB23EB945AA3E8173A23E6A
:10CE100087B99A3E381A933EFE978B3E6336843E1E
:10CE20003CEE793EE7BB6B3E3FD75D3EB147503E9F
:10CE3000CE0E433E3731363E41B4293EA3991D3EC6
:10CE40006CE6113EDF9B063EE57BF73D9E9DE23D95
:10CE500053A0CE3D0A8ABB3D685EA93DED20983DBA
:10CE600001D5873D58FB703DFD3A543DDD6C393DA1
:10CE70006A93203D45AF093DB87DE93C277CC33C22
:10CE8000B64BA13CD2D7823CB009503C485F213C14
:10CE900079B8F23BDE86AF3BBF267B3B44B8103B04
:10CEA0009DB3793B05D7C13B4AA20C3C7093423CF1
:10CEB00052B5813C8EDEA73CD313D43C0B3E033DE0
:10CEC00046961F3D772D3F3D9909623D971A843D57
:10CED00070DD983D104FAF3D9D71C73D5344E13D1E
:10CEE0003FC3FC3D8DF50C3EE25A1C3EC48E2C3EE9
:10CEF0000C893D3EAD444F3EBEBD613E71E8743E7F
:10CF00008B5D843E5C978E3E911B993EC9E4A33EA7
:10CF1000E1EDAE3EA631BA3E02AAC53E3C50D13E3E
:10CF2000341EDD3EF50CE93E1915F53E5C98003FD8
:10CF3000EEAB063FBEC10C3FEFD5123FCFE4183F2A
:10CF4000CCEA1E3FB7E3243F12CC2A3F25A1303F55
:10CF5000895E363F67013C3F0887413FE5EB463F2E
:10CF6000C52C4C3F1547513F5338563F98FE5A3F0A
:10CF700032975F3FB400643F9739683FD13F6C3FC1
:10CF80004211703F1CAD733FCD12773F25417A3F70
:10CF900060377D3FF8F57F3FE03D813F2E64823F63
:10CFA000A96E833F0E5D843F7F2F853FE1E6853F7D
:10CFB0006C83863FBF05873FE96E873F95BF873FFC
:10CFC000AEF8873F771B883F2429883FF122883FAE
:10CFD000890A883F32E1873F16A8873F5D61873F16
:10CFE0002D0E873FCCAF863F8248863F74D9853F60
:10CFF000CE63853FABE9843F3A6C843F0FED833FBE
:10D00000E96D833F35F0823F6375823F1F08823FA1
:10D010001A90813FDA21813F5ABD803F6462803F90
:10D02000DD10803F32917F3FAB127F3FD9A57E3F1D
:10D03000F9497E3FA7FE7D3F20C37D3FB9967D3FE6
:10D04000B5787D3F5D687D3FC2647D3F276D7D3F44
:10D0500094807D3F399E7D3F16C57D3F55F47D3FD1
:10D06000F02A7E3F0B687E3F95AA7E3FB3F17E3F5C
:10D07000553C7F3F91897F3F51D87F3FDA13803FF6
:10D08000533B803F2062803FB687803F9AAB803F12
:10D0900042CD803F39EC803FF107813FF71F813F50
:10D0A000C033813FDD42813FC54C813F0D51813FFF
:10D0B000364F813FE046813F9337813FF720813FE4
:10D0C000B302813F7DDC803FFFAD803F1977803F19
:10D0D0007F37803F4BDE7F3FCF3B7F3F7A877E3F6E
:10D0E00061C17D3F72E97C3F02007C3F22DA7A3FDA
:10D0F00049AB793FC05D783FB7EE763F605B753FE7
:10D1000090A1733FF9BE713FBEB06F3FEB756D3FAD
:10D110001A0C6B3F2671683F13A5653F63A6623FFB
:10D120009E735F3F6C0D5C3FDC72583F82A3543F9F
:10D1300058A0503FCD694C3FD100483F1767433F4F
:10D14000819D3E3FA9A6393FF384343FC63A2F3F25
:10D1500070CA293FD937243F35861E3F19B8183F7A
:10D1600035D2123F32D80C3F32CD063F44B6003F95
:10D17000412DF53EC1E5E83EAE9EDC3E8361D03EEA
:10D180004037C43EFD27B83EAF3DAC3E9A82A03E3C
:10D1900056FF943EEFBC893EC0867D3E3A3B683EDA
:10D1A00056A3533E48CE3F3E16CA2C3EFDA21A3E21
:10D1B0005864093E802FF23D188AD33D12E9B63DEE
:10D1C000B5599C3D33E8833D5F3C5B3DA007333D53
:10D1D00041390F3D07A1DF3C327DA93C799A773C6C
:10D1E00023682C3CE0A3E03BA8D7833BFF5E413B98
:10D1F000B61FEB3BA099613C7932BD3C6403113D05
:10D20000FF31503D18468E3DDB29BB3D61CEEE3DE2
:10D21000298E143EC6F3343E496A583E33BD7E3EE5
:10D22000A1D0933EBF61A93EB1E7BF3E9D32D73E3C
:10D23000290EEF3EA7A1033F3BCC0F3F27E91B3F41
:10D240000EDA273F0C83333F18C83E3F0791493F12
:10D25000F1C4533FC5505D3F6223663F302F6E3FA0
:10D26000CE66753F3BC37B3F00A0803FE0EC823F32
:10D27000AFC9843F7538863F6B3D873F07DF873FE7
:10D28000E424883FE518883F7EC6873F4B39873FB7
:10D290002C7D863F509F853F49AB843F62AD833FE5
:10D2A00041B2823FF8CA813F5FEE803F7138803FD4
:10D2B000AE4F7F3FD0757E3FF6DE7D3FF6857D3FEA
:10D2C00004657D3F8A757D3F8FB07D3FC50E7E3FF3
:10D2D000AF887E3FA3167F3FCFB07F3FA527803F1B
:10D2E0001975803FBDBC803F84FA803F6A2A813F28
:10D2F0007E48813FEC50813F1E40813FCE12813FEE
:10D3000049C6803F6658803F4F8F7F3FB3267E3FA0
:10D31000BF767C3F3C467A3FA0AA773F6283743F4A
:10D3200064BD703F0F476C3F4611673F6D13613F0F
:10D33000BB465A3F59A8523F963B4A3F2208413FBD
:10D34000001B373F21872C3FDC62213FBAC7153FC6
:10D350007CD4093F904EFB3EEEC1E23E5F49CA3E9F
:10D36000A02DB23E87B99A3E6336843E3FD75D3EDC
:10D370003731363E6CE6113E9E9DE23D685EA93D2A
:10D3800058FB703D6A93203D277CC33CB009503C5C
:10D39000DE86AF3BF00000009CD30400FA14823E0E
:10D3A00055F459391614823E5132F53AC411823E71
:10D3B000B391673B060E823EDA43AA3BDA08823E0F
:10D3C000FCBCE03B4102823ED4990B3C3CFA813EDE
:10D3D000A2D3263CC9F0813E9C0B423CEAE5813E4B
:10D3E00074415D3C9ED9813EE074783CE5CB813E42
:10D3F000C9D2893CC0BC813E9F69973C2FAC813E1D
:10D40000CCFEA43C329A813E2A92B23CC986813E2F
:10D410009223C03CF471813EE0B2CD3CB45B813ECE
:10D42000EC3FDB3C0944813E90CAE83CF32A813E54
:10D43000A652F63C7210813E05EC013D87F4803E19
:10D440004AAD083D32D7803E0F6D0F3D73B8803E28
:10D45000412B163D4B98803ECEE71C3DBA76803E70
:10D46000A2A2233DC053803EAC5B2A3D5E2F803E8E
:10D47000D612313D9309803E10C8373DC5C47F3E6A
:10D48000467B3E3D94737F3E652C453D961F7F3E17
:10D490005ADB4B3DCCC87E3E1388523D376F7E3EF3
:10D4A0007E32593DD7127E3E86DA5F3DAEB37D3E79
:10D4B0001A80663DBC517D3E27236D3D04ED7C3EC8
:10D4C0009AC3733D86857C3E61617A3D431B7C3EF9
:10D4D000347E803D3BAE7B3E50CA833D713E7B3EF9
:10D4E000F914873DE7CB7A3E275E8A3D9C567A3E0B
:10D4F000D0A58D3D92DE793EECEB903DCB63793E3D
:10D500007130943D47E6783E5673973D0966783E04
:10D5100092B49A3D12E3773E1CF49D3D625D773EE6
:10D52000EA31A13DFCD4763EF46DA43DE249763E5D
:10D5300030A8A73D14BC753E95E0AA3D932B753EDF
:10D540001B17AE3D6398743EB84BB13D8402743EE8
:10D55000637EB43DF869733E13AFB73DC1CE723EF2
:10D56000C0DDBA3DDF30723E600ABE3D5790713E6D
:10D57000EB34C13D28ED703E575DC43D5447703ECD
:10D580009C83C73DDE9E6F3EB1A7CA3DC8F36E3E89
:10D590008CC9CD3D13466E3E28E9D03DC0956D3E09
:10D5A0007806D43DD3E26C3E7321D73D4C2D6C3EC2
:10D5B000143ADA3D2F756B3E5050DD3D7CBA6A3E21
:10D5C0002064E03D37FD693E7875E33D613D693E8D
:10D5D0005284E63DFB7A683EA590E93D0AB6673E77
:10D5E000689AEC3D8DEE663E93A1EF3D8924663E40
:10D5F0001DA6F23DFE57653EFFA7F53DF088643E4F
:10D600002EA7F83D5FB7633EA4A3FB3D50E3623E07
:10D61000579DFE3DC40C623E20CA003EBD33613EB4
:10D620002A44023E3E58603EC7BC033E497A5F3EF4
:10D63000F233053EE1995E3EA7A9063E08B75D3E7E
:10D64000E21D083EC0D15C3E9F90093E0CEA5B3E65
:10D65000DA010B3EEFFF5A3E8E710C3E6C135A3EC0
:10D66000B9DF0D3E8424593E554C0F3E3A33583EA7
:10D670005EB7103E923F573ED220123E8D49563E35
:10D68000AB88133E2F51553EE6EE143E7A56543E7B
:10D690007F53163E7059533E71B6173E165A523E8E
:10D6A000BB17193E6C58513E56771A3E7854503E7F
:10D6B0003FD51B3E3A4E4F3E73311D3EB6454E3E62
:10D6C000EE8B1E3EEF3A4D3EABE41F3EE92D4C3E45
:10D6D000A83B213EA51E4B3EE090223E260D4A3E31
:10D6E00050E4233E70F9483EF435253E87E3473E3B
:10D6F000C785263E6BCB463EC8D3273E23B1453E69
:10D70000F11F293EAF94443E406A2A3E1376433EC1
:10D71000B0B22B3E5255423E3EF92C3E7032413E55
:10D72000E63D2E3E6F0D403EA5802F3E54E63E3E28
:10D7300078C1303E20BD3D3E5A00323ED7913C3E3E
:10D74000493D333E7E643B3E4078343E17353A3E99
:10D750003DB1353EA403393E3BE8363E2AD0373E44
:10D76000391D383EAC9A363E3150393E2D63353E38
:10D7700021813A3EB229343E06B03B3E3CEE323E79
:10D78000DBDC3C3ED0B0313E9F073E3E7171303E07
:10D790004D303F3E23302F3EE256403EE9EC2D3ED9
:10D7A0005B7B413EC8A72C3EB69D423EC1602B3EEE
:10D7B000EDBD433ED9172A3EFFDB443E13CD283E44
:10D7C000E9F7453E7480273EA711473EFE31263ECD
:10D7D0003629483EB6E1243E933E493E9F8F233E84
:10D7E000BB514A3EBD3B223EAB624B3E13E6203E60
:10D7F00060714C3EA68E1F3ED77D4D3E79351E3E54
:10D800000D884E3E8FDA1C3E00904F3EED7D1B3E54
:10D81000AC95503E971F1A3E0E99513E90BF183E50
:10D82000249A523EDC5D173EEA98533E80FA153E3C
:10D830005F95543E7E95143E7F8F553EDB2E133E02
:10D840004787563E9BC6113EB57C573EC25C103E94
:10D85000C66F583E53F10E3E7760593E53840D3EDD
:10D86000C74E5A3EC6150C3EB13A5B3EB0A50A3EC5
:10D8700034245C3E1434093E4C0B5D3EF7C0073E39
:10D88000F9EF5D3E5D4C063E36D25E3E4AD6043E22
:10D8900001B25F3EC35E033E598F603EC9E5013E63
:10D8A0003A6A613E646B003EA342623E2DDFFD3D5D
:10D8B0009018633EC8E4FA3D00EC633EA4E7F73DF0
:10D8C000EFBC643EC8E7F43D5E8B653E3BE5F13D51
:10D8D0004757663E08E0EE3DA920673E36D8EB3D4F
:10D8E00083E7673ECECDE83DD2AB683ED7C0E53D8D
:10D8F000936D693E5EB1E23DC62C6A3E669FDF3D98
:10D9000067E96A3EFB8ADC3D74A36B3E2574D93D12
:10D91000EC5A6C3EEC5AD63DCC0F6D3E5A3FD33D8F
:10D9200013C26D3E7721D03DBE716E3E4C01CD3DA0
:10D93000CC1E6F3EE1DEC93D3BC96F3E3FBAC63DDE
:10D940000971703E6F93C33D3316713E7B6AC03DD3
:10D95000B9B8713E6A3FBD3D9858723E4612BA3D15
:10D96000CEF5723E17E3B63D5B90733EE7B1B33D33
:10D970003C28743EBF7EB03D70BD743EA749AD3DAE
:10D98000F44F753EA812AA3DC8DF753ECDD9A63D1D
:10D99000E96C763E1C9FA33D57F7763EA162A03D01
:10D9A0000F7F773E63249D3D1104783E6CE4993DE2
:10D9B0005A86783EC5A2963DEA05793E775F933D4B
:10D9C000BE82793E8B1A903DD6FC793E0BD48C3DBD
:10D9D00030747A3EFF8B893DCCE87A3E7242863DB8
:10D9E000A65A7B3E6BF7823DBFC97B3EEA557F3D21
:10D9F00016367C3E30BA783DA89F7C3EBD1B723DFA
:10DA000075067D3EA17A6B3D7B6A7D3EF1D6643D15
:10DA1000BBCB7D3EBE305E3D322A7E3E1B88573DED
:10DA2000DF857E3E1CDD503DC1DE7E3ED22F4A3D6D
:10DA3000D9347F3E5080433D23887F3EAACE3C3D73
:10DA4000A0D87F3EF11A363D2813803E3A652F3D1F
:10DA50009838803E95AD283DA05C803E18F4213D6D
:10DA6000407F803ED3381B3D77A0803EDB7B143D5A
:10DA700044C0803E42BD0D3DA9DE803E1CFD063DFA
:10DA8000A3FB803E7A3B003D3417813EE0F0F23C40
:10DA90005A31813E2368E53C154A813EE1DCD73CA2
:10DAA0006661813E414FCA3C4B77813E69BFBC3CB9
:10DAB000C58B813E802DAF3CD39E813EAB99A13C6E
:10DAC00075B0813E1004943CACC0813ED66C863C5F
:10DAD00075CF813E44A8713CD3DC813E3674563C00
:10DAE000C4E8813ECD3D3B3C48F3813E5705203C98
:10DAF0005FFC813E20CB043C0A04823EE91ED33BFE
:10DB0000470A823E41A59C3B180F823EC1534C3BC5
:10DB10007B12823E88B5BE3A7114823EB40000008A
:10DB200024DB040038C88B3E5F239C3984C68B3EBF
:10DB300014A72F3B17C28B3E28E3A53BEFBA8B3EC1
:10DB40008AEFF33B0FB18B3E95FB203C75A48B3ED7
:10DB500042FC473C22958B3E09F96E3C17838B3E75
:10DB600094F88A3C546E8B3EED719E3CD8568B3EA9
:10DB700030E8B13CA63C8B3EFB5AC53CBC1F8B3EFB
:10DB8000ECC9D83C1C008B3EA434EC3CC6DD8A3E7C
:10DB9000C19AFF3CBBB88A3EF17D093DFC908A3EAC
:10DBA000D42B133D89668A3ED8D61C3D64398A3E03
:10DBB000CD7E263D8D098A3E8323303D05D7893EA3
:10DBC000CAC4393DCCA1893E7362433DE569893EB3
:10DBD0004BFC4C3D502F893E2592563D0FF2883E1E
:10DBE000D023603D22B2883E1DB1693D8A6F883ED8
:10DBF000DB39733D4A2A883EDBBD7C3D63E2873ECC
:10DC0000771E833DD597873E72DB873DA24A873ECC
:10DC1000C7958C3DCCFA863E5E4D913D55A8863E1B
:10DC20002002963D3D53863EF6B39A3D87FB853EE6
:10DC3000C7629F3D35A1853E7D0EA43D4744853E8C
:10DC400000B7A83DC1E4843E395CAD3DA382843E6B
:10DC500011FEB13DEF1D843E719CB63DA9B6833ED9
:10DC60004137BB3DD14C833E6BCEBF3D6AE0823E27
:10DC7000D761C43D7571823E70F1C83DF6FF813EAB
:10DC80001D7DCD3DEE8B813EC904D23D5F15813EA9
:10DC90005D88D63D4C9C803EC207DB3DB720803E70
:10DCA000E282DF3D44457F3EA7F9E33D22447E3ECC
:10DCB000FA6BE83D0A3E7D3EC4D9EC3D02337C3E22
:10DCC000F142F13D10237B3E6AA7F53D380E7A3EC6
:10DCD0001807FA3D80F4783EE761FE3DEED5773EC9
:10DCE000E05B013E87B2763E4784033E518A753E33
:10DCF0001DAA053E515D743E59CD073E8E2B733EE5
:10DD0000EFED093E0DF5713ED40B0C3ED4B9703EDB
:10DD1000FF260E3EEA796F3E643F103E56356E3E5A
:10DD2000F854123E1CEC6C3EB367143E439E6B3EAF
:10DD30008977163ED34B6A3E7184183ED1F4683E13
:10DD40005E8E1A3E4599673E49951C3E3439663EC3
:10DD500026991E3EA7D4643EEC99203EA46B633EF8
:10DD60008F97223E32FE613E0892243E578C603EE1
:10DD70004B89263E1D165F3E4F7D283E899B5D3EAA
:10DD80000B6E2A3EA21C5C3E735B2C3E72995A3E7F
:10DD900080452E3EFE11593E262C303E4F86573E82
:10DDA0005E0F323E6CF6553E1CEF333E5D62543ED4
:10DDB00059CB353E2BCA523E0AA4373EDD2D513E8B
:10DDC0002779393E798D4F3EA64A3B3E0CE94D3EC0
:10DDD0007E183D3E9A404C3EA7E23E3E2C944A3E81
:10DDE00017A9403ECCE3483EC56B423E802F473EDC
:10DDF000AA2A443E5377453EBBE5453E4CBB433ED5
:10DE0000F19C473E75FB413E4250493ED537403E6E
:10DE1000A6FF4A3E76703E3E16AB4C3E60A53C3EA9
:10DE200088524E3E9ED63A3EF4F54F3E3604393E79
:10DE30005295513E332E373E9B30533E9E54353ED5
:10DE4000C5C7543E8077333EC95A563EE296313EAE
:10DE5000A0E9573ECEB22F3E4174593E4DCB2D3EE8
:10DE6000A4FA5A3E69E02B3EC37C5C3E2BF2293E6D
:10DE700096FA5D3E9D00283E14745F3EC80B263E18
:10DE800037E9603EB713243EF859623E7218223ECD
:10DE90004FC6633E051A203E362E653E78181E3E5C
:10DEA000A591663ED7131C3E95F0673E2B0C1A3E9B
:10DEB000FE4A693E7E01183EDCA06A3EDAF3153E5A
:10DEC00027F26B3E4AE3133ED93E6D3ED7CF113E5B
:10DED000EB866E3E8DB90F3E55CA6F3E76A00D3E65
:10DEE0001309713E9C840B3E1F43723E0966093E36
:10DEF0007178733ECA44073E04A9743EE620053E8D
:10DF0000D1D4753E6AFA023ED4FB763E61D1003E22
:10DF1000071E783EA94BFD3D633B793EA0EFF83DDF
:10DF2000E3537A3EBD8EF43D82677B3E1529F03D7A
:10DF30003B767C3EC0BEEB3D06807D3ED04FE73D4C
:10DF4000E2847E3E5FDCE23DC6847F3E8264DE3D4D
:10DF5000D83F803E4EE8D93DCCBA803EDC67D53D07
:10DF60003F33813E3FE3D03D2CA9813E915ACC3DC9
:10DF7000931C823EE7CDC73D6F8D823E573DC33D2A
:10DF8000C1FB823EF9A8BE3D8467833EE310BA3DE3
:10DF9000B8D0833E2D75B53D5A37843EEDD5B03DA2
:10DFA000689B843E3B33AC3DE1FC843E2D8DA73D18
:10DFB000C15B853EDBE3A23D08B8853E5C379E3DF4
:10DFC000B411863EC887993DC268863E35D5943DDA
:10DFD00032BD863EBB1F903D010F873E72678B3D71
:10DFE0002E5E873E72AC863DB8AA873ED1EE813D5B
:10DFF0009CF4873E4F5D7A3DDA3B883E1BD8703DEE
:10E000007080883E354E673D5DC2883ECDBF5D3D28
:10E010009F01893E112D543D363E893E33964A3D3F
:10E020001F78893E62FB403D5BAF893ECE5C373D49
:10E03000E7E3893EA6BA2D3DC3158A3E1C15243D53
:10E04000EE448A3E5E6C1A3D67718A3E9EC0103D6A
:10E050002D9B8A3E0C12073D3FC28A3EAEC1FA3C60
:10E060009DE68A3E615AE73C45088B3E91EED33CE3
:10E0700037278B3EA07EC03C74438B3EEF0AAD3CFD
:10E08000F95C8B3EDD93993CC6738B3ECD19863C83
:10E09000DB878B3E3F3A653C39998B3E6D3C3E3C7D
:10E0A000DDA78B3EE53A173CC8B38B3ED56CE03B11
:10E0B000FBBC8B3E7F5F923B73C38B3E9E9E083BB7
:10E0C00033C78B3EA0000000CCE0040093F58F3EE8
:10E0D00097E7B4395AF38F3E7E834B3B95ED8F3EE5
:10E0E0008232C03B42E48F3E434F0D3C62D78F3EAD
:10E0F000C9813A3CF6C68F3EB5AF673CFEB28F3E53
:10E10000F46B8A3C7A9B8F3EA4FCA03C6B808F3ED4
:10E110005B89B73CD2618F3E8B11CE3CAE3F8F3EC8
:10E12000A594E43C021A8F3E1B12FB3CCEF08E3EBF
:10E13000B0C4083D13C48E3EF2FC133DD3938E3E13
:10E140008D311F3D0E608E3E3B622A3DC5288E3EBE
:10E15000B58E353DFBED8D3EB4B6403DB0AF8D3E46
:10E16000F2D94B3DE66D8D3E27F8563D9E288D3EFB
:10E170001011623DDCDF8C3E64246D3D9F938C3E2C
:10E18000DE31783DEA438C3E9C9C813DC0F08B3E65
:10E19000171D873D219A8B3E3C9A8C3D11408B3E4A
:10E1A000E913923D91E28A3EFB89973DA3818A3E25
:10E1B00051FC9C3D4B1D8A3EC66AA23D8BB5893EF3
:10E1C0003AD5A73D654A893E893BAD3DDBDB883EBC
:10E1D000939DB23DF169883E34FBB73DA9F4873E7B
:10E1E0004B54BD3D077C873EB6A8C23D0D00873E1F
:10E1F00053F8C73DBE80863E0243CD3D1DFE853EA1
:10E200009F88D23D2E78853E0BC9D73DF4EE843EE3
:10E210002504DD3D7362843EC939E23DADD2833EC3
:10E22000D969E73DA73F833E3494EC3D63A9823E24
:10E23000B7B8F13DE60F823E45D7F63D3473813ED7
:10E24000BBEFFB3D50D3803EFC80003E3E30803E25
:10E25000F006033E05147F3EA889053E43C17D3E7E
:10E260001509083E3E687C3E26850A3EFF087B3E37
:10E27000CCFD0C3E8EA3793EF7720F3EF437783E0C
:10E2800099E4113E3AC6763EA152143E694E753E5F
:10E2900000BD163E8CD0733EA723193EAA4C723E99
:10E2A00087861B3ECDC2703E90E51D3E00336F3E1B
:10E2B000B440203E4C9D6D3EE597223EBB016C3E36
:10E2C00011EB243E57606A3E2C3A273E2BB9683E3C
:10E2D0002685293E410C673EF3CB2B3EA359653E74
:10E2E000810E2E3E5DA1633EC54C303E79E3613E1A
:10E2F000AF86323E0220603E31BC343E03575E3E64
:10E300003DED363E88885C3EC719393E9CB45A3E86
:10E31000BE413B3E4BDB583E17653D3E9FFC563EA3
:10E32000C4833F3EA618553EB79D413E6B2F533EDA
:10E33000E3B2433EF940513E3BC3453E5F4D4F3E45
:10E34000B2CE473EA7544D3E3BD5493EDD564B3EEF
:10E35000C8D64B3E1054493E4FD34D3E4A4C473EE3
:10E36000C1CA4F3E9A3F453E13BD513E0B2E433E20
:10E3700037AA533EAC17413E2392553E8AFC3E3E9F
:10E38000CA74573EB1DC3C3E2052593E2EB83A3E4C
:10E39000192A5B3E118F383EAAFC5C3E6661363E10
:10E3A000C7C95E3E3B2F343E6591603E9DF8313ECD
:10E3B0007853623E9CBD2F3EF60F643E447E2D3E58
:10E3C000D3C6653EA53A2B3E0578673ECCF2283E83
:10E3D0008023693EC8A6263E3BC96A3EA756243E16
:10E3E0002B696C3E7802223E46036E3E4AAA1F3ECF
:10E3F00081976F3E2B4E1D3ED325713E2BEE1A3E6C
:10E4000032AE723E588A183E9430743EC222163E96
:10E41000F0AC753E76B7133E3B23773E8748113EFE
:10E420006D93783E01D60E3E7EFD793EF55F0C3E43
:10E4300063617B3E73E6093E15BF7C3E8A69073EF9
:10E440008A167E3E49E9043EBA677F3EC065023EB9
:10E450004E59803E01BEFF3D95FB803E31AAFA3DFC
:10E46000AD9A813E3290F53D9236823E2470F03D69
:10E4700041CF823E274AEB3DB664833E5D1EE63DBA
:10E48000EDF6833EE5ECE03DE285843EE0B5DB3D24
:10E490009211853E6F79D63DF999853EB337D13DCE
:10E4A000151F863ECEF0CB3DE1A0863EE1A4C63DE1
:10E4B0005B1F873E0D54C13D809A873E74FEBB3D75
:10E4C0004C12883E37A4B63DBC86883E7945B13DA6
:10E4D000CFF7883E5BE2AB3D7F65893EFF7AA63D84
:10E4E000CDCF893E870FA13DB3368A3E17A09B3D15
:10E4F000319A8A3ECF2C963D43FA8A3ED3B5903D61
:10E50000E7568B3E453B8B3D1BB08B3E47BD853D63
:10E51000DD058C3EFC3B803D2A588C3E106F753DDE
:10E5200001A78C3E18606A3D60F28C3E594B5F3DFE
:10E53000443A8D3E1731543DAC7E8D3E9811493D95
:10E5400096BF8D3E23ED3D3D01FD8D3EFFC3323D27
:10E55000EB368E3E7296273D536D8E3EC2641C3D57
:10E5600037A08E3E362F113D97CF8E3E15F6053DD6
:10E5700070FB8E3E4D73F53CC2238F3E60F4DE3C53
:10E580008C488F3EF46FC83CCD698F3E95E6B13C18
:10E5900084878F3ED2589B3CB0A18F3E3BC7843CC2
:10E5A00051B88F3EB8645C3C67CB8F3E8B352F3CB7
:10E5B000F0DA8F3E0B02023CECE68F3EAC96A93BB4
:10E5C0005CEF8F3E274A1E3B3EF48F3E78000000F2
:10E5D000D4E50400B8B19A3EB098013A7AAD9A3EBB
:10E5E00071CA913B74A29A3EB3AD093CA5909A3E84
:10E5F00024704A3C0E789A3EDA94853CB1589A3E93
:10E60000C6EBA53C8E329A3E6B3BC63CA8059A3EB3
:10E610005D82E63C01D2993E9A5F033D9A97993E0E
:10E620004278133D7656993E728A233D990E993E63
:10E630007595333D05C0983E9898433DBD6A983E18
:10E640002693533DC70E983E6D84633D24AC973EA0
:10E65000B96B733DDB42973E2CA4813DEED2963ED2
:10E66000CB8C893D655C963E626F913D42DF953E65
:10E67000974B993D8D5B953E1421A13D4BD1943E26
:10E680007FEFA83D8140943E81B6B03D37A9933ECF
:10E69000C275B83D730B933EEC2CC03D3B67923E78
:10E6A000A9DBC73D98BC913EA081CF3D900B913E28
:10E6B0007E1ED73D2B54903EECB1DE3D71968F3ED1
:10E6C000963BE63D6CD28E3E27BBED3D22088E3E4A
:10E6D0004930F53D9D378D3EAA9AFC3DE7608C3E62
:10E6E000FBFC013E08848B3EEEA6053E0BA18A3E54
:10E6F000044B093EF9B7893E15E90C3EDCC8883E5B
:10E70000F680103EC0D3873E8112143EAED8863EBE
:10E710008E9D173EB2D7853EF4211B3ED7D0843E56
:10E720008B9F1E3E29C4833E2E16223EB3B1823EED
:10E73000B585253E8199813EF9ED283EA07B803E3E
:10E74000D44E2C3E39B07E3E20A82F3E065E7C3E45
:10E75000B8F9323EC0007A3E7543363E8498773E23
:10E760003585393E6B25753ED1BE3C3E92A7723E43
:10E7700025F03F3E131F703E0E19433E0C8C6D3E3C
:10E780006839463E99EE6A3E1151493ED946683E87
:10E79000E45F4C3EE894653EC0654F3EE6D8623E7D
:10E7A0008562523EEF12603E0E56553E25435D3E59
:10E7B0003C40583EA6695A3EED205B3E9386573E4C
:10E7C00002F85D3E0B9A543E5AC5603E2FA4513E5E
:10E7D000D688633E23A54E3E5842663E059D4B3E7D
:10E7E000BFF1683EF98B483EEF966B3E2172453E85
:10E7F000C9316E3E9F4F423E30C2703E98243F3E2C
:10E800000848733E2EF13B3E34C3753E86B5383E14
:10E810009933783EC471353E1A997A3E0D26323EC0
:10E820009DF37C3E84D22E3E08437F3E51772B3EA3
:10E83000A0C3803E9814283E17E0813E80AA243E63
:10E84000DAF6823E2F39213EDF07843ECBC01D3EE3
:10E850001A13853E7C411A3E7E18863E69BB163EE1
:10E860000118873EB92E133E9611883E949B0F3EA9
:10E870003405893E23020C3ECFF2893E8E62083E6B
:10E880005DDA8A3EFDBC043ED3BB8B3E9911013E4E
:10E8900029978C3E18C1FA3D546C8D3EFF53F33DD1
:10E8A0004A3B8E3E3ADCEB3D04048F3E1B5AE43D6E
:10E8B00077C68F3EF8CDDC3D9C82903E2638D53D14
:10E8C0006B38913EF998CD3DDAE7913EC9F0C53DF0
:10E8D000E490923EE93FBE3D7F33933EB186B63D24
:10E8E000A5CF933E77C5AE3D5065943E92FCA63DC4
:10E8F00078F4943E5B2C9F3D187D953E2855973DBE
:10E9000029FF953E52778F3DA67A963E3093873DFC
:10E9100088EF963E3A527F3DCC5D973EDF726F3D69
:10E920006DC5973E04895F3D6426983E5A954F3DDC
:10E93000B080983E96983F3D4BD4983E6A932F3DC9
:10E940003121993E8B861F3D6167993EAC720F3D28
:10E95000D6A6993E04B1FE3C8DDF993E8571DE3C22
:10E9600084119A3E4428BE3CB93C9A3EABD69D3CAD
:10E970002B619A3E4DFC7A3CD67E9A3E41403A3C11
:10E98000BB959A3E12F8F23BD8A59A3EF6C9623B77
:10E990002CAF9A3E5A0000009CE90400C53AA63EFE
:10E9A00036AE393AAB32A63E98E0D03B9C1DA63E2F
:10E9B000903D453C98FBA53EB9FD903CA2CCA53EC0
:10E9C0005C51BF3CBF90A53E1496ED3CF347A53E7D
:10E9D00022E40D3D43F2A43E2AF2243DB68FA43E2C
:10E9E00055F33B3D5420A43ED7E5523D26A4A33E1B
:10E9F000E8C7693D351BA33EDF4B803D8C85A23EB9
:10EA0000C9A98B3D36E3A13ECEFC963D4134A13EE3
:10EA10000E44A23DB978A03EA67EAD3DAFB09F3E6C
:10EA2000B7ABB83D30DC9E3E61CAC33D4EFB9D3E58
:10EA3000C6D9CE3D1A0E9D3E0BD9D93DA7149C3E9A
:10EA400052C7E43D080F9B3EC3A3EF3D51FD993EE5
:10EA5000836DFA3D99DF983EDE91023EF5B5973E13
:10EA6000CCE2073E7C80963E21290D3E473F953EF5
:10EA70007564123E6EF2933E5E94173E0C9A923E7F
:10EA800075B81C3E3B36913E53D0213E18C78F3E91
:10EA900093DB263EBE4C8E3ED0D92B3E4CC78C3EDF
:10EAA000A7CA303EDF368B3EB4AD353E979B893EDC
:10EAB00097823A3E94F5873EEE483F3EF744863EC5
:10EAC0005B00443EE189843E7EA8483E76C4823E97
:10EAD000FC404D3ED8F4803E79C9513E57367E3ECB
:10EAE0009A41563E2C6F7A3E05A95A3E7994763E5D
:10EAF00063FF5E3E8CA6723E5E44633EB3A56E3EEF
:10EB0000A077673E3D926A3ED5986B3E7D6C663E2F
:10EB1000AAA76F3EC534623ED0A3733E6AEB5D3E4A
:10EB2000F68C773EC090593ECE627B3E1F25553E07
:10EB30000C257F3EDFA8503EB269813E591C4C3EF9
:10EB4000C736833EE97F473EA0F9843EEAD3423E82
:10EB50001AB2863EBB183E3E1460883EB74E393E20
:10EB60006B038A3E4176343E009C8B3EB98F2F3E2C
:10EB7000B1298D3E7F9B2A3E60AC8E3EF899253EA2
:10EB8000EF23903E878B203E4090913E91701B3E3C
:10EB900038F1923E7C49163EBA46943EAE16113E7E
:10EBA000AD90953E90D80B3EF5CE963E8B8F063EAF
:10EBB0007B01983E073C013E2628993EDFBCF73D8D
:10EBC000E0429A3E5FEEEC3D93519B3E640DE23D88
:10EBD00029549C3EC91AD73D8E4A9D3E6817CC3DAC
:10EBE000AF349E3E1C04C13D79129F3EC4E1B53D49
:10EBF000DDE39F3E3CB1AA3DC8A8A03E65739F3DA2
:10EC00002C61A13E1F29943DFB0CA23E4BD3883DB5
:10EC100026ACA23E97E57A3DA33EA33E0811643D93
:10EC200064C4A33EAF2A4D3D603DA43E5834363DFA
:10EC30008DA9A43ECA2F1F3DE408A53ED31E083D62
:10EC40005B5BA53E7E06E23CEEA0A53EB5BDB33CB7
:10EC500096D9A53EE866853C5005A63E670B2E3C3E
:10EC60001724A63EDA76A23BE935A63E5000000006
:10EC700074EC04006F32AB3E0822573ADF27AB3EFC
:10EC80004F01F23B6C0CAB3E3D83643C17E0AA3E67
:10EC9000A3F7A73CE4A2AA3E139DDD3CDA54AA3EAA
:10ECA0005296093D01F6A93E8750243D6286A93E51
:10ECB00083FA3E3D0806A93EA791593DFF74A83E40
:10ECC0005213743D56D3A73E733E873D1D21A73E88
:10ECD000E465943D655EA63EB07EA13D428BA53EB7
:10ECE0008C87AE3DC8A7A43E2D7FBB3D0FB4A33E8D
:10ECF0004E64C83D2DB0A23EA835D53D3D9CA13EF9
:10ED0000F7F1E13D5978A03EFA97EE3DA0449F3ED1
:10ED10007026FB3D2E019E3E0ECE033E24AE9C3E51
:10ED2000E3FB093EA44B9B3E191C103ED1D9993EF2
:10ED3000162E163ECD58983E41311C3EC2C8963E16
:10ED40000125223ED429953EC108283E2E7C933EC3
:10ED5000EBDB2D3EF9BF913EED9D333E62F58F3EDC
:10ED6000354E393E961C8E3E33EC3E3EC3358C3ECE
:10ED70005977443E1A418A3E1CEF493ECC3E883EBC
:10ED8000F0524F3E0C2F863E4EA2543E0D12843E52
:10ED9000B0DC593E06E8813E92015F3E58627F3EFC
:10EDA0007210643E70DB7A3ECF08693EC73B763E08
:10EDB0002CEA6D3ED083713E0FB4723E04B46C3EBB
:10EDC000FD65773EDACC673E81FF7B3ED1CE623E69
:10EDD0001340803E65BA5D3EBD73823E1790583E3B
:10EDE000889A843E6950533E3CB4863EE1FB4D3EDA
:10EDF000A4C0883E0493483E8EBF8A3E5C16433EC4
:10EE0000C6B08C3E72863D3E1C948E3ED4E3373EA7
:10EE10005F69903E102F323E6130923EB7682C3EC3
:10EE2000F6E8933E5A91263EF292953E8BA9203EFB
:10EE30002B2E973EE2B11A3E79BA983EF4AA143EC0
:10EE4000B3379A3E5B950E3EB6A59B3EAE71083E2B
:10EE50005C049D3E8B40023E82539E3E1905F83D68
:10EE600009939F3EA170EB3DCFC2A03EEEC4DE3DB4
:10EE7000B9E2A13E3E03D23DA7F2A23ED42CC53D4D
:10EE800082F2A33EF442B83D2EE2A43EE546AB3DFD
:10EE900093C1A53EEF399E3D9E90A63E5B1D913DE0
:10EEA000374FA73E74F2833D4EFDA73E0F756D3D73
:10EEB000D09AA83EC7ED523DAF27A93EAE51383D8E
:10EEC000DCA3A93E64A31D3D4A0FAA3E8BE5023D8B
:10EED000F169AA3E8F35D03CC5B3AA3E7B8B9A3CE4
:10EEE000C1ECAA3E4BA4493CDE14AB3E743BBC3B98
:10EEF000192CAB3E3C000000FCEE040075F6B73E5A
:10EF0000E71D9A3A49E2B73E4D5B2D3CD9ADB73E7D
:10EF100039AAA33C3059B73E158AF03C5CE4B63EB2
:10EF2000DF9F1E3D714FB63EDEDE443D899AB53E01
:10EF300053FB6A3DC5C5B43E4777883D4AD1B33ED1
:10EF4000F3589B3D41BDB23E5D1FAE3DDD89B13EF4
:10EF50003BC7C03D5337B03E464DD33DDDC5AE3E09
:10EF60003EAEE53DBE35AD3EEBE6F73D3B87AB3E05
:10EF70000CFA043EA0BAA93E4FE90D3E3ED0A73E92
:10EF8000ABBF163E6AC8A53E947B1F3E80A3A33E3E
:10EF9000821B283EE061A13EF29D303EF0039F3E81
:10EFA0006501393E198A9C3E6344413ECCF4993E4A
:10EFB0007765493E7B44973E3663513EA179943E46
:10EFC000383C593EB994913E1DEF603E47968E3EC7
:10EFD0008C7A683ED07E8B3E30DD6F3EE14E883EBF
:10EFE000BF15773E0607853EF4227E3ED5A7813EBB
:10EFF000C981823EC9637C3E33DB853E9F4B753EB3
:10F00000201D893E6D086E3EFF468C3E769B663E17
:10F0100041588F3E0A065F3E5D50923E7D49573E05
:10F02000CD2E953E2A674F3E11F3973E7460473EC2
:10F03000AC9C9A3EC3363F3E272B9D3E85EB363E29
:10F040000E9E9F3E2F802E3EF4F4A13E3CF6253EC0
:10F050006F2FA43E2A4F1D3E1D4DA63E7F8C143EB1
:10F060009D4DA83EC4AF0B3E9530AA3E87BA023EE6
:10F07000B2F5AB3EB45CF33DA29CAD3EA719E13DB9
:10F080001D25AF3E1DAFCE3DDE8EB03E4F20BC3DB8
:10F09000A4D9B13E7F70A93D3605B33EF5A2963D99
:10F0A0005F11B43EFDBA833DF1FDB43ED077613DC2
:10F0B000C1CAB53E18523B3DAC77B63E820B153DFA
:10F0C0009404B73E8D55DD3C5F71B73E3F6D903C7B
:10F0D000FBBDB73E35D7063C5AEAB73E28000000D4
:10F0E000E4F004003C96CB3E3BD6FF3A0264CB3EB4
:10F0F000ABDC8F3C80E1CA3E95C1073DE70ECA3EBE
:10F100003E5F473D8DECC83E1A57833DE37AC73ECC
:10F11000BDCAA23D7BBAC53E1DFEC13D06ACC33E85
:10F12000EAE4E03D5450C13EF172FF3D54A8BE3EBA
:10F1300011CE0E3E11B5BB3E4BAA1D3EB677B83E72
:10F1400049482C3E8AF1B43E45A23A3EF223B13EF4
:10F1500096B2483E6D10AD3EAE73563E98B8A83E8E
:10F160001FE0633E291EA43E9DF2703EF2429F3E88
:10F17000FFA57D3EDD289A3EA0FA843EEED1943E66
:10F18000C3ED8A3E41408F3E10AA903E0876893EEC
:10F19000412D963E8C75833E2B759B3E58827A3E60
:10F1A000B87FA03EB5B66D3EEA4AA53E3D8D603EB5
:10F1B000DDD4A93E220B533EC61BAE3EB835453EBC
:10F1C000F61DB23E7612373ED6D9B53EF0A6283EA1
:10F1D000ED4DB93ED8F8193EE078BC3EF90D0B3E36
:10F1E0006D59BF3E6CD8F73D72EEC13E0F33D93D2D
:10F1F000EA36C43EF837BA3DEE31C63E5EF39A3D7C
:10F20000B6DEC73E35E3763D983CC93E3A7E373D93
:10F210000C4BCA3E9FA1EF3CA509CB3E68D05F3C9A
:10F220001978CB3E1E0000002CF204002AC4DA3EFE
:10F230009C46373B3A64DA3E4A11CE3C0D6BD93ED0
:10F240009554423D51D9D73E148C8E3D21B0D53EC8
:10F25000D989BB3DFFF0D23E0504E83DDA9DCF3EA3
:10F26000B3ED093E08B9CB3E9B781F3E4245C73EF1
:10F270009D93343EAA45C23EEB2F493EC0BDBC3EE5
:10F280000D3F5D3E68B1B63EF1B2703EDE24B03E49
:10F29000F8BE813EBB1CA93E6DC98A3EEF9DA13ED2
:10F2A0008072933EBCAD993E1DB49B3EB351913EDE
:10F2B0007A88A33EB38F883E17EAAA3EC0DB7E3E23
:10F2C000C6D3B13E46E56B3EAE40B83E4749583ED8
:10F2D0004E2CBE3E8415443E7C92C33E2B582F3E9E
:10F2E000706FC83EC91F1A3EC0BFCC3E417B043E72
:10F2F0006580D03E87F3DC3DBDAED33E8455B03D46
:10F300008C48D63EC53B833D004CD83EE28B2B3D1E
:10F31000AEB7D93EB74FA03C988ADA3E78000000DD
:10F3200024F304000000803F000000808BE97F3F51
:10F330000A71D6BC2FA67F3F3A5E56BDF9357F3F96
:10F340002AAFA0BDFD987E3F0413D6BD55CF7D3FAB
:10F35000A8A805BE25D97C3F5C3020BE98B67B3F6F
:10F36000F39B3ABEE2677A3FCDE654BE3CED783F70
:10F370004D0C6FBEEA46773FEE8384BE3675753F0F
:10F38000756A91BE7178733F7A379EBEF450713FB3
:10F39000BCE8AABE21FF6E3F017CB7BE5E836C3F16
:10F3A00015EFC3BE1EDE693FC93FD0BED40F673F15
:10F3B000F36BDCBE0119643F7171E8BE28FA603F4F
:10F3C000274EF4BED7B35D3F000000BFA0465A3FB2
:10F3D00077C205BF1DB3563F776D0BBFEFF9523FA4
:10F3E000000011BFBD1B4F3F187916BF34194B3FAA
:10F3F000CAD71BBF0AF3463F241B21BFF7A9423FD0
:10F400003A4226BFBD3E3E3F254C2BBF22B2393F7C
:10F41000013830BFF304353FF30435BF0138303FC6
:10F4200022B239BF254C2B3FBD3E3EBF3A42263F5C
:10F43000F7A942BF241B213F0AF346BFCAD71B3F8F
:10F4400034194BBF1879163FBD1B4FBF0000113F49
:10F45000EFF952BF776D0B3F1DB356BF77C2053F23
:10F46000A0465ABF0000003FD7B35DBF274EF43E11
:10F4700028FA60BF7171E83E011964BFF36BDC3E8E
:10F48000D40F67BFC93FD03E1EDE69BF15EFC33E34
:10F490005E836CBF017CB73E21FF6EBFBCE8AA3E15
:10F4A000F45071BF7A379E3E717873BF756A913E92
:10F4B000367575BFEE83843EEA4677BF4D0C6F3ECE
:10F4C0003CED78BFCDE6543EE2677ABFF39B3A3E0F
:10F4D00098B67BBF5C30203E25D97CBFA8A8053EEE
:10F4E00055CF7DBF0413D63DFD987EBF2AAFA03D0A
:10F4F000F9357FBF3A5E563D2FA67FBF0A71D63CD5
:10F500008BE97FBF4C4CA325000080BF0A71D6BC9D
:10F510008BE97FBF3A5E56BD2FA67FBF2AAFA0BD45
:10F52000F9357FBF0413D6BDFD987EBFA8A805BEE0
:10F5300055CF7DBF5C3020BE25D97CBFF39B3ABE42
:10F5400098B67BBFCDE654BEE2677ABF4D0C6FBE66
:10F550003CED78BFEE8384BEEA4677BF756A91BE04
:10F56000367575BF7A379EBE717873BFBCE8AABE88
:10F57000F45071BF017CB7BE21FF6EBF15EFC3BE53
:10F580005E836CBFC93FD0BE1EDE69BFF36BDCBEBD
:10F59000D40F67BF7171E8BE011964BF274EF4BE76
:10F5A00028FA60BF000000BFD7B35DBF77C205BFB8
:10F5B000A0465ABF776D0BBF1DB356BF000011BFE9
:10F5C000EFF952BF187916BFBD1B4FBFCAD71BBF7B
:10F5D00034194BBF241B21BF0AF346BF3A4226BF52
:10F5E000F7A942BF254C2BBFBD3E3EBF013830BFFF
:10F5F00022B239BFF30435BFF30435BF22B239BF9D
:10F60000013830BFBD3E3EBF254C2BBFF7A942BFDE
:10F610003A4226BF0AF346BF241B21BF34194BBF11
:10F62000CAD71BBFBD1B4FBF187916BFEFF952BF1A
:10F63000000011BF1DB356BF776D0BBFA0465ABF68
:10F6400077C205BFD7B35DBF000000BF28FA60BF17
:10F65000274EF4BE011964BF7171E8BED40F67BFB5
:10F66000F36BDCBE1EDE69BFC93FD0BE5E836CBFDC
:10F6700015EFC3BE21FF6EBF017CB7BEF45071BF52
:10F68000BCE8AABE717873BF7A379EBE367575BF67
:10F69000756A91BEEA4677BFEE8384BE3CED78BFC3
:10F6A0004D0C6FBEE2677ABFCDE654BE98B67BBF05
:10F6B000F39B3ABE25D97CBF5C3020BE55CF7DBFC1
:10F6C000A8A805BEFD987EBF0413D6BDF9357FBF3F
:10F6D0002AAFA0BD2FA67FBF3A5E56BD8BE97FBF84
:10F6E0000A71D6BC5A000000ECF604000000803F0E
:10F6F0000000008014D87F3FC6F20EBD5C607F3FE3
:10F700007BDC8EBDFD987E3F0413D6BD35827D3FE8
:10F7100065830EBE5C1C7C3FD4D031BEE2677A3F6D
:10F72000CDE654BE4D65783F60BA77BE3F15763F53
:10F7300057208DBE7178733F7A379EBEB28F703F6F
:10F74000441DAFBEEC5B6D3F6FCCBFBE1EDE693F9C
:10F75000C93FD0BE5E17663F2F72E0BEDA08623F37
:10F76000945EF0BED7B35D3F000000BFAE19593FB5
:10F77000CAA807BFCE3B543F44270FBFBD1B4F3F16
:10F78000187916BF13BB493FFE9B1DBF7D1B443F2D
:10F79000BB8D24BFBD3E3E3F254C2BBFA726383F27
:10F7A00022D531BF22D5313FA72638BF254C2B3F6C
:10F7B000BD3E3EBFBB8D243F7D1B44BFFE9B1D3F16
:10F7C00013BB49BF1879163FBD1B4FBF44270F3FDE
:10F7D000CE3B54BFCAA8073FAE1959BF0000003F37
:10F7E000D7B35DBF945EF03EDA0862BF2F72E03E91
:10F7F0005E1766BFC93FD03E1EDE69BF6FCCBF3EFD
:10F80000EC5B6DBF441DAF3EB28F70BF7A379E3E3A
:10F81000717873BF57208D3E3F1576BF60BA773E33
:10F820004D6578BFCDE6543EE2677ABFD4D0313E15
:10F830005C1C7CBF65830E3E35827DBF0413D63DC4
:10F84000FD987EBF7BDC8E3D5C607FBFC6F20E3DC7
:10F8500014D87FBF32318D24000080BFC6F20EBDA8
:10F8600014D87FBF7BDC8EBD5C607FBF0413D6BD28
:10F87000FD987EBF65830EBE35827DBFD4D031BE7C
:10F880005C1C7CBFCDE654BEE2677ABF60BA77BE2F
:10F890004D6578BF57208DBE3F1576BF7A379EBE27
:10F8A000717873BF441DAFBEB28F70BF6FCCBFBE47
:10F8B000EC5B6DBFC93FD0BE1EDE69BF2F72E0BEDC
:10F8C0005E1766BF945EF0BEDA0862BF000000BF3C
:10F8D000D7B35DBFCAA807BFAE1959BF44270FBF32
:10F8E000CE3B54BF187916BFBD1B4FBFFE9B1DBF3B
:10F8F00013BB49BFBB8D24BF7D1B44BF254C2BBF11
:10F90000BD3E3EBF22D531BFA72638BFA72638BF90
:10F9100022D531BFBD3E3EBF254C2BBF7D1B44BF12
:10F92000BB8D24BF13BB49BFFE9B1DBFBD1B4FBF7B
:10F93000187916BFCE3B54BF44270FBFAE1959BF2D
:10F94000CAA807BFD7B35DBF000000BFDA0862BF17
:10F95000945EF0BE5E1766BF2F72E0BE1EDE69BF0A
:10F96000C93FD0BEEC5B6DBF6FCCBFBEB28F70BF66
:10F97000441DAFBE717873BF7A379EBE3F1576BF08
:10F9800057208DBE4D6578BF60BA77BEE2677ABFFB
:10F99000CDE654BE5C1C7CBFD4D031BE35827DBF69
:10F9A00065830EBEFD987EBF0413D6BD5C607FBF2D
:10F9B0007BDC8EBD14D87FBFC6F20EBD50000000A8
:10F9C000C4F904000000803F0000008079CD7F3F33
:10F9D000E7CE20BDF9357F3F2AAFA0BDBC397E3FC1
:10F9E00073B7F0BD25D97C3F5C3020BEBE147B3F91
:10F9F000C2C547BE3CED783F4D0C6FBE7763763F86
:10FA00003EFA8ABE7178733F7A379EBE4F2D703FA3
:10FA10004136B1BE5E836C3F15EFC3BE127C683FBA
:10FA2000925AD6BE0119643F7171E8BEE65B5F3F32
:10FA3000902CFABEA0465A3F77C205BF31DB543F37
:10FA4000DA390EBFBD1B4F3F187916BF880A493FF0
:10FA5000F17C1EBFF7A9423F3A4226BF8FFC3B3FD5
:10FA6000E3C52DBFF304353FF30435BFE3C52D3F98
:10FA70008FFC3BBF3A42263FF7A942BFF17C1E3FB5
:10FA8000880A49BF1879163FBD1B4FBFDA390E3FB0
:10FA900031DB54BF77C2053FA0465ABF902CFA3ED7
:10FAA000E65B5FBF7171E83E011964BF925AD63EB2
:10FAB000127C68BF15EFC33E5E836CBF4136B13E1A
:10FAC0004F2D70BF7A379E3E717873BF3EFA8A3EE3
:10FAD000776376BF4D0C6F3E3CED78BFC2C5473EA5
:10FAE000BE147BBF5C30203E25D97CBF73B7F03D90
:10FAF000BC397EBF2AAFA03DF9357FBFE7CE203DA0
:10FB000079CD7FBF32318D24000080BFE7CE20BD8C
:10FB100079CD7FBF2AAFA0BDF9357FBF73B7F0BDE8
:10FB2000BC397EBF5C3020BE25D97CBFC2C547BE74
:10FB3000BE147BBF4D0C6FBE3CED78BF3EFA8ABE53
:10FB4000776376BF7A379EBE717873BF4136B1BE98
:10FB50004F2D70BF15EFC3BE5E836CBF925AD6BEE9
:10FB6000127C68BF7171E8BE011964BF902CFABEA7
:10FB7000E65B5FBF77C205BFA0465ABFDA390EBF4A
:10FB800031DB54BF187916BFBD1B4FBFF17C1EBFC0
:10FB9000880A49BF3A4226BFF7A942BFE3C52DBF35
:10FBA0008FFC3BBFF30435BFF30435BF8FFC3BBF75
:10FBB000E3C52DBFF7A942BF3A4226BF880A49BF15
:10FBC000F17C1EBFBD1B4FBF187916BF31DB54BF80
:10FBD000DA390EBFA0465ABF77C205BFE65B5FBFEA
:10FBE000902CFABE011964BF7171E8BE127C68BF27
:10FBF000925AD6BE5E836CBF15EFC3BE4F2D70BF49
:10FC00004136B1BE717873BF7A379EBE776376BFD7
:10FC10003EFA8ABE3CED78BF4D0C6FBEBE147BBF72
:10FC2000C2C547BE25D97CBF5C3020BEBC397EBF73
:10FC300073B7F0BDF9357FBF2AAFA0BD79CD7FBFC7
:10FC4000E7CE20BD3C0000004CFC04000000803FDB
:10FC5000000000802FA67F3F3A5E56BDFD987E3F94
:10FC60000413D6BD25D97C3F5C3020BEE2677A3FC5
:10FC7000CDE654BEEA46773FEE8384BE7178733F8B
:10FC80007A379EBE21FF6E3F017CB7BE1EDE693F04
:10FC9000C93FD0BE0119643F7171E8BED7B35D3F63
:10FCA000000000BF1DB3563F776D0BBFBD1B4F3F1C
:10FCB000187916BF0AF3463F241B21BFBD3E3E3FC5
:10FCC000254C2BBFF304353FF30435BF254C2B3FA8
:10FCD000BD3E3EBF241B213F0AF346BF1879163FA5
:10FCE000BD1B4FBF776D0B3F1DB356BF0000003FDC
:10FCF000D7B35DBF7171E83E011964BFC93FD03E03
:10FD00001EDE69BF017CB73E21FF6EBF7A379E3E83
:10FD1000717873BFEE83843EEA4677BFCDE6543EEA
:10FD2000E2677ABF5C30203E25D97CBF0413D63D04
:10FD3000FD987EBF3A5E563D2FA67FBF4C4CA32553
:10FD4000000080BF3A5E56BD2FA67FBF0413D6BD0C
:10FD5000FD987EBF5C3020BE25D97CBFCDE654BE69
:10FD6000E2677ABFEE8384BEEA4677BF7A379EBEEB
:10FD7000717873BF017CB7BE21FF6EBFC93FD0BE93
:10FD80001EDE69BF7171E8BE011964BF000000BFCB
:10FD9000D7B35DBF776D0BBF1DB356BF187916BFC4
:10FDA000BD1B4FBF241B21BF0AF346BF254C2BBFF1
:10FDB000BD3E3EBFF30435BFF30435BFBD3E3EBF7D
:10FDC000254C2BBF0AF346BF241B21BFBD1B4FBFD1
:10FDD000187916BF1DB356BF776D0BBFD7B35DBF84
:10FDE000000000BF011964BF7171E8BE1EDE69BF6B
:10FDF000C93FD0BE21FF6EBF017CB7BE717873BF13
:10FE00007A379EBEEA4677BFEE8384BEE2677ABF4A
:10FE1000CDE654BE25D97CBF5C3020BEFD987EBFA8
:10FE20000413D6BD2FA67FBF3A5E56BD2D0000003D
:10FE300034FE04000000803F000000805C607F3FD3
:10FE40007BDC8EBD35827D3F65830EBEE2677A3FE7
:10FE5000CDE654BE3F15763F57208DBEB28F703F22
:10FE6000441DAFBE1EDE693FC93FD0BEDA08623F07
:10FE7000945EF0BEAE19593FCAA807BFBD1B4F3FE5
:10FE8000187916BF7D1B443FBB8D24BFA726383F82
:10FE900022D531BF254C2B3FBD3E3EBFFE9B1D3FB3
:10FEA00013BB49BF44270F3FCE3B54BF0000003F68
:10FEB000D7B35DBF2F72E03E5E1766BF6FCCBF3E0B
:10FEC000EC5B6DBF7A379E3E717873BF60BA773E48
:10FED0004D6578BFD4D0313E5C1C7CBF0413D63D49
:10FEE000FD987EBFC6F20E3D14D87FBFC6F20EBD90
:10FEF00014D87FBF0413D6BDFD987EBFD4D031BEC9
:10FF00005C1C7CBF60BA77BE4D6578BF7A379EBEF9
:10FF1000717873BF6FCCBFBEEC5B6DBF2F72E0BE5C
:10FF20005E1766BF000000BFD7B35DBF44270FBF99
:10FF3000CE3B54BFFE9B1DBF13BB49BF254C2BBFFF
:10FF4000BD3E3EBFA72638BF22D531BF7D1B44BF73
:10FF5000BB8D24BFBD1B4FBF187916BFAE1959BF4B
:10FF6000CAA807BFDA0862BF945EF0BE1EDE69BF92
:10FF7000C93FD0BEB28F70BF441DAFBE3F1576BF24
:10FF800057208DBEE2677ABFCDE654BE35827DBF75
:10FF900065830EBE5C607FBF7BDC8EBD28000000E9
:10FFA000A4FF04000000803F00000080F9357F3F7F
:10FFB0002AAFA0BD25D97C3F5C3020BE3CED783F08
:10FFC0004D0C6FBE7178733F7A379EBE5E836C3F77
:10FFD00015EFC3BE0119643F7171E8BEA0465A3FD8
:10FFE00077C205BFBD1B4F3F187916BFF7A9423F27
:10FFF0003A4226BFF304353FF30435BF3A42263F69
:020000040005F5
:10000000F7A942BF1879163FBD1B4FBF77C2053F06
:10001000A0465ABF7171E83E011964BF15EFC33E97
:100020005E836CBF7A379E3E717873BF4D0C6F3E16
:100030003CED78BF5C30203E25D97CBF2AAFA03D87
:10004000F9357FBF32318D24000080BF2AAFA0BDBB
:10005000F9357FBF5C3020BE25D97CBF4D0C6FBE0B
:100060003CED78BF7A379EBE717873BF15EFC3BE83
:100070005E836CBF7171E8BE011964BF77C205BFB2
:10008000A0465ABF187916BFBD1B4FBF3A4226BFC4
:10009000F7A942BFF30435BFF30435BFF7A942BF48
:1000A0003A4226BFBD1B4FBF187916BFA0465ABFA4
:1000B00077C205BF011964BF7171E8BE5E836CBF72
:1000C00015EFC3BE717873BF7A379EBE3CED78BF23
:1000D0004D0C6FBE25D97CBF5C3020BEF9357FBF8B
:1000E0002AAFA0BD1E000000EC0005000000803F0C
:1000F00000000080FD987E3F0413D6BDE2677A3F82
:10010000CDE654BE7178733F7A379EBE1EDE693FDE
:10011000C93FD0BED7B35D3F000000BFBD1B4F3FFE
:10012000187916BFBD3E3E3F254C2BBF254C2B3FBB
:10013000BD3E3EBF1879163FBD1B4FBF0000003FBC
:10014000D7B35DBFC93FD03E1EDE69BF7A379E3E42
:10015000717873BFCDE6543EE2677ABF0413D63D93
:10016000FD987EBF4C4CA325000080BF0413D6BD74
:10017000FD987EBFCDE654BEE2677ABF7A379EBE59
:10018000717873BFC93FD0BE1EDE69BF000000BFDB
:10019000D7B35DBF187916BFBD1B4FBF254C2BBF12
:1001A000BD3E3EBFBD3E3EBF254C2BBFBD1B4FBF1E
:1001B000187916BFD7B35DBF000000BF1EDE69BF50
:1001C000C93FD0BE717873BF7A379EBEE2677ABFEF
:1001D000CDE654BEFD987EBF0413D6BD14000000CA
:1001E000E40105000000803F0000008025D97C3F2D
:1001F0005C3020BE7178733F7A379EBE0119643F30
:100200007171E8BEBD1B4F3F187916BFF304353F2F
:10021000F30435BF1879163FBD1B4FBF7171E83E1F
:10022000011964BF7A379E3E717873BF5C30203EFF
:1002300025D97CBF32318D24000080BF5C3020BEC8
:1002400025D97CBF7A379EBE717873BF7171E8BEC5
:10025000011964BF187916BFBD1B4FBFF30435BF2A
:10026000F30435BFBD1B4FBF187916BF011964BF1A
:100270007171E8BE717873BF7A379EBE25D97CBF95
:100280005C3020BE0F0000008C0205000000803FA3
:1002900000000080E2677A3FCDE654BE1EDE693F73
:1002A000C93FD0BEBD1B4F3F187916BF254C2B3F11
:1002B000BD3E3EBF0000003FD7B35DBF7A379E3ED4
:1002C000717873BF0413D63DFD987EBF0413D6BD6D
:1002D000FD987EBF7A379EBE717873BF000000BF65
:1002E000D7B35DBF254C2BBFBD3E3EBFBD1B4FBF2F
:1002F000187916BF1EDE69BFC93FD0BEE2677ABF5C
:10030000CDE654BE0A0000000C0305000000803F4B
:10031000000000807178733F7A379EBEBD1B4F3F4F
:10032000187916BF1879163FBD1B4FBF7A379E3E0E
:10033000717873BF32318D24000080BF7A379EBE42
:10034000717873BF187916BFBD1B4FBFBD1B4FBF60
:10035000187916BF717873BF7A379EBE050000000A
:10036000640305000000803F00000080BD1B4F3F7C
:10037000187916BF7A379E3E717873BF7A379EBE62
:10038000717873BFBD1B4FBF187916BF0F000000F7
:10039000940305000000803F000000800000803FC3
:1003A0000000008035827D3F65830EBE3F15763F9D
:1003B00057208DBE3F15763F57208DBEAE19593F51
:1003C000CAA807BF1EDE693FC93FD0BE254C2B3FE0
:1003D000BD3E3EBFAE19593FCAA807BF2F72E03ECF
:1003E0005E1766BF7D1B443FBB8D24BFD4D0313E1A
:1003F0005C1C7CBF254C2B3FBD3E3EBF0413D6BDCD
:10040000FD987EBF44270F3FCE3B54BF6FCCBFBE8D
:10041000EC5B6DBF2F72E03E5E1766BFFE9B1DBF9B
:1004200013BB49BF7A379E3E717873BFBD1B4FBF68
:10043000187916BFD4D0313E5C1C7CBFB28F70BF20
:10044000441DAFBEC6F20E3D14D87FBF5C607FBFB7
:100450007BDC8EBD0413D6BDFD987EBFE2677ABFFC
:10046000CDE6543E60BA77BE4D6578BFDA0862BF0C
:10047000945EF03E6FCCBFBEEC5B6DBFA72638BF6D
:1004800022D5313F000000BFD7B35DBF000000BFE1
:10049000D7B35D3FFE9B1DBF13BB49BF60BA77BE9C
:1004A0004D65783FA72638BF22D531BFC6F20E3D35
:1004B00014D87F3FBD1B4FBF187916BF7A379E3EB9
:1004C0007178733FDA0862BF945EF0BE44270F3F35
:1004D000CE3B543FB28F70BF441DAFBE7D1B443F27
:1004E000BB8D243FE2677ABFCDE654BE1EDE693F76
:1004F000C93FD03E5C607FBF7BDC8EBD35827D3FD7
:1005000065830E3E5C607FBF7BDC8E3D35827D3F28
:1005100065830EBEE2677ABFCDE6543E1EDE693FBC
:10052000C93FD0BEB28F70BF441DAF3E7D1B443F5C
:10053000BB8D24BFDA0862BF945EF03E44270F3FB4
:10054000CE3B54BFBD1B4FBF1879163F7A379E3E36
:10055000717873BFA72638BF22D5313FC6F20E3D52
:1005600014D87FBFFE9B1DBF13BB493F60BA77BE47
:100570004D6578BF000000BFD7B35D3F000000BFEE
:10058000D7B35DBF6FCCBFBEEC5B6D3FA72638BF56
:1005900022D531BF60BA77BE4D65783FDA0862BFB9
:1005A000945EF0BE0413D6BDFD987E3FE2677ABF2D
:1005B000CDE654BEC6F20E3D14D87F3F5C607FBFCF
:1005C0007BDC8E3DD4D0313E5C1C7C3FB28F70BF53
:1005D000441DAF3E7A379E3E7178733FBD1B4FBFBF
:1005E0001879163F2F72E03E5E17663FFE9B1DBFD7
:1005F00013BB493F44270F3FCE3B543F6FCCBFBE98
:10060000EC5B6D3F254C2B3FBD3E3E3F0413D6BDFA
:10061000FD987E3F7D1B443FBB8D243FD4D0313EAF
:100620005C1C7C3FAE19593FCAA8073F2F72E03EC1
:100630005E17663F1EDE693FC93FD03E254C2B3F0B
:10064000BD3E3E3F3F15763F57208D3EAE19593F88
:10065000CAA8073F35827D3F65830E3E3F15763F32
:1006600057208D3E050000006C0605000000803F0D
:10067000000000800000803F000000801EDE693F17
:10068000C93FD0BE254C2B3FBD3E3EBF254C2B3F26
:10069000BD3E3EBF0413D6BDFD987EBF7A379E3E59
:1006A000717873BFBD1B4FBF187916BF0413D6BD39
:1006B000FD987EBFE2677ABFCDE6543E000000BFE2
:1006C000D7B35DBF000000BFD7B35D3FBD1B4FBFB9
:1006D000187916BF7A379E3E7178733FE2677ABF0A
:1006E000CDE654BE1EDE693FC93FD03EE2677ABF09
:1006F000CDE6543E1EDE693FC93FD0BEBD1B4FBF95
:100700001879163F7A379E3E717873BF000000BF9C
:10071000D7B35D3F000000BFD7B35DBF0413D6BDA4
:10072000FD987E3FE2677ABFCDE654BE7A379E3EA3
:100730007178733FBD1B4FBF1879163F254C2B3F77
:10074000BD3E3E3F0413D6BDFD987E3F1EDE693F91
:10075000C93FD03E254C2B3FBD3E3E3F2000000010
:10076000400000006000000080000000C0000000A9
:10077000C0000000800100001400000028000000FC
:100780003C00000050000000640000007800000001
:10079000F000000014000000280000003C000000F1
:1007A000500000007800000078000000F000000019
:1007B0000000000000283C3E00F4B83E00C4063FA4
:1007C00000782C3F004A4C3F002A653F003A763FB4
:1007D00000E87E3F6C5E05007A5E05008E5E0500D7
:1007E0009D5E0500A95E05009C3504009C35040053
:1007F0000C3604001C360400643604006C36040019
:10080000BE5E05000001000000388A408F40944021
:10081000A140A640AC401548CB40AE40A3400038B4
:10082000003800380038CE40ED409D4149415641E6
:10083000324137413C414141B941BE41D7410E426D
:10084000FA418D411B42804162426A4277427443C1
:100850006E4366437F432E482446003800380038F4
:100860000038AF48D548F34863457D4585439D45ED
:10087000A845BB45E345ED45CF45FC4515468C46AF
:100880006E4695468E4600380038003828420038BB
:100890000038003800380038003800380038003898
:1008A00000380038003800381949194919491949E0
:1008B000194919491949194919491949003800387C
:1008C0000038003800380038003800380038003868
:1008D0000038003800380038003800380038003858
:1008E0000038003800380038003800380038003848
:1008F0000038003800380038003800380038003838
:1009000000380038003800388C090038FFFFFF003D
:100910000000000010270081878A001A7B627AA6F7
:1009200078797A8D00307B627AA778797A8D003079
:1009300078207B6279217A220C10865082A28081F5
:1009400082A28287828D001A0030722095407AAC94
:10095000797B003078247B627AA884797A8D0030A4
:100960007224A7407B2479257A26856286A8728422
:10097000868D11A68584116286A7858684208621AE
:10098000862286509A5086A6867286A88685868D8F
:100990008462868D781086A67270001A00307ABB49
:1009A0007879003000830030001C001C001C001C03
:1009B000001B7C22001D1310D040001A001C001CDC
:1009C000001C001B7C22001D001B7C22001D13103C
:1009D000DA40001A000C016A3427001A006E102752
:1009E000001A7B62782479257A260C1086500E1026
:1009F00022590E101A59848FC50811B88585041024
:100A0000295911A284871AA211111120071890A246
:100A1000801A9020001919A272871AA61970001B5B
:100A20007C201AA21A8013100B410E101D590410BD
:100A3000335986A21A72868D001A0030870811B8C1
:100A4000858211A284871AA211111120031890A285
:100A5000801A9020001915A281871AA21515152059
:100A6000031890A2801A902000190741865005248F
:100A700008250426F5408650042406250526F54061
:100A800086500C2406250B26F54086500B2408259D
:100A90001A26F55000AB0C1A00300DA702720AACF2
:100AA000060D0EA703720BAC060E02620CA87203B1
:100AB0000C8D00307DBB0203048F05A670700362AD
:100AC0008650042072210E229A500070108A0E2443
:100AD0000B250E26F35002728650042072210D223F
:100AE0009A5002721027108A0D240A250D26F35001
:100AF00005A70D0E05200C2105229A50007005BB9C
:100B0000030505A60E0500300262865004207221FE
:100B10000D229A500070108A0D240A250D26F350DC
:100B200000300DA70D0E05A67070027286500C20C5
:100B30000D2105229A50007005BB030505A60E0580
:100B4000003002620DA7027203620EA7037201BB9E
:100B50000D0E00BB02030D200E21802282AC80818D
:100B6000812082213910A941006201A80180018DF4
:100B7000012408250626B150003003240625082646
:100B80008650F340032405250A268650F35002625E
:100B900086500A2072210A229A5038100039062005
:100BA0000A210B229A500BA60B0C0BA80B050B8DE0
:100BB00038100039003002620A8E0A8F0B8E0B8FBC
:100BC000072787500EA8720B0C200E210D229A5079
:100BD0000A200E210E229A500062865003240D2511
:100BE0001A2608210E221A510262008107271A20B4
:100BF00072211A229A5000AB0A1A003086500DBB9F
:100C000008060DA6040D032406250E26F3500E201B
:100C100007210E229A500EA7050E0E8D0E240D25CB
:100C20000B26F34086500A2408250D26F350022097
:100C30000D210E229A500E240C250B26F3408650CF
:100C400007200A210D229A5003240C250E26F3506A
:100C500005A60D0E058D0030865001A700720AB959
:100C6000010006240A250426F55077A704723810DF
:100C70000030011877A70401381000300420042147
:100C800004229A5077A704723810003C001977A705
:100C900004013910003C0030A0A27210685380A2F9
:100CA000811090A291100210965308105B541410FA
:100CB000FB5439108134001A000C865033A2041002
:100CC00002102D440810D74414105B4558522620BA
:100CD000782148522621001C7A20CC4258522620E6
:100CE000782148521D2079214A52262026211D2292
:100CF000001E7A20CC425852782479257D527A20E1
:100D0000CC42112084214852112010107A590E1023
:100D1000364901218526006886AC86012EA67070B2
:100D2000C1522E2236102C2235A78682006CC808AC
:100D300011B83581EA5026201121001C262002100E
:100D40001254112126220718B12002101554081040
:100D5000C7541410515580210019E3522620262132
:100D6000D0501122BC520068C152006C23203610B2
:100D700026201B220318001E802100192621001A9C
:100D8000001B0B102320001F001A2CBA73742CBAFE
:100D90002C2C2CA72C742DA7018677A72D2C001A9C
:100DA000A122DC5202108D53081054541410F65432
:100DB00080A2807290A29072808D908D001A003077
:100DC00082A2821082A2827282A81082001A2C2033
:100DD00013211622071880A2818280219020B2223E
:100DE00000193222DC5229A2322828A2323131A243
:100DF000292525A2293030A2312222A2312F2FA26B
:100E0000301F1FA2302E2EA22F1C1CA22F2D2DA270
:100E10002E1919A22E2C2CA22D1616A22D132FA698
:100E2000117030A6127031A6137013A62C70112009
:100E30001121081802108D53081054541410F65440
:100E4000A020B121001926A62F7027A6307028A651
:100E50003170001A1120842148521D2082214852ED
:100E60008A0811B88583142011211122001C05184D
:100E70008024B1208421001E001920201D211D2264
:100E8000001C05188024B1208421001E0019E352A3
:100E9000262026211922001EDA501122BC521922C6
:100EA0002620BC5277A22872F810821077A78501FD
:100EB00077108620CC4285A6850183A6830183A670
:100EC000830113A272101DA619701EA61A701FA608
:100ED00013702C43585278210810E044818F918F71
:100EE000001A003077A701003810013A001A0030CC
:100EF000585204216853021039540810F054381025
:100F0000053A001A00305852262078214A52001A19
:100F100000305852151075536E53262002214A5244
:100F200000302DA2A1A12EA2A12D80A2812D90A2E0
:100F3000912E001A2FA205102EA280802CA28033A1
:100F40002EA22E802DA290902EA62E2C2EA62F2ED5
:100F50002CA72D2E2CA22C722C8D001A30A691912C
:100F60002CA681812DA230911A10E24331A2A1A1B9
:100F70001810C5432EA2818131A231312CA22C2D13
:100F800031A231332FBA2E742EA62F3131A62C2C3C
:100F9000D1432EA681312FA781312CA22C2D2EA238
:100FA0002E2F31A62C2C2EBA2E742DA22D2D2FA231
:100FB0002E2E2DA62D2D80A72F3131A72C80A0A25B
:100FC00030A12FA22E3190A72F2D001A2EA28181A1
:100FD0002CA22C2DCD4331A67092ED4331A77092F7
:100FE000ED4330A2A1A12FA231A131A230822FA2C4
:100FF0002F3031A731812FA72F9130A23131A0A2FC
:1010000031A12CA2813030A231302EA62C2C31A25D
:101010002F2F2EA6302E80A7312E2CA72C802EA26B
:10102000913031A22F2C90A7312E001AB0A2A0A08F
:10103000001A2EA670921B442EA770921B442DA25C
:10104000A2B231A2A1A12CA281B22FA2A13131A2C0
:1010500082312DA2912D2FA22E2F2EA2A1A22C21C2
:10106000F543AAC3E7D3EAE32CA6047477A72C00C0
:10107000381477A604707814001A2DA205102EA635
:1010800033332FA62D2D2EA22E2E2FA62F2D2EA29E
:101090002E332FA22F2F30A62F2F2EA62E2F2FA686
:1010A0002E3077A22F72001A90A77090908D001AA0
:1010B0002DA2A1A180A281A190A2912D001A2FA200
:1010C00005102EA280802CA280332EA22E802CA26E
:1010D0002C802DA2909030A280902EA62E2C2DA692
:1010E0002D302EA62F2E2CA72D2E001A2CA281A13A
:1010F0002DA281812EA62D912DA22D2DA0A22C2CCA
:101100002CA22C2E2EA22E2E181085442FA2A033F6
:1011100087442FBAA0042EA62E2C80A62E2F2CA6F4
:10112000A02C2DA22DA02CA22C8090A62C2D001A34
:10113000702398448223984431A683922FA282A1DF
:1011400030A2A1A130A2313031A2818132A22F2F51
:1011500029A6313231A63191A0A229A131A22F3185
:101160002EA6812F32A630322FA6913032A28132A4
:101170002FA22F2E2CA2812F2DA2299180A63231B1
:101180002CA62C2D32A62FA031A22C2929A23280E8
:1011900090A63129001A30A2A1A12DA2A2A22CA2B0
:1011A00081A22FA282A12DA2912D30A292302EA237
:1011B000A1A22C21A04472C494D496E4006877A71D
:1011C00072043714006C001A2DA272872CA22D8194
:1011D00077A7812C391081362CA22D9177A7912CDD
:1011E00039109136001A003077A60570001A90A6C3
:1011F0008090001A80A281A190A291A1001A31A230
:1012000072102CA280802DA290902EA62C2D2FA2A1
:101210002C2D2FA2332F2FA62F312EA72E2F2E8D20
:10122000001A2CA6819130A281812DA291912EA22B
:10123000A1A12CA22C2C2EA62E2E2FA6302D2DA710
:10124000302D2CA72C2F2EA72F2E90A22D2F80A231
:101250002C2EA0A22E2F001A2EA670822E452EA76D
:1012600070822E452FA2A1922EA2A12E30A2819192
:1012700031A22E2F32A6912E2EA7812E2CA6812FA1
:101280002FA6912F32A22C322CA22E2F2EA6303137
:101290002FA7303130A72C2F31A7322E80A22E302D
:1012A00090A22F31A0A23031001A2CA2A2812DA22F
:1012B000A2912FA2A1922EA2A1822C2132450DC56E
:1012C00028D52BE5001A80A77080808D001A58520F
:1012D000022407257D522620CC52E6508750262036
:1012E00072210A229A503810003906200A210B2256
:1012F0009A500BA60C0B0BA80B070B8D381000395E
:101300000030E65087500A8E0A8F0B8E0B8F0DA887
:10131000720B0C200D2135229A500A202B229A5054
:10132000EA50585208222B2302243525262626531C
:10133000E6500081262072212C229A5000AB0A2C04
:101340000030E6502BA872062B8DEA50585202242A
:101350002B257D520820CC42000C006435A60A0CD7
:10136000E65087503520722135229A500BA7073559
:1013700006200B210B229A50381000390030000C47
:10138000006435A60A0CE65087500B8F3520722179
:1013900035229A50EA50585208220B230224352550
:1013A0000D2626530030585226200B2148521D206E
:1013B00006214A52262026211D22001E1D2008211A
:1013C0004A52262026211D22001E0D20CC42E65026
:1013D00087500B200C210A229A5082A70882828D06
:1013E0000030585208220C2378240A25262626533A
:1013F00000682620062100AB818000AB9190003070
:1014000058520620021050540810F35414105F551F
:1014100006240B257D521D2008214A522620262114
:101420001D22001E1120CC5211240A257D520D20B0
:10143000CC42E65087500A200D212B229A50EA50C8
:10144000CF550BA62B700D240B257D520820CC42C6
:101450008650000800B8797917A70173179E179E68
:101460000BA2781017A217100C200E2280A60B706A
:1014700090A2721082A6907092A6707068460E229A
:101480007AA882927A8D00300E210C2211A68191C9
:1014900012A7819113A2111114A2121215A6829201
:1014A00016A7829215A2151216A2111611A71314CF
:1014B00081A2131412A2171114A6151615A715163A
:1014C00082A2141416A2151513A6131292A2160BBB
:1014D00091A2111312103B46001B0A1040460C212A
:1014E0000E22424606217A5608217C5636A2060B69
:1014F00036A236870AA608360A8D0030E650875095
:1015000091A2918736A2768736A2913681A28187F1
:1015100081A6368181A28172818D91A67070001A98
:1015200002248F46062408217A56EA501410C44734
:10153000F34606217A560A8FEA501410C9471C4711
:1015400035A2811034A2911031A2353536A234343F
:1015500033A2041035A2313634A2721033A23335CF
:1015600031A7363136A6343331A73136318D3910B3
:101570008134001A31A2911036A2041031A2313107
:1015800033A2721036A2363131A7313336A6363344
:1015900033A2363633A2333634A2333335A234364F
:1015A00035A2353134A2313335A23572358D33A7AA
:1015B000007333A73374339E339E339E3524332513
:1015C0003526F55035A2351034A2343533A23434E3
:1015D00033A2333633A63331338D722038100520D1
:1015E00081A23480818D7D1081A70081001A000CBA
:1015F0008650D00811B8080132A2041032A6323247
:1016000084210C20A5570C212D2088571120AE577E
:10161000071880222D21C0205D578021AE57001968
:101620000C210C2088C75DD768E7D05011221757CE
:101630000A20B9570030001B0C200B102D206847E2
:10164000000C86500821B6569C5632A2041032A6D1
:101650003232920811B80A0602210C20A5570C213B
:101660002D2088571120AE57031880222D21C0202D
:101670005D578021AE57001908212120A55721214F
:101680002D2088572120AE57031880222D21C020FD
:101690005D578021AE5700190C2121220C205D5787
:1016A00088C75DD768E7DA501122175721221757EC
:1016B0000C20B95777A680703E10003900AB0B9014
:1016C000003031A6918136A7918131A2318236A2B4
:1016D000369233A670B2734731A6918136A79181B5
:1016E00031A2319236A2368233A770B2734734A248
:1016F000A1A233A2B13335A6313631A7313636A790
:10170000343333A6343380A2313690A23533A0A2CD
:101710003633B0A23531001A31A6918136A79181B6
:1017200034A2313133A2313631A2A1B136A2A1A106
:1017300031A6313136A6363636A7363334A73431A2
:1017400080A23136A0A2363390A23334B0A2313415
:10175000001A80A2811090A29110A0A27210B0A2D3
:101760008090001A31A6918190A7918180A6317056
:10177000A0A6A1A1B0A2B132001A35A2721035A85C
:1017800035A180A2813590A29135808D908D001A6F
:10179000082558527D520A20CC4258520821DB5766
:1017A00008205F550822062302240A2526262653F0
:1017B00077A626703E100B3900AB0B270030918FB7
:1017C0002CA291872DA272872CA22C2C2EA72C2D17
:1017D0002CA22C332CA72C2D2DA22E2E2FA22E2C5A
:1017E0002DA22D2F2FA22F2F2FA22D2F2FA22F7200
:1017F0002F8D30A70074309E309E2F2430252F2649
:10180000F5502FA22F872DA22F2D2FA22D2D2FA2E5
:101810002F2C2FA72F2E2F8D3910913481A22D72AE
:10182000818D7C1081A7008177A7810037109134CA
:10183000001A000C7B62865078231BA67D721B9ECB
:10184000341043481B9E83241B257A26F5507A20AA
:101850007A211B229A501BA71B831B8D3910003D38
:10186000001A00305852782078211C229A501CA669
:101870001C041C209A501CA61C051C8D1C231958E6
:1018800077A67A703D1000307AA7007A00301DA745
:101890007D721EA61D701E9E83241E257A26F5507D
:1018A000381000301EA77A723910003D1FA2831035
:1018B0001DB91D0020A6757021A2721022A621213B
:1018C00022239E5824A6287025A67570A85823A701
:1018D0002821238D39106B4822A622215C481DA7A0
:1018E0001D721D9E1F239E5826A21F2827A2262850
:1018F00028A72721288D381099482AA6727029A276
:10190000272728A72921288D3810874829A2292987
:101910002AA62A727D481EA7202A28A6247025A65A
:101920001E70A8582BA6287024A22B2B20A62A7044
:1019300026A22B2627A2272474487AA226727A8D03
:10194000001A003023A28372238D23241D25232611
:10195000F55028A22310001A25A725723810001A66
:1019600028A22828A8480610003858520224072523
:101970007D522620CC5200680AA60C800AAC0A01CF
:10198000381000392AA67206E6502BA8722A2AAC13
:101990002B0187500A2006212B229A502BA7072BB8
:1019A0002BAC2B012A202B210B229A503810003906
:1019B000003006100038E65087500A8E0A8F0B8ED2
:1019C0000B8F2AA60A0B2AAC2A0138100039EA50DC
:1019D000585208222A2302240B2523262653E65098
:1019E0002AA60C232AAC2A0100AB0A2A00300610D2
:1019F00000385852E65087502AAC0D0F2AA62A0FFD
:101A00002A2007212A229A502AA6062A2AAC2A012D
:101A10002BAC0A0F2BA62B0F2B202A212B229A50FE
:101A20002BBB2B0C2ABB2A0CEA50585208222A2323
:101A30000A242B250D2626530030003885A9010FD6
:101A4000001A11BA010F85A78511001A007001A6AE
:101A50007070007001A77D72001A007009A6707086
:101A6000007009BB7D0F7D2109620081001A81622F
:101A70000081001A0F210F260068868EC152361091
:101A80008636006C021050590310875211A626703A
:101A900012A6277013A62870E65036A8850F368D3B
:101AA00001213626EA508742900811B8868615D45F
:101AB00018E4112012541D201121001C1254112170
:101AC0001D220318C120001E12548021001926A6D1
:101AD000117027A6127028A6137026202621001C3C
:101AE000001C001C001B7C22001D262113106B49CA
:101AF0001122BC522621E7D3EAE3001A00680F8EB8
:101B0000006C2CA20F10875902108759A0A2A02C9C
:101B100015108959001A80A2802C90A2902C001ACE
:101B2000FA1ED65F30000000C00000001800000060
:101B3000310000000000000030000000E000000064
:101B40001C00000039000000000000003000000010
:101B50000001000020000000410000000000000023
:101B6000300000004001000028000000510000008B
:101B70000000000030000000800100003000000084
:101B800061000000000000003000000000020000C2
:101B9000400000008100000000000000170000006D
:101BA000C00000001800000031000000000000002C
:101BB00017000000E10000001D0000003B000000D5
:101BC00000000000170000000001000020000000DD
:101BD000410000000000000012000000C0000000F2
:101BE0001800000031000000010000001200000099
:101BF000E00000001C0000003900000001000000AF
:101C00001200000000010000200000004100000060
:101C10000100000012000000400100002800000048
:101C200051000000010000001200000080010000CF
:101C30003000000061000000010000001200000000
:101C400009020000420000008500000001000000C1
:101C500041000000FF000000200000002000000004
:101C60000000000041000000C0010000380000003A
:101C7000380000000000000042000000FF000000EB
:101C800020000000200000000000000042000000D2
:101C9000C001000039000000390000000000000011
:101CA00000010000000200000014000000280000F5
:101CB0000040000001000000020000000F000000D2
:101CC00010000000100000002000000010000000C4
:101CD00010000000D81C05001100000011280000B1
:101CE00011080000010000000806000000020000CA
:101CF0000004000020000000400000002000000060
:101D000048000000A5A30300040600000002000034
:101D1000000400001C000000400000002000000043
:101D200048000000A5A303001300000063000000AA
:101D3000A3000000030000000000100020000000CD
:101D4000F55E0500481D050026000010000000009B
:101D5000003000000C00000000000000601D0500C5
:101D600022000010000C0000003100000C000000F8
:101D70000000000300000000000000000000000060
:101D80000000000000000040955969595555545510
:101D900015555556040515411054554045515544A7
:101DA000404550445055554500400040400444963D
:101DB0006555565545404554514115405591555529
:101DC00055554051050100005445545445550504EE
:101DD0000010041014044000000001405555154146
:101DE0005404000044000100000000404100004491
:101DF00050444550540055555455655100400040DD
:101E000001000001000501001154515154555505C0
:101E100000000000000000000000000000002A2B6D
:101E200000002A2B000003280000292B0000292B8A
:101E300000000328000002290000052A0000052AEE
:101E40000000032800000118000000280000042AF8
:101E50000000042A000003280000012A0000012AD3
:101E6000000003280000002A0000002A00000328C8
:101E700000000018000000280000CE2B0000CE2B30
:101E800000000328000002290000CD2B0000CD2B0C
:101E9000000003280000CA2B0000CA2B0000032802
:101EA0000000C92B0000C92B0000032800005018B7
:101EB00000000028000002290000C82B0000C82BE9
:101EC000000003280000C72B0000C72B00000328D8
:101ED00000004F1800000028526563656976652090
:101EE000737461746520757064617465642C20700E
:101EF000612073796E632073746174653A2025756F
:101F00002C20656E63727970745F737461746520E0
:101F100025750A0073756267726F757020256420DD
:101F20006269735F73796E633A2030782530387850
:101F30000A0053747265616D20257020636F6E6EA8
:101F400065637465640A0042726F616463617374EF
:101F50002073696E6B2025702073746172746564E0
:101F60000A0042726F61646361737420636F646519
:101F700020726563656976656420666F72202570DE
:101F80000A004249472073796E63656400424947FD
:101F9000206E6F742073796E636564006269735F8D
:101FA00073796E635F7265715B25755D203D2030CE
:101FB000782530780A004F6E6C79207265717565EE
:101FC00073742073796E6320746F2031207375628F
:101FD00067726F7570210A00546F6F206D616E79A2
:101FE000204249532072657175657374656420667B
:101FF0006F722073796E633A202575203E20256428
:102000000A004249532073796E632072657120661D
:102010006F722025702C2062726F6164636173742B
:102020002069643A203078253036782C20282573B2
:10203000290A00416C72656164792073796E636569
:1020400064210A004661696C656420746F207374B2
:102050006F702042726F6164636173742053696EA4
:102060006B3A2025640A0050412074696D656F75D4
:10207000740A00436F756C64206E6F74206765741A
:1020800020636F64656320636F6E66696775726154
:1020900074696F6E3A2025640A002D2D2D2D2D2D8B
:1020A00073616D706C696E6720667265712D2D2D80
:1020B0002D2D2D3A2025640A004F6E6C79204C435B
:1020C0003320636F64656320737570706F7274651D
:1020D0006420282575290A004661696C65642074AE
:1020E0006F20706172736520616C6C2042495320CF
:1020F000696E2073756267726F75703A2025640A85
:10210000004368616E6E656C20616C6C6F63617416
:10211000696F6E202873756267726F7570206C65C9
:1021200076656C29203078253038780A005375623E
:1021300067726F7570206572726F72206368616E6E
:1021400020616C6C6F636174696F6E206572726F71
:10215000723A2025640A00476574206368616E6ED8
:10216000656C20616C6C6F636174696F6E20657261
:10217000726F722028424953206C6576656C292065
:1021800025640A0042495320696E646578203078DE
:102190002530387820616C6C6F636174696F6E20D4
:1021A0003D203078253038780A00436F756C642004
:1021B0006E6F742067657420636F64656320636F5E
:1021C0006E66696775726174696F6E20666F7220E2
:1021D0004249533A2025640A00436F756C64206EAF
:1021E0006F742066696E64206368616E6E656C2032
:1021F000616C6C6F636174696F6E20666F722042F0
:1022000049533A2025640A0050412073796E6320B7
:102210007465726D696E6174696F6E207265712C80
:102220002070612073796E632073746174653A2045
:1022300025750A0044656C65746520706572696F68
:10224000646963206164766572746973696E67207E
:1022500073796E630A00436F756C64206E6F74202F
:1022600064656C65746520706572206164762073A6
:10227000796E633A2025640A006E6F7420005265FF
:102280006365697665642072657175657374207421
:102290006F2073796E6320746F2050412028504165
:1022A0005354202573617661696C626C65293A200C
:1022B00025750A00436F756C64206E6F7420646F1F
:1022C0002050415354207375627363726962653A9A
:1022D0002025640A004661696C656420746F207370
:1022E000756273637269626520746F205041535444
:1022F0003A2025640A0053796E63696E6720776916
:10230000746820504153540A004661696C6564202A
:10231000746F20736574205041207374617465205C
:10232000746F2042545F4241505F50415F535441AB
:1023300054455F494E464F5F5245513A2025640A45
:102340000053747265616D20257020646973636F3A
:102350006E6E656374656420776974682072656168
:10236000736F6E203078253032580A004661696CF0
:10237000656420746F2074616B652073656D5F7395
:10238000747265616D5F636F6E6E65637465643AE8
:102390002025640A0042726F616463617374207364
:1023A000696E6B20282570292069732073796E630C
:1023B00061626C652C204249472025730A00504118
:1023C0002073796E63202570206C6F737420776999
:1023D000746820726561736F6E20307825303258D2
:1023E0000A004661696C656420746F2072656D6FC8
:1023F000766520736F757263653A2025640A005212
:102400006563656976656420424153452077697448
:10241000682025642073756267726F75707320661B
:10242000726F6D2062726F6164636173742073698F
:102430006E6B2025700A004661696C656420746FBC
:10244000206765742076616C696420424953206975
:102450006E64657865733A2025640A0042726F6184
:1024600064636173742073696E6B202570207374CC
:102470006F70706564207769746820726561736F2E
:102480006E203078253032580A007075626C6963AE
:102490000072616E646F6D007075626C69632D69A6
:1024A000640072616E646F6D2D696400253032586E
:1024B0003A253032583A253032583A253032583A97
:1024C000253032583A2530325820282573290044C7
:1024D0006973636F6E6E65637465643A2025732C4F
:1024E00020726561736F6E20307825303278202538
:1024F000730A004661696C656420746F20636F6EB7
:102500006E65637420746F202573202575202573F4
:102510000A00436F6E6E65637465643A2025730A22
:1025200000466F756E642062726F616463617374DC
:1025300065722077697468204944203078253036E8
:102540005820616E64206164647220257320616E7E
:102550006420736964203078253032580A00627232
:102560006F61646361737465725F62726F616463EB
:102570006173745F6964203D203078253036580AD5
:102580000053747265616D2025702073746F7070D4
:102590006564207769746820726561736F6E20309E
:1025A00078253032580A004661696C656420746F82
:1025B0002074616B652073656D5F73747265616D06
:1025C0005F737461727465643A2025640A00537401
:1025D0007265616D20257020737461727465640A80
:1025E0000050412073796E632025702073796E63EB
:1025F000656420666F722062726F616463617374D8
:102600002073696E6B20776974682062726F6164F1
:1026100063617374204944203078253036580A00AD
:102620004661696C656420746F20736574206E6503
:10263000787420627566666572733A2025780A00A0
:102640004661696C656420746F20737461727420D4
:102650004932533A2025640A004661696C6564205A
:10266000746F206170706C792070696E6374726C25
:102670002073746174653A2025640A004661696CB0
:10268000656420746F20696E697469616C697A652C
:10269000204932533A2025780A004661696C656406
:1026A00020746F20777269746520746F20493243FB
:1026B0002064657669636520616464726573732064
:1026C0002578206174207265672E2025780A0042E3
:1026D0007574746F6E3120707265737365642C202D
:1026E000766F6C756D65203D2025640A0042757417
:1026F000746F6E3220707265737365642C20766F10
:102700006C756D65203D2025640A004932432062C6
:102710007573202573206973206E6F742072656154
:102720006479210A004932432062757320257320A1
:102730006973207265616479210A004C3A204D73F7
:1027400067512066756C6C3A2025640A00556E61ED
:10275000626C6520746F206765742074686520431F
:102760006C6F636B206D616E6167657200436C6FA7
:10277000636B2072657175657374206661696C6541
:10278000643A2025640A00436C6F636B20636F75A5
:102790006C64206E6F74206265207374617274655E
:1027A000643A2025640A00484620636C6F636B20FE
:1027B0007374617274656400426C7565746F6F74D4
:1027C0006820656E61626C65206661696C65642075
:1027D00028657272202564290A00426C7565746F41
:1027E0006F746820696E697469616C697A65640ADE
:1027F00000436F756C64206E6F7420726567697337
:1028000074657220504143532028657272202564FC
:10281000290A004361706162696C6974792072658C
:10282000676973746572206661696C6564202865E8
:102830007272202564290A005363616E2064656CFE
:10284000656761746F722072656769737465722061
:102850006661696C65642028657272202564290AA6
:1028600000496E6974206661696C65642028657230
:1028700072202564290A0052657365740A00446554
:102880006C6574696E672062726F616463617374F2
:102890002073696E6B206661696C656420286572BF
:1028A00072202564290A00526573657474696E6725
:1028B000206661696C65643A202564202D204162A0
:1028C0006F7274696E670A005363616E6E696E673A
:1028D00020666F722062726F61646361737420732B
:1028E0006F75726365730A00556E61626C65207462
:1028F0006F207374617274207363616E20666F72EF
:102900002062726F61646361737420736F757263A8
:1029100065733A2025640A0057616974696E6720FF
:10292000666F722042726F61646361737465720ACC
:102930000073656D5F62726F616463617374657269
:102940005F666F756E642074696D6564206F757461
:102950002C20726573657474696E670A0062745F17
:102960006C655F7363616E5F73746F70206661691D
:102970006C656420776974682025642C2072657307
:10298000657474696E670A00417474656D7074696A
:102990006E6720746F2050412073796E6320746FCE
:1029A000207468652062726F61646361737465721C
:1029B0002077697468206964203078253036580A99
:1029C00000436F756C64206E6F7420637265617470
:1029D000652042726F61646361737420504120739B
:1029E000796E633A2025642C20726573657474696E
:1029F0006E670A0057616974696E6720666F72209E
:102A000050412073796E6365640A0073656D5F7071
:102A1000615F73796E6365642074696D6564206FAE
:102A200075742C20726573657474696E670A004250
:102A3000726F61646361737420736F757263652074
:102A400050412073796E6365642C206372656174F4
:102A5000696E672042726F616463617374205369A9
:102A60006E6B0A004661696C656420746F20637246
:102A7000656174652062726F616463617374207351
:102A8000696E6B3A2025640A0042726F616463616B
:102A900073742053696E6B20637265617465642C76
:102AA0002077616974696E6720666F7220424153B6
:102AB000450A0073656D5F626173655F726563658A
:102AC000697665642074696D6564206F75742C2067
:102AD000726573657474696E670A004241534520DC
:102AE00072656365697665642C2077616974696EC7
:102AF0006720666F722073796E6361626C650A008D
:102B000073656D5F73796E6361626C652074696D66
:102B10006564206F75742C20726573657474696EBA
:102B2000670A0057616974696E6720666F72206278
:102B3000726F61646361737420636F64650A00730C
:102B4000656D5F62726F6164636173745F636F640C
:102B5000655F72656365697665642074696D656437
:102B6000206F75742C20726573657474696E670AC2
:102B70000057616974696E6720666F72204249531D
:102B80002073796E6320726571756573740A0073C2
:102B9000656D5F6269735F73796E635F726571758E
:102BA00065737465642074696D6564206F75742C39
:102BB00020726573657474696E670A004E6F2076C3
:102BC000616C6964204249532073796E6320666F9B
:102BD000756E642C20726573657474696E670A0083
:102BE00053796E63696E6720746F2062726F6164DF
:102BF00063617374207769746820626974666965BB
:102C00006C643A203078253038782C2073747265E3
:102C1000616D5F636F756E74203D2025750A0055E8
:102C20006E61626C6520746F2073796E6320746FBF
:102C30002062726F61646361737420736F75726375
:102C4000653A2025640A0057616974696E672066D9
:102C50006F722073747265616D28732920737461BB
:102C6000727465640A0073656D5F6269675F73798A
:102C70006E6365642074696D6564206F75742C20C3
:102C8000726573657474696E670A00576169746967
:102C90006E6720666F7220504120646973636F6EA7
:102CA0006E65637465640A0057616974696E6720B4
:102CB000666F722073696E6B20746F2073746F700F
:102CC0000A0073656D5F62726F6164636173745F44
:102CD00073696E6B5F73746F707065642074696D77
:102CE0006564206F75742C20726573657474696EE9
:102CF000670A0028756E7369676E656429206368CA
:102D00006172202A207573656420666F7220252504
:102D10007020617267756D656E742E20497427731B
:102D2000207265636F6D6D656E64656420746F20DD
:102D30006361737420697420746F20766F696420F6
:102D40002A2062656361757365206974206D6179FD
:102D5000206361757365206D69736265686176696A
:102D60006F7220696E206365727461696E20636F93
:102D70006E66696775726174696F6E732E20537425
:102D800072696E673A2225732220617267756D65DC
:102D90006E743A25640063627072696E74665F7067
:102DA00061636B616765006C6F6767696E67006C74
:102DB0006F67006C6F675F6D676D74004D6573734F
:102DC000616765202822257322292064726F707044
:102DD0006564206265636175736520697420657838
:102DE00063656564732073697A65206C696D6974C5
:102DF0006174696F6E2028257529004D65737361B4
:102E000067652064726F70706564206265636175C8
:102E100073652069742065786365656473207369E0
:102E20007A65206C696D69746174696F6E202825FC
:102E30007529000D0A001B5B306D00257320005BB7
:102E40002530386C755D20005B253032753A2530B1
:102E500032753A253032752E253033752C253033B6
:102E6000755D200025732F003C25733E20002573DF
:102E70003A2000253032782000202020007C0025D8
:102E80006300206D657373616765732064726F7092
:102E9000706564202D2D2D0D0A1B5B306D001B5BB2
:102EA000313B33316D2D2D2D20001B5B313B3331F8
:102EB0006D001B5B313B33336D00657272007772BE
:102EC0006E00696E6600646267006C6F675F6261C6
:102ED000636B656E645F75617274006C6F675F75BC
:102EE000617274002A2A2A20426F6F74696E67200B
:102EF0006E524620436F6E6E6563742053444B20C0
:102F000076332E312E302D65646661343932363594
:102F1000643834202A2A2A0A002A2A2A205573696A
:102F20006E67205A6570687972204F532076342E70
:102F3000312E39392D31363132363833643430312F
:102F400030202A2A2A0A0072302F61313A2020309C
:102F50007825303878202072312F61323A202030A5
:102F60007825303878202072322F61333A20203093
:102F700078253038780072332F61343A2020307849
:102F800025303878207231322F69703A202030781D
:102F900025303878207231342F6C723A2020307806
:102FA000253038780020787073723A2020307825E8
:102FB00030387800735B2532645D3A202030782504
:102FC0003038782020735B2532645D3A20203078D9
:102FD000253038782020735B2532645D3A2020301C
:102FE00078253038782020735B2532645D3A2020C4
:102FF0003078253038780066707363723A2020305C
:103000007825303878004661756C74696E67206980
:103010006E737472756374696F6E20616464726537
:10302000737320287231352F7063293A2030782548
:1030300030387800556E68616E646C656420495262
:10304000516E3A202564002A2A2A2A2A204D5055FA
:10305000204641554C54202A2A2A2A2A002020534F
:103060007461636B696E67206572726F722028638A
:103070006F6E746578742061726561206D69676830
:1030800074206265206E6F742076616C696429001B
:103090002020556E737461636B696E672065727270
:1030A0006F72002020446174612041636365737313
:1030B0002056696F6C6174696F6E0020204D4D461B
:1030C000415220416464726573733A2030782578E8
:1030D000002020496E737472756374696F6E2041AD
:1030E00063636573732056696F6C6174696F6E00FA
:1030F0002020466C6F6174696E672D706F696E7405
:10310000206C617A792073746174652070726573C4
:103110006572766174696F6E206572726F72002AD3
:103120002A2A2A2A205553414745204641554C54C6
:10313000202A2A2A2A2A0020204469766973696F86
:103140006E206279207A65726F002020556E616C66
:1031500069676E6564206D656D6F72792061636368
:10316000657373002020537461636B206F76657202
:10317000666C6F772028636F6E7465787420617257
:103180006561206E6F742076616C6964290020206F
:103190004E6F20636F70726F636573736F72206917
:1031A0006E737472756374696F6E73002020496C5E
:1031B0006C6567616C206C6F6164206F6620455898
:1031C000435F52455455524E20696E746F205043F0
:1031D000002020496C6C6567616C20757365206FF9
:1031E0006620746865204550535200202041747455
:1031F000656D707420746F206578656375746520E3
:10320000756E646566696E656420696E7374727547
:103210006374696F6E002A2A2A2A2A204255532095
:103220004641554C54202A2A2A2A2A002020537429
:1032300061636B696E67206572726F720020205047
:1032400072656369736520646174612062757320BF
:103250006572726F720020204246415220416464C0
:10326000726573733A2030782578002020496D709C
:10327000726563697365206461746120627573208F
:103280006572726F72002020496E73747275637478
:10329000696F6E20627573206572726F720052657D
:1032A00073657276656420457863657074696F6EC6
:1032B00020280053707572696F757320696E74658C
:1032C0007272757074202849525120005350534532
:1032D0004C20696E20746872656164206D6F64654E
:1032E00020646F6573206E6F7420696E646963611A
:1032F000746520505350002A2A2A2A2A2048415215
:1033000044204641554C54202A2A2A2A2A002020AB
:10331000427573206661756C74206F6E20766563EC
:10332000746F72207461626C652072656164002044
:10333000204465627567206576656E7400202046BE
:1033400061756C7420657363616C6174696F6E2064
:10335000287365652062656C6F7729004152434888
:103360005F45584345505420776974682072656101
:10337000736F6E2025780A002A2A2A2A2A2044659B
:10338000627567206D6F6E69746F72206578636512
:103390007074696F6E202A2A2A2A2A002A2A2A2A69
:1033A0002A20257320256429202A2A2A2A2A006D0A
:1033B0007075004661696C656420746F20616C6C87
:1033C0006F63617465206E6577204D50552072657E
:1033D00067696F6E2025750A00506172746974699F
:1033E0006F6E2025753A2073616E69747920636869
:1033F00065636B206661696C65642E00496E766159
:103400006C696420756E6465726C79696E67207290
:103410006567696F6E20696E646578202575004662
:103420004C4153485F30005352414D5F3000657846
:1034300069740061626F727428290A006E65745F96
:10344000627566006E65745F6275665F73696D7044
:103450006C6500736F630000FFFFFFFFFFFF00005C
:103460000000000000FFFFFFFFFFFF000000000062
:1034700000253032583A253032583A253032583A01
:10348000253032583A253032583A253032580030FB
:1034900031323334353637383961626364656600FA
:1034A00062745F727061004254204C572057510083
:1034B00002FB349B5F8000008000100000000000D1
:1034C00000010400020000000200000000000000F3
:1034D00005000000000000000000000000000000E7
:1034E0000562745F627566006D616C666F726D6512
:1034F00064206164766572746973696E67206461C3
:103500007461202575202F2025750062745F646129
:103510007461004461746120627566666572206F33
:10352000766572666C6F7720286C696E6B20747993
:103530007065203078253032782900556E61626CD4
:103540006520746F206C6F6F6B20757020636F6ED9
:103550006E20776974682068616E646C65202575DB
:1035600000556E61626C6520746F206C6F6F6B75B7
:103570007020636F6E6E20666F722068616E646C7F
:1035800065202575004861726477617265206572F7
:10359000726F722C20686172647761726520636F4C
:1035A00064653A20256400436F756C64206E6F7407
:1035B000207375626D69742072785F776F726B3AF1
:1035C00020256400696E74657276616C206578638D
:1035D00065656473207468652076616C6964207227
:1035E000616E676520307825303478006C617465D1
:1035F0006E637920657863656564732074686520FF
:1036000076616C69642072616E6765203078253060
:10361000347800737570765F74696D656F757420AA
:1036200065786365656473207468652076616C698C
:10363000642072616E6765203078253034780055DB
:103640006E61626C6520746F20616C6C6F63617475
:10365000652062756666657200556E657870656393
:10366000746564207374617475732030782530320A
:103670007820257300556E68616E646C6564206502
:1036800076656E7420307825303278206C656E2037
:1036900025753A202573004E6F20636F6D6D616E46
:1036A000642073656E7420666F7220636D6420639E
:1036B0006F6D706C65746520307825303478004FFC
:1036C00070436F64652030782530347820636F6DE7
:1036D000706C6574656420696E7374656164206FD5
:1036E00066206578706563746564203078253034B1
:1036F0007800546F6F20736D616C6C2028257520E5
:10370000627974657329206576656E74203078253A
:1037100030327800496E76616C69642048434920F4
:1037200041434C207061636B65742073697A652036
:10373000282575290041434C2064617461206C6523
:103740006E677468206D69736D61746368202825E5
:103750007520213D2025752900556E61626C65201C
:10376000746F2066696E6420636F6E6E20666F7280
:103770002068616E646C6520257500496E76616C09
:10378000696420484349206576656E742073697AC0
:1037900065202825752900574553545F544F5044E0
:1037A00049522F7A65706879722F737562737973D5
:1037B0002F626C7565746F6F74682F686F73742FE8
:1037C0006863695F636F72652E630062745F68632C
:1037D000695F6576745F6765745F666C616773289F
:1037E0006864722D3E657674292026202831554C58
:1037F000203C3C202831292900415353455254494B
:103800004F4E204641494C205B25735D20402025CA
:10381000733A25640A00556E6B6E6F776E20627581
:1038200066207479706520257500556E68616E6438
:103830006C65642076656E646F722D737065636964
:10384000666963206576656E74203078253032783D
:10385000206C656E2025753A202573004E756D200D
:103860006F6620436F6E74726F6C6C657227732085
:1038700041434C207061636B65747320213D20418E
:10388000434C2062745F636F6E6E5F747820636F69
:103890006E74657874732028257520213D20257568
:1038A0002900657674206E756D5F68616E646C6565
:1038B0007320283D25752920746F6F206C61726715
:1038C000652028257A75203E20257529004E6F2019
:1038D000636F6E6E656374696F6E20666F722068C9
:1038E000616E646C65202575007061636B6574732F
:1038F00020636F756E74206D69736D617463680009
:103900004661696C656420746F207365742072650C
:103910007175697265642073656375726974792065
:103920006C6576656C004E6F206368616E6765201C
:10393000746F20656E6372797074696F6E20737432
:103940006174652028656E63727970742030782503
:103950003032782900756E6B6E6F776E0065767405
:103960005F666C6167732026202831554C203C3CF3
:10397000202830292900496E76616C6964206275BF
:10398000662074797065202575005B305D004843C2
:1039900049207472616E73706F72743A20257300DF
:1039A000534443004964656E7469747925733A2001
:1039B0002573004964656E746974795B25645D3AAA
:1039C000202573004843493A2076657273696F6E0B
:1039D00020257320283078253032782920726576AA
:1039E0006973696F6E203078253034782C206D61D2
:1039F0006E75666163747572657220307825303437
:103A000078004C4D503A2076657273696F6E2025B0
:103A100073202830782530327829207375627665D6
:103A200072203078253034780042726F61646361AF
:103A3000737420417564696F2053696E6B00556E15
:103A400061626C6520746F2073656E6420746F20F2
:103A50006472697665722028657272202564290077
:103A60004F7574206F6620636F6D6D616E642062A8
:103A700075666665727300556E636C656172656428
:103A80002070656E64696E672073656E745F636D28
:103A90006400737563636573730009636F6D6D61B3
:103AA0006E64206F70636F646520307825303478E1
:103AB0002074696D656F75740A00657272203D3DF2
:103AC00020300009436F6E74726F6C6C65722075E4
:103AD0006E726573706F6E736976652C20636F6D9F
:103AE0006D616E64206F70636F646520307825307F
:103AF00034782074696D656F7574207769746820F7
:103B00006572722025640A006F70636F64652030EF
:103B1000782530347820737461747573203078257B
:103B2000303278202573004661696C656420746FBB
:103B3000207265616420444C45206D617820646189
:103B40007461206C656E0074785F6F637465747364
:103B50002065786365656473207468652076616CA0
:103B600069642072616E67652025750074785F74E2
:103B7000696D652065786365656473207468652088
:103B800076616C69642072616E6765202575004EF0
:103B90006F6E2D4C452063617061626C6520636FB0
:103BA0006E74726F6C6C65722064657465637465A5
:103BB00064210049534F20627566666572207369FF
:103BC0007A65206E6F7420736574004E756D206F7A
:103BD0006620436F6E74726F6C6C65722773204938
:103BE000534F207061636B65747320213D204953EE
:103BF0004F2062745F636F6E6E5F747820636F6EC8
:103C0000746578747328257520213D202575290059
:103C1000436F6E74726F6C6C657220646F65732095
:103C20006E6F7420737570706F727420274C455FCF
:103C3000524541445F4D41585F4144565F444154B1
:103C4000415F4C454E272E20417373756D696E6739
:103C5000206D6178696D756D206C656E6774682084
:103C600069732033312062797465732E0041434CAF
:103C70002042522F45445220627566666572732059
:103C80006E6F7420696E697469616C697A6564002D
:103C900056656E646F722048434920657874656E7E
:103CA00073696F6E73206E6F7420617661696C61E9
:103CB000626C6500485720506C6174666F726D3A93
:103CC0002025732028307825303478290048572063
:103CD00056617269616E743A202573202830782508
:103CE00030347829004669726D776172653A202513
:103CF0007320283078253032782920566572736910
:103D00006F6E2025752E2575204275696C642025FF
:103D100075004661696C656420746F20726561642A
:103D200020737570706F727465642076656E646F51
:103D30007220636F6D6D616E6473004661696C65BE
:103D40006420746F207265616420737570706F7287
:103D50007465642076656E646F7220666561747543
:103D60007265730048434920647269766572206900
:103D700073206E6F74207265616479004254205222
:103D80005820575100484349206472697665722073
:103D90006F70656E206661696C65642028256429F2
:103DA000004E6F2070656E64696E6720636F6E6E83
:103DB00020666F72207065657220257300556E65F0
:103DC0007870656374656420484F53545F4E554D59
:103DD0005F434F4D504C455445445F5041434B4524
:103DE00054532C20737461747573203078253032ED
:103DF0007820257300000909090901020909090948
:103E00000909090909090907090909090906090927
:103E1000090909090909090909090909090905011E
:103E20000204010204312E306200312E3100312EA5
:103E30003200322E3000322E3100332E3000342E3C
:103E40003000342E3100342E3200352E3000352E25
:103E50003100352E3200352E3300352E3400362E0B
:103E60003000362E31005374616E646172642042FA
:103E70006C7565746F6F746820636F6E74726F6CAD
:103E80006C65720056656E646F722073706563694D
:103E900066696320636F6E74726F6C6C6572004646
:103EA00069726D77617265206C6F61646572005232
:103EB000657363756520696D61676500726573651B
:103EC00072766564006E5246353178006E52463522
:103ED0003278006E5246353378006E52463534489B
:103EE00078006E524635344C7800496E74656C200B
:103EF000436F72706F726174696F6E004E6F72649F
:103F000069632053656D69636F6E647563746F7266
:103F1000004E58502053656D69636F6E647563740D
:103F20006F72730062745F6863695F636F726500CC
:103F3000636D6420646973616C6C6F776564004EB7
:103F40005250413A202573004661696C65642074C3
:103F50006F2064697361626C65206164647265736B
:103F600073207265736F6C7574696F6E0052657340
:103F70006F6C76696E67206C6973742073697A65FB
:103F80002065786365656465642E20537769746382
:103F900068696E6720746F20686F73742E004661C5
:103FA000696C656420746F20636C65617220726552
:103FB000736F6C7574696F6E206C69737400466101
:103FC000696C656420746F206164642049524B20E1
:103FD000746F20636F6E74726F6C6C6572005365E2
:103FE000742070726976616379206D6F64652063F7
:103FF0006F6D6D616E64206973206E6F74207375D0
:1040000070706F72746564004661696C65642074D9
:104010006F207365742070726976616379206D6FAB
:1040200064650044697361626C696E6720616464F1
:1040300072657373207265736F6C7574696F6E202F
:104040006661696C656420286572722025642900A8
:104050004661696C656420746F2072656D6F76656A
:104060002049524B2066726F6D20636F6E74726FC1
:104070006C6C6572004F6E6C792072616E646F6D4E
:1040800020737461746963206964656E74697479FE
:10409000206164647265737320737570706F7274DD
:1040A000656400496E76616C696420696E70757430
:1040B00020706172616D6574657273004661696C30
:1040C000656420746F2072656164207075626C692C
:1040D0006320616464726573730052656164205388
:1040E00074617469632041646472657373657320DD
:1040F000636F6D6D616E64206E6F742061766169AF
:104100006C61626C65004661696C656420746F2047
:1041100072656164207374617469632061646472A0
:104120006573736573004E6F2073746174696320E7
:104130006164647265737365732073746F72656410
:1041400020696E20636F6E74726F6C6C65720043D1
:10415000616E27742073657420626F74682049440F
:10416000454E544954592026204E52504100556E18
:1041700061626C6520746F20736574206964656E7C
:1041800074697479206164647265737300556E613B
:10419000626C6520746F207365742072616E646F49
:1041A0006D20616464726573730062745F6964009A
:1041B000436F6E74726F6C6C65722063616E6E6FAC
:1041C0007420726573756D6520636F6E6E656374C0
:1041D00061626C65206164766572746973696E678B
:1041E0002028256429004E6F2076616C6964206167
:1041F00064760062745F61647600436F756C64205E
:104200006E6F742073746F702074686520657870A9
:104210006C69636974207363616E6E657220282512
:10422000642900556E657870656374656420656EF9
:1042300064206F6620627566666572004164762050
:104240007265706F727420636F72727570746564DA
:10425000202877616E7473202575206F7574206F28
:10426000662025752900526563656976656420615D
:104270006E20696E636F6D706C6574652061647625
:104280006572746973696E67207265706F727420ED
:104290007768696C65207265617373656D626C69BE
:1042A0006E67206164766572746973696E672072E7
:1042B00065706F7274732066726F6D20612064691F
:1042C00066666572656E7420616476657274697382
:1042D00065722E2054686520616476657274697316
:1042E000696E67207265706F7274206973206469EB
:1042F0007363617264656420616E642066757475B1
:104300007265207363616E20726573756C747320BF
:104310006D617920626520696E636F6D706C657484
:10432000652E20496E7465726C656176696E6720D2
:104330006F6620667261676D656E74656420616486
:10434000766572746973696E67207265706F7274D6
:10435000732066726F6D20646966666572656E743F
:104360002061647665727469736572732069732065
:104370006E6F742079657420737570706F727465D8
:10438000642E00556E6B6E6F776E2068616E646C84
:10439000652030782530345820666F722070657241
:1043A000696F646963206164766572746973696EAC
:1043B00067207265706F7274005265636569766517
:1043C0006420504120616476207265706F727420A1
:1043D0007768656E207265636569766520646973C8
:1043E00061626C656400436F756C64206E6F74204D
:1043F000757064617465207363616E20282564297B
:1044000000556E6578706563746564207065722010
:104410006164762073796E632063616E63656C6C92
:104420006564206576656E7400556E6578706563A9
:1044300074656420706572206164762073796E63A0
:104440002065737461626C69736865642065766564
:104450006E7400556E6B6E6F776E2068616E646C63
:10446000652030782530345820666F722070657270
:10447000696F646963206164762073796E63206C70
:104480006F737400436F756C64206E6F74206C6F73
:104490006F6B757020636F6E6E656374696F6E20ED
:1044A00068616E646C652066726F6D205041535474
:1044B00000436F756C64206E6F7420616C6C6F6369
:1044C000617465206E65772050412073796E63209A
:1044D00066726F6D2050415354004572726F7220A6
:1044E0007768696C65207570646174696E672074A3
:1044F0006865207363616E6E6572202825642900EB
:104500000305020005010505050504040305020075
:104510000A62745F7363616E004661696C65642052
:10452000746F2067656E6572617465204543432032
:104530006B6579202564004661696C656420746F41
:10454000206578706F727420454343207075626CEB
:104550006963206B6579202564004661696C656438
:1045600020746F206578706F72742045434320700B
:10457000726976617465206B6579202564004661F7
:10458000696C656420746F2064657374726F792040
:10459000454343206B6579204944202564004661EA
:1045A000696C656420746F20696D706F727420741B
:1045B00068652070726976617465206B6579206624
:1045C0006F72206B65792061677265656D656E74C9
:1045D00020256400526177206B65792061677265E0
:1045E000656D656E74206661696C65642025640084
:1045F0004661696C656420746F2064657374726FC2
:104600007920746865206B6579202564007073617A
:104610005F696D706F72745F6B65792829207265B0
:104620007475726E6564207374617475732025648B
:10463000004275737920706572666F726D696E677E
:1046400020616E6F746865722045434448206F7026
:1046500065726174696F6E00E69D350E480103CC8A
:10466000DBFDF4AC1191F4EFB9A5F9E9A7832C5E59
:104670002CBE97F2D203B0208BD28915D08E1C7439
:104680002430ED8FC24563765C15525ABF9A32636F
:104690006DEB2A65499C80DC62745F65636300464C
:1046A00061696C656420726561642072656D6F7408
:1046B000652066656174757265732028256429001C
:1046C0004661696C6564204C4520536574205048F0
:1046D000592028256429004661696C656420746F3F
:1046E000207365742064617461206C656E202825D8
:1046F000642900556E657870656374656420666929
:10470000727374204C32434150206672616D6500B3
:10471000556E6578706563746564204C3243415012
:1047200020636F6E74696E756174696F6E004E6F91
:104730007420656E6F7567682062756666657220A5
:10474000737061636520666F72204C324341502064
:104750006461746100556E6578706563746564208A
:1047600041434C20666C61677320283078253032D5
:1047700078290041434C206C656E206D69736D6132
:1047800074636820282575203E202575290028752A
:104790006E6B6E6F776E29006E6F207472616E7330
:1047A0006974696F6E20257300496E76616C696467
:1047B0002028257529206F6C64207374617465004E
:1047C000636F6E6E202570206661696C656420746D
:1047D0006F2065737461626C6973682E2052462085
:1047E0006E6F6973653F006E6F2076616C6964203F
:1047F000282575292073746174652077617320738F
:10480000657400696E636F6D70617469626C6520B8
:1048100068616E646C652025750054696D656F75FF
:1048200074206469736361726465642E204E6F2026
:10483000626C6F636B696E6720696E207379737742
:10484000712E00556E61626C6520746F20616C6C16
:104850006F6361746520627566666572207769743E
:1048600068696E2074696D656F757400636F6E6E34
:104870002025703A206E6F7420636F6E6E656374CE
:10488000656400466174616C206572726F722028E5
:104890002564292E20446973636F6E6E65637469A5
:1048A0006E6720257000466F756E642076616C69B6
:1048B0006420636F6E6E656374696F6E2028257067
:1048C0002920776974682061646472657373202598
:1048D0007320696E20257320737461746520005302
:1048E000656E64204C4520706172616D2075706446
:1048F000617465206661696C656420286572722048
:104900002564290001010101010203646973636FD9
:104910006E6E656374656400646973636F6E6E6563
:1049200063742D636F6D706C657465007363616E85
:104930002D6265666F72652D696E6974696174694F
:104940006E6700696E6974696174696E672D666966
:104950006C7465722D6C697374006164762D636F7D
:104960006E6E65637461626C65006164762D646966
:10497000722D636F6E6E65637461626C650064694D
:1049800073636F6E6E656374696E670062745F63F4
:104990006F6E6E00556E61626C6520746F20616C85
:1049A0006C6F636174652062756666657220666F00
:1049B00072206F7020307825303278004E6F206181
:1049C0007661696C61626C65204C324341502063B2
:1049D0006F6E7465787420666F7220636F6E6E20E0
:1049E000257000457870656374696E672075702066
:1049F000746F20256420726566732C20676F7420A5
:104A0000256400616C726561647920686176652057
:104A100076696577206F6E202570004C32434150D7
:104A2000206C656E677468206D69736D617463686E
:104A30002028257520213D2025752900496E7661A5
:104A40006C6964206964656E742076616C7565209C
:104A5000696E204C324341502050445500496E76D7
:104A6000616C6964204C4520636F6E6E20706172CA
:104A7000616D207273702073697A65202825752016
:104A8000213D20257A75290052656A656374696E37
:104A90006720756E6B6E6F776E204C3243415020ED
:104AA00050445520636F646520307825303278009B
:104AB000546F6F20736D616C6C204C3243415020F9
:104AC0007369676E616C696E672050445500546F5E
:104AD0006F20736D616C6C204C3243415020504408
:104AE000552072656365697665640049676E6F720B
:104AF000696E67206461746120666F7220756E6BE9
:104B00006E6F776E206368616E6E656C204944201D
:104B100030782530347800636F6E666967006274A0
:104B20005F6C32636170004E6F20617661696C6109
:104B3000626C652041545420636F6E7465787420F4
:104B4000666F7220636F6E6E202570004E6F20615D
:104B50007661696C61626C652041545420636861C0
:104B60006E6E656C20666F7220636F6E6E202570AE
:104B700000415454204D5455206578636565646543
:104B8000642C206D61782025752C2077616E74650A
:104B90006420257A7500556E61626C6520746F2003
:104BA00063726561746520555549443A2073697A8A
:104BB0006520257500556E61626C6520746F2063F9
:104BC000726561746520555549443A2073697A6568
:104BD00020256400415454206368616E6E656C202A
:104BE0006E6F7420636F6E6E6563746564004572EA
:104BF000726F72207369676E696E67206461746199
:104C00000052616E206F7574206F662054582062C8
:104C1000756666657273206F7220636F6E74657857
:104C200074732E00476F74206572722025642C20E7
:104C30006E6F742063616C6C696E67204154542000
:104C4000636200546F6F20736D616C6C204154542B
:104C50002050445520726563656976656400556E21
:104C600068616E646C65642041545420636F6465B0
:104C70002030782530327800496E76616C69642086
:104C80006C656E20257520666F7220636F646520E9
:104C9000307825303278004E6F7420636F6E6E6509
:104CA0006374656400556E61626C6520746F206684
:104CB000696E6420415454206368616E6E656C00B7
:104CC0004E6F20415454206368616E6E656C20669F
:104CD0006F72204D545520257A75004E6F207065F7
:104CE0006E64696E672041545420726571756573F6
:104CF0007400446973636F6E6E656374696E6720D8
:104D00006661696C656420286572722025642900DB
:104D10004154542054696D656F757420666F72201C
:104D20006465766963652025732E20446973636F1B
:104D30006E6E656374696E672E2E2E0062745F61FD
:104D4000747400434D41432075706461746520663E
:104D500061696C656420256400756E61626C652014
:104D6000746F20736176652053433A206E6F206321
:104D70006667206C6566740076616C75655F6C654E
:104D80006E206F662025752070726F766964656489
:104D900020666F72204E554C4C2076616C75650014
:104DA0004E6F20737061636520746F2073746F722F
:104DB0006520436C69656E7420537570706F7274F2
:104DC0006564204665617475726573004E6F20736B
:104DD0007061636520746F2073746F726520434344
:104DE000432063666700556E61626C6520746F20B6
:104DF000696D706F727420746865206B65792066C8
:104E00006F722041455320434D41432025640043A8
:104E10004D4143206F7065726174696F6E20696ED9
:104E20006974206661696C656420256400434D41A6
:104E3000432066696E697368206661696C656420E9
:104E4000256400556E61626C6520746F2072656721
:104E500069737465722068616E646C6520307825B2
:104E60003034780052656164206D6574686F642029
:104E70006E6F7420736574004661696C656420749C
:104E80006F20726561642061747472696275746503
:104E9000202570202865727220257A642900496EC9
:104EA00076616C69642072656164206C656E6774FC
:104EB000683A20257A64004C696E6B206973206E15
:104EC0006F7420656E6372797074656400446576F2
:104ED000696365206973206E6F74207375627363F4
:104EE000726962656420746F2063686172616374C3
:104EF00065726973746963004E6F206275666665DA
:104F00007220617661696C61626C6520746F2073D8
:104F1000656E6420696E6469636174696F6E0043D5
:104F20004343202570206E6F74207772697461622C
:104F30006C6500534320726573746F726520696EEF
:104F40006469636174696F6E206661696C65640091
:104F50004E6F2062756666657220617661696C616C
:104F6000626C6520746F2073656E64206E6F746967
:104F70006669636174696F6E004661696C6564207F
:104F8000746F20736574207365637572697479201A
:104F9000666F7220626F6E64656420706565722052
:104FA000282564290062745F6761747400556E611E
:104FB000626C6520746F2066696E6420534D5020CA
:104FC0006368616E6E656C005075626C6963206B1E
:104FD0006579206E6F7420617661696C61626C65C1
:104FE000004661696C656420746F2067656E657248
:104FF0006174652044484B65790043616C63756C4E
:1050000061746520636F6E6669726D206661696C9C
:10501000656400556E6B6E6F776E207061697269A2
:105020006E67206D6574686F6420282575290043BC
:10503000616C63756C617465204C544B20666169CA
:105040006C65640043616C63756C617465206C6FA2
:1050500063616C2044484B657920636865636B200D
:105060006661696C65640043616C63756C6174654D
:105070002072656D6F74652044484B6579206368C4
:1050800065636B206661696C65640052656D6F7461
:1050900065207075626C6963206B65792072656A42
:1050A00065637465640052656D6F74652069732073
:1050B0007573696E67204465627567205075626C10
:1050C0006963206B65790052656365697665642064
:1050D000696E76616C6964207075626C6963206BBF
:1050E0006579004E6F20617661696C61626C652044
:1050F000534D5020636F6E7465787420666F722014
:10510000636F6E6E20257000556E61626C65207451
:105110006F20676574206B65797320666F72202538
:10512000730054686520696E2D70726F67726573C5
:10513000732070616972696E6720686173206265AF
:10514000656E2064656C657465642100534D502064
:10515000646F6573206E6F7420616C6C6F77206173
:105160002070616972696E67206661696C7572652D
:10517000206174207468697320706F696E742E20CA
:105180004B6E6F776E2069737375652E204469735B
:10519000636F6E6E656374696E6720696E737465A4
:1051A00061642E00546F6F20736D616C6C20534DE1
:1051B00050205044552072656365697665640053DC
:1051C0004D5020636F6D6D616E642028636F646560
:1051D00020307825303278292072656365697665DC
:1051E000642061667465722074696D656F75740002
:1051F000526563656976656420726573657276656C
:105200006420534D5020636F646520307825303220
:105210007800556E68616E646C656420534D502053
:10522000636F64652030782530327800556E65787C
:1052300070656374656420534D5020636F6465200E
:1052400030782530327800496E76616C6964206967
:1052500064656E7469747920257300526566757390
:10526000696E67206E65772070616972696E672E5E
:1052700020546865206F6C6420626F6E64206D75C9
:10528000737420626520756E706169726564206652
:10529000697273742E0070616972696E672066614D
:1052A000696C656420287065657220726561736F32
:1052B0006E203078257829004E6F206B6579732039
:1052C000737061636520666F7220257300534D50C3
:1052D0002054696D656F7574005343204C544B3AEC
:1052E000203078257320284E6F20626F6E64696EBF
:1052F0006729000005061F1F29181203080203056D
:10530000080A000801030401050405090607010154
:10531000060608000001000100030100030202016B
:1053200000020000000000020301000362745F73CA
:105330006D70005343204C544B3A20307825730055
:105340004C6567616379204C544B3A203078257363
:10535000202863656E7472616C290062745F6B65EE
:10536000797300496E76616C69642048434920492D
:10537000534F207061636B65742073697A652028D0
:105380002575290049534F2064617461206C656E56
:10539000677468206D69736D617463682028257572
:1053A00020213D2025752900436F756C64206E6FA8
:1053B00074206C6F6F6B7570206368616E2066720D
:1053C0006F6D20636F6E6E65637465642049534F23
:1053D0000053746172740053696E676C6500496EA6
:1053E00076616C69642049534F207061636B65740A
:1053F0002073746174757320666C61673A2025753B
:1054000000556E65787065637465642049534F205C
:10541000257320667261676D656E7400556E6578E0
:105420007065637465642049534F2073696E676CBF
:105430006520667261676D656E7400556E65787083
:1054400065637465642049534F20636F6E74696EA1
:10545000756174696F6E20667261676D656E740048
:105460004E6F7420656E6F7567682062756666653D
:105470007220737061636520666F722049534F20FC
:105480006461746100556E6578706563746564204D
:1054900049534F20656E6420667261676D656E7456
:1054A00000436F756C64206E6F74206C6F6F6B754A
:1054B00070206368616E2066726F6D20726563652F
:1054C0006976696E672049534F00496E76616C6951
:1054D00064204249472068616E646C6500496E76BD
:1054E000616C6964206E756D626572206F66204222
:1054F00049532073796E6365642C2077617320258E
:105500007520657870656374656420257500556E37
:1055100061626C6520746F20616C6C6F636174658F
:105520002042495320636F6E6E656374696F6E002D
:1055300062745F69736F0062745F617564696F00A4
:1055400066756E63206973204E554C4C0046616948
:105550006C656420746F2067657420636F6E6E20C5
:10556000696E666F3A20256400417661696C6162FC
:105570006C6520417564696F20436F6E7465787443
:1055800073206E6F74696679206661696C65643A30
:105590002025640062745F706163730062745F62EF
:1055A00061705F73747265616D0062745F617564D0
:1055B000696F5F636F646563004661696C65642051
:1055C000746F207365742049534F206461746120A7
:1055D0007061746820666F7220657020257020618C
:1055E0006E6420636F6465635F6366672025703A4D
:1055F0002025640062745F6261705F69736F00628E
:10560000745F757569645F63726561746520666156
:10561000696C65640062745F6261705F626173658A
:10562000004661696C656420746F206D6F64696603
:1056300079205265636569766520537461746520CD
:10564000666F722073696E6B2025703A20256400A6
:10565000496E76616C69642062726F616463617324
:10566000742073796E6320656E64706F696E742048
:1056700073746174653A2025730069736F20257017
:10568000206E6F7420626F756E6420776974682075
:105690006570004E6F2073747265616D20666F7265
:1056A00020657020257000436F756C64206E6F74E8
:1056B000206C6F6F6B75702073696E6B2062792040
:1056C00069736F202570004E6F2063616C6C62619E
:1056D000636B20666F7220737461727465642073EB
:1056E0006574004661696C656420746F2066696E3C
:1056F00064207265636569766520737461746520E2
:10570000666F722073696E6B202570005265636549
:1057100069766564202575206F63746574732062F3
:1057200075742073747265616D20257020776173C4
:10573000206F6E6C7920636F6E6669677572656441
:1057400020666F72202575004E6F2063616C6C625D
:1057500061636B20666F7220726563762073657477
:10576000004E6F2063616C6C6261636B20666F72C8
:105770002073746F7070656420736574004661698E
:105780006C656420746F206164642073796E63209B
:105790006173205265636569766520537461746531
:1057A00020666F722073696E6B2025703A20256425
:1057B0000069646C6500636F6465632D636F6E667A
:1057C00069677572656400716F732D636F6E6669CA
:1057D000677572656400656E61626C696E670073FF
:1057E000747265616D696E670064697361626C698A
:1057F0006E670072656C656173696E670062745FE5
:105800006261705F62726F6164636173745F736918
:105810006E6B0070615F73796E635F7465726D5F4C
:105820007265712063616C6C6261636B20697320C7
:105830006D697373696E672C2072656A656374693C
:105840006E672050412073796E63207465726D20FD
:10585000726571756573740070615F73796E635FF3
:105860007265712063616C6C6261636B2069732087
:105870006D697373696E672C2072656A65637469FC
:105880006E672050412073796E6320726571756573
:105890007374006269735F73796E635F7265712000
:1058A00063616C6C6261636B206973206D697373F3
:1058B000696E6700546F6F206D616E792073756239
:1058C00067726F7570732025752F2575004D65748F
:1058D000616461746120746F6F206C6F6E67202546
:1058E000752F25750062745F6261705F7363616E0E
:1058F0005F64656C656761746F72006C888391AAE0
:10590000F5A53860370BDB5A6083BE62745F637243
:105910007970746F004661696C656420746F2069EA
:105920006D706F727420414553206B65792025643A
:10593000004661696C656420746F20636F6D7075DB
:105940007465204D41432025640063616368655F91
:105950006E72667800636C6F636B40313065303017
:1059600030006866636C6B006C66636C6B00636C24
:105970006F636B5F636F6E74726F6C00656E7472D1
:105980006F70795F62745F686369007073612D7214
:105990006E67006770696F4031306130303000678A
:1059A00070696F406438323030006770696F40351D
:1059B0003034303000693263004E65656420746FA6
:1059C000207573652074686520696E7465726E61F8
:1059D0006C206472697665722062756666657220F5
:1059E000627574206974732073697A652069732005
:1059F000696E73756666696369656E7420282575BE
:105A0000202B202575203E202575292E2041646AF3
:105A100075737420746865207A65706879722C6378
:105A20006F6E6361742D6275662D73697A65206F80
:105A300072207A65706879722C666C6173682D6269
:105A400075662D6D61782D73697A652070726F703F
:105A5000657274792028746865206F6E6520776997
:105A6000746820677265617465722076616C756513
:105A70002920696E207468652022257322206E6FAC
:105A800064652E006932634063373030300069321C
:105A9000635F6E7266785F7477696D00756E73759B
:105AA00070706F7274656420737065656400547201
:105AB00079696E6720746F207472616E73666572A7
:105AC000206D6F7265207468616E20746865206D4A
:105AD0006178696D756D2073697A6520666F7220D3
:105AE00074686973206465766963653A202564206B
:105AF0003E202564004661696C656420746F2069EE
:105B00006E697469616C697A65206465766963653C
:105B10003A2025730000010405020608090F75618B
:105B200072744031303430303000756172745F6EA1
:105B30007266785F75617274650043616E6E6F7432
:105B40002072656164206770696F2070696E00471C
:105B500050494F2049525120636F6E666967206635
:105B600061696C65642C206572723A202564004678
:105B700061696C65642064697361626C696E672039
:105B8000696E74657272757074730043616E6E6FC6
:105B9000742064697361626C652063616C6C62611E
:105BA000636B730043616E6E6F7420656E61626C2F
:105BB000652063616C6C6261636B730043616E6E40
:105BC0006F7420636F6E66696775726520627574A5
:105BD000746F6E206770696F0043616E6E6F742022
:105BE00064697361626C652063616C6C6261636B94
:105BF0007328290043616E6E6F74206164642063B2
:105C0000616C6C6261636B00646B5F627574746F6E
:105C10006E735F616E645F6C6564730070636D5F6B
:105C20006D697800536F66744465766963652043D7
:105C30006F6E74726F6C6C65722041535345525491
:105C40003A2025732C20256400536F6674446576D2
:105C500069636520436F6E74726F6C6C657220624D
:105C600075696C64207265766973696F6E3A20009D
:105C7000456E74726F707920736F757263652064FE
:105C80006576696365206E6F742072656164790062
:105C90004661696C656420746F207265676973740E
:105CA00065722072616E6420736F7572636520285F
:105CB00025642900416C6C6F6361746564206D65B7
:105CC0006D6F727920746F6F206C6F773A20257535
:105CD000203C202575004576656E742062756666E9
:105CE000657220746F6F20736D616C6C2E2025754A
:105CF000203E20257500556E657870656374656477
:105D0000206D73675F747970653A2025752E205475
:105D10006869732069662D656C7365206E656564BE
:105D2000732061206E6577206272616E6368005532
:105D30006E6B6E6F776E206572726F72207768651A
:105D40006E2070726F63657373696E672068636934
:105D5000206D6573736167652025640062745F68F8
:105D600063695F7364630062745F7364635F686335
:105D7000695F6472697665720062745F7364635F01
:105D800063727970746F004D50534C2041535345EA
:105D900052543A2025732C202564004D50534C203A
:105DA000576F726B006D70736C5F696E697400552C
:105DB0006E737570706F72746564204846434C4B07
:105DC000206576656E743A202564006E7266785F91
:105DD000636C6F636B5F6D70736C00000718232337
:105DE0002323232323232323232323000102486186
:105DF0006C74696E672073797374656D00556E6B92
:105E00006E6F776E206572726F72003E3E3E205A52
:105E1000455048595220464154414C204552524F1A
:105E2000522025643A202573206F6E204350552060
:105E30002564004661756C7420647572696E672014
:105E4000696E746572727570742068616E646C69D5
:105E50006E670A0043757272656E742074687265AD
:105E600061643A202570202825732900435055206D
:105E7000657863657074696F6E00556E68616E64F5
:105E80006C656420696E7465727275707400537409
:105E900061636B206F766572666C6F77004B65721D
:105EA0006E656C206F6F7073004B65726E656C2051
:105EB00070616E6963006D61696E006F7300737964
:105EC00073776F726B7100141400001C2030401C3B
:105ED0002000001C203040004063726163656E004A
:105EE000141400001C2030401C2000001C203040F6
:105EF0000040010302FFFFFFFF000000010000005F
:105F0000000000000000000000FFFFFFFFFFFFFF98
:105F1000FFFFFFFFFFFFFFFFFF00000000FFFFFF8D
:105F2000FFFFFFFFFFBCE6FAADA7179E84F3B9CAD7
:105F3000C2FC6325516B17D1F2E12C4247F8BCE655
:105F4000E563A440F277037D812DEB33A0F4A13902
:105F500045D898C2964FE342E2FE1A7F9B8EE7EB4C
:105F60004A7C0F9E162BCE33576B315ECECBB6409C
:105F70006837BF51F5FFFFFFFF0000000100000080
:105F8000000000000000000000FFFFFFFFFFFFFF18
:105F9000FFFFFFFFFC5AC635D8AA3A93E7B3EBBD23
:105FA00055769886BC651D06B0CC53B0F63BCE3C0A
:105FB0003E27D2604B203042FFFFFFFF1F00FFC192
:105FC000FBE84C90728BE7B3518963AB23230064E9
:105FD0007261676F6F6E2F6C6962732F7363686590
:105FE00064756C696E672F7372632F72656D5F687D
:105FF000616C5F6576656E745F74696D65725F670D
:106000007274632E63006E616E00286E756C6C296D
:1060100000000000FFFFFFFFFF1F00001F00000047
:10602000000000007FFE0000E4070000DD500000DB
:10603000000100000000000000000000FFFFFFFF63
:106040001FFF1B00BAABBABA10101010A0354D00DC
:10605000FF000000C4090000010000000000000073
:106060000050085000000000000000000C0000007C
:1060700000FF7F0000000000AAAAAAAA55555555A6
:106080000000000000000000000000000000000010
:106090000000000000000000000000000000000000
:1060A0000000000000000000D5410000C1440000D5
:1060B00055440000C55F0100153A00007F5E0100F5
:1060C000894500007F5E01004B5F0100395F0100E0
:1060D0002B5F010075420000D14500007F5E01008A
:1060E00051390000494200002956000021430000B8
:1060F0007F5E0100254F00000D4F00007F5E010014
:106100007F5E0100995100007F5E01002544000080
:106110007F5E0100A54C0000913C0000875F0100FC
:10612000815F0100F54500006F5F0100615F0100C4
:10613000D13A0000D13A0000B54F00003D4F0000B9
:10614000E4000020F40000200C01002040010020A9
:1061500054010020000000000000000000000000CA
:10616000000000000000000000000000000000002F
:10617000000000000000000000000000000000001F
:10618000000000000000000041840000000000004A
:106190000B8C010000000000B9840000000000002A
:1061A000578C010000000000538C0100000000002B
:1061B0009F8B0100000000008F8B01000000000099
:1061C000F58B010000000000AD8B01000000000015
:1061D000078C01000000000079840000000000002E
:1061E0006F8C0100000000000000000000000000B3
:1061F000000000000000000000000000000000009F
:10620000000000000000000000000000000000008E
:10621000000000000000000000000000000000007E
:10622000000000000000000000000000000000006E
:10623000000000000000000000000000000000005E
:10624000000000000000000000000000000000004E
:10625000000000000000000000000000000000003E
:10626000000000000000000000000000000000002E
:10627000000000000000000000000000000000001E
:10628000000000000000000000000000000000000E
:1062900000000000000000000000000000000000FE
:1062A00000000000000000000000000000000000EE
:1062B00000000000000000000000000000000000DE
:1062C00000000000000000000000000000000000CE
:1062D00000000000000000000000000000000000BE
:1062E00000000000000000000000000000000000AE
:1062F000000000000000000000000000000000009E
:10630000000000000000000000000000000000008D
:10631000000000000000000000000000000000007D
:10632000000000000000000000000000000000006D
:10633000000000000000000000000000000000005D
:10634000000000000000000000000000000000004D
:10635000000000000000000000000000000000003D
:10636000000000000000000000000000000000002D
:10637000000000000000000000000000000000001D
:10638000000000000000000000000000000000000D
:1063900000000000000000000000000000000000FD
:1063A00000000000000000000000000000000000ED
:1063B00000000000000000000000000000000000DD
:1063C00000000000000000000000000000000000CD
:1063D00000000000000000000000000000000000BD
:1063E00000000000000000000000000000000000AD
:1063F000000000000000000000000000000000009D
:10640000000000000000000000000000000000008C
:10641000000000000000000000000000000000007C
:10642000000000000000000000000000000000006C
:10643000000000000000000000000000000000005C
:10644000000000000000000000000000000000004C
:10645000000000000000000000000000000000003C
:10646000000000000000000000000000000000002C
:10647000000000000000000000000000000000001C
:10648000000000000000000000000000000000000C
:1064900000000000000000000000000000000000FC
:1064A00000000000000000000000000000000000EC
:1064B00000000000000000000000000000000000DC
:1064C00000000000000000000000000000000000CC
:1064D00000000000000000000000000000000000BC
:1064E00000000000000000000000000000000000AC
:1064F000000000000000000000000000000000009C
:10650000000000000000000000000000000000008B
:10651000000000000000000000000000000000007B
:10652000000000000000000000000000000000006B
:10653000000000000000000000000000000000005B
:10654000000000000000000000000000000000004B
:10655000000000000000000000000000000000003B
:10656000000000000000000000000000000000002B
:10657000000000000000000000000000000000001B
:10658000000000000000000000000000000000000B
:1065900000000000000000000000000000000000FB
:1065A00000000000000000000000000000000000EB
:1065B00000000000000000000000000000000000DB
:1065C00000000000000000000000000000000000CB
:1065D00000000000000000000000000000000000BB
:1065E00000000000000000000000000000000000AB
:1065F000000000000000000000000000000000009B
:10660000000000000000000000000000000000008A
:10661000000000000000000000000000000000007A
:10662000000000000000000000000000A5E60000DF
:1066300055EB0000A7B5010091E600000000000046
:10664000000000000000000078060020A3CE01003A
:10665000A9CE0100ABCE0100D1CE0100AFCE01002A
:10666000DFCE0100B5CE0100EBCE0100BBCE0100B4
:10667000F1CE0100C7CE0100CBCE0100BDCE01009E
:10668000C3CE0100DBCE0100E5CE0100A04A04002C
:1066900001000101010300001E001E0200000000B5
:1066A00000000000020060007E00E0010300000026
:1066B0000000000000000000C5DF01000000000035
:1066C00000010000000000000000000000000000C9
:1066D00000000000000000000000000000000000BA
:1066E00000000000000000000000000000000000AA
:1066F000000000000000000000000000000000009A
:106700000000000000000000000000000000000089
:106710000000000000000000000000000000000079
:106720000000000000000000000000000000000069
:106730000000000000000000000000000000000059
:106740000000000000000000000000000000000049
:106750000000000000000000000000000000000039
:10676000A12D020000000000000000000000000059
:106770000000000000000000000000000000000019
:106780000000000000000000000000000000000009
:1067900000000000000000000000000000000000F9
:1067A00000000000000000000000000000000000E9
:1067B00000000000000000000000000000000000D9
:1067C00000000000000000000000000000000000C9
:1067D00000000000000000000000000000000000B9
:1067E00000000000000000000000000000000000A9
:1067F0000000000000000000000000000000000099
:106800000000000000000000000000000000000088
:106810000000000000000000000000000000000078
:106820006C3704000000000039DD010000000000AA
:106830000001000000000000000000000000000057
:106840000000000000000000000000000000000048
:1068500000000000000000006700000000000000D1
:106860000000000000000000000000000000000028
:106870000000000000000000000000000000000018
:106880000000000000000000000000000000000008
:1068900000000000000000000000000000000000F8
:1068A00000000000000000000000000000000000E8
:1068B00000000000000000000000000000000000D8
:1068C00000000000000000000000000000000000C8
:1068D00000000000000000000000000000000000B8
:1068E0000000000031E7010081E30100000000002A
:1068F0000000000000000000000000000000000098
:106900006DE301000000000000000000B84D04002D
:1069100000000000E1DD0100D9E1010071E10100AA
:1069200065DE0100A5DE010000000000000000009F
:106930000000000000000000F9E3010029E301006D
:106940003DDE010089E401000000000009E70100CC
:10695000CDE6010059EB010021DE0100F5E2010066
:10696000DC97012000000000000000000000000093
:10697000002D0000000000000000000000000000EA
:106980000000000000000000010100000100000004
:10699000000000800201010000D00D500000000046
:1069A000ABC20300CFCA0300B84F040000000000D0
:1069B0000000000053CE03000000000000000000B3
:1069C00000000000D3D4030000000000000000001D
:1069D00000000000C51F02000000000000000000D1
:1069E000F2C200200000E500F2C20020000000001A
:1069F000E94F02000000000000000000000000005D
:106A0000B94E02000000000000000000000000007D
:106A1000A55A020000000000000000000000000075
:106A2000455302000000000000000000580A00204A
:106A3000580A00200000000000000000A5670200C6
:106A40007577020099E603000000000000000000D6
:106A5000E56E0200B5E40300EBE303009967020072
:106A600000000000201E0500000002002C1E050092
:106A700000000A003C1E050000002000000000008D
:106A80000000000000000000000000000000000006
:106A9000000000000000000021EB030000000000E7
:106AA000501E0500000002005C1E050000000200F0
:106AB000681E050000000200E40A0020E40A00202D
:106AC00000000000000000000E000000F80A002096
:106AD000F80A0020FD9902000000000021AE02002B
:106AE00000000000D5AD020000000000240B0020D3
:106AF0000A00000000000000B01E050029EA0300A3
:106B000000000000AC1E050000000100A81E0500EA
:106B1000EBEB030000000000580C00200000010017
:106B2000A01E05000FF3030055F303004C0C0020DA
:106B3000000004009C1E0500EBEB030000000000B9
:106B4000440C002000000100941E05000FF3030018
:106B500055F30300380C002000000400901E0500CF
:106B6000EBEB030000000000300C002000000100EF
:106B7000881E05000FF3030055F30300240C0020CA
:106B800000000400841E0500FBE90300697D02008B
:106B9000000C002000000900801E0500EBEB030044
:106BA00000000000F80B002000000100781E050026
:106BB0000FF3030055F30300EC0B0020000004006A
:106BC00089AD020000000000000000007C1E0500EE
:106BD00000000200000000000000000000000000B3
:106BE000000000000000000000000000C7F30300E8
:106BF0009FF3030000000000F9F403000000000010
:106C0000000000008C1E05000000120061AB0200B5
:106C10000000000000000000981E050000000200B7
:106C200001AC02000000000000000000A41E0500EE
:106C30000000020000000000A5AB02000000000000
:106C400000000000DCC4012000000002DCC40120C0
:106C500000000000D9B3020021BC020000000000C7
:106C600049BC0200000000000000000049BA020018
:106C7000B9B502000000000055B7020029BB0200B0
:106C80000000000075BA020000000000C40C0020E3
:106C90000600000000000000D41E050029EA0300E1
:106CA00000000000D01E050000000100CC1E050001
:106CB000EBEB030000000000800D0020000001004D
:106CC000C41E05000FF3030055F30300740D0020EC
:106CD00000000800C01E0500EBEB030000000000F0
:106CE0006C0D002000000100B81E05000FF303002A
:106CF00055F30300600D002000000400B41E0500E1
:106D0000FBE90300697D02003C0D00200000090042
:106D10000000000000000000000000000000000073
:106D20000000000000000000C7FC03009FF3030008
:106D30000000000045C30200000000000000000049
:106D4000BC1E0500000012000000000075C9020012
:106D500000000000C81E050000000C00CDC30200AA
:106D60007DC40200000000000000000000000000E0
:106D70000000000000000000DCC60120000000024E
:106D8000DCC6012019DF020000000000FF00000047
:106D90000090D003FF0000000F0000000C7E0400F4
:106DA000FC7D0400EC7D0400DC7D0400CC7D04004F
:106DB000BC7D0400AC7D04009C7D0400847D040047
:106DC0006C7D0400547D04003C7D04001C7D0400A7
:106DD000FC7C0400DC7C0400BC7C04008C7C040093
:106DE0005C7C04002C7C0400FC7B040000000000A0
:106DF0000000000000000000000000000000000093
:106E00000000000000000000000000002C800400D2
:106E10001C8004000C800400FC7F0400EC7F040054
:106E2000DC7F0400CC7F0400BC7F0400A47F04004E
:106E30008C7F0400747F04005C7F04003C7F0400AE
:106E40001C7F0400FC7E0400DC7E0400AC7E040099
:106E50007C7E04004C7E04001C7E040000000000C8
:106E60000000000000000000000000000000000022
:106E70000000000000000000000000000000000012
:106E80000000000000000000000000000000000002
:106E900000000000000000000000000000000000F2
:106EA00000000000000000000000000000000000E2
:106EB00000000000A09704009C9604009895040030
:106EC000949404009093040000000000000000006F
:106ED0008C9204008891040084900400808F040048
:106EE0007C8E040000000000000000000000000094
:106EF0000000000000000000000000000000000092
:106F00000000000000000000000000000000000081
:106F10000000000000000000000000000000000071
:106F200000000000ECD104009CCE0400A4C90400C1
:106F300004C3040014B904000000000000000000B5
:106F40000CB70400FCB20400E4AC0400C4A40400C8
:106F50009498040000000000000000000000000001
:106F60000000000024F20400DCF00400F4EE040051
:106F7000F4EE0400CCE5040000000000DCF00400A6
:106F8000F4EE04006CEC0400CCE50400CCE5040055
:106F900094D3040024F20400F4EE040094E9040005
:106FA000CCE504001CDB0400000000000000000031
:106FB000DCF004006CEC0400CCE50400C4E0040048
:106FC00094D3040094D30400000000005C03050087
:106FD000840205002CFE040004030500E400050003
:106FE000E4F60400DC01050044FC0400000000009D
:106FF0009CFF04001CF3040000000000BCF9040026
:107000000000000000000000640605008C0305007D
:10701000710200004010002040100020BB1104004D
:10702000B7110400E733040067742000301100201A
:107030006C11002058110020D0130020C413002030
:107040004411002080110020E92F0400ED2F0400DE
:10705000F92F0400C401010000000000000000003E
:107060000000000000000000000000000000000020
:107070000000000000000000000000000000000010
:107080000000000000000000000000000000000000
:1070900000000000000000000000000000000000F0
:1070A00000000000000000000000000000000000E0
:1070B000DC100020DC1000201C85012000000000F6
:1070C000010000002C00000000000000F81000206B
:1070D000F8100020B80201200000000001000000AC
:1070E000B000000000000000141100201411002066
:1070F0004885012000000000030000001C00000083
:1071000000000000301100203011002000000000BD
:10711000000000000E000000441100204411002077
:1071200000000000000000000E00000058110020C8
:107130005811002000000000000000000E000000B8
:107140006C1100206C110020000000000000000005
:107150000E000000801100208011002000000000BF
:10716000000000000E000000941100209411002087
:1071700000000000000000000E000000A811002028
:10718000A811002000000000000000000E00000018
:10719000BC110020BC110020000000000000000015
:1071A0000E000000D0110020D011002000000000CF
:1071B000000000000E000000E4110020E411002097
:1071C0000701000003000000A8500120BD5301206A
:1071D000A8500120A8500120000000000812002043
:1071E00008120020000000001412002014120020D9
:1071F00000000000010000002412002024120020E2
:107200002C1200202C12002000000000FFFFFFFFC6
:107210003C1200203C1200204412002044120020A6
:107220000100000001000000541200205412002050
:107230005C1200205C120020000000000100000031
:107240006C1200206C1200207412002074120020B6
:1072500000000000010000008412002084120020C1
:107260008C1200208C1200200000000001000000A1
:107270009C1200209C120020A4120020A4120020C6
:107280000000000001000000B4120020B412002031
:10729000BC120020BC120020000000000100000011
:1072A000CC120020CC120020D4120020D4120020D6
:1072B0000000000001000000E4120020E4120020A1
:1072C000EC120020EC120020000000000100000081
:1072D000FC120020FC1200200413002004130020E4
:1072E000000000000100000014130020141300200F
:1072F0001C1300201C1300200000000001000000EF
:107300002C1300202C1300203413002034130020F1
:10731000000000000100000044130020441300207E
:107320004C1300204C13002000000000010000005E
:107330005C1300205C130020641300206413002001
:1073400000000000010000007413002074130020EE
:107350007C1300207C1300200000000002000000CD
:107360008C1300208C130020941300209413002011
:107370000000000002000000A4130020A41300205D
:10738000AC130020AC13002000000000010000003E
:10739000BC130020BC130020C4130020C413002021
:1073A00000000000D0130020D013002000000000D7
:1073B0000000000000000000E4130020E41300209F
:1073C000EC130020EC13002000000000000000007F
:1073D000FC130020FC1300200414002004140020DF
:1073E000030003001000000000000000D45104005E
:1073F0004883012000000000000000002814002045
:107400002814002030140020301400200300030052
:1074100010000000D96D02007C520400A4840120F9
:10742000000000000000000054140020541400204C
:107430005C1400205C140020030003000000000026
:107440000000000040500400887D01200000000082
:107450000000000080140020801400208814002008
:10746000881400200100010010000000F952020001
:10747000C451040040820120000000000000000010
:10748000AC140020AC140020B4140020B41400206C
:107490000300030000000000000000009051040001
:1074A000F88101200000000000000000D814002036
:1074B000D8140020E0140020E01400202400240050
:1074C00004000000C9D1030030500400E07801201E
:1074D000000000000000000004150020041500203A
:1074E0000C1500200C1500201000100004000000F6
:1074F000B1A20200585404001C96012000000000B4
:107500000000000030150020301500203815002044
:1075100038150020010001000000000000000000FC
:0C75200050500400D47E012015E015E05E
:00000001FF
