:020000040100F9
:10000000E898002115C60201EF2F030101C6020185
:1000100001C6020101C6020101C602010000000082
:1000200000000000000000000000000071C7020195
:1000300001C602010000000011C7020101C6020151
:10004000E1C80201E1C80201E1C80201E1C8020100
:10005000E1C80201E1C80201E1C80201E1C80201F0
:100060001D370301E1C80201E1C80201E1C8020134
:1000700033370301E1C80201E1C80201E1C802010E
:10008000E1C8020103370301E1C80201E1C802012E
:10009000E1C80201E1C80201E1C80201E1C80201B0
:1000A000E1C80201E1C80201E1C80201E1C80201A0
:0800B000E1C80201E1C80201F0
:1000B800084B1B78002B4FF00003836018BF022207
:1000C800036008BF0122044B4360FF23C27103721F
:1000D800704700BF200A002128010800064A074B84
:1000E8009B7802604FF41672C37100238280082245
:1000F80003728271704700BF5B9A0201200A0021D7
:10010800064A074BDB7802604FF43472C371002350
:100118008280082203728271704700BF57970201DC
:10012800200A0021064A074B1B7902604FF4B4727B
:10013800C371FF238280082203728271704700BF57
:10014800A1920201200A0021054A064B5B79026050
:100158009022C371FF238280082203728271704744
:10016800899B0201200A0021054A064B9B790260FF
:10017800A822C3710123828008220372827170470A
:10018800EDA30101200A0021054A064BDB7E02602F
:100198007822C37102238280082203728271704719
:1001A80009B60001200A0021064A074B1B7F02609E
:1001B8004FF40872C371002382800822037282718F
:1001C800704700BF55AD0001200A0021064A074BC1
:1001D8005B7F02604FF49072C371FF238280082214
:1001E80003728271704700BF71A10201200A0021C9
:1001F800044B9A7F002303608360034B4360C27102
:10020800704700BF200A002100010800044BDA7F74
:10021800002303608360034B4360C271704700BFD3
:10022800200A002100010800064A9378D278134476
:10023800002282600260044A4260C371FF23037295
:10024800704700BF200A0021880008002DE9F3410B
:10025800C41D0028064624F007040CBF00202046D1
:1002680001F0D4F8071E04DA6FF00B0002B0BDE805
:10027800F0810EB9FC42F7D4364D698928890331DB
:100288006B7B03302A7B89B280B223F0A2FD002861
:10029800EADB3C44A978EB78002E04F10304194406
:1002A80024F0030400FB01F10CBF0020204601F0FC
:1002B80053FA20440EB90028D6DB2B790446B3B193
:1002C800697D19446B791944FF29CDDC0330002E70
:1002D8002A8AC9B220F003040CBF0020204601F08E
:1002E800ABFA0028C0DB04440EB9002CBCDB0120AB
:1002F80001F082F8C8B1A97BB9B195F82C30073460
:10030800002B24F0070415BF402325234FF48172E6
:100318002822002E14BF2046002007F00FFA0028DC
:10032800A2DB04440EB9002C9EDBAB7CDBB12B793D
:1003380093B10734002EA97C24F007040CBF0020D9
:10034800204613F0CDFF00288EDB04445EB9002C54
:1003580009DA89E7200A0021012001F04DF810B1DF
:10036800AB7B002BE5D1724B1B6893B1A97981B1A6
:100378000334002EEA7C24F003040CBF002020463E
:1003880098470028FFF670AF044416B9002CFFF612
:100398006BAF684B1B688BB1297D79B10334002E94
:1003A80024F003040CBF0020204698470028FFF6DD
:1003B8005BAF044416B9002CFFF656AF5E4B1F68BE
:1003C800B7B1697DA1B10334002E2B7E24F003045C
:1003D80008BF0020009318BF2046EB7DAA7DB847D0
:1003E8000028FFF641AF044416B9002CFFF63CAFD5
:1003F800072001F001F898B1A97989B10334002EDA
:10040800AA7E24F003040CBF0020204601F086FBDE
:100418000028FFF629AF044416B9002CFFF624AFD4
:10042800B6FA86F795F825007F09A0B10334EB7F6B
:10043800297F24F0070419443B4644F00404C9B258
:10044800224601F0ADFB0028FFF60EAF044416B9B2
:10045800002CFFF609AF95F82610002959D007346B
:10046800002E2A8D24F007080CBF0020404623F0F8
:10047800C5FC041EFFF6F8AE444416B9002CFFF67E
:10048800F3AE1EB1298D40461EF002FB95F82010F0
:10049800002940D095F82430002B3CD06A8C0734D2
:1004A800002E24F0070802F124020CBF0020404669
:1004B80092B223F0A3FC041EFFF6D6AE444416B94C
:1004C800002CFFF6D1AE0334AB7F297F24F007045C
:1004D80095F8240019443B4644F00404C9B2224666
:1004E80001F050FB0028FFF6BFAE044416B9002CFB
:1004F800FFF6BAAE3EB16A8C404695F82010083235
:1005080092B21EF04DFD2B6B5BB176B12C630020CF
:10051800ACE68846B5E7002EF5D000221146104615
:10052800EFE7002EF3D12046A0E62834FBD59BE662
:100538006000002164000021680000211FB572B628
:10054800194B5D6BE5B9BFF34F8F1849184BCA6853
:1005580002F4E0621343CB60BFF34F8F00BFFDE7A7
:10056800B4FBF6F4D3B20132002CF9D103F1100236
:100578006A4402F80C4C0A2233B901A8A847E2E7FA
:10058800044600220A26EDE7013BDBB203F1100422
:100598000DEB0406B0FBF2F402FB1400303006F851
:1005A8000C0C2046E8E700BF200A002100ED00E01F
:1005B8000400FA0513B5114C6846637B8DF80130C9
:1005C800237B8DF800306389ADF804302389ADF8BA
:1005D800023010F081F918B1E8219C20FFF7AEFF36
:1005E800207E10F0E5F908B1EB21F6E7E07D10F088
:1005F800D9F908B1EC21F0E702B010BD200A0021BA
:1006080038B5054600283ED022F012FA10B94FF04E
:10061800FF3038BD1FF082FAB0F5FA7FF7D81C4CCE
:100628001C486563002500F063FE2A222946A01CA9
:1006380084F83850257084F82C50256322F0B0FDDA
:100648001B2240F201132281628140F2032263805F
:100658000123A28103222371A2731F22A376F72309
:1006680022824FF402726384FB23628244F60112F1
:100678002385E282EFF3108472B601F0CBFA2CB92D
:1006880062B62046C5E76FF01500C2E72846C0E706
:10069800200A0021BD05000138B51446002840F0A5
:1006A800B9805E4D95F83830032B00F0B080B1B1B9
:1006B80012B96FF0150038BD0139142900F2AA806B
:1006C800DFE801F00B1C1F345E67853A6A6D7F40D6
:1006D8004654598B8E9C9FA294001378AB700020CF
:1006E800FFF7B4FD0028B7BF012302236FF00B000A
:1006F80085F83830A8BF85F83830DCE71378EB7018
:10070800EDE71379002BD4D05379002BD1D0128880
:10071800FB2ACED81A2A6388CBD91B3BE02BC8D832
:100728002368A288AB603E4B9A80D8E713786A7931
:100738009342BED32B71D2E713782A799342B8D863
:100748006B71CCE713782A799342B2D86B75C6E7F8
:100758001378002BADD05378013BDBB2F82BA8D827
:1007680013889278EB822F4B9A70B8E710786876E6
:1007780019F0AAFCB3E71378002B9AD0AB76AEE752
:10078800012000F039FE237808B1012B91D9AB7311
:10079800A5E713882B82A2E71378AB719FE70720A0
:1007A80000F02AFE10B92378012B82D9072000F027
:1007B80023FE18B12378002B3FF47BAF2378EB742A
:1007C8008DE71378082B3FF674AF2B7587E71388EE
:1007D800FF2B3FF66EAFAB7481E71378EB767EE7BD
:1007E80013780E2B3FF665AF2B7778E723680E4A10
:1007F8002B62636853602389138170E713786B77E2
:100808006DE71378EB776AE71378AB7767E74FF014
:10081800FF3050E76FF02C004DE700BF200A0021A1
:10082800280A0021360A0021400A0021F8B50D46A1
:10083800064630B329B311F0070422D1124F97F8B6
:100848003830012B02D16FF00B00F8BD032B02D119
:100858004FF0FF30F9E700F0D5F90028F8D0284626
:10086800FFF7F4FC0028EEDB1CF0D6F83046396BB5
:1008780011F002FBFFF79EFE0323204687F838306D
:10088800E3E76FF01500E0E7200A002110B5074CF8
:1008980094F83830032B03D111F00AFB12F0A2FCB4
:1008A80023F04BFC002084F8380010BD200A0021FA
:1008B80050B1074B03F1140253F8041B934240F85C
:1008C800041BF9D1002070476FF01500704700BF76
:1008D80064500301074B10B593F838403CB911F048
:1008E800CFF90320044900F07FFD204610BD4FF0EA
:1008F800FF30FBE7200A00212D010001074B10B54E
:1009080093F838403CB911F0CFF90220044900F0BF
:100918006BFD204610BD4FF0FF30FBE7200A002199
:100928000901000138B50B4D95F8384074B911F03C
:10093800DDF90949012000F057FD2046074900F07C
:1009480053FD0123204685F82C3038BD4FF0FF3089
:10095800FBE700BF200A0021B9000001E500000103
:10096800054B10B593F838401CB925F0ABFE20466E
:1009780010BD4FF0FF30FBE7200A0021054B10B5F2
:1009880093F838401CB925F0A0FE204610BD4FF062
:10099800FF30FBE7200A0021054B10B593F83840DB
:1009A8001CB925F095FE204610BD4FF0FF30FBE73F
:1009B800200A0021054B10B593F838401CB925F0E2
:1009C80089FE204610BD4FF0FF30FBE7200A0021CA
:1009D800074B10B593F838403CB911F0A3F904203F
:1009E800044900F001FD204610BD4FF0FF30FBE741
:1009F800200A0021510100010A4B10B593F8384034
:100A08006CB911F0A9F90520074900F0EDFC074B76
:100A1800074A20461A60074B074A1A6010BD4FF074
:100A2800FF30FBE7200A002171010001600000216E
:100A380089AB010164000021951A0001054B10B52E
:100A480093F838401CB924F0FAFE204610BD4FF048
:100A5800FF30FBE7200A0021054B10B593F838401A
:100A68001CB924F0F4FE204610BD4FF0FF30FBE720
:100A7800200A0021094B10B593F838405CB911F0F1
:100A880083F90749082000F0AFFC0920054900F068
:100A9800ABFC204610BD4FF0FF30FBE7200A0021D9
:100AA80091010001B10100010A4B10B593F83840DB
:100AB8006CB911F087F925F0FCFD0749082000F012
:100AC80093FC0920054900F08FFC204610BD4FF02B
:100AD800FF30FBE7200A002191010001B10100016C
:100AE800094B10B593F838405CB911F089F90749FA
:100AF8000A2000F079FC0B20054900F075FC20461F
:100B080010BD4FF0FF30FBE7200A0021D50100019E
:100B1800F9010001094B10B593F838405CB911F0A0
:100B28008DF907490A2000F05FFC0C20054900F008
:100B38005BFC204610BD4FF0FF30FBE7200A002188
:100B4800D501000115020001074B10B593F8384094
:100B58003CB910F0A7FF0F20044900F045FC2046DF
:100B680010BD4FF0FF30FBE7200A002131020001E1
:100B7800074B10B593F838403CB910F0ADFF0F2083
:100B8800044900F031FC204610BD4FF0FF30FBE770
:100B9800200A002131020001074B10B593F83840B4
:100BA8003CB910F0C9FF0F20044900F01DFC204695
:100BB80010BD4FF0FF30FBE7200A00213102000191
:100BC800074B10B593F838403CB910F09FFF0F2041
:100BD800044900F009FC204610BD4FF0FF30FBE748
:100BE800200A00213102000102680020014B1A602E
:100BF800704700BF5C0A0021014B1B68184700BF03
:100C08005C0A0021024B1868003818BF01207047A1
:100C18005C0A0021F7B504462D4E071D2C483760A5
:100C280012F000FB0228054606D12949204622F089
:100C380018FC284603B0F0BD042842D13378092BAC
:100C48000AD0262B1ED03146204600F043F8B0F5D6
:100C5800817F2DD3722112E005213E2022F0D4FBA2
:100C68000028F0D1F37801A93279684643EA0223D3
:100C7800ADF8003022F0E3FD0028CFD05321082042
:100C8800FFF75CFC1A213E2022F0BEFB0028DAD1D7
:100C98007368694601A8C3F30F23ADF80430112324
:100CA8008DF8063022F02FFE0028B7D06521E6E740
:100CB8000028B3D0A178207822F0A6FB0028B8D16C
:100CC800ACE70828B5D10249204622F002FCB0E77B
:100CD800600A00212DE9F8430B7805460C46013BD4
:100CE800832B00F29B82DFE813F09A009E00A2009B
:100CF800530199021B01210127012D0133013701FD
:100D0800390149014F0184009902A7009902AB00FB
:100D18003D0143015D01630157019902690199028F
:100D28007C01AC01B201B8019902BE01CA01D0012F
:100D3800990200020E0236021402280230021A0238
:100D480022027102770285028B023C024202600293
:100D58004802990299029902990299029902990204
:100D680099029902990299029902990299029902A3
:100D78009902990299029902990299029902990293
:100D88009902990299029902990299029902990283
:100D98009902990299029902990299029902990273
:100DA8009902990299029902990299029902990263
:100DB8009902990299029902990299029902990253
:100DC8009902990299029902990299029902990243
:100DD8009902990299029902990299029902990233
:100DE8009902990299029902990299024E025402B3
:100DF8005A020E23B1F803200B7042F283039A4281
:100E080009D10623637066782146284602363246A1
:100E180022F05CFA5AE03521C720FFF78FFB0C233C
:100E28000B700823EEE71A230B700123EAE73E2331
:100E38000B700223A370E6E73E230B700B23F9E740
:100E4800292000F045FA28B13E232370222363703D
:100E58002923EFE70A2000F03BFA3E2305F10802B8
:100E680004F108012B70A0B30A23AB70E378EB7090
:100E7800A3882B71A3881B0A6B71A379AB71E379E3
:100E8800EB71A368AB608B8893801F22D4F80E3077
:100E9800C5F80E30638A6B8263696B61238B2B8381
:100EA800638BAB76638B1B0AEB76A38B2B77A38BB9
:100EB8001B0A6B77E38BAB77E38B1B0AEB7794F812
:100EC800203085F820306A70023296B23046BDE88C
:100ED800F8830123AB70E378EB70A3882B71A388A8
:100EE8001B0A6B71A379AB71E37903F00103EB7112
:100EF800A368AB608B8893801322638BAB73638B7F
:100F08001B0AEB73A38B2B74A38B1B0A6B74E38BE9
:100F1800AB74E38B1B0AEB7494F820302B75D2E783
:100F28003E230B7004234B70142383E73E230B707E
:100F38000C234B7004237DE73E230B700A234B7070
:100F4800032377E73E230B700D234B70052371E7CE
:100F580005232370042355E70823FAE730230B7091
:100F680003234FE73E230B700B234B70072361E7E6
:100F78003E230B7006234B700C235BE713230B7087
:100F88008B789B0001333DE757230B70022339E729
:100F98003E230B700D234DE73E230B7001234B704E
:100FA800112347E73E230B7006234B70122341E7BA
:100FB8003E230B7009234B7013233BE73E2303703A
:100FC800242000F085F9002815BF24230E231326BA
:100FD8000F263246A11CE81CAB7022F077F9721C70
:100FE80071E73E230370252000F072F9C0B1252374
:100FF8000A26AB70D4F80230C5F80330D4F80630AE
:10100800C5F807306389A5F80B30F01CE27A04F1C3
:101018000C01284422F05AF9E27A0132324452E7AC
:101028000F230726AB706388A5F8033023796B710B
:101038006379AB71A379EB71A37A2B72E37A6B7244
:10104800E3E73E230B7003234B701023F2E63E23A5
:101058000B7005234B702023ECE63E230B7009230D
:101068004B702123E6E63E230370262000F030F97A
:10107800002815BF2623182317261326A9E73E2381
:101088000B7004234B702723D4E63E234FF000084F
:1010980081460370282346468370D1F8023049F808
:1010A800033FAA795FFA88F39A4205D8721D92B273
:1010B800002A3FF4A8AE06E7B21D331D08F1010867
:1010C800A118A25809EB030049F80320063131F8AA
:1010D800023C063020F8023C10F8017C3A460637FC
:1010E80022F0F4F83E44B6B2DBE73E232A200B7028
:1010F80000F0EEF818B12B2363702A239AE61D231B
:101108006370192396E63E230B7007234B701A234E
:1011180090E63E230B7014234B7022238AE63E236D
:101128000B700B7C5B000F334B701D2382E63E2354
:101138000B7003234B701E237CE63E230B700B7D44
:101148005B0013334B701B2374E63E230B700323A1
:101158004B701C236EE63E230B7005234B701F2338
:1011680068E6FF230B700B234B70A22362E6FF2374
:101178000B7005234B70A3235CE6FF230B700D2334
:101188004B70802356E6FF230B700D234B70822390
:1011980050E6FF230B7002234B7083234AE6FF239C
:1011A8000B7004234B70842344E6FF23C21C037096
:1011B80081238370D1F8033003F1280153F8040B1D
:1011C8008B4242F8040BF9D129227CE63E230B70AE
:1011D8000C234B7023232DE6124B1B78002B14BFD6
:1011E800FF233E230B704FF00E034B7014BF852373
:1011F80037231FE63E230B700A234B70352319E66D
:10120800084B1B78002B14BFFF233E230B704FF0B5
:10121800FE034B7014BF86232B230BE640F262219A
:10122800FAE500BF640B0021074B4FF0FF3141F690
:10123800FF72C3E9001205490022C1E900221F21FB
:10124800C3E90212704700BF00000021680B0021AB
:101258003F280CD801380B4BC0F3421200F01F0096
:1012680053F8223023FA00F000F001007047FF28FD
:1012780006D04038044BC0F3421200F01F00EFE7DD
:101288000120704700000021680B0021074B014630
:10129800006849681A4603C240F48C221A6041F07B
:1012A800107242F4FF625A60704700BF00000021CC
:1012B8000246024B0068516803C37047680B00215F
:1012C8000246024B0068516803C3704708000021BA
:1012D8000138064BC0F3421200F01F0003EB8203F3
:1012E8009B6823FA00F000F001007047000000211D
:1012F800014B1860704700BF700B002110B5FFF755
:1013080093FF23F0A2FB034B04461B6803B19847E5
:10131800204610BD700B002170B50C88C27CA6B2A7
:10132800C4F30E04931C058804F118021D44825A64
:10133800ADB21A4443882A44013AB2FBF5F202FBE3
:10134800054292B29342044B8BBF3340B3431343DD
:101358009BB20B8070BD00BF0080FFFF4A1E062AAB
:1013680008B50346084604D84FF4D1711520FFF795
:10137800E5F8094A914202D940F2A311F6E711B9FA
:1013880003B1196008BD2BB11B680022C3E9012114
:101398001A1D1A600430F5E7FAFFFF7F10B5114BEC
:1013A80000EB41041A786389B3FBF2F303FB0223D1
:1013B800013A1A44B2F5706F027928BF00231A4423
:1013C8008378B2FBF3F0194403FB1020091AB1FB30
:1013D800F3F003FB101313446FEA43436FEA5343DC
:1013E800638110BD740B0021024B03EB800359602D
:1013F800704700BF740B0021034B03EB8003586850
:10140800003818BF01207047740B00212DE9F04FF8
:1014180010F0070A85B0054604D040F26111172084
:10142800FFF78CF8544F04464FF0010B07F14C06B8
:10143800B146B04657F8043B8DF80BA03BB101A864
:1014480098479DF80A30082B01D9E821E7E79DF86D
:101458000B1081BB05B13160B94506F10406E9D12D
:101468002DB30023DFF814E112221E468EF8003057
:1014780058F82200013A60B190F804A08178BAF1D6
:10148800FF0F64D14FF000078E4207713CBFCEB208
:101498000123511CECD10BB18EF80060122640F6E6
:1014A800FF6A58F82670002F63D1013EF9D2601BFD
:1014B80005B0BDE8F08F9DF80AC04A1DBCF1020FC7
:1014C800E64604EB420438BF4FF0020E53000EF11B
:1014D800FF300444CEF100002040BDF808406444C9
:1014E800CCF1000C013C04EA0C04B4F5803F01D3B4
:1014F800F82194E775B1C31A336099701C8083F89A
:1015080003B09DF80C201A71019A4FEA124C1A8107
:10151800A3F806C004FB01049EE758F82C90B9F123
:10152800000F06D099F804B0D34504BF99F802908B
:101538004F440CF1FF3CBCF1000FEEDA3944FF29AF
:10154800A2D90BB18EF8006040F2271167E79446E4
:101558000027F0E707EB410309F101093846A3F832
:101568000AA0FFF71BFF5FFA89F1BB788B42F1D81D
:101578009BE74FF00009F6E7780B0021740B002178
:10158800034B03EB8003186D00B18078704700BFF0
:10159800740B0021F8B54FF6FF7305460380184B0E
:1015A80003EB8103186DB8B186780379B3FBF6F2C3
:1015B80006FB1233DBB219460A1D00EB4202B2F9F0
:1015C80002705488002F09DB0131B1FBF6F206FBEB
:1015D8001211C9B28B42EFD10020F8BDFF29FBD010
:1015E800C4F30E03C4782B8024B94FF4D5711720A7
:1015F800FEF7A4FF5380BDE8F84022F0A5BB00BF6A
:10160800740B00211D4B03EB810370B51C6D05465F
:1016180044B3030404D54FF4DC711720FEF78EFFA2
:101628000146204622F073FBFF28014604D02046DD
:10163800BDE8704022F088BBA078B5FBF0F300FB52
:101648001353DBB219460A1D04EB4206B6F90260D1
:10165800002E09DB0131B1FBF0F200FB1211C9B217
:101668008B42F0D1002070BDFF29FBD08B4204EBE8
:1016780042021CBF0023E3705580D8E7740B002199
:10168800094B03EB8103014610B51C6D204622F07F
:101698003EFBFF28014604D02046BDE8104022F05A
:1016A80053BB002010BD00BF740B0021F8B5104BD0
:1016B800074603EB810301461C6D204622F027FBF9
:1016C800FF28054611D0E688238953EA064606D046
:1016D8000146204622F038FB01463846B0472046EE
:1016E8002946FFF75BFE0020F8BD0520FCE700BF98
:1016F800740B002138B50E4B0446827903EB820344
:10170800186D08B9052038BD8278E1799142F9D27F
:101718004B1CE37100EB41035D89B3F90A30002BE0
:10172800F3DBA58022F010FB20600020EBE700BF70
:10173800740B002108B5074B03EB81030146186DB4
:1017480022F0E5FAFF2804D140F21E211720FEF707
:10175800F5FE08BD740B002170B5044610F00300B7
:101768000E4603D04E211820FEF7E8FEFFF7F6FDDF
:10177800054624B1034831460460FFF7EFFD2846CB
:1017880070BD00BF100C00212DE9F14FDFF870B0DB
:101798001E4607460D46DBF8003090469DF828A007
:1017A8009DF82C901BB960211820FEF7C7FE524601
:1017B8000921404622F016F94A4684B209213046EA
:1017C80022F010F981B2DBF80000214422F074FA0B
:1017D800386018B9286001B0BDE8F08F044453465A
:1017E800414609222C60386822F0B3F84B4609229A
:1017F8003146286801B0BDE8F04F22F0AAB800BF12
:10180800100C002170B50E46044622F0FEF805467D
:10181800304622F0FAF8044B2A1821461868BDE829
:10182800704022F06DBA00BF100C0021014B1868FF
:1018380022F036BA100C00211F2AF8B504461346C8
:101848000ED89200033222F00303B3F5803F2DD265
:10185800184DACB1A00710D05F210920FEF76EFE2D
:10186800FF2B4FEA420204D9FF339A42A8BF1A4617
:10187800E8E77C2AB8BF7C22E4E729706C602B81FA
:1018880022F0030228230127120403FB01F06B68EE
:101898000025120CEEB28E4200D3F8BD14B1261802
:1018A8001F705E60104401352833F3E74FF0FF30B6
:1018B800F3E700BF140C0021144A002138B553681F
:1018C8001478C8B2844203D8AB210920FEF736FE4B
:1018D8001846013128330578002DF2D00021817097
:1018E800012412898161051D44709208C16100F1CB
:1018F8002001446821F8022B994245F8044B14440E
:10190800F8D100234361037038BD00BF140C0021D7
:101918000A4B1B89B3F5FF7F4FEA930006D25A089A
:101928009B1A9BB2984238BF18467047B3F5EE6FC2
:1019380001D8FF22F4E740F27263F3E7140C0021A8
:101948002DE9F8434B7880460C4602F0040602F075
:10195800FB07D3B1DFB12E4BD4F804901D89B7BB78
:101968000123AD084A46211D637004F1280004F1E3
:101978002003A761E76123F8025B984241F8042B32
:101988002A44F8D10023636101E0002FE3D0FF234C
:10199800A370002E18BF0226A3191B7D032B03D1A9
:1019A800022F1CBF0136F6B2A31901221A7506F1DF
:1019B8000C02002304EB860624F812307268A37028
:1019C8004046C8F80020A8F80430BDE8F883002194
:1019D80014226170A01821F0E3FBB5F5FF7F0FD248
:1019E8006B08ED1AADB209EB0502C4F80490258422
:1019F800A2606384C4F80C90A5842261E384C6E7DE
:101A0800B5F5EE6F4FF0FF03EBD940F27265EAE7E8
:101A1800140C0021F7B5D2000B684000002502F035
:101A28007802CDF8013000F006008B880243ADF84B
:101A380005300D4B42F001021E785F688DF80020DA
:101A4800EBB29E4201D800240AE0C5EBC504072288
:101A5800694601353C44204621F03CFB0028EFD183
:101A6800204603B0F0BD00BF200C0021014B1878C0
:101A7800704700BF200C0021034B00211A785868DA
:101A8800C2EBC20221F08CBB200C002110B50C4621
:101A980050B1830703D020214120FEF74FFD044BAE
:101AA80058601970FFF7E8FFC4EBC40010BD00BF11
:101AB800200C0021F8B504460D461646FFF7AAFF8C
:101AC800034630BB144A92F800C05768DAB294450E
:101AD80001D807201CE0C3EBC3020133B85CB91876
:101AE800024610F00100F1D1630022F07F02F600F7
:101AF80003F0060306F0780643F00103334313436B
:101B08000A4602F8013B2B68C1F80130AB88938084
:101B1800F8BD1220FCE700BF200C00212DE9F84396
:101B280005460C46F7200521914621F05BFF061E6D
:101B380022DB1DB906FB04F0BDE8F88315F00307A6
:101B480003D098211920FEF7F9FCDFF83480C8F893
:101B58001050A5B2A8F81460BBB29D42EAD9B8F8F3
:101B680014C04B46D8F810000522F72107FB0C00DB
:101B7800013721F0EEFEEFE74FF0FF30DCE700BF62
:101B8800280C002107B5CDE900230B46034902467E
:101B9800081D22F080FA03B05DF804FB400C002118
:101BA80013B5064CCDE900230B46024604F10801A3
:101BB80004F10C0022F06FFA02B010BD400C0021B5
:101BC800024B0146186822F058BA00BF400C0021A9
:101BD800024BD3E9002122F084BA00BF400C002157
:101BE800034B1B28D3E9022138BF1B2022F079BA06
:101BF800400C0021024B0146D3E9002022F080B8B6
:101C0800400C0021024B0146D3E9022022F078B8AB
:101C1800400C0021144B012200214FF0FF309A6044
:101C2800C3F80012C3F80803C3F80015C3F8042565
:101C38009A60C3F808034FF48040C3F80015C3F84E
:101C4800042503F5805341F6F8720849C3F80825BE
:101C5800C1F88000BFF34F8FBFF36F8FC1F88001C9
:101C6800C3F80825704700BF00E0004100E100E02C
:101C78008C463422064B00B50CF8032B8E4607CB56
:101C8800CEF80300CCF80410CCF808205DF804FB6B
:101C98005C0C002110B5154C1BF0E6FF1BF066F834
:101CA8000021636A608C9847237E9BB9104B628C35
:101CB80093E8030012F09EFBE36A188812F0C4FA56
:101CC800636B94F8301094F831009847002384F837
:101CD800383010BD94E8070004F10C0383E80700CE
:101CE800044904F1190025F0E1FFDFE7500C002159
:101CF800780C0021791C0001034B93F8383003B9A4
:101D08007047FFF7C7BF00BF500C00214FF48E612A
:101D1800062008B5FEF712FC08B5094B93F83820E1
:101D2800022A07D1DA7A42F00102DA72BDE80840E5
:101D3800FFF7B0BF40F231212720FEF7FFFB00BFBD
:101D4800500C002138B5354D044695F828300BB1B4
:101D5800C2071FD4012924D82B6C2046984700B30A
:101D680095F83000E8B995F82820E2B18CB995F8D3
:101D78004430D806C3F300142ED4AB6C23B301232C
:101D8800AAB16A8F910713D5EB6BD878023818BFC0
:101D9800012038BD6B8F1B07DCD5EB6BDB78022B82
:101DA800D8D1012038BD002CE1D1204638BD6A8F3A
:101DB800002AF6D12A6D107803EA10102043C0F1EA
:101DC800010000F0010038BDB5F84C30B3FA83F3D8
:101DD8005B09002AEBD0D4E7E96B0B7803F0030327
:101DE800032B09D1CB78022B15D0686D21F0A3FE07
:101DF80095F828200446C0E7686D21F09CFE38B9A4
:101E080010F088FA80F0010095F82820C4B2B4E7F1
:101E180095F82820B1E70024AFE700BF500C002157
:101E280070B5264C0646E56A236D95F8942094F81B
:101E38005C00A3650AB1031DD8B2FF2895F8751098
:101E480004D11EB995F874308B4203D01BF0DEFB29
:101E580095F8942062B3206E1CF03CF894F8283072
:101E6800D5F8F020003B216E626718BF0123D5F832
:101E7800F420A06D84F87C30A2671AF015FF5EB9D3
:101E880095F875302A8F033B012B94BF282000203A
:101E9800104480B21CF0F6F8A88E1BF0F1FA95F801
:101EA800741000201CF016FA022384F8383070BD34
:101EB800A06D1CF00FF81AF059FFE0E7500C002154
:101EC8002DE9F0473D4C82B094F83830012B6DD1A4
:101ED8005FFA83F9E56AE36B064695F884200F46B6
:101EE80093F8008093F801A008F0030872B1638F9B
:101EF8000021042043F0040385F884106387636A93
:101F0800984794F828300BB185F88690B8F1030FFC
:101F180038D0BAF1000F31D0022385F88A3095F80D
:101F28009430F3B1E36A94F8282093F87530003AB6
:101F380003F1FF3318BF0122DBB284F87C20D5F807
:101F4800F020032B6267D5F8F420A26794F85C2090
:101F580031D81B490020CB5C0090012019491AF0A8
:101F680039FE012F05D126B931463046FFF7EAFE82
:101F7800B8B102B0BDE8F047FFF78CBE012385F881
:101F88008A30CCE795F88A303BB9638F0220E16B41
:101F980043F002036387636A9847032385F88A300E
:101FA800BDE702B0BDE8F047FFF73ABF40F2DC41B9
:101FB8002720FEF7C3FAFFF7A9FE00BF500C002147
:101FC80078500301B40C002170B5814E002282B014
:101FD800F46A8DF8052094F8942096F85C300AB1DC
:101FE8000433DBB2FF2B94F8741004D118B994F8B9
:101FF80075308B4202D0FF201BF008FB94F88A3022
:10200800032B00F2E080DFE803F0021C796996F800
:10201800BA307048ADF80630A4F8643010F054F9BE
:10202800002840F09F800DF105020DF10601706D4A
:1020380021F012FDF06320B194F8CF30002B00F0AE
:10204800A680654B1846F36394F88B200378D2007A
:1020580003F0030503F0F30302F00802032D43EA3B
:10206800020394F88C204FEA820202F0040243EA49
:10207800020303F0EF03037052D1C278022A06D09C
:10208800706D21F058FD002852D1F06B0378037071
:1020980043781BB194F89330002B4ED11BF01AFFF4
:1020A8001AF064FE11F0C8F9032D01D100286AD195
:1020B800E08E1BF0E5F994F8751001201CF00AF980
:1020C800F26B012345491088927886F8BC30A6F84F
:1020D800440086F838308A7002B070BD3D4810F070
:1020E800F3F8002865D0F06BC3781B2B14D10121BD
:1020F80004F110001BF0C8FAF06B0DE0B4F864307E
:102108000DF105020DF10601706DADF8063021F0F4
:10211800A3FCF063002851D0012386F8BB3093E775
:10212800706D21F008FD18B910F0F4F80028ACD152
:10213800F06B037843F01003A9E7306E1BF0CAFE7A
:1021480096F82830D4F8E820B3FA83F3F16B726775
:102158005B09D4F8EC20306EB26786F87C301AF050
:10216800A3FD9FE7738F4FF48070F16B43F4807386
:10217800726A738790470121F06B84F88510C378E1
:102188001B2BC9D1B4E701201DF04AFE90E79DF84A
:10219800053033B1BDF806200123427086F8BB3004
:1021A80052E7038001218370F06B25F045FBF06B4B
:1021B800F0E740F2DB212720FEF7C0F940F2D121F9
:1021C8002720FEF7BBF940F2E9212720FEF7B6F9F0
:1021D800500C00218C0C0021D80C0021940C0021FB
:1021E8000D4B0E4A70B50E4C1A6094F838301BB17E
:1021F800ED212720FEF7A2F903F0FF0206460D465F
:10220800227612F0EFF8012104F1880025F014FB82
:102218002665256670BD00BF6C000021702B00018B
:10222800500C0021074A10B592F8383013B10C242D
:10223800204610BD03F0FF04147612F0D3F82046B0
:1022480010BD00BF500C0021024B012283F8BD20B5
:10225800704700BF500C0021F0B585B0BB4C02ADF3
:1022680085E8030094F838100A98002940F067813F
:10227800002B18BF002A00F06281B0FA80F14909EA
:10228800002800F05C81236404F12803606384F86B
:10229800BD1084F8301084F8BE1084F8311084F82A
:1022A800BC1084F8BB1061876184626295E8030002
:1022B80083E80300E56A1BF01BFA1AF057FD95F94D
:1022C8007C001BF04BFBA86A1BF0E8FD286A1BF09A
:1022D8004BFB95F8A4001BF051FB94F8280000284C
:1022E80000F0B48095F875209C2101201BF060FC5B
:1022F800974B984E18681BF0D7FDD5F8F800D5F81D
:10230800FC10E76AD5E905236265C4F8C030D5F842
:102318000021D5F804310FC6D5F80831D5F80C21BD
:10232800C4F87D3097F88E30C6F80D20A3F1260248
:10233800012A40F29B8097F88F20262A00F0968089
:10234800213B012B00F2E380242A40F0D28094F84C
:102358002830002B00F0DE8097F86D2097F82E319A
:1023680097F8746013405A0700F1CD8013F001020A
:1023780040F0DE809B0700F1D38005F13C07314631
:10238800384625F002FD314624F027FEB5F84830DE
:10239800024695F875103846934228BF134684F8CC
:1023A800BA3025F0BFFC95F8751095F8947004299B
:1023B800B5F8506008BF032124F00FFE0FB90430B0
:1023C80080B2B04228BF3046C6B284F8C46011F06B
:1023D80033F800287FD194F8280084F85C6000283E
:1023E8005BD195F89330E3B195F87430012295F8F4
:1023F8007E10013B84F87C200029D5F8E820DBB268
:1024080018BF04206267032BD5F8EC20A26700F2FE
:102418009B80514A0021D35CFB2200914D491AF060
:10242800D9FB0120FFF7D0FD0023B5F8880095F807
:10243800A420A360C4E90033AB6F298860802180A1
:1024480022710BB101221A6005B0F0BD95F8742015
:10245800414B03EB42039988404B01F5FA71A3FB0A
:10246800013189097D311BF0A3FB41E794F828303D
:10247800002B37D197F80A3297F87460002B3FF495
:102488007CAFF21E012A3ED9DA1E012A3BD9012E61
:102498003BD0012B39D002266FE795F89430B3B1C1
:1024A800D5F8F03001206367D5F8F43084F87C0063
:1024B800A36795F87530013BDBB2032B44D8264956
:1024C8003246CB5C0021009122491AF083FB01209F
:1024D800FFF7A6FCA8E710F0B5FFB04238BF3046BA
:1024E800C6B278E797F89A3297F87460002BC8D18B
:1024F80043E794F828306BB197F82E3197F8746059
:1025080059077FF533AF042637E7012635E7242A34
:102518003FF41DAF97F87460032E08BF04262CE71C
:10252800F31EDBB2012BEED9012E18BF022624E7D9
:10253800F31EDBB2012B8CBF164604261DE74FF4B1
:10254800BE712720FDF7FAFFFFF7E0FB500C0021D2
:102558006C000021B40C002178500301D34D6210A7
:1025680008B5124B93F8382092B193F8282022B975
:1025780093F83830012B14D108BD93F83820022A7B
:102588000AD1DB6AD3F8D801BDE808401BF012BDB8
:10259800BDE80840FFF77EBB40F213212720FDF776
:1025A800CDFF40F20F212720FDF7C8FF500C002176
:1025B800FFF770BB014B1876704700BF500C002125
:1025C800014B93F8BC007047500C0021034B93F863
:1025D800BB0010B9588CC0F300307047500C002174
:1025E800024B588CC0F3C020704700BF500C00212C
:1025F800014B93F8BE007047500C00212DE9F043C1
:102608003B4C10F0010983B00E46A56DE76A95F8BA
:10261800018035D00023800784F8C5301ED5A36C0F
:10262800002B5AD0B4F84C2018462946033220F023
:102638004DFE0DF1020201A9A065D4F8C00021F0F9
:1026480025FB019821F008FB012230604146D4F8AF
:10265800C00021F0B0FAB9F1000F1BD0D7E93C3225
:1026680097F88C10013342F100020129C7E93C3286
:102678000CBF0023012387F88C3003B0BDE8F0833A
:1026880094F8C530032B2DD8DFE803F024070202A5
:10269800830718D403B0BDE8F0838207FAD5A36C8A
:1026A800DBB1B4F84C2029461846033220F00EFE60
:1026B800002203464146D4F8C000A36503B0BDE834
:1026C800F04321F078BAD4F8C00003B0BDE8F04375
:1026D80021F0D8BA8107DDD5A1E740F2CE41272005
:1026E800FDF72CFF40F27A412720FDF727FF00BFB6
:1026F800500C00212DE9F04FBF4C87B0002394F80F
:102708003820E56A022ACDE9043340F01C82638C44
:102718008846074613F0400106D1636A402098476F
:10272800638C43F040036384A26D92F80190002FFC
:1027380000F0A880167895F89430C6F3C00A002BEC
:1027480040F062811FFA89F1A4F84C10002940F08A
:102758006C81A164628CC6F3800395F88B1042F4F7
:1027680000729942628400F0F280D4F82CB09BF891
:102778008A30DBB1022B00F09B81002194F82830CD
:102788008BF88A1023B19BF88630002B40F08681A5
:102798009BF88530002B40F066819BF88B30628C6B
:1027A800012B0CBF002301238BF88B3095F88C107C
:1027B80042F400624FF0000B06F0030351456284B7
:1027C80000F0CD80039310F037FE039B032B14BF5A
:1027D800002600F00106002E40F03E8195F8933067
:1027E800B246002B7AD1B8F1000F40F09E8094F8E1
:1027F800BE100120FFF7A6FA002840F09680BAF133
:10280800000F40F0E980FFF7DFFBBBF1000F09D0B4
:1028180094F82830002B40F0D480B4F80930013304
:10282800A4F80930002F00F08780B4F805300022A2
:10283800013384F8BE20A4F80530704811F0F2FC8A
:10284800049830B121F008FAE16A0022027210F00F
:1028580033FD059B33B1E16A00221A720C220598F8
:1028680010F0F8FC002E6DD1638C1B0607D4636A48
:10287800314680209847638C43F08003638407B017
:10288800BDE8F08F95F89420002A40F0B18043F419
:102898008063638494F8BE30013384F8BE3095F8C1
:1028A8007530033B012B05D910F0C6FD06460028FC
:1028B80000F0848001204FF0000A1DF0B1FA1AF0F0
:1028C800EFFDB9F11B0FD34694BF0026012604285B
:1028D80018BF002695F89330002B84D094F8283040
:1028E80095F87E20B3FA83F3002AD5F8E8204FEA5A
:1028F800531314BF0420002084F87C3095F87430FA
:102908006267013BD5F8EC20DBB2A267032B00F22B
:102918001F813B4A3B49D35C00220092FB221AF0FC
:1029280059F9B8F1000F3FF462AF1BF023FDBAF17B
:10293800000F3DD1012668E7B4F807300133A4F849
:1029480007307AE7FFF7A6F907B0BDE8F08F95F8EA
:102958008C10BB4606F0030351457FF433AF032BBD
:10296800E66A68D142F480520120A16D6284628FC8
:1029780086F8840042F0010203936287626A9047F6
:10298800039B96F88C20013A18BF012286F88C2008
:10299800B9F1000F3FF416AFD6F8F0200132C6F8AF
:1029A800F020D6F8F42042F10002C6F8F42009E736
:1029B80005A903205646FFF721FE26E782468346EF
:1029C80088E7B4F80530B4F80710B5F888200B4349
:1029D80013433FF427AF20E705A90120FFF70EFEB8
:1029E8004046FFF7F1FA05A90220FFF707FE0CE7BA
:1029F8001AF024FA638C4AE7500C0021780C002165
:102A080078500301B40C00211AF0D8F9B9F1000F7D
:102A18003FF498AE00287FF495AE95F88C30534576
:102A280078D01FFA89F1A4F84C10D4F8C00021F02E
:102A3800A3F8A0648EE6002BA3D0B9F1000F49D10A
:102A480096F88C30CA46013B18BF012386F88C30B3
:102A5800002610F0F1FC3DE74FF0000A01201DF0C0
:102A6800DFF9564636E700218BF885100FF03CFC5D
:102A7800002100286ED0638F082043F00803638785
:102A8800636A9847DBF8E8300133CBF8E830DBF8C5
:102A9800EC3043F10003CBF8EC307EE6638F102076
:102AA8008BF8861043F010036387636A98476FE6D4
:102AB80004A9606D20F0F2FF002850D0DBF8E83060
:102AC8000133CBF8E830DBF8EC3043F10003CBF806
:102AD800EC3052E642F4805296F8946062841AF020
:102AE800DFFC042894F8C43006D1002E14BF1B2242
:102AF8001F22934228BF1346994511D8A36CEBB106
:102B080094F8BD30C3B1636A002120204FF0000A59
:102B180098479DE7012384F83130FFF7BBF8AEE60C
:102B280094F8303001204FF0000A43F0100384F885
:102B380030301DF075F98BE7BA4689E79A4610F0F0
:102B48007BFC5646C6E640F25F512720FDF7F6FCAF
:102B5800FFF7DCF840F22B412720FDF7EFFC40F2AD
:102B680014412720FDF7EAFC211D0001FD26000184
:102B7800C91E0001011D00012DE9F843002800F0DD
:102B8800E4800446072900F2D380DFE801F0AB2592
:102B980025A7D1209ECD0146204626F087FBD4F8F4
:102BA800443100F1F6059D4240F2C780E81A03213E
:102BB800402838BF40201FF09BFB0346C4F844510F
:102BC80020461D4626F03FFC002D00F09C80204644
:102BD800BDE8F84326F038BC26F0B7FB0023D4F84C
:102BE800142105460E4684F8403184F84931BAB1BB
:102BF80050EA010314D0CA00C30042EA50721B1AFB
:102C080062EB0102D4F830115B18D4F8341142EBAE
:102C18000102D4E95401834272EB0103C0F09380AE
:102C2800022304F5A07784F8483138461EF0CAFD1F
:102C3800002800F08E8094F8603103F0FF01002B2B
:102C48006AD16FF00043D4E956029A4208BFB0F146
:102C5800FF3F12D02046D4E9549826F027FBD4F839
:102C68005831F630D4F85C21B3EB090362EB080263
:102C78001B1A62F10002002A4BDB394694F8100156
:102C88001EF08CFE00286ED0D4E95401D4E94A32F3
:102C9800834272EB01071FD255EA06071CD0C01AFF
:102CA800334661EB02012A4620F036F905FB01F1B3
:102CB800A5FB005300FB0616D4E94A2133445519F5
:102CC80043EB0103C4E94A5306E090F810011EF0F3
:102CD80053FD002384F83831BDE8F883BDE8F84394
:102CE8001BF05CBB13F0D4FCD4F84401DC381FF0B3
:102CF80059FA98B3204626F06AFB00283FF44BAFF8
:102D0800204626F0A0FBD4E95423C4E94C23BDE8AF
:102D1800F883204613F0C4FC94F810011EF02CFD33
:102D2800002384F83831AFE7FF213020FDF706FC97
:102D380040F203113020FDF701FC2046C4F844514D
:102D480026F081FBDFE701236BE7E2213020FDF766
:102D5800F5FB40F2A4613020FDF7F0FB40F25D2165
:102D68003020FDF7EBFB4FF4D5613020FDF7E6FB93
:102D78002DE9F04F044689B000201F460E469146C3
:102D880094F875A0049023F0E6FD94F8C2310B2B5B
:102D980000F26F83894A32F8135094F88F30284430
:102DA800442B85B200F09B8294F88E800E2B18BFBE
:102DB800B8F1440F0CBF4FF001084FF0000889F03C
:102DC80001030293B9F1000F1AD0B4F8501204F5B8
:102DD8000879B4F888B0711AA6EB0B0B09B20FFA90
:102DE8008BFB0029C0F27182384694F80432032B19
:102DF80000F25E83DFE813F0E401A801E800540064
:102E080094F80422032A14BF002308F00103002BBE
:102E1800DBD0B4F89822B242D7D1B4F85222204677
:102E2800B4F8DC1103930A44C4F80022D4F80C2245
:102E3800C4F8F821E269C4F8FC2114F037FE94F8CC
:102E4800AC22002A40F0FC82D4F8A092E269039BED
:102E5800914506D02088039327F0B7FCD4F8A02228
:102E6800039B94F87E10002900F0E48241F64B5150
:102E7800894540F2D98200234FF096112387616378
:102E880084F87E30D4F89C32E261E362B4F89A3276
:102E98002386D4F8A4326362022384F8043294E7C8
:102EA800E26902FB01F30493002F00F01B82B4F8DF
:102EB800DC51002D40F0168284F81B52D4F80CC265
:102EC8000CFB113194F88E30262B049100F01D82F2
:102ED80094F88F30262B00F0188200283CD0002D63
:102EE8003AD1D4E990E0D4E98E237245834180F049
:102EF800DA8294F87500C31E012B40F28A8203918E
:102F08001BF0B6FC4AF2A13CD4F840322C4D844464
:102F1800A3F1830194F87500A5FB0C3CA0F1030E06
:102F2800D4E98E23BEF1010FA1EB020303991944E2
:102F3800A1EB9C1140F2B18203911BF099FC00F2C5
:102F4800E730D4F80CC20399A5FB0030B4F8DC5183
:102F58008009014410390491AB44AAF103030CFB26
:102F68000BFBDBB20BF1300B012B4FEA4B0B40F2A2
:102F780015825046124D1BF07BFC4AF2A1330344E4
:102F8800A5FB03239D0950461BF06AFC0BF1730354
:102F98001D4494F87E3028440A4D2860002B00F028
:102FA8000D8104AB2A465946E06924F05AF8049B7F
:102FB80084F81B02E269286871E000BF8C500301A5
:102FC800D34D6210180D0021E36A2946D4F8FC019C
:102FD80018441CF067FD2946C4F80802E0691CF093
:102FE80061FD94F87E30002B40F08D8194F875A037
:102FF800C4F80C025046AAF1030A1BF039FC4DF63E
:103008004171BAF1010FC74D01444FF0010220464A
:10301800A5FB013194BF2823002303EB91118031D4
:1030280024F013FFB4F8DC3113B9002F40F0B88155
:10303800D4F8FC31E26A94F875B01344D4F8080265
:10304800ABF103011B1AC9B20493D4F8F831012972
:10305800D4F80022B4F830A002FB03050AF1730A81
:1030680005F130054FEA450540F2468158461BF008
:10307800FFFB4AF2A1330344AA48A0FB03239B09A0
:103088005846039355441BF0EBFB039BE2691D4430
:10309800A54B28441860012384F80432049BD4F813
:1030A8000C52D4F84812551B6FF4B372154485427C
:1030B80028BF0546C918D4F84C3204F13C00C4F8BE
:1030C800D85143F10003C4F83012C4F83432002355
:1030D80084F8203224F024FE0544A4F85062C4F891
:1030E8002452D4E98C23C4E9922313F027FF20B19A
:1030F800D4F824321E33C4F82432B4F8C81100239B
:103108008E1B84F8283236B29E4202DD022384F8F0
:103118002832B8F1000F40F00981002F40F00981F2
:1031280094F80432002B40F02481494694F81C029C
:103138001EF034FC002800F0A181029B84F81832AC
:10314800002009B0BDE8F08FD4F80C02E369D4F888
:1031580008221B1AD4F80052B4F8DCA1303203FB61
:1031680001F1D4F8F831D3446FEA050A03FB0525C9
:1031780094F87520DA440491D31E00FB0A55B4F87C
:1031880030A0012B4FEA45050AF1730A40F2B680D8
:10319800104603921BF06CFB4AF2A13303446148CA
:1031A800A0FB0323039A4FEA931BAA4410461BF083
:1031B80057FB5D4B0AEB0B0528441860049B82E023
:1031C80094F8751094F8D60123F02EFF8246E06A31
:1031D800294650441CF066FC2946C4F80802E069F8
:1031E8001CF060FC94F87E30002B40F08A8005A922
:1031F800C4F80C0206A8DFF82CB11BF0C3F8059B35
:103208000093DDE90623D4E992011FF0DFFA94F870
:1032180075300546184603931BF02AFB039B4DF6B1
:1032280041710122033B01442046012BABFB0131D4
:1032380094BF2823002303EB9111803124F005FE6D
:10324800D4F85432E26A94F87500049303921BF0A0
:103258000FFB00F52340039AA130ABFB0031049B20
:10326800A3F19300D4F808321044C01A5044B4F8BB
:1032780030A0401B03F1300594F875300AF1950A27
:10328800A0EB9110DA1E6D000490012A31D918467E
:1032980003931BF0EDFA00F52340A130ABFB003B94
:1032A800039B4FEA9B1B184655441BF0D9FA049B15
:1032B800D4F854225D441C499A1A2844B2F5A07FD8
:1032C8000860C0F0E080E269E9E600235946012081
:1032D80084F81B32D4E98E23C4E9922385E54FF0A4
:1032E80001086CE594F81B52002D54D00E4908686B
:1032F800D5E64FF0650BD6E76523C1E64FF0650BC1
:1033080053E7023073E7023070E6B4F89832F31AE4
:103318001B043FF5E2AD94F89B32002B18BF9A4688
:10332800DBE500BFD34D6210180D0021002F3FF4DC
:10333800FCAEB4F8F021CAB1B4F8F20194F8F41173
:1033480000FB011101308A427FF7EFAE002B3FF4FA
:10335800ECAE0023A4F8F20184F8283210F078F8D3
:1033680000F00700013084F8F401DEE6A4F8F22149
:10337800DBE6D4F80C324846E169C91A23F0FCFDB3
:1033880083B2002B3FF4D1AE129A0120002A3FF4F9
:10339800D8AE1380D5E6B4F8DC518FE56525F2E5A3
:1033A800E26AD4F8FC3194F8750003EB020A1BF0CA
:1033B8005FFA4AF2A13394F875B0AAF1930A03446C
:1033C800ABF10301D4F80802A5FB0323C9B2D4F872
:1033D8004022AAEB000A9B09012992440393D4E9ED
:1033E8008E23AAEB020A1DD958461BF041FA94F81D
:1033F80075B000F2E732D4F80802ABF10301A5FB7F
:103408000235C9B2AD09039BAAEB03022A44049210
:103418001BE6AEF1E80E3C20D4E98E23AEEB020E9B
:10342800714496E53C25EEE74FF04D1161630021AC
:10343800218725E541F64B508145F5D90B461FE517
:10344800208827F0BFF918B3B4F8A822B4F8983246
:103458006286B4F8AA224381013B8281038294F8F0
:103468007E30D4F8A022A0F80E90002B7FF403AD94
:1034780006E540F2FB310620FDF760F840F2935173
:103488003020FDF75BF840F2DE413020FDF756F8BA
:1034980040F23E713020FDF751F8B4F8DC513C2081
:1034A800D4F80CC255E540F232513020FDF746F809
:1034B80040F24A513020FDF741F800BFF0B585B021
:1034C800002800F00C810446072900F2FC80DFE8A0
:1034D80011F07B00080008006C00FA0099007100E8
:1034E800F6001CF09BFCD4E98E23801A61EB0301E3
:1034F800012871F10003C0F204816FF0010200237A
:1035080082428B41C0F2F480E3690BB1B0FBF3F364
:1035180094F88F10442905D094F88E20433A012A54
:1035280000F28480B4F81612013189B2A4F8161298
:10353800B4F8C20002ADB4F88830B4F8522203449B
:10354800B4F8C000714E0132013BA4F852221B1A94
:103558009FB2336853B101390022204689B2984797
:10356800B4F81612014489B2A4F816127B1A18048A
:103578007ED40023204600951A46FFF7F9FB08B3CE
:10358800012840F0B080B4F81612B4F8C831CA1A4D
:10359800120400F18A80BDF80830194489B23368F2
:1035A800A4F81612002BD6D1E0E705B0BDE8F0402C
:1035B8001AF0F4BE90F80432042B40F09E800023E9
:1035C80080F8043205B0F0BD90F8183213B3B0F8A3
:1035D8001632B0F88820934279D09A1AA0F8883029
:1035E800A0F8CE212046D4E98C23C4E98E2314F018
:1035F8007DF994F8D331002BE4D005B0BDE8F04054
:1036080026F0DAB801201CF00BFC05B0BDE8F0404C
:10361800FEF7CEBFB0F81432B0F88810B0F8142214
:103628005B1AA0F88820A0F8CE31DBE70E293FF41A
:1036380079AFB4F88810B4F816220B449BB2D11AAB
:103648000D0454BF531C01339BB2A4F8163294F8EE
:103658001932B4F81612002B7FF46AAFB4F8CC31E3
:103668008B427FF465AF013189B2A4F816125FE787
:1036780094F89220012328460394002A8DF80830F4
:103688000CBF3E23082384F8B13010F059FB2046C4
:1036980026F094F8002394F81C0284F804321EF0F3
:1036A8006BF8202384F81C328CE7BDF808201144FD
:1036B80089B27A1A12F4004F18BF19466FE7D6215B
:1036C8003020FCF73BFFDA213020FCF737FFB0F859
:1036D800CC21D31AA0F88820A0F8CE3182E7AA21FD
:1036E8003020FCF72BFF40F276613020FCF726FFF4
:1036F80040F21F613020FCF721FFD0213020FCF779
:103708001DFF40F21E613020FCF718FF70000021F9
:103718002DE9F043D0F81431002683B0054680F82F
:1037280018610F46D0E9548983F8D62180F83861AA
:103738000121D0F814010FF035FAD5F814413246BA
:1037480031462046C4E98E8995F81031C4F8547280
:1037580084F81C32334684F80462A4F85062C4E941
:1037680092890096FFF704FBD0B90123C4F8000240
:10377800C4F8F80184F80432A4F81602A4F8140274
:1037880084F81902B4F88830A4F85202013BA4F86E
:1037980088301AF0F9FA03B0BDE8F0431DF018BEFE
:1037A80040F2FF113020FCF7C9FE00BFD0F8140129
:1037B800704700BF2DE9F043002385B00322FF26A0
:1037C800CDE900338DF806206846FDF793FF0446DF
:1037D80020BB009D95F83831002BF5D085F8606145
:1037E8000121284625F032FE95F83831002BEBD020
:1037F80095F810011EF0F6FA95F810011EF0AEFECD
:1038080095F810011DF0B8FF002840D085F8384120
:103818006846FDF76FFF04460028DAD0DFF8848099
:103828000123002502264FF6FF7788F804301EE0B2
:10383800029B03B393F81C22202A1CD01888B84294
:103848001FD00221FDF71CFF814628B390F81C0207
:103858001EF0C8FA99F81C021EF080FE99F81C02A6
:1038680089F804421DF088FF202389F81C32CDE92D
:1038780002558DF80E6002A8FDF73CFF04460028AB
:10388800D6D0002388F8043005B0BDE8F08340F2B4
:10389800EB113020FCF752FE4FF49B713020FCF7FF
:1038A8004DFE00BF180D0021044B002242F210719A
:1038B8005A71D9801A71FFF77DBF00BF180D00211A
:1038C8002DE9F84390F83831002B76D10446884624
:1038D80001465648154603F0FF071DF019FF20283A
:1038E80006466AD05822394604F588701FF058FCFD
:1038F80084F81061C4F81481FF2384F83831B8F1D2
:10390800000F06D00FF0BCFD00F00700013088F86A
:10391800F40102234FF00008A4F8483184F84081EC
:103928001CF006F900F1BC062046B6B225F04FFDA2
:10393800002846D023F00FF800F5CD6128464FF057
:10394800010989B21CF0AEF82844C4F844011CF0FF
:1039580065FA3018A4F8268041F10001C4F8500136
:1039680084F818912046C4F8541125F046FD002823
:1039780045D0A5F2F2454946204625F097FC2D1A78
:10398800C4F81C514FF0FF326FF00043C4E95623CE
:1039980004F5A07194F810011EF000F800283FD03B
:1039A80020460021D4E95423C4E94A23C4E94C231E
:1039B80025F04CFD3846BDE8F8830C273846BDE8AD
:1039C800F8830146204625F071FCDFF86480F63064
:1039D800C4F84401B8F8060008B1E08CB8B9064448
:1039E8001CF01CFA361841F10001C4E95461002D9D
:1039F800C8D0AE1941F10001C4E95661C8E7F63DE7
:103A0800484625F0F3FD2D1AC4F81C51BAE70FF00B
:103A180037FDB8F80630B0FBF3F202FB1300DEE71F
:103A280040F2CD113020FCF789FD00BF812B000149
:103A3800180D002190F838310BB90020704710B5E7
:103A48000446FF2380F86031012125F0FFFC94F83B
:103A580038310BB9002010BD94F810011EF0C2F9DE
:103A680094F810011EF07AFD94F810011DF084FE00
:103A780020B1002384F83831002010BD40F2EB114A
:103A88003020FCF75BFD00BF014B5871704700BF49
:103A9800180D002190F8602182B910B502F0FF04DA
:103AA80090F8182112B90122104610BDD0E947310B
:103AB8009942F9D912F0F4FD2246F5E700221046A2
:103AC800704700BF08B519F011FD054B9A6882428E
:103AD80003D3187980F0010008BD002008BD00BF9D
:103AE800180D002140F20B2108B524F0B7F9B0F504
:103AF800296F28BF4FF4296080B208BD90F8D331F0
:103B0800002B73D1F0B503F0FF0590F8043285B0AF
:103B18000446032B01D005B0F0BD1CF07FF9D4E9B1
:103B28008E23801A61EB0301012871F10003F2DB97
:103B38006FF00103834275EB01035ADBE369B4F8C4
:103B48008820002B53D0B0FBF3F080B20132B4F8D8
:103B5800CC31104480B2A4F81402B4F814229B1A91
:103B68001BB2002BD7DD94F81C021EF03BF900288D
:103B7800D1D0FF2384F81932B4F888500DF10E061D
:103B8800B4F8C220B4F8C03015441F4F013DED1AF7
:103B98003B68ADB263B1B4F8141200222046013973
:103BA80089B29847B4F81432184480B2A4F81402C1
:103BB800B4F81432EB1A1B04ADD4B4F81412002371
:103BC8000122204689B20096FFF7D2F80028A2D039
:103BD800012813D1B4F81432BDF80E2013449BB257
:103BE800A4F814323B68002BD5D1E1E7704718469A
:103BF800ACE740F2C7513020FCF7A0FC40F20E6160
:103C08003020FCF79BFC00BF700000212DE9F04339
:103C1800044683B0062900F2C380DFE801F0041EE1
:103C28000B1B242B8000614B1B7903F0FF02002B38
:103C380000F09A80042384F804321AF0A5F81DF0E5
:103C4800C7FB0023B4F88820A4F85232A4F816223F
:103C580084F8193203B0BDE8F083032380F80432F6
:103C680003B0BDE8F08319F08BFCC4E9900103B000
:103C7800BDE8F08311210088FDF702FD94F8753046
:103C8800002800F08180022B7CD064D8012B40F002
:103C980083800A3080884FF4A977B8428CBFC01B54
:103CA8000020D4F80C52E3692A1893425AD95B1BB6
:103CB8001D1ADFF8F89099F805301BB9E36B9D429F
:103CC80028BF1D46D4F8D86104F13C0024F028F838
:103CD80006EB000802201EF0A3FA0221A5EB080556
:103CE80025EAE575854228BF054628461EF000FBF3
:103CF80000B9A84401233A464146204624F094F8E6
:103D0800E269D4F8D831C9F80800D0181EF04AFA88
:103D180000289FD140F28A313020FCF70FFC90F840
:103D280075502846033D1AF0A3FD4DF64171024631
:103D38001F4B012D204611444FF00102A3FB013116
:103D480094BF2823002303EB9111803103B0BDE811
:103D5800F04324F07AB8033B012B1DD8408C4FF474
:103D6800BD779AE70025A4E7B0F8CC1101230092AB
:103D7800FEF7FEFF00283FF460AF40F2DC61302020
:103D8800FCF7DCFB143085E7033B012B94BF4FF4B1
:103D9800BD774FF4A97784E7CD21B420FCF7CEFB9B
:103DA8004FF4F3613020FCF7C9FB00BF180D002168
:103DB800D34D6210012A70B5064609D0022A14466E
:103DC8000D461ED04AB140F2C2713020FCF7B6FB56
:103DD80019F08CFBC6F8540270BD19F087FB224617
:103DE80001462846FFF794FC32460F4995F8100122
:103DF8001CF000F80028EFD140F2AB713020FCF73E
:103E08009DFBD0F8541201222846FFF781FC324668
:103E1800054995F810011BF0EDFF0028DCD140F2B0
:103E2800BC713020FCF78AFBC5340001F8B50446A4
:103E380051B1012960D1002380F8183119F0A4FF8D
:103E4800BDE8F8401DF0C4BAC58C002D4CD1204601
:103E5800D4E94A7625F079FA40194FF0000341F188
:103E68000001C01984F840314FF0020346EB01010C
:103E7800C4F85001C4F82801C4F85411A4F8483112
:103E8800C4F82C1194F8603103F0FF01002BD5D150
:103E98006FF00043D4E956029A4208BFB0F1FF3FE1
:103EA8000CD104F5A07194F810011DF077FD0028DD
:103EB800C4D140F2FB613020FCF740FB2046D4E936
:103EC800545625F0F3F9D4F85831F630D4F85C217B
:103ED8005B1B62EB06021B1A62F10002002AE0DAA1
:103EE800204612F0DDFBA9E70FF0B2FAE58CB0FB33
:103EF800F5F303FB1505AAE740F2D2713020FCF771
:103F08001DFB00BF90F83801003818BF012070472A
:103F1800014BD880704700BF180D002106220B46C0
:103F280003F8032BB0F809C0C27AA1F803C09A704D
:103F3800704700BF4FF42E71322008B5FCF7FEFA27
:103F480010B582B090F8DE3073B903F0FF02ADF817
:103F580004209DF8042000209DF8053062F3070036
:103F680063F30F2002B010BD36380C4604F05EFA39
:103F7800182204232270ADF80430EAE770B500284F
:103F880065D0437A04460D46002B3FD00021408976
:103F9800FDF776FB064600285ED000880EF054F93F
:103FA80000213088FDF782FB00285AD194F854602C
:103FB80094F8A6302BB194F8A7301E43002384F858
:103FC800A630204604F032FAB30730D113212B462D
:103FD80004F10902293403F8031BD2F800C0103297
:103FE80052F80C6C103352F8080C52F8041CA24218
:103FF80043F810CC43F80C6C43F8080C43F8041C45
:10400800EBD1117800221970AA7170BD036DD0F838
:104018000E20C3F80320428AA3F80720427B036DD1
:1040280012F0FD0F14BF012200229A70BEE7002291
:1040380026F004062046114684F8546005F0A8F8D6
:104048000028C3D140F221313220FCF777FA40F240
:1040580001313220FCF772FA40F20D313220FCF7C0
:104068006DFA40F211313220FCF768FA044B002255
:104078001B68A3F8212183F8232183F87020704757
:10408800240D002108B50EF04DFE034B187019F0F1
:10409800EBFD032008BD00BF1000002108B50EF09D
:1040A80041FE024B024601201A7008BD1000002193
:1040B80038B5114C20686C3003F0B2FB656803F02A
:1040C8005FFB63682860186858B103F087FB68B124
:1040D80019F000FF002019F0D5FF636804221A7157
:1040E80038BD40F2EC413220FCF728FA40F2EE41AC
:1040F8003220FCF723FA00BF240D002108B50EF08A
:1041080011FE04490246044B48681A7003F0FAFB92
:10411800012008BD240D002110000021F0B5534CEA
:1041280000220E460546236841F2707083B0196D6F
:104138005A72CA69B1F800C0A3F80AC0A2F57A7C1D
:10414800844540F286804A48A0FB0202C2F38F22CF
:104158001A848A8C5A84CA8C9A844FF47F42DA84EF
:104168004FF6FF721A85002D69D00121304623F0E1
:104178004EFA3278D209236893F8481009B1002A18
:104188003DD1207B002108285961198343D003F1D0
:104198000E0203F10D010EF047FB002861D02368E1
:1041A8005A7B03F11A0742F002025A73002D40D1DC
:1041B80003F1780002683A608288BA8093F958104F
:1041C800186D0EF093FD20682A4923F066FD2368D8
:1041D80029491A6D1088A3F8330003F12A0092F8D0
:1041E800962083F8352023F061FD2068022105F030
:1041F8007FF920686C3003F013FB03B0F0BD4279FF
:1042080002F0C002402ABCD102685A618288207B31
:104218001A830828BBD193F87E109A6FB3F87C00F4
:1042280059730021C3F80E205882C3F81A10D98395
:10423800C4E70021304623F0EAF92368BAE7A0680A
:10424800694623F09EF8A36868461A78C2F380127C
:1042580091E70A48A0FB0202920902F5506292B265
:1042680076E741F2F7313220FCF768F9240D002196
:104278005917B7D1853F0001253F0001D34D621082
:1042880040F29231322008B5FCF758F910B504789D
:104298008CB004F00F0402A9224603F0D3FD0EF0FF
:1042A80041FD234A042C107002D003200CB010BD2D
:1042B800204C0399236891F800E093F878C0E6450C
:1042C800F3D191F801E093F879C0E645EDD191F882
:1042D80002E093F87AC0E645E7D191F803E093F855
:1042E8007BC0E645E1D191F804E093F87CC0E6454F
:1042F800DBD191F805C093F87D108C45D5D193F8A2
:104308007E309DF819109942CFD17F280DD04FF0FB
:104318007F0C009002A9606882F800C0237C227B91
:1043280003F0FAFC03200CB010BDFFF7A9FF00BF93
:1043380010000021240D00212DE9F04F054687B01B
:1043480006290BD8DFE801F0A630100A0A0A040093
:10435800B04C60688379002B40F0C58019F084FC6C
:10436800032007B0BDE8F08F19F07EFCA94A136856
:1043780093F854108F07F3D0506881790029EFD053
:10438800A54C94F900107F2900F0EF81029129468D
:10439800127B7F2542330192FF2200920222257070
:1043A80003F012FC0320DCE79A4CAE7C60682168BD
:1043B800012E837990F80790059391F8483083F09F
:1043C800010B00F0AB80002691F85420374612F01C
:1043D800040300F0AB8091F84DE0BEF1000F00F04F
:1043E800A58091F84E80B8F1080F40F0A28091F8AE
:1043F80041800027404623B36A6891F85BC092F871
:1044080000E0E64500F04B814FF0000A62685279FF
:10441800082A05D091F84EC0944508BF4FF0010A0C
:10442800002F40F0E280BBF1000F40F032813846A7
:10443800B9F1000F40F0DB8019F016FC236893F8FF
:10444800542093078CD019F00FFC059B002B87D0C4
:104458002068AB6800F14201AA7C90F8410022F084
:1044680001FD17B9002800F058816B4E96F900300D
:104478007F2B00F07A8102932946237B0122CDE924
:104488000083D4E900307F244233347003F09CFB6E
:10449800032066E75F4C2368606893F85420570749
:1044A80019D5C279002A56D06A6893F85B10167835
:1044B8008E4200F0C98093F85620012A00F0A680A9
:1044C80093F84E30082B03D042799A4200F09E8030
:1044D80019F0CAFB60688379002B40D1C379002B9F
:1044E8007FF43EAF3AE7236893F85420960760D5E7
:1044F800494A92F900107F2900F037810291294634
:10450800257B42330195FF2500957F2515700622EE
:1045180003F05AFB00230920237422E7AA68527982
:1045280002F0C002402A7FF44EAF4DE790F80580B4
:1045380059E740460EF086F8002818BF8346002F3A
:1045480040F0DB80216891F8418091F85420404682
:1045580002F004034FE78379002B3FF4FFAE236892
:1045680093F85420960759D4D0077FF5F9AE510730
:1045780000F1F480284B93F900207F2A00F0F580A1
:104588007F200292227B29461870FF20236801921F
:10459800002200904233606803F016FB0320636832
:1045A800DA79002A7FF4DDAE9B79002B7FF4D9AE4F
:1045B800D4E6D1077FF5D2AE530700F1CC80164B75
:1045C80093F900207F2A00F0D0807F200292227B7E
:1045D80029461870D4E90030FF240192423306229C
:1045E800009403F0F1FA0320BBE6012020E72368DA
:1045F80093F85630012B06D0002B7FF41DAFBAF18B
:10460800000F3FF419AF00283FF416AF0A2007B097
:10461800BDE8F08F240D002110000021544A92F9C2
:1046280000107F2900F0A18002912946257B4233A2
:104638000195FF2500957F251570002203F0C4FA27
:10464800012309202374AAE7567893F85C108E4258
:104658007FF431AF967893F85D108E427FF42BAFDC
:10466800D67893F85E108E427FF425AF167993F8CA
:104678005F108E427FF41FAF517993F8602091420A
:104688007FF419AF697C93F85A2091427FF413AFF5
:10469800BCE74231AB68AA7C22F0E4FBC8E692F89A
:1046A80001E091F85CC0E6457FF4AEAE92F802E016
:1046B80091F85DC0E6457FF4A7AE92F803E091F863
:1046C8005EC0E6457FF4A0AE92F804E091F85FC0C2
:1046D800E6457FF499AE92F805C091F860209445BC
:1046E8007FF492AE95F811A091F85A20AAEB020235
:1046F800D2F1000A4AEB020A88E6A96840460EF0A1
:10470800ABF92168074691F8542091F8410047B366
:1047180040F0020802F004036DE6236893F8552080
:10472800023A012A3FF61CAE002E3FF419AE104E95
:1047380096F900207F2A18D002924233227B29461C
:1047480060687F240192FE2200920122347003F0F7
:104758003BFA032005E619F087FA30E719F084FAE6
:1047680008E7804602F0040345E6FFF789FD00BF2D
:10477800100000210E4A536810B5197902290CD986
:10478800197908290ED8197952690A4B92680B448D
:10479800BDE8104052F8233018474FF4A551322095
:1047A800FBF7CCFE41F2A1413220FBF7C7FE00BF68
:1047B800240D0021FDFFFF3F38B5194D6B681B79AB
:1047C800022B28D82B680446027C83F8A4201A44BC
:1047D800C168996692F8242183F820214268C3F8B9
:1047E8008820037A022B0ED018F082FF19F094FC6F
:1047F80018F05CF90B4819F057FB0B4819F04EFB01
:104808000A4819F0B1F8637C23B12B685B6E0BB1D1
:1048180001221A6038BD40F6F3013220FBF78EFE04
:10482800240D00218000002155555500D6BE898EE3
:1048380070B53A4C064663681A79032A30D01A795B
:10484800042A2DD0226892F8542092072DD1A56809
:10485800002D40D0236893F85430002B40D03EB14F
:10486800284622F0B2FF28BB284622F0C9FF08BB21
:1048780063681A79022A3DD91A79082A3FD8197922
:104888006269274B52690B4452F8233098470C2829
:104898002BD86369DB68BDE8704053F820301847AF
:1048A800186802F09BFF0546D2E7186802F098FFE7
:1048B8000546CDE763681A79022A25D91A79082AA4
:1048C80027D8197928466269154B12690B4452F8A2
:1048D80023309847DBE741F2A8313220FBF72EFE60
:1048E80041F2AE313220FBF729FE41F2C1313220CC
:1048F800FBF724FE41F28E313220FBF71FFE41F216
:104908008F313220FBF71AFE41F22E313220FBF7AD
:1049180015FE41F22F313220FBF710FE240D002145
:10492800FDFFFF3F38B5214D2C6894F84830ABB3F4
:104938006FF00043D4E920129A4208BFB1F1FF3F5B
:104948002CD01BF06BFAD4E92023904271EB0303BF
:1049580024D32C6894F848300BBB0DF05FFF054654
:104968001BF05CFA6B01EA0E5B1B62F1000252025B
:1049780042EAD3525B025B1942F1000C9A014FEAFA
:104988008C1ED21A4EEA936E6EEB0C0C53194CF136
:1049980000021B1842EB0101C4E9203138BD012097
:1049A8000EF026F80028F9D02C68D6E7240D00214F
:1049B8001B4B2DE9F04793F9008084B0B8F17F0FC5
:1049C8002CD0184C7F2281460E4667681A703B79B6
:1049D800032B1AD03B79062B0CBF4FF0030A4FF07C
:1049E800010A236803F1420518F05AFD3246009087
:1049F8002B46257B494638460195CDE9028A02F0C7
:104A0800D1FF28B904B0BDE8F0874FF0000AE8E705
:104A1800606804B0BDE8F04702F034BFFFF730FC2F
:104A280010000021240D002138B505460C460DF074
:104A3800A9FA420704D4A37803F0E003402B0DD071
:104A48000DF0A0FA830704D4A37803F0E003202B29
:104A580004D0237803F03F03242B01D9002038BD6C
:104A680018F024FD94F9003094F802C0002B627805
:104A78000CF01F03ACBF1E214FF4967142EA0323CA
:104A880001FB03F31A1AB2F5877FE7D39842E5D8FA
:104A9800054A294623881068A0F8213180F823C1E7
:104AA800BDE8384003F044BD240D00212DE9F0474E
:104AB800344E84B07568AB796BB3D6F800A0044661
:104AC80089469AF8953033B90378002B0CBF012337
:104AD80002238AF8953028790628C3B23ED0072BDE
:104AE80014BF4FF001084FF00208274890F90070F2
:104AF8007F2F45D07F23037018F0D2FC317B0AF159
:104B0800420300904A46019128462146CDE90278A1
:104B180002F048FF20B90025284604B0BDE8F08718
:104B2800657815F010051CD0A1690220FFF77CFFFD
:104B38000546E8B10023326882F896306369DBB134
:104B48005978C1F3031182F8971059781B7801F04E
:104B58000F0143EA0123A2F89830DDE74FF003087C
:104B6800C3E7706802F08EFE284604B0BDE8F087FF
:104B7800706802F0C7FECFE7FF2382F89730CBE7D3
:104B8800FFF77EFB240D00211000002110B504461C
:104B98008AB00EF0C7F8194A2378107003F00F0393
:104BA800072B02D001200AB010BD2046694603F049
:104BB800E7F9684603F0D2FA9DF80030002BF1D1EE
:104BC8009DF80130DB07EDD50D4C019922689DF861
:104BD800110002F1780392F87E2022F043F90028B0
:104BE800E0D020680121A03021F084FEFF21684632
:104BF800FFF75CFF0028D5D00220D4E71000002181
:104C0800240D00212DE9F04304468BB00EF08AF8FC
:104C1800404A2378107003F00F03082B04D00125B5
:104C280028460BB0BDE8F0836946204603F03EF9FC
:104C38009DF80050002DF2D19DF8013003F00303D8
:104C4800032BECD1344E376897F84D308BB397F877
:104C58004E90737B8BBB4FF0000807F1780397F8F1
:104C68007E2001999DF8110022F0FCF810B9B8F1E6
:104C7800000FD4D097F84820376897F8418042371A
:104C8800002A36D19DF812000299012821D03B460E
:104C9800424622F0E7F80028C1D030680121A03050
:104CA80021F028FE737B6BBB21460120FFF736FA03
:104CB800B6E7736893F80590CBE722F017F9082850
:104CC800C9D0A0EB09083073B8FA88F84FEA581829
:104CD800C3E74B7903F0C003402BD8D13B4642468B
:104CE80022F0C0F80028D8D1029948460DF0B4FE49
:104CF800D1E748460DF0EAFE0028C3D007464FF03A
:104D08000108BFE719F008FA17F0D0FE0023737303
:104D1800CAE700BF10000021240D0021F0B5534F51
:104D280085B03B6893F89430CBB1437804461B07B1
:104D380015D503789BB93B680E46D3F890005030E0
:104D480023F0AAFE054650B93B68D3F89000827D4F
:104D58004AB963695978837AB3EB111F03D00025E8
:104D6800284605B0F0BD6368002B52D079684979B0
:104D780008292ED0084602AA0DF107010DF054FDAE
:104D8800064600286DD03B68D3F89000837D002B41
:104D98004BD0636902A99DF807005A7812091FF0E1
:104DA80065F90028DCD03B68BDF80C10D3F89020DA
:104DB80002981182D0609DF80710D3F89020D17224
:104DC8006369012135465B789174C3F303139372C9
:104DD800C6E7002A37D062691946607C5278120902
:104DE8001FF044F90028BAD0636939685A78D1F8B5
:104DF8009030C2F303129A7262681068D860928881
:104E08001A82D1F89030627CDA72002201259A74F5
:104E1800A6E726B3012EA2D17B68186802F0F4FF3A
:104E280000289CD07B681D7A9AE700F10C0102AB40
:104E38009DF80720C07A22F015F8002890D03B682A
:104E4800D3F89020BCE700F10C01627CC07A22F014
:104E580009F8002883D03B68D3F89030D5E70125BE
:104E68007EE740F6CC713220FBF768FB240D002169
:104E78004378F0B50446580687B071D4227803F019
:104E88001F0352EA03236BD008466188052967D9B6
:104E9800227A6368C2F3040253EA020560D0344DF3
:104EA8002D68002D5ED000285CD0A847002857D078
:104EB800304E0121227A3068C2F304026368D0F8C8
:104EC800905069768DF814201A0A8DF8103005F183
:104ED8001E008DF811201A0C1B0E04A98DF8122043
:104EE8008DF8133022F00CF9628840F2E24303FB9C
:104EF80002F2637BAA67D4F809202A60A27B43EAFE
:104F08000223E27B43EA0243227A6B60C2F3421235
:104F1800238A85F89220013B3268A5F8623092F81E
:104F28002031EB75637825789A0603F01F0354BF88
:104F38001E224FF4967245EA0323174602FB03F537
:104F480018F01EFB0B46218A024630680631D0F85D
:104F5800900089B201975030009502910FF03EFB06
:104F680007B0F0BD034E3168D1F89050AAE700BFF2
:104F78007C000021240D00212DE9F04FDFF8E8A086
:104F88009346847C83B0DAF800200646012C8946D3
:104F980092F84870984687F0010738D000249AF8AC
:104FA8000D502346E5B192F85410490721D4726890
:104FB800A2B3DAF804205579082D22D028460193A7
:104FC8000DF040FB019B002818BF0746EBB19AF88B
:104FD8000F307BB321F094FF002305468AF80F3089
:104FE8008BF8005089F8004088F8007003B0BDE8DD
:104FF800F08F92F84D100029D9D092F84E50082D14
:10500800DCD113B19AF80E10D1B10025E8E7836816
:105018005B7903F0C003402BC0D1C0E7DAF8042065
:105028000193106802F0F0FE019B0028C1D1002B0B
:10503800EBD0E7E72846B1680DF00EFD0546CFE74F
:10504800B06801910DF008FC05468AF80D000028AB
:10505800C6D021F04BFF0828019903D0DAF80430B4
:105068005871BDE70D46BBE7240D002108B5054B77
:10507800586802F007FC0DF055FE034B024601206C
:105088001A7008BD240D0021100000212DE9F843F5
:105098007A4C002205468846A368276818461A8075
:1050A80018F04EFF064600283AD0032D52D0052DA1
:1050B8005AD0A068BB6FC0F80930B7F87C30A0F8A8
:1050C8000D3097F87E1022F070F9236893F8482085
:1050D80003F1420793F84180A2B93B684146A068B2
:1050E800C0F80330BB88A0F8073022F051F9644BB0
:1050F800D3F80431002B40F0BB80052D1DD030467D
:10510800BDE8F88393F8542052070FD463685879A0
:105118000DF0DCFC0028E0D007464FF00108DCE782
:1051280003200EF0B7F83046BDE8F88393F84D2019
:10513800002AEBD093F84E00EAE723683046396836
:105148001A6DC2F80A10B988D1811B6D83F80980DD
:10515800BDE8F883A0680C234370037823F00F039D
:1051680043F003030370A5E7D4F8089022232268CC
:1051780099F8001089F8013021F02F0141EA481808
:1051880048F0050889F80080136D1B6AC9F80F30CC
:10519800116D8B6A180A89F813301B0C89F81400F2
:1051A80089F8153091F87E30088E002B4CD1354B9C
:1051B800A3FB00C0D1F82CC0A3FB0CC3800AC3F327
:1051C8008F2389F817301B0A89F8160041F270708E
:1051D80089F81830CB69A3F57A7C844540D92948E9
:1051E800A0FB0303C3F38F2389F819301B0A89F83E
:1051F8001A308B8C89F81B301B0A89F81C30CB8C31
:1052080089F81D301B0A89F81E30D1F89730C9F883
:105218001F3091F89B3089F82330136D99F82420BA
:1052280093F8A23022F01F0203F01F03134389F8FA
:1052380024300CF0CDFE99F8243003F01F0343EA24
:10524800401389F8243034E70F4BA3FB00C0D1F892
:105258002CC0A3FB0CC3C0F34710C3F34F13B0E734
:105268000A48A0FB03039B0903F550639BB2BBE705
:1052780040F234613220FBF761F900BF240D0021B0
:10528800008000415917B7D11F85EB51D34D6210EB
:1052980038B5154C236893F854309B0718D1A56886
:1052A800E5B12368FF2093F8201118F0AFF92846DC
:1052B80018F010FE236893F82031033B012B94BFAC
:1052C8002820002018F0DEFE636807221A7138BD16
:1052D8006368186802F084FA0546E1E740F2135162
:1052E8003220FBF72BF900BF240D002138B51E4CE6
:1052F8000E20236893F8201118F088F9236893F892
:1053080054309B0724D1A56845B3284618F0E2FD20
:10531800236893F82031033B012B94BF28200020F9
:1053280018F0B0FE2368681D93F820510DF0C2FAFA
:10533800607348B1033D012D94BF5525502517F0E2
:1053480099FB284618F0DCFE636808221A7138BDFC
:105358006368186802F044FA0546D5E74FF4A0617F
:105368003220FBF7EBF800BF240D002170B50D4D7E
:105378000222D5E900031A7103F032FF00B170BDB3
:105388002E68044606F16C0002F0BCFA2868A6F8FC
:10539800214186F8234186F87040BDE8704004F04A
:1053A8007DB800BF240D002110B50A4C0DF0BAFCE1
:1053B800094A637B10701BB918F056FC032010BD16
:1053C80018F0AAFE17F072FB0023637318F04CFC68
:1053D800032010BD240D00211000002170B52D4CB4
:1053E8000546236893F823215F2A2CD851092A4AB5
:1053F800565C93F8210100F03F0018F0BFFA2368CB
:1054080093F9580018F0AAFAFDB123683246012032
:10541800996E18F0CDFB2368314693F89630022B2D
:105428000CBF4020FF2018F0F1F8236893F85420AF
:10543800920710D193F89530A568B3B12846BDE816
:10544800704018F047BD0026D3E73246732101208B
:1054580018F0AEFBDFE76368186802F0C1F923684B
:10546800054693F89530002BE8D1681D0DF022FA17
:1054780060730028E2D0033E012E94BF55245024C7
:1054880017F0F8FA204618F03BFE2846BDE87040B1
:1054980018F020BD240D0021A4500301F0B52F4CB5
:1054A80083B00646236893F823215F2A30D8510930
:1054B8002B4A575C9A6E7ABBD3F8880018F07AFDAD
:1054C800256895F854309A0703D595F89620022A4E
:1054D80033D05B072DD46368186816BB02F094FCC0
:1054E80063680646186802F095FC024605F19A00C2
:1054F8002568314695F8963095F82051009502F0C8
:10550800D5FD2268002382F82071A37303B0F0BD93
:105518009A6E0027002ACFD00120FFF75FFF23688B
:10552800CAE702F083FC014605F19A0002F0B4FDD7
:10553800E7E795F89630012BCDD1FB1E012B05D955
:105548003946002018F0C6FE2568C4E795F859309A
:10555800012B14BF39460321F3E700BF240D0021B6
:10556800A450030110B50B4C637B63B9A1680020FC
:10557800FEF7D4FD23680022A3F8212183F8232114
:1055880083F8702010BD18F0C7FD17F08FFA0023BC
:105598006373EBE7240D002110B50E4C637B8BB9C8
:1055A80000220120D4E90031087103F16C00A3F84E
:1055B800212183F8232102F033F92068BDE8104047
:1055C80003F06CBF18F0A8FD17F070FA002363739E
:1055D800E6E700BF240D002107292DE9F04F0D460D
:1055E80087B004469146476803D12FB9002A00F0D6
:1055F800BD80002F00F08480637CDFF8A482012B3B
:1056080044D0D8F80430587908285AD00DF10F0141
:1056180004AA0DF009F9002800F0388104A99DF8C2
:105628000F0023F01DF80746D8F8001091F854C071
:105638001CF0030A6DD1D8F8046086F806A091F82A
:10564800543013F0040340F0BA80F371954B1B6893
:105658002BB14946204698473072D8F804606368F1
:105668004BB1617CD8F8002082F87E1019689167E8
:105678009B88A2F87C30337A002B00F00C81072D30
:10568800A06800D188BB07B0BDE8F08F7B7903F034
:10569800C003402BB5D1072D98F80D3000F0BC8021
:1056A800002BAED0D8F8046021F020FCD8F80430E4
:1056B800707158790123082888F80C0088F80E3092
:1056C800A4D16168607C22F0CBFFD8F8042007469B
:1056D80061680532607C0CF0DDFF03460028A3D129
:1056E800D8F80460F0803072C9E771790829CAD007
:1056F800002BC8D00DF0CEF8012388F80F30C2E790
:10570800DFF89C81D8F8001091F854C01CF0030A07
:1057180091D0062D91F84CA0D8F804606AD9082DCC
:105728006DD896F806B08BF00103B9F1000F0CBFE5
:10573800002303F00103002B61D16268002A59D1CC
:10574800B9F1000F40F08D806278D00640F1898071
:1057580001201CF0040FB0713FF477AF91F84D3081
:1057680096F807A0D2066ED501236EE7DFF83081E0
:10577800D8E9001091F8543013F0030218BF012241
:1057880013F00403827105D02378A3F10103B3FA5F
:1057980083F35B09C37191F89430002B3FF473AF26
:1057A800D8F80030D3F89000503023F075F900286D
:1057B8007FF469AFD8F8043001221A7263E7062D26
:1057C80091F84D3004D8002B7FF43FAF3B463CE7BF
:1057D80096F807A0082D1DD8BAF1010F02D0B9F12B
:1057E800000F17D16268002AEDD1B9F1000F2AD154
:1057F8006278B7E7BAF1000F08BFBA461DE7002381
:10580800B3711CF004033FF420AF91F84D3096F8C3
:1058180007A0DFE7002318E7002B3FF4F2AEB9F149
:10582800000F7FF43FAFD8F8003093F8201101291A
:105838007FF438AF38460DF00FF888F80D000028CF
:105848003FF4DFAE2EE73068019302F0DDFA1AEA82
:10585800000702D1019B9BB11F46D8F804603B4664
:10586800F3E6306802F0D0FA1BEA000B0CD1BAF16B
:10587800000F02D10CF008FF8246D8E90016DCE6DA
:105888000CF002FF0746E8E7DA46F6E74FF43A611C
:105898003220FAF753FEF388003B18BF0123EEE6E7
:1058A800240D00217800002110B5104C0DF03AFAB3
:1058B8000F4A637B10708BB900220120D4E90031B4
:1058C800087103F16C00A3F8212183F8232101F06A
:1058D800A7FF2068BDE8104003F0E0BD18F01CFCED
:1058E80017F0E4F800236373E6E700BF240D0021F6
:1058F8001000002110B50F4C606802F003F8637BBC
:105908008BB900220120D4E90031087103F16C0041
:10591800A3F8212183F8232101F082FF2068BDE844
:10592800104003F0BBBD18F0F7FB17F0BFF80023D9
:105938006373E6E7240D002110B5114C606801F08F
:10594800E1FF0DF0EFF90F4A637B10708BB900226D
:105958000120D4E90031087103F16C00A3F821217A
:1059680083F8232101F05CFF2068BDE8104003F0B4
:1059780095BD18F0D1FB17F099F800236373E6E79B
:10598800240D00211000002110B5134C0DF0CAF9A8
:10599800124A00212368107003F1A00020F0AAFF2A
:1059A800637B8BB900220120D4E90031087103F12F
:1059B8006C00A3F8212183F8232101F031FF20682E
:1059C800BDE8104003F06ABD18F0A6FB17F06EF8AA
:1059D80000236373E6E700BF240D002110000021B7
:1059E80010B5144C606801F04DFF0DF09BF90246AC
:1059F80020680021104BA0301A7020F07BFF637BD9
:105A08008BB900220120D4E90031087103F16C0040
:105A1800A3F8212183F8232101F002FF2068BDE8C3
:105A2800104003F03BBD18F077FB17F03FF8002358
:105A38006373E6E7240D00211000002110B5002152
:105A48000320164CFFF722FB20B10321206802F047
:105A58006FFD98B9637BCBB900220120D4E90031EE
:105A6800087103F16C00A3F8212183F8232101F0C8
:105A7800D7FE2068BDE8104003F010BD012108469C
:105A880018F028FC636809221A7110BD18F044FB4D
:105A980017F00CF800236373DEE700BF240D002124
:105AA80010B51C4C0C220121D4E900031A7103F033
:105AB8001FFD00210520FFF7E9FA20B10621206823
:105AC80002F036FD98B9637BEBB900220120D4E9D6
:105AD8000031087103F16C00A3F8212183F8232118
:105AE80001F09EFE2068BDE8104003F0D7BC236893
:105AF800012093F8201118F0EDFB236801221B6D9B
:105B080083F8962010BD18F007FB16F0CFFF00238E
:105B18006373DAE7240D002170B5244C236893F8E9
:105B280023215F2A29D85109214A565C9A6E42BB23
:105B3800D3F8880018F03EFA256895F854309A078B
:105B480003D595F89620022A20D05B0703D595F84F
:105B58009630012B1AD06368186802F067F901467D
:105B680005F19A0002F098FA002221686368A2738E
:105B7800062281F820611A7170BD9A6E0026002AEB
:105B8800D6D00120FFF72AFC2368D1E7F31E012BAA
:105B980005D93146002018F09DFB2568DBE795F80C
:105BA8005930012B14BF31460321F3E7240D00219E
:105BB800A450030138B5154C0521206802F0B8FC43
:105BC80048B12368012093F8201118F083FB63681B
:105BD8000B221A7138BD637B8BB900220120D4E9EE
:105BE8000031087103F16C00A3F8212183F8232107
:105BF80001F016FE2068BDE8384003F04FBC0546AA
:105C080018F08AFA16F052FF6573E6E7240D0021B2
:105C180038B5234C6368186801F0E0FD00283AD0D5
:105C280063680A22054600211A71206803F060FCA7
:105C380022682B780520126D92F8965005EA5315C4
:105C480005F001052946FFF721FA48B1042120682B
:105C580002F06EFC20B123681B6D83F8965038BDA6
:105C6800637B8BB900220120D4E90031087103F16C
:105C78006C00A3F8212183F8232101F0D1FD2068CD
:105C8800BDE8384003F00ABC18F046FA16F00EFFDB
:105C980000236373E6E74FF4AB613220FAF74EFC5A
:105CA800240D0021F0B52C4C83B0236893F82321F0
:105CB8005F2A37D85109294A575C9A6E002A35D18C
:105CC800D3F8880018F076F9256895F854309A07C3
:105CD80003D595F89620022A2DD05B0703D595F8B1
:105CE8009630012B27D06368186802F08DF8636836
:105CF8000646186802F08EF8024605F19A002568F3
:105D0800314695F8963095F82051009502F0CEF975
:105D1800002221686368A273052281F820711A7134
:105D280003B0F0BD9A6E0027002AC9D00120FFF702
:105D380055FB2368C4E7FB1E012B05D93946002013
:105D480018F0C8FA2568CEE795F85930012B14BF2A
:105D580039460321F3E700BF240D0021A4500301B5
:105D6800012910B512D188B91D4A53681979082933
:105D78002BD919790C292DD819795269194B5268E0
:105D88000B44BDE8104052F823301847144C6068A3
:105D980001F0B8FD637B8BB900220120D4E9003102
:105DA800087103F16C00A3F8212183F8232101F085
:105DB80037FD2068BDE8104003F070BB18F0ACF95F
:105DC80016F074FE00236373E6E741F27041322057
:105DD800FAF7B4FB41F271413220FAF7AFFB00BF8A
:105DE800240D0021F7FFFF3FF0B55B4C83B020681E
:105DF8006C3001F015FD656801F0C2FC636828602D
:105E08001868002800F0A28001F0E8FC0546002888
:105E180000F09780236893F8A630002B55D1D4E979
:105E2800000290F8A430034493F8247180F820719C
:105E3800137913B11379012B60D190F8A520474B42
:105E48001344187917F09AFD236893F8A420134493
:105E580093F82461022E4FD030D9F31E012B2FD88E
:105E680001F088FC80B2314617F0D0FB284618F0C4
:105E780031F83146012017F099FD012F34D0681D03
:105E88000CF018FD607348B1033F012F94BF5525EE
:105E9800502516F0EFFD284618F032F962680821FF
:105EA80000232068517121730321D3801372E38189
:105EB80080F895302374117103B0F0BD012ECFD056
:105EC80040F2F3713220FAF739FB236893F8542033
:105ED80093F8A700196D0243C3F8101183F85420F2
:105EE800002283F8A6209AE7E81C0CF0E3FC607314
:105EF8000028D3D04025CCE70D20B4E7002102F0DC
:105F080017FB08B1206898E7637B93B9002201204A
:105F1800D4E90031087103F16C00A3F8212183F85A
:105F2800232101F07DFC206803B0BDE8F04003F0B8
:105F3800B5BA019018F0F0F816F0B8FD0198607342
:105F4800E4E740F24B413220FAF7F8FA40F24941CF
:105F58003220FAF7F3FA00BF240D0021A450030100
:105F680008B50CF0DFFE044B187017F07DFEBDE895
:105F78000840FFF739BF00BF1000002110B50C4CD6
:105F88000CF0D0FE0B4A637B10702BB917F06CFE37
:105F9800BDE81040FFF728BF18F0BEF816F086FDE0
:105FA8000023637317F060FEBDE81040FFF71CBFC5
:105FB800240D00211000002110B50446FEF7FCFB5B
:105FC800237A032B51D0012B58D040D8334C344975
:105FD800226892F8A53092F84B000133A1FB03CE5A
:105FE8000EF4FF7C0CEB5E0CA3EB0C0340FA03FEF3
:105FF8005FFA83FC1EF0010F19D10133A1FB03CE18
:106008002EF0010C0CEB5E0CA3EB0C0340FA03FE24
:106018005FFA83FC1EF0010F09D10133A1FB03C114
:1060280021F0010C0CEB51015B1A5FFA83FC82F83A
:10603800A5C092F9580017F091FC2368002283F854
:106048009520FFF7D1FEBDE81040FEF76BBC023B80
:10605800012B09D8114C236893F8950088B9FFF7EC
:106068001DFA636805221A7110BD0C4B1B68986EE7
:1060780070B9FFF7B3F9237A012BA6D1074C226830
:10608800D7E70120FFF70AFA636806221A7110BDE4
:1060980040F638113220FAF751FA00BF240D0021DA
:1060A800ABAAAAAA2DE9F047A84F86B0D7F8008076
:1060B80098F857305BB17E680546B37963B12C78A0
:1060C800012C12D0022C00F0DC80002C50D00324CC
:1060D800204606B0BDE8F087F279002AEFD1327A7F
:1060E800002AF4D02C78012CECD198F82031022B1E
:1060F8006B7800F0098103F01803182BE7D198F8A2
:1061080054305A0700F10681914B93F900407F2CD7
:1061180000F081817F221A7017F0C2F9397B08F1EB
:1061280042030090FF22019100213046029403911E
:10613800294601F037FC0028C9D0A9690120FEF7DB
:1061480073FC0028C3D03B68012283F89620696954
:10615800002900F0F0804A780978100902F00F024F
:1061680041EA0222A3F89820022483F89700AFE7B7
:1061780098F854209107AAD013B9337A002BA6D0E7
:106188006B7813F0100FC3F3001614BF0822012216
:1061980032EA03039BD10023AA688DF815308DF8E5
:1061A80016308DF81730002A00F0F3800DF1170330
:1061B8000DF116010DF115022846FEF7DDFE3968CE
:1061C8009DF8153091F84180002B40F01181423143
:1061D800AB68AA7C404620F045FE90B93B6893F82E
:1061E8005530023B012B3FF672AF9DF81630002B5D
:1061F8003FF46DAF9DF81530002B7FF468AF4FF07A
:10620800FE08002E00F0C880514A92F900607F2EE7
:1062180000F001813B684FF00009D7F804A003F1B2
:1062280042047F23137017F03BF9397B2346009013
:1062380042460191504629460296CDF80C9001F04D
:10624800B1FB00283FF443AFA9690120FEF7ECFB3E
:1062580000283FF43CAF3B6883F896906A69002AAF
:1062680000F0D48051780224C1F3031183F8971009
:106278005178127801F00F0142EA0122A3F8982020
:1062880026E798F854309B073FF421AF6B7803F06A
:106298001803182B7FF41BAF2D4B93F90090B9F11D
:1062A8007F0F00F0B8807F221A7017F0F9F83A7B58
:1062B80008F1420300902946019200223046CDF8A9
:1062C80008900392FF2201F06DFB00283FF4FFAE17
:1062D800A9690120FEF7A8FB00283FF4F8AE3A6848
:1062E80082F896406B69002B00F08C805978C1F3D6
:1062F800031182F8971059781B7801F00F0143EACF
:106308000123A2F89830E3E603F01903192B3FF4B0
:10631800F6AEDCE66B68EBB9AB68002B7FF4D7AE62
:10632800AB699B7813F0E00307D198F84930002B4C
:106338007FF4EAAECBE6FF2016E7402B7FF4E4AE0D
:1063480098F84A30002B7FF4DFAEC0E6240D002118
:106358001000002108F15B0398F85A2008F1780131
:1063680098F87E0020F07EFD7E68D7F8008073796B
:10637800082B03D098F84E209A423CD098F8563013
:10638800012BC9D0002B7FF4A2AE00283FF49FAEAA
:10639800C2E74FF0FF0834E7204B93F900A0BAF1A9
:1063A8007F0F38D0D7F804907F221A7099F80430FC
:1063B800032B05D099F80430062B0CBF03240124C5
:1063C8003B6803F1420617F06BF8424600903346EB
:1063D80029464846CDE902A43C7B019401F0E2FA43
:1063E80000283FF474AE7868032401F04BFA6FE696
:1063F80048F0020805E798F85630012B8CD0002B9E
:106408008AD064E6FF2382F8973061E6FF220224EF
:1064180083F897205CE6FDF733FF00BF10000021EA
:1064280030B505468BB00CF07DFC414B2C7802460C
:106438006946284604F00F041A7001F0A1FD3D4D8D
:10644800072C51D02B6893F8542012F0060210D173
:1064580021466846FFF7C0F82B6893F82031042BD3
:106468001BD8022B1ED903246B7B6BBB20460BB0B9
:1064780030BD93F8A420134493F82421012A52D064
:10648800002221466846FFF7A7F82B6893F82031C9
:10649800012B0CD0023B022BE5D941F229213220F5
:1064A800FAF74CF8012B02D0022BDCD0F5E7062CCA
:1064B80002D012D8022C32D821466846FDF73CFF9C
:1064C8006B7B0446002BD1D017F026FE16F0EEFAAF
:1064D800002320466B730BB030BD072C1FD16846D4
:1064E800FFF7E0FD0446BFE72B68684693F82011E4
:1064F80001F082FD002221466846FFF76DF82B68FF
:1065080093F82031042BC8D8022BE8D8012BE6D009
:10651800022BC2D19DF80030012BA4D1DFE7032460
:1065280017F0A2FBA0E79621002017F057FBA7E77A
:1065380010000021240D00212DE9F04F93B0A34C49
:106548000D4608A901F01CFD206808A99A3001F041
:10655800D7FD23689DF8201093F89620914205D125
:10656800032D17D09DF82120110752D4606801250A
:1065780001F0C8F9637B1BB9284613B0BDE8F08F5A
:1065880017F0CAFD16F092FA00232846637313B079
:10659800BDE8F08F93F89720FF2AE3D108A82A4690
:1065A8000721FFF719F86068C3881BB9037A002B25
:1065B80000F0E58000230A9E8DF81D308DF81E300E
:1065C8008DF81F30B6B30DF11F030DF11D020DF14B
:1065D8001E0108A8FEF7D0FC23689DF81D8093F8DB
:1065E8004170B8F1000F01D047F002079DF8205024
:1065F8009DF81E90012D9DF81F6022D0022D00F0FD
:10660800B280002D00F094806068012501F07AF9CD
:10661800B0E70D9993F897004A78B0EB121FA5D10F
:10662800097802F00F02B3F8983041EA02229A4240
:106638009CD1B3E79DF82050B146B046FF27012D05
:10664800DCD19DF82130206803F0090290F89A10F7
:10665800092A05D0002900F090801A0740F18D80A2
:1066680090F8543062685B0719D5D379BBB100291B
:1066780000F038810A9B002B00F02C81B8F1000F44
:1066880040F028815EB100F142019DF8322090F877
:10669800410020F0E7FB002840F01B8162689379F5
:1066A800002B6AD0266896F854309B0765D09DF871
:1066B800213013F0020A00F0E680B8F1000F0AD189
:1066C8000A9B06F142019DF8322096F8410020F01D
:1066D800C9FB00286BD03E4B93F90090B9F17F0FAE
:1066E80000F0BE81D4F804807F221A7098F8043034
:1066F800032B00F04A8198F80430062B0CBF4FF0AA
:10670800030A4FF0010A236803F1420616F0C8FE97
:106718003A4600903346267B08A940460196CDE9C3
:10672800029A01F03FF940B3606801F0ABF821E745
:10673800206890F854309D071FD09DF821309907A4
:106748004AD4FF2763681B7A33B1224B1B681BB1FD
:106758000F9808B111999847394608A8FEF7A6F985
:1067680058B1022506E7256895F854309A0704D0F1
:10677800D4F804A09AF806202AB90125FAE60125DA
:1067880001F0C0F8F6E69DF8212002F00901092978
:10679800F3D113F0020B38D012F0020100F0C380DD
:1067A800B8F1000F40F02381002E40F014812368D7
:1067B80093F85530023B012BDFD8B9F1000FDCD03C
:1067C800FE2108A80125FEF7F3F8D3E6240D0021E1
:1067D8001000002174000021B8F1000FB2D100F1BF
:1067E80042010A9B9DF8322090F8410020F03AFBC4
:1067F8000028A7D1236893F85530023B012BBCD859
:10680800B9F1000FB9D0FE279CE712F0020600F09C
:10681800BF80B8F1000F0AD10A9B05F142019DF82B
:10682800322095F8410020F01DFB0028BFD08D4B89
:1068380093F90080B8F17F0F00F0128166687F221B
:106848001A703379032B06D03379062B0CBF4FF01F
:10685800030B4FF0010B236803F1420516F020FEED
:106868003A4600902B46257B08A930460195CDE98C
:10687800028B01F097F800283FF47FAF606801258C
:1068880001F000F876E6774B93F900707F2F00F05F
:10689800E7807F2119701379032B06D01379062B13
:1068A8000CBF4FF0030A4FF0010A059216F0F8FDED
:1068B800059A06F14203009008A91046227BCDE90B
:1068C800027A0192FF2201F06DF800283FF455AFDB
:1068D8002AE72068A03020F02FF800283FF4DEAE29
:1068E8000C2547E600F15B0390F85A2000F1780187
:1068F80090F87E0020F0B6FA626803462068517965
:10690800082904D090F84EC08C4500F0A08090F87B
:10691800561001293FF4AEAE00297FF4C0AE002B1B
:106928003FF4BDAEA6E64F4B93F90080B8F17F0F58
:1069380000F096807F2203201A70FEF7A7FB2368D9
:106948000546D4F8049003F1420616F0A9FD3A462C
:1069580000903346267B08A9484601960126CDF8C3
:106968000880039601F01EF8002D3FF406AF0028BA
:106978003FF403AF2068A0301FF0DEFF002864D189
:106988006068354600F07EFFF4E54FF0000ABAE68D
:10699800344B93F900707F2F62D07F221A709AF8D7
:1069A8000430032B05D09AF80430062B0CBF0326BD
:1069B800012616F075FD05F14203257BFF220090A4
:1069C80008A950460195CDE9027600F0EBFF0028B2
:1069D8003FF4D3AE52E70A9B05F142019DF83220FD
:1069E80095F8410020F03EFA00283FF4E0AE1D4B38
:1069F80093F90080B8F17F0F32D07F220021032065
:106A08001A70FEF743FB23680546D4F8049003F197
:106A1800420616F045FD3A4600903346267B08A903
:106A2800484601960126CDF80880039600F0BAFF83
:106A3800002D3FF4A2AE00283FF49FAE2068A0309E
:106A48001FF07AFF00283FF498AE0B2592E590F8E6
:106A58005630012B3FF40EAE002B3FF40BAE1EE672
:106A6800FDF70EFC1000002110B504460CF05AF991
:106A7800094A2378107003F00F03072B05D120462D
:106A88000121BDE81040FFF757BD044B586800F0DE
:106A980039FF012010BD00BF10000021240D002186
:106AA80010B504460CF03EF9094A2378107003F03B
:106AB8000F03072B05D120460321BDE81040FFF73F
:106AC8003BBD044B586800F01DFF012010BD00BFFE
:106AD80010000021240D002190F83E00003818BF56
:106AE80001207047007A003818BF0120704700BFA6
:106AF800036D10B583B10222FF21044642721A8841
:106B08004FF6FF7380F8271003850649428121F06C
:106B1800C4F80023236510BD4FF456713220F9F7ED
:106B28000DFD00BF853F000138B501210546002055
:106B3800FAF7A6FD20B3044601F066FC02E094F8DB
:106B480070301BB194F87030012BF8D13F2200212E
:106B580020461CF025FB002340F20111072284F88F
:106B6800543084F8A530A4F84C1084F8585084F8B0
:106B78004B20636684F89430C4F8903084F8A630CB
:106B880001210846FAF77CFD044618B301F03CFCE5
:106B980002E094F870301BB194F87030012BF8D1F2
:106BA8003F22002120461CF0FBFA002340F201118D
:106BB800072284F8543084F8A530A4F84C1084F8DF
:106BC800585084F84B20636684F89430C4F89030A9
:106BD80084F8A630BDE8384000F0C2BDF8B50346D9
:106BE8001C4E0F4600200121B360FAF70BFD38B3A5
:106BF8004FF49472002104461CF0D2FA0121084691
:106C0800FAF700FD054688B14FF4947200211CF094
:106C1800C7FA7369CBB13846FFF786FF204601F003
:106C2800D5FB2846BDE8F84001F0D0BB736963B1D5
:106C38003846FFF779FF2046BDE8F84001F0C6BBAB
:106C480040F67C013220F9F779FC40F686013220C3
:106C5800F9F774FC240D0021014B024A5A61704770
:106C6800240D00211C01002103490448044B054A56
:106C780008601A60704700BF74000021794E000157
:106C880078000021254D0001036810B54BB1074A73
:106C980003F16C045169C2E900340B68BDE8104087
:106CA800184740F667113220F9F748FC240D0021F7
:106CB80010B50F4C606800F025FE637B8BB900228D
:106CC8000120D4E90031087103F16C00A3F82121F7
:106CD80083F8232100F0A4FD2068BDE8104002F0ED
:106CE800DDBB17F019FA15F0E1FE00236373E6E740
:106CF800240D002180F84B10704700BF11F00103EC
:106D08001FD04FF0010C0222634680F824C111F015
:106D1800020F0ED000EB030C490700B54FF0020E2E
:106D28008CF824E103D51044042380F824315DF85D
:106D380004FB4A0704D51844042380F8243170471B
:106D480070470122E3E700BF80F85710704700BF83
:106D580038B5054690F84000A0F1020CBCF1010FCF
:106D680098BF00290CBF0124002408D010F0FD0FA3
:106D7800BDE8384014BF012000200BF009BB12F019
:106D8800FD0F194614BF0120002020F0A5F808289F
:106D980001D0204638BD95F84000E7E790F840302C
:106DA80013F0FD0F14BF012000200BF0F1BA00BF53
:106DB80090F8A6303BBB10B5044603F0FF0094F8EA
:106DC8005430022B07D0012B08BF04290CBF012027
:106DD800002002D010BD0429FCD1D4F81031A3B989
:106DE800236DBBB10DF0B6FD216D04F1E80001F093
:106DF80007FC0DF0B5FD042384F8A730FF2384F8C1
:106E0800A630012010BD0020704740F6E611322060
:106E1800F9F794FB40F6E7113220F9F78FFB00BF32
:106E280080F84010704700BF38B590F840300446ED
:106E380000F1420113F0FD0F14BF0120002084F877
:106E480041000BF08DFA94F84030023BDBB2012B85
:106E580094BF0123002384F8483000D938BD0BF0D3
:106E6800DDFC054618F0DAFF6B01EA0E5B1B62F1E8
:106E78000002520242EAD3525B025B1942F1000C53
:106E88009A014FEA8C1ED21A4EEA936E6EEB0C0CE6
:106E980053194CF100021B1894F8480042EB010109
:106EA800C4E920310028D9D000200BF0A1FD00282A
:106EB800D4D140F60F213220F9F740FBB1F1000C94
:106EC8004FF0080110B504460CBF0120002084F8DB
:106ED80056C084F84D0084F84E1009D112F0FD0F09
:106EE800194614BF012000201FF0F6FF84F84E0059
:106EF80010BD00BF08B5A2B180F85A10D2F800C082
:106F0800036DC0F85BC090F841109288A0F85F202C
:106F18005972D0F84220C3F80A20B0F84620DA8126
:106F280008BD40F62D213220F9F708FB80F84910FA
:106F3800704700BF80F84A10704700BFF0B5D0F81E
:106F4800C8409DF814E0944203D190F840208A424A
:106F580001D00020F0BD1EF0020190F81D5123D091
:106F68000024A4462146224611E0314300EB820268
:106F780053F82C600CF101070134D2F8CC205FFAE9
:106F880087FC7632B242E4D1E2B2954228D3861821
:106F980096F82461F71E012FE7D80CF1010C41F097
:106FA80004015FFA8CFCE1E70E460A4601E09542CF
:106FB80016D38418013694F82441E71E012F53F89C
:106FC800227088BF214300EB820498BF41F004017E
:106FD800F2B2D4F8CC4004F1760C6745E7D0B8E7B4
:106FE8000EF00500401AB0FA80F04009F0BD00BF6D
:106FF80090F85430024659070DD413F0030000D11D
:10700800704792F8550000F0FD00A0F10100B0FAB9
:1070180080F04009704790F85600A0F10100B0FADE
:1070280080F04009704700BF012938B5044610D0E8
:1070380094F8543004F16C059B071AD1284600F0E7
:10704800EFFB0023A4F8213184F8233184F8703051
:1070580038BD0A4D6B7B002BEAD017F05DF815F0B0
:1070680025FD00236B7304F16C0594F854309B07DD
:10707800E4D0284600F046FCE0E700BF240D0021DC
:10708800A0301FF062BC00BF0149363020F008BEB6
:10709800493F000110B5012104460020FAF7F0FA33
:1070A80078B3637880F85430227812F0010323D142
:1070B800012112F0020F05D000EB030C0B46022150
:1070C8008CF82411520703D50344042283F82421A1
:1070D800A37880F84030E37813F0FD0F80F855303E
:1070E8000CBF0123002380F84C30237980F84B3003
:1070F800637980F8573010BD0123022180F82431CC
:10710800D7E740F6C6213220F9F718FA10B5044639
:107118006C3000F0F7FB0023A4F8213184F8233108
:1071280084F8703010BD00BF10B50121044600205E
:10713800FAF7A6FA68B1034690F8942002F0FF0027
:107148002AB9C3F89040FF2283F8942010BD0C2080
:1071580010BD40F60A313220F9F7F0F908B50121DF
:107168000020FAF78DFA18B1002380F8943008BD92
:1071780040F61B313220F9F7E1F900BF38B501219B
:107188000020FAF77DFAF0B1044690F89430BBB1CC
:10719800002380F89430D0F890000121503021F07D
:1071A80036FDD4F8903093F8443003F0FF053BB92E
:1071B800D4F8900013F026FB2846C4F8905038BD48
:1071C8000C25284638BD40F622313220F9F7B6F9A9
:1071D80008B501210020FAF753FA28B190F8940075
:1071E800003818BF012008BD40F645313220F9F7B4
:1071F800A5F900BF2DE9F04705468CB00E460020E2
:107208000121FAF73DFA002800F084820446A830EC
:1072180001F016F9002847D094F85430042B43D0D5
:10722800AF6A002F00F04F81C44B9F4264D0043BEB
:107238009F4261D007F13B090AF05CFE804602A933
:10724800484600F09DFEB8F1000F40F04981EB7A06
:1072580006F11C00D90600F14981002F00F0B58025
:107268009DF80830022B00F0B080014695F83230C6
:10727800E522484620F02FFA95F832300446484671
:10728800234485F8323020F01EFA95F83290A9EBA5
:107298000009B9FA89F94FEA5919B8F1000F31D143
:1072A80004F11803DBB298E02046FFF715FC00282C
:1072B800B6D1A34C04F1080604F10C070023AA6A0E
:1072C800002A00F04D81A96A0A68B142AA620B70CF
:1072D8004B708B70CB70F2D0B942F0D020681CF0A4
:1072E800C5FD231DD3E84F3F0133211DDBB2C1E8A3
:1072F800423F002AF5D1E1E70AF0FCFD814600286B
:1073080067D00024EB7ADA0640F1B9815B0703D530
:10731800EB7EFE2B00F08E81032104F10A0331700D
:10732800AA7A02FB03F3F270023373706B7B7371FA
:10733800D5F80E30C6F806306B8A3473344473813E
:107348002B7E6373EB7A13F0080000F01D817C4CF0
:10735800042304F108083371474576D133790222B2
:1073680062F34613AA6A33716AB1EFF3108272B6F8
:10737800AB6A1968A962002A00F0DE8000221A7040
:107388005A709A70DA70A5F1080120681CF06EFD39
:10739800231DD3E84F3F0133211DDBB2C1E8423F33
:1073A800002AF5D102274FF004088DF804808DF8E3
:1073B80005709DF8042000209DF8053062F3070051
:1073C80063F30F200CB0BDE8F087B8F1000F40F070
:1073D8005681182300244FF0010904223270AA7A3A
:1073E80002FB03F3F27002337370D5F80B20D5F863
:1073F8000F30D5F81300D5F817107260B360F0603D
:107408003161D5F81F30D5F81B20B361726195F84A
:10741800148095F815A00AF0ABFD08F1FF388B052C
:107428005FFA88F86FD5B8F1030F00F27881454B01
:1074380013F808207273BAF1000F40F08580F476D3
:107448003F4C04F10808474588D004F10C0A574519
:1074580000F0A380002F00F0C880B9F1000F2AD0F7
:10746800AB6A63B1EFF3108272B6AB6A1968A962AE
:1074780002B962B600221A705A709A70DA703946E8
:1074880020681CF0F3FC231DD3E84F3F0133211D76
:10749800DBB2C1E8423F002AF5D1AB6A85F8322059
:1074A800434500F0F080534500F011819DF8083005
:1074B800022B00F0DA80337901274FF0040867F3D4
:1074C8004613337171E705F133090AF013FD80465D
:1074D80002A9484600F054FDB8F1000F3FF4B7AEDA
:1074E800EB7A06F10D00D9067FF5B7AE9DF8184086
:1074F8004FF00109059922461BF0E8FEB8F1000F8C
:107508007FF400AFCCE6B8F1030F00F211810D4B08
:10751800984498F804207273BAF1000F8FD00AF1DA
:10752800FF3A5FFA8AFABAF1030F00F201819A442E
:107538009AF80430B37382E762B61FE7480D00215A
:107548003C0D0021AC5003010AF1FF3A5FFA8AFAB8
:10755800BAF1030F00F2E38013F80A30B3736EE751
:10756800A5F1080120681CF081FC231DD3E84F3FDA
:107578000133211DDBB2C1E8423F002AF5D14FF4A7
:107588000073ADF8043014E703F00302032A49D06E
:10759800580749D50123337152E7AB6A63B1EFF35A
:1075A800108272B6AB6A1968A96202B962B6002283
:1075B8001A705A709A70DA706B7D83BB32794FF00B
:1075C800040863F346123271A5F1080120681CF023
:1075D8004DFC231DD3E84F3F0133211DDBB2C1E829
:1075E800423F002AF5D10227DFE695F80B8018F014
:1075F80010083FF4DAAE3379A5F10801206867F383
:10760800461333711CF032FC231DD3E84F3F01337E
:10761800211DDBB2C1E8423F002AF5D1C2E64FF096
:107628000008D1E730710BE7022A26D0002A7BD167
:10763800317105E711223270AA7AF2701201023212
:107648007270012232716A7B7271D5F80E20C6F809
:1076580006206A8A33737281EB69C6F80D302B8C69
:10766800A6F811302B7EF374EAE6337901274FF040
:10767800040823F06803337197E63271E0E65B2172
:107688003320F8F75BFF3379022262F34613AA6AC4
:10769800337162B1EFF3108272B6AB6A1968A962EE
:1076A80002B962B600221A705A709A70DA70A5F19F
:1076B800080120681CF0DAFB231DD3E84F3F013393
:1076C800211DDBB2C1E8423F002AF5D16AE63379D1
:1076D80062F34613AA6A337162B1EFF3108272B68D
:1076E800AB6A1968A96202B962B600221A705A70A8
:1076F8009A70DA70A5F1080120681CF0B7FB231D09
:10770800D3E84F3F0133211DDBB2C1E8423F002AD5
:10771800F5D147E640F2C7113320F8F70FFF40F2E2
:10772800B9113320F8F70AFFA2213320F8F706FF32
:1077380040F249310620F8F701FF00BF343270B536
:10774800054692B20C461E461CF058FB25B1034B69
:107758001D601C745E741C7170BD00BF3C0D00215F
:1077680010B5034C20681CF06BFB237C237110BD03
:107778003C0D0021014B587C704700BF3C0D002197
:1077880038B5154C20681CF061FB00B30546231D75
:10779800D3E84F3F013B221DDBB2C2E8413F00293D
:1077A800F5D105F108033422012418461BF0F8FC32
:1077B800EA7C0346FF2147F6FF7064F346126975B9
:1077C800E883184685F82310EA74ED6238BD40F264
:1077D80047113320F8F7B2FE3C0D002133307047D3
:1077E80038B50446406A08B13B3038BD0B4D2868AF
:1077F8001CF02CFB606260B12B1DD3E84F3F013BAE
:10780800291DDBB2C1E8423F002AF5D1606A3B304E
:1078180038BD4FF4B0713320F8F790FE3C0D0021CD
:1078280038B5036833B3596A054621B301F1080234
:10783800934222D0124C20681CF018FB231DD3E879
:107848004F3F0133211DDBB2C1E8423F002AF5D189
:107858002B687BB1A3F1080120681CF007FB231DEE
:10786800D3E84F3F0133211DDBB2C1E8423F002A74
:10787800F5D12A6038BD024CECE700230360D9E754
:107888003C0D002170B505680646F5B11B49284630
:1078980020F00FFA1A4C0023E360EFF3108272B65F
:1078A800AB6A23B3E96A04F10C030B60EB6202B91B
:1078B80062B63368596A29B101F10805AB421BD198
:1078C80000236B620023336070BD696A0029F9D018
:1078D8000B4C20681CF0CAFA231DD3E84F3F013334
:1078E800211DDBB2C1E8423F002AF5D1E8E704F1E7
:1078F8000C03AB62EB62DAE71D46EAE7FD710001B3
:107908003C0D002170B50668002E3CD0716A054612
:10791800002939D001F10803204C9E420DD020687F
:107928001CF0A4FA231DD3E84F3F0133211DDBB21D
:10793800C1E8423F002AF5D12B68002272625A7DC5
:107948008AB10022A260EFF3108172B69A6AF2B18E
:10795800D86A134A0260DA6201B962B62846BDE8FD
:107968007040FFF78FBFA3F1080120681CF07EFA72
:10797800231DD3E84F3F0133211DDBB2C1E8423F4D
:10798800002AF5D12A6070BD3346044CD7E7044A73
:107998009A62DA620029E1D1DFE700BF3C0D0021DD
:1079A800440D00212DE9F04704680D4690469DF8E6
:1079B80024C09DF820209DF928109DF82C60002CEB
:1079C80000F0E480DFF8F4A1994607469AF80430FD
:1079D800002B7AD0636A002B00F0DD805E74EB68C0
:1079E8004BB195F810E0238E734440F2726E7345E4
:1079F80000F3A180238601232176A372002E75D07F
:107A080062756B691BB15B78C3F30313A375EB69EC
:107A180013B15B88A4F8193095F800E0E17AAEF16B
:107A28000103AA68B3FA83F35B0963F30001BEFAA2
:107A38008EF3C1F340005B09BEF1020F08BF40F0AE
:107A4800010060F3410103EA510363F3C301E172EA
:107A58001AB1CBB243F00403E3722B6A13B193F962
:107A68000030E3756B688BB1BCF1080F04F10E02AE
:107A780076D0604604F10D010AF0D6FE002800F029
:107A88009880637B43F002036373AA685AB1A8F134
:107A9800020304F11C01012B5BD91368E36193888D
:107AA8008B8084F81B801EBBAB6933B15A789B78F6
:107AB80003F01F0352EA032363D0636A002B73D0D9
:107AC800002301206362BDE8F087022E3DD007D86D
:107AD800FFF7A6FE3B68002B61D10020BDE8F087C8
:107AE800032E5CD1FFF70EFF3B68F4E7227588E7A9
:107AF8000022636A1A705A709A70DA70A26A002AB1
:107B080038D0E26A1360E362A96979B18A78497862
:107B180002F01F0251EA022208D1CAF80820A26A1C
:107B28005AB3274A1A60E26200233B60254920467F
:107B380020F0BFF8C1E7FFF7E5FE3B68002BCCD08B
:107B480040F25A313320F8F7F9FCFFF79BFE3B6807
:107B5800C1E7D9F80030E361B9F804308B80A0E7B9
:107B68006B7C63736B681968C4F80E109B889380EC
:107B7800AA688BE7A362E362C6E7114BA362E362DC
:107B8800D2E73846FFF74CFE3046A7E74FF4487176
:107B98003320F8F7D3FC40213320F8F7CFFC40F22C
:107BA8003D313320F8F7CAFC40F297113320F8F73B
:107BB800C5FCC1213320F8F7C1FC00BF3C0D0021F2
:107BC800440D0021FD7100012DE9F8430026504DB8
:107BD80004680F460660984629799DF820909DF81C
:107BE80024009DF9283081B9A4F1080128681CF007
:107BF8003DF92B1DD3E84F3F0133291DDBB2C1E806
:107C0800423F002AF5D1BDE8F8830121C4F8096094
:107C1800C4F80D60C4F81160C4F81560C4F81960A0
:107C2800C4F81D60A4F82160A172062A66D8DFE8AE
:107C380002F02B3239653E650400E27A22F0120226
:107C480042F01202E27223760123082804F10E02A0
:107C5800237547F6FF73E38230D004F10D010AF073
:107C6800E3FD00284FD0637B43F002036373E37A9C
:107C78005B072ED4FF23E376002323722549204691
:107C8800BDE8F84320F00CB8E27A22F0130242F083
:107C98001302E272D7E7E27A22F0150242F01502E7
:107CA800E272D0E7E27A42F01002E272CBE7E27ABF
:107CB80022F01A0242F01A02E272C4E77B7C637374
:107CC8007B681968C4F80E109B889380E37A5B0779
:107CD800D0D5A9F1020304F11C02012B07D9BB6816
:107CE8001968E1619B88938084F81B90C4E7D8F8F1
:107CF8000030E361B8F804309380F5E740F22B4197
:107D08003320F8F71BFCC1213320F8F717FC00BF1C
:107D18003C0D0021FD710001F8B584460026384D60
:107D28001046DCF800400F46CCF800602A799DF92F
:107D380018107AB9A4F1080128681CF097F82B1DCF
:107D4800D3E84F3F0133291DDBB2C1E8423F002A87
:107D5800F5D1F8BDC4F8096041F60125C4F81560ED
:107D68000122217645EA0325618941F6FF33C4F8EB
:107D78001160082821F4DF5103EA0503227547F64C
:107D8800FF7221F01F01C4F80D60E28204F10E02B7
:107D980043EA0103C4F81960C4F81D60A4F821601F
:107DA800638115D004F10D010AF03EFD18B3637B21
:107DB80043F002036373E37A5B0714D4FF23E3768B
:107DC800002323720F492046BDE8F8401FF068BF22
:107DD8007B7C63737B681968C4F80E109B8893805A
:107DE800E37A5B07EAD5BB68FF221968E1619B88E3
:107DF800E2762384E4E7C1213320F8F79FFB00BF34
:107E08003C0D0021FD71000118B1407BFF3818BFFF
:107E18000120704720B1C07EFF3818BF012070478D
:107E28004FF49061332008B5F8F788FB20B1807DC6
:107E3800FF3818BF012070474FF49161332008B50F
:107E4800F8F77CFB70B50C46164605461FF0A9FAF4
:107E58000346284663741FF0AFFAA074062E13D8A1
:107E6800DFE806F0041904120412040000230121BB
:107E7800EA1C6170C4E901236B78063BDBB223740A
:107E88003BB10935E56070BD002363702374C4E914
:107E98000133E36070BD032100236A18093561705E
:107EA8002374E360C4E9012570BD00BF70B50C46BA
:107EB800C17811F03F015CD005461FF072FA034605
:107EC800284663741FF078FAA0742B796370E878F9
:107ED800830923702B7913F0010641D14FF0050C6B
:107EE8004FF00B0E624613F00201666002D005EBFC
:107EF8000C017246A160590701D50132D2B213F0C4
:107F0800080102D0961CA918F2B2616113F01001A1
:107F180002D0D61CA918F2B2A16113F0200103D037
:107F280002F11206A918F2B213F04003E16102D07F
:107F3800AB180132D2B200F03F002362011D891A4A
:107F480011F0FF0114BFAB180B4663626B78013B5D
:107F58001B1ADBB2237453B10A441544E56070BDA3
:107F68004FF00B0C6E1D4FF0110E6246BBE7E3603D
:107F780070BD20462822BDE870401BF011B900BF33
:107F880070B5067806F00F06072E26D00C46054673
:107F98001FF007FA0346284663741FF00DFAA07411
:107FA800062E13D8DFE806F0041D0412041204009C
:107FB80000230121EA1C6170C4E901236B78063BA8
:107FC800DBB223743BB10935E56070BD00236370F3
:107FD8002374C4E90133E36070BDBDE87040FFF766
:107FE80065BF032100236A18093561702374E360B3
:107FF800C4E9012570BD00BF0378012B2FD0022BE7
:1080080023D00339C9B2A3B1012908D94278002382
:108018006FF34512C3610374C360427070474378BD
:10802800DA06F3D5437800226FF3861302624370B1
:10803800ECE7012923D94378DB06E7D4437800220B
:108048006FF3C30342614370DEE7437800220339CC
:1080580023F003034260C9B282604370D4E74278D8
:10806800002302296FF3410283604270CED0D2B25E
:108078000339436063F30002C9B24270C4E742782F
:1080880012F0100FDAD022F00302C0E90133D30650
:108098004270C7D4D2E700BF0123002259400370C1
:1080A80043700371C27042718170704710B4012B24
:1080B800124C9DF804C0C0F8024004D0022B17D01F
:1080C80083B110BC7047ACF1020C4FF0000310BC38
:1080D800BCFA8CFC4FEA5C1C6CF307036CF30F23AF
:1080E8000380704710BC017042700371C370704701
:1080F8000022012310BC0280437170470001010077
:1081080003782BB14B7800226FF300034A604B7061
:1081180043782BB14B7800226FF341038A604B7090
:1081280003792BB14B7800226FF34513CA614B706A
:1081380083782BB14B7800226FF3C3034A614B70ED
:10814800C3782BB14B7800226FF304138A614B700C
:10815800437913B100230B74CB6070474378002236
:1081680023F022038260C26143707047042816D04E
:1081780003280DD0022840F2762240F2464340F60A
:10818800480004BF13464FF4856018449630704782
:1081980040F6A22341F2BE1018449630704741F6CB
:1081A800067344F2902018449630704740F2A33189
:1081B800212008B5F8F7C2F970B50446FF2380F806
:1081C800153190F8170119F00DFE94F817011AF0FF
:1081D800C5F994F81E0119F005FE94F81E011AF06D
:1081E800BDF900212046FEF71FFF94F816313BB178
:1081F800D4F8083153B104F1E8000CF08BFB09E026
:10820800D4F8100110B1D4F808311BB304F1E80018
:108218000CF016FB002384F8153194F8165115F06C
:10822800FF0518BF0C2584F81631C4F8103184F8FE
:10823800143194F8170119F09FFA80B1202694F8A8
:108248001E0184F8176119F097FA68B1284684F876
:108258001E6170BD00F5E4700CF0F2FAD6E74FF439
:108268003E712120F8F76AF94FF43F712120F8F7A1
:1082780065F900BFF8B5044617F0D0FD05460E466F
:10828800D4F81021002A56D04FF0000C94F81D01A4
:108298006146634604EB83030CF1010CD3F8CC2050
:1082A8005FFA8CF3763283421144F3D9D4F8C8705C
:1082B800B94214BF01270227384619F0B1FF3F28F9
:1082C80037D9431C5DD0D4E9363219188A4298BF91
:1082D800D01AD4F8A830D4F8AC205B1B62EB0606A1
:1082E800012B76F1000255DB00229842B2415ADA9E
:1082F80041F28836864228BF0646C5F1900517F038
:108308008DFD0544B54214D83946304619F0F0FFC2
:1083180078B9D4F8D830D4E937203344304493427C
:10832800C4F8D830C4F8E00044D0BDE8F84019F0EB
:1083380039BF0020F8BDD4F8C8C0072794F81D013C
:1083480011461346ACFB07E704EB83030132D3F86D
:10835800CC3076331944D3B28342F5D98C451BD03F
:10836800D4F8C020D4F8B030D4F8C4109B1AD4F88C
:10837800B42062EB0102734572EB070311D30127A6
:108388009AE7D4E93630C61A41F288339E4228BFAC
:108398001E46B2E70026B0E75EEA070301D00327CE
:1083A8008AE7022788E741F28830834228BF0346DC
:1083B8001E46A2E7D4E93A23C4E93023B5E700BF53
:1083C800014B1870704700BF110000210D4B0021B0
:1083D80041F6690210B519601B6893420CD804462F
:1083E80090F8143123B190F814310BB1FFF7E4FE83
:1083F8000023A4F80C3110BD40F61F012120F8F726
:108408009DF800BF500D002110B5044690F81431B6
:1084180013B190F814311BB90023A4F80C3110BD26
:10842800FFF7CAFE0023A4F80C3110BD90F81431F0
:1084380003F0FF020BB910467047FFF7BDBE00BF3F
:1084480090F86C00003818BF0120704730B585B02F
:1084580090F81431002B56D103F0FF020B78CDE9C8
:108468000122039213F001023ED19446012596465B
:1084780013F0020407D00DF1100C0CEB8E0EAC4675
:10848800CD684EF80C5C13F0040334D10CF1FF3CBA
:108498005FFA8CFC80F81DC14968C0F8C810C0F8A4
:1084A800F81040F27121A0F8FC101AB10199763940
:1084B800C0F8CC105CB104A9551C00EB820401EB98
:1084C8008201EAB251F80C1C7639C4F8CC104BB1D1
:1084D80004AB00EB820003EB820353F80C3C763BC1
:1084E800C0F8CC3005B030BD8C68944602254FF0FA
:1084F800010E0194BCE70DF1100E0D690EEB8C0E08
:108508004EF80C5CC6E740F2B7212120F8F716F8C0
:10851800D0F8102142B190F8143103F0FF020BB9E2
:1085280010467047FFF748BE0C221046704700BF40
:1085380070B590F8153113B10025284670BD044672
:108548000D4617F06BFC94F82021062D50D8DFE873
:1085580005F0290404073B0404000125284670BDE2
:10856800033A012A94BF4FF461764FF45776D4F852
:10857800B020D4F8D830801AA3F58E730644B342DD
:108588008CBF01250025D8D82046FFF773FE0028A8
:10859800D3D0D4F8D850A5F58E75AE422CBF00259F
:1085A8000125CAE7531EDBB2032B1DD81349042A41
:1085B800CB5C0FD05E1D032AF6B211D0022A06D07A
:1085C8000536F6009836D2E74FF40276CFE706363E
:1085D800B600F7E75E1DF6B2B60106F5C876F1E714
:1085E800360106F5BF76EDE7FD219E20F7F7A6FFD9
:1085F80040F245312120F7F7A1FF00BFB450030135
:10860800F8B50C4607460021D4F8D00104F5E47605
:108618000CF066F9B84205460BD0014630460CF01E
:108628002BF900233B628DB900220023C4E9722391
:10863800F8BD8368D4F8D021934217D39342FD69DB
:108648003E6238BF1346BB60002DEDD00CF08EF9AA
:10865800B0B1A968B5F92400D5E90032A4F8EC0155
:108668005B1842F10002C4E97232F8BD8169002941
:10867800E4D0014630460CF0FFF800232B62E5E712
:1086880040F204712120F7F759FF00BF2DE9F04FA0
:1086980004468FB00F461E46BDF86080029217F060
:1086A800BDFBD4F8CCB0039005910BF1760094F89B
:1086B8001D11054651B1012204EB82030132D3F8A2
:1086C800CC30D2B276338A421D44F5D9D4F8C8A04A
:1086D800AA4567D1002E65D094F81421002A40F0ED
:1086E800FD81029B002B40F069836FF00042D4E9C2
:1086F8002A01914208BFB0F1FF3F00F02F8294F8A1
:108708001C21224492F82401421ED2B2032A00F20C
:108718009C83BF4904288A5C00F042830532032801
:10872800D2B200F04783022800F037830532D50023
:1087380016F09EF84AF2A132B64905F58E75024444
:10874800002608A8A1FB0232039B8DF8206005EBE8
:10875800921513F5B372059B0C9243F1000209952B
:108768000D920222ADF8282019F02CF8002800F00C
:1087780075830C99D4F8A8200D98521AD4F8AC1027
:1087880061EB0001521B61F10002002A80F21B8399
:10879800B34601220696DDF81490D846039EDA46C1
:1087A8000492A0E0029B002B40F03881002E40F09C
:1087B8009F81D4F8E830039DD4F8EC2005F5B37612
:1087C800ED1AB5FBFAF50AFB05F5ED18A6EB05065B
:1087D80042F10009B24594BFA6EB0A0AB246002945
:1087E80000F0D8828245C0F0AF82AAF1760A012251
:1087F800AAEB0B0A012919D0D4F8D03003F176007E
:10880800824505D3AAF1760A0132AAEB030AD2B24D
:1088180002290BD0D4F8D43003F176018A4505D368
:10882800AAF1760A0132AAEB030AD2B204EB820358
:108838009046D3F8CCB004EB080191F82401411E0E
:10884800C9B2032900F20183714B0428595C01F174
:108858000503DBB200F07A82032800F08C8202283C
:1088680000F0A4820533DB000693049216F000F8AA
:108878004AF2A131049A01446648A0FB01300AF586
:108888008E71069B0B4403EB90135B4500F2398213
:1088980004EB8803D3F8CC30A3EB0A0BBBF1000F31
:1088A800C0F2ED827619D4F8E830D4F8B01049F166
:1088B8000009D4F8EC50CA1A00F1DF82D4F8C800D5
:1088C800B2FBF0F200FB02F2D21845F10005B6EB5C
:1088D800020AC4E93A2500F1D0820123BAFBF0FA72
:1088E80006930023049304EB080292F82401421E25
:1088F800D2B2032A00F2A982454904288A5C02F10F
:108908000505EDB200F09C81032800F0BF81022824
:1089180000F0F2810535ED0015F0AAFF4AF2A13208
:1089280005F58E7502443B48A0FB023205EB921513
:10893800D4F8A820911BD4F8AC2062EB09020129D5
:1089480072F10003C0F2798100208B4570EB0203BD
:1089580000DB8B4604EB8808D8F8CC305B4528BF91
:108968005B46C4F8DC30BAF1000F03D0069A002A3F
:1089780040F09281D4F81021029929B1D4E93A0142
:10898800C4E92C69C4E930010021C4F8D850C4E90D
:108998002E697972002A00F0578194F81DC10846A3
:1089A8000A4604EB82020131D2F8CC207632104418
:1089B800CAB29445F5D2D4F8C820904214BF012217
:1089C80002223A72049A7D60002A00F03281012264
:1089D80003993A70D4F8A820D4F8AC00521A059933
:1089E80060EB0100012A70F10001C0F253810A49CD
:1089F8000024914274EB000000DA0A46521B3A61E7
:108A08009D428CBF002001200FB0BDE8F08F00BF51
:108A1800B4500301D34D62100040420F0123069366
:108A280000230493039B059A13F5FA6604F1E803FF
:108A380042F1000907930BF08DFF0BF047FF024648
:108A480004F1E800114607920BF016FFD4F8101154
:108A5800079A21B104F1E800FFF7D2FD079A1AB18D
:108A6800B2F92410A4F80C11AA450CBFD4F8F050A0
:108A7800D4F8C850002A00F0658111689068401841
:108A880051682A4641F10001CDE9006920F019F941
:108A980085428246C0F0DD81861949F100090BF054
:108AA8005FFFD4F8C80000F2CF7101EB0A02B2FBF5
:108AB800F0F200FB02F2B21AC4F8E82069F10002F1
:108AC800C4F8EC20B8F1000F3BD14FF0FF306FF045
:108AD80000414FF0010AC4E92A0104E7B4F90C2166
:108AE800002A3FF4FEAD029B002B97D1D4F8C8A012
:108AF800039B4FF00008D4E93A021E1A10EB0A0152
:108B0800B6FBFAF60AFB06F642F100097618A6EB60
:108B1800030249F10009B2F5B37F28D2D4F8B8208E
:108B28000123CDF81080121A0693B2FBFAF20AFB61
:108B38000200301A1AEB0606B0FBFAFA49F10009EE
:108B4800D1E642F21072304649464FF0010AE8FB7E
:108B580002014FF00008C4E92A01C4E69A46984683
:108B680006930123039EDDF814900493BBE694F862
:108B780024018DF82080421ED2B2032A00F26581BA
:108B8800C14904288A5C02F10505EDB200F0FE80B7
:108B9800032800F04481022800F045810535ED00E6
:108BA80015F066FED4F8E860D4F8B82005F58E759F
:108BB800D4F8C810921BB2FBF1F201FB02F2921931
:108BC8004AF2A1360644B1480C92A0FB06364FF093
:108BD800000005EB9615D4F810618DF82900099569
:108BE800D4F8EC5045F100050D95002E00F0F48006
:108BF80094F81D610546024604EB82020130D2F862
:108C0800CC30C2B2763396421D44F5D2A9420CBF8D
:108C18000225012508A84FF000088DF828501EF0FD
:108C2800ABF901238246CDF810800693DDE90C6983
:108C380059E63A70C7E90469E2E64FF0000B89E6A5
:108C4800AD0105F5C87567E6D4F8C8A00720114638
:108C580094F81D819646AAFB00C004EB82020131FC
:108C6800D2F8CC2076329644CAB29045F5D2F24575
:108C78005BD0D4F8C020D4F8C410B21A69EB010153
:108C8800624571EB00023AD301229AE62D0105F5FF
:108C9800BF7541E60022B1E64FEA4A0AB4F90C0171
:108CA8001FFA8AF11FF0E9F8B4F80C31D4F8102152
:108CB8001B1A1BB2A4F80C3162B1A2F8EC31D2F83D
:108CC800C8311B18C2F8C831D2F8CC3143EBE07375
:108CD800C2F8CC31C117D4F8E830361841EB09098D
:108CE8001818D4F8EC30C4F8E80041EB0303C4F8D2
:108CF800EC30D4F8DC303FE60635AD000CE6022255
:108D08005FE694F81D31934225D9D4F8C83002F1B2
:108D180001089E425FFA88F880F0A58004EB88037A
:108D2800D3F8CCB00BF17606B8E5D4F8B020D4F877
:108D3800B410B21A69EB0101624571EB0002DED290
:108D480003223EE69246AAE6002253E59B0103F57C
:108D5800C873069389E5D4F8C8309E4210D3B6EBA1
:108D6800430F4FEA430280F0838004EB88031646E2
:108D7800D3F8CCB092E51B0103F5BF73069374E5F5
:108D88001E4604EB8803D3F8CCB087E5AD0105F5A2
:108D9800C87505E70A4688464DE506329500C7E4DA
:108DA8000532D2B2920102F5C875C1E406339B00C0
:108DB80006935AE5120102F5BF75B9E4002306933C
:108DC800012304932EE6B24601220696DDF814909C
:108DD800D046039E049286E5B446072694F81D8182
:108DE800A1FB0669E646604604EB80000CF1010C25
:108DF800D0F8CC305FFA8CF0763380459E44F3D2BD
:108E0800714515D0D4F8C000121AD4F8C40065EB27
:108E18000000B24270EB090308D30125FAE62D01E0
:108E280005F5BF75BCE60635AD00B9E60225F1E6E5
:108E3800D4F8B000101AD4F8B42065EB0202B0429E
:108E480072EB0903F2D20325E4E6FD219E20F7F731
:108E580075FB40F266312120F7F770FB40F2924132
:108E68002120F7F76BFB40F226412120F7F766FB3C
:108E780040F243412120F7F761FBFFF797F940F2F1
:108E88004C412120F7F75AFBB4500301D34D62102F
:108E9800F0B5044689B0072900F2AB80DFE801F09D
:108EA8003D090925A92A07A42046FEF7EDF809B0CF
:108EB800F0BDB0F82231C3F30C03002B40F09180D1
:108EC8000022012302A920460092FFF7DFFB0028B9
:108ED800EAD002A994F8170118F060FD0028E6D13D
:108EE8004FF4E7612120F7F729FB09B0BDE8F0400E
:108EF80015F054BA90F8153153B9B0F82231C3F3CC
:108F08000C03002B67D090F82031033B012B7DD94F
:108F180009B0BDE8F040FDF7CBBE90F8153103F07D
:108F2800FF054BB10121FEF77FF814F02DFF09B0C2
:108F3800BDE8F04018F04CBA18F038FCD4F8E83026
:108F4800B0EB030CC4E92C0100F1818094F81D6199
:108F5800D4F8C87002940595B6B1BCFBF7F207FBCC
:108F680002332A46C01A2B4604EB8303D3F8CC30CD
:108F780003F17601814203D876380135C01AEDB283
:108F88000132D3B29E42EFD2B4F8223184F81C5198
:108F9800C3F30C038DF8185083BBBC4538BF0123BD
:108FA800BC4534BF002701278DF8103002A88DF882
:108FB8001970FDF769FED4F8D800A0F58170C4F8DF
:108FC800E00019F0EFF800287FF471AF40F2931138
:108FD8002120F7F7B3FAFFF74DF900287FF467AFC0
:108FE80096E7FEF793F86BE740F2C9112120F7F7EF
:108FF800A5FA40F2CD112120F7F7A0FAD4F81821EC
:109008000323002703928DF81030CFE790F81F3123
:10901800002B7FF47DAF012144F2365084F81F11F4
:1090280019F066F900287FF473AFD4F8D83044F209
:109038003652D4F8E00013441044C4F8D830C4F8C9
:10904800E00019F0AFF800287FF431AF60E7FFF7D0
:10905800ADF800BF30B589B090F81421002A45D189
:10906800044602F0FF03FF2280F8142180F815312E
:1090780090F81D519C4680F81C31A0F80C31184618
:1090880004EB83030CF1010CD3F8CC205FFA8CF3CA
:1090980076329D421044F3D2D4F8C830984220D09A
:1090A800D4F8CC2002F176034DB1EC32D4F8D030AC
:1090B800012D134403D07633D4F8D4201344C4F8D4
:1090C800F03000910023012202A92046FFF7DEFAC2
:1090D800B0B102A994F8170118F060FC58B109B0B2
:1090E80030BD41F28833C4F8F030EAE740F26A2133
:1090F8002120F7F723FA4FF420712120F7F71EFA01
:1091080040F27F212120F7F719FA00BF38B590F80F
:1091180014318BBB0D4651B3044601461B4818F069
:10912800F7FA202884F817011AD02146174818F0B2
:10913800EFFA202884F81E010DD0C4F8105195F8D4
:10914800F03103F0FF01E3B984F816112046FFF768
:1091580081FF012038BD94F8170118F00DFB08B104
:10916800002038BD40F28F212120F7F7E7F940F2BF
:109178009B212120F7F7E2F940F29A212120F7F705
:10918800DDF94FF429712120F7F7D8F9998E0001FC
:1091980038B504460D461148214618F0B9FA20287A
:1091A80084F8170112D021460C4818F0B1FA20288B
:1091B80084F81E0105D020462946FFF74BFF012001
:1091C80038BD94F8170118F0D7FA08B1002038BD57
:1091D80040F28F212120F7F7B1F900BF998E0001E5
:1091E80090F823315F2B2DE9F04F044687B048D81B
:1091F8005909A54A0A4492F80490B9F1040F00F0FD
:10920800F58094F9212103F01F0394F82251002AD4
:1092180094F8212145EA0325ACBF1E234FF4967329
:10922800D20903FB05F514BF4FF496771E2714F0F7
:109238003DF9A5EB000814F07DF994F821314619A1
:1092480008EB070A13F0400F14BF32254FF4FA75E4
:109258001DF081FBB8F5D97F28448C4D0AFB0055D9
:109268008B48A0FB05354FEA95456FD394F8153127
:1092780053B114F089FD18F0ABF8012007B0BDE830
:10928800F08F4FF00009BCE74846DFF808A215F058
:10929800E7FA7D4B03EB8903D3F808804AF2A13340
:1092A8004344AAFB032307EB9317AB3707EB4507A8
:1092B8000744484615F0D4FAA7EB000B484615F0CA
:1092C800D7FA94F85410A8EB00080BF58E7B012907
:1092D800AAFB083A4FEA9A1A00F0C5804846FEF7FA
:1092E80045FFD4F8B030ABEB0A0BD4F8B420843B7C
:1092F800834442F1FF329B19CDF804B042F10002D9
:109308005D1B62F10003644A10780022FE288DF884
:1093180000208DF80920CDE9045300F094804A0715
:1093280040F191808DF80800694694F81701C4F857
:10933800D8B0C4F81871C4E92E5318F02FFB0028D0
:1093480097D140F2B5612120F7F7F8F84846DFF8E1
:1093580044A115F085FA4C4B0246484603EB8903B5
:10936800D3F8088008F2E733AAFB031307EB931737
:10937800203737442F44174415F072FAA7EB000B37
:10938800484615F075FA94F85410A8EB000801291E
:10939800AAFB083A4FEA9A1A5AD04846FEF7E6FE60
:1093A8000BF58E7BD4F8D890ABEB0A0303EB000ADD
:1093B800D14532D2384B93F80080B8F1FE0F1BD05C
:1093C8004B0719D5404618F02BFFAAEB0903414675
:1093D800402B38BF4023984228BF1846804618F0D3
:1093E80087FF68B1002007B0BDE8F08F00224FF07A
:1093F800030980F81F2104E716F022FD8046E1E703
:10940800D4F8D8004044C4F8D800A0F58170C4F856
:10941800E00018F0C7FE0028E4D0103E94F81C11B4
:1094280002220023751B68468DF8101003958DF8ED
:1094380008208DF81130CDE90047FDF725FC012003
:1094480007B0BDE8F08F16F0FBFCDDE9045369E7CF
:10945800B9F1030F12D0B9F1020F40F6480008BF66
:109468004FF485609CE7B9F1030F0AD0B9F1020FF8
:1094780040F6480008BF4FF4856032E741F2BE105D
:109488008EE741F2BE102CE7B45003013F420F00B3
:1094980083DE1B43D34D62101100002110B588B044
:1094A80090F8152172B902F0FF0302A904461A4682
:1094B8000093FFF7EBF860B102A994F8170118F0D0
:1094C8006DFA80B114F060FC08B0BDE8104017F0E8
:1094D8007FBF2046FDF7D8FD14F056FC08B0BDE864
:1094E800104017F075BF40F21F712120F7F726F8DA
:1094F80001292DE9F0470E4682B0054624D8D0E967
:109508002C7813F0F3FF95F82091044606F001003B
:1095180049461DF089FD8246484615F0A9F97D3F68
:1095280048F1FF38012E40D1B9F1040F00F0B680A0
:10953800B9F1030F00F08180B9F1020F0CBF4FF4AD
:10954800A6724FF4FC7232E0022940F0B880D0F8DD
:109558001031002B00F0AE800024224683F8F04141
:1095680090F8201161F3070261F30F22A3F8742029
:10957800FF2683F876600339D0F81001012900F13D
:109588003C008CBF0021012109F0B4FED5F8100180
:1095980000F07AFBC5F8104185F8166114F0F4FB69
:1095A80002B0BDE8F04717F013BF4FF4FC724B4B05
:1095B800E419D5F8107103EB490348F1000614EBE0
:1095C8000A04D7F81C809B8B46F1000603F2E733A8
:1095D80003444348A0FB03139B09E41A66F1000601
:1095E800A41846F100060BF06BF905F1E803834275
:1095F8003BD04246D7E97201CDE900461FF061FB36
:10960800804566D3374BD5F810111B68834217D9AC
:10961800CB69024691F87E50CB6203440DBB41F6FC
:109628006A00054682420D864ED21B1946F1000695
:10963800C1E9723602B0BDE8F08740F28642B6E76B
:1096480091F87E506DBB284AA2FB003240F2E243FB
:10965800920A03FB1202821ACA620346821A002D7A
:10966800DDD04FF4FA700546DCE797F87D00002856
:10967800C8D0D5E93A9A0BF079F938B9B7F9EC318D
:10968800A7F8EC0113EB09094AEBE37A424648468E
:109698005146CDE900461FF014FBB3E740F6E83227
:1096A80085E7124AA2FB00326423520903FB120227
:1096B800821AD1E74FF4F4612120F6F73FFF40F614
:1096C80003012120F6F73AFF40F295712120F6F7C1
:1096D80035FF40F27A312120F6F730FFB45003010C
:1096E800D34D6210500D00215917B7D11F85EB518A
:1096F8002DE9F0430123DFF8888083B000254FF679
:10970800FF77202688F8003021E0009B0BB393F800
:10971800F021F2B11888B84221D02146F7F7B0FFFE
:10972800814610B390F8F10118F05CFB99F8F1014B
:1097380018F014FF99F8F10189F8F04118F01CF8B5
:10974800C0B109F5E47089F8F1610BF079F8CDE959
:1097580000556846F7F7CEFF04460028D5D0002309
:1097680088F8003003B0BDE8F08340F2CD11352011
:10977800F6F7E4FE4FF4DE713520F6F7DFFE00BFA2
:10978800540D00212DE9F84F91F88E801F460C46A4
:109798000546A8F144031646012B40F2118191F8C1
:1097A8008F30A8F10E08443BB8F1010F88BF012B98
:1097B80094BF4FF001084FF00008002F40F00581DA
:1097C80094F8F031032B00F24181DFE803F09B02AB
:1097D800DB02D4F81C90DFF880A2DAF80030002B06
:1097E80000F0BE8039462046984700FB09960BF0EA
:1097F800BDF8002800F0BA8000200346D4F8C8213C
:10980800D4F8CC11B21841F10001121843EB01034E
:10981800C4E97223C5E9042300232B7094F88E3021
:10982800442B00F0B58094F88F20442A00F0B080D3
:1098380003F0FD0B2046262B18BFBBF10C0F0CBF05
:109848004FF0010B4FF0000B20F049F9002800F011
:10985800C280BBF1000F40F09E8094F8F03104F113
:109868003C0085F809B0012B18BF02232B721EF0AB
:1098780057FA6860B8F1000F42D1002F40D049462E
:1098880028461DF079FB87B2204620F028F980464B
:10989800474515D3002306FB08F22B72D4F8C831CC
:1098A8009B18D4F8CC2142F100022B616A61002E8A
:1098B80000F0C780494628461DF05EFB404487B249
:1098C8000122394620460FF0BBFFDAF8003073B1A9
:1098D8000121204698472B6909FB00F9384413EB0E
:1098E800090387B22B616B6943F100036B610BF0CD
:1098F8003DF8002800F08880D5E90430C4E97230CA
:10990800BDE8F88F002E00F09780012394F87420AA
:1099180094F8759084F8F031504B4846A9F1030942
:10992800DFF834A133F8126014F0A2FFB9F1010F87
:109938004B4906F29D764FF000024FF000090644AD
:109948002046A1FB063694BF2821002101EB961181
:10995800FF311EF07AFADAF80030002B7FF442AFBC
:109968004E460BF003F800287FF446AF0221B4F905
:10997800EC011EF082FAB4F8EC311B1AA4F8EC31B1
:10998800C3173BE70323D4F8F89184F8F03122E7B2
:10999800204620F0A4F8002304F13C002B811EF09F
:1099A800BFF96860B8F1000FAAD1002FA8D04946C6
:1099B80028461DF0E1FA87B2204620F090F87FE7AC
:1099C8004FF00108002F3FF4FBAE00220121204692
:1099D8000FF036FFF4E6288104F13C001EF0A0F9F0
:1099E8006860B8F1000F8BD1002F89D0494628460E
:1099F8001DF0C2FA87B2204620F071F88046BBF10C
:109A0800000F3FF445AF5BE77F00B4F9EC01B7F511
:109A1800803FB4BFB9B24FF6FF711EF02EFAB4F80A
:109A2800EC212B69121AC318A4F8EC216A692B617E
:109A380042EBE070686161E740F242213520F6F7B9
:109A48007DFD40F2CB213520F6F778FD4FF41F71EC
:109A58003520F6F773FD00BF34010021E050030103
:109A6800D34D62102DE9F04387B0002800F0AA809A
:109A78000446072900F29280DFE801F03004041A56
:109A8800901F278B0146012368460022FFF77AFEC4
:109A9800694694F8F10117F081FF002800F09C80D6
:109AA800B4F888300133A4F8883007B0BDE8F083F3
:109AB80007B0BDE8F04314F071BC012016F0B0F90E
:109AC80007B0BDE8F043F8F773BD90F8F031042B08
:109AD800EBD040F22F113520F6F730FD90F8F03139
:109AE800002B74D00FF0ECFD0028DED01121208867
:109AF800F7F7C6FD00285BD094F87430022B55D0D8
:109B080042D8012B6DD10A3094F8753040F22118F3
:109B18008688033B012B88BF4FF0F90846458CBF68
:109B2800A6EB08000020334F7B78002B3BD1E3697C
:109B3800E56B1E1AAE4228BF2E4604F13C001EF00B
:109B4800EFF800F176090220A6EB090618F068FB89
:109B5800022126EAE675854228BF0546284618F000
:109B6800C7FB00B9A94400234246494620461EF0D7
:109B78005BF90346E0697B6018F014FBA8B307B0F3
:109B8800BDE8F0431FF057BF033B012B29D81E3017
:109B9800BAE74FF49A713520F6F7D0FC4FF49C7170
:109BA8003520F6F7CBFCE669361AC6E71430ABE782
:109BB80094F8753040F22118033B012B88BF4FF011
:109BC800F908B0E740F201113520F6F7B7FC40F28A
:109BD80009113520F6F7B2FC40F2F9213520F6F7E5
:109BE800ADFCCD21B420F6F7A9FCFB213520F6F712
:109BF800A5FC00BF540D0021024B0022C3E900223E
:109C0800FFF776BD540D0021FFF772BD014B587068
:109C1800704700BF540D0021C0F8D011704700BF35
:109C280040F2BF1108B51EF019F9B0F5296F28BF29
:109C38004FF4296080B208BD38B5A0B190F8F03172
:109C4800044603F0FF05C3B990F8F131202B0FD17A
:109C580001460C4817F05CFD202884F8F10114BF78
:109C680028460D2038BD40F29F113520F6F766FCD6
:109C780040F2A1113520F6F761FC4FF4D071352080
:109C8800F6F75CFC6D9A000110B586B0B0B190F89B
:109C9800F021044602F0FF03FAB990F8F121202AD6
:109CA80016D0014601226846FFF76CFD694694F814
:109CB800F10117F073FE30B106B010BD4FF4D77143
:109CC8003520F6F73BFC4FF4DA713520F6F736FC11
:109CD8004FF4D8713520F6F731FC40F2AF1135203A
:109CE800F6F72CFC08B513F001FC054B5A688242C4
:109CF80003D3187880F0010008BD002008BD00BF1C
:109D0800540D002170B5044686B0042900F2CB80BA
:109D1800DFE801F07D0D03125C00042384F8F031C4
:109D280014F032F806B0BDE8704017F051BB0323B9
:109D380080F8F03106B070BDC36990F82022C0F8F1
:109D4800F831002A40F08680D0F81452AB4240F037
:109D58009A80294694F87E30002B70D041F64B53F8
:109D68009D4270D900224FF09610134660632287F7
:109D780094F874004E4A94F8756032F81050D4F88C
:109D88001022304684F87E30033ED4F81832E2625E
:109D9800B4F80E22E1612286636214F069FD05F2CF
:109DA8009D71444B012E4FF0000201442046A3FB55
:109DB800013194BF2823134603EB9111FF311EF0A4
:109DC80044F8022384F8F03106B070BD90F874208E
:109DD800374B90F8756033F812503046033E14F054
:109DE80047FD05F29D710246324B012E2046114473
:109DF8004FF00002A3FB013194BF2823134603EB65
:109E08009111FF3106B0BDE870401EF01EB82A4B14
:109E18001A7802F0FF03002A7FF47FAF014601227F
:109E28006846FFF7AFFC694694F8F10117F0B6FDF4
:109E380078B3B4F888300133A4F8883070E741F675
:109E48004B52954294D84FF04D1000220123606385
:109E580022878DE7008820F0B5FCF8B1B4F80C3201
:109E6800B4F81C22B4F81E1262865A1E43818181FE
:109E7800002194F87E30C1810282D4F81412002B9C
:109E88007FF470AF74E7008820F09FFCD4F81412B8
:109E980060E740F2F9213520F6F750FB40F22A310D
:109EA8003520F6F74BFB4FF45D713520F6F746FB8E
:109EB800E0500301D34D6210540D002170B5564C8B
:109EC800012384B062682370127A002A68D1236B58
:109ED800FF2093F8D81013F099FB94F83430032B33
:109EE8005AD0012B24D0206B217AD0E9322300915B
:109EF80014F01AFEE063002800F0848000F12005C9
:109F0800237A6E78012B1AD994F834302846032B1B
:109F18006BD011F02FFD63681B7A0BB1002E5AD15C
:109F2800284613F0D7FF04B0BDE8704012F01EBFFA
:109F3800236B207A197F14F0DDFDE063DBE7206CEA
:109F48002B789DF80C2090F8A000C3F3C00163F3B0
:109F58000102C3F3001E00F00100C3F3801C60F38C
:109F6800820261F3C3026EF304126CF386128DF859
:109F78000C20520604D4226B92F8C81001F001019B
:109F880003F0030343EA800343EA0E1343EA8C1306
:109F980043EAC1032B70BEE70023A56BE363AFE779
:109FA800217A226B21B3012984F8243092F8D83021
:109FB80018BF0221D2E93250C4E90750013BDBB295
:109FC800032B24D81548FB220091C35C00201449B8
:109FD80012F000FE7BE7606C13F07CFF2946606C92
:109FE80004B0BDE8704012F05FBE11F0E1FC92E7EA
:109FF800D2E9325084F82410194692F8D830C4E9CE
:10A008000750DBE740F291114720F6F797FA4FF433
:10A018008E610620F6F792FA600D0021F0500301D8
:10A028006C0D002110B5474C022182B094F83430F1
:10A038006268032B236C127A0CBF0820987F21706A
:10A048000AB10430C0B293F8B01013F0DFFA6368B5
:10A058001B7A002B39D194F83430023B012B19D8E4
:10A068000023A3646368A06B1B7A23BB13F032FF41
:10A07800237A03F0FD03012B25D1236C93F8B0302C
:10A08800033B012B94BF2820002002B0BDE81040FC
:10A0980013F0F8BF206C20F05DFC0346A064002894
:10A0A800E0D0226C2030D2E92812C3E9021263689A
:10A0B8001B7A002BDAD0616C12F0F6FD237A03F0DC
:10A0C800FD03012BD9D002B010BD606C13F002FF64
:10A0D800217A236C01291FD09A7F0120D3F8A0C0D0
:10A0E8001B2A84F82400D3F8A40038BF1B220229B5
:10A0F80093F8B03034BF01210221C4F81CC020629B
:10A10800013BDBB2032B17D80F480091C35C012039
:10A118000E4912F05FFD9EE7D3F8A0200020E2610F
:10A128009A7F84F824001B2AD3F8A40093F8B0304F
:10A1380038BF1B222062E3E74FF48E610620F6F752
:10A14800FDF900BF600D0021F05003016C0D0021E6
:10A1580010B5104CA06C20B1216C20F008FC002335
:10A16800A364E36B0BB10023E36394F86030022B24
:10A1780003D194F86400C30708D513F075FD0023D4
:10A1880084F8603012F0F2FD94F86400A36EBDE824
:10A1980010401847600D002110B5134C94F8643036
:10A1A800A06C43F0010384F8643020B1216C20F0E6
:10A1B800DEFB0023A364E36B0BB10023E36394F895
:10A1C8006030022B03D194F86400C30708D513F05C
:10A1D8004BFD002384F8603012F0C8FD94F8640049
:10A1E800A36EBDE810401847600D002170B5424CC1
:10A1F80082B094F83430032B59D0E26B002A71D026
:10A20800012B064631D10025E563002E3DD1237A86
:10A218005BB1032B09D0012B69D1FFF703FF94F839
:10A228006030012B50D002B070BDA06C38B1216CE9
:10A2380020F09DFB0023E26BA36402B1E36394F872
:10A248006030022B03D194F86400C30708D513F0DB
:10A258000BFD002384F8603012F088FD94F8640048
:10A26800A36E02B0BDE870401847A36F0025226FA7
:10A27800616F206B9A1841EBE37300F1C8010091FC
:10A2880021F0F9F9E563002EC1D094F86430A06C90
:10A2980043F0010384F864300028D0D0216C20F00A
:10A2A80066FBE36BA564002BC9D0E563C7E7A06C28
:10A2B80020B1216C20F05BFB0023A364E36B002B2F
:10A2C800BDD00023E363BAE713F07AF9E16C022307
:10A2D80032460144094884F8603002B0BDE8704055
:10A2E80013F034BF4FF439714720F6F727F94FF4CC
:10A2F80041714720F6F722F9600D0021B00D0021C9
:10A308002DE9F04F054683B000285FD0B44C0F46C6
:10A31800A06C002800F0BD8000F12002237A167896
:10A32800012B517840F28380022B00F0FA80636899
:10A3380093F80880B8F1000F00F0AD80002940F0D4
:10A34800558113F0DBF8A36C0146002B00F0A781C0
:10A35800D4F880004FF0080B226F12181A61626F50
:10A3680042EBE0725A61B4F88420003A18BF012227
:10A378001A76E36F4BF010009847A36C002B00F09F
:10A3880070810022216C1A705A709A70DA70CA6B48
:10A39800002A00F014810A6C13600B6491F83930BC
:10A3A800002B00F0F3800023A364002F40F0DE8030
:10A3B800237A002B40F0A180FFF780FD94F86050CD
:10A3C800012D00F0FF8003B0BDE8F08F844C94F8B5
:10A3D8003430032B00F0C880226CD36E0133D3666F
:10A3E800E66F13F08BF801462846B047A06C20B101
:10A3F800216C20F0BCFA0023A364E36B0BB10023AB
:10A40800E36394F86030022B03D194F86400C30727
:10A4180008D513F029FC002384F8603012F0A6FC5C
:10A4280094F86400A36E03B0BDE8F04F1847226C9F
:10A43800C6F3C00C92F8A000226B00F0010092F85D
:10A44800C880ACEB000A844588EA9608C6F38016F3
:10A45800BAFA8AFA08F001084FEA5A1A31D0002EDF
:10A468002FD16268167A002E40F0D780B1464FF09F
:10A47800880B13F0FD0F4FD013F040F80146B9F1E7
:10A48800000F29D05846E36F9847A06C0028AFD139
:10A49800B3E7A26B42E713F031F8A36C0146002B37
:10A4A8007FF456AF236C4FF0080B1B6E0BBB4BF0C1
:10A4B800100BB8F1000F1CD0E36F4BF02000984749
:10A4C80073E76268127A12B1002E00F0F1804FF043
:10A4D80000094FF0080BCCE7002EEAD1BAF1000FC3
:10A4E80040F0C380226C536F01335367B8F1000FFB
:10A4F800E2D1E36F5846984757E7013B012B00F23A
:10A50800AB80A06C00283FF478AF216C20F02FFAC4
:10A51800A76472E7AA46B04613F032F8C4E91C01F2
:10A52800AAE794F8343006F0030CC6F38202C6F3A7
:10A538004016032B30D09DF804906CF3010962F3A8
:10A54800840966F345198DF8049019F0200918D18B
:10A558004FF0080B63681E7A002EDBD0002969D102
:10A56800B24688460E46D7E7402539E794F8643066
:10A57800A06C43F0010384F8643000287FF438AFFE
:10A588003BE74FF000094FF00C0BE3E7206C15494F
:10A5980031301DF085FB06E79DF804306CF30103AC
:10A5A80062F3840366F345138DF8043003F0030364
:10A5B800032B28D14FF040094FF0480BCAE7CB6373
:10A5C8000B64EBE612F09AFFE16C02232A46014481
:10A5D800054884F8603003B0BDE8F04F13F0B6BD0D
:10A5E800600D002135AA0201B00D00214FF00009CD
:10A5F8004FF0080BC84612F0E1FB0646E8B1AA4640
:10A60800237A002635E794F8643043F0010384F890
:10A61800643000287FF4ECAEEFE64FF0880B11B9F8
:10A6280089460E4625E784454FF00009E3D04E469B
:10A63800CA461EE74FF00008DDE794F86430A06CC6
:10A6480043F0030384F8643000283FF4D6AE216C4D
:10A6580020F08DF9A664D0E64FF433714720F5F762
:10A668006DFFA3214720F5F769FFA06CD0B1D4F89E
:10A678008020236F9B180361636F43EBE273436190
:10A68800B4F88430003B18BF01230376B8F1000FFB
:10A698003FF46FAEE36F4BF0300098476DE64FF034
:10A6A800080B9846236C1B6E002B7FF402AFFEE666
:10A6B8004FF0080BB3E700BF024A936F0344936758
:10A6C800704700BF600D0021054B002210B4054CF7
:10A6D80083F86020C3F88840986310BC59647047B9
:10A6E800600D0021FCA90001034B0246D3F8880045
:10A6F800DA67996613F0D8BB600D0021024B00227F
:10A7080083F86020704700BF600D00212DE9F041FB
:10A71800434C82B015462272BDF824200C9FA4F841
:10A7280084200022089E84F864209DF82820C4F81C
:10A73800803084F834200D9A3B7A22640E9AA667FA
:10A748009DF82C800F9E94F860E067602263C4E94E
:10A758001C017BB1716904F10C0CB269F3693069B1
:10A76800ACE80F00D6E908323968C4F829204B4014
:10A77800C4F82530BEF1020F1ED1032D4AD8DFE8F8
:10A7880005F00B020B02FFF799FB207A012808D984
:10A79800012002B0BDE8F081FFF744FC207A0128CF
:10A7A800F6D8002832D1236B93F8D81013F092FD15
:10A7B800012002B0BDE8F081386813F0D5F84046B2
:10A7C80013F0DCF86368586813F068FB236B93F99F
:10A7D800D90013F0C3F8237A03F0FD03012BD4E961
:10A7E8001C6714BF012000200CD1236B93F8D830CC
:10A7F800009332463B4613F033FB0028BDD102B02C
:10A80800BDE8F081236C93F8B030F1E7236C93F83E
:10A81800B010CBE74FF458714720F5F78FFE00BF13
:10A82800600D0021074B00211A7883F86010022A76
:10A8380000D07047D3E91C21801841F1000113F0C2
:10A84800E7BB00BF600D002110B5134C94F86430CD
:10A85800A06C43F0010384F8643020B1216C20F02F
:10A8680086F80023A364E36B0BB10023E36394F839
:10A878006030022B03D194F86400C30708D513F0A5
:10A88800F3F9002384F8603012F070FA94F8640049
:10A89800A36EBDE810401847600D002130B40F4C7E
:10A8A80093F81EC065682D7A1DB10CF1040C5FFA8F
:10A8B8008CFC93F8B0301568E0645068002284F886
:10A8C80059300123256584F858106065A4F85AC0EA
:10A8D80084F85C2084F8603030BC7047600D00213B
:10A8E80030B4147A93F80EC01CB10CF1040C5FFA62
:10A8F8008CFC0B4C1568E06450680122256584F8CF
:10A90800602093F8D82093F9D93084F858106065FE
:10A91800A4F85AC084F8592084F85C3030BC7047D9
:10A92800600D002130B58C4693F9D9E000F1900113
:10A93800124DD2E9004093F8D820114B03EB4203A3
:10A948009B8803F5FA73A5FB035301EB93110D4B99
:10A95800C3E9144083F858C0FF204FF0020C83F875
:10A96800592083F85CE00022A3F85A0003F1500054
:10A9780083F860C0BDE8304013F0E8BBD34D6210E7
:10A98800F0500301600D002110B59DF808408E4677
:10A998000CBB93F81EC0117A19B10CF1040C5FFAC4
:10A9A8008CFC93F8B03001460C48D2E9002480F8BA
:10A9B80058E04FF0000E80F859300223026501225A
:10A9C8004465503080F80CE00374A0F80AC0BDE874
:10A9D800104013F01DBC4FF0080CDCE7600D00219F
:10A9E800034B986C08B120307047986B704700BFD4
:10A9F800600D002159A1000109A30001F5A1000182
:10AA0800A1A1000170B50E460C210446F6F738FEE8
:10AA180018B103460020336070BD0B212046F6F7BD
:10AA28002FFE08B10C2070BD09212046F6F728FE3C
:10AA380003460028EED1022070BD00BF70B50E4657
:10AA48000B210446F6F71CFE18B1034600203360BC
:10AA580070BD0C212046F6F713FE054608B10C2000
:10AA680070BD09212046F6F70BFE20B100F1B803AE
:10AA78002846336070BD022070BD00BF40F24931E6
:10AA8800062008B5F5F75AFD23211A2008B5F5F771
:10AA980055FD00BF38B505460C4691F8FB3113B19A
:10AAA80091F805328BB9002D50D02B7873B194F8FA
:10AAB800F0318BB304F1B80020F037FE00210022FA
:10AAC8000023C4F8A811C4E9682338BD94F8F2310A
:10AAD8006BB90221B4F8AC01F6F7D2FD38B104F233
:10AAE800152100F58E7020F0AAFE00283ED009211D
:10AAF800B4F8B001F6F7DAFD002844D16B6F002BEB
:10AB0800E3D10821B4F8AE01F6F7D0FD0028DCD077
:10AB180060211A20F5F712FD94F8F23103F0FF01D5
:10AB28007BB9B4F8AC01F6F7ABFD50B104F21521CE
:10AB380000F58E7020F083FE18B92B211A20F5F746
:10AB4800FDFC4FF6FF73A4F8AC31B3E794F8F2318B
:10AB580073B90221B4F8AC01F6F792FD40B104F2E2
:10AB6800152100F58E7020F06AFE08B9FFF78CFFFA
:10AB78000921B4F8B001F6F799FD0028A5D04E21B7
:10AB88001A20F5F7DBFC53211A20F5F7D7FC00BF94
:10AB980070B5002800F0968004460B46002200F8A5
:10ABA8000D2C0A206FF4FE7504F89A2C66198A7029
:10ABB8001870082134F84D2C34F84F0CA3F80320F2
:10ABC80096F806225A71F6F75BFD054614F8023C22
:10ABD800A3B9C5B12B785BB314F80D3C002B4CD04E
:10ABE8006FF4A273E0185D3C20F09FFD0021002265
:10ABF8000023C6F8A811C4E9002370BD237A002BEE
:10AC0800FBD1002DE6D114F80B3C002B4FD10221CB
:10AC1800B6F8AC01F6F734FD002848D004F1180165
:10AC280000F58E7020F00BFE002840D1FFF72CFFB6
:10AC380014F80B3C6BB90221B6F8AC01F6F720FD0D
:10AC480038B104F1180100F58E7020F0F8FD0028E5
:10AC5800ECD00921B6F8B001F6F728FDB8BB6B6F48
:10AC6800002BCAD10821B6F8AE01F6F71FFD00285F
:10AC7800C3D060211A20F5F761FC14F80B3C03F0EF
:10AC8800FF017BB9B6F8AC01F6F7FAFC50B104F154
:10AC9800180100F58E7020F0D2FD18B92B211A206A
:10ACA800F5F74CFC4FF6FF73A6F8AC3198E709218D
:10ACB800B6F8B001F6F7FAFC00289ED04E211A200B
:10ACC800F5F73CFC40F25D111A20F5F737FC5321EB
:10ACD8001A20F5F733FC00BF10B54FF408720021B5
:10ACE800044618F05DFA4FF6FF732046A4F8AC311D
:10ACF8001FF01BFE04F1B800BDE8104020F0FEBCB8
:10AD080038B500250446282200F5E4702946C4F821
:10AD1800A050C4F8A450C4F8A850C4F8AC50C4F863
:10AD28008051C4F88451C4F88851C4F88C5118F083
:10AD380037FA84F8F25184F8F15120461FF0F5FDF6
:10AD480004F1B800BDE8384020F0D8BC10B50C4676
:10AD580001F1B80020F0F2FC2046BDE810401FF0D9
:10AD680016BE00BF90F8F23123B90221B0F8AC0149
:10AD7800F6F786BC0020704790F8F23103F0FF0127
:10AD88001BB9B0F8AC01F6F77BBC0020704700BFD8
:10AD980038B528B390F88F3004462A2B1ED142B913
:10ADA8002B2380F88F3094F9CE30002B1CDB002049
:10ADB80038BD1F230D4680F8122180F81331322345
:10ADC80080F88F300029EED00821B5F8AE01F6F7EB
:10ADD80057FC68B12946FFF75DFEE4E70C2038BD53
:10ADE800B3211A20F5F7AAFBDA211A20F5F7A6FBFA
:10ADF800D5211A20F5F7A2FBF8B5002800F0FC8051
:10AE080025236FF4F9720C4607460B708518437AB0
:10AE18000821E370B5F8B03195F89821A3806272E3
:10AE280095F89931A37295F89A31E37295F8B5318E
:10AE38002375B5F8AE01F6F723FC95F8FC31064604
:10AE4800002B74D1002800F0DB800378002B78D128
:10AE58002B7D23736B7D6373AB7DA37395F8BC3037
:10AE6800E37395F8BD30237495F8BE30637495F894
:10AE7800B030013BDBB2032B00F2BC80624AD35CEA
:10AE8800A37495F89031013BDBB2032B00F2B2803A
:10AE9800D35CE374EB7F637595F8C730A375AA7F1D
:10AEA80095F8CC30A88BA4F8192095F8C620B5F8E9
:10AEB800C410A4F81B2095F82420608484F8262068
:10AEC80095F82520A18484F8272095F8262084F871
:10AED800293095F8CD3084F8282084F82A3095F860
:10AEE800CE3084F82B30737C327CE371B37CA27152
:10AEF8002372B6F815304549A4F81730736895F8E9
:10AF08009C21A1FB031395F89D11E2779B0A95F804
:10AF18009E2184F82010A4F81D30012384F82120F4
:10AF280095F82C2084F82C2085F86331F8BD10B1F1
:10AF38000378012B4FD029463046BDE8F840FFF78B
:10AF4800A9BD95F8BC30237395F8BD30637395F8A7
:10AF5800BE30A3732B7DE3736B7D2374AB7D637469
:10AF680095F89031013BDBB2032B43D8264AD35CDA
:10AF7800A37495F8B030013BDBB2032B3AD8D35C0D
:10AF8800E37495F8C7306375EB7FA37595F8C62011
:10AF980095F82430B5F8C400A4F81920AA7FA98B25
:10AFA800A4F81B2095F8CC20608484F8262095F816
:10AFB800CD20A18484F8272095F8CE2084F8293064
:10AFC80095F8253084F8282084F82A3095F826301A
:10AFD80084F82B3087E717F8033C002BABD01623F7
:10AFE80007F10A000A4985F806321CF056FE442388
:10AFF800E370A0E7FFF742FDE1211A20F5F79EFA7A
:10B00800F5211A20F5F79AFA045103015917B7D117
:10B0180099AB0001F0B583B0002800F01E81A0F5BF
:10B02800FF73DA7B2A2A40F0C0800C46A0F5B6727E
:10B0380041F61071118093F94E203221002AD973FC
:10B04800C0F21081A0F27E20D0F81C71002F00F011
:10B058000D816FF4057300220821FD18102385F86F
:10B06800C821252285F8FC31E370227095F89831C3
:10B07800B5F8B021637295F89931A280A37295F85A
:10B088009A31E37295F8B5312375B5F8AE01F6F744
:10B09800F7FA95F8FC310646002B77D1002800F026
:10B0A800EC800378002B00F0838095F8BC30237384
:10B0B80095F8BD30637395F8BE30A3732B7DE373A9
:10B0C8006B7D2374AB7D637495F89031013BDBB2E3
:10B0D800032B00F2D0806B4AD35CA37495F8B03090
:10B0E800013BDBB2032B00F2C680D35CE37495F816
:10B0F800C7306375EB7FA37595F8C62095F82430A3
:10B10800B5F8C400A4F81920AA7FA98BA4F81B20BD
:10B1180095F8CC20608484F8262095F8CD20A18469
:10B1280084F8272095F8CE2084F8293095F8253022
:10B1380084F8282084F82A3095F8263084F82B30B3
:10B14800737C0420327CE371B37CA2712372B6F85D
:10B1580015304D49A4F81730736895F89C21A1FB68
:10B16800031395F89D11E2779B0A95F89E2184F8C0
:10B178002010A4F81D30012384F8212095F82C20F4
:10B1880084F82C2085F8633103B0F0BD30B1037822
:10B19800012B03D117F8253C002B53D13046294603
:10B1A800FFF778FC042003B0F0BD002003B0F0BD29
:10B1B8002B7D23736B7D6373AB7DA37395F8BC30D4
:10B1C800E37395F8BD30237495F8BE30637495F831
:10B1D800B030013BDBB2032B4DD82A4AD35CA374B1
:10B1E80095F89031013BDBB2032B44D8D35CE37470
:10B1F800EB7F637595F8C730A375AA7F95F8CC30B7
:10B20800A88BA4F8192095F8C620B5F8C410A4F89E
:10B218001B2095F82420608484F8262095F82520A2
:10B22800A18484F8272095F8262084F8293095F8F9
:10B23800CD3084F8282084F82A3095F8CE3084F868
:10B248002B307DE71623A7F11800104985F8063240
:10B258001CF023FD4423E370A0E740F237111A20C5
:10B26800F5F76CF9DA211A20F5F768F94FF4A771A8
:10B278001A20F5F763F9FFF701FCF5211A20F5F715
:10B288005DF900BF045103015917B7D199AB00010B
:10B2980040F28621062008B5F5F750F940F28621DC
:10B2A800062008B5F5F74AF92DE9F04F85B00546AF
:10B2B8000F460390002A58D00F9900295AD040F21F
:10B2C800E24A0E994FF47A7801240AFB03F340F21C
:10B2D800E93AA1FB0898A3FB0A3A19F1FF313C703F
:10B2E80048F1FF3013EB010BA2FB035302FB0A32B8
:10B2F8004AEB000A6B18019342EB0003029305E046
:10B308003C780134E4B20F2C3C705BD84A46434683
:10B318005846514617F000FE4A4606460D46434633
:10B32800DDE9010117F0F8FD631E22464FF0000425
:10B338004FEA850C44F1FF3418184FEA860344EBB2
:10B3480001044CEA967C9B1945EB0C01C0184FF0A0
:10B35800000344EB010117F0DFFD0230FB28CFD8D2
:10B36800039B188005B0BDE8F08F02800A7005B015
:10B37800BDE8F08F02F1FA0015490E9CA1FB001000
:10B3880040F2E241013C01FB03430E99B3FBF1F4A7
:10B3980002EBD011C3090139B1FBF3F18BB2FB2BDE
:10B3A80028BFFB231A4419462B80531EB3FBF1F325
:10B3B8009BB204FB03F30F2B28BF0F233B7005B090
:10B3C800BDE8F08F4FF482611120F5F7B7F800BFA0
:10B3D800BFBF8C822DE9F041847B002C00F08A806D
:10B3E800474B002184461D688E4617E0012E62D027
:10B3F800022E40F083800F32920003F597730131DB
:10B408009CF810700CF10E0C9BB2CEB21344AB42F8
:10B4180038BF2B46B44207FB03EE59D9C1EBC10232
:10B428009CF81980CE0000EB420218F0040FB2F825
:10B43800153025D118F0010701D108F00207761A56
:10B448009CF81A8000EB460618F0040FB6F817208F
:10B4580034D118F0010626D118F0020633D1DBB238
:10B468004FF0FD08012F23D0022F47D19B003C331A
:10B47800B8F1010FD2B2B9D1920102F57472BCE7EA
:10B488009CF81A70B2F817207E0729D417F0010625
:10B4980022D117F0020628D1DBB24FF0FD089B013C
:10B4A80003F57473E4E7012FDBB24FF0FE08DBD13C
:10B4B800DB007033DCE70E32D2009EE7DBB24FF0E0
:10B4C80001080426CEE7DBB24FF0FF080226C9E7E1
:10B4D800AEF19600BDE8F081DBB24FF0FE08DEE782
:10B4E800DBB24FF001080426D9E7DBB24FF0FF08C2
:10B4F8000226D4E76FF09500BDE8F081FFF7C8FE9B
:10B50800EC0D00212DE9F843099F97F80080B8F168
:10B518001F0F4BD01D4608F10103064689463B70B4
:10B528001446FFF757FF089B98423AD8D4B1B17830
:10B538007378B6F8092043EA012340F2E241747BAC
:10B5480001FB02F2F17843EA0141F379A4BB03FB62
:10B5580002035B1AB9F80A204FF47A7101FB02F270
:10B568009A421ED32DB3727940F2E2413379747B4B
:10B5780043EA0223B6F8092001FB02F2B17943EA53
:10B588000143317AE4B101FB02320244B9F80C30CC
:10B598004FF47A7101FB03F3934202D32846BDE8C6
:10B5A800F883002087F80080BDE8F8830020BDE814
:10B5B800F8830120BDE8F88303FB02130344C9E7BD
:10B5C80001FB0202D21AE1E738B504460D4602F043
:10B5D800B3F829462046BDE83840FFF775B800BFE4
:10B5E8000020704710B578220021044617F0D8FDD6
:10B5F80002F0AAF800232462A062636710BD00BFAE
:10B6080010B501F120000C461DF023FBB8B92378D2
:10B61800012B636F01D0B3B910BD002BFCD01A68A1
:10B62800092133F8610C6267F6F740F818B9636FBF
:10B63800002BF4D110BD4D211120F4F77FFF4221DA
:10B648001120F4F77BFF55211120F4F777FF00BF95
:10B65800054B984205D800F53473044A002013605E
:10B6680070471220704700BF00093D0014000021F8
:10B6780010B5002382B008220446CDE900338DF8C6
:10B68800062003E0009B1B7DA34208D06846F6F71E
:10B6980031F80028F6D04FF6FF7002B010BDBDF8A3
:10B6A800040002B010BD00BF406F18B909E0D0F81F
:10B6B800110230B16FF40473184490F8B4318B421E
:10B6C800F5D1704770B50468CCB10E46154602E056
:10B6D800D4F815429CB16FF405731C4494F8B43146
:10B6E800AB42F5D10821B4F8AE01F5F7C9FF00283F
:10B6F800EED0037DB342EBD1B4F8B00170BD4FF684
:10B70800FF7070BD2DE9F04F85B0002800F0DF8193
:10B718006FF4317805460F468044D8F81C611EB98D
:10B7280036E0D6F815629EB36FF4057E082176449C
:10B73800B6F8AE01F5F7A4FF15F86D3C027D9A4204
:10B74800EFD1436F0446002B47D06FF4047C15F803
:10B758006C1C634406E0D3F81132002B3DD06FF423
:10B768000470034493F8B4218A42F4D107220021DB
:10B778004046FFF70DFB0346002840F0A381002256
:10B78800104663F3070062F30F2005B0BDE8F08FA1
:10B7980008210DF10A00F5F7FDFE04460028E5D062
:10B7A8007822002117F0FCFC04F1200601F0CCFF00
:10B7B8000023A06230462462636708F07DFE0028FB
:10B7C80000F044810821BDF80A00F5F76FFF002852
:10B7D800CCD0D1211120F4F7B1FE40F2E24235F885
:10B7E800543C02FB03F362689A42BFD1627D15F8AC
:10B7F800563C9A42BAD1A27D15F8553C9A42B5D129
:10B8080015F8682CE37DB3EBD21FAFD115F8642C83
:10B8180015F8653C43EA022315F8632C02F00F0281
:10B8280043EA0243A2689A42A0D115F8612C15F8A0
:10B83800623C43EA022315F8602C02F00F0243EA47
:10B848000243E2689A4291D1092103A8B6F8AE9161
:10B85800F5F7A0FE0646002888D0FFF73DFAA6F8BF
:10B86800AE91BDF80C30A6F8B031B8F80030A6F8A3
:10B87800AC31012386F8C831EFF3108072B66FF44B
:10B88800D47106F215236A181168C6F815121360E8
:10B8980000B962B615F86DCC40F2E24284F814C0E3
:10B8A80035F8543C02FB03F3636015F856EC84F852
:10B8B80015E015F8559C84F8169015F8641C15F8D1
:10B8C800652C15F8610C42EA012215F8631C01F099
:10B8D8000F0142EA014215F8621C41EA002115F8FD
:10B8E800600C00F00F0041EA004115F8680CA260F6
:10B8F800C0F3C010A364E160E07515F86B4C14F058
:10B90800040F40F0A08014F0010A01D104F0020AEB
:10B9180086F8B0A015F86A4C14F0040F40F0908037
:10B9280014F0010A01D104F0020A86F890A115F872
:10B93800664C15F851BC04F00F0415F868AC009477
:10B948000AF00F0A15F8524C44EA0B2415F84EBCBD
:10B95800019415F84F4C44EA0B2415F869BC4BEADE
:10B968000A2ADDF800B0A6F81CA015F867AC4AEA68
:10B978000B2ADDF804B0A6F8C4A015F850AC4BEAC1
:10B988000A4AC6F8A4A115F84DAC44EA0A4415F8C9
:10B9980059ACC6F8A04115F85A4C15F84BBC44EA06
:10B9A8000A2415F84CAC4AEA0B2AA6F8B2A115F8F5
:10B9B80058AC44EA0A44C6F89C4115F86C4C86F821
:10B9C800B44115F85BAC86F82C0086F8B5A186F86A
:10B9D800D40015F8570CC0F30300F07715F8570C8E
:10B9E8007262C0F30310C6F8CC10B36286F8C700C1
:10B9F800C6F8D03035F85F3CB37735F85D3C86F84B
:10BA0800C99086F8C63086F821E098F89420B6F8F0
:10BA1800AC3186F8C021D8F82820C6F8BC21B8F87F
:10BA28002620A6F8B621B6F8B021A7F803300423DB
:10BA3800A7F8052026223C7287F807C03A709EE6D0
:10BA48004FF0040A71E74FF0040A61E7092103A8DF
:10BA5800BDF80AA0F5F79EFD814648B3FFF73CF90B
:10BA6800A9F8AEA1BDF80C30A9F8B031B8F800308B
:10BA7800A9F8AC31012389F8C831EFF3108172B607
:10BA88006FF4D47209F21526AB181A68C9F8152292
:10BA98001E6019B16FF405731E44FBE662B6D8F850
:10BAA8001C61002EF6D140F237111120F4F746FD43
:10BAB80030461DF0CEF800283FF484AECF21112087
:10BAC800F4F73CFD4FF4B4711120F4F737FDFE2173
:10BAD8001120F4F733FD00BF20B10098184401FB92
:10BAE800020070470098C01A01FB0200704700BFAF
:10BAF800014B1860704700BFEC0D0021044B1B6818
:10BB080023B1181AB0FA80F0400970470120704735
:10BB1800EC0D0021024B1868003818BF012070474F
:10BB2800EC0D0021A1F1030CBCF1010F10B52AD9CD
:10BB380001291DD002292DD10F308000D91E92B2C3
:10BB480001291CD9012B22D0022B23D10F329200BC
:10BB5800029B114C591C00F59773480821689BB249
:10BB68008842134438BF0846984238BF184610BD6B
:10BB7800D91E0E3092B201294FEAC000E2D89201D4
:10BB880002F57472E4E7800100F57470D6E70E32AE
:10BB9800D200DDE7FFF77CFBEC0D00212DE9F04F2B
:10BBA8008FB00C460546CDE9032303780B708378E4
:10BBB8004278417942EA0322037943EA0123C178B2
:10BBC8006270E17042EA0141120AA270827923711F
:10BBD800A27143EA02421B0A637140F6C3139942F9
:10BBE80040F27C82B34FA7FB01318F0A40F6C313A2
:10BBF8009A4240F26782AF4EA6FB0232960ADDE90E
:10BC08000332934200F06482002A14BF33463B4655
:10BC1800697AD1B3039AB2B1FA1840F2E24C688952
:10BC28004FF47A7E0CFB02F20EFB00F0F2329042E7
:10BC380007D908E05B08FA180CFB02F2F2328242DC
:10BC480001D3032BF6D8049A002A00F07582F21863
:10BC580040F2E247A8894FF47A7C07FB02F20CFB1A
:10BC680000F0F232824208D266E25B08F21807FB63
:10BC780002F2F2328242C0F05F82032BF5D8DA1C5E
:10BC8800B2FBF3F202FB03F359E2032B40F26182A9
:10BC9800A4F80930EA79E2722A7A61732273039967
:10BCA800AA7BA27391B1A17840F2E246607840EA9B
:10BCB800012099B206FB01F1E67840EA0640B1FBA3
:10BCC800F0F600FB161109B10121617304990029EE
:10BCD80040F00682002A78D04FF000080CAF4346A7
:10BCE80056E011F0010C01D101F0040CF01AF11822
:10BCF80004EB4000294480F819C0497D880761D4C5
:10BD080011F0010C01D101F0040CF61A0DF12F010C
:10BD1800384608F1010804EB460686F81AC094F87C
:10BD280002E094F801C0637B4CEA0E2C0193E3789F
:10BD38004CEA034CB4F80930CDF800C0FFF7B4FA68
:10BD4800BDF830109DF82F30A6F81510F3766379FA
:10BD580094F804C0A1794CEA032C607BB6F8132050
:10BD68004CEA014CB4F809300DF12F010190CDF8DF
:10BD780000C03846FFF798FA9DF82F20BDF830101C
:10BD88005FFA88F33277A6F81710AA7B9A421DD972
:10BD980003EBC302C3EBC301A818083204EB410C40
:10BDA80090F80FE02A446146DE008CF80FE0D2F8E4
:10BDB80008C0028AC1F811C0017D880791D54FF0EB
:10BDC800020C93E74FF0020C9FE70CAF0023267894
:10BDD8000C937B6008238DF8363004E00C9B1B7DA8
:10BDE800B34200F0B7823846F5F784FC0028F5D056
:10BDF80094F80EC00026304B40F201121B68A4F8DC
:10BE08000720BCF1000F00F03981B4F8097040F246
:10BE1800E2420CF1FF3002FB07F7C0B2BB4234BF6D
:10BE2800FB1A00230593C0EBC00304F10E0000EBDE
:10BE380043002346DA7E0E33997B8A4238BF0A468E
:10BE480098429A70F6D12046FFF7C4FA039BA3B133
:10BE5800A278637843EA0223E27843EA0243627BEA
:10BE6800002A40F0B182FB1A03446A894FF47A71C0
:10BE780001FB02F29A42C0F07281049B002B40F051
:10BE880045811F46002305F10908DDF81090C3EB32
:10BE9800C301AA7BD80004EB4101C97B002A00F04A
:10BEA8002A82013A5FFA82FC2A460CEBCC0CC44485
:10BEB80008E000BF5917B7D1140000210932944592
:10BEC80000F0198292F80FE08E45F7D1C2182A4483
:10BED80092F816A092F817E0A0EB030C217A04EB75
:10BEE8004C0C9CF81C209CF810C0002A00F0F08133
:10BEF80001FB0CF1BCFBF2FB013A02FB1B1296455D
:10BF0800C0F2E681C31A059A2946204604EB43038A
:10BF18000092039A103301934B46FFF7F3FA013767
:10BF280094F80EA0FBB29A45B1D805F1090B20464A
:10BF3800FFF750FA0123DE460022B3460890079324
:10BF4800924540F22C810132D2B2531EAE7BDBB255
:10BF5800C3EBC30004EB4000C77BD800002E00F001
:10BF68000281013E2946F6B206EBC606764403E096
:10BF780009318E4200F0F78091F80FC0BC45F7D127
:10BF8800C118294491F81680CF7DC11A04EB4101EC
:10BF98000E7F097C8E4233D296B394F808C0B1FB69
:10BFA800F6F9CDF818C0013E0CFB01FC06FB19C6DA
:10BFB800B74225DB66794FF47A79277947EA06276D
:10BFC800AE8909FB06FCA679DDF8189047EA064613
:10BFD80040F2E24709F101090996B4F8096007FB44
:10BFE80006F6677B002F00F09D81099F09FB067606
:10BFF800089F3E44B44503D3069EFF2E40F09E8121
:10C00800C31A04EB4303DB7E994299D9002B97D0DE
:10C01800E079B1FBF3F6013B00FB01F103FB1611DC
:10C0280088458DDBA17840F2E24763786E8943EA60
:10C0380001234FF47A7194F80DC001FB06F6E178FC
:10C0480043EA0143B4F8091007FB01F1471CBCF1AE
:10C05800000F00F06D8107FB013308990B449E42E5
:10C06800FFF46EAFFF283FF46BAFE771924540F2E3
:10C07800988001320023D2B2079366E7607BF0B163
:10C0880040F2E243B4F80920A17803FB02F2637896
:10C0980043EA0123E17843EA01439A4202DD039B24
:10C0A800002B5CD123796079A17943EA002343EA24
:10C0B80001439A4202DD049B002B50D100200FB0AF
:10C0C800BDE8F08FDDE90332012693427FF49CAD91
:10C0D800314638461BF03CFF034699E5012785E5C4
:10C0E80060799BB2217941EA002140F2E24000FBED
:10C0F80003F3A07941EA0041B3FBF1F001FB1033EF
:10C10800002B3FF4E7AD01236373E3E562792379FC
:10C1180043EA0223A27943EA0243627B002A40F001
:10C128005681FF1A3844AB894FF47A7202FB03F345
:10C13800834214D30027A5E6032B7FF6A0ADA4F80D
:10C148000930EB79E3722B7A61732373AA7BA273AC
:10C15800C0E5DA1CB2FBF3F202FB03F398E5112009
:10C168000FB0BDE8F08FBBF1000F00F06981DBF87C
:10C17800741019B90EE0D1F8111259B16FF40476A0
:10C18800314491F8B461BE42F5D191F8D58091F867
:10C198002D70FAE640F2AD211120F4F7CFF9079B94
:10C1A80033B9012300220793BAF1000F7FF4CBAE15
:10C1B8005E4694F80EC000274FF0010905F1090802
:10C1C800674544D2C7EBC702AB7BF80004EB4202D9
:10C1D800D17B002B59D05A1E2B46D2B202EBC20299
:10C1E800424402E0093393424FD093F80FE08E4562
:10C1F800F8D1C3192B44997D93F817E0C31B94F821
:10C2080008B004EB43031A7F93F810A05AB30BFB52
:10C218000AF3BAFBF2FB013A02FB1B32964522DB1A
:10C22800C01BDDF814C0294604EB4000CDF800C05F
:10C238001030DDE9032301902046FFF763F9002859
:10C248003AD194F80EC00137FFB26745BAD3B9F1B5
:10C25800000F7FF413AFBCF1000F3FF40FAF4FF0A6
:10C2680001090027AEE7C31B04EB4303DB7E002B69
:10C27800E9D094F807E0BAFBF3F2013B0AFB0EFAA7
:10C2880003FB12A39942DEDBCAE7002E00F0D88038
:10C29800736F2BB97EE7D3F81132002B3FF47AAFD6
:10C2A8006FF40472134493F8B4218A42F3D193F8DB
:10C2B800D51093F82DE0A1E7013794F80EC04FF0A0
:10C2C8000009FFB2BC453FF67DAF8146002777E7FE
:10C2D800C21A04EB4202D27E002A3FF420AEE17972
:10C2E800BCFBF2FE0CFB01F1013A02FB1E12924567
:10C2F800FFF615AE06E6002E00F0A280726F2AB98E
:10C3080048E7D2F81122002A3FF444AF6FF4047CC6
:10C31800624492F8B4C18C45F3D192F8D5A092F852
:10C328002DE0D9E5089F09FB0676099FF61B61E613
:10C33800DDF820C007FB01C1CB1A90E6C31A84F8C8
:10C34800089004EB4303DB7E99427FF68FAE002012
:10C3580007905BE6BDF834304FF6FF7293422FD05A
:10C3680018460821F5F78CF9064650B3476F47B3CE
:10C37800A6466FF4047923461EF80ECF4F44644650
:10C3880097F8B4019C46C4B1611E6346C9B2C1EBBB
:10C39800C1010EEB410102E00E3399421AD0DA7B5B
:10C3A8008242F9D1D7F81172002F45D06FF4047882
:10C3B800474497F8B401002CE6D1012400230CE08F
:10C3C800064694F80EC016E53B4403444DE51F4469
:10C3D8003844A8E6621C2346D4B2C3EBC3030CEB73
:10C3E8004303D87397F8B5211A74B7F8C420A3F893
:10C3F8001120BA8BA3F8132097F8C620A3F81520AC
:10C40800BA7FA3F8172097F89021D11E012998BF69
:10C4180004225A7697F8B020D11E012998BF042229
:10C428009A7697F8C720DA76FA7F1A778CF80E4052
:10C43800D7F81172002FB9D16346A4461C46DAE436
:10C4480040F2AB211120F4F779F800BF8B7B7BB168
:10C45800013B01F10902DBB203EBC303134401E022
:10C46800994205D0CA7B09318242F9D1012070472F
:10C478000020704710B58C7B94B100239C4603E0E4
:10C488005FFA83FC644509D991F80FE001330E3156
:10C498008645F5D1012082F800C010BD002010BDEE
:10C4A800204610BD436F0BB11A680AB1C06E7047C1
:10C4B8006FF4047253F8751CC06E134493F8C720C8
:10C4C800DB7F9A4238BF1A46012A134638BF012338
:10C4D800B0FBF3F303F50D738B4200D37047013AB9
:10C4E80001FB02F2904288BF801AF7E7FEF7ACB969
:10C4F80010B504460068072934D8DFE801F01004B5
:10C50800041C33162E29002301780377C9B1194674
:10C51800203008F0F1F8638A013B638210BD144BA8
:10C528001B68BDE810409B681847114B1B68BDE8A5
:10C5380010401B6918470E4B1B68BDE810405B692B
:10C548001847203008F0FCF8638A013B638210BD6D
:10C5580040F2BF514220F3F7F1FF40F2BC514220B4
:10C56800F3F7ECFF40F2C2514220F3F7E7FF00BFB8
:10C57800380100214FF4DB71422008B5F3F7DEFFE4
:10C58800F8B50446000733D53A4F01230D467868BD
:10C598003B707B7090F8C831022B5AD015F006F921
:10C5A8007E68002342F2107CB6F8B6E12A46EEFB1C
:10C5B8000C231218B86843EB0103C6E97623037805
:10C5C80083B9436F027F002B51D053F8793C294639
:10C5D800D6F8985120305B1BD6F89C5105FB0232E7
:10C5E8001CF078FA210603D47B68012283F8C9215C
:10C5F800E20620D4A30600D4F8BD1E4C636893F865
:10C60800C71003F5C070D3E9626502F045F9A26866
:10C6180013784BB96368D3E96201864275EB01016F
:10C6280003D25068FEF748F86368D3F87021013ADE
:10C63800C3F87021F8BD0F4D6868C17FA03002F0C3
:10C648002BF96B680022196E83F8C92161B12A732E
:10C65800D0E70323084900F2F31000F82B3C00232D
:10C6680043721BF01AFB99E701232B73C2E7FFF70C
:10C6780081FF00BFF00D002101AE000140F2AD4185
:10C68800422008B5F3F75AFF70B5254EB3681A78FB
:10C6980032B15B6800205B08984228BF184670BD1D
:10C6A8001D6D1C6C641B5D6C5B6D65EB03032518CD
:10C6B80043F10003012D73F1000026DB4FF0FF303A
:10C6C800A84272EB030325DBB9B91AF044F9B36841
:10C6D80093F862300B2B13D8124A112432F8131036
:10C6E800014489B2284613F0DDF9B36820445B6839
:10C6F8005B08984228BF184670BD64210224F1E700
:10C7080040F2FB310620F3F719FF4FF4A4714220E1
:10C71800F3F714FF40F249114220F3F70FFF00BF6F
:10C72800F00D002108510301F0B50E4687B004460C
:10C7380013F086FB96F8C7300021F27FD6F89C717B
:10C7480093420291009138BF1346254A8DF808009C
:10C75800013B9268059107FB03F3D26E934238BF01
:10C76800D21A02F58D7301932378012BCDE90311B9
:10C7780023D0257F07FB05F52846FFF785FF236CA7
:10C7880000F1C9025030ED18636C43F10003AD1A93
:10C7980063F10002019B049503EB400305920193AA
:10C7A800694694F82400A36315F0F8F898B111F0DD
:10C7B800EBFA14F00DFE07B0F0BD02F5D572019248
:10C7C80014F0F4FFD6F89C311818019B41F10001D0
:10C7D800CDE90401E4E740F2EE514220F3F7AEFE62
:10C7E800F00D002138B50378044623BB856C13F09F
:10C7F80015FB636F2BB36FF4047403222344E5FB2A
:10C80800020193F8C821022A0AD00BD8D3F81132B2
:10C81800BBB16FF40472134493F8C821022AF4D10F
:10C82800012038BD032A0ED1D3E97642A04271EB2C
:10C838000202EBD3F4E7056D13F0F0FA636F002BF7
:10C84800D9D1022038BD40F23B114220F3F776FEE1
:10C8580070B5446F0546F4B16FF404731C44D4E911
:10C86800783194F8C92004F1B800023394F8C7C0AD
:10C8780041F100019B1A61F10001A3FB0C230CFBA1
:10C888000133002B01DA0022134612F0A5F9D4F87F
:10C898001142002CE0D1002605F120042E77204615
:10C8A8001CF062F92B7848B920461BB9BDE87040E6
:10C8B8001CF09CB9BDE870401CF088B901212046E5
:10C8C8002E771BB9BDE8704007F03ABFBDE870404D
:10C8D80007F012BFFFF7BCBF90F8C01108B590F879
:10C8E800C63090F89021A1B1D11E012938D9012A6A
:10C8F80048D0022A58D190F8B0100F33827FC81E52
:10C908009B00012835D89001963300F574701844BF
:10C9180008BDD11E012911D9012A36D0022A43D1D6
:10C9280090F8B0100B33827FC81E9B0001280ED8E8
:10C938009001963300F53470184408BD9B0103F547
:10C94800347390F8B010827FC81E0128F0D90129ED
:10C9580024D0022928D1900096332C30184408BDE1
:10C968009B0103F5747390F8B010827FC81E0128EC
:10C97800C9D901290CD0022916D1900096333C3030
:10C98800184408BD0E33DB00EDE70A33DB00D8E7B7
:10C99800D200963302F17000184408BDD2009633D5
:10C9A80002F15000184408BDFEF778FC30B57E4C03
:10C9B8000146A268137E012B70D0137F6068013393
:10C9C80090F8B541DBB29C422BD8D0F81132002B3D
:10C9D8004FD04FF0020E13F8494C6FF40475012C38
:10C9E80003EB0500A4F1020C45D0BCF1010F3CD8C3
:10C9F80013F8203C03F0FF05BBBBB2F93230B0F9A5
:10CA0800D2C1B2F832E0A3EB0C03A0F8D2E19BB29A
:10CA1800D0E97824D31844F10004C0E978340D70C3
:10CA280030BDC47F5CB1D0F8A8E0D0F8AC40D0E904
:10CA380078C5F44575EB040401D30B7030BD90F84C
:10CA4800C7404CB1D0F888E1D0F88C41D0E978C51E
:10CA5800F44575EB0404F0D21478012CB5D190F8A4
:10CA6800C941002CB1D10B70E8E7D0F81132002B86
:10CA7800B1D1002030BD1478002CF6D1548EB0F816
:10CA8800D451641B2404F0D4D0F8E04180F8C8E104
:10CA98000634A0F8D251C0F8D441A9E76068137FE2
:10CAA8000028E6D000244FF0020CD0F8110248B359
:10CAB8006FF40475284490F8C8E1BEF1010F31D035
:10CAC800AEF1020EBEF1010FEFD890F8F151002D32
:10CAD800EBD1002B51D0C57F002D37D0D0F8E051D5
:10CAE800D0F8A8E07545D0F8E451D0F8ACE075EB83
:10CAF8000E052BD390F8B5519D429ED8D0F811025F
:10CB08000028D5D1002CB4D1506F0028B1D06FF4D3
:10CB1800047E013301247044DBB290F8C8E1BEF111
:10CB2800010FCDD11578002DBFD1B0F8D4E1558EC5
:10CB3800A5EB0E052D04B8D4D0F8E051A0F8D2E149
:10CB4800063580F8C8C1C0F8D451BEE790F8C75080
:10CB58005DB1D0F8E051D0F888E17545D0F8E451DE
:10CB6800D0F88CE175EB0E05C4D21578012D9CD157
:10CB780090F8C951002D98D1BCE7558EB0F9D24133
:10CB8800B2F93220A0F8D251121BD0F8E04192B28B
:10CB9800A218C0F8E021D0F8E42142F10002C0F860
:10CBA800E4210B7030BD00BFF00D00212DE9F04FDE
:10CBB800CF4D8DB0D5F808806860D8F8742098F803
:10CBC8001C30002A00F01182D0F89C610F4652F800
:10CBD800792C044603FB06F6D0F89831F61A164469
:10CBE800FFF77AFE2B693044984298BF47F0010757
:10CBF800002F00F05B8198F800302046002B00F0F1
:10CC08005A81FEF7B9F88046002800F0F581AB6834
:10CC180008F1960094F8CF2193F81C90D4F8E0B16D
:10CC280009F101091FFA8BF35FFA89F94A4505D121
:10CC380094F8D011DAB2914200F0AE81CDF80090AC
:10CC480004F5E571D4F8B8211AF003FB824684F89C
:10CC5800CF9184F8D0B184F8CE010D21B4F8AC019D
:10CC6800F4F70EFD8146002800F0608194F89001E9
:10CC78000FF0B6FE09EB400999F8193084F89131A4
:10CC8800AB6804F1A001204604F1B80B1B7F0093A8
:10CC980094F82130E27F01F041FDAB6804F5C071E2
:10CCA80028731B7F2046009394F8C79094F8C930E6
:10CCB8004A4601F033FDD4F8E031D4F8E42158466F
:10CCC8000133A3FB091342F1000209FB02334A1E98
:10CCD80063F100031EF0CCFCE37F002B00F00A8117
:10CCE800D4F8A830D4F8E021D4F8AC10D4F8E40192
:10CCF8009A4270EB0101C0F0FD8094F8C71000293A
:10CD080000F04D81D5F808C0A2EB030ED4F89C11B1
:10CD18009CF81C30BEF1FF0FD4F8889103FB01F199
:10CD2800D4F88C31089300F26281DCF804304A456B
:10CD380003FB0E13DDF820E070EB0E00C3F10003D7
:10CD4800C0F0C980D4F88801121AFF2A00F24F8176
:10CD5800D4F89801A0EB0109DCF81000DCF8041005
:10CD6800A9EB000901FB12990022002F4FF00001E6
:10CD78003046099308BF0222697029780892FFF7A4
:10CD880083FCA968074691F800C0BCF1010FDDE9F2
:10CD9800082300F0D080D1E91001301841F10001DA
:10CDA800C01B61F10001059404F5DC74CDF818B0DE
:10CDB8000494CDF80090CDE9022A08F1E8024FF07A
:10CDC800000807926246CDF80480FDF79FFC0446F0
:10CDD80000286BD0AB681B78012B40F0C780404619
:10CDE800FDF720FD0DF12F00FFF7E0FD07460028B5
:10CDF8005DD0D5F808909DF82F80D9F87430002BB5
:10CE080000F0F38053F8792CD0F89C3103FB08F834
:10CE1800D0F89831A8EB03089044FFF75DFD2B6923
:10CE28004044984243D899F8003038466F61002B47
:10CE380000F0C680FDF7A0FF002800F0DD80A8EB19
:10CE480006089DF82F6097F8CF2196300136D7F85D
:10CE5800E091F6B21FFA89F3B24205D197F8D011E2
:10CE6800DAB2914200F0BE80D7F8B82107F5E57133
:10CE780000961AF0EEF987F8D091814687F8CF61CD
:10CE880087F8CE01AB681B78012B00F0A2806421E3
:10CE9800404612F007FE023049463B4680B207F58D
:10CEA800DC72A8EB0000FDF7F9FC00E00024204646
:10CEB8000DB0BDE8F08FFDF755FF804600287FF4E0
:10CEC800A6AE82E0D5F808C0D4F89C319CF81C10B6
:10CED80003FB01F13B46DCF80420DCF81000A2EB70
:10CEE8000109D4F8982191440122A9EB00093CE7F3
:10CEF800F00D002194F8C770002FE3D0D5F808C0D2
:10CF0800D4F89C31D4F88871D4F8E0219CF81C102E
:10CF1800BA42D4F8E40103FB01F1D4F88C314FF0A4
:10CF2800000770EB03033B46D5D30BE798F87C303A
:10CF380084F89131A4E694F890E1314800EB4E0072
:10CF4800DFF8C0E0008B00F5FA70AEFB00E04FEAB6
:10CF5800901ED1E91001903041F10001801941F192
:10CF680000011EEB000041F100011CE7D5F8048028
:10CF78007F0098F8B00011F073FC98F8B020204BAF
:10CF880003EB82039B6A03F2E7381E4BA3FB0838C6
:10CF980007EB9818404423E794F8CEA15DE6D21A2F
:10CFA800D5F808C0D4F89C319CF81C10FF2A03FB64
:10CFB80001F11CD8DCF8043003FB021253428AE763
:10CFC800FDF7D0FE00287FF43AAF8A214220F3F71C
:10CFD800B5FA07F1B80307F5DC7249464046FDF794
:10CFE8007FFC64E797F8CE914CE7FFF7C3FA40F26D
:10CFF800F3114220F3F7A2FA93214220F3F79EFAA5
:10D0080008510301D34D621082072DE9F0435F4DAB
:10D0180087B003D56B683D2283F8F121D5E9016714
:10D0280095F80C9097F81C8096F8B53108F1010234
:10D038009A4232D0C3073DD40DF11700FFF7B6FC72
:10D048009DF81730044607F120003B771BF08CFD54
:10D0580080F001030746DBB2002B00F09280ACB9E8
:10D068008FE0FDF74BFB10F0FFFD00212046FFF796
:10D078009DFD03460DF1170013BBFFF797FCAB6846
:10D088009DF8172004461A77002839D06B69A34207
:10D09800E7D16B78002BE4D0E7E73B78002BC9D1C8
:10D0A80096F86231002BC5D1D6F878310133C6F82D
:10D0B8007831BFE7384607B0BDE8F043FFF7C8BB93
:10D0C800B9F1000F1FD196F8B5C1424606F5C073F5
:10D0D800D6E96089D6E97801CDF808C096F8C7C0C6
:10D0E800CDF804C096F8C9C0CDF800C001F0E6FA42
:10D0F80088BB42464B4606F1B80011F06DFD27E0AB
:10D10800B9F1000F2DD096F8393083B344B396F8AF
:10D11800B5C1424606F5C073D6E96089D6E97801FB
:10D12800CDF808C096F8C7C0CDF804C096F8C9C0B5
:10D13800CDF800C001F0C2FA68B942464B4606F184
:10D14800B80011F049FD1FB12146A868FFF7ECFAB5
:10D1580007B0BDE8F08318F1010849F10009ECE7D0
:10D16800AB681846FFF774FB07B0BDE8F083D6E953
:10D178002823074906F13100C6E902231AF090FD79
:10D18800C4E7B9F1000FBED1C0E700BFF00D002120
:10D1980035AA02012DE9F0410023764D446F82B093
:10D1A8002B70A860002C5FD06FF4047702213C44F8
:10D1B80094F8C831012BA3F1020266D0012A58D88D
:10D1C80094F8F13103F0FF07002B52D1B0F9323057
:10D1D800B4F9D261B0F832E09B1BAE68D4E978218B
:10D1E8009BB2D6F86CC0706FD318A4F8D2E1C5F81A
:10D1F80010C041F10001C4E97831002858D0026814
:10D20800002A6BD0022015F00BF80221D6E91B2367
:10D21800A3EB0208804528BF8046B8F1400F38BF0D
:10D228004FF04008404615F063F8002842D010F04F
:10D238005FFAFDF763FA50495048FDF755FA002F99
:10D2480071D100212046FFF7B1FC03460DF107001C
:10D25800002B3CD1FFF7AAFBAB689DF807200446DA
:10D268001A770028EDD1184602B0BDE8F041FFF763
:10D27800EFBAD4F8114224B36FF40472144494F84A
:10D28800C831012BA3F1020298D10378002BF0D109
:10D29800B4F8D421438E9B1A1E04EAD4D4F8E031A2
:10D2A80084F8C8110633A4F8D221C4F8D43187E72A
:10D2B8000746A7E72B6943442B61B36B4344B36329
:10D2C800B5E7A86802B0BDE8F041FFF7C1BAA868A1
:10D2D800203002B0BDE8F0411BF06BBC6FF4047362
:10D2E800C31850F8750C93F8C710DB7F8B4238BF12
:10D2F8000B46012B38BF0123BCFBF3FC0CF50D7C5E
:10D30800844527D206F120001BF029FC074618BBEC
:10D31800A868037F13B310F0EBF9FDF7EFF916498E
:10D328001648FDF7E1F901212046FFF73FFC0028E8
:10D33800CDD10DF10700FFF739FBAB689DF8072049
:10D3480001461A7700288ED0184602B0BDE8F04191
:10D35800FFF7EAB9174655E7AE6853E720301BF0E8
:10D3680003FC0028D7D1A868054920301BF087FCAA
:10D37800D1E700BFF00D002111D0000189C50001DF
:10D38800F9C400012DE9F041037E0546002B58D071
:10D39800436F002B00F0A5806FF4047100260B4446
:10D3A800304693F81FC01C4693F8C720944538BFF1
:10D3B800944693F8B521824201D310461E46D3F80D
:10D3C80011326BB16FF404721344DA7F93F8C7100B
:10D3D8008A4238BF0A469445EBD894461C46E8E78B
:10D3E800002E00F082802B78002B67D120464FF06A
:10D3F8003908FFF771FA94F8C730E27F934238BFD3
:10D408001346013BDAB26B6F53F8797CD4E9663185
:10D41800FB1A01FB0233434418442B78E8666BBBC4
:10D428003046FFF759FA96F8B5313930013BDBB28F
:10D438003844D6E96612401A02FB03002867BDE8A3
:10D44800F08174301EF019FA002852D06FF4047479
:10D458002B78041926468BBB4FF039082046FFF776
:10D468003BFAE37F94F8C720934238BF1346013B49
:10D47800DAB26B6F002BC7D1FFF77CF896F89021D2
:10D488001E4B96F8B00003EB42031C8B11F0F0F929
:10D498000746304604F24954FFF71EFA184BE219C2
:10D4A800A3FB023296F8B53100EB9210013B6A6F8C
:10D4B800DBB2002AE0D052F8797CB9E794F89021E1
:10D4C8000E4B94F8B00003EB42031F8B11F0D0F918
:10D4D8000B4B07F249570744A3FB07234FEA93185E
:10D4E800BCE7EC214220F3F729F8ED214220F3F7BD
:10D4F80025F8C8214220F3F721F800BF085103019D
:10D50800D34D62102DE9F04F426F85B0D1E90489FF
:10D518000291002A00F0E18004466FF404700125AE
:10D52800DFF8D0A102440020DFF8CCB1D2F898315E
:10D5380017460646019397F8C831032B00F2D480AA
:10D54800DFE803F035703C02D7E97623904579EBA4
:10D55800030312D2D7F8A430190603F080020CD4C2
:10D56800D7F8843103F080031A4306D1D7F8E421B1
:10D5780002F08002134300F0848097F8F131002B09
:10D5880068D1082387F8C86187F80632237843B939
:10D5980007F2112104F174001EF03CF9002800F094
:10D5A800978007F2FD1051461AF077FB0120D7F853
:10D5B8001172DFB16FF404731F44BCE7D7F8D411BC
:10D5C80097F8F13103F0FF0C002B32D1D7F8E03196
:10D5D800D7F8E421013342F100028B4272F10003D3
:10D5E80041D2D7F811726546002FE3D1B5B9237837
:10D5F800A3B9636F002B70D053F8793C019AD31A02
:10D608006DD4226993425ED202990A69D2180A61DE
:10D618004A6942EBE3734B61002850D1284605B0B4
:10D62800BDE8F08F97F8F13103F0FF020BB915460A
:10D63800BDE797F8F13103F0FF027BB9032387F8C0
:10D64800C83107F2F310594687F8FC211AF025FB78
:10D658000120ACE797F8F131DBB293E72378CBB13F
:10D6680087F8C861EDE7237803B33E2307F2F31088
:10D67800594687F8C86187F8FC311AF00EFB01207B
:10D6880095E797F8F13103F0FF02002B7FF475AFAF
:10D6980015468CE707F2112104F1740003921EF07D
:10D6A800B9F8039A0028DBD1FEF7E8FF07F2112149
:10D6B80004F174001EF0AEF80028D6D1F4E7204635
:10D6C800FFF760FEAAE740F281514220F2F736FFE9
:10D6D80040F2BF414220F2F731FFFEF74BFF4FF413
:10D6E800B0614220F2F72AFF4FF4AE614220F2F710
:10D6F80025FF00BF99AB000101AE0001436F0BB1DC
:10D708001A680AB100207047C26E6FF4047053F8AB
:10D71800751C034493F8C700DB7F984238BF18464E
:10D72800012838BF0120B2FBF0F000F50D708842E7
:10D738002CBF002001207047014B024A1A60704735
:10D74800380100215CD70001014B1868704700BF01
:10D7580038010021ADC40001EDC700019DD10001D1
:10D76800DDC80001F5C40001A5E301010DD50001E4
:10D778002DE9F84F05460469D1F8980198466B6C75
:10D788000E46241A286C91469DF828A0241843F1C7
:10D79800000B14F00BF8A04271EB0B0380F08380B0
:10D7A800133402464BF10003201A6FF0004463EB78
:10D7B8000103A04273F1000470DAD9F81C40002775
:10D7C800844277EB030C35DBB9F888E0BC46BAF144
:10D7D800210FBB46F444A8F800C03ED0B0F5FA7F4C
:10D7E80073F1000439DA6C682D692018D6F898416D
:10D7F800A4EB050543F1000315F1290C4FEAE57583
:10D8080045F100051CEB020241EB0501D7194BEB72
:10D8180001043F1843EB0404C6E97A74012873F144
:10D82800000245DB6FF07F42904273F1000330DA6B
:10D83800BDE8F88FB0FBF4FC1FFA8CFCACFB047E4F
:10D84800C01BACFB047B63EB0E03B9F888E0BAF1AC
:10D85800210FF444A8F800C0C0D12D69D6F898412A
:10D86800651B15F1290C4FEAE57545F100051CEB20
:10D87800020241EB0505D7194BEB05053F1843EBB1
:10D888000505BAF1210FC6F8E871C6F8EC51C9D000
:10D89800C4E740F2A6411320F2F750FE40F26F4170
:10D8A8001320F2F74BFE40F26C411320F2F746FECC
:10D8B80040F2A4411320F2F741FE00BF2DE9F84FD2
:10D8C800446894F88F601EB101263046BDE8F88F91
:10D8D80005460F4604F04CFBC90711D41A271F232D
:10D8E80084F8127184F81331322384F88F30284673
:10D8F8001AF087FB00233046A4F87C32BDE8F88F85
:10D9080004F51678384641461AF09DF894F8943094
:10D91800002B40F0118194F89330002B40F00C81DB
:10D92800B4F88870D4F81C9004F02CFB94F85A32A0
:10D93800022B07D843B91E2740462322002115F0A1
:10D948002FFCCCE7042BF6D1C0431842C2B240F0FA
:10D95800FA8094F85B32022B40F2EA80042BEAD179
:10D968001A4240F0F08094F85D1201F0C003C02B19
:10D9780000F0E98094F8612294F8603243EA0223C7
:10D9880094F8622202F00F0243EA0243FE2B03D806
:10D9980094F86E221207CED194F8640294F86322A8
:10D9A80042EA002294F8650200F00F0042EA0042C1
:10D9B800FE2A04D894F86E0210F0F00FBBD1B4F828
:10D9C8006602002840F0C18094F86EC21CF00F0F68
:10D9D800B1D1B4F868C2BCF1000F40F0BA8094F835
:10D9E8006EE21EF0F00FA6D194F86AE20EF1FF3A4B
:10D9F800BAF11E0F9FD894F86BA2BEF1010F94F8EC
:10DA08006CE24AEA0E2A94F86DE24AEA0E4A02D01B
:10DA1800BAF5C87F8FD3B4F871B240F2E24E0EFB6C
:10DA28000BFEF24587DA94F86FA2BAF1000F82D0A4
:10DA380094F870A2BAF1000F3FF47DAFABF1040A7D
:10DA480040F67C4B1FFA8AFADA453FF674AF11F0BC
:10DA5800800F3AD194F86EA21AF00F0F18D0BEFBBF
:10DA6800F3FB03FB1BE3002B7FF465AF01F00F0111
:10DA780094F85C3243EA01230344013B93FBF0F33F
:10DA88009BB20BFB03FB0AF00F039B453FF653AF1A
:10DA98001AF0F00F19D0BEFBF2F102FB11E2002AD6
:10DAA8007FF449AF94F85F3203F00F0294F85E32C6
:10DAB80043EA02236344013B93FBFCF39BB201FB63
:10DAC80003F3B3EB1A1F3FF636AF94F8742294F8B9
:10DAD800733243EA022394F8752243EA0243B3F50A
:10DAE800FA7FFFF428AF99457FF625AF94F87712AF
:10DAF80094F8762242EA012294F8781242EA014226
:10DB080093423FF618AFB4F87932DB1B1BB2002BF7
:10DB1800B8BF5B429BB2B3F5804FBFF40CAF2A236A
:10DB28000E4904F2C52084F88F301AF0B9F8DEE601
:10DB3800002B3FF400AF13E71DF0BEFE00287FF472
:10DB4800EFAE2527F8E62027F6E6FB287FF641AF5B
:10DB5800F1E6BCF1FB0F7FF647AFECE60DB700012D
:10DB6800FDF716B94B682DE9F041D3F81C5182B086
:10DB780025B94FF404711320F2F7E0FC0C466FF45A
:10DB880005730821074635F8670C1D44F3F778FD3F
:10DB98006368DE6903F13C08D5F8A031013E9E4276
:10DBA80028BF1E4618F0D7FE6268014692F8C231B7
:10DBB8000B2B2CD8D069184A32F81330194489B283
:10DBC80011F070FF044640461AF0AAF80346C6F35F
:10DBD8000F2238461C44D5F8A43169461134640034
:10DBE800B44228BF34469C4238BF1C46009B64F3AD
:10DBF80017030093B5F8B2318DF80360ADF804202F
:10DC0800ADF8063019F094FF02B0BDE8F08140F29B
:10DC1800FB310620F2F792FC445103010B4600B594
:10DC28005B6883B093F83BC101A993F83A2193F854
:10DC38003C318DF804C08DF805208DF8063019F0B8
:10DC4800D8FF03B05DF804FB202901D002207047FB
:10DC58002DE9F041456882B0044695F88F302C2BA9
:10DC680007D1D5F81C6146B94FF40D711320F2F7AE
:10DC780065FC022002B0BDE8F0810027082136F8D3
:10DC8800670C0192F3F7FCFC204685F88F70A5F825
:10DC9800CC701AF0C6F9019A06F8192C0AB106F8E0
:10DCA8004D7CA6F12200024919F0F7FF0020E1E7B8
:10DCB80001AE000190F88F302A2B00D0704790F801
:10DCC800CD32002BFAD190F88632002BF6D1C269FA
:10DCD8000139B0F87C32B0F8CEC111446344B1FBCD
:10DCE800F2F19BB28B42A0F87C32E7D3024900F2F2
:10DCF8007E2019F0D5BF00BF1DB0000108B54368EC
:10DD080093F88F202B2A06D12C21002283F88F101C
:10DD1800A3F8CC2008BD40F263211320F2F70EFCD3
:10DD280008B50A794979FDF7CDFC4FF6FF7398429B
:10DD380000D108BD0921F3F7A3FC18B1162380F818
:10DD4800F13108BD40F271211320F2F7F7FB00BF53
:10DD5800D0F8543270B5002B47D013F8512C6FF41B
:10DD680006710446022A03EB010503D01B68C4F8B8
:10DD7800543270BD0821B5F8AE01F3F781FCB4F850
:10DD88008830B5F8B2216FF0004CE6696FF0020EEA
:10DD9800D21A13B242F3C031A3FB063206FB0122AA
:10DDA800D5F8A8115B184FF0000142F1000213EBFF
:10DDB8000C0C42F10002E64571EB02021AD3002B6B
:10DDC80041680BDB0622D4F85432C5F8D421002B65
:10DDD800CCD14FF464711320F2F7B0FBDA430A4454
:10DDE800B2FBF1F292B20632EDE74FF46271132002
:10DDF800F2F7A4FB40F219311320F2F79FFB00BFA2
:10DE08002DE9F04F45688DB0074695F88F302C2BDB
:10DE180005D04FF0020840460DB0BDE8F08F084627
:10DE280008A919F0CCFED5F81C91B9F1000F04D15E
:10DE380040F2A3311320F2F781FB082139F8670C6F
:10DE4800F3F71EFCBDF82D20B5F888306FF405787F
:10DE58000446D31A09EB08061BB2002BB8BF5B4275
:10DE68009BB2B3F5804F80F00181E98C42F2107EBD
:10DE7800BDF828304FF000089DF827000EFB01F18F
:10DE8800BDF82AC040EA03209DF82C30E1654CEA31
:10DE9800034C0899099BC6F8B811C3F3170320610E
:10DEA800C6F898C194F817C0C6F8A8316168A36885
:10DEB800A6F8B221627D00906046FDF70DFED4F809
:10DEC80010C07061E368A27D6168E07DCDF800C094
:10DED800FDF702FEB5F88810BDF82D20099B521AEF
:10DEE800D5F81CE0C3F3170CC6F8BC0013B242F314
:10DEF800C0326FF07F40A3FB0E3113EB0C030EFB17
:10DF08000212DFF89CC242F10001181841F1000228
:10DF1800844578EB020296F82C2038BF4FF0200891
:10DF2800002A40F09980627DD6F898E1013AD4F849
:10DF380004B00BFB02E2D5E990ACB26113EB0A0026
:10DF48002269CDF814C04CEB010C821A6CF1000C5C
:10DF580012EB0E02C6F8E8214CF10002C6F8EC21DB
:10DF6800B8F1000F40F08A800029C0F2D9800693EA
:10DF780004F1200B58461AF08FFD0146002800F0E6
:10DF88009380D4F874C0BCF1000F00F00381D6F878
:10DF980098216FF4047E5CF8793C0CEB0E009A42F1
:10DFA80040F2A2804B4643F804CD636720460791B0
:10DFB800FFF7E8F9636F002B00F0E28053F8792C43
:10DFC800D6F898310699D01A8142079980F0BE8018
:10DFD8004FF00009C1B1584600211AF018FE94F814
:10DFE800240013F0FFFE002800F0CF800021DDF8A8
:10DFF80018C05246059B5846CDE90111616801FBDE
:10E0080019C1009106F0EAFA638E01339944A6F823
:10E01800D491237E012B00F09080636F002B00F0D9
:10E02800AA801A686FF404710B44002A00F09E80DD
:10E0380052F8791CD3F89821D3F89C31521A9A4295
:10E048007BD2012338462376002385F88F30A5F844
:10E05800CC3019F0E6FFDEE6D6F898E1A268D4F8ED
:10E0680004B07244607D0BFB002264E7EB8C42F243
:10E0780010724FF01E0802FB03F3C36500243846F4
:10E0880085F88F40A5F8CC4019F0CBFF86F8FC81C5
:10E09800A046A9F12200434986F8C84119F0FDFDC0
:10E0A80040460DB0BDE8F08F4A46636F07902046A2
:10E0B80042F8043D62670124FFF764F90699A6F85F
:10E0C800D4415846009152460799059B0591CDE9E0
:10E0D800011106F083FA0599384685F88F10A5F8DE
:10E0E800CC1019F09EFF96E6014607E050F8793CFF
:10E0F8006FF4047C9A42844432D86146D1F8110204
:10E108000028F3D109F8040CA9F1040989F80100E1
:10E1180089F8020089F80300C1F81192014645E721
:10E12800DA43C6F8E4815A44B2FBFBF291B20BFB26
:10E138000133C6F8E01106931AE70023384685F83C
:10E148008F30A5F8CC3019F06CFF64E6A3EB020918
:10E15800069B62689944B9FBF2F91FFA89F939E715
:10E1680049F8040DC1F8119200211FE740F203316C
:10E178001320F2F7E3F94FF440711320F2F7DEF9B8
:10E1880040F229311320F2F7D9F940F2FD3113207A
:10E19800F2F7D4F940F2C6211320F2F7CFF900BF05
:10E1A800FF86930401AE0001F0B50B4683B04768C3
:10E1B80001A9184619F024FDD7F81C411CB39DF895
:10E1C80005509DF8046002E0D4F81542DCB16FF404
:10E1D80005731C4494F8B431AB42F5D10821B4F866
:10E1E800AE01F3F74DFA037DB342EDD19DF8063049
:10E1F80084F8F13197F836312BB197F83A219DF828
:10E2080005309A4202D0002003B0F0BD97F83B21B8
:10E218009DF804309A42F6D197F81631222BF2D0A5
:10E22800002387F83631EEE7704700BFD0F89C30FE
:10E238008BB190F8312003F8242CFF2103F8231C1C
:10E248001B6843B190F8312003F8242C03F8231CF1
:10E258001B68002BF6D170472DE9F047D1F80480F0
:10E268008CB0D8F85492B9F1000F00F0DF8007465F
:10E27800082139F86B0CF3F703FA6FF406730546B7
:10E2880009EB0304002800F0CC8098F8943084F857
:10E29800C031D8F82830C4F8BC31B8F82630A4F812
:10E2A800B631FFF76FF8D4F8A461002E00F0A28011
:10E2B800D4F8A0310DF10C08B4F8B2C194F890016B
:10E2C800002294F8B010A0F1030EBEF1010FA1F1E5
:10E2D800030ECDE90422CDE9062298BF0420CDF82B
:10E2E8001F20BEF1010F95F814E098BF04218DF8A6
:10E2F8000CE094F8B4E18DF80F108DF80E008DF84D
:10E308000DE0B4F8C40095F81790C0F30B00D5F8E9
:10E318000CE0D5F808A040EAC930BDF81090BDF867
:10E32800181009F4E04921F47F6140EA0900B4F8C3
:10E338001C9021F00F01ADF8100010466AF313008D
:10E3480005908DF817E0CEF30B2E41EA0E01ADF8DB
:10E358001810BDF8121069F30B01ADF8121094F8FB
:10E36800C610ADF81A10A17FADF81C1094F8B511BD
:10E3780001298DF81E1003D0D4F89C2122F07F4289
:10E388008DF81F203846C2F30727120C41468DF836
:10E3980020708DF8212094F8C720E47F02F00F0246
:10E3A80042EA0412244C8DF82220B5F81520ADF865
:10E3B80023206A688DF82760A4FB02428DF82A3072
:10E3C800920AADF82DC0ADF82520C6F30722C6F392
:10E3D80007468DF82820C3F30722C3F307438DF8B7
:10E3E80029608DF82B208DF82C3019F0BFFA0CB06D
:10E3F800BDE8F08742461F230DF10C082146009323
:10E4080028464346ADF80C60FFF7B2F9BDF80CC0DA
:10E4180049F8790C064649F8750C0346A4F8B2C1C8
:10E428004CE740F2B4411320F2F788F840F2B241C9
:10E438001320F2F783F800BF5917B7D108B543681E
:10E4480093F88E201AB92D2283F88E2008BD40F249
:10E45800E9411320F2F772F810B5446882B094F8D5
:10E468008E302D2B02D0022002B010BD084669461E
:10E4780019F070FBBDF80630B4F888209B1A1BB25F
:10E48800002BB8BF5B429BB2B3F5804FD4F854322F
:10E4980037D2D3B313F8292C02F0FF00F2B14FF0B2
:10E4A800000C2021322284F81511002184F88E20D6
:10E4B800A4F8C61013F8292C02F0FF00AAB14420D2
:10E4C800D4F8542284F8140122B31268C4F85422F0
:10E4D800162203F8282C084602B010BD2E23A4F8F3
:10E4E800C60084F88E3002B010BDD4F8542284F8E7
:10E4F80014C17AB11268C4F8542203F828CC02B0C7
:10E5080010BD13B14FF01E0CCBE740F2165113208B
:10E51800F2F714F84FF4D2711320F2F70FF800BF96
:10E5280008B50022D0F8543280F88E2080F8CA202E
:10E5380033B11A68C0F854221A2203F8282C08BDEF
:10E5480040F23D511320F1F7F9FF00BF2DE9F041EA
:10E55800D1F8048086B0D8F85442002C63D06FF408
:10E5680006730746082134F86B0C1C44F3F788F847
:10E578000546002852D0D4F8A861A6B3B4F8B20171
:10E588000DF1080894F82C3043BBD5F80CC06B6823
:10E59800D4F898212D69B3FBFCF3511B013B0CFB0C
:10E5A8001311D4F8B831A16141460293ADF8122095
:10E5B800C2F30742039BADF81500384666F317030C
:10E5C8008DF81420C5F30F220393ADF810208DF8B1
:10E5D8000F5019F0CFFA06B0BDE8F0812D69D4F8D4
:10E5E8009821511BDDE7424621230DF108082146F9
:10E5F80000934346ADF80860FFF7BAF86B8E0646FD
:10E6080000220133C4F8A801BDF80800A4F8D231EB
:10E618000023A4F8B201C4E97823B3E740F24951D2
:10E628001320F1F78BFF40F247511320F1F786FFD3
:10E63800426808B592F88E302E2B1CD10021D2F8F2
:10E64800543282F88E1082F8CA107BB113F8512C1C
:10E658006FF40671012A0B4400D008BD4FF0FF315A
:10E668000222C3F8D41183F8C82108BD40F26E51C4
:10E678001320F1F763FF40F267511320F1F75EFFB3
:10E688001F29034610B509D00220D3F8541281B1CE
:10E698000C68C3F8544201F8282C10BD90F88E106D
:10E6A8002D29F1D10021084683F88E1083F8CA106D
:10E6B800EBE740F29D511320F1F740FFF0B59DF8CC
:10E6C80014C09D681CF1FF3CDC689DF81C606EEB73
:10E6D8000E0E1CEB050C44EB0E0E60459DF8184021
:10E6E80071EB0E0717D3B4B184457EEB010110D34B
:10E6F800A4FB05511B685D1BB6FBF4F0EDB2013CB1
:10E70800641B04FB1064E0B2824234BF0020012085
:10E71800F0BD0120F0BD0020F0BD00BF2DE9F04F95
:10E7280089B09DF84840002A00F0898090F8B5E14A
:10E73800D0E97878002C50D0013B086802F1FF3608
:10E74800019060EB0000069307900596D1E9025A04
:10E75800BEFBF2FCEB18CDF810C04AEB000C486881
:10E768000390A5FB029002FB0A0B0198B0EB09008D
:10E77800CDF808B0E04508BF9F42C0B2BEFBF2FB2F
:10E78800A6EB000000FB1BE0C0B258D1844252D176
:10E79800019B03985E1CDDF808B040F100030135C9
:10E7A8000E604AF1000012EB09024B604BF1000CBD
:10E7B800634508BF964260D0B6EB0906059BF6B2E2
:10E7C800981B049B00FB13E0C0B20134201AB0FA76
:10E7D80080F0400909B0BDE8F08FFD1A68F1000C1F
:10E7E800BCF1000F45DB0135D1F80090D1F804A049
:10E7F8004CF1000CA2FB050B02FB0CF6814505FB56
:10E8080004665E447AEB060A1DD3013BD1E9025641
:10E8180061EB01015B1946EB010CA2FB0551B9EB59
:10E828000509BEFBF2F05FFA89F9013AA2EB090982
:10E8380009FB10E0C0B2E04508BF9F42C5D00020E8
:10E8480009B0BDE8F08F013BC1E90006C1E9025CEF
:10E8580002F1FF30BEFBF2F162EB02025B1901FB31
:10E8680010E04CEB020CC0B2E04508BF9F42E6D175
:10E87800ABE74FF0FF35AC46B5E7DDE90432C1E957
:10E88800025002FB13EE069B079AEB1840EB020CB2
:10E898005FFA8EF0CFE700BF30B5D0E90024836877
:10E8A8000132C56844F10004013345F10005A1FBBC
:10E8B80003EC01FB05C18C4208BF7245C0E9002486
:10E8C80008BFC0E9023530BD10B5044615F037FC65
:10E8D80008B9002010BDE04315F031FC0028F8D03D
:10E8E800E31683EAA4635A1E1A42F2D0E3B25A1E10
:10E8F80013405A1E1342ECD0A0B219F012FB0B2899
:10E90800E7D8204619F009FB1828E2D8A3B2B3EBE0
:10E91800144F04D184EA142313F0FF1FD9D0044BF9
:10E9280063405A1E1A4214BF01200020D2E700BFDC
:10E93800D6BE898EF0B5070C164BA7F5AA4203EA96
:10E948009023543A012A20D927F4004042F6AA22FB
:10E95800801A18BF0120002216211F24164687EAB4
:10E96800060562EA0505013511D0DD0301394FEAD4
:10E978005303ADB245EA56064FEAC4354FEA54048C
:10E98800ADB245EA5202EAD1F0BD0020E3E700202B
:10E99800FAE700BFE0FF3F00F8B58D1F40F67A4C5C
:10E9A8000746BDF82460ADB21046BDF8182065458D
:10E9B8003BD8841FA4B264458CBF0024012425469B
:10E9C800AFBB1D4F3F796FB15CB96FF450654D19FE
:10E9D800062D06D86FF450640419062C8CBF002449
:10E9E80001242546FDB1814224D803FB0666B6F50D
:10E9F800FA7F1FDCA2F10A0340F676449BB2A342D9
:10EA080018D815F01AFD42F2107300FB06F15A43AC
:10EA1800B2EB410F0ED9BDF81C50BDF8200085425D
:10EA28008CBF002501252846F8BD0024C7E797F8C4
:10EA38007D70C8E70025F6E7080E0021F7B5002528
:10EA480006462C463278ABB29A4207D8104B0020C3
:10EA5800B3F854201444A3F854400FE006EB85079C
:10EA68006946B7F8010018F04DFA70B90199B7F87E
:10EA78000330B1F8A620934202D9122003B0F0BDAA
:10EA88001C44D21AA4B2A1F8A6200135DAE700BFC7
:10EA9800080E0021F0B502780346DFF894C001F1B2
:10EAA8000C060A700025427840F2712E4A7082786E
:10EAB8008A70D0F80320C1F80320B0F80720A1F825
:10EAC8000720427A4A7294079CF8200001F1240436
:10EAD80081F8490002F0010048BF0130520744BFE5
:10EAE8000130C0B2EAB2904207D89CF8393081F8B8
:10EAF8004830002381F84A30F0BD03EB0512013598
:10EB080057890EFB07F746F8047B97890EFB07F732
:10EB1800B760D78924F8027B178AA780578A67814C
:10EB2800978A2782D78AE782128BA283DAE700BF07
:10EB3800080E00212DE9F341002304460E4617462E
:10EB480000F10A08CDE900336846F2F7D3FD08B1B1
:10EB5800002015E0009DA542F6D03046EB1C15F0CC
:10EB68005BFC3946AA7818F07DF90028ECD005F14D
:10EB78000A036A7A4146607A18F074F90028E3D0EB
:10EB880002B0BDE8F0810000054A134692F8202043
:10EB980053F8211B11F8030BC0F3801018F062B969
:10EBA800501300212DE9F7430F460F2180461646E2
:10EBB8001D46F2F765FD044600283AD069464046EE
:10EBC80018F0A0F920B140F239513920F1F7B6FC1C
:10EBD800DDF8048098F8E3309B072CD528461AF016
:10EBE8005FFE04F15B01A8B1144B1B6813B940F236
:10EBF8004551EAE72A463046984740B9A4F8586094
:10EC0800A4F85B7084F85A50FF2388F8353103B0B4
:10EC1800BDE8F0830A4BD3F80090B9F1000F02D198
:10EC280040F24B51D1E72B4604F17D023046C847EC
:10EC3800E3E70220EBE71A20E9E700BF50010021D3
:10EC480058010021012821D8022B0DD1A2F57A7094
:10EC5800104B98421CD8A1F57A70984218D88A426D
:10EC68008CBF1220002070470B48824210D8012B1D
:10EC780007D140F252739A420AD9A1F6C410074B41
:10EC8800EBE7042BF9D140F6C313F4E712207047E1
:10EC980030207047A7F970028FFD7002CBF3700225
:10ECA8000138C0B2032808B504D940F2493106201A
:10ECB800F1F744FC014B185C08BD00BF5C5103012F
:10ECC8000138C0B2032808B504D940F249310620FA
:10ECD800F1F734FC014B185C08BD00BFCC510301AF
:10ECE8000138C0B2032808B504D940F249310620DA
:10ECF800F1F724FC014B185C08BD00BFBA520301B0
:10ED080007B50E4AB2F85430ABB1013B6946A2F8D8
:10ED1800543018F0F7F820B140F29F613920F1F72C
:10ED28000DFC019A0120B2F8A6300133A2F8A630F2
:10ED380003B05DF804FB1846FAE700BF080E00218F
:10ED480010B504460A48F8F7A5F90A492046F9F724
:10ED58007DFB2046F8F722F838B12046F8F764F82A
:10ED68002046F8F78DF9002010BD1220FCE700BFFF
:10ED7800240E00212C0E00212DE9FF410678804643
:10ED8800012E40F0988031460020F2F779FC0546C4
:10ED980020B940F68F613920F1F7D0FBB8F804307C
:10EDA800002B40F08280F7F797FE00287FD195F876
:10EDB8001431002B7DD12846FFF7C2FF04460028F6
:10EDC8006FD1584F31463046F2F75AFC97F8381051
:10EDD800064619B110B940F6AB61DCE73A7F00236B
:10EDE800CDE9023312F001031CBFF86A0290520702
:10EDF80041BF04AA02EB83037A6B43F8082C00296D
:10EE080045D096F81431002B41D0B8F80230002BC9
:10EE18003DD13B7F3046BA6A009302ABB97FF8F721
:10EE28008DF8A0B33046F9F773FB06F1400380462E
:10EE380005F14002683653F8041BB34242F8041B3C
:10EE4800F9D12846FFF77CFF024610B140F6CD61A4
:10EE5800A1E7B8F10C0F07D101462846FAF798F94F
:10EE6800F8B940F6D16196E7B8F1000F02D040F644
:10EE7800D66190E77B7F2846296D43F0040385F827
:10EE88005430FAF743F960B940F6D86183E7B8F827
:10EE980004202846B8F80210FAF77AF9002808BFC3
:10EEA8000724204604B0BDE8F0811124F9E73A248C
:10EEB800F7E70C24F5E701210020F2F7E1FB05460E
:10EEC80010B940F6EB6166E7F9F7B0FA0446002896
:10EED800E7D195F8543095F8A62022B195F8A720E7
:10EEE800134385F8A600053B012BDAD82B6D13B91F
:10EEF80040F6FB614FE701210846F2F7C1FB2946BE
:10EF08004FF49472064614F0E1F90423316D30464B
:10EF180086F85430FAF7FAF80028C2D14FF4706135
:10EF280039E700BF080E0021114BF7B59C7E064655
:10EF3800DD7E9F8B14B903F025F80446A5B903F0CC
:10EF480021F8054614B9092003B0F0BD0028FAD00D
:10EF5800304601A98DF804408DF80550ADF80670CB
:10EF680018F05EF80020EFE7002CF1D1EBE700BFC6
:10EF78009C1200212DE9F0439946764B044685B052
:10EF880018680F461B7900210290204616468DF816
:10EF98000C30714D03F05AFE704B2780C4F80032D4
:10EFA800AB68E36396F84A2006EB4202B2F82A807F
:10EFB800404615F042FA01466FF450600023804441
:10EFC800B8F1060F6BD9908C4FF0961284F87E300A
:10EFD8002387626340F2E24215F02FFA05F0CCFC79
:10EFE80040F2E2430146A4F8DC312046E161C4F86E
:10EFF800D811FAF715FE804602F0BAFF830658D5F5
:10F00800AA882B7C6988A4F86820A4F8661084F87C
:10F018004430534BA4F846801B681BB194F97C100C
:10F02800384698474F4F3B79003B18BF012384F877
:10F038007D304D4B1B681BB107F1080120889847AC
:10F0480001236386494B1B6813B1494920889847B7
:10F05800484B1B6813B1484920889847474B1B68A1
:10F068000BB120889847464B1B680BB120889847FE
:10F07800AB8804F114006A8869780333033201917C
:10F088009BB2297892B2009104F11801F2F77CFB47
:10F098006369BBB941F232113920F1F74FFA4FF0E9
:10F0A8004D1223870123626384F87E304FF47A730C
:10F0B80099E71B232A7CA4F86630A4F8683084F802
:10F0C8004420A6E7A36913B941F23311E4E715F028
:10F0D80012F92062B9F1000F04D004F0D1F920F040
:10F0E8007F40A06296F84A202046E96806EB42066F
:10F0F800338EA384F38EE384FAF78EFD02A904F11C
:10F10800960017F0FDFFFF2384F80432FB6D23B14E
:10F11800012204F59171204698472046FFF704FF25
:10F12800054604F0ADF90C230121B0FBF3F202FB14
:10F1380013032046DBB25A1DD2B2082A96BF0D33FC
:10F1480084F8A22084F8A23003F080FD284605B098
:10F15800BDE8F083455A03019C1200215E0E002190
:10F1680064010021080E00215401002174010021CE
:10F17800420E0021680100214C0E00216C01002183
:10F1880070010021034B044A1A60044B044A1A60B8
:10F19800704700BF40010021CD4401014401002116
:10F1A800499D0101014B024A1A607047480100213C
:10F1B800C1A3010110B503210020F2F761FA04464A
:10F1C80070B90321F2F71EFA044620B940F29131D2
:10F1D8003920F1F7B3F9034B93F960101AF020F8CE
:10F1E800204610BD080E002138B517F03AFE00255C
:10F1F80003F034FA204C02F0D3FE18F02FFD03F090
:10F20800B9FD05F07FF803F0E9FD012002F06CFE7E
:10F218001A4B1B4A29461D601A4BA4F854501A6011
:10F228001B225D839A80F9229D839D771D76164B5C
:10F2380022835868154A1B8922601422E06104F170
:10F2480024002384A576A580A57513F0A9FF0123C2
:10F2580042F2107204F13A0084F8565084F82430CF
:10F2680084F83930C4E90A221BF0A2FA04F14400F8
:10F27800BDE838401BF0C1BA080E00213C0100214E
:10F2880003021B009C1200215C5103011B00480172
:10F29800044B41F64C521B215A611974C3E90222EE
:10F2A800FFF7A2BF9C12002173B53B4D0446AB6823
:10F2B800C3633A4B1B79003B18BF012380F87D30AC
:10F2C800374BC361F4F70EFC064602F051FE2B7C67
:10F2D80010F0200FA4F8466084F84430314B0EBF7C
:10F2E8001B22AA8869881B6814BFA4F86610A4F8B2
:10F2F8006620A4F868201BB194F97C1020889847F0
:10F30800294B1B6813B12949208898472046FFF7E5
:10F318000BFE064650B102212088F2F7C7F90028F3
:10F3280036D040F224613920F1F708F901236386C9
:10F338001F4B1B6813B10146208898471D4B1B685B
:10F3480013B10021208898471B4B1B680BB12088FC
:10F3580098471A4B1B680BB120889847697804F1C5
:10F368001400AB886A8801910333297803329BB271
:10F37800009192B204F11801F2F706FA636913B921
:10F3880040F24E61CFE7A3691BB940F24F61CAE76B
:10F398000926304602B070BD9C120021080E0021DB
:10F3A80000093D006401002154010021100E0021D4
:10F3B80074010021680100216C0100217001002105
:10F3C8002DE9F34105460E4619F06BFF002800F0C1
:10F3D800AF80284619F0FBFF30B1B6F80130013B89
:10F3E8007F2B01D9122404E0284619F0F4FF20B934
:10F3F8000C24204602B0BDE8F0812846F4F782FDCF
:10F408000028F5D1284619F0F5FE80460028EFD1EE
:10F41800284606F05BFE0028E4D042F21073B6F8E6
:10F428000170F17828465F4319F0B8FF042130785D
:10F43800F2F726F9044606213078F2F721F9002C74
:10F4480078D038B141F67D313920F1F777F80446A4
:10F4580090F8BD80414E3368002B6DD04034204673
:10F4680019F05EFB002867D0204619F015FB00282C
:10F4780062D1B8F1000F08D0394B20461B68984775
:10F48800002859D041F69131DEE7364942463368C3
:10F4980020464969984700284ED041F69631D3E76F
:10F4A800284619F094FF40B902210DF10600F2F741
:10F4B80071F8064658B90D249BE7284619F099FFBC
:10F4C8000028F1D1284B1B79002BEDD18AE70021C8
:10F4D80003F068FBBDF8063028463146338019F042
:10F4E800A6FF284619F085FFA8B9296A284619F009
:10F4F8008AFF01463046FFF7D7FE044600287FF40E
:10F5080078AF3A4631462846F4F7DAF9044620B18E
:10F5180041F6C23198E70121ECE7134BDB6D002B74
:10F528003FF467AF024606F591713046984760E7A9
:10F5380042245EE700288AD1284619F03CFF01469C
:10F548000028ADD13A462846F4F7BAF9044600280F
:10F558003FF44FAF41F69F3176E700BF40010021ED
:10F568005C0100219C120021080E002110B50478CE
:10F57800032C11D804F0FD04084B012C07D1084ACC
:10F58800002408481A6003F05FFE204610BD0020E2
:10F59800186003F059FEF8E71124F6E73C01002152
:10F5A80045EA000109ED0001074B02889B889A4251
:10F5B80008D3B0F803309AB222B1044A0020A2F866
:10F5C80054307047112070479C120021080E00210A
:10F5D800024B1B6803B118470C2070473C010021FF
:10F5E800014B93F960007047080E0021B0F9002024
:10F5F800F8B514B292B202F5A0639BB2B3F5206FCE
:10F6080036D8B0F902301DB29BB203F5A06189B2B9
:10F61800B1F5206F2CD802F2F64140F2BE5089B203
:10F62800814227D803F2F64189B2814222D8002CC0
:10F638004FF00A00C4BF093214B2002DC8BF093305
:10F6480094FBF0F4C8BF1DB203F09CFB0A2167B21B
:10F65800064695FBF1F1384649B203F085FB074BA6
:10F668001B684BB1A01B40B208B198470020F8BDF9
:10F678003020FCE71120FAE71846F8E7600100217E
:10F68800034B5A8802801B7883700020704700BFA4
:10F698009C1200217FB5837806461A2B09D8042BC3
:10F6A80005D9012202FA03F3314A134205D1122582
:10F6B8001AE0292B01D03B2BF9D13088B0F5706FB7
:10F6C800F5D2694617F01EFC88B9019B93F82021F2
:10F6D80002F0FF05C2B9B27883F82121FF2283F82E
:10F6E8002021684618F093FA284604B070BD092115
:10F6F8003088F1F7C5FF0446002837D002A9B0F8D2
:10F70800AC0117F0FFFB08B10C25EDE70821B4F8B0
:10F71800AE01F1F7B5FF20B940F691113920F0F7A5
:10F728000DFF03781BB994F8C831032BECD1039B68
:10F7380093F83621002AE7D194F8F02102F0FF056A
:10F74800002AE1D1B4F8B021A3F8382194F8B42103
:10F7580083F83A21027D83F83B21B27883F83C2173
:10F7680084F8F021FF2283F83621BDE70225BBE7A4
:10F778002000380438B50478427804F0010385780D
:10F7880004F0020452EA030101D1112038BDBCB9CA
:10F79800002DFAD0002B08BF144601E000242546AE
:10F7A800204614F097FF0028EFD0284614F092FF67
:10F7B8000028EAD0054B00209C76DD769883E5E7A3
:10F7C800002BEBD114461D46EAE700BF9C1200212E
:10F7D80013B50088694617F095FB18B10224204636
:10F7E80002B010BD9DF8003001984BB914F032FEFC
:10F7F8000028F3D0019890F8323123B13A24EEE78B
:10F8080014F036FEF4E790F8DA3003F0FF04002B2A
:10F81800F4D190F8D1309B0706D1FF2380F832311C
:10F82800684618F0F4F9DAE70249D23018F03EFADF
:10F83800D5E700BFD98502012DE9F84303780446CE
:10F84800032B03D912252846BDE8F8834378032BF8
:10F85800F8D8437E85780BB9012DF3D115F0F80F50
:10F86800F0D1A80751D5022DECD1504B5B79002B74
:10F87800E8D002F087FB35EA000340F0928094F864
:10F88800029019F0010506D001232269A168E078E9
:10F89800FFF7D8F9054619F0020F07D002232269AD
:10F8A800A168E078FFF7CEF90543EDB219F0040F2F
:10F8B80007D004232269A168E078FFF7C3F905435C
:10F8C800EDB2002DBFD1B9F1050F0FD194F8049016
:10F8D8000423E16862694846FFF7B4F900285ED15D
:10F8E800E3784B455DD1A36899425AD1237E013B09
:10F8F800062BA7D801210020F1F7C2FE814638B9AE
:10F908004FF459613920F0F719FE69079AD0B0E72A
:10F91800A830F8F795FD18B199F854309A0742D1F4
:10F9280094F819C0E278BCF1000CA178A06818BF5F
:10F938004FF0010C012AB4F8009014BFB2FA82F219
:10F94800022294F818E018BF5209CB071ED54B07BE
:10F9580027690BD56669BB19984207D243089F42AD
:10F9680028BF1F46C31B9E4228BF1E460F4B197750
:10F978005A77A3F81E9083F820E083F821C083F813
:10F988002410C3E90A07C3E90C865CE7022902D1FF
:10F99800D4F81080EAE74B0748BF2669E6E7054632
:10F9A80051E711254FE70C254DE700BF080E002150
:10F9B8002DE9F041044688B0002002F095FA23783A
:10F9C8008DF8043063788DF80530A37803F00105CD
:10F9D8008DF806305B0748BF013502F0D3FA9DF871
:10F9E800063083434AD10DF1070003A904F1030847
:10F9F80040F2712E0E468446DAB2954219D8214B50
:10FA080093F8202093F839308DF81C20A2788DF8CF
:10FA18001D3032F0050333D112F0050F30D01A4CE7
:10FA2800DAB2954217D801A8FFF706FF08B0BDE87B
:10FA3800F08103EB8302013318F8027022440CF8BA
:10FA4800017B9788D2880EFB07F70EFB02F246F877
:10FA5800047B7260D0E710F8012B012A10D88A685D
:10FA68000E46A2F6C412A24206D832680431013307
:10FA7800A2F6C412A242D3D93020D7E71120D5E785
:10FA88001220D3E7080E0021CBF3700200B589B02D
:10FA9800437940F271218DF8043083798DF805306F
:10FAA80001238DF8063003788DF80730B0F801305F
:10FAB8004B430393B0F803204A430D4991F82010B3
:10FAC8000592A2F6C4128DF81C1000218DF81D10A5
:10FAD80008498A4209D8A3F6C4138B4205D801A85D
:10FAE800FFF7AAFE09B05DF804FB3020FAE700BF73
:10FAF800080E00213C369C002DE9F04F437A04465D
:10FB08008FB0980705D5944A127912B943F00103CA
:10FB18006372657A690704D1122630460FB0BDE8D2
:10FB2800F08F15F0F80FF7D102F02CFA35EA000340
:10FB380040F0928094F8483053B9012DECD1A36974
:10FB4800864AA3F25373934200F26E81012602E0C3
:10FB580015F00106F3D1AA0745BF731CB2464FF052
:10FB6800FF0ADEB26B070AD5B31D7D4A54F823306D
:10FB7800A3F6C413934200F257810136F6B204F19A
:10FB8800080704F122054FF000095FFA89F8464595
:10FB98002BD823789A1E022A5ED9012BBCD813B918
:10FBA800A378012BB8D86378032BB5D894F84930DB
:10FBB800013B062BB0D8684E01210020F1F760FD0B
:10FBC80096F838300546002B5FD101210846F1F739
:10FBD80057FD002818BF054605F1A800F8F730FCC6
:10FBE800074600286BD00C2697E7C24536D07B68BD
:10FBF8000493049A3B6993428ED8012069882A8924
:10FC0800EB89B5F814B00390288C05910290688BA5
:10FC1800CDE900B00020CDE90623FEF7BDFE00289F
:10FC280000F00281B8F1000F2AD02888059988428F
:10FC38007FF472AFE988069A91427FF46DAFAA8982
:10FC4800079B9A427FF468AF6B8A5B457FF464AF89
:10FC58003B68049A9A4213D011265EE7012E0FD111
:10FC68003A694048A2F57A73834200F2DD807B68E6
:10FC7800A3F57A71814200F2D7809A423FF64CAFE1
:10FC880009F10109043702357FE7A830F8F7D8FBF6
:10FC980000289AD06FF00043D5E92A129A4208BF8B
:10FCA800B1F1FF3F91D1637A2846E268009304F1ED
:10FCB80018036178F7F742F90746002885D02846E7
:10FCC800F6F710FF08B13A2627E72846F6F704FFAB
:10FCD8000028F8D1B37E43B9CDE9093306238DF85E
:10FCE8002A3009A8F1F706FDB8B100210DF122006C
:10FCF800F1F750FC8046002800F09480012322464A
:10FD0800BDF82210FFF736F9064620B94046F9F744
:10FD180093FF67B188B10646CBE0099B93F8A5200D
:10FD2800802ADED093F8BD30002BDAD05BE70028BC
:10FD3800F1D161782846F7F773F804F1030AA2783D
:10FD4800217828465346F7F703F800286ED1002F8C
:10FD580066D11220DFE700BF080E00213CF67002D2
:10FD6800CBF37002A7F97002637A8DF8247013F050
:10FD78000102E16818BFA0690A911EBF0B9001201B
:10FD88008DF824009F070DD5022B09D1901D54F83A
:10FD980020000C909DF8240040F002008DF824000B
:10FDA8000132D2B2580709D5063254F822200D92F2
:10FDB8009DF8242042F004028DF8242003F0050366
:10FDC800052B0ED10B980D9A8318994209D24B082E
:10FDD800834228BF0346C91A0B93914294BF0D91E1
:10FDE8000D9209A92846F8F731FB94F848102846DF
:10FDF800003918BF0121F6F7A7FF94F849102846E3
:10FE0800F6F778FF2846F7F73BF941462846F9F711
:10FE18007DF900287FF481AE07264AE00B2648E0EA
:10FE2800122646E00D2678E6302676E617B92846EB
:10FE3800F6F7FAFF5346A27821782846F7F73EF8F6
:10FE480094F80990B9F1020F05D002F09BF809EA7D
:10FE5800000909F0050949462846F6F74FFF17B982
:10FE6800042385F85430C5F850805246A07814F021
:10FE7800D3FA01462846F7F73DF8237833B95246B6
:10FE8800A1784046FEF756FE0028C7D10121284632
:10FE9800F7F74CF801212846F7F74CF8002F3FF404
:10FEA80063AF04212846F6F783FF00287FF435AEB8
:10FEB8000C26B8F8000002F0C7F90021B8F80000D5
:10FEC800F1F7F4FB00283FF428AE41F2FE31392067
:10FED800F0F734FB10B5437994B0032B57D823F0CF
:10FEE800020302798DF80630D0F806308DF8042028
:10FEF800CDF807304389027BADF80B3001238DF82C
:10FF0800052040F271228DF80D3003885343049385
:10FF180041884A430792A2F6C412847B417B41EA96
:10FF28000421ADF82810047CC17B41EA0421ADF816
:10FF38002E10847C417C41EA0421ADF83410047D04
:10FF4800C17C41EA0421ADF83A10417D847D41EA43
:10FF58000421ADF84010C17D007E41EA00210E4821
:10FF6800ADF8461000218DF84C108DF84E100B4955
:10FF780090F820008A428DF84D000AD8A3F6C413E1
:10FF88008B4206D801A8FFF7B7FD14B010BD1220A8
:10FF9800FBE73020F9E700BF080E00213C369C0043
:10FFA80030B5044695B0002001F09EFF01A9204617
:10FFB800FEF770FD054601F0E5FF9DF80D4034EAB7
:10FFC800000302D0112015B030BD14F0050F1ED06B
:10FFD80014F0F80F1BD101F0D5FF8443F2D104AB24
:10FFE8000C49E2B2954203D801A8FFF785FDEAE77C
:08FFF800DA681846A2F6C412F3
:020000040101F8
:100000008A4206D8026804330134A2F6C4128A4236
:10001000EBD93020DBE71220D9E700BFCBF3700229
:1000200073B506230024CDE900448DF806306846F8
:10003000F1F764FB08B1002610E0009C94F8A530AD
:10004000802BF4D094F8BD60002EF0D094F80931E4
:10005000002BECD194F8A430002BE8D10121002032
:10006000F1F712FB054620B941F231413920F0F792
:1000700069FAA830F8F7E8F9244B93F8383083B3DD
:10008000F0B195F85430053B012B19D82846F8F704
:1000900043FA044610B141F23C41E7E72846F6F73F
:1000A0002BFD95F854302246214623F004032846C0
:1000B00085F85430F9F770F880B941F24141D5E73D
:1000C00001210846F1F7E0FA054610B941F248412E
:1000D000CCE7A830F8F7B8F968B90C24204602B08C
:1000E00070BD30B9002EF8D0FF2384F8A43000246E
:1000F000F4E7002EF8D12846F8F70EFA0446002857
:10010000ECD12846F6F7F8FCE8E700BF080E00211E
:100110002DE9FF41077804460E46EF2F01D912263C
:10012000D6E0B0F80130ADF80C309DF90C209DF808
:100130000C30002AF3DB9DF80D209507EFD1D8068F
:1001400000F19A80990603F0030240F19180002AA1
:10015000E5D11A0703D503F06703012BDFD16378DC
:100160001D0711D42179E278E07942EA0122617910
:1001700042EA0142A17941EA0021207A41EA0041A4
:100180008A42CCD81F2ACAD9627A013A062AC6D82E
:10019000A27A032AC3D813F0040102D1023A012A39
:1001A00003D8E27A012ABAD811B9A27C032AB6D8B8
:1001B00013F01001227D72D0012AB0D1237E012BD1
:1001C000ADD800297CD06378D80703D501F08CFD29
:1001D00000287CD06378227D03F01801082940F0C4
:1001E0008B80022A73D11B0740F18E801FFA87F89B
:1001F00003214046F1F748FA0546002840F0958073
:1002000003214046F1F702FA0546002800F0AA80D3
:10021000554B93F9601019F007F80021384619F092
:10022000C8FC002840F08880284619F0C5F821460F
:100230003070E074284605F0A5FFE37E0646002BEB
:1002400046D0002844D10246E96C6846F1F77CFBB1
:100250003246E86C012113F055FEE96C6846042231
:10026000F1F772FB32463146E86C13F04BFE2FE09B
:10027000032A7FF46EAF52E713F0600F7FF44FAFA5
:1002800003F00F0203F00703052B3FF468AF931E42
:10029000012B7FF664AF002A7FF441AF5FE7022AAB
:1002A00004D103F06F03092B7FF439AFA37D013B29
:1002B000022B3FF634AFE37D0F2B7FF67FAF2EE7A7
:1002C00001F064FE81070AD4237D022B04D111269C
:1002D000304604B0BDE8F081A37D022BF7D001F0D9
:1002E00055FE42073FF56FAF237D032BEFD0A37D73
:1002F000032B7FF468AFEAE7022A3FF474AF227F52
:10030000002A3FF470AFE2E7E279A37943EA0223DF
:10031000227A43EA0243B3F5804F7FF667AF1BF0C2
:10032000D4FA00287FF462AFD1E7F3F7EFFD00289D
:100330003FF473AF0C26CBE7403018F0F5FB0028F4
:100340003FF472AF637813F0330F7FF4E8AEA77D0C
:100350002846296A19F05BF8FEF7A6FC87423FF4AD
:1003600063AFE7E70726B3E7080E002130B502794F
:100370008BB00346042A5CD84488B4F5804F58D823
:100380002D4800211044ADF800108DF80810827C33
:10039000457B42F010028DF81D1042EA4502C57DF2
:1003A000007F42EA850242EAC00202F01F028DF895
:1003B0000020BDF80020ADF809201A888DF80E4005
:1003C000240A8DF80B20120A8DF80D108DF81010EC
:1003D0008DF80C208DF80F405A7BD3F807008DF86C
:1003E00011205A79059002A88DF812209A798DF87B
:1003F0001320B3F80B209B7BADF818208DF81A3032
:100400007F238DF81B3001238DF81C308DF81E30B2
:100410008DF81F108DF820108DF823108DF8241002
:100420008DF821108DF822106946FFF771FE0BB090
:1004300030BD1220FBE700BF5C5103012DE9F34101
:10044000B0F801200546B0F803309A4203D91220D3
:1004500002B0BDE8F081052AF9D9052BF7D9B0F82B
:100460000530002B40F09F8003210078F1F70CF954
:100470000646002800F0998018F0A5FF0028E6D174
:10048000304618F0BAFF0028E1D1304618F097FF47
:100490000028DCD1304618F09AFF01460028D6D15A
:1004A000287819F086FB0446002854D106212878C4
:1004B000F1F7EAF80746002854D1CCB92F78062086
:1004C00013F05DFC1FFA87F800285FD00621404634
:1004D000F1F79CF8002859D080F8BD400446374B0E
:1004E000214638461B68984706F12803C4F888302F
:1004F000E28D94F8300094F834104FF6FF7301F059
:10050000FF07002955D19A4294F8351047D00028AA
:1005100014BF3B272327A06813F082FDB5F8032002
:10052000014640F2E240737942432046009719F0B9
:100530008CFB00283BD004F14001284614F03EF823
:1005400073793046237418F037FF0146204619F0BE
:100550008EFB00207CE7403018F0A2FA0028A5D0DE
:100560000C2075E790F8BD3043B10146287819F0AA
:1005700080FB124B394628781B68984706F1280300
:10058000C7F88830002387F8BD3096E7042140463D
:10059000F1F73CF804460028A1D1072058E70029CC
:1005A00018BF0927B7E7112052E7422050E745203E
:1005B0004EE79A42ABD10927ADE700BF44010021C5
:1005C0002DE9F743074603214078F1F75DF805462A
:1005D000002800F0B88004217878F1F755F8044637
:1005E00006217878F1F750F806462CB1C0B141F6F3
:1005F0003C513920EFF7A6FF18B90C2003B0BDE835
:10060000F083044690F8BD903B7804F14008DB0786
:10061000404640F18B8018F043FA18B10020EDE716
:100620008146F1E7284618F0CEFE0028E5D128469D
:1006300018F0E3FE0028E0D1284618F0C0FE00289C
:10064000DBD1284618F0C3FE0028D6D13B78C3F38F
:100650004003A373B9F1000F32D06B794046627B3F
:10066000237495F846301B0963F30712627303F095
:1006700021FF0028C2D156B1B9F1000F07D013F005
:100680003EFE344BC6F890001B7E86F8A33013F074
:1006900036FE206002F0F8FE20F07F4060602846C1
:1006A000F3F734FC0028B9D0B9F1000F32D02A4B4F
:1006B00040461B6898470028B0D041F68F5198E714
:1006C000A06813F085FC002897D1E28D94F83000E3
:1006D00094F834104FF6FF7301F0FF07002934D16E
:1006E0009A4294F8351011D0002814BF3B272327D5
:1006F000A06813F095FC6B79014600972046226FA5
:1007000019F0A3FA0028A8D1452077E7002918BFDF
:100710000927EDE7114B4A464046596903F0D6FEDA
:1007200000283FF47BAF41F6945162E7B9F1000F26
:1007300004D003B0BDE8F04319F09DBA03B0BDE8A2
:10074000F04318F08ABA422058E79A42CCD10927E0
:10075000CEE700BF080E00215C0100219C120021A1
:10076000037813F0F80F73B5044640F0AA8013F035
:10077000010307D142780F2A00F2A5808278012A6E
:1007800000F2A180B4F80920B2F5FA7F80F09B80D6
:10079000B4F80B2043F6F6710A3A92B28A4200F29C
:1007A0009280627B1F2A00F28E8002F01702172AC5
:1007B00003D10C24204602B070BD4BB9E51CCDE935
:1007C000003305238DF806306846F0F797FF38B1FF
:1007D00005216846F0F7E2FE054688B90724E9E7F7
:1007E00000986378827A9A42EED100F10C012B4690
:1007F000A278C07A16F03AFB0028E5D00B24D9E79E
:10080000324B0146BDF8000005F150061B689847C1
:10081000BDF8003030462B81237883F00203C3F308
:100820004003EB742378C3F380032B756378AB72BA
:10083000A378EB722378C3F30003AB75637B2B764D
:10084000D4F80330EB60B4F807302B82A27A637AD5
:1008500043EA022342F21072A5F88830B4F80B3054
:100860005343C5F88C3003F02BFE58B10521BDF879
:100870000000F0F71FFF0028B0D042F2D601392067
:10088000EFF760FE2846F6F753FC044680B1304689
:1008900018F0E3F910B142F2DC01F0E70521BDF8F0
:1008A0000000F0F707FF002883D042F2DD01E6E701
:1008B000074B1B68002B3FF47DAFBDF80000984745
:1008C00078E7112476E7122474E700BF480100217D
:1008D0004C010021014913F0DDBD00BF100E0021C5
:1008E0000278034672B1427862B142881A2A09D965
:1008F00082881A2A06D90068034A106000209B8863
:1009000093807047122070479C12002102680020DB
:10091000014B9A60704700BF9C12002102680020C2
:10092000014BDA60704700BF9C1200210378A3F1ED
:100930000A02112A9BBF024A00201220137470473A
:100940009C1200210378FF2B16D14378FF2B13D183
:100950008378FF2B10D1C378FF2B0DD1037923F0BF
:10096000E0021F2A08D113F0E00F05D05B09034A0B
:10097000002082F82030704712207047080E0021B6
:100980000378012B9DBF03F00103034A00201220CE
:1009900098BF82F839307047080E002102680020A5
:1009A000014B5A61704700BF9C120021014B187621
:1009B00000207047080E0021014B58760020704738
:1009C000080E00212DE9F04F04468BB00078049109
:1009D000FAF752FEA37B08210393F0F755FE064673
:1009E000002842D0466F002E3FD06FF404714FF0C4
:1009F00000084FF00E09771846460DF126022146F1
:100A000097F8B401FBF73AFDA0B9039D0135EBB2AD
:100A1000039397F8C730002BFB7F18BF0126002BEC
:100A200018BF4FF00108D7F81172FFB16FF40472CC
:100A30001744E2E79DF8263009FB0342B2F8112083
:100A400052B109FB0343B3F81330002BEBD197F8F5
:100A50003030002BE7D003E097F8D820002AF0D000
:100A60000C2630460BB0BDE8F08FB046039B1F2B21
:100A700000F2EA802378EF2B00F2E680B4F8092038
:100A800040F67C41131F9BB28B4200F2DD8094F84C
:100A90000EE000230E20D9B28E4554D87EB1A17845
:100AA000637843EA0123E17843EA0143944903F17F
:100AB0008073FF3B23F07F438B4200F2C580B8F187
:100AC000000F0FD06179237943EA0123A17943EA2A
:100AD00001438B4903F18073FF3B23F07F438B423B
:100AE00000F2B280E379002B00F0AE80237A002B75
:100AF00000F0AA80E37A072B00F2A680237B012B6B
:100B000003D9BEF1010F00F29F80637B022B059396
:100B100055D000F2998040F2E243A04626464FF0BD
:100B200000095343069304F10F0307935FFA89F218
:100B3000964517D801F02AFA039B06460E2B40F281
:100B40009B8009268DE700FB03410133B1F811704A
:100B5000B1F81310002F18BF0126002918BF4FF05D
:100B6000010898E7F07BEF286ED80023D9B28E45B4
:100B700027D896F810A00AF1FF331E2B64D80E2355
:100B800003FB0941B1F81120B2F5805F5CD2B1F8E6
:100B90001330B3F5805F57D2B1F81500FB2853D856
:100BA000B1F81710FB294FD896F81BC0BCF10F0FF6
:100BB0004AD8377F0F2F47D852EA03050BD11126A9
:100BC0004FE7914205D00E21079D5943695C814250
:100BD0003AD00133CAE750EA0105F0D05CEA0705D4
:100BE000EDD042EA000B5BEA0C0506D0002AE6D005
:100BF0000028E4D0BCF1000FE1D043EA010B5BEA2E
:100C0000070505D0002BDAD00029D8D0002FD6D088
:100C1000BC45E34638BFBB46DA45D0D3059D3DBB56
:100C2000A0B1024494F802A0069D013AB2FBF0F094
:100C3000627842EA0A2294F803A042EA0A42B5FB2B
:100C4000F2F25043604501D912260AE781B10B4404
:100C50006279013BB3FBF1F1237943EA0223A279E4
:100C600043EA0243069AB2FBF3F35943B942EBD885
:100C700009F101090E3659E70DF014FF05460EF093
:100C8000B1F994F80EE000214FF00E0CCBB29E4566
:100C90000CD840F2E243B4F809005843E37A0B2B36
:100CA00030D940F2FB310620EFF74CFC98F81920C0
:100CB0000F46002A83D0531E134280D198F81A3071
:100CC000002B3FF47CAF03F1FF3919EA030F7FF4E7
:100CD00076AF16423FF473AF1E423FF470AF0CFB89
:100CE0000143B3F8113083423FF669AF0CFB074371
:100CF000013108F10E08B3F81330AB42C6D95EE7F4
:100D000000FF0F00A04A00274FF0960802EB4303B4
:100D1000BA46B9463D46598C0EF0C8FE8346A37BC1
:100D2000FEB2B34231D82078FAF7A6FC0821F0F7DA
:100D3000ABFC00284FD0466F002E4CD06FF40473EC
:100D40000DF1260221461E4496F8B401FBF796FBEE
:100D5000C0B959460390304613F040FC039B074648
:100D60003046194613F03AFC07F19603B9441B1AB2
:100D7000984538BF984696F8B5319A4503FB075514
:100D800038BF9A46D6F81162D6E70E235946013786
:100D90005E4306F10F0222441046059213F09FFDB8
:100DA0000390FAF7AFFE00283FF44EAF059A0021FA
:100DB0002644104613F093FD039B03F196029944D9
:100DC000121A904538BF9046327C924502FB03557B
:100DD00038BF9246A3E7237B012B08BF0AFB09F526
:100DE000B8F5FA7F38BF05F5AF75FAF797FE38B951
:100DF000B4F8093040F2E2425343AB42FFF4DFAEB5
:100E00002078FAF739FC0821ADF82400F0F73CFC13
:100E10000546D8B9082109A8F0F7C0FB054608B96E
:100E200007261EE6FAF7E2FB05F1200003F042FB7D
:100E3000064660B10821BDF82400F0F73BFC00280D
:100E40003FF40FAE42F63B1139202DE7012695F80D
:100E50006870002F7FF404AE09204FF00E0A12F0E4
:100E60008EFF94F80E808146A27BFBB29A420AD88C
:100E7000C14580F08580002ED2D10821BDF8240024
:100E8000F0F718FCCCE70AFB03432846D97BFAF7B6
:100E90000FFC18B108F1FF385FFA88F80137E3E773
:100EA00009FB0648284698F80F10FAF701FC82461D
:100EB000002850D109210DF12600F0F76FFB824682
:100EC00010B942F66511BFE7F9F70AFFBDF8243003
:100ED000AAF8AE31BDF82630AAF8B03198F80F3034
:100EE0008AF8B4316B6FCAF811320AF211236B67BA
:100EF000049B013703EB4606BAF8B0317380A17B3F
:100F0000FEB2B142CCD801232B7023782B75A27886
:100F10006378E67843EA0223627943EA0646237956
:100F200043EA0223A279AE6043EA0243EB60E2792E
:100F30006A75227AAA75627B002A14BF01200020FC
:100F4000E8753FD140F2E240B4F809704FF00E0C62
:100F50004743104625E0B0F8B031D0F811B2039302
:100F6000F9F7BEFE039BBDF82420AAF8B031AAF819
:100F7000AE2198F80F30CAF811B28AF8B431B7E749
:100F800000274FF00E09BAE75C5103010CFB004249
:100F9000B2F8132022B1B7FBF3F203FB12727AB955
:100FA0000130C2B291420DD90CFB0042B2F81120BF
:100FB000002AEBD0B7FBF6F206FB1272002AE5D04E
:100FC0000123EB75B4F8093040F2E2424FF000081B
:100FD0000E275343A5F854202B656B60237B2B769B
:100FE000A37B5FFA88F6B34229D8E37A286D0B2BEE
:100FF0003FF657AE6C4A02EB4303598C0EF056FD98
:101000002B7E80466E6F002B40F09C80002E68D0B7
:101010006FF4047906EB09071E463846414613F083
:10102000DDFA97F8B531C7F89C01D7F8117200FBCB
:101030000366002F55D06FF4047E7744EDE707FB7D
:101040000646284608F10108F17BFAF731FB014614
:1010500010B942F6BA11F7E6337C80F8B531B27CAC
:10106000737C43EA0223A0F8C430327DF37C43EA68
:1010700002238383EB7D80F8D43080F82C30B6F8DF
:10108000153080F8C630B6F817308377707E13F0CD
:10109000CDF981F89001B07E13F0C8F981F8B00065
:1010A000F37E81F8C730337FCB77A278637843EA49
:1010B0000223E27843EA02436279C1F8CC30237913
:1010C00043EA0223A27943EA02434B626B68C1F808
:1010D000D0308B626B7D81F8C930AB7D81F82130D7
:1010E0007EE76B6F2E616BB16FF4047C634493F801
:1010F000B521D3F89C11C3F8986101FB1266D3F8AF
:101100001132F0E7DEB92B696A7DE87D0093D5E9FD
:101110000113FAF7E5FC2B69AA7D0646E87D0093EA
:10112000EB686968FAF7DCFC6B6FB3B36FF40472B9
:101130001344C3F8BC605861D3F81132F5E742F6A6
:10114000EE1181E6AEB16FF40477F7190026B146CF
:101150003846414613F042FA97F8B531D7F8117284
:1011600081449E4238BF1E4627B16FF40470074485
:10117000EEE7B14609FB06F66F6F2E61002FC2D075
:101180006FF404710F444146C7E96669384613F0AD
:1011900025FAD7F81172361AF0E723780026049A58
:1011A0001370A37B53705CE45C5103012DE9F0479D
:1011B0000446BEB000780F46FAF75EFA082194F8AC
:1011C0000E80F0F761FA054608B3456FFDB16FF484
:1011D0000472AE180025A946214696F8B401FBF723
:1011E00039F968B996F8C73008F10108002BF37F88
:1011F0005FFA88F818BF4FF00109002B18BF0125CE
:10120000D6F8116226B16FF404731E44E4E7A946D0
:10121000B8F11F0F4FD82378EF2B4CD8E379072B69
:1012200049D8237A012B02D9A37B012B43D8637AB7
:10123000022B04D1112528463EB0BDE8F0873AD8EC
:1012400094F80EC0264622460023D9B28C4534D8E5
:10125000B9F1000F15D0A278637843EA0223E2784F
:1012600043EA0243614A03F18073FF3B23F07F436B
:10127000934220D8638940F69B72053B9BB2934210
:1012800019D8002D00F0A7806279237943EA022360
:10129000A27943EA0243554A03F18073FF3B23F0EE
:1012A0007F43934207D8A38940F69B72053B9BB2CC
:1012B000934240F290801225BDE7D17BEF29FAD806
:1012C00003EBC3012144B1F810E0BEF5805FF2D218
:1012D000498AB1F5805FEED292F814A0BAF1070FF7
:1012E000A8D8507DBAF1000FA4D001380628A1D8A3
:1012F000BEF1000F05D100299CD001250133093230
:10130000A3E74FF001090029F8D0F6E7317D1A462E
:1013100008428FD0717D08428CD003EBC301214479
:10132000098A614586D802EBC2020133093622449C
:10133000528A62453FF67EAFDAB29645E6D82B4632
:101340004A4609A92046FAF72DFC054600287FF4F5
:1013500072AF01A909A8FFF735FB054600287FF405
:101360006AAF2078FAF788F94FF6FF73984204D1F4
:1013700042F245713920EFF7E5F80821F0F784F9DA
:10138000804620BB42F24771F4E706EBC6064046B2
:1013900009F101092644F17BFAF78AF910B942F202
:1013A0004C71E7E7B37D80F8D530F37D80F82D30C0
:1013B000A27B5FFA89F69642E7D323780DF1060106
:1013C0007A70B81C52003B7011F084FF33E7A946D5
:1013D000EEE709252FE700F0D9FDB8F10E0FF8D898
:1013E00094F80EE0002340F6896CA5E700FF0F009B
:1013F000024B1B6803B11847112070477801002188
:1014000038B5038804469AB20B80B2F5706F3ED2AD
:101410008278012A3BD8C078FF2838D02179032967
:1014200001D1237B9BBBA57A637A43EA0523E57A46
:1014300043EA0543184DAB4229D850BB032928D1B4
:1014400082F0010505F0010572B109212088F0F74D
:101450001BF978B90B212088F0F716F978B12946E5
:10146000BDE8384014F020BE0DF0ACFD0028ECD1F2
:101470000C2038BD2946BDE8384014F0CBBD0C2106
:101480002088F0F701F90028E9D10220F1E71220C5
:10149000EFE71120EDE700BF00093D0037B500255B
:1014A00004460DF106010DF105008DF80550ADF86B
:1014B00006500DF08FFD074B28465A8822801B7876
:1014C000A370BDF80630A4F803309DF805306371B1
:1014D00003B030BD9C1200212DE9F04703788CB099
:1014E0000546EF2B04D9122630460CB0BDE8F08734
:1014F0004378EF2BF7D88378013B1E2BF3D8027982
:10150000C37843EA0223427943EA02435D4A03F186
:101510008073FF3B23F07F439342E4D8C38840F6B7
:101520007C42043B9BB29342DDD8037A013B1E2BE5
:10153000D9D8B0F8093040F6FE72013B9BB2934215
:10154000D1D8B0F80B30013BFA2BCCD8467B002E1B
:10155000C9D0731E3342C6D100F018FD864301D0B6
:101560001126C1E7AB7B012BBDD8EB7B022BF7D05B
:10157000B9D82B7C013B062BB5D86B7C013B0E2BDD
:10158000B1D8AB7C0F2BAED8EB7C012BABD8002BAA
:1015900070D12B7A287CB3FBF0F100FB1133DBB266
:1015A000002BA0D16C7CCAB2A1429CD3AB7C01D0F1
:1015B000002B98D0121B5343DBB2142BD0D8EB7BFB
:1015C000002B5DD140F2E243EA88E9785A432B7957
:1015D00041EA03216B7941EA0341B2FBF1F301FBDC
:1015E0001322002A4CD1B5F80B10B5F809200A4493
:1015F000013A92FBF1F253439BB29842B0D30121DE
:10160000687818F0D6FA0746002800F0F981C28DF4
:101610004FF6FF739A4240F0F381EB7C002B90F879
:101620003420806814BF3B24232412F0F9FC3B7C57
:10163000009401463A6F384618F007FB002800F086
:10164000E181B5F80930B5F80B000193AB7CC0B26D
:101650002A7C0093297A6B7C18F019FE80460028BA
:101660003FF47EAF0B2012F08AFBAB7883420BD99C
:101670000D2639E71AF024F900288AD1252633E708
:101680000123BAE700FF0F000A212878EFF7FCFFDB
:10169000002840F0B9810A212878EFF7B7FF044607
:1016A0000028E5D018F053FD032384F838302B7858
:1016B00084F839300123A97884F83C3084F83A1052
:1016C00084F83B102B7A84F83E3084F83D30EB7C74
:1016D000003B18BF012384F857302B7C84F854302A
:1016E000AB7C84F855306B7C84F85630B5F80B3001
:1016F00084F858302A79EB7843EA02236A7943EA7E
:1017000002436366A87A6A7A42EA0022A4F85A2061
:10171000E87B48B940F2E24CEA880CFB02F2B2FBEB
:10172000F3FC03FB1C2323B9B0F1000818BF4FF0F2
:10173000010884F86E80687B12F078FE012984F835
:101740006F0003D9AE7B003E18BF012684F89C6071
:101750004FF0FF3200264FF0FF330846A4F8DA605E
:10176000E681C4E9042340F2E242EB885343A4F843
:10177000FC20C4F8F83012F00AFEC4F8A00001F012
:1017800083FEA4F8A4006B783146D4F8A00084F856
:10179000A630267612F0D3FD3146C4F81401B4F811
:1017A000A40018F071FD94F85730C4F8180194F8AB
:1017B0006F1094F8580084F81C312677E67603B150
:1017C000043012F043FF04F15C0394F83A2006461B
:1017D00094F83E1094F89C00029304F16003CDE964
:1017E0000063EB8818F088FD94F83E1094F83A00F6
:1017F0000096D4E9173218F0FAFC94F86E2094F8A9
:101800003E30A066039294F85520029294F8562038
:10181000019294F854200092D4F8F820616E18F0E8
:101820001EFD2065204618F054FDA4F86C0004A8A5
:1018300001F0B8FA20B943F270013920EEF782FEC8
:1018400004A9204615F060FC94F857306BB304F1FE
:10185000400805F1140305F12401424653F8040B36
:101860008B4242F8040BF9D1182108AE0DEB0100B0
:10187000EFF7C6F906AB04F1A8020DF1300E03CB69
:101880009446C4F89000C4F894103346083203CB51
:10189000734542F8080C42F8041C1E46F5D104F1C9
:1018A0008002614640460BF069F894F8573094F88E
:1018B0003E2094F83A1094F89C00029394F86F300C
:1018C0000193E36D0093236E18F0A1FCD4F8F83077
:1018D00000F56179994509D90A212878EFF7EAFEE0
:1018E00000283FF43DAE43F2B001A6E704F1C80A78
:1018F000504602F0DFFD064648B10A212878EFF78E
:10190000D9FE00283FF4F0AD43F2B70195E795F812
:10191000028008F1FF384FFA88F8B8F1000F0ADAB0
:1019200001224946504602F0D1FD0646002859D012
:1019300043F2DC0181E70B2106A8EFF72FFE0646F4
:1019400010B94FF4435178E75FFA88F818F006FDB4
:10195000BDF8183008F10101A6F8F230C9B286F8D6
:10196000F01094F8573086F8EC302B7886F8F43085
:10197000D4F8A00012F0E3FC96F8F010C6F8E400EA
:10198000B4F8A40018F080FCC6F8E80094F86F30B2
:101990000022304686F8D830FB7B86F8D930002309
:1019A000C6E9322394F86E304FF0FF323377B4F843
:1019B0005A30B38194F85830B37394F85430F373B9
:1019C000636E7361D4F8F830B361002373744FF021
:1019D000FF3319F051FED4F8983046F8F83FC4F8B8
:1019E000986096E7D4E93A32293342F10002C4E91B
:1019F0000C3294F8573087F830302B78FB8573E53C
:101A0000422671E545266FE50C266DE50279C3781F
:101A100043EA0223427943EA0243234A03F18073F3
:101A2000FF3B23F07F43934230B504468BB002D98D
:101A300012200BB030BD038940F69B72053B9BB270
:101A40009342F5D8837A1E2BF2D8C28840F6FE71F5
:101A5000531E9BB28B42EBD840F689639A4201D960
:101A60001120E6E7C57A15F0F80FF9D100F08EFAEB
:101A700035EA0003F4D1A378013B1E2BD8D8237B91
:101A8000012BD5D8637B022BEAD0D1D8A37B012BC5
:101A9000CED801A920460AF03DFD0028E0D001A8DB
:101AA000FFF71AFDC5E700BF00FF0F0008B52B21A7
:101AB000012001F0A9FC182000F026FA07F016FF1B
:101AC000034B044A1A60044B044A1A6008BD00BF65
:101AD0005001002195810101540100210599020165
:101AE00008B52B21012001F08FFC182000F00CFA22
:101AF00006F062F8034B044A1A60044B044A1A6069
:101B000008BD00BF50010021958101015401002151
:101B10000599020108B52B21012001F075FC19205F
:101B200000F0F2F917F087FE02F006F908F022FC47
:101B3000014B024A1A6008BD5401002105990201B7
:101B400008B52B21012001F05FFC192000F0DCF921
:101B500017F0C7FF02F0F0F808F00CFC014B024A46
:101B60001A6008BD540100210599020108B5054A13
:101B70002421054B01201A6001F046FCBDE8084015
:101B800006F026B8D34802017801002108B504F018
:101B900089F9F1F78DFE0248BDE8084004F06CB900
:101BA0006C0E002108B502F02DFEF8F729F8FDF7BC
:101BB0001BFD01460248BDE80840F5F713B800BF19
:101BC0006C0E002108B5034808F0A0F8BDE80840F5
:101BD000FDF7DCBA6C0E0021044808B500F58471ED
:101BE000F9F7F6FCBDE8084002F09EB86C0E002143
:101BF000054808B500F58471F9F7EAFC02F094F89D
:101C0000BDE80840FFF7B2BF6C0E0021044808B5DC
:101C100000F5847118F08EFABDE8084008F08CB821
:101C20006C0E0021054808B500F5847118F082FAA1
:101C300009F004F9BDE8084008F0A4BB6C0E0021CF
:101C400008B515F010F9064800F58471F0F7CCFAE4
:101C5000022012F0A9F80020BDE8084012F0A4B854
:101C60006C0E002108B50122064B83F80A2204F00D
:101C700021F905F059F9FFF7E3FFBDE8084001F04D
:101C8000CDBA00BF6C0E002110B5064C064904F514
:101C9000037014F03FFD04F504700449BDE81040E2
:101CA00014F038BD6C0E00217C010021840100215C
:101CB00010B5094C094904F5037014F02BFD04F527
:101CC0000470074914F026FD04F505700549BDE8C8
:101CD000104014F01FBD00BF6C0E00218C010021CC
:101CE000940100219C010021014B93F80A027047E6
:101CF0006C0E002110B5094C094904F5037014F06D
:101D000009FD04F50470074914F004FD04F505709D
:101D10000549BDE8104014F0FDBC00BF6C0E002169
:101D2000AC010021B4010021A401002110B5094C2F
:101D30000D2000F0E9F8084904F5037014F0EAFCFE
:101D400004F50470054914F0E5FC2420BDE81040BA
:101D500000F0DAB86C0E0021BC010021C4010021A2
:101D600010B5084C0D2000F0CFF8074904F50370BA
:101D700014F0D0FC04F504700449BDE8104014F0E0
:101D8000C9BC00BF6C0E0021CC010021D401002190
:101D900010B50A4C1D2000F0B7F8094904F503708E
:101DA00014F0B8FC04F50470064914F0B3FC04F513
:101DB00005700549BDE8104014F0ACBC6C0E002164
:101DC000E4010021EC010021DC01002110B50A4CE6
:101DD0001C2000F099F8094904F5037014F09AFCEE
:101DE00004F50470064914F095FC04F505700549E6
:101DF000BDE8104014F08EBC6C0E0021F4010021EF
:101E0000FC010021DC01002110B50A4C1E2000F06D
:101E10007BF8094904F5037014F07CFC04F50470A8
:101E2000064914F077FC04F505700549BDE810403B
:101E300014F070BC6C0E0021040200210C02002181
:101E4000DC01002110B50A4C1F2000F05DF80949A3
:101E500004F5037014F05EFC04F50470064914F0F8
:101E600059FC04F505700549BDE8104014F052BC5A
:101E70006C0E0021140200211C020021DC01002153
:101E800038B5094C0D4601F09DF9D4F80C02C4F8A0
:101E9000045114F037FCFDF7FFF901F00DFB0123AD
:101EA00084F8183238BD00BF6C0E0021014B93F846
:101EB000180270476C0E002110B50C4CD4F81002BB
:101EC00014F020FCD4F8140214F01CFCFDF790F977
:101ED000202000F02FF8262000F02CF8292000F018
:101EE00029F8002384F8183210BD00BF6C0E0021C1
:101EF000014B83F8190270476C0E0021014B93F8D7
:101F0000190270476C0E0021C2080849012300F035
:101F1000070003FA00F08B5C1843885404490B78DF
:101F2000934238BF13460B70704700BF1800002162
:101F3000861000210E4B012110B503EBD002C4081E
:101F400000F007008140185D20EA0100094918559A
:101F50000B78A34205D1002012F8014914B100B159
:101F60000B7010BD002BFAD0013B0120DBB2F3E770
:101F70001800002186100021014BD3E900017047B1
:101F8000180000210048704720000021054B186808
:101F9000C0F3C022C0F30020400040EA820040F0BD
:101FA000010070471800002108B50DF0BBFD0023AB
:101FB000074A32F82310814205D302EB83039B7852
:101FC000044A137008BD01330C2BF2D10023F7E74C
:101FD0009C51030187100021024B1878072828BF65
:101FE000072070478710002110B54468238884F8C3
:101FF0007D11A4F87E3194F87400FCF765FE84F836
:10200000800194F87500FCF75FFE054984F88101B2
:1020100004F5BA7015F04EFE002384F82C3110BD83
:102020006369020140680749038800F26710A0F85D
:10203000093010F8FB3CC37210F8FA3C037315F03A
:1020400033BE00BF9B6902012DE9F043894609793F
:10205000446885B099F8058001F00701054694F8B9
:102060008E7008F007084B1E08F1FF320B4002EAA1
:102070000802134394F88F20242A2DD104F18F06EF
:10208000002B45D1404614F0D7FC78B394F8743057
:1020900098422BD094F82C21012A0CBF94F82E21C1
:1020A00094F8702018EA020F32D0222F1ED094F834
:1020B0006D2018EA020F19D10138C0B2032806D8E2
:1020C000013B5C4ADBB21044032B00790AD940F291
:1020D0001F210620EEF736FA222F40F0A68004F1E9
:1020E0008E06CDE713441B79834211D8084614F0BD
:1020F000A3FCB0B394F87530834232D094F82C31FD
:10210000012B0CBF94F82F3194F87130194228D16B
:1021100094F82C31012B14D11E212846FFF764FFBF
:10212000222F12D16B68182283F811210A2283F81A
:102130008E2093F8CA30002B44D140F2B321AE2058
:10214000C8E7002384F82C31EAE7002328463370DF
:1021500015F06BFF1821284605B0BDE8F04315F0D7
:1021600090BFB9F8067003AB2046424600933B4649
:1021700014F0A7FC6C6878BB94F82C31012B28D1A3
:10218000B4F8883004F5267294F87410B4F830016D
:1021900014F0F7FC0446B8B901462846FFF724FFBF
:1021A00034706B6803F18F02964202D1002283F8EB
:1021B0008F206B68002403F18F02964232D12846AB
:1021C00015F033FF002031E06B68282283F88E2061
:1021D000E7E784F82C01E4E7B4F88830A4F89872B3
:1021E000DB431F4447F6FD73BFB29F4206D9282345
:1021F000284684F8B13001F0A7FDDAE794F88F3073
:102200000E2B02D00B3B012B01D82A23F0E79DF8BF
:102210000C3084F89A329DF80D3084F89B322623D6
:102220003370C6E783F8CA40CCE7022005B0BDE8AA
:10223000F08300BFCC510301044B002283F832200D
:102240004FF6FF729A86DA861A8770478810002147
:10225000054B9A8E824201BF002283F832204FF64E
:10226000FF729A86704700BF88100021014BD88604
:10227000704700BF88100021094A03464FF6FF71DE
:10228000908E884206D192F83210012905D00120A3
:102290001A6070470020186070470020704700BF28
:1022A00088100021064B93F83220012A1BBF012021
:1022B000DA8E002083F8320018BF9A86704700BF7C
:1022C00088100021014B1887704700BF881000213B
:1022D000064B0246198F988E884205D193F832003A
:1022E00018B101201360704700207047881000214A
:1022F000094B998E1A8F914201D0002070474FF6FA
:10230000FF729A8693F83220002AF6D0002201202C
:1023100083F83220704700BF88100021054B998E4A
:102320001A8F914203BF93F83200B0FA80F040094F
:10233000012070478810002150B90A4A0120134635
:1023400003F8010B0868C2F801008A889A80704778
:10235000012805D1034B0A68D8719A608A889A814E
:10236000704700BFC210002148B90A4B187880B1ED
:10237000D3F80120B3F805300A608B80704701283C
:1023800006D1044BD87920B19A689B890A60F4E79A
:1023900000207047C210002120B9054B187800F0CA
:1023A0000100704701280ABF014B0020D879F6E7E9
:1023B000C2100021F7B58B8800228DF80600ADF819
:1023C000043008680B4B8DF8072001461C7803F594
:1023D000AC73019DD0B2844201D8082007E0D3E954
:1023E000007601320833AE4208BF8F42F2D103B00B
:1023F000F0BD00BFD0100021084B0146002230B5CF
:102400005C7803F58173D0B2844201D8082004E0DF
:1024100013F8015B01328D42F5D130BDD01000219F
:10242000F8B52D4C63782218013B92F80251DBB2CB
:102430008342637030D01A010101961C8F1C264420
:10244000274406F1100C56F804EB664547F804EBF8
:10245000F9D1823282312244214402F1100652F82D
:10246000047BB24241F8047BF9D1E118221891F8BB
:10247000026182F8026106267343704303F5857397
:1024800000F58570E618E35827182350B388BB8001
:1024900091F83A3182F83A312846FFF7ADFF082823
:1024A00018D12378013BDBB29D42237012D02B332D
:1024B00005F12B0204EBC30304EBC20293E8030013
:1024C00082E803002078FFF797FF08281CBF241834
:1024D00084F80251F8BD00BFD0100021F0B5254DA1
:1024E00089B095F8984105F299116846224610F096
:1024F000F1FE2146684614F0D7FC0446B8B300EB61
:10250000400102A8C9B2EEF77BFB601E95F8A161FD
:102510000124C0B295F8982105E0731CB3FBF2F1D9
:1025200002FB1133DEB206F120030DEB030111F8BB
:10253000203C002BF1D100EB400201F8204C06EBCF
:10254000460320322B446A4412F8187C83F8A271A7
:1025500012F8177C12F8162C83F8A37183F8A421C3
:102560000138AB19C0B283F89941FF28D2D109B024
:10257000F0BD00BFD010002170B5064688B00C46F3
:10258000002A4ED0294A92F8A131D01890F899111A
:1025900019B9FF212820EDF7D5FF03EB43010133E3
:1025A000114491F8A251E57091F8A35191F8A4114A
:1025B00025716171002180F8991192F89811B3FB8F
:1025C000F1F001FB103382F8A13192F8C23123B946
:1025D000174902F5DD7015F06AFB65790D220021BF
:1025E000684605F03F0545F04005657110F0DCFDDB
:1025F000E37804AA69468DF80F30304623798DF8C8
:102600000D508DF80E30042310F04CFB9DF81F3058
:1026100023709DF81E3063709DF81D30A37008B0C4
:1026200070BD03216018EEF7EBFAD6E7D010002159
:10263000DD240101044B5A78824286BF1B1893F8AF
:102640004A010020704700BFD0100021044B5A7887
:10265000824286BF1B1893F842010020704700BFDA
:10266000D0100021064B00224FF461711A8083F8CC
:10267000C32183F8C421A3F8C61183F8C22170478F
:10268000D0100021014B83F8C4017047D010002105
:10269000014B93F8C4017047D010002110B51446C7
:1026A000FFF788FE082803D1012000F0010010BDCB
:1026B000FFF7A2FE064B5A788242F5D904B120708A
:1026C000184490F83A31012BEED090F84A01ECE72B
:1026D000D01000212DE9F0478246894617469846DA
:1026E000FFF768FE08280546064603D0FFF784FE7C
:1026F000082863D1334C6378072B61D8082D18D193
:102700002678731C072E237003D96C212820EDF73F
:1027100019FF06F12B03D9F80000DAB204EBC3036A
:1027200044F8320004EBC201B9F804208A8083F82F
:1027300006A0657807F110026B1C290163704B1C21
:10274000234412F8010DBA4203F8010FF9D1813187
:1027500008F11003214413F8012D984501F8012FC9
:10276000F9D125441021404614F0FEFB102185F8D4
:102770004201384614F0F8FB002385F802616678C0
:1027800085F84A0185F83A3131460F4814F08CFB40
:10279000054631460D4814F087FB012D03D800286B
:1027A00018BF0135EDB284F898510025284684F809
:1027B000A151FFF793FE2846BDE8F0871220FBE702
:1027C0000720F9E7D0100021121200211A1200216F
:1027D000064B10B55878013840B2002800DA10BD19
:1027E000C4B22046FFF71CFE601EF5E7D0100021A2
:1027F000014B83F8C3017047D0100021014B93F8BF
:10280000C3017047D0100021431E4AF2B7129BB299
:1028100093429DBF024BA3F8C601012000207047E0
:10282000D0100021014BB3F8C6017047D010002131
:102830000A4B30B55C7884420ED9184490F80201F6
:102840002B3003EBC004A5790D7053F830001060F5
:102850000120A388938030BD0020FCE7D010002128
:1028600070B506460D460BF05BFC0AF023F90A4BE7
:1028700093F8C3415CB1597859B1981C8233324600
:10288000002D08BF18460AF0E1F80AF039F9204691
:1028900070BD0C46FBE700BFD010002108B5064B09
:1028A000024603EB0113012103F182000AF0CEF886
:1028B000BDE808400AF024B9D010002102460748BC
:1028C00010B590F8C34124B1417821B102300AF02B
:1028D000BDF8204610BD0C46FBE700BFD01000211C
:1028E00008B5084B5A7882420AD91A1892F8422140
:1028F00032B903EB00108230FFF73EFE012008BD25
:102900000020FCE7D010002108B5084B5A7882421D
:102910000AD91A1892F84A2132B903EB0010023092
:10292000FFF72AFE012008BD0020FCE7D01000219F
:102930002DE9F74F2F4C9A468046894663788342AB
:1029400056D9231893F8425185F00105F9B193F84F
:102950004A31E3B945F002070135BAF1000F18D149
:10296000FA070AD5062104EB0810524601FB08417C
:10297000823001F58571FFF7FFFDBB0734D504EB0D
:102980000810524649460230FFF7F6FD2CE02F466C
:10299000E3E794F8A1614FF0010B002DE0D0A319FB
:1029A00093F89911019399B90092DAB100F054FDAE
:1029B000019B06EB4601009A4FEA102C83F899B16F
:1029C000214481F8A201000C81F8A3C181F8A4017F
:1029D000013694F89831013DB6FBF3F103FB116623
:1029E000F6B2DAE747F00407384603B0BDE8F08FE7
:1029F0000027F9E7D0100021F8B50646174C48B378
:102A0000617804F5A17014F04FFA94F898510746D4
:102A100004F29910294614F047FA2D1AEDB2AF428C
:102A20001AD8002506270FE0E21892F8422152B981
:102A300007FB034104EB0313324601F5857103F1F3
:102A40008200FFF799FD01356278EBB29A42EBD82C
:102A50000120F8BD0546E5E70020FAE7D010002187
:102A6000F0B51B4E89B007460D46737883422CD9CA
:102A7000331893F8424144BB0D222146684610F0BA
:102A800093FBEB7806EB071004AA8DF80F3069462C
:102A90002B7982308DF80E306B798DF80D30042350
:102AA00010F000F92A789DF81F309A420AD16A780E
:102AB0009DF81E309A4205D1AC789DF81D00231A6E
:102AC0005C425C41204609B0F0BD0020FBE700BF3E
:102AD000D0100021074B5A78824209D91A1892F86F
:102AE00042212AB9062202FB003000F585707047AA
:102AF00000207047D0100021064B5A78824281BFD7
:102B00001B1893F83A01B0FA80F0400998BF0020F2
:102B1000704700BFD0100021F8B50E4607460621C9
:102B20001546304614F020FA044640B10A482946BA
:102B3000427800F59D7010F037FB2046F8BD314615
:102B4000384614F0CDF908281FBF034B0124C018E4
:102B500080F83A51F1E700BFD010002130B50024D1
:102B600042F21075A0F84040B0F844404C43B4FB2A
:102B7000F2F4A0F84440541E05FB0343B3FBF2F308
:102B8000A0F84230084BB3FBF2F30133A0F8483011
:102B9000838F05FB0344436B5943B4FBF2F4B1FB51
:102BA000F2F28463426330BD005A620270B504469B
:102BB0000D4659BB4FF4347210F0F6FA012384F835
:102BC000E65084F896306FF0360384F8E130042341
:102BD00084F8E2306FF03B0384F8E3306F2384F82D
:102BE000E4306FF03C0384F8E5306FF07F0384F845
:102BF000E7302B2384F8E030FE2384F816317F235E
:102C000084F88D30202384F81C3270BD012917D13F
:102C10000023A0F8DC3180F8D3310D4BC269134496
:102C20001146B3FBF2F3C0F8B83040F6B833A0F861
:102C3000BC30C38C04F18000BDE87040FFF78EBF4C
:102C40000229E2D1B0F8A632D0F8A022C169F1E79A
:102C50007FC3C90170B504460D4659BB4FF41672C7
:102C600010F0A2FA012384F8E65084F896306FF051
:102C7000360384F8E130042384F8E2306FF03B033C
:102C800084F8E3306F2384F8E4306FF03C0384F879
:102C9000E5306FF07F0384F8E7302B2384F8E030D1
:102CA000FE2384F816317F2384F88D30202384F8A6
:102CB000F13170BD012912D1C2690D4B1146134487
:102CC000B3FBF2F3C0F8B83040F6B833A0F8BC302C
:102CD000C38C04F18000BDE87040FFF73FBF0229BC
:102CE000E7D1B0F81A32D0F81422C169F1E700BF79
:102CF0007FC3C901034B80F87C101B680BB10088AF
:102D00001847704724020021074B93F900301844FC
:102D1000142804DC10F17F0F03DB40B2704714204D
:102D200070476FF07E007047981200217F2307B52F
:102D30000DF107008DF807300BF000FA9DF9073010
:102D400068B10A4A5078404240B21844142808DC5E
:102D500010F17F0F07DB40B203B05DF804FB1846AB
:102D6000FAE71420F8E76FF07E00F5E798120021EB
:102D7000014B18705970704798120021024B0022C5
:102D80001A705A70704700BF98120021014B93F9D6
:102D90000000704798120021014B93F90100704721
:102DA00098120021054B1B7833B9054B1A681B7923
:102DB0000260037101207047002070479A120021C1
:102DC00028000021054BFF221A70054A0168116096
:102DD0000179117100221A70704700BF9A12002108
:102DE00028000021064B07B518681B79009068463B
:102DF0008DF80430FFF7E6FF03B05DF804FB00BF79
:102E0000455A03010346407898B1DB783F2B05D83B
:102E1000084AD35C1B1A58425841704703F1140208
:102E2000D2B2022A04D8034A134413F8AC3CF1E7A7
:102E300001207047D45103013F2908B5C17003D860
:102E40000B4B5B5C437008BD01F11403DBB2022B3A
:102E500004D8074B194411F8AC3CF3E7FF2904D020
:102E60004FF48A612A20EDF76DFB0123EAE700BFEA
:102E7000D45103012DE9F347894669461446984623
:102E800014F044F8054600283ED1019E34B90124CF
:102E900086F89540204602B0BDE8F087D6F814A029
:102EA0002146504610F087FD014678B3194B5B88E8
:102EB000A3422DD3504610F0CFFE96F8953007462A
:102EC0000580002B85700CBF4946022114F0B8FC28
:102ED00022464146F81C10F0FDF92146504610F0FC
:102EE000A4FD044618B97E212B20EDF72BFB9DF89D
:102EF00000302BB1684614F08EFE019BA3F8CA5136
:102F0000002386F89530C5E70124C3E70446C1E7EE
:102F10002C46BFE79C120021024B987FC04300F073
:102F2000010070479C12002183230B70014B1B781A
:102F3000CB707047BC1200212DE9F84FD0F8048007
:102F40000D46D8F81860304610F078FE044618B9DF
:102F5000FF211020EDF7F6FA0146304610F07CFE16
:102F6000B4F800B082461FFA8BF717B940F203118C
:102F7000EFE71E4B00F103091B688BB9B8F800306E
:102F8000A5F806B0AB8000236B729AF8003003F00E
:102F90000303012B0FD0022B0DD040F21D11D8E7F7
:102FA0003A464946B8F80000984704460028E5D15B
:102FB0002046BDE8F88F30462B7210F053FE0446D1
:102FC00010B94FF49371C4E7FB2F02D940F23511C9
:102FD000BFE7286810B94FF49B71BAE73A464946F3
:102FE00010F078F9304610F082FDE1E72802002168
:102FF0002DE9F34706460D460527DFF86481DFF823
:1030000064912B694BB11B7A1BB980211020EDF71D
:1030100099FA2C6994B9002066E06C68237A012B38
:10302000F9D0EFF3108372B66A6812686A6003B968
:1030300062B62C61237A0BB9A621E7E794F808A0C1
:103040005FFA8AFA27720AF1FF330B2B73D8DFE895
:1030500003F06F0610276C3D4E3D3D3D3D616368BA
:1030600013B94FF4D771D1E7314620469847042071
:103070001EE0636813B940F2B711C7E73146204636
:1030800098470346ADF80400C0B2C3F30723012BF1
:1030900054D0022B0CD100232B610028B1D023E0A7
:1030A000636813B940F2BF11B0E72046984700208B
:1030B000EFF3108372B6227A052AD1B246D10022EC
:1030C00022722A61002BE8D162B6E6E7D9F8003017
:1030D000002BECD05246314660689847BAF10A0F8F
:1030E000C5D100232B61042002B0BDE8F0876368DE
:1030F0000BB9B5218AE70D2200243270012219880C
:103100005869B270A6F803107271B47110F0EFFC38
:103110002C61E8E7D8F8003031462046984703464E
:1031200060B1002302202B61DEE74FF4FB716DE7F5
:1031300040F2F9116AE74FF4FE7167E784F808A0DE
:103140000028D1D1002B7FF45CAF64E711B940F2C5
:103150001D215BE7002B7FF454AF62B651E700BF3F
:10316000300200212C02002170B5144C14260021DD
:10317000231D3246184610F017F803460125257422
:1031800004333246002104F11800C4E9013310F081
:103190000BF884F8245004F11C03094AC4E90633EF
:1031A0000023E362236384F83430C4F83530C4F874
:1031B000393084F83D30136070BD00BFBC1200216F
:1031C0002802002110B5084C2378FF2B04D04FF4BF
:1031D000A0711020EDF7B6F90FF0ACFD2070BDE83E
:1031E0001040FFF7C1BF00BF2D00002110B5034CF8
:1031F00020780FF0BBFDFF23237010BD2D000021B0
:10320000014B18780FF0C2BD2D000021014B024A7E
:103210001A60704730020021392F0101014B024A28
:103220001A60704730020021392F010110B506499C
:103230000446FFF7DDFE28B920460449BDE81040EA
:10324000FFF7D6BE10BD00BFD4120021C01200216E
:10325000014B1860704700BF28020021134610B5CB
:10326000027A22B140F299211020EDF76BF90A465B
:1032700001460248BDE8104014F0F6BCC01200211F
:10328000044890F834301BB903492C3014F009BDC0
:10329000704700BFBC1200215B7C02010346064858
:1032A00090F83E203AB190F83D2022B9034900F849
:1032B000353B14F0F6BC7047BC120021292F0101E8
:1032C0000A4610B5037A23B140F2A1211020EDF790
:1032D00039F9014607230248BDE8104014F0C4BC88
:1032E000D41200211346027A0AB1037270470A46CB
:1032F0000146014814F0B8BCC01200211B234FF056
:103300001B128384038482618382C260038541B976
:103310004FF4A473094AC3844384C261C382026127
:1033200070474FF429634FF4A472C384438403F1BC
:103330002963C282C3610361704700BF480148012D
:1033400003460846B3F86020B3F85410B3F84AC0F7
:103350008A42F0B493F8754028BF0A46B3F8586023
:10336000B3F86210033CB3F85070B142E4B2B3F862
:103370004E5028BF3146012CA3F84A208BBFB3F82A
:1033800052604FF429660C464FF429649742A3F823
:103390004E4038BF17468E4238BF0E469445A3F8BC
:1033A0005070A3F8526026D12C1B18BF0124B3F82B
:1033B0005C20B3F85650B3F848609542B3F84C100F
:1033C00028BF154693F87420033A012A15D9B3F89B
:1033D0005A20B3F85E70BA4228BF3A46AE42A3F80C
:1033E0004850A3F84C2002D1914200D144B1054984
:1033F000F0BC14F05FBC0124D9E74FF42962EDE77B
:10340000F0BC7047C77C020108B50B4A0B4B70B18A
:103410002B2904D940F29B212C20EDF793F80120B1
:1034200010701A78914238BF1146197008BD10709B
:103430001B221A70FAE700BFFB1200212E000021A8
:10344000014B1878704700BFFB120021014B187820
:10345000704700BF2E000021094AD2E90003434013
:1034600083EAB01181EA43214FEAF34311605360CC
:10347000044B58434FEAF06000EB8000704700BFF8
:10348000FC120021BB79379E094AD2E90003434070
:1034900083EAB01181EA43214FEAF343116053609C
:1034A000044B58434FEAF06000EB8000704700BFC8
:1034B00030000021BB79379E10B50A4C082109481D
:1034C000EDF79EFBD4E900231343F7D0064CFFF73A
:1034D000DBFF2060FFF7D8FF236860600343F6D06E
:1034E00010BD00BF30000021FC12002138B5A0F152
:1034F0000C0314460D46DBB220463F2B96BF0A4A0A
:10350000FE21D15C14F044FD68B965B12978272902
:1035100007D03F2908BF3E212046BDE8384014F0BF
:1035200037BD2621F8E738BD17520301174B184A5B
:103530009A60184ADA62184A1A61184A5A61184A97
:103540009A61184A1A63184A5A62184ADA64184A81
:103550009A64184A9A63184B184A9A60184A1A6271
:10356000184A5A60184A1A60184A9A62184ADA6267
:10357000184ADA60184A9A61184A1A63184A9A6413
:10358000184ADA64184A5A62704700BF34020021B0
:10359000E18002010F830201E3820201A78202019E
:1035A000713E010179410101414001011F85020184
:1035B00047850201DD3F010140030021FD8002013A
:1035C000C58402015D8102016B82020159840201FE
:1035D0002B8302017B8402013B840201F7850201F7
:1035E0009785020181850201DF840201174B184A89
:1035F0009A60184A5A60184A1A60184A9A62184A19
:10360000DA62184ADA60184A9A61184A1A63184A44
:103610001A62184ADA64184A9A64184A5A62184BAD
:10362000184A9A60184A5A62184ADA62184A1A61A5
:10363000184A5A61184A9A61184A1A63184A9A64D1
:10364000184ADA64184A9A63704700BF4C04002194
:10365000E180020111810201978102014F83020181
:10366000C1830201D53E0101D783020179410101E5
:10367000DD3F01011F850201478502014140010133
:1036800058050021FD800201DF840201F983020157
:103690009D8302011D8402017D3F0101F785020126
:1036A0009785020181850201C58402010C4B0D4AF8
:1036B0000D491A600D4B0E4A1A600E4B0E4A1A60E5
:1036C0000E4B0F4ADA670F4AC2F880100E49C3F852
:1036D00084100E49C3F888100D4BC2F8883070472B
:1036E0006406002161E2000161E400016806002136
:1036F00055E500017006002125DC00014003002192
:1037000045E400013402002139E6000131E2000104
:10371000B1E100010B4B0C4A0C491A600C4B0D4AED
:103720001A600D4B0D4ADA670D4AC3F884200D4A22
:10373000C2F880100C49C3F888100C4BC2F88830CE
:10374000704700BF6C0600216DDB000105DD000144
:103750007006002125DC00014C040021C5D80001C1
:1037600009DE000158050021B1E1000131E200014C
:10377000054B064A9A65064ADA65064B064A9A657B
:10378000064A1A66704700BF34020021F76B020137
:10379000816D0201400300211F6A0201DB6D0201FD
:1037A000054B064A9A65064A1A66064B064A9A650A
:1037B000064ADA65704700BF4C040021DF6C020145
:1037C00049200101580500211F6A0201476E0201CC
:1037D00010B5084B084C09485C6798670849094BC5
:1037E000094A59679A67094BC3E91D40084BC3E969
:1037F0001D1210BD400300217FA6020199A60201FF
:10380000CBA602013402002119A7020158050021AC
:103810004C040021024B034A1367034A13677047A5
:103820002D7F0101340200214C040021024B034A88
:103830001367034A13677047CB80020140030021DE
:10384000580500213F2A37B50C4643D83F2A44D8B3
:10385000DFE812F048008B0094009F00B60086005D
:103860008600C200C400CA0086008600CF00D900CE
:10387000C40043004300DD0086008600F000F00035
:1038800006010D011801430043002F014C015901AD
:103890005F01650170017201740176018101890186
:1038A000A001A201430043009101AA01A801430025
:1038B00043004300430043004300430043004300F0
:1038C00043004300430043004300AC01AE0143000A
:1038D000A401A601FF2A00F06D8140F2D4415120DD
:1038E000ECF730FE416841F27070D1F81432B1F853
:1038F0000E22A3F57A7585420CD84FF47A70B3FB8B
:10390000F0F303F550639BB26420B2FBF0F20120A8
:10391000D2B20DE040F2E2406FF45065B3FBF0F339
:103920009BB25D19062DEFD9B2FBF0F20020D2B2A6
:103930002271D1F81022A8B16420E3711B0AB2FBF6
:10394000F0F292B223726271120AA271B1F81832C7
:1039500063721B0AA372B1F81A32E3721B0A237353
:1039600003B030BD40F2E240E7E74368D3F80032ED
:10397000D3F801204A605B792372F1E7027843684B
:10398000012A02D193F8183101E093F82131237113
:10399000E6E74368D3F848224A60D3F84C228A60AD
:1039A000B3F850228A81D3F82822C1F80E20D3F828
:1039B0002C22C1F81220D3F80831C1F81630CFE715
:1039C0004268D2F8E6314B60D2F8EA318B60436846
:1039D000D3F80C31CB60C3E74368D3E7084603B0A4
:1039E000BDE8304000F082BB03B0BDE8304000F0DD
:1039F0008DBB0F230B7159234B7100238B716923EE
:103A0000CB712023B8E7436893F81231BFE70278FF
:103A100043684AB993F8182132B193F815210A7115
:103A200093F8143163719BE793F81321227193F893
:103A30001231F7E74368B3F860200A71120A4A713D
:103A4000B3F81A218A71120ACA71B3F85C200A729B
:103A5000120A4A72B3F818318B721B0ACB727FE7D5
:103A6000436893F82E21227193F82F31DAE74368E7
:103A700093F82C21012AF4D093F870200A7193F85E
:103A80007130CFE7456895F80B0213F08DF860713F
:103A900095F80A02C31E012B07D895F87430DA1E78
:103AA000012A02D8984218BF002013F07DF8207137
:103AB00056E745680023204601218DF8043013F0B5
:103AC000C7FE2A7C01A96B7C2046032A03F01F0352
:103AD00008BF002243EA82139DF8042002F020026E
:103AE00013438DF8043013F0BCFE39E743680F210F
:103AF0001888EDF7C9FD00F15B01204603B0BDE871
:103B0000304013F0F0BE084603B0BDE8304016F078
:103B1000A6BD084603B0BDE8304016F0A8BD2B4B4B
:103B20001B68002B3FF41CAF0146204603B0BDE8E4
:103B300030401847264BF3E7264BF1E7264BEFE7DB
:103B4000264B1B68002B3FF40BAF0246232003B02B
:103B5000BDE830401847214B1B68002B3FF400AFF5
:103B600002462420F3E71D4B1B68002B3FF4F8AE00
:103B700002462520EBE743680F211888EDF784FD06
:103B800000F17D0200F15B01204603B0BDE830404A
:103B900013F0B5BE124BC3E7124BC1E7124BBFE7A0
:103BA000124BBDE7124BBBE7124BB9E7124BB7E71D
:103BB000124BB5E74368204693F88F22D3F8901252
:103BC00003B0BDE8304013F04FBE00BF64060021D3
:103BD0006C06002168060021700600217406002191
:103BE0008006002184060021880600218C06002121
:103BF000780600217C060021900600219406002111
:103C00003F2803D8064B53F82000704700F11403F7
:103C1000DBB2022B01D8AC38F4E70020704700BFBC
:103C2000340200213F2803D8064B53F82000704788
:103C300000F11403DBB2022B01D8AC38F4E700200A
:103C4000704700BF4C0400213F2803D8064B53F8AF
:103C50002000704700F11403DBB2022B01D8AC380E
:103C6000F4E70020704700BF400300213F2803D83D
:103C7000064B53F82000704700F11403DBB2022B0F
:103C800001D8AC38F4E70020704700BF5805002188
:103C900030F8023CF7B504460E4630F8A85C73B124
:103CA00001226846ADF801508DF80020ADF80330D0
:103CB000FBF792FC18B195216320ECF743FC174BFE
:103CC0001B6813B1A4F128009847154B1B680BB172
:103CD000284698470A230027A6F803503370B77088
:103CE000637A54F8900C73710FF00BFF08B9BA2186
:103CF000E2E72846FEF7ACFA39462846EDF7DAFC4B
:103D000002212846EDF7D6FC18B9064B1B6803B113
:103D100098474FF4017003B0F0BD00BF9806002132
:103D20009C060021A0060021014B024A1A60704740
:103D30009806002135E20001014B024A1A607047E3
:103D40009C06002171980201F7B5456804464FF6BC
:103D5000FF776E690DF102010DF101023046ADF8F9
:103D600002700FF07DFE01A930460FF09BFE40B1BE
:103D700001980FF075FF616800220272FFF7A0FA48
:103D8000E8E7044905F1A80003B0BDE8F04013F0EE
:103D90008BBF00BF913C0101F0B5044685B00D46D4
:103DA000FF2600F8C16C10F8C23CF3B1184F3B7805
:103DB0001BB148211F20ECF7C5FB0C21381DECF787
:103DC0001FFF3E70002304F8C13C09232A4602F875
:103DD000033BD4F80930C5F80330D4F80D305360F4
:103DE000D4F81130936005B0F0BD01A80C21ECF7B8
:103DF00007FFA4F52C73039AC3F80C2101AB03CB86
:103E000044F8CA0C44F8C61C04F8C26CDAE700BFD8
:103E10000413002110B5054C23782BB90C21201D6B
:103E2000ECF7EEFEFF23237010BD00BF041300214A
:103E3000024690F8EE31BBB990F8EF3103F0FF0184
:103E40000BB100207047094B18780028F9D0197081
:103E5000D9680433C2F80C1103CBC2F8E601C2F8EA
:103E6000EA11FF2382F8EE3101207047041300218C
:103E700038B54368044693F88E201C2A24D10022CA
:103E800083F8CF2083F8CA2083F85222436893F83E
:103E9000D01003F5D4701D8869B10C4983F8D02087
:103EA000A3F8B25183F8B12113F0FBFE6368002040
:103EB00083F88E0038BD012283F8B111A3F8B25106
:103EC000034983F8B421EFE70220F3E7938202016C
:103ED00085820201426838B592F88F3004460D465B
:103EE0003BB1142B05D0123B0B2B94BF08200120B3
:103EF00038BDD2F81C3183BB92F8D03013B92046BC
:103F000014F083F86268D5F80E30C2F8DE31D5F8C7
:103F10001230C2F8E2316368D5F81620C3F80821E0
:103F20001A88A3F8B9226A68C3F8BB22AA68C3F842
:103F3000BF226368AA89A3F8C3226368002583F8B7
:103F4000EE5160680C4900F52C7013F0AAFE63680E
:103F50001622284683F88F20CAE70C220321204628
:103F600014F076F863683222204683F88F2014F02C
:103F70004CF80020BCE700BF993D010138B543680B
:103F8000044693F88F201D2A04D04FF4DE711F20C1
:103F9000ECF7D8FA002293F8D0101D8803F5D470FE
:103FA00083F8CF2069B10B4983F8D020A3F8B25130
:103FB00083F8B12113F075FE6368002283F88F2027
:103FC00038BD012283F8B111A3F8B251024983F838
:103FD000B421EFE7938202018582020138B50578AA
:103FE000446825B994F88F302BB1012519E0D4F835
:103FF0008030DB07F9D44A680F4B896813400F4AB9
:10400000C4F8E030C3F307630A4043F00803C4F880
:10401000E42084F8E33013F0F8FF25B9042384F892
:104020008F30284638BDD4F88030002543F0010396
:10403000C4F88030F5E700BF2FC904F76FDB0080BC
:10404000436810B593F88E20042A31D14A6800786D
:104050008C68C3F8E020C2F30762C3F8E44042F082
:10406000080283F8E320002283F8CA2083F88E2018
:1040700008B983F8330193F8342112B100242046A3
:1040800010BD93F88A2102F0FF04002AF6D11A88A5
:1040900003F5C17083F88B41A3F88C214A68C3F8FB
:1040A0008E218A680349C3F8922113F0FAFDE6E7EE
:1040B0000124E4E7A3840201436893F8342112B198
:1040C000084B1B68184793F88A2152B91A8803F5E0
:1040D000C1700549A3F88C211A2283F88B2113F0B3
:1040E000E0BD7047A4060021A384020110B5044678
:1040F000FDF742FF034A044B02400B406260A3609D
:1041000010BD00BF2FC904F76FDB008037B50C4628
:104110004568FDF731FF084B084A03400A4095F80F
:10412000E01000930B4001928DF800306B4603CBFA
:104130006060A16003B030BD2FC904F76FDB008061
:10414000DB0410B5144604D5037D13B1002343638B
:1041500010BD436B0133436314F02EFAD0E90D23F5
:104160009A42F5D30023034943632046BDE810403B
:1041700013F0A0BD1185020170B5446805460678AC
:1041800094F88E30012B09D026B994F88F302BB1DA
:1041900001203DE0D4F880309807F9D494F8D1306C
:1041A0009A0715D40A79D80784F8DB20B1F80520DE
:1041B000A4F8DC20B1F80720A4F8DE2043F00202C6
:1041C00084F8D12010D5184904F1D20013F072FD03
:1041D00094F8D130D90712D4DEB994F88F3043B1B6
:1041E00050214020ECF7AEF994F83231002BEAD19F
:1041F000EEE7012384F88F30284613F006FF94F889
:104200008E300020012B03D184F88E0084F8CA0080
:1042100070BDD4F880309A0701D55521E1E743F00D
:104220000203C4F88030E7E7D985020170B545681C
:104230000446FEF77BFD054B014685F88D001B68A3
:104240001BB12046BDE87040184770BDAC06002188
:10425000024B1B6803B11847704700BFA806002136
:10426000F0B5204E054600243078147080B1431E0E
:104270007768DBB2181B01280BDC07EBC40057F88A
:1042800034604068884208BFAE4212D114700120E9
:10429000F0BD18194610C0F3470057F836C007EBB9
:1042A000C60EAC45DEF804608E412CBF03460446C2
:1042B000E0E7B54271EB000002D214700020E7E79E
:1042C00007EBC30057F833404068884208BFAC4250
:1042D00001D11370DBE7A542814128BF0133137080
:1042E000ECE700BF2413002110F0070208B503D04B
:1042F00063214820ECF726F918B1034B1972586076
:104300001A70C80008BD00BF24130021014B002211
:104310001A70704724130021014B187A704700BFB0
:10432000241300212DE9D34314F092F90DF1070273
:1043300007460E46FFF794FF98B9114C2278237A6E
:1043400093420ED0616813466FF0604E9DF80700EF
:10435000984209D301EBC003013201202270C3E966
:10436000007602B0BDE8D08303EB0E00013B01EB09
:10437000C000DBB2D0E90089C0E90289E6E700BFEE
:104380002413002137B514F063F90DF10702FFF78C
:1043900067FF0446A0B10C4A9DF8070013785568E2
:1043A000411C013B05EBC101DBB213701A1AD2B2FA
:1043B000D200834238BF002205EBC0000EF0AEFEF3
:1043C000204603B030BD00BF241300210A46064832
:1043D000822302F8033B0368C1F80330436853604B
:1043E00083689360704700BF2D13002116220021BF
:1043F00001480EF0D9BE00BF2D13002117B402AB47
:1044000003E903001B48437D83B30B469DF800106E
:1044100009BB93F87410184A32F811204FF47A71DE
:1044200002F23F62B2FBF1F2D3E972147D3144F142
:1044300000045218198844F100044260018084602D
:10444000B3F8883002220D490C3020F80A3C03B042
:1044500010BCFEF747BF520608D51A880280D3F871
:1044600040224260D3F844228260E9E703B010BCE6
:10447000704700BF2D13002158520301CD430101A5
:1044800008B50022034B1A6009F082FCBDE8084021
:104490000CF0A2BF441300210B2808B504D940F248
:1044A000FB310620ECF74EF8014B33F8100008BD45
:1044B00068520301014914F00EBA00BFB98A020123
:1044C000014914F008BA00BF418B02012DE9F04305
:1044D000044689B00F469146037C012B7ED10246EB
:1044E0003F4900790BF08AFC20B94FF4FA710B2098
:1044F000ECF728F80BF096FC05460E4600F02EFA75
:1045000049463846A76200F0EFF90146804604F1BB
:10451000200000F0B5F940F6B8302D1846F100063D
:10452000B9F1010F4BD100F0CFF98269002A4FD0C9
:10453000206B7B1E90460344B3FBF0F34343DB1B2D
:10454000D2E9000761EB0101181841EB0701226B6A
:10455000CDE9005614F0B9FB0746B8F92400022152
:10456000A4F8440013F08DFCB4F844303F18A3EBDA
:104570000003A4F844304FEAE07343F100037D19CF
:1045800046EB030600F0F0F9204614F0B6F80027D9
:10459000A36803905B6820688DF8087098478DF8D1
:1045A00011708DF81000CDE90656022323742046C1
:1045B00002A914F0CFF8384609B0BDE8F083B8F18D
:1045C000000FDFD098E80B00181841F10001BEE79A
:1045D000B8F1000FD6D028463146B8E70C20EBE7FB
:1045E000B98A02012DE9F04786B00446174698467D
:1045F0000E9D037C012B4CD10246274900790BF01C
:10460000FDFB20B940F24F210B20EBF79BFFB7F1E8
:10461000C906BDF840304FF0000A48F1FF39A385C4
:104620007619BDF83C3049F10009A4F84030C4E9DE
:104630000878042323742946204614F005F9A3685A
:1046400005468DF800A020681B68984700F5DD70CE
:10465000A36800EB45005B68019020689847761BD3
:104660008DF80800694669EBE57320468DF809A0CE
:10467000C4E90C78CDE9046314F047F848B1049B11
:10468000059AC93342F100025B1942F10002C4E904
:10469000083206B0BDE8F087418B0201024610B532
:1046A000072927D8DFE801F004262612172029233E
:1046B000438A0133438214F0F3F9936820B9DB682D
:1046C0001068BDE8104018479B68F9E783685B698C
:1046D000BDE810401847094B1B68002BF8D140F289
:1046E00051110B20EBF72EFF83681B69F0E74FF4A5
:1046F000B171F6E740F26511F3E710BD44130021F4
:1047000038B504460D46037C032B0AD102230374FB
:104710000C49024600790BF071FB38B940F21131B7
:1047200001E040F20E310B20EBF70CFF20462DB1DB
:1047300014F055F8BDE83840FFF7A2BEBDE8384098
:1047400014F013B8B98A020138B504460D46037C4B
:10475000062B0AD1052303740E49024600790BF09B
:104760004DFB38B940F2293101E040F226310B20EF
:10477000EBF7E8FE3DB12046002114F0C1F8BDE89A
:104780003840FFF77DBE20460121BDE8384014F0D7
:10479000B7B800BF418B0201418A10B50131848D49
:1047A000091B09040CD5D0E90810521A054963EB1E
:1047B00000038A4273F10003ACBF0120002010BD4A
:1047C0000120FCE70140420F30B5D0E90C14C56B65
:1047D000511A63EB04048D424FF00001A1410CD348
:1047E000D0E90810521A064963EB00038A4273F1BC
:1047F0000003ACBF0120002030BD0120FCE700BF5A
:104800000140420F024B0022C3E90022704700BF63
:104810004813002108B5044B186810B9FFF7F2FFE0
:1048200008BD0C20FCE700BF48130021C3693BB959
:1048300083692BB9034B1B681B1A584258417047B8
:10484000012070474813002110B5D0E906436BB131
:10485000D0E902219C611144DA680A44DA60826975
:104860003AB1D3610023C0E9063310BD034A146096
:10487000F5E7002BF6D0DA60F4E700BF481300211B
:1048800008B5C16191B90F4A1368836103B1D8615A
:1048900010600023C269C3609AB1D3687BB181689C
:1048A0008B420AD22D213720EBF74CFE8B698861B1
:1048B0008361002BEDD0D861EBE75B1AC360002366
:1048C000D36008BD48130021014B1868704700BF32
:1048D00048130021034B00201B6803B9704718469A
:1048E0009B69FAE7481300210B4B002230B51B6887
:1048F00004464FF0FF35104623B911B9002808BF10
:10490000104630BDDA68A24203D3AA423CBF154626
:1049100018461A469B69EFE74813002138B5036A29
:104920001BB182689C68A24203D2CD213720EBF7ED
:1049300009FEC1698569D9619D6141B18B61996940
:1049400041B1CB61C1680A44121BDA6038BD02492B
:104950000B60F4E7D960F9E748130021014B01220D
:104960001A71704748130021014B00221A717047D9
:1049700048130021014B1879704700BF48130021EC
:10498000F8B5264B0446084600211D680B466DB954
:104990005BB1984225D3013CB0FBF3F11C4403FB0F
:1049A00001F5B4FBF3F48C420ED9F8BD2E690BB1BE
:1049B0009E4207D226B94FF496713720EBF7C2FD1D
:1049C000A98A3346AD69E2E7B5FBF3F603FB165659
:1049D00026B9B5FBF2F602FB1656DEB10139ED1A27
:1049E000E1E7451E1D44B3FBF4F4B5FBF0F5AC4222
:1049F000DBD3B3FBF5F605FB16374FB9B6FBF2F781
:104A000002FB176727B9B6FBF1F701FB17671FB168
:104A10000135ECE72846C8E73046C6E748130021D1
:104A20000F4B4FF47A72042933F8113010B503F2AA
:104A3000E73300F1FF34B3FBF2F34FEAC41409D0BB
:104A400003290AD002290CBF6022F022234400FB74
:104A5000023010BD4FF4D262F8E740F2BE22F5E713
:104A600080520301264B1A6810B5D2F80F3003624A
:104A7000537D117D1B0443EA0123D17C0B436FF46A
:104A800050618362B2F81930591806298DBF40F27F
:104A9000E241A3F550634FF47A714B438EBF00217E
:104AA0004B430121C36180F87E10937DD9B103EBA4
:104AB000830303EB83039B000386B2F81730D9B15D
:104AC00064214B43C362B2F81B308384B2F81D30BB
:104AD000C38492F8243003F01F025B0980F8A220FF
:104AE00080F8C23110BDC3EB431403EB840303EB26
:104AF00083035B009BB2DFE740F2E241E1E700BFE6
:104B000050130021042913B517D19B0103F5347309
:104B1000417990F844400139C9B203291AD81A489A
:104B20000144087CD101CA3103FB0213174A9342A6
:104B300015D94FF4EE612D200FE0032903D11B019D
:104B400003F5E773E4E702290BBF0B330A339B003D
:104B5000DB00DDE740F29B310620EBF7F3FC1E2281
:104B600004F03F01B3FBF2F31A0A41F04001DBB25B
:104B700042EA4012002061F3070063F30F20D3B232
:104B800063F3174002B010BD80520301C3BF03009E
:104B90000346074A1068D3F86920C0F80320B3F829
:104BA0006D20A0F8072093F8681012F0F5BB00BF45
:104BB00050130021D0F88030F7B50BB101221A60F4
:104BC0004388DB0727D50023056A144E05F10A0741
:104BD000CDE9003302238DF80630FF2386F820301C
:104BE0006846ECF78BFDB0B9009CA542F8D03B4677
:104BF0006A7A04F10A01607A12F038F90028EFD0DD
:104C0000A37886F82030D4F80330C6F82130044B5E
:104C1000B4F807209A8003B0F0BD00BF5013002104
:104C20007113002138B5084D044600F169010623CF
:104C30002868002212F0D0FC94F868102868BDE8BB
:104C4000384012F0A9BB00BF5013002107B512F085
:104C500021FA8DF807000548012306220DF107010E
:104C6000006812F0B9FC03B05DF804FB501300219A
:104C700008B5044B986910B1403013F011FF00F0F3
:104C8000010008BD5013002108B5044BD86910B1CC
:104C9000403013F005FF00F0010008BD5013002163
:104CA00070B504460E461346807F6588324615F07F
:104CB000040118BF04F17701FDF73AFE42070546EB
:104CC00023D4C3070BD50123A07F84F86830FDF7F8
:104CD00001FF0368C4F869308388A4F86D3015F0CB
:104CE000020F4FF001050ED0094B294684F876508B
:104CF0001868D4F87730C0F80930B4F87B30A0F8E1
:104D00000D3012F056FB284600E0002070BD00BFB9
:104D10005013002110B50446084694F8D8306BBBF8
:104D20002378082904F1DB0284F8D93016D004F185
:104D3000DA01FDF77DFD20B940F645712D20EBF736
:104D400001FC94F8DA3043F0020384F8DA3004F11D
:104D5000D0000B49BDE8104012F0A3BF094B186802
:104D6000034613F8031BC1F3801184F8DA10D0F85E
:104D70000310C4F8DB109B889380E8E710BD00BFE8
:104D8000178D02015013002170B504460E461546DA
:104D9000FDF7B4F898B92378A4F8C16084F8C0305E
:104DA000637C84F8BF500BB194F8483004F1B6002E
:104DB00084F8C3300249BDE8704012F072BF70BD84
:104DC000A791020110B504460E498C3012F069FF1C
:104DD0000D4904F1C40012F064FF94F89520B4F872
:104DE00096102046FFF7D0FF084B00221A71084B9F
:104DF0001B682BB12146206A0222BDE810401847EB
:104E000010BD00BFFD8F0201018D02015013002172
:104E1000B406002103292DE9F043054685B09046EC
:104E20007BD090F888300529DBB202D14288D607C2
:104E300060D5002B5ED10127DFF8E89099F8126069
:104E4000B6B112F057F8082888F8000014D002AA6A
:104E50000DF10701FDF7ECFC20B940F6CF612D20E4
:104E6000EBF770FB02A99DF8070013F0FDFB064667
:104E700098F80030082B08D1D9F8001011F8030B6E
:104E8000C0F3801013F0F0FB0646D9F8001005F1CE
:104E9000700395F86F2011F8030BC0F3801011F028
:104EA000E5FFD9F80010044611F8030BC0F3801099
:104EB00012F016F88146FDF71FFE014640B1B9F128
:104EC000080F1BD04846FDF7B5FB80F00101C9B2C1
:104ED00098F80000082815D094B9AB7F1C1A6042DE
:104EE00060416B885A0706D421B996B92B7D93B1DE
:104EF000BB4210D0002005B0BDE8F0830021E7E7F9
:104F00000120EEE714B181F00104E4B204F00100E5
:104F1000E7E73046EFE70120EDE743889B07E9D557
:104F2000022789E750130021F0B585B00823052139
:104F300004460DF107028DF80730FFF76BFF0546B9
:104F400018B90025284605B0F0BDF9F721FE064640
:104F50000028F6D1324F216A3A6891F8963010460F
:104F600010F803CB03EA5C1303F0010381F89630D9
:104F7000D2F80330C1F803308388A1F80730134614
:104F8000D4F820C013F81F1BC1F380118CF8021055
:104F9000D2F81F001B79029060468DF80C30FFF7A5
:104FA00061FD02AB94F913200121206A14F06BF823
:104FB000216A84F8956020460B889DF80720A4F8A4
:104FC0009630FF2384F8B3304FF6FF73A4F8B43063
:104FD00014F082F8134904F18C0012F062FEFCF721
:104FE0008DFF60B9236A04F1C4000F491A88A4F840
:104FF000CD2093F8963084F8CF3012F052FE236A19
:10500000002220461988FFF7BFFE084B00221B68CC
:105010003A71002B96D02146206A984792E700BF4C
:1050200050130021FD8F0201018D0201B406002101
:10503000032973B5044604D0052927D0012002B006
:1050400070BD08230DF107028DF80730FFF7E2FE6F
:105050000028F3D0237C23B19DF807102046FFF7EA
:1050600059FE0F4D0622042620462B685A701E70EA
:10507000FFF78EFD94F85C20A16D286812F0B2F95C
:1050800028682E7108F02AFF0020D8E7054B1B681E
:1050900023B1984780F00100C0B2D0E71846CEE7B0
:1050A00050130021B006002138B5B0F8483004464E
:1050B000194D0133C3F30E03A0F84830AB7C2BB17C
:1050C00009F02EF807F0F6FC0023AB7400232B71D7
:1050D00094F889302BB101212046BDE83840EEF725
:1050E000A9BE637CB3B1B4F848209A4212D301211F
:1050F0002046EEF79FFE63882046DB0747BF236A02
:10510000432243224FF6FF7148BF1988BDE838405B
:10511000FFF73ABE0021DFE75013002110B5094C1C
:105120002379012B02D02379022B05D1A37C1BB15B
:1051300008F0F6FF07F0BEFCA06ABDE81040FFF7DC
:10514000B3BF00BF501300210346074A906A03B95A
:1051500009B9FFF7A9BF1379D26A03F18043126935
:10516000033B52F8233018475013002103292DE93F
:10517000F743044605D0052900F08680FFF794FF29
:105180007CE008230DF103028DF80330FFF742FEA7
:10519000002877D0237C23B19DF803102046FFF729
:1051A000B9FD0123B4F802803C4E00251F464FEAAA
:1051B00098123068294662F3861707224370C8F3B5
:1051C00080180270C57012F031FA2A4639463068EC
:1051D00012F033FA2046FFF725FD306812F097FAF7
:1051E000B4F85C30C0F1FE05AB42B4BFDDB2EDB245
:1051F000AB422AD947F0100700223068A5F1030915
:10520000394612F01AFA306812F00CFAA91E5FFA49
:1052100089F9014420464D46C9B213F026FF042205
:10522000C0F307238DF80400C0F307400DEB020123
:105230008DF8053003238DF80600306812F0CCF9A4
:1052400000223946306812F0F8F9B8F1000F06D0A4
:1052500094F9132094F844106079FFF7F7FC2A467C
:10526000A16D306812F01DFAFF203582617908F0D7
:10527000D1F907233068337108F030FE002003B005
:10528000BDE8F083204679E7054B1B6823B19847BA
:1052900080F00100C0B2F2E71846F0E75013002199
:1052A000B80600212DE9F341444C2379012B07D0A6
:1052B0002379022B04D040F657412D20EBF742F919
:1052C000A26A176A0FB197F87D70A8B90125A37C6F
:1052D0001BB108F025FF07F0EDFB002D6BD0A06A95
:1052E000EEF7DCFB002860D008F0C2FCE36A9B68A4
:1052F00002B0BDE8F0411847216802F1690392F855
:10530000682011F8096BF00911F0B0FD0028DDD01C
:1053100006F00F062068052E2CD190F8243003F0FB
:105320001F03102B26D9D4F8288098F812500DB3FB
:1053300008230DF10702314640468DF80730FFF78C
:1053400069FD0028C3D098F8E930002BBFD122684E
:1053500008F1EA01D31C233253F8040B934241F8BD
:10536000040BF9D11B8808F1E1000B80144912F0FD
:1053700098FCACE7394612F044F80028A6D023790F
:10538000A06A012B05D02379022B02D04FF4436190
:1053900093E723793146E26A03F180435269013B86
:1053A00052F823309847054691E7A06A02B0BDE85D
:1053B000F041FFF779BE02B0BDE8F0815013002143
:1053C0002F8D0201F8B504460F4619B300F13005E0
:1053D000284614F0B9F8A0B963881A072ED52846D4
:1053E00014F0C7F80646284614F0AEF8301AC0B2DA
:1053F00014F000F9474A936803442846936014F078
:1054000082F8284614F084F808F0BCFA21792520A7
:1054100008F000F93F4E002394F8762030680370BE
:1054200043706388103B0D2B64D8DFE803F05F63A3
:105430005B0C634063636363636363402046BDE862
:10544000F840FFF731BE0623437020230370204647
:10545000FFF79EFB638823F008039BB2152B05D052
:1054600094F85420216D306811F0ADFF306808F0D9
:1054700035FD032321790020337108F09BFA05469E
:1054800007B9F06063881B0704D514F0B0F8054431
:10549000C4F820516388103B0D2B36D8DFE803F0A9
:1054A00038352F2F352F353535353535352F0C23FC
:1054B00021214370034603F8091B52B1D4F8772029
:1054C0000121C0F80920B4F87B209A8011F071FF07
:1054D000BDE7226FC0F80920B4F874209A8094F8D0
:1054E0006F10F3E7062303704370B0E702230370E5
:1054F0000623F9E740F234612D20EBF723F82179F8
:105500000120BDE8F84008F0E9BE40F6CA41F3E7E3
:10551000F8BD00BF5013002138B543880446102B56
:1055200004D10121BDE83840FFF74CBF0B4DAB7CE7
:1055300023B107F0A3FA402008F0E6FD286808F040
:10554000CDFC608810F0040002D1217908F0C6FE7D
:10555000002008F09BFD01232B7138BD5013002162
:1055600010B5154CA37C1BB108F0DAFD07F0A2FAC8
:10557000A06AEEF793FA20B1A06A438803F01803FB
:1055800023B9A06ABDE81040FFF78EBD2379012B37
:1055900007D02379022B04D040F658312D20EAF7AA
:1055A000D1FF2379E26A03F18043D268013BBDE871
:1055B000104052F823301847501300212DE9F04FC6
:1055C000B0F802B08BB0044616461BF003070191F9
:1055D00008D0012F06D0022F04D040F261612D20A7
:1055E000EAF7B0FF0BF00703052B08D1002E72D0AD
:1055F0004FF000094FF0010A4D46012209E0022B4D
:105600005DD1002E67D04FF000094FF0010A4D46E2
:105610004A464FF001081BF0400B04D0002E00F06A
:10562000FE804FF0010B48EA4202DFF86C82012154
:10563000072042EACA03002243EA051343EA491954
:1056400049EA8B1B0BF07B030093D8F800309DF8E0
:1056500000B05A7018705970002E40F00381B146A6
:10566000DE703946D8F8000011F0E0FFD8F80000ED
:105670004A469DF8001011F0E0FF009B9DF8007075
:10568000D80702D52046FFF7CDFAB90710D5019B00
:10569000D8F80000002B00F0F68004F17701062313
:1056A000012211F099FF0121D8F8000011F081FECC
:1056B0000023002B00F0F28040F643018FE7002B1F
:1056C00047D15EBB0BF02303B4F85420134309D039
:1056D0001BF0200913D04FF0000901254A46AA46C5
:1056E000C84698E7FFF7C4FA0028F1D1FFF7CCFAD3
:1056F00002460028ECD1B1463546B24689E794F817
:1057000004800125A8F10308AA46B8F1010F94BF4F
:105710004FF000084FF001084A467CE7FFF7A8FA6F
:10572000A8B9FFF7B1FA1BF0200500F001096CD110
:1057300094F804804FF0010A2A46A8F10308B8F152
:10574000010F8CBF4FF000084FF0010863E7012004
:10575000E9E7012B17D194F8048056B9A8F10205A6
:10576000B1469A463246D5F1000848EB05081D4679
:1057700051E7B8F102084FF000099A4618BF4FF000
:1057800001084D46C8E7062B3FF430AF042B39D152
:1057900026BB0BF02303B4F85420134311D0227915
:1057A0004FF000090125033A012A94BF002201228B
:1057B0001BF0200F0CBF90464FF000084FF0010A7D
:1057C00029E7FFF755FA0028E9D1FFF75DFA82468D
:1057D0000028E4D14FF000094D460EE7FFF748FAE4
:1057E00070B9FFF751FA227900F00109033A012A52
:1057F0008CBF002201221BF020050CD19046DDE772
:105800000120F0E740F20471E9E600254FF0010ABB
:105810002A46A846FFE600254FF0010AF9E7B4F84A
:10582000541059B194F804B0ABF1030BBBF1010F64
:1058300094BF4FF0000B4FF0010BF4E6618801F0CC
:1058400023010029EED10092FFF712FA009A0028F6
:10585000E8D1FFF719FA009A0028E3D1002F3FF4AE
:10586000E0AEDFE7DA70FFF70FFA50B1D8F81C307E
:1058700093F8BD30002B0CBF4FF000094FF00A0920
:10588000EFE68146EDE604F170010623012211F0F6
:10589000A3FE94F86F1007E7501300213A0716D5BE
:1058A000626C05A9D8F80000C2F30B2262F30B0367
:1058B00094F84620ADF814301209C3F3072362F3BD
:1058C000071303228DF81530022311F085FEBF0661
:1058D00040F1B580D4F85031D8F81C700293D4F858
:1058E000543103930FB9D8F81870D7E918A301936E
:1058F000FFF7CAF980B1D8F81C3093F8BD305BB11E
:1059000007F1400014F0CBF930B93B6F13EB0A0AF2
:10591000019B43F100030193397C4FF0000CA34B32
:10592000D8F8142033F811004FF47A73DDF808E04A
:1059300000F2E730B0FBF3F0D2F1900361EB01012C
:10594000B3EB0E03DDF80CE061EB0E01C318019818
:1059500041F1000113EB0A0340EB0101D4F84401CB
:10596000B3F5161FA0EB020E9DF8150071F10002B1
:105970004FEAEE7A00F0BF000ADB6CF345108DF8B9
:105980001500BDF814306FF30C03ADF8143026E0A9
:10599000B3F5703F71F1000208DB9E457AEB01021E
:1059A000EBDA40F020008DF8150007E09E456CF31F
:1059B00045107AEB01028DF81500E2DA9DF815200A
:1059C00012F0200FBDF8142014BF4FF4967A4FF058
:1059D0001E0AB3FBFAF363F30C02ADF814203B6F1D
:1059E00040F2E242B3FBF2F3ADF81630D7F81730CD
:1059F000FA7E06939DF81C3062F304038DF81C3088
:105A0000FCF7EAFA9DF81C3060F347138DF81C3060
:105A10009DF815306FF3C7138DF815303B68CDF83E
:105A20001D303B798DF821307B798DF82230BB79A0
:105A30008DF82330B7F852300133ADF82430012E01
:105A40004FD1B4F85430002B4BD06388980748D41A
:105A5000DFF85CA1DAF8000011F0E4FD421CB4F8B4
:105A600054100346D2B2BAF81070C2F1FF00CF1B37
:105A70008742A8BFD743FFB2B94227D96288D1076E
:105A800024D401934A46009B033FD8F80000012527
:105A900043F01001FFB28B4611F0CFFD019B204671
:105AA000191D3944C9B213F0E0FAC0F307238DF889
:105AB0001000C0F307408DF8113004228DF8120059
:105AC000032304A9D8F8000011F086FD3A46216DA1
:105AD000DAF8000011F0E5FDBAF810301F44AAF81A
:105AE000107065F3041B1BF0200F5FFA8BF506D0D6
:105AF0002F481223052205A9006811F06DFD6A06E2
:105B00000CD5002E4AD104F13000267913F03CFD6B
:105B1000014694F913203046FFF798F8FFF7B4F8E0
:105B2000002836D0224CE36993F8BD308BB30721AF
:105B3000206811F070FD092340F2E2410370322326
:105B40004370E369D3F890308370E369D3F8903001
:105B50001B0AC370E369B3F892300371E36993F8E9
:105B600093304371E36993F8A1308371E369D3F80B
:105B70009420B2FBF1F2C2717D22E369D3F8983030
:105B8000B3FBF1F30372E369D3F89C30B3FBF2F398
:105B900043722B0606D540F6A80120E5667994F8F5
:105BA0004410B6E70BB0BDE8F08F00BF8052030190
:105BB000501300212DE9F74F04460F4690F844009A
:105BC00007F0E0FE6179FF20744D07F023FD002F00
:105BD00048D1286811F0D7FB94F80480064604F1F8
:105BE000300013F0C6FCB8F1040F2CD1B60106F555
:105BF0003476EB6803EBC013CA3306FB00366388C8
:105C0000002019076E6142BFAB68F6186E616279B9
:105C1000696907F0D1FF63889A072AD05FBB617971
:105C2000012008F05BFB012294F876102046FFF774
:105C3000C5FC286808F052F906232B7101236B710B
:105C400003B0BDE8F08FB8F1030F03D1360106F5BC
:105C5000E776CEE7B8F1020F0BBF0B360A36B60077
:105C6000F600C6E762794FF4A571002007F0BAFF8D
:105C7000D1E7002FD7D066884FF0000A286806F0D9
:105C80000203C6F380165146002B4FF007030EBFE8
:105C90004FF001094FF00009D4F858804FEAC909C4
:105CA00012BFB4F85C70D4F85080B4F8547049EA6C
:105CB000861B0370012380F803A0D946437011F0BE
:105CC000B5FC52465946286811F0B7FC1BF0080F86
:105CD00017D0626C01A9BDF80430C2F30B2228680A
:105CE00062F30B0394F84620ADF804301209C3F3B5
:105CF000072362F3071303228DF80530022311F006
:105D00006BFC286811F003FD2B8AC0F1FE06FA1A1D
:105D1000B242B4BFD6B2F6B233449F422ADD00226B
:105D200049F01001286811F088FC286811F0EFFC98
:105D30002E8ABF1BC0F1FE062868B742B4BFFEB270
:105D4000F6B211F06FFC811920460131C9B213F08F
:105D50008CF90422C0F307238DF80400C0F3074038
:105D60000DEB02018DF8053003238DF8060028683D
:105D700011F032FC63885B0606D594F9132094F881
:105D800044106079FEF762FF298A32462868414450
:105D900011F087FC288A06442E824AE7501300211E
:105DA00010B5084CB0F85C30228A9A4205D0012127
:105DB000FFF700FF0723237110BDBDE81040FFF778
:105DC00073B900BF5013002138B5438804461E4DF7
:105DD00013F0020F0FD1DB070DD42A8AB0F854302C
:105DE0009A4203D1BDE83840FFF75EB90121BDE812
:105DF0003840FFF7DFBE0020617908F06FFA638852
:105E0000617913F0020F14BF0C20222007F002FC6E
:105E100002232B71AB7C4BB106F030FE6379033B60
:105E2000012B94BF4520402008F06EF96379033BB5
:105E3000012B94BF2820002008F028F92868BDE82D
:105E4000384008F04BB800BF50130021094810B586
:105E5000037903F0FF0453B92422214604300DF0E6
:105E6000A3F908F05DF906F025FE204610BD0C24CC
:105E7000FBE700BF5013002110B50023084C23712D
:105E80002060FFF7E3FF20B140F2EF212D20EAF779
:105E900059FBE36A13B940F2F221F7E710BD00BFE6
:105EA00050130021014B024ADA627047501300215F
:105EB00020670101044B054A1A60054B054A1A6028
:105EC000054B064A1A607047B0060021294F0101B0
:105ED000B4060021BD3D0001B80600217D6301012B
:105EE0002DE9F34704460E4600297BD000F130052A
:105EF000284613F029FB28B9638818076CD5284673
:105F000013F001FB284613F003FB07F03BFD21795A
:105F1000252007F07FFB364D28680379D90623D565
:105F2000C3789A0620D011F02EFA074604F130000B
:105F300094F8048013F008FB421C3B464146D2B261
:105F40002046FEF7DFFD0422C0F307238DF804008E
:105F5000C0F307400DEB02018DF8053003238DF8E7
:105F60000600286811F038FB46B304F1300A2868AF
:105F7000D5F80C8011F007FA8146504613F0F9FA73
:105F800007465046013F13F0DFFA1FFA89F2391A2B
:105F90002079C9B213F015FB638880441B0708D52C
:105FA000AB6801212046984413F084F94044C4F8BA
:105FB000200122794146002007F0FEFD286807F005
:105FC0008DFF26B92179304607F0F4FCE8600523FF
:105FD0002B7102B0BDE8F087204602B0BDE8F04763
:105FE000FFF762B80A4690F87610FFF7E7FA92E7F3
:105FF0005013002170B5174E012504463030B5719D
:1060000013F0A2FAF8B96388DA0604D52046BDE891
:106010007040FFF749B8B279002AF7D003F02303A4
:10602000B4F85420134305D020460021BDE8704049
:10603000FFF7C0BDFEF71CFE0028F5D1FEF724FED9
:106040000028F1D1E2E729462046BDE87040FFF77D
:1060500047BF00BF5013002170B5124D002601212B
:1060600004462E826E7113F025F9AB680344AB60D1
:10607000B4F848300133C3F30E03A4F84830FDF7F9
:10608000EBF94FF47F7394F87610B0FBF3F202FB58
:106090001300AB6832461844A8602046BDE8704043
:1060A000FFF78CBA5013002110B5094CA06A438841
:1060B000092B07D1FFF7D0FFA06A0121BDE81040EE
:1060C000FFF70EBF0121BDE81040FFF77BB900BF0D
:1060D00050130021F8B5467D0446B31EDBB2012BF8
:1060E0008CBF0027012796B3023E18BF0126012B63
:1060F0002DD800F1700190F86F0010F0F1FE054608
:1061000063889B0605D4082D2CD02846FCF79EFA00
:1061100040BBA577677784F86860FCF783FB05468A
:1061200009F080FE164B0022A5FB033584F876208B
:106130001B18204645EB01051146C4E91835FEF74A
:10614000AFFD70B940F27A412D20EAF7FBF908253E
:10615000D6E704F169013046FCF706F90028D8D1EA
:106160000020F8BD002EF4D0237F002BF8D0D4F807
:106170001630C4F86930638BA4F86D30C9E700BFEE
:1061800040420F002DE9F04F07469BB00C460546F4
:106190000EAE0FCF0FC60FCF0FC697E80F0086E8E1
:1061A0000F0006A86E7913F094F9A37A6178029330
:1061B000237801F07F080393237D013BDBB2022BA0
:1061C00000F288806C4AC90613441F7D06D4A37D63
:1061D000013BDBB2022B7DD813441E7D637E03F0AE
:1061E000FD03012B02D1042F08BF0327A37E03F078
:1061F000FD03012B02D1042E08BF0326617A06A8F5
:1062000013F06EF9237D227F06A8022B02F1010212
:106210000CBF617D0121D2B204BF0131C9B213F0BC
:1062200061F918F0080F6CD106A813F0A2F9637891
:106230008246DA0653D4EBF76FFB81463946504667
:10624000FEF7EEFB0123014632464846CDF80080BA
:1062500012F07CFD40F27121227900F53970E3786B
:10626000B0FBF1F043EA02236279484343EA024378
:106270004B43984238D84FF0000B94F818A0059380
:10628000A37CE86C04930AF1FF33D3F1000A4AEBD4
:10629000030A0DF0C5FE8146E86C0DF0D1FE059BAA
:1062A000484538BF48460DF1180980B260B308A9C7
:1062B000CDF82090ADF824808DF830708DF83160E5
:1062C000CDE90A3B12F072FE059BE8B945201BB0F0
:1062D000BDE8F08F40F25F310620EAF733F928225B
:1062E000414600F029FAB5E7E379A27942EA0322B0
:1062F000237A42EA034201FB02F3984298BF034625
:10630000B9E700239B46B8E7CDE9103B049B039A0D
:106310008DF84C308DF83C700EAF029B8DF83D60CF
:106320002E468DF848A08DF84D308DF83820ADF808
:106330003A800FCF0FC60FCF0FC697E80F0086E841
:106340000F0099E8030028630020A986E37A13F080
:10635000FD0F14BF0123002385F86F30E3682B671E
:10636000238AA5F8743095F84630E27D62F307136E
:1063700085F84630ABE700BF805203012DE9FF41AD
:1063800008230DF10702052104468DF80730FEF7BA
:1063900041FD002875D0F8F7FBFB002871D13B4D7B
:1063A000206AFEF75FFB2B68D3F81F0093F82320C9
:1063B00002908DF80C20226AD3F80310C2F8031063
:1063C000B3F80710A2F807101B78206AC3F38013F4
:1063D00083702F4B1B6813B1012221469847276A0F
:1063E0000E232868082697F8028000214370067063
:1063F00011F01CF900224FF00301286811F01DF97B
:106400002046FEF70FFC4146286810F0D2FF062315
:106410000122F91C286811F0DFF86179FF2007F0EC
:10642000F9F8286807F05AFD276A2046394612F025
:10643000EEFF0DEB0603014694F91320384612F0E7
:1064400022FE216A00239DF80720204684F895301B
:106450000B88A4F89630FF2384F8B3304FF6FF730F
:10646000A4F8B43012F038FE236A1A882E71A4F80A
:10647000CD2093F8963084F8CF30012004B0BDE8E9
:10648000F0812046FEF710FEF7E700BF5013002111
:10649000B40600212DE9FF41594E0446327902F03D
:1064A000FF0312B90278FF2A04D140F6B7112D205C
:1064B000EAF748F83382B3607371B37180F88930BA
:1064C000504B684604F1300500934F4B01934F4BFE
:1064D0000293F36A5B68039307F0EAFC07F00CF998
:1064E00007F01EFE06F0E6FA494807F041FA49486F
:1064F00007F0D8FC284613F006F8284613F008F8F1
:1065000007F040FA2179252007F084F894F9130068
:1065100007F028FA04F15001E06C0DF010FD074679
:1065200004F15801E06C0DF031FD8046002F3BD0A6
:1065300094F82430002B37D0B4F94850ED43ED0FD8
:10654000637F13B963885B0709D56FF00043D4E913
:1065500018129A4208BFB1F1FF3F2FD1B5BB002FEF
:1065600008BF474694F88B3003B9AFB1638813F086
:10657000100511D1606CC0F30B2012F053FF94F89A
:10658000463084F84500C0F3032023F00F0318437E
:1065900084F8460084F88B5030680330FCF78EF99D
:1065A000B07404B0BDE8F081B8F1000F04D094F8E5
:1065B0002550002DC0D1C3E74546C1E709F032FCA4
:1065C000D4E91823904271EB0303C7D30122294673
:1065D0002046FEF765FB68B1FCF724F9054609F093
:1065E00021FC0D4BA5FB03351B1845EB0105C4E948
:1065F0001835B4E7002DB2D040F6F41157E700BFCC
:106600005013002161550101A552010149510101B9
:10661000D6BE898E5555550040420F0037B5044609
:106620001C4DFFF737FF04212078EBF72DF80621EA
:10663000A8612078EBF728F8AB69E8612BB120B1AD
:1066400040F62B212D20E9F77DFF204612F0FFFCBC
:10665000618811F0100118D000212046FEF7B2FE2B
:1066600094F88A305BB16846FCF79CFB38B1694608
:1066700004F1360010F048FD002384F88A302046EB
:1066800003B0BDE83040FEF795BA2046FFF728FC7E
:10669000E6E700BF50130021024B9862DB6A1B68DB
:1066A000184700BF5013002143881A0710B504464D
:1066B0000ED5036A3C220F498C3042721B884381FD
:1066C000FF2380F827304FF6FF73038511F0E9FAB6
:1066D00063882046DB0747BF236A3C223C224FF6F3
:1066E000FF7148BF1988FEF74FFBFF2384F88930FC
:1066F00010BD00BFFD8F0201F39102010193020161
:1067000019550101F9910201F55F0101C95D01010E
:10671000A15D0101C54D0101315001016D51010122
:106720001D6601011D510101A9600101F866010109
:1067300000670101186701010138022808B503D973
:10674000C3212F20E9F7FEFE13290A4B05D8112992
:106750000CD8102907D0D121F3E71529FBD103EB81
:106760004003D88801E033F8100008BD03EB400374
:106770009889FAE798520301F8B52F4B40281A88F8
:1067800042EA00021A8005D104219868BDE8F84069
:10679000EDF740BA802801D10521F6E700F00302A9
:1067A000032A04D140F696213120E9F7CBFE10F000
:1067B000020418BFD960C50705D5CA781961062A31
:1067C0000DD00B2A18D02CB1DA68D278052A1FD048
:1067D0000B2A2AD0820644BF08221A75F8BD9A688F
:1067E00092F88F101929EED1002600270121C2E965
:1067F0003A6782F89310E6E79A6892F88F101329A7
:1068000001BF002182F89310012182F8D010DAE74D
:106810009A6892F88F101729DCD1002400250121F5
:10682000C2E93C4582F89410D4E79A6892F88F1038
:106830001229CFD10021F5E78013002113B50446BA
:1068400001A8FBF719FD20B940F687013120E9F7CF
:1068500079FE3222002101980CF0A6FC0321019858
:1068600010F0EEFF01982146037823F01003037027
:10687000FCF7E2FA224601990548FCF7E3FFFBF733
:1068800011FD10B940F69101E0E702B010BD00BF64
:10689000841300212DE9F0412B4CA36893F89A72E0
:1068A00093F89B62002F48D193F87450002E46D184
:1068B00093F8758083F8745083F87580FF2283F80D
:1068C0007620224B1B6813B12946A0689847204BBD
:1068D0001B681BB12A4641461E489847A36893F897
:1068E0002C31012B02D057EA060303D000211948AE
:1068F000FBF77AFBA0683C3011F016FA0546A06859
:1069000000F24B11FCF71CFDA0680621EDF782F99F
:10691000A0683C3011F008FA8542044611D209F013
:1069200093FA0146601B402838BF40200BF0E4FC7E
:10693000B0FA80F04009BDE8F0813D46B6E7B046C8
:10694000B8E70120F7E700BF80130021CC06002143
:1069500004070021841300210A460146044808B5B3
:1069600013F012FF10B9024811F046FB002008BDD9
:106970008413002108B50C4B9B6893F81621FE2A5E
:1069800004D040F696013120E9F7DCFD83F81601CA
:1069900011B9A3F8CC1008BD0022A3F8C62001222B
:1069A00083F8CA20F7E700BF801300210D4A117D4C
:1069B00099B940B99068B0F86410B0F84820914295
:1069C0000BD8EDF783B813881B0708D5936893F8A5
:1069D0009000083818BF0120704700207047012040
:1069E000704700BF80130021164BDB6810B5197982
:1069F000436893F88E200A2A09D193F811218A421C
:106A000005D1002283F88E2083F8CA2010BDD3F868
:106A1000802012F0080407D022F00802BDE81040E0
:106A2000C3F8802011F001BBFF2905D1342283F87F
:106A30008C4283F88E20E9E740F242513120E9F799
:106A400081FD00BF80130021002908BF1F212628D7
:106A500010B514D80D2816D9A0F10E03182B12D892
:106A6000DFE803F013111111131113111813111191
:106A70001111113B11114111113434344B003B28D9
:106A800049D03E2841D0002010BD0021BDE8104073
:106A900012F006BE214CA36893F88E20222A09D159
:106AA000201DFBF7A1FAA368002283F88E2083F84B
:106AB000CA20E8E72F2AE6D193F88F30A3F121020C
:106AC000062AF0D92F2BEED02A21E9E7144B1B68B8
:106AD000002BD8D0BDE810401847124B1B68002B84
:106AE000D1D01D20F6E7104B1B68002BCBD00A46F7
:106AF0000E482021BDE8104018470D4B1B68002BA5
:106B0000C1D00A48BDE8104018470A4B1B68002B4B
:106B1000B9D01046F6E7084BF8E700BF8013002114
:106B2000C4060021D4060021DC06002184130021C4
:106B3000E8060021F406002110070021134B02464D
:106B40000979986890F88E30222B13D02F2B11D012
:106B5000292B11D0042B11D0102B11D01E2B11D0AA
:106B600090F88F0024280FD0302B14BFFE20262051
:106B7000FFF76ABF1620FBE72320F9E70E20F7E7AF
:106B80001220F5E71420F3E71720F1E78013002126
:106B900070B50B79044646680A46262B96F88E5047
:106BA0005FD015D81D2B0FD80D2B0FD9A3F10E01D7
:106BB0000F290BD8DFE801F01F0A0A0A1F0A1F0A73
:106BC000261F0A0A0A0A0A4C232B39D0002070BD5E
:106BD0003E2B4CD005D82B2B4BD03B2BF6D1264B44
:106BE00040E0FF2BF2D1254B9B69002BEED0012317
:106BF00086F88E32EAE7224601211846BDE8704049
:106C000012F04EBD222D01D02F2DDFD1204611F0E4
:106C1000F3F9636893F88F20232AD7D093F8E12003
:106C20001A21204622F0010283F8E120626892F8DE
:106C3000E13023F0080382F8E130FBF7D5F9C5E72E
:106C4000292DC3D10E4B1B68002BBFD09847BDE741
:106C5000332DBBD10B4B1B68002BB7D01146204600
:106C6000F4E7094B1B68002BB0D09847AEE7074B01
:106C7000F8E7074BF6E700BF140700218013002157
:106C8000C8060021D8060021EC060021F8060021E4
:106C900000070021F7B50546944C002840F0E2803B
:106CA00023881F074FD5A26892F816312A2B17D0D8
:106CB0000DD81C2B14D0222B19D0A36893F81621C1
:106CC000FE2A21D140F2BE513120E9F73BFC3C2B9A
:106CD000F3D1874B1B68002BEFD0201D9847ECE7C2
:106CE000002382F83531834811F086F9E5E782F810
:106CF0003601814B1B68002BF5D0A06800F59B7115
:106D000000F58E709847EEE7FE2283F8162193F87F
:106D10008F201B2A08D10026764883F8CF6011F017
:106D200084F9A36883F88F60A36893F88E20212AE2
:106D30002BD0342A37D093F89020082A02BF0222A1
:106D4000227783F816212388DE075FD5A368276999
:106D500093F88F30123B0B2B0DD8FB78023BDBB244
:106D6000092B00F2BF80012202FA03F340F2333212
:106D7000134200F0B7803846FCF744F8FE78D8B9E3
:106D800031465C4811F07DF98EE093F88F20A2F136
:106D90002101062901D92F2A03D12F2283F88E2021
:106DA000C9E72222FAE7012283F88D22002283F824
:106DB0008E2083F8CA20BEE7012E01D9162E0FD1EE
:106DC000A36893F88E0011F049F948B1A36893F8CD
:106DD0008E20212A04D0222A40D12F2283F88E200F
:106DE000112E65D058D8072E64D00D2E64D03046B1
:106DF000FCF718FF0346002853D1FF2E5ED1A3698C
:106E0000002B5BD0A368012283F88E2223885807C9
:106E100006D5A26892F89020072A04BF01222277A3
:106E200099070FD5E368DE780D2E49D0112E49D091
:106E3000072E49D03046FCF719FF0346002845D0FD
:106E40002C4898472388DA060CD5A36893F88F203E
:106E50000B2A07D10C2283F88F2003E0162E0CBFDB
:106E600020250225237D1B0713D5A36893F88F30B7
:106E7000123B0B2B38D9002601A903200196EBF712
:106E8000C1FB019B2BB11E720C22A1680198FCF77B
:106E9000E5F9284603B0F0BD142EA8D1174B1B68A6
:106EA00063B12169134898470028AFD00546D9E758
:106EB000134BF6E7134BF4E7134BF2E7F97860E76F
:106EC000124BBDE7124BBBE7124BB9E7FF2E06D1C1
:106ED000A268342182F88C0282F88E10B2E740F268
:106EE000B251F1E60825BDE70825D2E7801300215D
:106EF0000807002184130021E4060021C0060021B8
:106F00003D970201916B01013D6B01010F9602015A
:106F10002D960201E9690101024B00209861186277
:106F2000704700BF8013002108B50022044B9A610E
:106F30001A62FCF75BFBBDE80840FCF76BBF00BFC3
:106F400080130021024B9869003818BF0120704758
:106F5000801300212DE9F047814C0E4686B007468C
:106F6000B4F80080A16818F4007F01F180050CBF1F
:106F7000B1F8C020002328460DBF0132A1F8C0306F
:106F800081F8D731A1F8C02012F068FB28B1434640
:106F900001F5A1722846FDF7D3F8238803F4C063F6
:106FA00043B1A06890F89230002B00F0AF80032B23
:106FB00000F0B280A168238891F89220012A04D1C0
:106FC0001D0544BF022281F89220002F40F06B8102
:106FD000580657BFB1F8F0213A46013292B2A1F8F3
:106FE000F02103F00A020A2A0DD1E268D278022ABF
:106FF00009D123F0080330462380FFF74BFE0643F8
:107000000823F6B223803046FFF744FEA369064307
:10701000F6B2002B5FD01422002101A80CF0C4F8B6
:10702000A36893F8750007F027FCA368054693F85A
:10703000750007F019FC05F5FA754FF47A71A2682E
:10704000B5FBF1F51388054441F27070ADF80430DA
:10705000B2F88830ADF80A50ADF80830D369A3F51E
:107060007A75854295BFB3FBF1F340F2E24103F537
:107070005063B3FBF1F39BB2ADF8063092F88E3259
:1070800033B12069C31C049310F0D8FB8DF81400B1
:10709000A26801A89DF80C3092F88D2262F30003DB
:1070A0008DF80C30A3699847A3680022049983F8EF
:1070B0008E2283F88D2271B193F88C225AB993F8FD
:1070C0008E20342A07D09DF8142022B10878FF289A
:1070D00027D11B2A2CD9A36893F81621FE2A4FD159
:1070E000002E4DD193F89020073A012A48D993F801
:1070F00020312BB3A3680121022093F82121A3F8AA
:10710000C46083F81821FFF735FC39E0012180F8CD
:107110009210ECF77FFD4DE70223012180F89230B9
:10712000F7E70728D7D1022AD5D14878FF28D2D14E
:107130000120C3F8901283F88F2283F88C02CAE7EB
:10714000A06890F88F30A3F11105EDB20C2D40F23C
:107150007081D0F88030DA0704D531460920D2E7B3
:1071600080130021990740F1FD8031460C20FFF784
:1071700001FCA26892F8D13043F0010382F8D130CB
:10718000A568B5F8D03195F8D4810133A5F8D03190
:10719000B8F1000F00F0E682EBF726FA10B10023F9
:1071A000A5F8D031A368188813F010FBA1688246B7
:1071B00091F89230B1F83280012B40F2188391F8A7
:1071C0009030082B40F0E682B1F8C030022B40F23C
:1071D0000E83B1F8C2500135ADB2B1F88830DFF896
:1071E00098922B44A1F8C831D9F80030002B00F058
:1071F0000283B8F1010F40F2FE82EBF7EBF9024691
:10720000A068D9F80090B0F88810C84700F10109CB
:107210001FFA89F9A36893F8D521002A3DD1012DE1
:107220003BD993F88F200AB10C2A36D193F88E20DF
:107230009ABB93F8902082BB93F89220022A2CD11B
:1072400093F8D7214ABB58690CF05BFC28B3A368BC
:1072500093F81621FE2A20D1B3F8CA21012A1CD99D
:10726000B3F8D0119A8C914217D2BAF1000F02D024
:10727000BAF80E0088B9013D521AADB292B2B5FB10
:10728000F8F5954228BF154605FB0899003D1FFA01
:1072900089F918BF012583F8D251A368B3F8880093
:1072A0008144A3F8CC912288A368550657BFB3F850
:1072B000DC210022B3F8CE115218A3F8DC2193F898
:1072C00020312BB9A36893F89030073B012B07D8E6
:1072D000A368B3F8C420B3F8CE110A44A3F8C420BD
:1072E000A36893F8CA0030B1B3F8C620B3F8CE1142
:1072F0000A44A3F8C62093F9CE100029C1BFB3F801
:10730000CC20B3F8CE515219A3F8CC2093F8B12079
:107310005AB9002F40F0B982227F022A40F06E82D3
:1073200093F81821062A18BF1622A36893F8B030E4
:107330002BB9A368514883F8B120FCF705FDA0687C
:1073400012F040FA4E4B1B681BB14E4AA068116800
:107350009847A368002283F8D32106B0BDE8F04720
:10736000FAF7C6BF5A0702D531461320CBE61907F4
:1073700006D590F81031314680F818310720C2E662
:107380001A0602D500211B20BDE613F030023FD0C3
:1073900090F82331002B40F07E82A36893F82231CD
:1073A000F3B1A06890F88F3000F5917100F29A2245
:1073B000262B2BD090F88E30A3F1260CDCF10003A5
:1073C00043EB0C0310F0B9FCA268D2F8803023F034
:1073D000200343F01003C2F88030002382F82231EA
:1073E000A068D0F88030DA0640F1558200F24B11E7
:1073F000FBF7A6FFA36800211520B3F85E20A3F8D1
:107400001821B3F86220A3F81A217CE60123D9E7FA
:1074100013F0400102D01146242074E613F4807268
:1074200001D01E206FE6DB0440F1358211462C208E
:1074300069E6123B0B2B5AD8DFE803F0065959597D
:10744000091159595959594400210B205BE6FCF7A1
:10745000EFFC00283FF494AE0021042053E690F89E
:107460008832012B10D100210520FFF783FAA36891
:10747000002283F8882283E6F0060021841300218D
:10748000E006002138000021A36893F88832022B1F
:10749000D8B27FF475AEA368062293F8D0501DB120
:1074A000002183F81821E0E7A548032110F0D0FD62
:1074B000A368294693F8E03013F0040F14BF11209D
:1074C0000D20D2E7002106201DE6002111201AE63A
:1074D00092F82C31022B02D10021172013E692F8EA
:1074E0002C31012B03D192F82D31002BF4D0A3685D
:1074F00093F88E206AB993F88F20113A0C2A40F243
:10750000E08193F8BE20002A00F0DB8101211220E7
:10751000F9E50A2A40F0E68193F81121012183F868
:1075200018212BE7A36893F832319BB1A36893F835
:10753000D13013F003050DD101210C20FFF71AFA09
:10754000A36893F8D12042F0010283F8D12083F898
:10755000325190E7A36893F834317BB1A36893F874
:10756000E730DB0902D001212B20CCE5754B1B68ED
:10757000002B00F09280724898478EE0A36893F841
:10758000223143B3A36893F8233123BBA06890F85A
:107590008F3000F5917100F29A22262B19D090F8C5
:1075A0008E30A3F126056B426B4110F0C6FBA36839
:1075B000002283F8222101211420FFF7DBF9A368C0
:1075C000B3F85E20A3F81821B3F86220A3F81A21BB
:1075D000D6E50123E9E7A36893F82C21012A74D1A9
:1075E00093F82D31002B70D1A06890F88F20A2F174
:1075F0002103062B69D92F2A67D090F874104B1EEF
:10760000DBB2032B09D890F87550DFF83CE1013D5F
:107610001EF803C0EDB2032D04D940F24931062013
:10762000E8F790FFBCF1020F90F82E3114D0BCF1B6
:10763000030F13D0BCF1010F04D1012B14BF0023A1
:1076400001236BB9A2F14403012B26D90B3A042A7A
:1076500023D90121162056E5022BEFE7042BEDE795
:107660001EF8055090F82F31022D24D0032D24D080
:10767000012DE7D1012B14BF00230123002BE1D002
:10768000B0F8883000F52672B0F830010FF079FAC2
:107690000146A8B92A48FAF7A7FCA36893F88E20F8
:1076A000002A7FF46DAD93F88C32002B3FF468AD67
:1076B0000121FF2027E5022BDDE7042BC2D1DFE704
:1076C000A368282283F88E205AE5A36893F8363100
:1076D00013B10121222016E5A36893F835313BB19F
:1076E0001A4B1B6816489847FE28D6D001210AE598
:1076F000A36893F83E3113B101211D2003E5A3686F
:1077000093F83F3113B101212620FCE4A36893F8DC
:10771000943213B101213E20F5E4A36893F840317F
:10772000DBB1A36810211888E9F7AEFF43689B0717
:1077300010D5074B02481B68984701213B20E2E423
:107740008413002100070021B6520301BC0600216A
:107750000C070021654B1B680DE7654B1B68002B70
:10776000C0D19AE7EAF730FF08B1A5F8D081EAF76F
:1077700043FF00283FF416AD95F8D7310133DBB253
:10778000022B85F8D73182BF0023A5F8D03185F8C8
:10779000D73107E591F8BE301BB191F88E30102B30
:1077A00025D1B1F8C25001F18000B1F8C0304FEAE4
:1077B00088090135ED1AA5EB880511F04FFFC0B11E
:1077C000D1F8B820D1F8B400531C1B1AA3EB09035D
:1077D0009D42A8BF1D46BAF1000F05D0BAF80E3081
:1077E000043B9D42B8BF1D46012D3FF7F5AC012576
:1077F000F3E42B46ECE74FF001090BE5012A09D130
:1078000093F89120002A7FF490AD0021A068ECF756
:1078100001FA97E55EB1F00635D4310735D4B206EA
:1078200035D4B30735D140F618213120F8E638B108
:10783000B3F8C600B3F8C820904201D3222274E501
:10784000002905DDB3F8CC10B3F8C8209142F5D279
:10785000B3F8C410B3F8C22091420BD2A36893F8D6
:107860009210B3F8C02051B1B3F8C2309342CCD8D3
:1078700008225AE593F82031002BDFD1EEE7052AE4
:10788000C3D93E2251E51E224FE53D224DE523227C
:107890004BE52A2249E5A26892F88F30322B3FF45B
:1078A00014AE08D8232B3FF413AE2B2B7FF41FAE5E
:1078B0000021202027E44B2B7FF419AE00213C202F
:1078C00021E40C2D7FF65CAC93F83331002B3FF4B0
:1078D00029AE01210E20FFF74DF8A368002283F89E
:1078E0003321C8E50C2D3FF6D8AE49E4140700213A
:1078F000D006002173B56A4D00240126A8602E71C0
:107900002C802C752C77FF2380F8D331AB68188836
:10791000FAF7ACFCAB681888FAF7D4FCAB68B3F89C
:10792000CA21EAB193F81621FE2A19D193F8203121
:10793000B3B1AB6893F89020073AB24210D993F8EC
:1079400021210220A3F8C440314683F81821FFF713
:1079500011F8AB68022083F8D241FEF76FFF04E014
:10796000AB6893F81601FE28F7D1AC68B4F8CE11D5
:1079700004F18000638E0139B4F8D02189B2B1FBE3
:10798000F3F31344A4F8D031B4F8C0300B44A4F896
:10799000C03011F063FE20B1D4F8B4300B44C4F809
:1079A000B430B4F8CA310026012B9CBF0133A4F8CF
:1079B000CA3109B184F8D76194F88F3084F8D26164
:1079C000A3F10B02012A1FD8B4F88830B4F898222A
:1079D0009B1A190432D404F29A2104F196000FF094
:1079E00093FBAB6883F88F60FF2283F8CB20A968F4
:1079F000B1F8CE2101F180000FF0CDFBA0B340F62D
:107A0000A3113120E8F79EFD262B17D1B4F8982258
:107A1000B4F888309B1A1A0410D484F88F60FEF7EB
:107A200039FFAB68014630B983F82C0102B0BDE8DC
:107A30007040FFF78FBA83F82C61D8E794F88E3046
:107A4000262B01D0282BD2D1B4F88830B4F8982254
:107A50009B1A1B04CBD4002384F88E30FEF71AFF48
:107A600001460028C3D1E1E70E4B0F4900930F4AAE
:107A70000F4B03C9EAF7F4FB296A19B195F8240002
:107A800006F028FBAB6893F88F30123B0B2B04D821
:107A900002B0BDE87040EAF7DBBB02B070BD00BFCA
:107AA00080130021556F01018413002179670101C2
:107AB000AD690101D0F8A032C269934273B50446A2
:107AC00012D1D0F8A462426AB61A18BF012694F8FF
:107AD000AC52002D42D0208812F078FE30B94FF41D
:107AE00044613120E8F72EFD0126F0E7B4F8A82222
:107AF000638E9A421CD1B4F8AA3282899B1A18BFAD
:107B0000012394F88E50442D16D094F88F20442AE7
:107B100010D0002502212046FBF748F8002D44D064
:107B2000002384F88E30032384F8923002B070BDB5
:107B30000123E6E73343ECD01D4B1B6813B940F635
:107B40004B41CEE7A5F1440200216846019455421D
:107B5000554101228DF800209847DBE7002ED8D050
:107B60002288A3F57A7104F5CB70A4F8A02141F224
:107B7000707291420F4995BF4FF47A7240F2E2421F
:107B8000B3FBF2F3B3FBF2F398BF03F550639BB280
:107B9000A4F8A231B4F8A432A4F8A431B4F8A632FF
:107BA000A4F8A63110F086F8B4E784F88F50BAE74D
:107BB000FC0600217781020108B5FBF737FE024B76
:107BC000024A1A6008BD00BFBC060021C998020124
:107BD00008B5FBF79FFD054B054A1A60054B064AA1
:107BE0001A60064B064A1A6008BD00BFDC06002179
:107BF00051DC0001E0060021BDDC0001E4060021AB
:107C000029DD0001014B1868704700BF38000021D2
:107C1000014B1860704700BF3800002108B5FBF722
:107C2000D7FD034B034A1A60034B044A1A6008BD90
:107C3000D406002159690101D8060021FD950201F1
:107C400038B521220B46044603F8022B00F1090245
:107C50001D3052F8045B824243F8045BF9D110886E
:107C6000188092789A708A78122A03D80F4BD340E2
:107C7000DB0717D4B1F8075005212846E9F704FDC2
:107C800018B99821AA20E8F75DFC503010F0E5FF04
:107C900008B19B21F6E705212846E9F70BFD08B15D
:107CA0009C21EFE7002304F8053C38BD8100040067
:107CB00003784268A3B992F874100B4B03EB4103AD
:107CC00098884FF47A7300F23F60B0FBF3F0D2E98A
:107CD00072317D3341F10001C01841F1000170475C
:107CE000D2E99001704700BFBA52030110F8023C7C
:107CF0002DE9F043044689B023B900F8053C09B0EA
:107D0000BDE8F083002300F11206CDE90633052318
:107D10008DF81E3006A8E9F7F1FC054680B1052173
:107D20000DF11600E9F73AFCBDF816300546E3817F
:107D3000E0B907237A49204663720FF0B2FFDEE70D
:107D40000698237C827A9A42E4D1637C00F10C018C
:107D5000C07A13F0FD0F334614BF012200220FF04A
:107D600085F80028D6D004F8055CC8E70146184617
:107D700002F026FB14F8043C6A4FEB7414F8033C41
:107D80002B7534F8083CA5F8883054F80C3CC5F83D
:107D90008C3014F8063C2B760023AB753B680BB394
:107DA0000721BDF81600E9F731FC0646D0B10146BF
:107DB0003B68BDF816009847237F40F2E2411A1E47
:107DC00018BF01226A7654F8102C86F835303260DC
:107DD000627F4A4372607D22A37F4B43B360E37F9F
:107DE0005343F36005F150063046FCF769FB58B188
:107DF0000521BDF81600E9F75DFC002899D040F296
:107E00000911AA20E8F79EFB237C04F1340105F157
:107E10001E0040F2E249AB72637C13F0FD0F14BF09
:107E200001230023EB72D4F81230EB60E38A2B823B
:107E300001236B750FF068F9B4F81900E36A09FBC8
:107E400000F92B60236BC5F878906B60E37E85F8B2
:107E5000923094F8423085F89830E38FA26AA5F802
:107E6000A030638F5343C5F89C30A37AE17A43EA8C
:107E70000123A5F8A230237E013BDBB2022B0BD8F5
:107E800029490B441B7DEB7594F8463043B1012B17
:107E90003BD040F2C13101E040F25F310620B1E752
:107EA0004FF01E08B4F93C00B4F84470C317A0FBAF
:107EB000020102FB031194F847304FF416125343AA
:107EC00008FB0733C71A61F10001012F71F10003AC
:107ED0001EDA4A4638460BF003F8B4F84030034443
:107EE00009FB00F09BB2C01B5A1E0633A5F86220A6
:107EF0009BB26A7D85F8932000903046CDE90183DE
:107F0000D4E90823FCF76EFBF9E64FF49678C9E74D
:107F1000781E4A4661F100010AF0E2FF0130DCE719
:107F2000417C010118070021BA5203012DE9F04FED
:107F3000834687B008460E460FF0D1FCDBF804906C
:107F400005460F21B9F80000B9F888A0E9F79CFBB5
:107F5000837B0446002B00F0ED80C37A002B40F0B9
:107F6000E9806F7E7B1E012B02D9042F40F0E28056
:107F7000FAF70CF837EA000340F0DC802B7E05F1BD
:107F80001A0713F0100FC3F3001118D0EB7F03F0A2
:107F9000C003402B13D13846FAF762FC78B10EF0DB
:107FA000A9FF082880460AD004AA0DF10F01FAF7AC
:107FB0003FFC88B940F28F11AA20E8F7C3FA2B7E64
:107FC0004FF00808D5F81A00C3F3001304908DF899
:107FD0000F30BB88ADF81430F3782A2B40F0AE8018
:107FE00030460FF07EFC0646002800F0A7800368AC
:107FF0002360037984F82C30437984F82D30837919
:1080000084F82E30C37984F82F30AB7A5846D5F8EF
:108010000670C3F304030193FFF74AFED9F81C204E
:10802000019BA263C4E90C01AA8A84F84470AAEBFC
:10803000020284F84830A4F84C203A0A84F845201B
:108040003A0C3F0E84F8462084F84770D5F80B3080
:108050002A7CE363EB7B43EA02236A7C43EA024324
:1080600023642B7EC3F3421384F85230EA7DAB7D48
:1080700043EA0223A4F84E30EA7CAB7C43EA0223B5
:10808000EA78A4F8503002F01F02AB7843EA0223EA
:10809000A4F85430EB78C3F3401384F85630EB78EF
:1080A0000498C3F380139DF80F7084F857302B8C1D
:1080B000C4F82200AAEB030384F82170A4F84A3024
:1080C000BDF81430E384AB7AC3F3421384F82B3049
:1080D0006B7E99073CD413F0010001D103F004003A
:1080E000F6F702FE84F828002B7EB8F1080F5146FF
:1080F0002846C3F3030318BF47F0020784F8203073
:10810000AB88A4F82930B9F8003063832B8818BFF6
:1081100084F82170A3834FF0FF33A377E3770FF048
:10812000FAFB034604F11000A3B912231749637642
:108130000FF0B7FD002007B0BDE8F08F002684F8EF
:108140002C6084F82D6084F82E6084F82F605CE742
:108150000220C5E7A6B133795A1E1206E5D472791A
:10816000052AE2D9B779791EC9B2FD29DDD8F1799E
:108170000129DAD95343A9888B42D6DCBA42D4D933
:10818000FF23E37202490FF092FDD3E7417C010126
:10819000ED7C0101012A70B50C460646114605D951
:1081A000931E012B68D940F27D2106E00521E9F7F5
:1081B0006BFA054618B940F21F21AA204AE0503058
:1081C00010F0D1FC002840F0A680237EAA7A62F34A
:1081D00003032376AB7C13B9EB7A03F00103227E11
:1081E00063F304122276F9F7F7FE237E60F3471358
:1081F0002376E87DF6F778FD0138C0B2022826D84C
:10820000464B05F10C011B5C6376AB7C23BBEB6832
:10821000C4F81A308B88E383E37840F2E2426FF3CC
:10822000C713E370AB6FB3FBF2F395F89220A38012
:10823000A37A62F34713A3722B680020C4F80B30B3
:108240002B79E3736B792374AB7963740AE040F2A2
:1082500075310620E8F776F9E87A0EF041FE082835
:1082600001D1122070BD04F11A01FAF74DFB00286C
:10827000D2D14FF41071A0E711F0DFFA05460321C7
:108280003046E9F701FA064615B940F2572194E75E
:1082900010B94FF4167190E7437D6A7B003B18BF1D
:1082A00001231B0143EA1213227E22F01F02134313
:1082B0002376F9F791FEA37A00F0070060F34713E5
:1082C000A372237E60F347132376287CF6F70CFD18
:1082D0000138C0B20228BAD8104B04F11A011B5C55
:1082E0006376737F7BB1B07FFAF7FAFA0028B8D0D3
:1082F000E37840F2E2426FF3C713E3702B6FB3FBF6
:10830000F2F3A38098E7D6F86930C4F81A30B6F8CB
:108310006D308B80ECE74220A4E700BFCE52030112
:108320002DE9F74F037806468A46D0F8049033B11A
:10833000B9F8C0301BB1012003B0BDE8F08F304662
:10834000FFF7B6FC88469AF85A100746012904D967
:108350008B1E012B58D90220EEE70521BAF85800F0
:10836000E9F792F90028F6D090F82C30002BE2D1F2
:10837000856F7B1EB0F87E1000F11F0B2B44AAF80E
:108380007110D0E920401B1BB3FBF5F39BB201EB4E
:10839000030CA3FB05351FFA8CF21C19AAF86DC05B
:1083A000A2EB010245EB0005002AB8BF5242012AA8
:1083B00004DD002B24DA4E4A9342BCDBB9F8C0201E
:1083C000A742B9F88830A3EB0203AAF87B307368A0
:1083D000B3F88820AAF86F20DBF800109BF804009F
:1083E000CAF861109AF8651060F304018AF8651004
:1083F00078EB05013FD340F20131AA20E8F7A2F85B
:108400003C4A9342DADD96E7BAF8580011F015FAC3
:10841000024600289FD090F83530002B8BD1B0F861
:10842000523000F1170BAAF871300133AAF86D3001
:10843000314B017C03EB41039C884FF47A7304F2C7
:108440003F64B4FBF3F4D0E91835903345F10005EF
:10845000E4189AF85A3045F10005032BAED14030AC
:10846000019211F01CFC0028A8D1019A136F1C196D
:1084700045F10005A2E7E41BB4F5960F0CD9D969C4
:10848000A1F59603013B2344B3FBF1F31A449BB2DD
:1084900001FB1344AAF86F20B4F5161F174F9AF882
:1084A0005E204FF0000094BF00210121BC4294BF28
:1084B00000230123B4F5161F4FEA431343EA811149
:1084C0008CBF4FF416130023E31ABC428CBF4FF449
:1084D00096741E24B3FBF4F402F080038AF85D4026
:1084E000C4F304240B431C438AF85E4024E700BF16
:1084F000C1B4B3FF3F4B4C00BA520301C3BF0300EA
:10850000154B5B6893F8CA0028B1B3F8C610B3F8EE
:10851000C82091421ED293F9CE202AB1B3F8CC10D4
:10852000B3F8C820914214D2B3F8C220B3F8C410F3
:1085300091420ED2B3F8C00093F8923023B90528C7
:1085400094BF00200120704782428CBF0020012090
:1085500070470120704700BFA8130021194B1B284A
:108560005B6883F8160116D8174AC240D10728D491
:10857000112806D193F8182152B10022A3F8C62081
:10858000704707281DD009281BD0152803D10022C9
:10859000A3F8CC207047A0F11E02D2B21E2A02D945
:1085A0003F280CD17047094921FA02F2D20708D4BA
:1085B0000022A3F8C620012283F8CA2001E0022885
:1085C000F6D87047A8130021001008094142004066
:1085D000C378012B07D1124B5B68B3F806324372A4
:1085E0001B0A837270473BB90D4B5B68B3F80C32C2
:1085F00043731B0A837370473F2B07D1084B5B689B
:10860000B3F80C3203721B0A43727047182B06D161
:10861000034B5B68B3F8083283711B0AC371704760
:10862000A813002170B5244D6B6893F80A420CB969
:1086300093F8744093F80B620EB993F8756083F861
:10864000744083F87560FF2283F876201B4B1B680B
:1086500013B1214668689847194B1B681BB1224625
:1086600031461548984700211348F9F7BDFC686862
:108670003C300FF059FB0646686800F24B11FAF7E0
:108680005FFE04216868F1F741FB68683C300FF039
:108690004BFB864204460CD207F0D6FB0146A01BDA
:1086A000402838BF402009F027FEB0FA80F040098A
:1086B00070BD0120FCE700BFA8130021280700219E
:1086C0006007002137B590F88E200446A2F14403DC
:1086D000012B1BD990F88F30443B012B8CBF00231A
:1086E00001230E3A012A00D9ABB3B4F88820B4F8BC
:1086F0000C12013292B291422DD194F8202262B331
:1087000033B940F233213620E7F71CFF0123E8E7B5
:10871000294B1B6813B94FF40D71F4E7002168462B
:1087200001948DF800109847002584F82152022109
:108730002046FAF78FFA03212046F1F7E7FA94F87A
:108740008E30A3F14402012A02D90E3B012B2AD814
:10875000002384F88E3003B030BD238841F270725C
:1087600004F5CB70A4F8A031D4F81432A3F57A71D3
:108770009142124995BF4FF47A7240F2E242B3FB44
:10878000F2F3B3FBF2F398BF03F550639BB2A4F886
:10879000A231D4F81832C4F8A431002384F89F31F0
:1087A0000FF088FAC0E794F88F30443B012B98BF54
:1087B00084F88F50CFE700BF540700217781020172
:1087C0000A460146044808B511F0DEFF10B9024818
:1087D0000FF012FC002008BDA81300210E4B02462A
:1087E000187AA0B9012A08D15B68B3F86420B3F8FD
:1087F00048309A420ED8F1F779BA5A89520708D50B
:108800005B6893F89000073818BF0120704700207C
:1088100070470120704700BFA81300213A4A034661
:1088200008465189194370B5518103F003010329AA
:1088300004D140F67A213620E7F784FE13F00201D6
:1088400018BFD060DC0748BF106121B1C17806298C
:1088500021D00B292CD0990644BF08211172DB05C9
:1088600050D55368C17893F87E40B3F888209D8C2A
:108870002CB3DE694AF6C874B4FBF6F42C445D8E62
:10888000012904FB052292B21BD1A3F80622BDE800
:108890007040FFF79DBE516891F88E401A2CDAD1D6
:1088A00000240025C1E93C45012481F89440D2E729
:1088B000516891F88E40142CCDD10024F5E70624A0
:1088C000DCE709B13F2902D1A3F80C22DFE7182920
:1088D000DDD1B3F80A1299B193F80A42E11E0129D9
:1088E0000BD893F87410CD1E012D06D88C4204D0FD
:1088F00093F80B12002908BF0022A3F80822C6E74C
:108900000A46FAE770BD00BFA813002110B50B7925
:1089100002464468232B94F88E1010D8112B14D9DA
:10892000A3F11200112810D8DFE800F0110F110F89
:10893000110F0F0F0F0F0F200F240F0F0F173B2BCF
:1089400027D03F2B1ED02B2B21D0002010BD012182
:108950001846BDE8104011F023B82929F5D10E4B77
:108960001B68002BF1D010469847EEE73329ECD175
:108970000A4BF5E72D29E8D1094B1B68002BE4D001
:108980002046F1E7074B1B68002BEDD1DDE7064BD6
:10899000F9E7064BF7E700BF240700213407002161
:1089A0003C070021580700215C07002170070021C7
:1089B000002908BF1F21252870B535D8112803D8F4
:1089C00003283ED0002435E0A0F11203132BF9D880
:1089D00001A454F823F000BF398A0101C5890101BF
:1089E000398A0101C5890101398A0101C58901015D
:1089F000C5890101C5890101C5890101C589010137
:108A0000C5890101AF8A0101C5890101BB8A010144
:108A1000C5890101C5890101C58901019F8A01013B
:108A20009F8A01019F8A01013B2852D0FE2814BF72
:108A300000240224204670BD0021BDE8704010F0E3
:108A4000AFBF294D6B6893F88E20182A01D0152AE4
:108A500048D193F8D020002A44D183F8CF2083F85E
:108A6000CA2093F8B03103F0FF0423B140F2D331B0
:108A70003620E7F767FD6B681A8883F8B111A3F811
:108A8000B22183F8B44183F852426868174900F56F
:108A9000D4700FF006F96B6883F88E40CAE7144B68
:108AA0001C68002CC6D02346BDE870401847114B07
:108AB0001C68002CBED01D20F5E70F4B1C68002C55
:108AC000B8D0094B0A461F2158682346BDE87040BC
:108AD00018470A4B1C68002CACD023461046BDE852
:108AE000704018470224A5E7A813002185820201DF
:108AF0002007002130070021380700216C070021E2
:108B00000E4B024609795B6893F88E30A3F1110091
:108B10000C280BD9292B0BD01E2B0BD0052B0BD0DF
:108B2000212B14BFFE201620FFF742BF0320FBE7D6
:108B30002320F9E71420F7E71220F5E7A813002116
:108B40002DE9F341A14C0E460746B4F80A8061684E
:108B500018F4007F01F180050CBFB1F8C02000239C
:108B600028460ABF0132A1F8C030A1F8C02010F099
:108B700086FD28B1434601F5A1722846FBF7E0FACD
:108B8000638903F4C06343B1606890F8923023B9FD
:108B9000012180F89210F1F7B9F8002F40F0F88128
:108BA000002E40F0F58163895D0708D5626892F870
:108BB0009010072902BF012182F890602175980763
:108BC00011D5E368D87807280AD0112825D0FBF7FB
:108BD0003BF8034628B940F2C2513620E7F7B2FC11
:108BE0007B4B7A4898476389190740F1C9806068D0
:108BF00090F816312A2B37D81B2B10D8012B5CD0BC
:108C0000032B6ED0002B46D0636893F81621FE2A02
:108C100040F09A8040F2CE51DFE76E4BE1E71C3B1B
:108C20000E2BF1D801A252F823F000BFFB8C0101FA
:108C3000098C0101098C0101098C0101098C0101D8
:108C4000098D0101178D0101098C0101098C0101B8
:108C5000098C0101098C0101378D0101098C010189
:108C6000098C0101FB8C01013C2B6BD03F2BCBD13C
:108C7000B0F88830B0F80C229B1A1B0402D40023F1
:108C800080F82132636893F88E20442A0DD10022A7
:108C900083F8CA20B8E7B0F88820B0F80C12521A4E
:108CA0001204B1D480F82132AEE793F88F30442B10
:108CB000AAD146480FF0B9F9A6E7B0F88830B0F865
:108CC00006229B1A1D049FD4D0F80022137813B9F2
:108CD00040F2892181E7013B1370002380F88E3038
:108CE00092E790F88E30152B8ED003F0FD03182BF1
:108CF0008AD0002380F85232D6E7002380F835313D
:108D0000626882F8CA307FE7334B1B68002B3FF460
:108D10007BAF984778E7002380F836312F4B1B68EC
:108D20002BB1606800F59B7100F58E70984727485D
:108D30000FF062F968E72A4B1B68002B3FF464AF21
:108D40002248E6E7274BF7E7FE2283F8162193F83F
:108D50008E20262A38D02DD80C2A2FD00E2A31D09A
:108D600093F88F20442A04BF452283F88F2093F87C
:108D70009020082A01BF02222275002283F8902049
:108D80006389D80749D56368256993F88E1093F8ED
:108D9000D00010F0F2FD38B3EB78023B0F2B77D800
:108DA000DFE803F022762222227676767622762279
:108DB00076767622442AD3D1452200E00D2283F82C
:108DC0008E20CDE70F22FAE72722F8E7A81300212B
:108DD0004B9902012F99020140070021440700210D
:108DE00048070021640700212846FAF70BF820B94C
:108DF0002946B7480FF058F90EE0E8780D2841D021
:108E0000112841D0072841D0FAF7FAFE034600287E
:108E1000EED02946AE4898470646237A190715D55D
:108E2000636893F88E1093F8D00010F0A6FD054605
:108E300080BB009069460320E9F7E4FB009B2BB15F
:108E40001D720C2261680098FAF708FA6068FFF753
:108E500039FC636893F81621FE2A40F0998093F854
:108E60009020073A012A40F2938093F8203103F0D2
:108E7000FF058BB1636800220220A3F8C420FFF72E
:108E80006DFB85E0934BC4E7934BC2E7934BC0E780
:108E90000826C2E70826D9E7606890F88E2022B934
:108EA00090F8BE1061B11220E9E7252A00F0A380F6
:108EB00057D8142A5DD050D8032A62D0132A5AD02A
:108EC000113A0C2A64D990F88F20332A00F2EC80F2
:108ED0001E2A00F2A680013AD1B2052940F2D280C2
:108EE000636893F81621FE2A52D193F88E20002A47
:108EF00040F0988293F82132002B00F08A81636859
:108F000093F82022002A40F07F81636893F88F0055
:108F10000FF0A4F88046002840F07B81636893F846
:108F20008F20312A00F0758193F8202292B1102110
:108F30001888E8F7A9FB456815F4007500F07781FB
:108F4000636844223F2083F88E200122A3F8C68064
:108F500083F8CA20FFF702FB64E21A2AB0D1062088
:108F60008DE7312A5BD0322A4FD02E2AA8D121207A
:108F700085E70B2083E7D0F82422C0F808210320DE
:108F80007DE790F8112180F81821072280F816213A
:108F9000656895F8203123B995F89030073B012B8F
:108FA00004D8B5F8C4300133A5F8C43095F8CA1018
:108FB00021B1B5F8C6300133A5F8C63095F9CE20F9
:108FC00022B1B5F8CC300133A5F8CC30002F40F0F9
:108FD0006083237D022B00F05883012B40F0FB823D
:108FE000636893F89130002B40F00A830021606899
:108FF000F0F78CFE55E300F502700DF0DFFDFFF792
:10900000ADFA6368A3F8C650C2E7012280F81821C0
:109010001120FFF7A3FA636883F88E50B8E7272082
:109020002DE71F3A142A3FF65BAF01A353F822F055
:109030001191010111910101E18E0101E18E010106
:1090400093910101E18E0101E18E0101E18E0101A7
:10905000E18E0101E18E0101ED910101E18E01013D
:10906000E18E0101E18E0101E18E0101E18E01013C
:10907000E18E0101E18E0101FD910101D19101011A
:10908000F9910101052A3FF62BAF01A353F822F015
:10909000E1900101FF900101BF900101E591010103
:1090A000E18E0101E9910101482A00F0A9804B2AD3
:1090B00000F0A880442A7FF413AF3F207CE090F8B2
:1090C000102180F81821072280F8162100221CE0C8
:1090D000A8130021018B0101259A02010D890101CC
:1090E0000C22002180F8162190F8D120A0F8CC1095
:1090F00042F0010280F88F1080F8D120F0E61322B0
:1091000080F816210022A0F8CC2080F88F20E7E616
:1091100090F82331002B7FF4E3AE636893F822319B
:10912000C3B1606890F88F3000F5917100F20A22A7
:10913000262B2CD090F88E30263B012B8CBF0023A1
:1091400001230EF0FAFD6368202283F88F200022AD
:1091500083F82221606890F88F30202B7FF4C0AE16
:1091600000F24B11FAF7ECF863681520B3F85E20B3
:10917000A3F81821B3F86220A3F81A21FFF7EEF93B
:1091800063680022A3F8CC2083F88F20A8E601238F
:10919000D7E790F82C21012A11D190F82D3173B91D
:1091A0006368DA6ED3F82E1189480DF009FD606806
:1091B00000F502700DF002FDFFF7D0F990E663684C
:1091C00093F82C21022A7FF48BAED3E91B21EBE725
:1091D000002580F818511120FFF7C0F9636883F863
:1091E0008F507DE609226FE71B226DE72420FFF7F1
:1091F000B5F963680022C7E71E20F8E72720DBE700
:109200002C20D9E73C20D7E793F83431002B3FF4EA
:109210007CAE636893F85232F3B1636893F893209D
:10922000A2B193F894307BB940F2C561D5E4694BA3
:109230001B6813B940F2B661CFE41A21644898471D
:10924000636883F82152EDE00A2083E6D3F82422F4
:109250000320C3F808217DE6636893F833310BB12E
:10926000082077E6636893F8343103F0FF016BB1AF
:10927000636893F8E730DB0901D02B206AE6564B90
:109280001B68002B00F0CE80514826E06368D3F8BD
:10929000542222B31F2293F88F00FAF727F9F0B96E
:1092A0006368D3F8543233B113F8512C012A05D036
:1092B00040F2F56191E440F2F1618EE413F8283C4C
:1092C00013B140F2F66188E4606890F8E3309A06E2
:1092D00001D51F203EE6414B1B689847A2E063681A
:1092E00093F8323183B1626892F8D13013F0030100
:1092F00040F098800C2043F0010382F8160182F8B8
:10930000D13082F832119EE7636893F8223133B38B
:10931000636893F8233113BB606890F88F3000F5D1
:10932000917100F20A22262B17D090F88E30263B3E
:10933000012B8CBF002301230EF0FFFC6368002289
:1093400083F8222163681420B3F85E20A3F8182163
:10935000B3F86220A3F81A21FCE50123ECE7636867
:109360001B4D93F82C21012A40F0B28093F82D3147
:10937000002B40F0AD80636893F88F000EF06EFE16
:10938000002840F0A580606890F874104B1EDBB296
:10939000032B09D890F87520DFF844E0013A1EF855
:1093A00003C0D2B2032A03D940F24931062015E4A2
:1093B000BCF1020F90F82E3114D0BCF1030F7CD019
:1093C000BCF1010F01D1012B12D01620C2E500BF64
:1093D000A8130021540700215C0700213C0700214D
:1093E000D1520301022B14BF00230123002BECD028
:1093F0001EF8022090F82F31022A60D0032A60D094
:10940000012AE2D1012BE0D1B0F8883000F50272D8
:10941000B0F830010DF0B5FB0146002853D1A34848
:10942000F8F7E2FD636893F81621FE2A7FF4B0ADE9
:1094300093F88E20002A7FF4ABAD93F80432002B12
:109440003FF4A6AD636893F88F000EF007FE002886
:109450007FF49EAD6368B3F888300A2B7FF698AD31
:109460006846F9F79FFC00283FF492AD6568052235
:10947000684605F1970109F031FE002800F0A88048
:10948000D5F80032194611F8012B002A00F0998016
:109490000522684609F022FE00287FF479AD636852
:1094A0000120D3F80022137801331370FFF756F828
:1094B0006368002283F804226AE5042B93E7022BF9
:1094C000A1E7042B9FE76B68282283F88E20A9E789
:1094D000636893F8353133B1754B1B68734898470F
:1094E000FE289FD036E5636893F83E310BB11D200E
:1094F00030E5636893F836314BB363680921B3F8FC
:109500003801E8F7C1F818B9636883F836019AE6BC
:1095100090F8F03103F0FF021BB9636883F836213D
:1095200091E690F8C831032B0DD8DFE803F0070768
:10953000020A6B6893F83C3180F8F1316B680022C5
:10954000ECE7222006E540F28D61FFF746BB636839
:1095500093F83F319BB1636893F821327BB963681C
:1095600093F8E4305B0608D5524B1B68002B3FF4A0
:1095700059AF4E4898472720ECE44F4B80E663688C
:1095800093F84031C3B163683B22002193F88F0008
:10959000F9F7ACFF80B9636810211888E8F774F810
:1095A00043689D0705D5454B40481B6898473B20BD
:1095B000D0E4434B1B6867E6424B1B68002B8DD100
:1095C00030E70098C3F801009DF804300B7166E79E
:1095D00085F8040270E75EB1F00658D4310758D41C
:1095E000B20758D1B30658D440F60331FFF7F5BAA5
:1095F00009B3B5F8C610B5F8C83099421BD9222373
:109600002A4885F8B130FAF79FFB002302216068F1
:10961000A5F88E3085F89230F0F778FB636893F800
:109620001621012A3DD1D3F800221378BBBB40F6A6
:109630003431FFF7D2BA2AB1B5F8CC20B5F8C8302A
:109640009A42DCD8B5F8C420B5F8C2309A420FD29D
:10965000B5F8C420B5F8C8309A42D0D295F8922017
:10966000B5F8C03052B9052B7FF6C0AC3E23C7E732
:10967000636893F82031002BC1D1E9E7B5F8C22027
:109680009A423FF6B3AC0823BAE71623B8E71E2385
:10969000B6E73D23B4E72A23B2E72323B0E7013B33
:1096A000137002B0BDE8F041F8F722BEA813002104
:1096B0001C0700214C0700215007002168070021EA
:1096C000700700212C070021F0B500235A4D85B00A
:1096D00004462B702E46686000886B812B722B75B8
:1096E000F8F7C4FD6B681888F8F7ECFDB4F8F221C0
:1096F0006968013201F1800092B20DF04CFD20B199
:109700004FF4C9713620E6F71DFF94F88F30A4F8A6
:10971000F201262B13D1B4F88830B4F808229B1A32
:1097200019040CD484F88F00FEF77CFFB8B900212F
:1097300000240846FFF704FA204605B0F0BD94F86F
:109740008E30263B022B0AD8B4F80822B4F88830B1
:109750009B1A1A0403D4002384F88E30E4E794F8AB
:109760008E300C3B012B20D8B4F88830B4F8062298
:109770009B1A1B0419D4D4F8001204F1960001318D
:109780000DF0C2FC94F88E300D2B0BD1D4F80022D2
:10979000137813B94FF4DD71B4E7013B1370002364
:1097A00084F88E30FF2384F8CB30FEF7A9FE044600
:1097B00008B10124C0E76B6893F81671FE2F25D01D
:1097C00003A8F8F759FD10B940F6E6019AE73222EE
:1097D0002146039809F0E8FC032103980EF030F8C5
:1097E00003983946037823F010030370F9F724FB3C
:1097F0003A4603991048FAF725F8F8F753FD10B9DF
:1098000040F6F2017EE70398FEF7E2FE0B4B0C4AAE
:1098100000930C4B96E80300E8F722FD6B6893F881
:109820008E1093F8D00010F0A8F804460028C0D09D
:10983000E8F70EFD80E700BFA8130021418B01016E
:109840001D880101DD870101F8B5B0F8F23100F1A2
:10985000800704460D460B441646A0F8F231B0F8D6
:10986000C0300B44A0F8C03038460FF008FFA0B15C
:10987000D4F8B43038460B442146C4F8B4300EF066
:109880009BFED4E92D239A4207D30023164904F501
:10989000A170C4F8B4300EF00DFA94F8CA3023B1B8
:1098A000B4F8C6302B44A4F8C63094F9CE3023B1B6
:1098B000B4F8CC302B44A4F8CC3094F8203123B940
:1098C00094F89030073B012B04D8B4F8C4302B44F3
:1098D000A4F8C4302046FEF7F5FE26B1B4F888108F
:1098E0000D44A4F88850F8BD1185020108B5F9F7B8
:1098F0009DFF024B024A1A6008BD00BF1C070021F1
:10990000C998020108B5F9F763FF034B034A1A60CF
:10991000034B044A1A6008BD30070021C1870101CA
:10992000340700216599020108B5F9F7BFFE064B1F
:10993000064A1A60064B074A1A60074B074A1A6024
:10994000074B084A1A6008BD3C07002177990201BD
:109950003807002189E600014007002159DD000198
:109960004407002129DD00010B46842203F8032B64
:10997000034AB2F80900D27AA1F803009A7070473E
:10998000F813002108B540300FF024F9014B0022F4
:109990005A7308BDF8130021014B1869FFF7F2BF95
:1099A000F8130021034B5A7B12B11869FFF7EABF85
:1099B000704700BFF81300212DE9F04FA64C93B07B
:1099C00082460E46236993F82D503DB1D3F8882086
:1099D0005578227D954294BF00250125B3F8288053
:1099E000E28AD88DA8EB02089F7B5A6A4FF6FF7374
:1099F0001FFA88F8984201923CD00A21E7F744FE0A
:109A0000814607230021A0698AF8003001238AF8E3
:109A100003108AF801300DF009FE86B1236993F82E
:109A2000356056BBB9F1000F29D099F81A30012BD7
:109A300005D099F85730002B14BF3B262326AD00E4
:109A40003246A06945EAC70505F00C0A5146D346DF
:109A50000DF0F3FD15F00403009317D02369D3F83C
:109A600088100B7813F0C00F0BD040F211110A20B0
:109A7000E6F768FD4FF00009C3E70926DFE74E4629
:109A8000DDE701230222A0690DF0A6FD21698B7B91
:109A90002BB1022303220C31A0690DF09DFDA069BA
:109AA0000DF0C0FDC0F1FE070546B845B4BF5FFA32
:109AB00088F7FFB247450AD3009B002B5CD0226990
:109AC000237DD2F8882001335278934254DA4AF049
:109AD00010013246A0694FF0010A8B460DF0ADFD32
:109AE000A0690DF09FFDC0F1FE070546B845B4BF63
:109AF0005FFA88F7FFB2092E41D108238DF80C30A8
:109B000028238DF80D3023699A6BCDF80E2093F839
:109B10003C20DB8E8DF81220ADF81330334607223F
:109B200003A9A0690DF058FD6AF3041B1BF0100F88
:109B30005FFA8BF171D0237F226998440023107C57
:109B400008F03F08ADF808308DF80A30B8F1240F5E
:109B500088BFA8F12408022884F81C80237F03F022
:109B60003F0343F040038DF8083027D014D8012874
:109B700061D040F26B117AE74FF0000ABBE7374B38
:109B80001B68002BD0D0232E01D03B2ECCD12269D4
:109B900003A948469847C1E7C31E012BE9D89DF8A1
:109BA0000A30022666F3471344F290268DF80A30F5
:109BB00041F2BE13042808BF334608E09DF80A307E
:109BC000012666F347138DF80A304FF48563490781
:109BD0000CD504283D4431D1AD0105F53475D2F8DA
:109BE00088301B78DB0003F0F8032B4403F5A575E0
:109BF0001E23042202A9ADB2A069B5FBF3F59DF8BE
:109C00000A308DF80950C5F3042523F01F031D43C6
:109C100003238DF80A500DF0DFFCE18A3A46019BE0
:109C2000A0690B4419460DF03CFDE38A1F44E7820E
:109C300013B0BDE8F08F40F64803C8E7032803D10E
:109C40002D0105F5E775CAE702280BBF0B350A356C
:109C5000AD00ED00C3E700BFF81300217807002135
:109C600010B50A4C207F03F08DFEA0690021FFF79C
:109C7000A3FE236900204FF4A5711A7C03F0B2FF04
:109C8000A069BDE8104004F029B900BFF813002115
:109C900003461D4A13B5106903B921B902B0BDE8E6
:109CA0001040FFF76FBE137D90F82D100133DBB22B
:109CB0001375E1B1D0F888104C789C4217D90B7815
:109CC00001A813F0C00F14BF9B0903238DF80430C3
:109CD0000B780021C3F30402DB008DF805208DF81A
:109CE000063003F0D5FCFFF7BBFF02B010BD018DBD
:109CF000D38A994203D1B0F852308382CEE702B0C2
:109D0000BDE81040FFF7ACBFF8130021054B00225F
:109D100098615A73044B054A1A60054B054A1A604C
:109D2000704700BFF813002174070021A4A00101AF
:109D30007C070021B4A00101014B024A1A60704760
:109D40007807002149BC010130B50C4685B00546B5
:109D500090220021204609F027FAE7F7B1FD012201
:109D60000146A06065746846E7F7EEFDA068002232
:109D700001210AF0C7F802A8F9F714F820B940F257
:109D8000D9110A20E6F7DEFB02A904F116000DF056
:109D9000BBF9054B2464A3640023A3824FF6FF7331
:109DA000E38505B030BD00BFB4A001012DE9F0414D
:109DB00017463B4A8846194632F817504FF47A72D4
:109DC000044605F57E550735B5FBF2F50FF005FFA6
:109DD00000EB0803FF2B04DD01288CBF03300430A7
:109DE000C0B2C14394F82D30C9B208EB0106013E60
:109DF00096FBF1F6F6B22BB1D4F888205278964251
:109E000038BF16464044002E35D0042F20D0032FF3
:109E100021D040F2725240F6921C022F18BF6246C7
:109E2000013E042F06FB110002FB0652C0B215D101
:109E3000800100F53470104443B1D4F888201378C1
:109E40005278DB0003F0F80302FB0300BDE8F08169
:109E500044F2DA32E4E741F20832E1E7032F03D1BA
:109E6000000100F5E770E6E7022F0BBF0B300A3068
:109E70008000C000DFE7042F04D1800100F53470BA
:109E80002844D9E7032F03D1000100F5E770F7E775
:109E9000022F0BBF0B300A308000C000F0E700BF7C
:109EA000D6520301014B1873704700BFF81300210D
:109EB00003460548027B2AB14181022203494372CD
:109EC000F9F710BA704700BFF81300216999010132
:109ED00073B5714C0646637B206123B140F2DB21F0
:109EE0000A20E6F72FFB0FF089FE00F5D575B06D5F
:109EF00085420ED92D1A3046402D38BF40250FF02F
:109F000032FE0146284608F0F7F950BBB36D2B44EA
:109F1000B365256995F835307BB1EB8EB5F85220E5
:109F20009B1A1BB2002B12DC05F1380105F116005B
:109F30000DF0EAF8002385F8353095F8343033B168
:109F4000AA6D2B6F9A4212D9002385F83430002372
:109F5000E38223752369D3F88830FBB94FF43A7153
:109F6000BEE7206902B0BDE87040FFF70BBD05F108
:109F700038063046F8F716FF0028E8D0052205F12C
:109F80001701304609F0AAF80028DDD0012385F832
:109F90003530B5F852300A33EB86D5E703F0ACFB29
:109FA0003E4B186803F084FF236993F90F0003F018
:109FB000D9FC2369FF20197C03F02CFB2369186866
:109FC00003F0D6FC2069B0F8522050F8161B0DF0B3
:109FD000B3F8207703F0D6FCA06903F07FFF236974
:109FE000586803F05FFF236903F12401986809F0C2
:109FF000A6FF88B123699A7B4AB19889C0F30B0008
:10A000000FF010FA23699A8960F30B029A81236991
:10A01000002283F82C2004E0236993F82C30002BD5
:10A02000E8D10121A069FFF7C7FC236993F82D202F
:10A03000AAB1D3F88820002101A8137813F0C00F2B
:10A0400014BF9B0903238DF804301378C3F3040273
:10A05000DB008DF805208DF8063003F019FB23692D
:10A0600000201A7C0E4B33F812104FF47A7301F56E
:10A07000FA71B1FBF3F1903103F09EFD2369B3F85F
:10A080005210587CFFF714FF206940300EF095FD08
:10A090000123637302B070BDF8130021740700211F
:10A0A000D65203015D9B0201539B0201919C010169
:10A0B000A5990101FD9B0201679B0201D19E01014F
:10A0C0008599010199990101A5E301014F9B0201C5
:10A0D000014B1873704700BF1814002110B5B0F879
:10A0E000A2000C460F21E7F7CFFA30B144761030CA
:10A0F0000249BDE810400DF0D4BD10BD417C010106
:10A10000034B186890F837300BB10FF0CEBD704795
:10A1100030140021014B18680FF0C7BD3014002126
:10A120001A2337B505460B7030F8340C0C4615F879
:10A130002A2CA1F8030015F8323C4B7115F8313C7C
:10A140008B7112B143F002038B7115F8233C002B85
:10A150003FD00721E7F798FA18B940F2E1110D2036
:10A160003EE090F8353040F2E24142686374836823
:10A17000B2FBF1F2B3FBF1F3A2747D22E374C36886
:10A18000B3FBF2F3237515F8253C2BB1013BDBB291
:10A19000032B22D8224AD35C637340F2E242EB6B7A
:10A1A000B3FBF2F3E38195F85630237455F8303C55
:10A1B000C4F8073035F82C3CA4F80B306B7AA37048
:10A1C00053B305F114000EF048FD58B140F20B21D5
:10A1D000C5E76374A374E374D4E740F24931062001
:10A1E000E6F7B0F9052135F8340CE7F763FA10B15A
:10A1F00040F20F21B3E704238DF8043002238DF8D9
:10A20000053000209DF8043063F307009DF8053009
:10A2100063F30F2003B030BD04228DF80420EEE775
:10A220001C53030170B5174D06462B68188900F0C2
:10A2300001FD044620B928680FF037FD204670BDA7
:10A2400003F05AFA104B186803F032FE2B68FF2017
:10A25000D97D03F0DFF92B68186803F089FB3046DD
:10A2600003F090FB204603F039FE2B68586803F09A
:10A2700019FE2B680120C921DA7D03F09DFC012025
:10A28000DDE700BF30140021A4070021F8B5174B0B
:10A290001B68DE7D9D6E93F83840F31E012B1ED89F
:10A2A0002401032604F5E7743046A5F58D7504F006
:10A2B000DBFA0F4B0544304603EB86032C1B5F682B
:10A2C00004F0DAFAC0F579704FF47A730330384449
:10A2D000B0FBF3F02044BDE8F84003F06FBE022E5F
:10A2E0000BBF0B340A34A400E400DDE73014002176
:10A2F0001C53030110B5447D4CB980F845103C3027
:10A3000005490DF0D1FCBDE81040ECF72BBF034B25
:10A31000BDE810401B68184721A1010180070021FA
:10A3200010B5134C206890F83A305BB9C37D042B0C
:10A3300008D1012180F83A1043F2D20007F0DCFF87
:10A3400020B12068BDE810400FF0AFBC2268906ECD
:10A3500000F5435300F53F5012331230936607F077
:10A3600025FF20B940F20B410D20E6F7EBF810BDB8
:10A3700030140021014B024A1A6070478007002107
:10A38000DDA00101044B054A1A60054B054A1A601D
:10A39000054B064A1A60704788070021B9BB0101C6
:10A3A0008C070021A1BB01019007002195BB010191
:10A3B000014B024A1A607047A4070021940700214C
:10A3C00038B50C460546A8220021204608F0ECFED0
:10A3D000284600F017FC41F6FF732581A383024B4A
:10A3E0002465A36538BD00BF1CA8010170B5104DE0
:10A3F0000C460721E7F75EF92B68C3B194F83930B2
:10A40000ABB10C4B1B6823B94FF420710D20E6F75C
:10A4100099F898470A2180B2E7F736F910B940F267
:10A420008321F3E72B683E21BDE87040184770BDDB
:10A430008C070021900700212DE9F0435E4D07466F
:10A4400085B00C46286850300EF08DFB78B10221A3
:10A4500038460DF0E0F82A680146107E0FF0D0FC77
:10A46000014600283FD000211046FFF743FF394640
:10A4700028680FF0D4FCF8F759FC022C814607D06D
:10A4800003F040F801462868002250300EF026FB09
:10A490002B68DE7CAEB1032138460DF0BCF8631E9C
:10A4A000012B0ED92A68137D5BB160B34178037824
:10A4B00001F00F01968B43EA0123F61A938318BF2C
:10A4C00001263E4B1A683AB32A6892F839201AB32B
:10A4D0001B6838462968984780460EBB00BB631E40
:10A4E0005C425C410BE002F150000EF094FB2868E6
:10A4F000847D0CB1002402E01A21FFF7FBFE204608
:10A5000005B0BDE8F0831E46DBE7022CF2D12B68D4
:10A51000188900F06FFCEDE7002EE0D04FF0000846
:10A520002A680120B2F8623011890190CDE90268F1
:10A53000567E4A46464038467642F6B2009600F0CD
:10A540008BFB814630B1B8F1000F03D02B6800229D
:10A5500083F83920012CD2D0042138460DF05BF865
:10A560000646B9F1000FD0D00028C3D082785F2A08
:10A570004FEA52112A6894BF114B0023D27D9CBF31
:10A580005B181B7E9A42C2D102F094FF96F900300C
:10A59000B278002B737802F01F02ACBF1E214FF47B
:10A5A000967143EA02234B431A1AB2F5877FAED362
:10A5B0009842ACD80424A2E7301400218807002177
:10A5C0001C5303012DE9F041374D07460E462B6819
:10A5D000188900F02FFB044620B940F255110D20D8
:10A5E000E5F7B0FF27B92868BDE8F0410FF05DBB83
:10A5F000002EF8D10DF0EDF80028F4D0237803F008
:10A600000F03072BEFD1E3789B09ECD10321204600
:10A610000DF001F8034628B128685A78837AB3EB25
:10A62000121FE1D12B6893F83730032B05D0052B8F
:10A6300014D0022B14D1002100E001212046FFF7A5
:10A64000FBFE01462868012980F837100BD0042949
:10A650001BD00029C8D04FF4D071C0E70221EDE72C
:10A6600040F28111BBE7114C236813B940F28F11FE
:10A67000B5E707210089E7F707F810B940F2911113
:10A68000ADE72368BDE8F041184720460CF0C3FF52
:10A69000014628680B78C3F3050380F83630BDE81F
:10A6A000F04100F0C9B800BF301400218407002138
:10A6B000F8B52E4D00232860503000F8163C0EF0FF
:10A6C00052FA20B12B68FF2283F838202BE028684B
:10A6D000C67D042E08BF03260FF057FB074607F080
:10A6E000A3FD032E04463AD0022E0CBF4FF47F7018
:10A6F0004FF4FF608442394628BF0446204607F0E5
:10A70000FBFD2B6880BB9A6E032E22449A6629D0EB
:10A71000022E0CBF04200820B4FBF0F4FF2C28BF4D
:10A72000FF2483F8384028680FF0AAFB2868B0F8A7
:10A73000622050F81E1B0CF0FFFCFFF773FD28B1E0
:10A74000FFF7A4FD286850300EF037FA2B685A7EC8
:10A75000002A14BF0322022283F83720F8BD4FF4E9
:10A760007F60C7E71020D7E70022ADE73014002153
:10A77000002310B580F83A30FF230A4C80F83830B7
:10A780000523206080F8373090F83600FFF74AFD47
:10A7900038B1206850300EF010FABDE81040FFF7D5
:10A7A00075BD10BD30140021002370B580F83A301B
:10A7B000FF23124E0D4680F838300523306080F8B4
:10A7C0003730008900F036FA044620B94FF443715F
:10A7D0000D20E5F7B7FE336893F8360003F0D2F8A2
:10A7E000336829460120DA7D03F0E6F9204603F0BC
:10A7F00075FBBDE87040FFF749BD00BF3014002174
:10A80000014946300DF050BA479D020144230249E8
:10A810003C3043720DF048BA21A10101C19D0201F3
:10A820008B9D0201B1A60101AB9C020121A3010194
:10A83000A5E30101AB9E02012DE9F04F04468BB068
:10A840000F4690F86030072B02D10FF051FB7CE0EF
:10A8500002F058FE814602F02DFE97F900307E7816
:10A860004FF00008002BBB78029003F01F03ACBF31
:10A870001E224FF4967246EA03263B785643DA09C5
:10A8800014BF4FF496721E2213F0400F02EB060B1A
:10A89000019214BF32254FF4FA750CF060F841199B
:10A8A000584689B205F002F9039006F083FF19EBD0
:10A8B0000005A36F41F1000AD4E91C10711A60EB86
:10A8C000400049194AEB00008B4278EB0003039BE0
:10A8D00001D22046B9E70298113348445A00039345
:10A8E00000F50170B04237D23E4904F150000292A7
:10A8F0000EF0C9F9A16D206D09688847019B029A85
:10A9000003F5DD77A16D8DF8108017444968074481
:10A91000206D05978847039BC93D8DF81800A6EB6D
:10A92000030394F854004AF1FF318DF81980ED18B3
:10A9300041F10001CDE9085104A907F033F818B935
:10A940009C210C20E5F7FEFDA766A36D2046DB6881
:10A950000BB0BDE8F04F184709F5DD739B44E37D6C
:10A96000042B21D0032B22D0022B40F6480008BF35
:10A970004FF4856093448344A06E83451AD897F9B9
:10A9800000302046BA78002B7B7802F01F02ACBF63
:10A990001E214FF4967143EA022301FB03910BB091
:10A9A000BDE8F04FFFF700BF44F29020E2E741F22C
:10A9B000BE10DFE7ABEB000B0121BBF1400F38BF4E
:10A9C0004FF0400B584607F097FC002881D1A06E4D
:10A9D0005844A066A0F5807007F0E8FB0028CED1AF
:10A9E00077E700BF059F02012DE9F04FDFF8908166
:10A9F00085B00C46D8F80030B8F80490C51AB5FBFD
:10AA0000F9F5EDB209FB0539484609F017F9064694
:10AA100018B9E6210E20E5F795FD0146484609F0F4
:10AA20001BF90746304609F01BF90C2306460521A1
:10AA30005D43D8F808302B449888E6F725FE0028B7
:10AA400000F09B80F2791ABBB179DFF838A1DAF80F
:10AA500000B0BBF1000F1DD0737903B9D1B1D8F8A4
:10AA6000082039461544B279A88800922246D84772
:10AA7000002210F47F4FC4B2C0F30723727174D167
:10AA8000484609F0EFF800286BD14FF48771C1E711
:10AA90000021DAE7002A62D01C232370D8F808309E
:10AAA000C07C2B449B886380002866D07388A4F800
:10AAB000073033796372737CFF2B08D17F22A37137
:10AAC000A372002322716271E3720424D8E7062185
:10AAD00038460CF0A0FD68B373785BB390F9003092
:10AAE000237102213378384663710CF094FD18B35A
:10AAF00003789B09A371F422D8F8083004F10C0103
:10AB000038462B441B7A0CF0EAFDD8F80830E07286
:10AB10002B441A7A1044187238460CF0D8FDD8F835
:10AB200008301D442B7A834208D00123A3720424E9
:10AB300001231AE07F23D3E7FF23DBE7737CA372B3
:10AB400000232B72DAF80030002BBED02C213846BF
:10AB50000DF0A6FD0028B8D001237371E7E7144675
:10AB60008EE7484608F0C3FF0023002064F3070087
:10AB700063F30F2005B0BDE8F08F044680E700BF07
:10AB800034140021A80700212DE9F84305460E469C
:10AB90004FF481701221914608F028FF041E2CDB2F
:10ABA00025B904F10C007043BDE8F88315F00307E4
:10ABB00004D040F225110E20E5F7C4FC0C22DFF88A
:10ABC000408006FB045039467243C8F80050C8F86C
:10ABD0000800A8F8044008F0E7FABE42E1D0B8F84F
:10ABE00004504B46D8F8000012224FF4817107FB45
:10ABF0000500013708F0B1FEEFE74FF0FF30D3E773
:10AC00003414002138B50A4D0521E6F797FD0446B6
:10AC10002B68A88804FB003008F0C0FE0C20A9684F
:10AC2000002344430A190B51D380138138BD00BF60
:10AC30003414002108B50521E6F780FD054B4FF4DB
:10AC400081719A881B6800FB0230BDE8084008F05B
:10AC500097BF00BF341400212DE9F04F87B08A461A
:10AC6000624C8146052150469DF84480CDE9012380
:10AC70009DF840300093E6F761FDA38805462668FD
:10AC800000FB0366009BFF2B09D1304608F040FF14
:10AC9000012833D10025284607B0BDE8F08F4FF0DA
:10ACA000000B01223CE0C14658E0BBF1000F06D189
:10ACB00084F811B0A2F806B041F805B088E09BF81E
:10ACC00002309BF8010003F01F0350EA03230BBF7F
:10ACD00002200123607463740BBFD3804C514B512D
:10ACE00082F8099074E0637C012BD4D00023237494
:10ACF0003F4904F108000CF0D7FFCCE70421484697
:10AD00000CF089FC83460028CBD09BF802209BF8EE
:10AD1000011002F01F0251EA02230CBF012200229F
:10AD20000C20A1680392454330464F5908F0E9FED4
:10AD300018B9039A57EA0203ACD00DF1120205A923
:10AD4000304608F0A7FF059808F08AFF0446B8F1DE
:10AD5000000FA8D048460CF0BAFC8146234940F2C7
:10AD6000726E886800EB050CBCF806204A447245F8
:10AD700090DC019BB7FA87F7ACF806209DF84C20D1
:10AD80007F092370029BA27163809DF84820009B7D
:10AD9000677000272371E271425967714AB1507C94
:10ADA000012806D117748A681149505908300CF0EF
:10ADB0007BFF0E4A91684A19A2F804A0B8F1000F6F
:10ADC0007FF473AFFF236374A2F8068041F8058017
:10ADD00001224FF48171304608F0F1FE054600284B
:10ADE00081D174210E20E5F7ADFB00BF34140021A2
:10ADF000E9A9010170B50C240E4E0521E6F79EFC71
:10AE0000B3684443185998B10379FF2B04D040F23A
:10AE1000D7110E20E5F796FB022343740025057435
:10AE2000054908300CF040FFB3681A19D5801D5150
:10AE300070BD00BF34140021E9A90101014B024A91
:10AE40001A607047A8070021D9C3010138B504462C
:10AE500090F854100FF0EBF9054694F8383094F858
:10AE60006F00022B0CD103F007FD00F521431833CE
:10AE700003F2E7334FF47A70B3FBF0F0284438BDA7
:10AE8000034B33F8103003F56E532033F0E700BF67
:10AE9000885303010C4B30B51D6895F8544095F864
:10AEA0005650B1FBF4F295420CD990F8F050187955
:10AEB000854207D104FB12115879C9B2431A58428E
:10AEC000584130BD0020FCE75C14002138B5164B1A
:10AED00004469B680BB1EFF715FC01F04BFF94F8AB
:10AEE000383004F1C805022B04D12846BDE83840AB
:10AEF0000DF080BED4E9042394F85410013243F1DC
:10AF00000003A2FB012001FB030320460FF0A7F87A
:10AF100020460FF0BCFA08B10123E3762846BDE8CD
:10AF200038400DF057BE00BF5C1400210A4B37B506
:10AF30001C6894F83C50236E013D94F83E2094F830
:10AF40003A1094F89C005D43E46D00940FF058F9BA
:10AF5000401B03B030BD00BF5C14002109B9FFF7EE
:10AF6000E5BF054B1B6893F83C20891AD3E91732DB
:10AF7000584302FB010070475C14002190F83930FF
:10AF80003BB90449D0E92823C0E9022331300CF051
:10AF90008BBE704735AA02012DE9F04105462E4CC3
:10AFA0000E46EA06206811D527693B6E73B1237DF2
:10AFB00090F8541090F856C0B3FBF1F2944581BF5D
:10AFC00097F8F07001FB1233277163710123C830C9
:10AFD0006375A3750DF0C7FD15F0080739D018B1DA
:10AFE0000021206800F0DCFD15F0400813D0FFF7C9
:10AFF0009DFF024620683146C8300DF06FFD37B323
:10B00000B8F1000F14D0EFF7EFFC01462068BDE85F
:10B01000F0410FF0A8B9236923B940F2C5114D20C2
:10B02000E5F790FA93F8F010207DFFF797FFE0E73F
:10B030006B070CD5E37D53B9EFF7D6FC2268037894
:10B04000117EC3F382038B4201D00123D376BDE886
:10B05000F0810028FBD1C7E75C140021174BF0B446
:10B060001C6894F8545094F8567094F85530B1FB1D
:10B07000F5F29742D6B205FB121294BFC7F1010751
:10B080000023D2B29EBFF619F6B27343D4E904642A
:10B090009B1944F10006A3FB05349B1805FB0644ED
:10B0A00044F10002D0E90054AB4272EB040302D336
:10B0B000F0BCFFF7EFBE0120F0BC70475C1400212C
:10B0C0002DE9F84316460546DFF8588065B1013191
:10B0D00005F1E009CCB2D8F8007097F83D30A342F2
:10B0E00006D8D5F8F850D5B9FF230025337009E00C
:10B0F00097F83830022B04D121462846FFF7AEFFDF
:10B1000018B934702846BDE8F88323460134D5F8D1
:10B11000E42049463846E4B20EF0B1FFDBE7F83DE3
:10B12000FF21D3E75C1400212DE9F041DFF8808096
:10B130000E461746D8F8003068B9D3F8984004B1E5
:10B14000F83CD8F8005095F83D30B3420ED8FF23B4
:10B1500000243B701AE0D0F8F840002CF0D1D3F86E
:10B16000984004B1F83C0136F6B2EAE724B94FF44E
:10B1700082714D20E5F7E6F995F83830022B04D1BD
:10B1800031462046FFF76AFF18B93E702046BDE8F9
:10B19000F081D4F8E42004F1E001334628460EF0B3
:10B1A0006EFFD4F8F840002CCAD1D8F80030D6E7AA
:10B1B0005C1400212DE9F04FBD4D4FF000088FB019
:10B1C00081460C460146287D85F81680FFF7C6FEAD
:10B1D0002968074691F83820022A34D1D1E93A6328
:10B1E000D1E93E01361A63EB0103F61943F100037E
:10B1F000012E73F1000104DA40F2E7114D20E5F76A
:10B20000A1F94FF0FF31B14278EB030302DA4FF4BA
:10B21000F471F3E76B7D7BBB0BF0A1FB2B6893F81C
:10B220000A210B2A03D940F2FB310620E7E7A14BA4
:10B230004FF0110803EB4203198A0144304689B2EA
:10B2400004F034FC80442E6896F83E30022B97BF01
:10B25000D6F8F030F36D5B08963B434515D806F100
:10B26000C8000DF080FC58B13E21286800F098FC21
:10B2700001200FB0BDE8F08F322190460846DCE790
:10B280000821286800F0C4FCF2E7B9FA89F13046D9
:10B2900049090EF000FFAB6938449842E8D8AB6822
:10B2A000B9F1000F40F08E80002B40F088804B46B3
:10B2B000D6F8142106F5887130460EF0E0FE0990AC
:10B2C000296891F838B001F58A7391F85400BBF100
:10B2D000030F0A93D1E904250CBF00260026A2FB28
:10B2E000002118BF4FF0030B00FB051135460CBFC2
:10B2F000C4E93221C4E92821DFF8B4A1DAF800203A
:10B3000092F83810032940F0C1800B9206F052FAEF
:10B310000B9A92F86FC0674A32F81CC04FF47A72E9
:10B320000CF5FA7CBCFBF2FC0CF1900C1CEB070C4E
:10B330002CBF012200221CEB000042EB0101DAF8D5
:10B34000003093F8382070330594CDE906430A9B0A
:10B350000493099BCDE90056CDE902B32B46EFF7E4
:10B36000D9F9002884D0DAF8005095F83830032B4A
:10B3700000F0EE8095F86F0003F076FA95F86F20F4
:10B380004C4B03EB82034FF47A729B6A03F2E73370
:10B39000B3FBF2F303EB4808804405F1C8000DF05D
:10B3A000E2FB002800F08A8095F89D30002B00F029
:10B3B0008380012B00F0C98040F2C13135E7AB7BBF
:10B3C00009937DE7002B5ED12B7D04F1E001D4F8D9
:10B3D000E42030460EF053FE09902968287D91F84C
:10B3E00054A091F8562091F85560B1F86CC091F8CE
:10B3F00038E0B0FBFAF39A4296BF9B1A002601335D
:10B40000B0FBFAF598BFDBB20AFB150598BF5E43A7
:10B41000EDB2D1E90432F31842F100020A93AAFB1B
:10B42000033B5D190AFB02BB0A9B4BF1000BB3EB1C
:10B430000C0362F10002BEF1020F0CBFC4E92A3214
:10B44000C4E93432D1E9172308BFC4E9285B00FB03
:10B4500002F218BFC4E9325B09F1FF35BEF1020FF9
:10B460004FF0000B03FB05230DBFD1F8F050A6EB06
:10B470000C05D1F8F820754318BF5543ED1A04F1B7
:10B48000E4030A9338E7AB7B0993A6E72FB906F0EC
:10B4900091F9C93041F1000151E7D2E93A01381878
:10B4A00041F10001B0EB080061F1000147E700BF86
:10B4B0005C140021885303011E2398444046434DE9
:10B4C000EFF7B4F90023297DAB60B9F1000F66D026
:10B4D0002B680DF13702204693F89C30002B3AD1AF
:10B4E000FFF7EEFD04462868C4BB90F81CA0BAF133
:10B4F000000F54D02346D0F8142100F588710EF0C7
:10B50000BEFD2B688046D3F8984004B1F83C4FF05C
:10B51000000B03F58A7983F81CB0FF238DF83730D0
:10B5200059469DF83700FFF719FD2B68064651462E
:10B53000184609930EF0AFFDAA69304490422ED808
:10B54000099BD4B94FF4357158E64FF49673B4E7BC
:10B550004FF00008B2E7FFF7E7FDC3E7A1469DF80B
:10B56000373004F1E0014FF0000A59F8E42F0EF0F3
:10B5700086FD94F8F0B08046D2E793F838309DF815
:10B580003720032BAC602A7385F80DB085F80E8048
:10B5900007D123464A4641463046EFF7C7F9002017
:10B5A00067E6F71B6421384604F080FA02308742D0
:10B5B00002D840F2EF2121E623464A464146381A96
:10B5C000CDF800A0EFF7E4F9E9E700BF5C14002133
:10B5D0002DE9F04F10F0020889B08146834C12D05B
:10B5E0002068C8300DF0BFFA3D2140B1206800F05E
:10B5F000D7FA206809B0BDE8F04FFFF767BC2068B4
:10B6000000F006FBF5E727699FB32368217D93F8D7
:10B61000540093F85620B1FBF0F0013A90422DD13E
:10B6200093F83830032B13D1BA46D7E9325301359A
:10B6300043F1000B19F0010924D0BAF1000F40F0DA
:10B640008B80B8F1000FD4D04046FFF797FCD0E7CD
:10B65000D7E90003D7E92852854272EB03030DD3E3
:10B660003846FFF717FC054640B9B8468346824680
:10B67000E0E7BA46B8463D46BB46DBE74546C3462B
:10B68000C246D7E7206890F83830022B04D1C83082
:10B690000DF069FA0028D0D1236893F83820022AE7
:10B6A00038D1DA7E82B3E27D72BB93F857C093F84B
:10B6B0003E2093F83A1093F89C00CDF808C093F818
:10B6C0006FC0A669CDF804C0D3F85CC0CDF800C047
:10B6D0001B6E0EF09CFD861B05900121304606F086
:10B6E0000BFE059A58B92068A2610122D0F8E0103B
:10B6F000C83000F8AC2C0E4486610DF05EFA0123D0
:10B700000022E3752368DA76A06818B1A37D4BBBED
:10B71000EEF7F8FFA668002E62D123680DF11F0234
:10B72000217D384693F89C3073BBFFF7C9FC9DF828
:10B730001F300646237550B390F8F09031464846C6
:10B74000FFF738FDB9F1000F00F1FF3308BF002605
:10B7500026615E425E411EE02A465B46504603F08B
:10B760003FFA6EE7637B002BD4D0217BFFF776FC9A
:10B770000028CFD0EEF7C6FF02F07AFA237BA76845
:10B7800023750023A360C5E7FFF7CEFCCFE723684E
:10B790001A7FE2B90126236893F83830022B02BFE2
:10B7A000FF2323716371BAF1000F04D02A465B4670
:10B7B000504603F015FAB8F1000F02D04046FFF7EB
:10B7C000DDFB002E7FF415AF09B0BDE8F08FFF223E
:10B7D000D3F8986018772275002EDBD0F83EADE7DD
:10B7E000237B94F80D902375A8E700BF5C1400211B
:10B7F0002DE9F04190F8382000215D4D86B0032AF4
:10B8000028606975E975A96009D1D0E90423B3F10D
:10B81000FF3F08BFB2F1FF3F01D100F005FA2868F1
:10B82000B0F8DA20C389C281D31AD0E904219BB2CF
:10B83000D31841F10001C0E9043190F83830022BEF
:10B8400002BFFF232B716B710EF0F1FD2C6894F891
:10B850003830032B50D1A27E002A4DD00127277704
:10B86000384606F0E1FC94F85410804620460EF06D
:10B87000DEFC94F83830A861032B45D1A37E002B61
:10B8800042D094F8573094F83E2094F83A1094F847
:10B890009C00029394F86F300193E36D0093236E44
:10B8A0000EF0B5FCAE693946861B464528BF4646B4
:10B8B000304606F021FD38B9AB693344AB61D4F8AA
:10B8C000E0303344C4F8E0302B6893F89C200ABB86
:10B8D000D3F8980000B1F8380DF11702FF21FFF7F7
:10B8E000EFFB9DF8173004462B75D0B92868FFF799
:10B8F000EDFA06B0BDE8F081032B4FF000020CBF5B
:10B90000012702272277ABE794F83D1020460EF07E
:10B910008EFCC7E700210DF117020846FFF704FC73
:10B92000DFE701F0E9FEEEF7EDFE12491248EEF70F
:10B93000DFFE214694F8F000FFF73CFCA0B9286830
:10B940002C6190F83830032B09D190F85410D0E9CD
:10B950000424A2FB012301FB04330EF080FB2868C2
:10B96000C8300DF02AF9C4E70120FFF731FEC0E727
:10B970005C140021D1B5010199AF01010D4A037892
:10B980001268D17E30B5447831B1117E0025013185
:10B99000D57601F007011176117E03F00303127FC3
:10B9A00001F00701447043EA810343EA4213037044
:10B9B00030BD00BF5C140021024B014618680EF038
:10B9C00005BD00BF5C140021014B024A1A6070479C
:10B9D000AC070021E4B90101014B1868704700BFB2
:10B9E000AC0700214DAE0101759F0201F1B70101C5
:10B9F00093A002015BA00201A5E30101799F02016E
:10BA0000292238B50A700346427A0024CA7010F819
:10BA10007F0C0C750871002A52D113F8682C0A7239
:10BA200013F8672C4A7213F8662C8A7213F8502C9C
:10BA30004A7113F84F2C8A7113F84E2CCA7113F8FF
:10BA4000492C013AD2B2032A33D82248825CCA7206
:10BA500013F87A2C0A7313F8642C4A7313F8632CC6
:10BA60008A7313F8622CCA7313F8602C0A8213F8D5
:10BA7000802C022A22D19A6B40F2E240B2FBF0F213
:10BA80004A8213F87E2C53F8203C0A7503B3F83B26
:10BA900000220124D0B2B3F8F25001EB4000A0F82C
:10BAA000155083F8AB40D3F8F8308BB1F83B013236
:10BAB000F0E740F249310620E4F744FD1A6CDBE779
:10BAC0000A21E5F7F7FD18B140F2AB114920F3E781
:10BAD00038BD00BFC45303012B2238B50A7003469A
:10BAE000427A002510F8800C02280CBF9C6B1C6C5D
:10BAF000CA7013F87F0C0D7408719ABB13F8680CA8
:10BB0000487113F8670C887113F8660CC87113F844
:10BB10007A0C087213F8640C487213F8630C88727C
:10BB200013F8620CC87213F8600C53F8203C88813B
:10BB300040F2E240B4FBF0F4CC815BB1F83B01EBA6
:10BB40004200B3F8F2400132D3F8F830D2B2A0F894
:10BB50001140F2E70A74084BFF221A700022074BCB
:10BB60001A7038BD0A21E5F7A5FD0028F3D04FF47F
:10BB7000A8714920E4F7E6FC3C000021781400217C
:10BB8000024B00221870024B1A7070473C000021D3
:10BB900078140021014B1878704700BF3C00002149
:10BBA00080F8C11090F8C0301BB90249B8300CF0D1
:10BBB00078B87047D9BA0101F8B50E462C210CF0BF
:10BBC0006FFD114D0446B0B92B780133DBB2052B64
:10BBD00002D82B702046F8BD0C4F0A212870387807
:10BBE000E5F752FD3E21FFF7DBFFFF232C703B7092
:10BBF00086F83940EEE7002301202B70D6E9202398
:10BC0000C5E90223E7E700BF781400213C000021CA
:10BC100090F8C0302BB980F8C110B83001490CF051
:10BC200040B87047EDA0020180F8C110B83001495A
:10BC30000CF037B801BA010180F8C110B8300149E1
:10BC40000CF02FB811A102010346F7B520B94FF44B
:10BC50006B714920E4F776FC90F854500027DC899A
:10BC6000B0F8DA00001BD3E9044680B2013446F193
:10BC70000006001946F10006A0FB05C005FB060002
:10BC8000D2E91864D3F8E820921BD3F8EC6066EB95
:10BC90000404012A74F1000602DA4FF46F71D8E748
:10BCA0006FF00106964277EB040602DA40F2BD31EE
:10BCB000CFE7734EB24274F10006CE78ACBF4FF0BE
:10BCC000010E4FF0000E6EF38616CE706D4E96424A
:10BCD00077EB0404ACBF1E244FF49674B2FBF4F26D
:10BCE000CC788A70C2F3052224F03F042243CA7044
:10BCF00000228A738A7993F83E4064F3040265F364
:10BD000047128A714A7A93F8554064F307124A72CF
:10BD10000A7B93F8564064F307120A7393F858208D
:10BD20004A7393F85A2002F00F044A7D02F00F0282
:10BD300042EA04124A75B3F85A20C2F307128A7510
:10BD400093F85C20CA7193F85D200A7293F85E2024
:10BD500002F00F044A7A22F00F0222434A7293F84B
:10BD600060208A7293F86120CA7293F8622002F010
:10BD70000F040A7B22F00F0222430A7393F8642017
:10BD8000CA7493F865200A7593F8662002F00F04D0
:10BD90004A7D22F00F02224393F86E404A7591F8D3
:10BDA000222064F3C71281F822204A7993F83A409E
:10BDB00064F3C7024A71D3F8A020C1F80F20B3F88A
:10BDC000A420C1F81EC0A1F8172091F8222060F32A
:10BDD000060281F8222093F86F20013AD2B2032A9A
:10BDE00034D829480244487F127962F347104877D3
:10BDF00040F2E240D3F8F820B2FBF0F2C87802F04B
:10BE0000010400F07F0040EAC410C870C2F347008C
:10BE1000C2F342220871487920F0070002434A71B8
:10BE20005A79D3F801008DF80420C1F819004A7F2F
:10BE3000019860F304024A7793F8572052B92323FC
:10BE4000013B0B702C234B7003B0F0BD40F29B31D3
:10BE50000620FFE6D3F8902001F12B00C1F8232043
:10BE6000D3F89420C1F8272003F1A802B83352F880
:10BE7000044B9A4240F8044BF9D13B23E0E700BF62
:10BE8000C5BF0300C4BF0300C4530301054B984260
:10BE90009FBF00F56170044B5860002088BF1220DE
:10BEA000704700BF00093D003C0000212DE9F04F24
:10BEB000DFF880B28DB005460E469BF800000A21DF
:10BEC0009046E5F7E1FB0446002800F07582EA7E23
:10BED0005F2A4FEA521197BF974B00275B181F7AD2
:10BEE00090F85730434504D025212046FFF758FEEF
:10BEF0005CE22979CB0600F06B8290F83D301BB1F3
:10BF0000B3EB511FC0F26482EA7812F0F80F00F030
:10BF10005F8211F0E00F00F05B82AB7A13F0F00F5C
:10BF200000F0568295F801C028780CF03F031CF011
:10BF3000400F40EA032000F0FA8040F26563984227
:10BF400040F24682AB7802F007025B0043EADC1362
:10BF500043EA422340F67C4203F6FC73C3F30B032F
:10BF6000934200F23582EB7A013BDBB2FA2B00F20E
:10BF70002F822B7DEA7C1B0153EA121300F02882EA
:10BF80006B7C02F00F02A87C43EA002343EA0243E1
:10BF9000FE2B40F21D823F294FEA511210D90AAB05
:10BFA00095F82010E869019308AB01F07F01009338
:10BFB000002307F00DF8DDE90A23134340F008825F
:10BFC0002B7903F01F025B09B2FBF3F103FB112392
:10BFD000002B40F0FD81AB7AB1EB131FC0F2F8816A
:10BFE00004D0EB7913F0F00F00F0F281D5F81730A0
:10BFF0000AA8EA7E190A8DF82830C2F304028DF8E7
:10C000002910190C1B0E8DF82C208DF82A108DF894
:10C010002B300AF093FF002800F0DA8138460EF04A
:10C020004EF88146002840F0D381EB7894F83B101D
:10C03000C3F3C402B1EBD30F00F2CA812B7984F8A9
:10C040003A20C3F3040384F83E302B79C3F3421340
:10C0500084F85430EB79C3F3031384F85530AB7A8A
:10C06000C3F3031384F85630EB7A84F85830AA7976
:10C070006B79697A43EA0223EA79A87C02F00F021D
:10C0800043EA02432A7A42EA0122A97AE36501F0EF
:10C090000F0142EA0142697C41EA0021E87C9342B7
:10C0A000226600F00F0094BF0023012341EA004103
:10C0B000E87C6166297D090141EA1011A4F85A1053
:10C0C00095F8201084F86F7084F89C30C1F3C0118B
:10C0D0006B7884F86E104946C3F3801384F8578058
:10C0E00084F89D30D5F80D0008F029F9C4F8140142
:10C0F000B5F8153094F83D201B0284F81C81A4F893
:10C100001A90C4F81831FF2384F81C90237694F811
:10C110003E300AB1934201D284F83D30B8F1000FAD
:10C120001AD05EB940F247314920E4F70BFA1328E0
:10C1300006E700BF3C000021C4530301336804F14B
:10C14000800206F1080104F14000C4F890307368E1
:10C15000C4F8943000F012FC2A7995F8201002F00F
:10C16000E003E869C1F30601202B40F0A680013806
:10C1700041F1FF310023AE7894F85720A4F8DA306B
:10C180007600E3816B7846EAD316EB7803F0070379
:10C1900046EA432640F2E2435E43C4E90401C4F8A0
:10C1A000F06094F86F1094F858000DF09AFF94F82E
:10C1B0003E3094F83A80E16D08F1FF3C03F1FF381E
:10C1C000226E01FB08F894F86EA0D4F8649002FB8C
:10C1D0000C8894F85420B3FBF2F394F85620804472
:10C1E0009B1A94F85520C4F86880534303FB0663F8
:10C1F0004344BAF1000F68D04B44236520460EF04B
:10C2000068F80622D4F804317243A4F86C00934213
:10C210002CBFC4F80431C4F80421BAF1000F01D0D6
:10C220004E44B044D4F89860002E51D016F8081C43
:10C23000F83ED5F80D0008F082F896F8F030C6F810
:10C24000E400B5F8152094F86EC043EA0223B4F870
:10C250005A10EA69C6F8E83095F8203086F8B070D0
:10C26000C3F3060386F82CC0B183A87CC6E9282353
:10C2700094F85810B17794F85410F17794F8561058
:10C2800086F82010697C41EA0021E87C00F00F006C
:10C2900041EA00417162D4F8F010C6F81880B1622A
:10C2A000216DC6E900237161BCF1000F02D1304657
:10C2B0000EF092FBD6F8F860B6E75209002306F0BC
:10C2C0002FFE013861F1000154E7A3EB090394E765
:10C2D000D5F817302046EA7E190A8DF82830C2F3C7
:10C2E00004028DF82910190C1B0E8DF82C208DF8E6
:10C2F0002A100AA98DF82B300AF006FF94F86F1067
:10C3000094F8572094F85800CDE906120DF0E9FE94
:10C3100094F89CA094F83A7094F83E90079A069985
:10C3200005905046D4E9178602924A463346CDE935
:10C33000008139460DF06BFF94F838309630022BAF
:10C340003DD1D4F8F030984242D8059896308045D7
:10C350003ED386423CD3012F06D9BAF1000F31D12A
:10C3600008FB09F8464533D36878B4F8DA202B780F
:10C3700010F0400F00F03F0102F1070204F1C80085
:10C3800043EA012118BF4FF4967392B208BF1E23EF
:10C39000CDE9013294F83C204B43013A06FB0233CD
:10C3A00000930C4BD3E90223F8F71CF9FF2300227A
:10C3B0008BF80030074B1A700DB0BDE8F08FD4F841
:10C3C000F830C0E7BAF1010FCED17743B845CAE7DC
:10C3D00011218AE5781400212DE9F743804615469E
:10C3E0001E469DF82890084619B986214920E4F791
:10C3F000A9F80AB98721F9E72C210CF051F9044674
:10C40000A8B9B9F1000F01D09121EFE700238DF811
:10C4100004308DF805309DF80430002063F30700E8
:10C420009DF8053063F30F2003B0BDE8F083037877
:10C430003A2B0BBF0127002700F123010021B9F19E
:10C44000000F03D03A460230FFF730FD002EDDD05A
:10C45000627F5F2A4FEA521197BF2D4B00265B186F
:10C460001E7A30460DF02BFE0028CFD12823A5F8E8
:10C470000380013E2B706379F6B2C3F3C403032E2D
:10C480006B71A379C3F30403AB712379E2784FEAAC
:10C49000430343EAD213627902F0070243EA4223DC
:10C4A000A5F80730A379C3F342136B72637AC3F321
:10C4B0000313AB72237BC3F30313EB72637B227D05
:10C4C000AB81E37C43EA0223627DAB734FEA132323
:10C4D000EB7302F00F03627D2B74A37D4FEA03130D
:10C4E00043EA1213A5F811300ED8094B8DF8050058
:10C4F0009B5DEB7494F822306F75C3F3C0132B75FA
:10C5000004238DF8043086E740F2493106206EE7B7
:10C51000C45303012DE9F04F03780C468BB0074656
:10C520000B7043784B7082788A70012A0179C37846
:10C5300043EA01234179E3704FEA132361712371C8
:10C54000C388A4F8093094BF0023037BA373837BC3
:10C55000E3745BB100F10F0304F1140200F11F0159
:10C5600053F8040B8B4242F8040BF9D1FB7A9A077B
:10C5700000F1C08013F0010801D103F00408A8F114
:10C58000030341F28735DBB2022B2CBF4346042361
:10C5900063733A79FB7843EA02237A7943EA0243E8
:10C5A000AB4200F2AA8040F2E24193FBF1F201FBC0
:10C5B0001232002A40F0A3801D44B5FBF3F55D4321
:10C5C00040F2E242B5FBF2F5E5805543B5FBF3F2EC
:10C5D00003FB1252002A40F095809D42C0F09280E9
:10C5E0007A7BE273F888FB2885BF00F1FA02FB2111
:10C5F0000246B2FBF1F281BF111801F1FF31B1FB2C
:10C60000F2F18AB29D4202EB0001A4F80B2001F185
:10C61000FF3191FBF2F103F1FF32CEB22A44B2FBBB
:10C62000F3F224BF5643F6B2072E267415D901261D
:10C6300089B2B142E67367D941F2883293420CD98C
:10C64000B3FBF2F5ADB240F2E242A94228BF29465F
:10C65000B3FBF1F5B5FBF2F2E280E27B002A65D193
:10C660000123E27C267C414663740023B4F80B006E
:10C67000D21A2672A37418BF01220DF032FD08AB46
:10C680003146A278029309AB059001930090E388AC
:10C69000A07B0DF031FE227A94F804C0607CE6782D
:10C6A00094F8109046EA0C26049094F805C094F88B
:10C6B00012A046EA0C4C049EA178B2FBF9F0801B54
:10C6C00040F2E2460AFB00FAE088DDE908E3704345
:10C6D000561E0AFB000001F1FF3A0EFB06F603FBB3
:10C6E0000A66064405980644E07B002876D1A6EB4E
:10C6F0000C0674E04FF0020841E71D4660E741F286
:10C7000088355DE701226CE7A7D1FB21B1FBF0F191
:10C71000914234BFCAB2D2B222B940F26641492036
:10C72000E3F710FF4243A4F80B2096E74FF47A7921
:10C7300040F2E93AA3FB0923501E43F1FF31E5FB28
:10C740000A0106F0EDFB3A79FB780646F8888B463D
:10C7500043EA02237A79A0FB050143EA0243A0FBE6
:10C760000AC0A3FB09234FF000090AFB010A501E6F
:10C7700043F1FF311CEB00004AEB010106F0D0FB56
:10C780000523F922A6FB03A61AEB000A03FB0B6B99
:10C790004FF000034BEB010B1AF1F8004BF10001D5
:10C7A00006F0BEFB00F0FF0220744B46501E49F11C
:10C7B000FF3110EB0A004BEB010106F0B1FB227CCC
:10C7C0000230072A83B2A4F80B0003D900200BB073
:10C7D000BDE8F08FFB2B7FF643AFF7E76644B7F871
:10C7E00008A04FF47A7B0BFB0AFAB245EED3E07C4B
:10C7F000CDF800E0003818BF0120CDE90180A07B12
:10C80000CDE906120DF003FD5A4B03EB4808B8F8CA
:10C810000C3003F2E733B3FBFBFB574B5B6803F2CF
:10C820001E239B4458448542D0D3059B281A079A5F
:10C8300003F196080699C2F11F03BF7A01FB09F1C3
:10C8400093FBF9F301FB08F8B0FBF8FBD8B2874281
:10C8500028BF07465F45384628BF58461E2802D9DC
:10C8600040F2C6415BE7AAEB0606049BB6FBF8F173
:10C87000C3F10F03DBB28B4228BF0B46834228BFB4
:10C8800003460E2B02D940F2CD4148E70BB90120F7
:10C890009DE704994A44471E01F10101D2B2C9B291
:10C8A00022726174F3D0A6EB080605EB080A564520
:10C8B00007D2013BDBB2194409FB032261742272E7
:10C8C000E5E7B4F80B00C0B2E5F77EF994F810C0C4
:10C8D00060456146FFF47AAF411A142389B2B1FB77
:10C8E000FCF2B6FBF7F1A1EB0801B1FBF5F1B3FBEC
:10C8F000F7F5B2FBF7FE0F2D237A28BF0F257545FC
:10C9000028BF75468D4228BF0D4625B107FB0C3365
:10C91000A5742372BBE7B6FBFAF11429A0EB0C0057
:10C9200028BF1421B94228BF3946914228BF114679
:10C93000012201FB0C338842A274DBB22372A6DB16
:10C94000607C01FB1A667F1AC0F10F02B6FBF8F695
:10C950005FFA82F8B84528BFB846B04528BFB04650
:10C960005FFA88F8404408FB0C38607484F808804B
:10C970008DE700BFC45303013C0000212DE9F041C5
:10C98000184B94B00024154608AF10220E460DF146
:10C990003008014600970DEB0200CDE90434013365
:10C9A0000293013303930123CDE906440DF0B7FD53
:10C9B000384610AF02A901230422CDF800800DF003
:10C9C000AEFD414630460123102200970DF0A7FD31
:10C9D0002346042203A9384600950DF0A0FD14B0AB
:10C9E000BDE8F081314749420138C0B2032808B59B
:10C9F00004D940F2DD21AC20E3F7A4FD014B185C23
:10CA000008BD00BFE0530301038800F2B510C172F6
:10CA1000A0F80930027301490BF04CB91BA60201C2
:10CA200008B500F017FD00F013FA00F005F8BDE8B6
:10CA3000084000F0CBB800BF034B00214FF48052F8
:10CA40001970A3F8012070478C14002170B50646B8
:10CA5000022014460D4600F015FA064B0122033C55
:10CA60001A70054BC3F81045C3F80865C3F80455A0
:10CA700070BD00BF8C14002100E00041022008B509
:10CA800000F000FA084B002208484FF0010C08495A
:10CA900080F800C0C3F80021C3F80421C3F80821BE
:10CAA000C3F8801008BD00BF00E000418C140021D5
:10CAB00003000080104B1A785AB110490020C1F8C9
:10CAC0008000D1F800213AB91021002099705A70E5
:10CAD0001870002000F0D6B9D1F80421002AF3D054
:10CAE000D1F8082112B110210246EEE7D1F8001466
:10CAF0000122C9B2E9E700BF8C14002100E0004127
:10CB0000022008B500F0BEF9064B002201210648BC
:10CB10000170C3F80021C3F80421C3F8082119608B
:10CB200008BD00BF00E000418C140021184A1378B2
:10CB3000002B10B5507818BF0220A0F10204B4FAFF
:10CB400084F46409B3B1C823124A013BD2F800113E
:10CB5000DBB241B1D2F8040120B1D2F80801B0FA39
:10CB600080F0400910BD0BB1002CEED1EB213B2031
:10CB7000E3F7E8FCC82300E01CB1013B13F0FF031E
:10CB8000FAD10228F2D0431E5842584110BD00BFCE
:10CB90008C14002100E000410A4B1A787AB10A4B4C
:10CBA000D3F800214AB1D3F8042132B1D3F80821D7
:10CBB0001AB9D3F80004C0B27047102070479878B3
:10CBC000704700BF8C14002100E00041024B00229E
:10CBD0001A809A70704700BF901400212DE9F84325
:10CBE000044601200E461D4690469DF8209000F018
:10CBF00049F904F00300284F40EA054040F08070F6
:10CC0000C7F80405C7F80865244E35710EF056FEC6
:10CC100038B9D7F8182522F0FF0242EA0802C7F80F
:10CC2000182500221C4B4FF4805114F0FB0FC3F861
:10CC300084201B4AC2F8081504D11A4AC3F880217F
:10CC4000C3F88420B9F1020F21D8174A012C124BE6
:10CC500012F80920C3F8202506D00123022CF47015
:10CC6000737009D9BDE8F8830E4A1049C1F8D02184
:10CC7000C3F88C207470F470074B012200213270CD
:10CC8000C3F80011C3F800121A60BDE8F88340F23F
:10CC9000D7113C20E3F756FC00E00041901400213E
:10CCA00000F000410C000080E453030100800041CB
:10CCB0002B4B5A7870B5002A48D02A4A0125C2F871
:10CCC0000C15C2F81005DC789D701CB3042C19D02B
:10CCD0001978002935D01B790021023BC2F80411D4
:10CCE000012B05D820480323C0F85011C2F81C3589
:10CCF0001C494FF480521D481D4BC1F88400C3F8F5
:10CD0000042570BD00211D70C2F80411C2F8005244
:10CD1000156070BD1B78F3B1C2F804414FF4805424
:10CD2000134BC3F80445D2F8006116B15560C3F83F
:10CD300008450B7803704B78043343708B7883700D
:10CD400070BD40F201113C20E3F7FCFB40F20E21E4
:10CD50003C20E3F7F7FBD5213C20E3F7F3FB00BFD2
:10CD60009014002100E00041008000410500008097
:10CD700000F00041104B1A78CAB100220F49104848
:10CD800010B44FF48054C1F88420C0F80845A0F5D1
:10CD9000E040C1F88021C1F88420C0F8D021C1F85A
:10CDA0008C201A70002210BCA3F8012070470022CA
:10CDB000A3F80120704700BF9014002100E000415B
:10CDC00000F00041F8B51B4B1B786BB31A4CD4F83C
:10CDD000043113BB194B0222C4F804231F691A69DA
:10CDE00007F0100742F010021A61D4F8043153B969
:10CDF000134E4FF48045C6F880510EF063FDD4F811
:10CE00000431002BF7D027B90C4A136923F0100323
:10CE10001361094B0222C3F80823074BD3F800041F
:10CE2000003818BF0120F8BD40F27D213C20E3F717
:10CE300089FB00BF9014002100E0004100ED00E0FC
:10CE400000E100E0014B01229A60704700E00041E0
:10CE500038B54FF48042094BC3F88020BFF34F8FA1
:10CE6000BFF36F8F064C0025C4F80055C4F8005579
:10CE7000FFF780FFC4F8805038BD00BF00E100E03C
:10CE800000E0004170B5124D00260446C5F800656B
:10CE9000C5F80065FFF76EFF012CC5F8806006D06D
:10CEA000022C0BD04CB187213D20E3F74BFB022233
:10CEB000084BC5F80025C5F8143570BD0321054A97
:10CEC000054BC5F80015C5F81425C5F8803070BDB0
:10CED00000E000419814002103000080024BD3F8C9
:10CEE000A00200F0010070470000FF010A4B4FF65E
:10CEF000FF72014610B4D3F8A442D3F8A8329BB213
:10CF0000934208BFB4F1FF3F14BF0120002001D0BD
:10CF10000C608B8010BC70470000FF010D4B70B49B
:10CF2000D3F89062D3F89452D3F8984206EA0502F7
:10CF3000D3F89C1222400A40013202D1002070BC7A
:10CF400070470346066001205D609C60D96070BC3C
:10CF5000704700BF0000FF010D4B70B4D3F8806232
:10CF6000D3F88452D3F8884206EA0502D3F88C122B
:10CF700022400A40013202D1002070BC70470346B3
:10CF8000066001205D609C60D96070BC704700BF86
:10CF90000000FF01EFF3108272B60E4B93F85D10A4
:10CFA00031B19B78012B07D0022B01D1830705D526
:10CFB0000AB962B6704770474107F9D406480121A3
:10CFC000064B10B40024C0F84045196102B962B69E
:10CFD00010BC7047A815002100C00041008000412E
:10CFE00008B5214A431E82F82800062B36D8DFE810
:10CFF00003F01221262B353004001C4B0122C3F80C
:10D00000102505F011FF28B1194A184BD2F88420D9
:10D01000C3F8882508BD154B0322C3F8102505F079
:10D0200003FF0028F6D0124A104BD2F88020C3F834
:10D03000882508BD0D4B0422C3F81025E1E70B4BF2
:10D040000622C3F81025EAE7084B0522C3F810258D
:10D05000E5E7064B0022C3F81025E0E740F63D5116
:10D060003E20E3F76FFA00BFA815002100800041C1
:10D070000000FF0130B5431E444C83B00D4684F8D8
:10D080002800062B7CD8DFE803F03C51565B7B6020
:10D0900004003F4B0122C3F8102505F0C5FE28B15E
:10D0A0003C4A3B4BD2F88420C3F88825A38DB3F5C6
:10D0B000166F38D2A3F6381343F48073344AC2F89B
:10D0C0000835C2F854556378012B43D0324B002207
:10D0D000C3F800252E4B40F2031040F25B61D3F8F9
:10D0E000002242F48872C3F80022C3F83405C3F862
:10D0F0003815D3F8682542F4C022C3F8682503B078
:10D1000030BD234B0322C3F8102505F08DFE002807
:10D11000CCD0204A1E4BD2F88020C3F88825A38D9E
:10D12000B3F5166FC6D3A3F51663C7E7184B0422F1
:10D13000C3F81025B1E7164B0622C3F81025E4E723
:10D14000134B0522C3F81025DFE7114B0022C3F86B
:10D150001025DAE701AB94F929202946E07801F09F
:10D1600029FC9DF9040001F08FFB9DF8050002F0F9
:10D170003DF90028AED040F23F613E20E3F7E2F9EE
:10D1800040F63D513E20E3F7DDF900BFA815002130
:10D19000008000410000FF01004000412DE9F04700
:10D1A0000D4682B006461746002879D104238DF833
:10D1B00006000DEB03088DF8043002F045FE01284F
:10D1C0004FF0FF3088BF00208DF80500404606F084
:10D1D00007F9002840F0DA80964C0123384684F89D
:10D1E0005D3094F82AA0FFF7FBFEA38DB3F5166F10
:10D1F000C0F0D180A3F51663DFF83C925146384663
:10D20000C9F808354346C9F854A594F9292001F016
:10D21000D1FB9DF9040001F037FB9DF8050002F0F9
:10D22000E5F8002840F0FB8040F20313C9F83435DC
:10D2300040F25B63C9F8383501232178A370994225
:10D2400000F0D0807D4A02EB47077D4ABB8903F599
:10D25000FA73A2FB0323A5EB931511B9794BC9F817
:10D260008030216B784B2944764AC3F84015C3F8C7
:10D27000C0212378002B43D194F84A3043F00202B6
:10D28000DB0784F84A2000F19A806F4B0122DA64B0
:10D29000D3F84C35994250D8002002B0BDE8F08751
:10D2A00000234FF002090DF104088DF804908DF869
:10D2B000063002F0C9FD01284FF0FF3088BF002082
:10D2C0008DF80500404606F08BF800285ED101235A
:10D2D000584C9E4284F85D3040F09780384694F870
:10D2E0002A10FFF7C7FE237884F80290012BB8D0EC
:10D2F000293D002BB5D1504B524AC3F88420B0E7EA
:10D30000012B94F84A3004BF43F0040384F84A30F8
:10D31000DF07BAD59D0752D45807B6D5464B494AC0
:10D32000C3F8882003F58043D3F84031002BACD0FC
:10D3300040F276613E20E3F705F9E38D952B0CD999
:10D3400076B3012E66D101F1290340484049C360FC
:10D3500002F03AF80130012852D8404606F04CF865
:10D36000002861D1A3789DF80420012B45D0022B21
:10D3700008D1930706D4344900202F4B0122C1F86D
:10D3800040051A61012002B0BDE8F08740F61B316C
:10D390003E20E3F7D7F8A3F6381343F480732BE766
:10D3A00001F1280329482A49C36002F007F8013037
:10D3B0000128D2D94FF4EB613E20E3F7C3F81E4BAE
:10D3C000D3F8002242F00102C3F80022D3F850350E
:10D3D00003F0F603022B7FF458AF4FF4D1613E20E7
:10D3E000E3F7B0F8154B164A33F8173003F5FA7324
:10D3F000A2FB0323A5EB931533E75207BBD5C1E787
:10D4000040F262713E20E3F79DF840F609013E20AC
:10D41000E3F798F840F266713E20E3F793F840F2A4
:10D420003F613E20E3F78EF840F65E313E20E3F7A1
:10D4300089F800BFA815002100800041E8530301CE
:10D44000D34D62100B00008000C000414400002159
:10D450000454030160220021094810B505F0A4FE20
:10D4600041F21114074B00224FF08240AA21C0F86C
:10D47000004EC3F8402EC3F8442EC3F8001E10BD62
:10D48000A815002100700041014BD885704700BFEE
:10D49000A8150021034B034493F8300000F51660F3
:10D4A000704700BFE8530301014B93F83C007047FD
:10D4B000A81500210C4B0D4A10B493F83C10D3E989
:10D4C0000D3002EB8102C01AD36ED2F8801003F245
:10D4D000E733946D064A5B1A204410BCA2FB032379
:10D4E00000EB9310704700BFA8150021E85303011B
:10D4F000D34D6210024B986B1B6BC01A704700BF74
:10D50000A81500210A490B4A10B491F83C300A4C86
:10D5100002EB8302D1E90C30C01AD36E926D03F294
:10D52000F313801AA4FB032310BCA0EB93107047E5
:10D53000A8150021E8530301D34D621010B50F4C1C
:10D5400082B004F037F9A36D0093D4E9142305F0F9
:10D5500041F994F83C20D4E90C13094C5B1A0949B1
:10D5600001EB8201CA6E896D02F2F3125B1AA4FB11
:10D570000212A3EB9213181A02B010BDA8150021D5
:10D58000D34D6210E85303010C4A0D4B0D4910B501
:10D5900092F83C0003EB8003D2E90C04241AD86E05
:10D5A0009B6D00F2F310E41AA1FB0030A4EB901481
:10D5B00004F000F9201841F1000110BDA815002168
:10D5C000E8530301D34D62100F4910B591F83C2088
:10D5D000531EDBB2032B11D80C4CD1E90C10401AAE
:10D5E0000B4901EB820201EB4303926DB3F89430D7
:10D5F000801AA4FB032300EB931010BD40F2A62178
:10D600003E20E2F79FFF00BFA8150021D34D621016
:10D61000E8530301FF2808B523D8174B0139A3F8B5
:10D620004800062918D8DFE801F004151313170481
:10D6300004001249124A134B0243C3F81415C3F8ED
:10D640001825D3F8503503F0F703032B0ED008BD8F
:10D650000D49EFE70D49EDE740F207313E20E2F7D3
:10D6600071FF40F2C2213E20E2F76CFF40F21D3113
:10D670003E20E2F767FF00BFA81500210801100057
:10D6800000000302008000410801906308011001BE
:10D6900008B5154A154BC3F8AC210278032A1DD1F1
:10D6A000D3F81425012990F801C022F47022104902
:10D6B0000CF03F0C0F4808BF42F400224CEA000077
:10D6C000C3F814254A6A42F00302C3F80029C3F8DC
:10D6D000100901234A6281F85C3008BD40F27231C2
:10D6E0003E20E2F72FFF00BF0600008000800041CF
:10D6F000A815002180320200384B4FF4807270B5BB
:10D70000C3F88020BFF34F8FBFF36F8F00223448E0
:10D710000121344D1346344CC0F8FC2FC0F8FC1FD7
:10D7200005EBC3010133D1F800232240824204D12A
:10D73000D1F80023D1F804131160202BF0D1284D2B
:10D7400001230322294CC5F83035C5F8102584F88B
:10D75000283005F069FB20B1224BD3F88030C5F8A2
:10D7600088351F4D40F201214FF48013204AC5F83F
:10D7700050160026107CC5F8003201F049FE05F075
:10D780007FFD1C491C4BC5F8A81102311B4AC3F888
:10D79000C820C3F8C41041F6F873194AC2F804351A
:10D7A000A687A66384F84A6004F00AF8D5F8002931
:10D7B00096232063102062624FF48072E385216E0D
:10D7C000064B84F85C60C3F88021C5F804031A6036
:10D7D00001B18847BDE8704001F0E4BD00E100E020
:10D7E000008000410000FF0100F0FFFFA8150021AC
:10D7F000440000210300008000C0004106000080BA
:10D8000000F0004103684F494F4A70B50446180EB6
:10D810001B024E4DC1F82405C1F81C356368C1F8E0
:10D820003C35237A1A4485F82A30618992F83030E1
:10D83000FF2903F51663AB8594F809C07CD80CF179
:10D84000FF33A5F84810062B6CD8DFE803F0041E60
:10D850001C1C6B0404003E4E3E483A4A0843C2F882
:10D860001465C2F81805D2F8502502F0F702032A11
:10D8700053D085F828C0062B59D8DFE803F02817C5
:10D880004944583F3A00344EE6E72E4B334AC3F83A
:10D890001425304A0A43C3F81825D3F8503503F04D
:10D8A000F703032B39D0022385F82830254B0422B7
:10D8B000C3F8102505F0B8FA28B1294A214BD2F84F
:10D8C0008420C3F88825237B85F8293070BD1D4B43
:10D8D0000322C3F8102505F0A7FA0028F3D0204A48
:10D8E000184BD2F88020C3F88825237B85F829308F
:10D8F00070BD144B0122C3F81025DBE7114B002249
:10D90000C3F81025E7E70F4B0522C3F81025E2E71F
:10D910000C4B0622C3F81025DDE740F21D313E20F6
:10D92000E2F710FE40F207313E20E2F70BFE40F630
:10D930003D513E20E2F706FE40F2C2213E20E2F7D2
:10D9400001FE00BF00800041E8530301A81500213B
:10D950000801100000000302080190630801100193
:10D960000000FF01014B83F829007047A815002132
:10D97000034B020E0002C3F82425C3F81C057047B0
:10D9800000800041054B064A034482F82A0093F8C0
:10D99000303003F516639385704700BFE8530301E9
:10D9A000A815002100B583B001AB01F003F803B066
:10D9B0005DF804FB2DE9F041784C82B094F84A30D0
:10D9C000DD0740F1D78000284FF0000205460E46E3
:10D9D0000CBF042302238DF806208DF8043002F0DA
:10D9E00033FA01284FF0FF3088BF00208DF8050082
:10D9F00001A805F0F5FC002840F0B7800123684F2E
:10DA000084F85D3094F84A3043F0020384F84A30D9
:10DA1000D7F8003243F00103C7F80032002D3DD0A3
:10DA2000012D00F082805F4BD3F84C75E38D952B70
:10DA300000F2AA8001A805F0DFFC002840F09F80DA
:10DA4000A3789DF80420012B25D0022B14D0206B45
:10DA5000381A1DB1293002B0BDE8F0815249534A4D
:10DA600001EB4606B38903F5FA73A2FB032300EB2F
:10DA7000931002B0BDE8F0819307E8D4494B00222F
:10DA8000C3F84025A3F5804301221A61206B381AA0
:10DA9000002DDFD1E2E75207F0D5D8E7304694F801
:10DAA0002A80FFF79DFAA38DB3F5166F38D3A3F53F
:10DAB00016633B4F41463046C7F8083501ABC7F8FF
:10DAC000548594F9292000F075FF9DF9040000F0B9
:10DAD000DBFE9DF8050001F089FC002859D140F2D9
:10DAE000031101232F4AC7F8341540F25B61C7F8D0
:10DAF0003815A370D3643B60E38DD2F84C75952B39
:10DB000098D92B4807F128032A49C36001F056FC35
:10DB1000013001288ED94FF4EB613E20E2F712FD6F
:10DB2000A3F6381343F48073C3E794F82A10304601
:10DB3000FFF7A0FA1B4B0222A270DD647D60D3F8D0
:10DB40004C75E38D952B7FF675AF194807F12903C6
:10DB50001849C36001F038FC013001287FF66AAF34
:10DB600040F262713E20E2F7EDFC40F61B313E20B0
:10DB7000E2F7E8FC40F29D713E20E2F7E3FC40F65C
:10DB80005E313E20E2F7DEFC40F266713E20E2F7B5
:10DB9000D9FC40F23F613E20E2F7D4FCA8150021F9
:10DBA0000080004100C00041E8530301D34D6210E2
:10DBB000440000210454030110B5FFF7EFFA00B14F
:10DBC00010BD0346054C064A0121C4F84035022029
:10DBD0001161BDE81040F5F761BB00BF00C0004116
:10DBE00000800041F8B51F4D95F83D30A3B30446C1
:10DBF000164608465CB1012C1DD00027296B324621
:10DC00002046791AFFF7CAFA034648B1F8BD012B3E
:10DC1000AF6B95F83C1017D000F04EFE0744EDE7CF
:10DC2000114C0121114A0220C4F840351161BDE8B0
:10DC3000F840F5F733BB012BAF6B95F83C1007D0DC
:10DC400000F068FE0744D9E700F054FE0744D5E72A
:10DC500000F040FE0744D1E740F687013E20E2F79E
:10DC600071FC00BFA815002100C0004100800041E8
:10DC700030B5424A4FF4807441494FF0FF30D2F83A
:10DC800004530023C2F8080383B0C1F880414FF465
:10DC900080113C4C05F01005C2F800123A4984F896
:10DCA0004A30C1F84035C2F88830C2F88030C2F836
:10DCB0008430D2F85015C9B259BBE38D952B04D9E5
:10DCC000A378012B4FD0022B43D000232B4A94F88A
:10DCD0005C10C2F8103123712380A37091B1C2F897
:10DCE000AC31D2F8141584F85C3021F47021636AE9
:10DCF000C2F8141523F0030324496362C2F8003903
:10DD0000C2F810191DB11D4B1022C3F8042303B033
:10DD100030BD01218DF80700C2F8103111619DF866
:10DD200007304BB90CE09DF80730013BDBB28DF8B2
:10DD300007309DF807301BB1D2F81031002BF2D01C
:10DD40009DF80730002BB8D140F6C7013E20E2F71E
:10DD5000F9FB01F045FB01300128B6D940F6DE01A0
:10DD60003E20E2F7EFFB01F035FB01300128ACD992
:10DD700040F6D8013E20E2F7E5FB00BF00800041FD
:10DD800000E100E0A815002100C00041803202003F
:10DD9000F8B500222F4B304EC3F84825C3F8442570
:10DDA000C3F84025C3F84C25FFF762FF01F000FBE4
:10DDB00096F85D302BB105F019FB00283FD186F8AD
:10DDC0005D00002005F01EFB044600283CD1214DDB
:10DDD000224FC5F8C401C7F88800C7F88000C7F80B
:10DDE0008400C5F8C800C5F8C40005F061FA1C49F4
:10DDF0001C4B4FF4807241F6F870C7F8A841347795
:10DE0000C5F8C041C6E90D44C1F80805C5F8484544
:10DE1000C5F84445C5F84045C5F84C45C5F84841E6
:10DE2000C5F84441C5F84041C5F84C41C3F88020CD
:10DE3000BFF34F8FBFF36F8FC3F88021F8BD40F25F
:10DE40009A513E20E2F77EFB40F29D513E20E2F7E0
:10DE500079FB00BF00C00041A815002100800041EF
:10DE600000F0004100E100E0F8B514461E469DF8C0
:10DE70001870054603F09EFC10F12C033A4641F160
:10DE80000001A34271EB060334BF211A2C2128465E
:10DE9000FFF784F9044608B12046F8BDFFF7E8FE15
:10DEA0002046F8BD014BC3F83C0570470080004197
:10DEB00038B50446074805F0A5FA28B9064D94E898
:10DEC0000F0085E80F0038BD40F629113E20E2F72B
:10DED00039FB00BF95CF01010C16002108B5164B88
:10DEE000164993F84A20C1F8040542F0010C586421
:10DEF000900783F84AC009D4530706D5104A114B3E
:10DF0000C1F88820D3F840318BB908BDD1F8003270
:10DF100043F00103C1F80032D1F8503503F0F603A5
:10DF2000022BF2D140F648113E20E2F70BFB40F203
:10DF300076613E20E2F706FBA81500210080004133
:10DF40000B00008000C0004108B5184B184993F839
:10DF50004A20C1F8040542F0010C5864900783F888
:10DF60004AC00AD4530706D5124A134BC1F8882079
:10DF7000D3F84031A3B9012008BDD1F8003243F0F5
:10DF80000103C1F80032D1F8503503F0F603022B3B
:10DF9000F1D1FFF76DFE0320F5F780F9002008BDF1
:10DFA00040F276613E20E2F7CDFA00BFA8150021CD
:10DFB000008000410B00008000C00041124B196B33
:10DFC0009A6B0844824210B518D201240F4A186295
:10DFD0005464D2F844151C774B1D834205D30C4B77
:10DFE000D3F8042102B91C6110BD0021094BC2F80D
:10DFF0004411C2F84405C2F8C43110BD40F65B11AB
:10E000003E20E2F79FFA00BFA815002100C00041A2
:10E01000008000410900008038B504460D4603F039
:10E02000C9FB844275EB010325D3154A136B916B31
:10E030002344181A884219D90124124B10625C64D7
:10E04000D3F8441514774A1D824206D3A3F58043C2
:10E05000D3F8042102B91C6138BD00210A4AC3F873
:10E060004411C3F84405C3F8C42138BD40F65B1120
:10E070003E20E2F767FA40F67E113E20E2F762FAB0
:10E08000A815002100C000410900008010B50F4C08
:10E090000222034694F83DC02277BCF1010FE08DC7
:10E0A00094F83C1094F828200BD000F063FC206218
:10E0B000A36B0021064A0344C2F84411C2F8443558
:10E0C00010BD00F037FC2062F2E700BFA815002168
:10E0D00000C0004130B4094A40F00044084D01231B
:10E0E000C5F8044103FA00F00C60136C05490343C2
:10E0F000C1F80405136430BC704700BFA8150021A7
:10E100000080004100F00041044BC3F86005D3F8E3
:10E11000002242F04002C3F8002270470080004114
:10E12000054B0021D3F8002222F04002C3F8002260
:10E13000C3F86015704700BF00800041044B0246E1
:10E140000120D3F8483503F07F035B42137070471A
:10E15000008000412DE9F0432D4C4FF00208894624
:10E160008446E78D04F1080E154684F804804D2F8F
:10E1700083B00FC88CBF00260126C4F81890267003
:10E180008EE80F009CF80900E0704DB9A3780122D9
:10E19000434562701ED0012E12D003B0BDE8F0835B
:10E1A0004D2F84F80180F8D8012D09D1194AD2F8F1
:10E1B000003243F00803C2F8003203B0BDE8F08338
:10E1C000144AD2F8003243F00403C2F8003203B01C
:10E1D000BDE8F08301AB94F9292094F82A1000F0EF
:10E1E000E9FB9DF9040000F04FFB9DF8050001F0EC
:10E1F000FDF840B9074AD2F8003243F48873C2F8F8
:10E2000000322678C7E740F23F613E20E2F79AF9F4
:10E21000A8150021008000412DE9F0432D4C4FF05E
:10E22000010889468446E78D04F1080E154684F8F6
:10E2300004804D2F83B00FC88CBF00260126C4F880
:10E24000189026708EE80F009CF80900E0704DB918
:10E25000A37884F80180022B1ED0012E12D003B0C7
:10E26000BDE8F08302234D2F6370F8D8012D09D14A
:10E27000194AD2F8003243F00803C2F8003203B062
:10E28000BDE8F083144AD2F8003243F00403C2F828
:10E29000003203B0BDE8F08301AB94F9292094F873
:10E2A0002A1000F087FB9DF9040000F0EDFA9DF8BC
:10E2B000050001F09BF840B9074AD2F8003243F458
:10E2C0008873C2F800322678C7E740F23F613E20EB
:10E2D000E2F738F9A81500210080004110B5254C5F
:10E2E00082B0E28DE1704D2A8CBF002301232370A0
:10E2F00048B9A2788C460121022A61701BD0012BFB
:10E3000010D002B010BD02234D2A6370F9D8012845
:10E3100008D1194AD2F8003243F00803C2F800329B
:10E3200002B010BD144AD2F8003243F00403C2F820
:10E33000003202B010BD01AB94F9292094F82A10E4
:10E34000604600F037FB9DF9040000F09DFA9DF84F
:10E35000050001F04BF840B9074AD2F8003243F407
:10E360008873C2F800322378C9E740F23F613E204B
:10E37000E2F7E8F8A815002100800041024B0022D6
:10E38000C3F84025704700BF00C00041044B30B4C3
:10E39000D3E914459B6DC0E9004530BC0B60704764
:10E3A000A81500212DE9F047B94B0121B94C82B0E5
:10E3B000226BB4F84860D964D3F84C55AD1A03F019
:10E3C00031FFE38D0022A565952B2065626506D996
:10E3D000A378012B00F0DE81022B00F06F81AE4BA1
:10E3E0000022AE49C3F88820C3F88020C3F88420F7
:10E3F00084F84A20D3F80002227F0140C3F80012BB
:10E40000002A69D194F802C0BCF1010F70D0BCF1B0
:10E41000020F00F08F8000279F4BD3F81021002AB5
:10E4200040F0A381ACF1010E9B4B0022BEFA8EFEA0
:10E43000C3F800214FEA5E1EC3F80C21C3F8102177
:10E44000C3F80421C3F80821C3F86C21904BBCF138
:10E45000020F84F83DC0D3F84825D3F84435C4E909
:10E460000D3200F0F98094F828104FF0010884F87C
:10E470003C106378002B00F0D18017F0110F40F0B2
:10E480008581B3F1010A207994F8009018BF4FF00C
:10E49000010A012800F02D81022840F0B880804850
:10E4A000FFF7B0F9A1690023B9F1010F2380A37030
:10E4B000237107D13B358D4256D8754A84F80090B8
:10E4C000C2F840315046E278FEF768FE0546002863
:10E4D00000F0408100254BE003F5804394F802C032
:10E4E000D3F84421003A18BF0122BCF1010F8ED1AC
:10E4F000694BD3F80C21002A40F0C780D3F8107183
:10E50000002F8FD0C3F80021E646C3F80C21302736
:10E51000C3F81021C3F80421C3F80821C3F86C2103
:10E520005B4B84F83DC0D3F84825D3F84435C4E9A3
:10E530000D3298E7584BD3F80C110029D3F800148A
:10E5400007BF042700230223062711F0010F18BF7D
:10E550001F462AB107F00B0347F0010743F0010300
:10E56000002B7FF45FAF57E74B4B4D46C3F810903D
:10E5700094F85C30A3B1484B0022C3F8AC2184F876
:10E580005C20D3F8142522F47022C3F81425626AA3
:10E5900022F00302C3F800296262424AC3F810293C
:10E5A000FB072CD4B80707D417F0280F7ED1FB0641
:10E5B00027D5236F984724E0374BD3F85034D9013F
:10E5C00040F1B68013F4706F0CBF0122002213F0EB
:10E5D000F00F08BF42F0010212B91A0740F0A880FC
:10E5E0002D4AD2F85414C3F30442C3F34253022B0E
:10E5F00098BF012A40F09C80012900F09980636E49
:10E600009847A378022B0FD002B0BDE8F08700280E
:10E610005FD040F6DE213E20E1F794FF1D462380C7
:10E62000A37023712377A3E7237F002BECD0022B69
:10E6300000F0C580012B40F00081236AA26B934259
:10E6400040F20581124AC2F84435114B164AC3F80C
:10E65000C42102B0BDE8F08794F82810002900F02A
:10E66000E280CB1E012B3FF600AF0B4BD3F81434E6
:10E6700013F0060300F0CE80022B00F0CD800421C1
:10E680004FF0000884F83C10F3E60827CAE600BF04
:10E6900000C00041A815002100800041E2FEFFFFFC
:10E6A000B0150021803202000900008087F02001AF
:10E6B000E36E2846C1F340119847A2E700F090FEB0
:10E6C000013001287FF68BAE40F6DE013E20E1F7F7
:10E6D00039FFE08DBCF1000F00F0AA80012B019200
:10E6E00063D0BEF1000F73D100F014F9019A8118C4
:10E6F00062E05948FFF786F894F83D30002B00F0AF
:10E700008D80012B69D094F83C30544A02EB83028F
:10E71000D4E90C31C91AD36E926D03F2F313891A3E
:10E720004F4AA2FB0323A1EB9311A0690144BAE66F
:10E73000636C5B78B34288BF47F00407B8F1000F01
:10E7400044D087F00407C7F38008A36E29464046EB
:10E75000984756E7434B0122C3F84005A3F5804391
:10E7600002201A61F4F79AFD02E7002247F0100731
:10E77000C3F800219646C3F80C21C3F81021C3F852
:10E780000421C3F80821C3F86C215FE60025FFF7D8
:10E790006FFAEDE600F01EFE013001287FF61FAE95
:10E7A00040F6D8013E20E1F7CDFEBEF1000F2CD19E
:10E7B00000F082F8019A8118206B091A73E6A36BA6
:10E7C000216A284A0B44C2F844353EE70125BCE7DC
:10E7D00000F080F8019A8118EEE794F83C20531E6F
:10E7E000D9B203292ED81D4B03EB820203EB410360
:10E7F000906DB3F89420D4E90C13591A184B091AE8
:10E80000A3FB022301EB93118FE700F073F8019A49
:10E810008118D1E7042128E6032126E640F294710D
:10E820003E20E1F78FFE40F246213E20E1F78AFECE
:10E8300040F687013E20E1F785FE40F607413E2085
:10E84000E1F780FE40F2A6213E20E1F77BFE40F694
:10E8500008413E20E1F776FEB0150021E8530301A0
:10E86000D34D621000C00041024B03EB8003986D52
:10E87000704700BFE8530301024B03EB8003D3F85A
:10E8800080007047E85303010028094B08DD01228E
:10E890000338C3F80025C0B2064BC3F80C05704717
:10E8A0000022C0B2C3F80025024BC3F80C05704724
:10E8B000004000410080004110B504460846FFF7C3
:10E8C000DBFF034BA3FB0030A4EB901010BD00BF97
:10E8D000D34D6210054B0238054A33F8113003F26C
:10E8E000E733A2FB032300EB931070479854030116
:10E8F000D34D6210054B064A33F8113003F57A7395
:10E90000A2FB032300EB9310704700BF9854030150
:10E91000D34D621010B504460846FFF7ADFF044B17
:10E9200000F2E730023CA3FB0030A4EB901010BDD6
:10E93000D34D621070B50D4E84461D46104636F814
:10E94000111006EB82060535F4680C444FF47A7119
:10E9500004F6B73401FB0C440549A1FB0434FFF76E
:10E9600083FFA4092C44204470BD00BF98540301C8
:10E97000D34D621070B5064608461546FFF77CFF7A
:10E980000A4B4FF47A710246284603EB8503DC6894
:10E99000074B04F6B73401FB0644A41AA3FB043466
:10E9A000FFF762FF0530A409204470BD98540301AD
:10E9B000D34D62102DE9F04F2D4C87B00646984696
:10E9C0000D46174600F044FD23788146B34202D13C
:10E9D0006378AB4231D0731E062B40D8DFE803F0DA
:10E9E000043C3A2A3F0404004FF0000B0DF11703DA
:10E9F0003A462946584600F031FD8246A0BB9DF9B3
:10EA0000171028460391FEF745FD039903465A4621
:10EA1000CDF800A00846414600F0EEFCB8F8003002
:10EA200026706570A380A071A77084F8039007B06A
:10EA3000BDE8F08F4FF0020BD8E794F90230BB42EB
:10EA4000C9D1E3788342C6D1A38894F90600A8F817
:10EA50000030ECE7B346C9E74FF0010BC6E740F2E0
:10EA6000C6410620E1F76EFD3E21A920E1F76AFDCF
:10EA70005800002138B50446002580F8305080F851
:10EA80005550416E21B1034B186805F0F3F96566E6
:10EA900038BD00BF1C160021014B186099807047DB
:10EAA0001C160021014B9888704700BF1C160021DE
:10EAB00070B5114E0446828BB3889A4202D907255D
:10EAC000284670BD0BF013FF05460028F8D12046FC
:10EAD0000BF0B4FE0138A4F89000306805F0BAF9E4
:10EAE00060660028EBD0A4F8925084F89650FF237B
:10EAF00084F83030E4E700BF1C160021022808B576
:10EB000004D14FF437719520E1F71CFD0328074B22
:10EB10000AD1002914BF0222012283F820200022FA
:10EB2000024883F8212008BD4022F6E72216002182
:10EB30000146F0B4D1E92C549DF8100095429C4157
:10EB400006D20123F0BC81F8AA30097FFFF7D6BFB7
:10EB50004C6A002CF5D02768D4E90265964275EB23
:10EB6000030C38D39D4208BF96421AD1237C01334F
:10EB7000DBB22374237C012B0AD1D1F8B8300133E6
:10EB8000C1F8B830002381F8AA302046F0BC7047A5
:10EB9000237C012B82BFD1F8C4300133C1F8C430CB
:10EBA000F0E7B24273EB050415D20328C9D0087F01
:10EBB0000022D1F8B8309042084C03F1010381F8EB
:10EBC000AA2084F82120C1F8B83014BF0223012301
:10EBD00084F82030D9E73C46BBE700BF221600216D
:10EBE0002DE9F84F044617461E46456A4FF0000BC4
:10EBF00000F13E08DFF8609025B1D5E90223BA4262
:10EC0000B34101D3BDE8F88F636AD5F800A023B9FA
:10EC100040F272219520E1F795FC616A0B688D4204
:10EC2000636281F800B081F801B081F802B081F828
:10EC300003B0EDD14946404609F042F82B7C23B998
:10EC4000D4F8BC300133C4F8BC302946606D554659
:10EC500005F010F9D0E700BF2BB602010D230B70B1
:10EC600001238B704FF0FF33CB700B71034B5A7A3B
:10EC7000A1F8052000225A72704700BF48160021F3
:10EC80002DE9F04F467E00F1180A8BB09C463609FC
:10EC900005460C46002706F0040604360AEB060378
:10ECA000099384F87870D4E91CE8D4E91A0194F83F
:10ECB0007830002BF5D1D4F898300593D4F89C30F7
:10ECC0000693D4E92837C4E92601BEEB030368EBB9
:10ECD0000709A769A3FB07B307FB0933D4F88870BA
:10ECE000CDF81CB00293C3190893D4F88C30C4E952
:10ECF00028E841EB0308089B05995F1A069B68EB1F
:10ED00000309B7EB0B07029B69EB0309D4F89030BA
:10ED10000393D4F8943004936B7E5B06C4E92279A4
:10ED20002DD53E4B9B7A53BB039B9B18049941EB1B
:10ED30000C086169A1FB022001FB0C0CD219217F98
:10ED40004CEB0907002965D0D4E92601C5E9002765
:10ED5000C5E90201D4E92801C5E904010999C4E91A
:10ED6000222749781AF8062042EA0122A4F8A820AE
:10ED70002AF80630C4E924380BB0BDE8F08F01F062
:10ED800051F86369B4F8A8C001933AF80630A3EBD0
:10ED90000C039BB2012B17D194F811E04FF0000C3B
:10EDA000019ABEF1010F38BF4FF0010E02FB0EFEBB
:10EDB000BEF57A7E4CF1FF3B1EEB070E49EB0B0BC9
:10EDC000704571EB0B021FD3059B069A13F57A73FE
:10EDD00042F1000C079A9B18029A42EB0C0C089A1D
:10EDE0009B1A6CEB080C181841EB0C01012871F10F
:10EDF00000030BDB019A002304F092F8421C41F15E
:10EE0000000C039BD31891E71A46FAE701224FF052
:10EE1000000CF6E7C5E90038A0E700BF481600215E
:10EE200003480449437A0133437208F043BF00BFEB
:10EE3000481600215DEC010110B5044698B1C16D82
:10EE400029B10B4BD86805F015F80023E36594F859
:10EE50003D3004F134000749013384F83D30BDE80A
:10EE6000104008F02ABFBDE81040FFF7D9BF00BF2F
:10EE7000481600219DB6020170B504460025074ED4
:10EE8000E36A53B1E16AF0680B68E3620D704D709C
:10EE90008D70CD7004F0EEFFF2E770BD48160021D2
:10EEA000404B70B50546D86804F0D4FF044620B93D
:10EEB0004FF403710720E1F745FB90F8213000F192
:10EEC0002002002108306FF386134376C3F3031347
:10EED00003F004030433D618D154002300227170C8
:10EEE0002946FFF7CDFE2B7F002B41D0EB6C1A0A91
:10EEF000337172711A0C1B0EB271F37195F84830B0
:10EF0000E96C012B37D0022B42D000231A1D0131AE
:10EF10000836E964C2F3052184F8222094F82320FE
:10EF200022F03F020A43022184F8232094F8212092
:10EF300061F3051216F8051C84F8212021F00F0159
:10EF4000C3F3032206F8063C0A4306F8052C042204
:10EF500093421FD8002323706370A370E370EB6AA1
:10EF6000EBB9EC6228462C63BDE870400CF091B917
:10EF7000D5F89030BBE7AB89043B9BB233B1B1FB12
:10EF8000F3F203FB121305339BB2BFE70423FBE745
:10EF9000AB89BBE706F8012B013292B2D8E72B6BA5
:10EFA0001C60DFE748160021024BD86019745A82B2
:10EFB000704700BF48160021014BD86804F044BFD9
:10EFC00048160021024BD868003818BF012070474E
:10EFD00048160021024B1A7C5B8A02700B80704736
:10EFE00048160021034BD86810B1588A083880B2FF
:10EFF000704700BF481600212DE9F347DFF89482DF
:10F000000546D8F80C3023B94FF448710720E1F7D2
:10F0100099FA6B780022007801A903F00F0301929E
:10F0200040EA0320EBF70EFD0646002840F02E8153
:10F03000019C94F82030002B00F09F806978E26DED
:10F04000C1F300179AB3002F00F0978092F821C007
:10F050004FEA1C1000F004000430104490F822E045
:10F0600090F8233092F8220092F8232003F00F0347
:10F0700002F03F024EEA032340EA02201CF0400265
:10F0800018BF042295F803E095F802C00EF03F0E79
:10F090004CEA0E2CB8F812E0F44576DC11F0400191
:10F0A0001AD017B9BCF1070F1BD8122666E0002F43
:10F0B00063D10A0902F0040204322A44D37890781A
:10F0C00011F0400203F00F0318BF042240EA0323AB
:10F0D0000CBF10463046D5E7BCF1030F01D8002F16
:10F0E000E3D0A7899F42E0D3043360441A4490429E
:10F0F000DBDC00294DD098F80AA0BAF1000F48D106
:10F10000D4E9227900F08EFE6B6810F1004241F1E3
:10F11000000C9A427CEB010C1FD20139DB1B61EB26
:10F120000901012B71F1000231DB62695008C0183E
:10F130004FF0000341F1000103F0F2FE82468946E0
:10F14000E36D53BBD8F80C0004F084FEE06520BBEF
:10F150005149524808F0AEFD13E010F1004C61F146
:10F16000000C934271EB0C02D8D24FF00042824265
:10F170007AEB010238BF0131D0E70C262046FFF7B9
:10F180005BFE304602B0BDE8F0871126F6E7462662
:10F19000F4E74FF0000AD146D2E7EA78AB7802F004
:10F1A0003F02E76D43EA02226B7807F12000DB069D
:10F1B00020D40432294604F08DF897F8213003F06A
:10F1C0003003202B57D152464B46214607F1080009
:10F1D000FFF756FDE36D0022E16A1A705A709A70CB
:10F1E000DA70002944D1E36220462363E2650CF023
:10F1F00050F8C6E797F8231097F8223001F03F0146
:10F2000043EA0123B8F8121003EB020C8C4504DD2D
:10F2100020461126FFF710FEB3E70433291D1844DA
:10F2200004F058F897F82330E97803F03F0297F894
:10F2300022C001F03F0123F03F034CEA022CAA78E0
:10F2400042EA0122944487F822C0CCF3052C43EA19
:10F250000C0C87F823C06B7803F03003302B01BF10
:10F2600097F82130022262F3051387F82130A4E7D2
:10F27000216B0B60B8E794F83D3004F13400084985
:10F28000013384F83D3008F018FD7AE7FFF7C8FD38
:10F2900077E700BF4816002195B602015C160021F1
:10F2A0009DB60201C36A10B504463BB1C36A1A6831
:10F2B000C26200221A705A709A70DA70994204D0B1
:10F2C0004FF45A710720E1F73DF9084BD86804F074
:10F2D000D1FD94F83D3004F134000549013384F840
:10F2E0003D30BDE8104008F0E8BC00BF48160021E2
:10F2F0009DB60201F8B50446DDE90650FF2684F804
:10F3000020601C4EA789768A073EBE422FDD00266C
:10F310000027C4E92067267FE6B9551B63F1000684
:10F320000027C4E92256A1FB00050026121A63EB50
:10F3300005034942C4E91A2360EB0000C4E926230F
:10F34000636DC4E92467C4E91C10C4E9281023B123
:10F350000020F8BD15461E46E2E7A07BE2F73CFC24
:10F3600060650028F4D184F8200084F8500007205C
:10F37000EFE700BF48160021C16D10B5044629B162
:10F38000074BD86804F076FD0023E3652046FFF7BD
:10F3900073FD002384F8203084F8503010BD00BF86
:10F3A00048160021014B1B685B681847B007002115
:10F3B000014B1B689B681847B0070021014B1B6875
:10F3C0001B691847B0070021014B1B685B69184790
:10F3D000B0070021014B1B689B691847B00700214B
:10F3E000014B1B68DB691847B0070021014B1B6804
:10F3F0009B6A1847B007002130B4044C9DF80850B0
:10F4000024680295E468A44630BC6047B007002138
:10F4100000220E4938B50446134644FA02F0D5B22C
:10F420000132C00742BF581CCD54C3B2042AF4D1E4
:10F43000C3F10402042B054D4FF0FF01D2B288BF87
:10F440000022E81803F0B0FE2C7138BD7C1B0021AF
:10F45000014B187D704700BF70160021042810B5BD
:10F4600011D883B104280CBF10242824A1420AD249
:10F47000064C54F8200018B141568A42A8BF0A46EB
:10F4800000201A7010BD6FF01500FBE77016002108
:10F490000228034610DC10F1270F0FDB2830084A42
:10F4A00040B2105C024492F92C209A4207D0002905
:10F4B00018BF0130C0B270470F207047002070475E
:10F4C00058550301022808B506DCFFF7E1FF034B9E
:10F4D000034493F92C0008BD0320FCE758550301B1
:10F4E000C0B208B518B9044B01221A6008BD5121F9
:10F4F000B52003F061FA00BF0050004110F0FF009A
:10F5000008B507D1054B01225A60C3F80001044B2E
:10F51000187008BD8421B52003F04EFA0050004158
:10F5200085160021014B01221A70704785160021B3
:10F5300008B550B9074BD3F8003123B9064B1878FA
:10F5400000F0010008BD0120FAE7D021B52003F04A
:10F5500033FA00BF0050004185160021024BD3F85A
:10F56000080400F00100704700500041024BD3F83E
:10F57000140400F00100704700500041024BD3F822
:10F580001C0400F003007047005000410749024688
:10F59000D1F81804D1F8181410F4803005D0D0B286
:10F5A00001F003031B1A58425841704700500041B4
:10F5B000F8B50F4E012704460D4637540CF00EF9EE
:10F5C00058B92CB90B4BB7707560C3F80473F8BD0C
:10F5D0004FF488716D2003F0EFF9002DF7D01CB9BE
:10F5E0002046A8477460F2E740F22B11F2E700BF13
:10F5F0008816002100500041044B002219181A54AB
:10F600008A7003EB80014A60704700BF88160021B2
:10F6100010B5034CA08100F0D7FBE08110BD00BF06
:10F6200088160021014B188A704700BF88160021F8
:10F63000014B9889704700BF88160021014BD8897B
:10F64000704700BF8816002110B5EFF3108472B622
:10F65000064B03449A7C0132D2B29A749B7C012BF4
:10F6600001D1FFF73DFF04B962B610BD8816002135
:10F6700008B50CF0B6F80CF0B1F8084A084B30B1F8
:10F680000121116104221A7500225A7508BD032157
:10F6900019750121C2F80413F6E700BF00500041BC
:10F6A0008816002110B5EFF3108472B6094B03449D
:10F6B0009A7C22B940F249216D2003F07DF99A7CB1
:10F6C000013AD2B29A749B7C0BB9FFF717FF04B9C9
:10F6D00062B610BD88160021024B187D003818BF95
:10F6E000012070478816002137B5184CE37D63B9B7
:10F6F000606A00F00300FFF749FF30B1EFF31083B9
:10F7000072B6227D1AB103B962B603B030BD0122D0
:10F71000227503B962B680230D4DC5F808334FF446
:10F720002073ADF80630BDF806309BB25A1E92B277
:10F73000ADF80620002BF6D1C5F81C3184F828302E
:10F74000FFF796FF8023C5F80433DEE78816002113
:10F75000005000412DE9F347364CA37D002B66D0C5
:10F76000032300228DF80430334B8DF80520D3F8A5
:10F77000005145BBD3F80481B8F1000F08D02E4BDF
:10F780000022C3F804210222C3F80823FFF7ACFFCC
:10F7900094F82860284BF6B2D3F81C2135B1217DAE
:10F7A000032901BF04212175012119618AB3224B6C
:10F7B0000022C3F81C21237D042B26D040F25B31AC
:10F7C0006D2003F0F9F80121271DA61C15460DF147
:10F7D000040A91468DF80420D3F80481C3F8081375
:10F7E00015F80A00032808D0337833B13B6886F84F
:10F7F000009013B19847C7F80090012D07F1040756
:10F8000006F10106B8D00125EAE7022323750BF0C3
:10F81000EBFF66B1002384F82830237D022B01D151
:10F82000FFF726FF02B0BDE8F0470BF0DDBF02B0E6
:10F83000BDE8F087881600210050004110B5054C46
:10F84000606A00F00300FFF7A1FE0028F8D0002056
:10F8500010BD00BF88160021F8B5054650B10278EA
:10F86000022A07D8437842B9013B1F2B02D883787C
:10F87000212B07D96FF0150085E0002BFAD1837892
:10F88000002BF7D1624B2022C3F88020BFF34F8FAB
:10F89000BFF36F8F5F4EC3F880214FF0FF335E4C94
:10F8A000C6F808330023C6F80031C6F80431C6F89C
:10F8B0001C31A374E374AB882382FFF74FFE10B1B1
:10F8C00001232370A374D6F80C24D6F80C34D70384
:10F8D00003D5DE0701D5FFF725FE4FF4AF60FFF734
:10F8E00097FE0123AA7863622B7822760022012BEF
:10F8F000E375627516D0022B17D01BBBFFF736FEDF
:10F90000002841D0FFF73AFE636A03F003039842F0
:10F910003AD1AB79DBB9FFF791FF00281BDA4FF43E
:10F92000A36111E002236362E8E70BF05AFF394B51
:10F93000D3F80C14D3F80C24C803F9D5D107F7D5A4
:10F940000323F0E740F20A516D2003F035F8314B04
:10F950000222C3F80423237E63B12B7853B90BF042
:10F960003DFF054603F0A8F96FF00043002D4CD091
:10F97000C4E90703012320220020A375244B20752E
:10F98000C3F880211A60F8BD224B01220021DA6001
:10F99000C3F8041194F82410C3F818159A600222D1
:10F9A000C3F80423AA79002AD5D1D3F804239207F7
:10F9B00002D440F2BD41C7E7184A1669116906F042
:10F9C000100641F010011161D3F804310BB90BF0AE
:10F9D0007AFF104FD7F8043133B1FFF72FFF00281B
:10F9E00005DA40F2D741AFE70BF06CFFF2E726B93A
:10F9F0000A4A136923F010031361064B0222C3F86D
:10FA000008230022C3F80421A5E7C4E90730B1E7C1
:10FA100000E100E0005000418816002100ED00E008
:10FA20000C4A38B50D46117919B18A216F2002F0C0
:10FA3000C3FF58B9547944B901235371FFF704FE49
:10FA400020462946FFF7B4FD204638BD6FF015006B
:10FA5000FBE700BFB416002138B50C4D04462B79E6
:10FA60001BB1A1216F2002F0A7FF48B96B7953B1F8
:10FA7000FFF7C2FD20466C71FFF714FE204638BD2B
:10FA80006FF01500FBE71846F9E700BFB416002138
:10FA900008B5054B1B791BB1CD216F2002F08CFFFF
:10FAA000BDE808400BF0A7BEB416002108B501B3AD
:10FAB000F0B14FF0FF331A46E0FB01320E498A42A3
:10FAC00003D9E2216F2002F077FF180D4FF2244195
:10FAD000C3F30F1340EA0230B0FBF1F203EB004036
:10FAE000064B03FB1200B0FBF1F040EA024001308C
:10FAF00008BD0846FCE700BF3F420F00000024F4A9
:10FB0000014B9B68184700BFB4160021014BDB680E
:10FB1000184700BFB4160021014B1B69184700BFEE
:10FB2000B4160021034B1A790AB9FFF77BBD988DF3
:10FB3000704700BFB4160021034B1A790AB9FFF7CA
:10FB400077BD988A704700BFB4160021034B1A791D
:10FB50000AB9FFF773BD188E704700BFB4160021B5
:10FB6000024B1B790BB9FFF7BFBD7047B4160021DC
:10FB7000014B9B69184700BFB416002110B5144C07
:10FB80002379A3B1636A9847002806DB94F82E30E6
:10FB900023B10123002084F8323010BDFFF7E8FFC5
:10FBA0000028F6DA4FF4D1716F2002F005FF094BFF
:10FBB000A361094BE361094B2362094BA360094B25
:10FBC000E360094B2361FFF747FE0028E1D0E4E73B
:10FBD000B41600213DF80101F5B70201D9F6010183
:10FBE000E3B70201E9B70201EFB70201064B10B516
:10FBF0001C7924B14FF4FB716F2002F0DDFEFFF79A
:10FC000007FD204610BD00BFB4160021014B187936
:10FC1000704700BFEC160021044B1A79824283BF63
:10FC20001B68302202FB003000207047EC160021D8
:10FC300043F60952C0F30803400A02FB03F302FB38
:10FC400000F003F5807300EB532070470346C0F3C8
:10FC50000800C3F34E221B0E43EA0123090E10B520
:10FC60004FEA411C43F609544FEA431E4CEAD36C59
:10FC700004FB00F0BEEB030E04FB02F200F5807003
:10FC80006CEB010402EB50204FEA841C4FEA8E1209
:10FC90004CEA9E6CB2EB0E026CEB040C4FEACC0CFF
:10FCA0004CEA527CD200D31841EB0C01DA03C903B1
:10FCB000801841EA534141F1000110BD48F2376C10
:10FCC000430B0CFB03F300B54FEA134C43F6095EFC
:10FCD0000F4B0EFB1C0000FB03F35B0D0EFB03FE42
:10FCE00003EB4C2343F6085CF444B0EB5C2F08D8DC
:10FCF0000EF5807E0B60A0EB5E20C0B210705DF848
:10FD000004FB013300200B6010705DF804FB00BFA2
:10FD10006F0C010070B5274DA94246D84FEA507CC0
:10FD2000254C43F6095E43F608564CEAC10CC0F375
:10FD30004F3101EB0C41A4FB0C5C204D4FEA9C3C85
:10FD400005FB1C11A4FB01411D4C890B41EA0C4130
:10FD500048F2376C04FB1104600B0CFB00F04FEA17
:10FD6000104C18480EFB1C4505FB00F0400D0EFB27
:10FD700000FE00EB4C207644B5EB562F11D80EF563
:10FD8000807EA5EB5E2E5FFA8EFE049D85F800E076
:10FD90000D06090A281841F1000118605960146025
:10FDA00070BD01304FF0000EEFE79F219B2002F065
:10FDB00003FE00BFFF7F841E83DE1B43000024F48C
:10FDC0000080841E6F0C010048F23761420B43F63D
:10FDD000095C094B01FB02F2120C0CFB12015002F0
:10FDE00001FB0333013B5B0D0CFB03FCB1EB5C2F10
:10FDF00088BF0130184470476F0C01001F280CD8D1
:10FE000000EB4003012010B4DB00054C04EB030CB5
:10FE1000E15010BCCCF8042070470020704700BFB0
:10FE2000F816002100F082BA08B5064B93F80023BB
:10FE3000202A02D083F8300308BD2D21022002F0D1
:10FE4000BBFD00BFF816002108B5064B93F8002350
:10FE5000202A02D093F82E0308BD3321022002F09D
:10FE6000ABFD00BFF8160021094A92F80033202BA1
:10FE700008D003EB4303032102EBC30052F83330F5
:10FE8000406818473E21022010B502F095FD00BFE2
:10FE9000F81600210020704730B43E494FF0FF347F
:10FEA0004FF0FF350023FF223B480B700B618A7037
:10FEB000C1E902454FF48054C0F88040BFF34F8F32
:10FEC000BFF36F8F354A4FF0FF35C0F880410124F2
:10FED0000B755460C2F80853C2F84035C2F840317F
:10FEE0004FF40033C0F88030BFF34F8FBFF36F8FF4
:10FEF00002F5A042C0F8803154609460D2F8043515
:10FF0000002BFBD188694FF4E024254D2349C2F82A
:10FF10000853C2F84843C2F840311F4CC2F844317C
:10FF2000C2F84831C2F80431C1F800324FF400334E
:10FF3000236060B34FF0004301241A4DC1F8C03173
:10FF4000C0F88030C2F880300523C5F80445C1F8F8
:10FF500040350C60D1F84031002BFBD00122114C10
:10FF60000023C4F8082504F500544A60CA60C1F8AB
:10FF70004031C1F84035C1F8C031C0F88030C4F814
:10FF80008030094B022230BCC3F8042370470123A0
:10FF90001360F6E7381A002100E100E000C00041DC
:10FFA0000200070000F0004100100141014B986180
:10FFB000704700BF381A0021B1F1FF3F08BFB0F110
:10FFC000FF3FF8B500F08280C04C0546D4E902231B
:10FFD0008B4208BFAA4200F04781BD4B0520C3F801
:10FFE00008052378012B00F0E580BA4B4FF440322E
:10FFF0004FF4803725F07F4CC3F84823C3F808231B
:020000040102F7
:100000000022B54EC3F84021C3F84421C3F8087359
:10001000C3F84873C3F84021D3F80425ACEB0202BF
:10002000164022F07F42B2F5000F8CBF0020012065
:10003000002E08BF002000B9F8BDC3F840C5C3F8C2
:1000400044730022A5484FF48057A270C0F8807016
:10005000BFF34F8FBFF36F8FA14B01264FF0FF3CD3
:10006000C0F880715E60C3F808C3C3F84025C3F8C8
:1000700040212275D3F8042522F00302C3F8042599
:10008000D3F8082542F00302C3F80825102292FA9B
:10009000A2F2B2FA82F2092A00F31381C3F8102502
:1000A000DE608C4AC0F8807107608E482670C2F806
:1000B000C001C3F8800004238548C0F804353046E9
:1000C0006370C4E90251C2F84863F8BD814BD3F8AC
:1000D0000011002900F0AC807D4A05217B4CC2F85C
:1000E00008152278012A00F0E2804FF44031002206
:1000F000C3F84813C3F80813C3F84021C3F84421D8
:100100000020764A4FF48051A070C2F88010BFF3EF
:100110004F8FBFF36F8F724D4FF0010C4FF0FF33D5
:10012000C2F88011C5F804C0C5F80833C5F8400509
:10013000C5F84001D5F80435207523F00303C5F850
:100140000435D5F8083543F00303C5F80835102306
:1001500093FAA3F3B3FA83F3092B00F3B280C5F843
:100160001035C5F80CC05B4BC2F8801111604FF020
:100170000042C3F80001C3F88021C5F88020544A2A
:10018000C2F804C5EFF3108772B6D3F80425D3F88C
:100190000411002940D12669002F73D162B6D3F82B
:1001A0000011002972D0C3F80001C5F804C0C5F8D9
:1001B0000CC0E7E7474E4FF400334FF4803C25F086
:1001C0007F4EC6F84833C6F808330023424FC6F8BE
:1001D0004431C6F808C3C6F848C3C6F84031D6F85B
:1001E0000435AEEB030323F07F403B40B0F5000F36
:1001F0008CBF00200120002B08BF002000283FF406
:100200001BAFC6F840E5C6F844C3D6F80435D31A88
:100210003B427FF416AFF8E7226901322261C3F84E
:100220000401D3F80425D3F804110029F4D1B2E76E
:10023000EFF3108572B6D3F80405D3F80421234CEC
:10024000A2B9226905B962B64FF080730325002177
:10025000E2FB03512D18D4E9022341F100018B4246
:1002600008BFAA427FF4B9AE0120F8BD226901326D
:100270002261C3F80411D3F80405D3F80421002A3D
:10028000F4D1DEE7D3F8001100298CD101324FF010
:1002900000034FF080714FF0010043F10003E6FBD3
:1002A00001234FF60271C4E902232180F8BD4FF407
:1002B00000320021C3F84823C3F80823C3F84411CF
:1002C0001EE74FF47371084802F06CFB381A0021E6
:1002D00000F0004100100141FEFFFF0000E100E0DE
:1002E00000C000410200008098570301014BD3E990
:1002F00002017047381A0021004870470080841EB0
:100300006FF07F40704700BF00487047FF7F841E3A
:100310004FF40000704700BF004870470040420F94
:10032000014BD3F8040570470010014138B5EFF3D5
:10033000108572B60E4A0F49D2F80405D2F804317E
:100340005BB100240B6901330B61C2F80441D2F8A0
:100350000405D2F80431002BF4D10C6905B962B65A
:10036000FFF766FC044B0021E4FB030138BD00BF2E
:1003700000100141381A00210080841E30B4EFF3D0
:10038000108572B60E4A0F49D2F80405D2F804312E
:100390005BB100240B6901330B61C2F80441D2F850
:1003A0000405D2F80431002BF4D10A6905B962B60C
:1003B00000214FF0807330BCE2FB0301704700BFA7
:1003C00000100141381A002138B580B3031FDBB299
:1003D000022B4ED8294A1178B9B94FF48031284AF6
:1003E00003F5A8709940C2F80813C2F8481352F8F0
:1003F0002000D2F804452349001B014021B19B0095
:10040000002103F5A073995038BD54788442E4D19B
:100410001D4805240129C0F8084512D000244FF0DA
:10042000FF304FF0FF311470C2E90201D5E7174BDE
:100430004FF48032C3F80823C3F84005C3F84001E5
:1004400038BD13484FF48054C0F88040BFF34F8F3D
:10045000BFF36F8F4FF0FF35C0F880410B48002489
:1004600041601475C0F80853C0F84045C0F84041D9
:10047000D4E740F23E416C2002F09EFA381A002187
:1004800000100141FEFFFF0000F0004100C00041EC
:1004900000E100E010B568B3031F5FFA83FCBCF114
:1004A000020F57D8334B197811B15B7883425BD078
:1004B0004FF480314FEA8C032F4C002001FA0CF1ED
:1004C00003F5A07322F07F42C4F80813C4F8481360
:1004D0001851D4F80405294B101A034020F07F402E
:1004E000B0F5000F8CBF00200120002B08BF0020BA
:1004F00038BB10BD1F4BD3E90201B1F1FF3F08BF6C
:10050000B0F1FF3F15D052B31D4B4FF480310120A5
:100510000024C3F80413C3F840255864D3F84415E5
:10052000C3F844458A42E4D82046FFF74DFF2046F1
:1005300010BD1B7D002BE6D140F2D1316C2002F0C2
:100540003BFA0CF5A87344F82320C4F80413C4F84C
:10055000441310BD40F2F9316C2002F02DFA40F244
:10056000D5316C2002F028FA40F2F5316C2002F00F
:1005700023FA00BF381A002100100141FEFFFF00DE
:1005800000C00041124B1B78012B16D0114B4FF4C9
:1005900040310022C3F84813C3F80813C3F84021C0
:1005A000C3F844210C4B00224FF0FF31C3F808136D
:1005B000C3F84025C3F840217047064B4FF4003282
:1005C0000021C3F84823C3F80823C3F84411E9E71E
:1005D000381A00210010014100C0004120B1154B24
:1005E0000122C3F84423704730B40121114C124B4F
:1005F0004FF48052C4F84813C3F88020BFF34F8FE4
:10060000BFF36F8F4FF0FF34C3F880210B4B4FF0D7
:10061000FF350B4A59601075C3F808434FF0FF349B
:10062000C3F84005C3F840011070C2E9024530BC70
:10063000704700BF0010014100E100E000C0004130
:10064000381A002108B5394BD3F80423D00303D559
:10065000D3F84021002A35D1344BD3F80423910339
:1006600003D5D3F84421002A46D1304BD3F80423D4
:10067000520302D5D3F848215AB92C4BD3F80421A0
:1006800032B12B4A0021C3F80411136901331361FD
:1006900008BDD3F84825D3F804352649D31A1940A4
:1006A00021B123F07F43B3F5000FE6D91F4B0021A2
:1006B0004FF480220620C3F84811C3F8082301F044
:1006C0009DFCDAE7D3F84025D3F80435D31A23F09C
:1006D0007F42B2F5000F03D8164A1A40002ABBD158
:1006E000124B00214FF480320420C3F84011C3F8AC
:1006F000082301F083FCAFE7D3F84425D3F8043591
:10070000D31A23F07F42B2F5000F03D8094A1A40EA
:10071000002AAAD1054B00214FF400320520C3F86E
:100720004411C3F8082301F069FC9EE70010014161
:10073000381A0021FEFFFF0010B5204CA378FF2BD4
:1007400019D0237873B10122022B22751DD11C4BC5
:100750000021C3F808254FF0FF324FF0FF3321701E
:10076000C4E90223174BD3F80423D20302D5D3F8EC
:100770004021AAB910BD134BD3F80433002BF9D094
:100780000720BDE8104001F039BC022360782370D7
:10079000FFF71AFE0B4BD3F80423D203EAD5E6E7A2
:1007A00000204FF48031FF22C3F80813C3F8400142
:1007B000A270BDE8104001F021BC00BF381A002132
:1007C00000F0004100C000412DE9F04F1C4695B0FB
:1007D00004EB440405920EAFCDE90201FFF786FD5C
:1007E0000546E200B2480E46083200EBC404111878
:1007F00004F1080314580A7BD1F8048091F80D9095
:1008000002F1010A069204940FCB87E80F00FFF76C
:1008100077FD2040FFF70CFA8346FFF77DFD01903E
:10082000FFF76AFD0746FFF76FFD83450BEB0A02F2
:1008300000F2A981019B9A4500F3AA81BA4280F295
:10084000F180002A52DB0192FFF766F9B9F1010F3E
:10085000824609D0DFF85CB2DBE902321340013393
:1008600002D1002800F0EF8005EA0607FFF76EF9D5
:10087000AC420790A7F1FF3778EB0603B7FA87F78A
:100880004FEA57172CBF3B4647F00103002B00F0FF
:10089000D680029B0322E31A934221DBDFF814B2D5
:1008A000DBE9023103EA01029C42A2F1FF3278EB5C
:1008B0000100B2FA82F24FEA521202D2002A00F08C
:1008C0002881BAF1000F14D19AB9E31A079A68EB9C
:1008D0000101934271F100030BD2B9F1010F08D06D
:1008E0004FF0000A504615B0BDE8F08FD3190193C0
:1008F000AAE7029BE31A0293039B68EB030AFFF744
:1009000025F9029B0930C21783427AEB020380F07B
:10091000B580059B012B00F08880002F00F0BA8085
:10092000002720464146FFF747FB0028D8D0B8F102
:10093000FF3F08BFB4F1FF3F00F02F812546464638
:10094000FFF7DEFC049B1840FFF772F98246FFF7C1
:10095000E3FC0290FFF7D0FC0390FFF7D5FC019B6E
:100960000299A3EB0A0291420DD8AAEB030C614550
:1009700000F2DB809042C0F0ED80604580F017818E
:10098000039A52449A1AD3170020FFF783FD824638
:100990000028A5D0B9F1010FDBE9022300F0BE80E9
:1009A000002F40F08B80B3F1FF3F08BFB2F1FF3F53
:1009B00000F0E280DBF8183001201860FFF70EFE2F
:1009C000BBF81030002B40F0CB8000238DF8459011
:1009D000394E08AF8DF848304FF0FF32DDF81890EF
:1009E000354608934FF0FF33CDF83C808DF84490A6
:1009F0000E94CDE90A230FCF0FC50FCF0FC597E88F
:100A00000F0085E80F0020464146FFF71FF94B46CF
:100A100001331B18504641F10001C6E9043115B0FD
:100A2000BDE8F08FD31B01930EE7B6F1FF3F08BF7F
:100A3000B5F1FF3F00F0B6800027049580E71F4620
:100A40002B463A4627E7FFF781F8AC42079078EB50
:100A5000060305EA060334BF01270027B3F1FF3F71
:100A600008BF47F0010717B1C21C029B13E79BF8B0
:100A7000107067B902462B4601270CE72046414615
:100A8000FFF79AFAB9F1010718BF01274DE72B4686
:100A9000524600E72A1B66EB0803042A73F10001A3
:100AA00032DA012A73F10003BFF61AAF049547E763
:100AB000F8160021581A0021001A0021B3F1FF3F57
:100AC00008BFB2F1FF3F33D0FFF720F8DBF8183052
:100AD00000224FF0FF304FF0FF31CBE902011A60E6
:100AE00037BBBBF81030002B3AD1B9F1010F7FF4BE
:100AF0006CAF621E4FF0050068F10003FFF7CAFCFF
:100B0000A8B38BF8119060E720464146FFF754FAEE
:100B10000BE740F2BF71702001F04EFFB3F1FF3FD1
:100B200008BFB2F1FF3FDBD0CEE7CCF100022AE7ED
:100B3000079B0520EA1A66F10003FFF7ABFC0028CB
:100B40003FF4CEAE9BF81030002BCED101238BF8B2
:100B50001030CAE71A46039B1A44A2EB0A0212E7B6
:100B60000520FFF731FC0023ABF81030BDE7DBF8C0
:100B70001830C3F8009028E7FEF7C2FFFFF7FEFB2E
:100B8000CBE9020116E74FF48661702001F014FFF3
:100B900040F23141702001F00FFF4FF4FB617020F3
:100BA00001F00AFF40F23B71702001F005FF40F6B2
:100BB000B201702001F000FF2DE9F04F924F83B099
:100BC000BC7C04EB44033B445D78202D48D08F4B24
:100BD000E6B26400002B00F08D808D4BDFF834927C
:100BE000002B63D005EB46124FEA461807EB420A8A
:100BF0009AF81C30013BDBB2052B34D8864A12F838
:100C000003B0BBF1080F2ED0EFF31083019372B63F
:100C10003444AFF300809AF81D203C44019B62707D
:100C2000A278AA4200F0E88013B9AFF3008062B660
:100C3000A84405EB4505594609EBC50259F835307E
:100C400007EB48085068012288F81C209847BC7CB4
:100C500004EB4403E6B23B4464005D78202DC1D12F
:100C600003B0BDE8F08F40F20571702001F0A4FEE2
:100C70004FF02002A270002B00F0BC80A84405EBCE
:100C80004505594609EBC50259F8353007EB4808C8
:100C90005068012288F81C209847BC7C04EB440370
:100CA000E6B23B4464005D78202DD9D005EB4612B6
:100CB0004FEA461807EB420A9AF81C30013BDBB2B8
:100CC000052BD0D8544A12F803B0BBF1080FCAD094
:100CD000EFF31083019372B63444AFF300809AF8B7
:100CE0001D203C44019B6270A2789542C0D0002B2D
:100CF000C4D17FE0464B4FF02009DFF81CB1DFF88C
:100D000014A1002B4DD005EB46124FEA461807EB15
:100D10004202137F013BDBB2052BA4D81BF8031062
:100D20000829A0D0EFF3108372B63444527F3C44BC
:100D30006270A278954208BF84F80290002B50D0D0
:100D4000A84405EB45050AEBC5025AF8353007EB18
:100D500048085068012288F81C209847BC7C04EBA6
:100D60004403E6B23B4464005D78202DCBD177E7A5
:100D700062B6A84405EB45050AEBC5025AF83530C2
:100D800007EB48085068012288F81C209847BC7C73
:100D900004EB4403E6B23B4464005D78202D3FF44D
:100DA0005FAF05EB46124FEA461807EB4202137F8E
:100DB000013BDBB2052B3FF656AF1BF803100829A9
:100DC0003FF451AFEFF3108372B63444527F3C448A
:100DD0006270A278954208BF84F80290002BC8D1B7
:100DE000C6E70191AFF3008062B6A844019905EB14
:100DF0004505A8E762B641E74FF02002A270002B3C
:100E00007FF416AF11E700BF581A00210000000060
:100E100000000000F8160021945503012DE9F04F61
:100E2000DFF82CA1994601EB41034FF0200E85B06D
:100E300093461AF803400391744582F800E000F0ED
:100E400082804A01CDF804900646DFF80881D94631
:100E500011460FE0737B012B02D0437D012B57D04D
:100E60000B1989F80040A6460AEB43035B7F202B51
:100E70005DD01C4604EB440035684FEA440B08EB98
:100E8000C000D0E903238768DB1942F100029D42CC
:100E900073689341DED2DDF804905D46039B89F8C8
:100EA00000E04FEA431B28193768D6E9012308EB15
:100EB000C00013EB070CD0E9023142F10002634598
:100EC00071EB020211D3427D012A02D0727B012A0A
:100ED00003D0012005B0BDE8F08F0193FEF736FE88
:100EE000019B0130DB1B8342F3DA254489F8004083
:100EF000B27B0BEB040308EBC5050AEB4303A97DAA
:100F000091421CD95C7F202C4FEA4405CBD1E0E70D
:100F10000291ED1BFEF71AFE0130029985429FDA1D
:100F20005D46CB46DDF804909BF800E0B6E7DDF8BF
:100F30000490012089F8004005B0BDE8F08F002042
:100F400005B0BDE8F08F012089F80040C2E700BF7E
:100F5000581A0021F81600212DE9F04F0C461546CD
:100F600083B01E469DF83070FEF72EFF22684519AB
:100F7000636846F10006954276EB030342D3DFF83F
:100F80008C8005E05D4576EB09033BD3C4E900B9ED
:100F90000DF107030DF1060239462046FFF73EFF2B
:100FA00088BB9DF80730617B03EB430308EBC30369
:100FB000D3E902A01A691AF1030B40F1000012EB09
:100FC0000B0B40F100090129DCD05B7D012BD9D14D
:100FD000FEF7BCFDABEB0A0301308342D2DA9DF889
:100FE000073003EB430308EBC303D3E902B9FEF771
:100FF000ADFD013010EB0B0B49EBE0795D4576EB75
:101000000903C3D2002003B0BDE8F08FF816002119
:101010002DE9F0471C46177A92F809C0002388B0E2
:10102000154612780646E3609DF84080A7730F4688
:1010300084F80DC0A360E273C4E90033E2B9FEF79F
:1010400005FE80468946FEF725FF002844D018F1AA
:101050002C08D5E9040149F10009404571EB090369
:101060004DD2013E4FF47A7347F1FF372660C4E951
:10107000017308B0BDE8F087FFF73EF904F10C02F8
:10108000013806A9FEF71AFE404B1B78202B64D0CE
:101090003F498B69D1E907210A3342F1000A13EB7A
:1010A00001094AF1000A6B6804AA207B04F10801D7
:1010B0001844C4E9009A0230FEF700FE286932465F
:1010C0003B462146CDF80080FFF746FF08B9C4E94A
:1010D000006708B0BDE8F0872E4BD5E9040118EB96
:1010E000030349F10002984271EB0203B9D218F1EF
:1010F0002C0849F10009404571EB0903B1D3461EA4
:1011000004F10C0303AA41F1FF373046009304AB0E
:101110003946FEF7FFFD686800250DF10B0302302C
:1011200003AA009306AB45F10001801947EB0101CA
:10113000FEF7F0FD0499079A2160DDE905035B1ACB
:101140004FF0FF31606062EB0002994275EB0202E2
:1011500016D3A36008B0BDE8F08716F10A09637BD7
:1011600047F1000A012B9ED0FEF7D6FC00289AD149
:10117000FEF7ECFC10EB090399464AF1000A92E7EE
:1011800040F2EC41702001F017FC00BFF81900217B
:10119000001A00210040420F2DE9F04F01EB4103FE
:1011A0006D4C83B00F4614F803904FEA410801904C
:1011B000B9F1200F22D1694B0BB1AFF30080FFF7DB
:1011C000DDF8E37C202B09D0654B851CD3E9066252
:1011D00041F10003AE4272EB030330D3B9F1200FAB
:1011E00061D0019A4B46FFF7EFFA002800F08180AA
:1011F000022084F8139003B0BDE8F08FFFF7BEF82B
:101200004FF0200ACE46DFF85CB17D0104E0727F2A
:10121000F246202A1ED096460EEB4E0205EB0E0635
:101220002B460BEBC20204EB4606D2E902C2844510
:101230008A41ECD3BAF1200F05D1F145BBD0002093
:1012400003B0BDE8F08F0AEB4713D64604EB430327
:101250005A7F7B0108EB07010425665C6254304627
:101260001A180146844604EB42028E45507F1577DA
:10127000F6D108EB0702224492F802E0BEF1200FFB
:101280005FFA8EF533D01D4404EB45056E7708EB0D
:1012900007020B448646224404EB430382F802C053
:1012A00020225A77C9E7D4E90223B3F1FF3F08BFF0
:1012B000B2F1FF3F0AD0FEF729FC4FF0FF304FF0AC
:1012C000FF31A3690022C4E902011A60238A002BBE
:1012D0003CD10420FFF778F8FFF754F90020FFF71E
:1012E0007DF920230120E37403B0BDE8F08F567030
:1012F000CDE709EB471308EB0702042004EB430397
:10130000A55C5B7FA3547B012A4611469A18894548
:1013100004EB42021077527FF7D108EB0702224418
:101320009678202EF0B20FD0184404EB4000457799
:1013300047440B440020202204EB43033C44A170AB
:101340005A7703B0BDE8F08F5570F1E70520FFF73D
:101350003BF800232382BCE7581A0021000000005C
:10136000001A0021F8160021F8B52022154D00239F
:1013700015494FF0FF364FF0FF37AA7042F22000B8
:10138000EA741C4605F11C022B822880AB740B60AA
:1013900081F82830C1E90267C5E9026702F8143014
:1013A0000134202CFAD1094801F0C4FC084B094A49
:1013B0001C70107001F040FDA861FEF76DFD012367
:1013C0002B75F8BD581A0021001A0021B90B020133
:1013D000F8190021301A00212DE9F04F85B0DFF80F
:1013E0000883FEF7CBFF06460D46FFF7CBF84FF01C
:1013F000FF334FF0FF32C8E9022398F82830D3B901
:10140000D8F82000B94AD8F8183000F5DF61023367
:10141000A2FB0121D8F81C204FEA912142F10002E1
:101420001B1842F100025B1842F100029E4275EB6C
:10143000020380F049814FF0FF304FF0FF31FEF79B
:10144000BBFD002800F06381A94A1378202B039389
:1014500000F05881A74C202313700022E374A37C72
:10146000C8F8002003EB4302A75CDAB25B00202F30
:10147000019202930BD0DFF8809207EB47034FEA0B
:10148000470A09EBC303DA7D012A00F0C780DFF8C1
:101490006C92994EDDE90132D7185D01274497F827
:1014A00000A0BAF1200F1BD0FEF768FF52464FF0A4
:1014B000200E07E0AB18964604EB43035B7F202B1E
:1014C00047D01A4602EB420306EBC303D3E902C33B
:1014D00084458B41EED3BEF1200F34D19245DED14D
:1014E000B9F1000F01D0AFF30080FEF747FFE37CB6
:1014F000202B09D010F1020ED8E9062341F1000C8F
:10150000724573EB0C03CAD3BAF1200F63D0534674
:101510000122FFF759F900283DD084F813A0039B5E
:10152000EB1804EB43031A7F022A00F09880FF2394
:10153000A371DDE9012313441C446378202B7FD180
:1015400005B0BDE8F08F05EB0E03724604EB4303D4
:101550005B7F97F800C04FF0040E3B7060462B187D
:101560000146834604EB43038A42587F83F81CE01C
:10157000F5D1BA78202AD3B24DD02B4404EB4303E3
:1015800083F81DC029442023024687F802B004EBEB
:1015900041014B77A2E705EB0A033878042104EBFD
:1015A00043035B7F3B7003461A46EB18924504EBFE
:1015B000430319775B7FF7D1B9782029CBB246D0A6
:1015C0002B4404EB43035877BA702A44202304EBDE
:1015D0004202537763E7D4E90223B3F1FF3F08BF28
:1015E000B2F1FF3F0AD0FEF791FAA36900224FF053
:1015F000FF304FF0FF31C4E902011A60238A43BB78
:101600000420FEF7E1FEFEF7BDFF0020FEF7E6FF37
:101610002023E37483E787F801C0B3E75B7D012BE8
:1016200041D1033645F100050AEB070309EBC3037B
:10163000D3E90202B042AA4128BFC3E9026526E706
:101640002F4B187805B0BDE8F04F01F09FBB7870C4
:10165000BAE70520FEF7B8FE00232382D0E70399FE
:10166000254A01EB410102EBC102527D022A28D03A
:10167000DDE901120A4406212244197791782029D4
:10168000CBB21AD0039A2B44114604EB43035A778A
:101690006B18DDE9010204EB43030244224491701C
:1016A00020225A7743E7FEF737FA0028B9D1FEF730
:1016B0004DFA861945F10005B6E7039B19465370AC
:1016C000E6E701221A7732E7094B18210A4A1B780C
:1016D00001FB03F30721D018D3584068984740F224
:1016E000B721702001F068F9001A00219300DC9204
:1016F000F8190021581A0021F816002100000000F6
:10170000301A002140F2C221702001F055F940F258
:10171000BF21702001F050F938B505460C46FEF7A0
:1017200027FA002822DB14498B7C01F11C0C5FFA9C
:1017300083FE0CEB831C002302E00133202B13D02B
:101740001CF81320D8B2002AF7D103EB4E1E0B4A27
:1017500003EB430301EB4E0142F8335002EBC303AA
:1017600001225C600A7738BD184638BD4FF44671D7
:10177000702001F021F900BF581A0021F81600214D
:101780001F28034608D80A498A7C00EB421201EB65
:101790004202107F012801D00020704791F812C04A
:1017A000002203EB4C1301EB43031A77704700BF91
:1017B000581A0021014BD3E904017047001A002197
:1017C000014BD3F84005704700C000410378002B5F
:1017D00040F0CF806C4A5368C3F308032DE9F04F03
:1017E000814689B0002B40F0B480684D684E05F109
:1017F0001C0ADFF8A0B126B1002140F25D40AFF332
:101800000080AF7CFFB24FF00003AB7126B1002126
:1018100040F26240AFF3008007F101080AEB871C39
:1018200008F00108BCE80F000AEB88140FC4BCE8FC
:101830000F000FC4BCE80F000FC49CE80F0084E841
:101840000F0026B100214FF47B70AFF3008007EB4F
:10185000470708EB4803E95BEA199278E9522B4401
:101860009A7056B100214FF47C70AFF3008026B11E
:10187000002140F26740AFF30080FEF77FFD04AB2C
:101880004A46CDF8008004460F46FFF7C1FB26B15B
:10189000002140F26E40AFF300803F4B1B78202BBD
:1018A0003FD0DBF81830DBF81C200A33DBF82010BF
:1018B00042F100025B1842F10002CDF80080DDE940
:1018C0000401984271EB020C22D322463B4604A944
:1018D0003248FFF741FB98B1DDE90401FEF7B6F9A4
:1018E0009DF81C3001331B1841F10001C9F810307C
:1018F000C9F8141026B1002140F28140AFF30080F6
:10190000AB79002B7FF477AF012009B0BDE8F08FF1
:10191000CDE9043204A922463B462048FFF71CFBD0
:10192000DAE714F10A039DF81D1047F100020129BE
:10193000C3D0CDE90232FEF7EFF8DDE9023200282C
:10194000BBD1FEF703F9029B039AC31842F10002D0
:10195000B3E7103B59B200290DDB114B585C40092D
:101960000028D2D0094D0A4E05F11C0ADFF824B038
:1019700041E70020704703F00F03043B1344187E37
:1019800040090028EED1C0E700ED00E0581A002120
:1019900000000000001A0021F81900210040420F49
:1019A00000E400E0B34A53682DE9F04FC3F30803A5
:1019B0008FB083460491002B40F03A8108230393B3
:1019C000049B1B78012B00F20282AB4D25B1002154
:1019D00040F25D50AFF3008000230127A74C06932F
:1019E00025B1002140F26A50AFF3008027B9A44B23
:1019F0000BB1AFF3008062B694F812905FFA89F9E8
:101A00004FF00003A371039B002B40F0A180C84658
:101A100025B1002140F27E50AFF30080FEF7AEFC0E
:101A20000AAB049A0646CDF800900F46FFF7F0FA8D
:101A300025B1002140F28650AFF300800BEB481A2D
:101A400004EB4A034FEA481A05931B7F013B012B25
:101A50007CD80236DDE90A2347F10007B242BB41D8
:101A6000C0F0C6800DF127030DF1260249460AA8F1
:101A7000FFF7D4F90646002800F0BA809DF826C08A
:101A80009DF82770BC4540F00981BCF1200F00F0A3
:101A90005B810AEB0C03059A04EB43035B7F5377EE
:101AA0000AEB0C0304EB430383F81DB000230693F9
:101AB0000AEB0B03032204EB43031A7725B1002141
:101AC00040F28B50AFF30080EFF31088474672B6B8
:101AD0006C4B0BB1AFF30080A379002B80D10BEBE3
:101AE0004B03694F07EBC3070AAB08370FCB87E8F7
:101AF0000F008EB1039B002B00F0B580069B23B135
:101B0000624B1B78202B00F03281A37CDB4303F077
:101B10000103A374FF23A371B8F1000F04D1584B44
:101B20000BB1AFF3008062B625B1002140F2C25084
:101B3000AFF30080002E49D125B1002140F2CE50F4
:101B4000AFF3008030460FB0BDE8F08F0026B5E758
:101B50004F4B09F1010603EB891E06F0010603EB6A
:101B6000861CB046BEE80F00ACE80F00BEE80F00D0
:101B7000ACE80F00BEE80F00ACE80F009EE80F00D5
:101B80008CE80F0025B100214FF47B70AFF300808B
:101B900009EB490906EB460334F8091004EB090286
:101BA0009278E15223449A7055B100214FF47C7031
:101BB000AFF3008025B1002140F27450AFF30080F4
:101BC000A379002B7FF40CAFB14621E7A37C03EB94
:101BD00043031C446378202BAED025B1002140F292
:101BE000C950AFF300802B4B187801F0CFF8A3E772
:101BF00008EB4803042205994FEA480023440A777A
:101C000099782029CAB200F09C80524404EB420229
:101C100082F81DB040440AEB0B032022012604EB9E
:101C20004303204480F802B05A770023069345E727
:101C3000103B59B200297CDB174B5B5C5B090393BB
:101C4000002B7FF4BDAE114B1B78202B00F0C4801D
:101C5000049B1B780393002B3FF4B7AE40F2565120
:101C6000702000F0A9FEFF23A371B8F1000F7FF4EC
:101C70005BAF54E700ED00E000000000581A0021BF
:101C80000000000000000000F8160021F8190021F3
:101C9000741A0021301A002100E400E0202F00F027
:101CA000A0800AEB0703BCF1200F04EB43035A7F2B
:101CB00055D00AEB0C034FEA480004EB4303597F6D
:101CC0005A7705914FF0050ECDF81C800AEB010301
:101CD0000A4604EB43039742597F83F81CE0F5D191
:101CE000DDF81C80069200EB0803234493F802E021
:101CF000BEF1200F5FFA8EF72ED05744059B04EB00
:101D000047077B7700EB0803069F5244234404EB0C
:101D100042029F7020270AEB0B03BC45577704EB68
:101D2000430359777FF4BCAE4044069604F800B0F4
:101D3000BEE603F00F03043B13441B7E5B090393D1
:101D40007EE783F801B065E708EB4803059A4FEAA0
:101D50004800E35C5377E7E7059F5F70D2E708EB45
:101D600048034FEA4800E15CE2540591AAE749467E
:101D70000220FFF711FA00287FF4C7AEA37C0420ED
:101D800003EB43010BEB43122144DFB204EB4202AD
:101D90008E7810775A01202E4FEA4303F0B213D009
:101DA000111804EB410181F81DB03B445A44069ED2
:101DB000234404EB420283F802B020235377B8F1A6
:101DC000000F7FF4B1AEAAE681F801B0EDE740F272
:101DD0005A51702000F0F0FD40F25351702000F095
:101DE000EBFD4FF4EC71702000F0E6FD2DE9F84FAB
:101DF0007C4C4FF0010ADFF8F0810546B8F1000F86
:101E000004D000214FF4BC60AFF30080BAF1000FA2
:101E100004D1764B0BB1AFF3008062B64FF00003F4
:101E2000A371B8F1000F04D0002140F2E550AFF3E8
:101E30000080A67C6E4B771C5FFA86F903EB861652
:101E400007F0010703EB871C0FCEACE80F000FCEA5
:101E5000ACE80F000FCEACE80F0096E80F008CE85E
:101E60000F00B8F1000F04D000214FF47B70AFF3E6
:101E7000008009EB490307EB4702E15AE0184FEAFB
:101E800047098378A15222449370B8F1000F04D01F
:101E900000214FF47C70AFF30080A37903F0FF01C1
:101EA000002B7ED1B8F1000F03D040F2EF50AFF31A
:101EB000008005EB47137E0104EB43031B7F032BDC
:101EC00040F08D8009EB070314F803B05D4518BF9F
:101ED000BBF1200F14BF012200226CD05B46F21828
:101EE000194604EB42035B7F9D4218BF202B14BFB1
:101EF00001220022F3D1202B69D09B455FD03344CF
:101F0000314404EB430304EB41015B7F4B77B8F1B1
:101F1000000F0CD0002140F25E30AFF30080B8F12A
:101F2000000F04D0002140F2F450AFF300802E44A3
:101F3000012304EB46063377B8F1000F04D00021EB
:101F400040F2FD50AFF30080EFF3108A72B6294BD8
:101F50000BB1AFF30080A379002B7FF44FAF5D4549
:101F600003D1254B1B78202B33D0A37CDB4303F01C
:101F70000103A374FF23A3714FF00109BAF1000F0D
:101F800004D11A4B0BB1AFF3008062B6B8F1000F69
:101F900004D0002140F21F60AFF300804846BDE846
:101FA000F88FB8F1000F3FF431AF002140F2EB5051
:101FB000AFF3008022E7BBF1200F08D05B4633442B
:101FC000B94404EB43035B7F04F809309FE7914673
:101FD000D4E739460220FFF7DFF80028C5D14FF0DB
:101FE0000009CBE7581A00210000000000000000A3
:101FF000741A002100000000F81900210528F0B52E
:1020000087B004D007284ED008B307B0F0BD634CAA
:10201000237C002B56D0D4E90223B3F1FF3F08BF45
:10202000B2F1FF3F00F0A4800120FEF7D7FA5C4B2D
:1020300000210520D3E906232174013A63F100034E
:10204000FEF728FA002862D001236374DDE7534CC1
:10205000D4E90223B3F1FF3F08BFB2F1FF3F4FD0F5
:10206000A36901204F4E1860FEF7B8FA3378202B91
:102070002FD04B4D95F82520012A05D0FDF74CFDBA
:102080000346002855D03378474A03EB4303002129
:1020900002EBC30052F8333084F89C10406807B05C
:1020A000BDE8F04018473F4B04213F4A1B7803EB43
:1020B000430302EBC30052F83330406807B0BDE879
:1020C000F0401847627C32B3A26901216374116049
:1020D0009BE7A37C03EB4301DAB2635C202B58D06F
:1020E00003EB421204EB4202507F6054FF21A171C6
:1020F00002212B4D33701177002285F82820B9E793
:10210000FDF7FEFCFEF73AF9C4E90201A8E7A3696E
:1021100001221A6079E7234B4FF0FF36204C4FF035
:10212000FF371B780146204A03EB4303C4E90267EB
:10213000BFE794F89C200132D2B2312A84F89C2067
:1021400022D84FF47A7230786946CDE90032CDE971
:102150000233CDE90433FFF725FC80B195F8284020
:10216000012385F82830FFF737F985F828404CE738
:10217000FDF7C6FCFEF702F9C4E9020154E740F29C
:102180004961702000F018FC40F24561702000F0B9
:1021900013FC4FF41371702000F00EFC581A00214C
:1021A000001A0021F8190021F81600211B4B10B568
:1021B0001B7886B0202B26D0194CD4E90223B3F12A
:1021C000FF3F08BFB2F1FF3F22D10DF10B02D4E96E
:1021D0000431009203AAC01804AB41F10001FDF7DD
:1021E00099FD9DF80B2005200F2ADDE9041394BF0B
:1021F00000220122521843F10003A260E360FEF7BF
:1022000049F906B010BD40F66C01702000F0D4FB17
:1022100040F66D01702000F0CFFB00BFF8190021DF
:10222000001A0021FEF77CB8F8B52F4B93F800E0B8
:10223000BEF1200F53D02D4DAB7C95F812C003EBAF
:1022400043035FFA8CFCEB5C202B26D04FEA4C1C3E
:10225000274C05E0634405EB43035B7F202B1CD038
:1022600003EB430204EBC202917D8142F2D80EEBF4
:102270004E0E002504EBCE04A16823695B18E168CB
:10228000D2E9024041F10001DE1C41F10002B442FA
:1022900070EB020204D20020F8BD4FF0FF30F8BD11
:1022A0006FF00202D31A4FF0FF3262EB01011C19EA
:1022B000104B40EB01061F68FEF72AF8A04275EBB1
:1022C000060308D32046FDF7B3FC07F14003834221
:1022D000E1D8C01BF8BDBDE8F840FEF71DB840F6D8
:1022E000C201702000F068FBF8190021581A002183
:1022F000F8160021001A0021954B2DE9F04F1D78AA
:1023000087B0202D019000F01E81DFF8489206462C
:10231000DFF844828B4699F812300DF11302D8F899
:10232000000005A903EB4303304419F80340D8F833
:1023300018300393D8F820300293FDF7BFFC3F2EEE
:1023400003D8012007B0BDE8F08F05EB4505DFF8A5
:102350000CA20AEBC502059D9368D2E903670093BE
:10236000FDF7DAFF019B9842009BEAD3EB18D8F8FF
:10237000185046F10006DF19D8F81C3046F1000667
:102380007D1B66EB0306FDF7C3FF0023A842B341A4
:10239000D7D3D8F81850202C99F81220A7EB0500B5
:1023A000D8F81C30D2B288F826B0C8F8200000F067
:1023B000BD805201DE462021934604EB440C4019B7
:1023C0004FEA44060AEBCC0C43F10003DCE902724D
:1023D000874272EB030343D39CF81530012B03D0E3
:1023E00098F82530012B31D005200091FDF7ECFF46
:1023F000009999F812004FF0FF324FF0FF33202977
:10240000C0B2C8E9022340F08F8000EB40002024D6
:1024100019F800304E4A99F81210127802EB411266
:1024200009EB42025377D8F80030019A1344C8F8F8
:102430000030FF2389F80630202C31D0484B187823
:1024400000F0A4FC002007B0BDE8F08F00917D1BD8
:10245000FDF77CFB013000998542C5DA98F826E04B
:1024600026440AEBC606B37D73450DD90BEB040376
:1024700009EB43035B7F202B16D02146D8F82000C0
:102480001C46D8E9065398E7DDE9023202209B1882
:10249000D8F818209B1AC8F8203007B0BDE8F08F94
:1024A000002007B0BDE8F08F0520FDF78DFF99F8FB
:1024B00012004FF0FF324FF0FF33C0B2C8E90223E1
:1024C00004EB40134FF0050C00EB400209EB430313
:1024D00019F802A046005B7F410109F8023053461B
:1024E000CF181A461D4609EB470794427B7F87F8B1
:1024F0001CC0F5D137184F4497F802E0BEF1200F09
:102500005FFA8EFC0DD08C4409EB4C0C8CF81DA0AE
:102510000A443044202109EB420248445177857037
:1025200078E787F801A0F3E70C46C9E70520FDF737
:102530004BFF4FF0FF324FF0FF3399F81200C8E91C
:102540000223C0B261E740F6F201702000F034FAD5
:10255000F8190021581A0021001A0021F81600214C
:10256000301A00212DE9F84F954CA37C00EB431362
:1025700004EB43031B7F002B00F01D81A67C054666
:10258000904FF6B227B1002140F63110AFF3008032
:102590004FEA461805EB461604EB4606002F40F0BE
:1025A000AE8008EB050604EB4606337F012B09D00D
:1025B0001A1F022A00F29C8008EB0503012204EB9B
:1025C00043031A774FF0010ADFF8FC9127B100218D
:1025D00040F64810AFF30080BAF1000F04D17B4BF6
:1025E0000BB1AFF3008062B64FF00003A37127B1C7
:1025F000002140F64D10AFF3008094F812C00CF1AA
:1026000001065FFA8CF809EB8C1C06F00106BCE8A9
:102610000F0009EB861EAEE80F00BCE80F00AEE825
:102620000F00BCE80F00AEE80F009CE80F008EE83A
:102630000F0027B100214FF47B70AFF3008008EB4F
:10264000480806EB460334F8081004EB08024FEA8A
:10265000460B9278E15223449A7027B100214FF43F
:102660007C70AFF30080A37903F0FF01002B5AD1F7
:102670001FB140F65710AFF300800BEB0603234465
:102680005878202810D0854200F08680804671015D
:102690004246C2468B1804EB430393F81D80454520
:1026A0004AD0B8F1200FF3D127B1002140F65B10DA
:1026B000AFF30080EFF31088C24672B6444B0BB103
:1026C000AFF30080A379002B80D1A674FF23A37100
:1026D000B8F1000F04D13D4B0BB1AFF3008062B6EF
:1026E00027B1002140F66D10AFF30080BDE8F88FF0
:1026F00009F0E8F8337F012B7FF45AAF62E7337FAC
:10270000012B3FF45FAF1A1F022A36D9002140F691
:102710003D10AFF3008009F0D5F8002140F64110DC
:10272000AFF300803AE7002F3FF456AF002140F6A8
:102730005310AFF3008049E7B8F1200FB4D0404503
:1027400030D00A44414404EB410104EB42024B7F88
:10275000537727B1002140F25630AFF300800BEBE6
:10276000060323449B7898450AD0002FA2D000216D
:1027700040F25E30AFF3008096E701233377CCE779
:1027800027B1002140F25930AFF300800BEB060374
:10279000234483F802A0E8E7202885D080464FF044
:1027A000200A710141440BEB060304EB4101234471
:1027B0004A7F5A70CDE740F62811702000F0FCF8EF
:1027C000581A002100000000741A002100000000C7
:1027D00000000000F0B587B073BB054610460E46FA
:1027E000FDF726FA0DF10B0204AB314604460092C8
:1027F000284603AAFDF78EFA039FFDF78DFD0546D7
:10280000FDF77AFD0646FDF77FFDE31B9D4208D8E4
:102810003A1B95420BD898420BD3904211D2B8196B
:10282000231A0C9AA2F10F00C01A07B0F0BD534250
:10283000F7E7A019C31BF4E740F67311702000F00E
:10284000BBF840F6B201702000F0B6F8BFF34F8F2E
:102850000549064BCA6802F4E0621343CB60BFF33C
:102860004F8F00BFFDE700BF00ED00E00400FA0558
:10287000094B01225A604FF0FF32C3F808234FF48E
:102880000052064BC3F88020BFF34F8FBFF36F8F0A
:10289000C3F88021704700BF00D0004100E100E094
:1028A000094B01225A604FF0FF32C3F808234FF45E
:1028B0008032064BC3F88020BFF34F8FBFF36F8F7A
:1028C000C3F88021704700BF0000014100E100E033
:1028D00010B5134900230122124CC1F8FC3FC1F886
:1028E000FC2FDA00013302F1FF7202F58032D2F8D8
:1028F00000032040884202BFD2F80003D2F804232C
:102900000260202BEDD1084B4FF48072C3F8802079
:10291000BFF34F8FBFF36F8FC3F8802110BD00BF8F
:102920000080004100F0FFFF00E100E0F8B51B4E21
:1029300005460C461746337863BB00F06BFA08F087
:102940004CFF77603472FFF7C3FF1548FFF7A8FF0D
:10295000FFF78EFF002D18BF2846FDF70FF905463B
:10296000B0B9FEF701FDFDF7FBF808F046FF002CBB
:102970000CDB04F01F0264090123A400934004F15E
:10298000604404F56144C4F880312360012333704E
:102990002846F8BD4FF0FF35FAE700BFF81A0021CE
:1029A0009A55030108B572B6024B5B6803B19847AC
:1029B000FFF74CFFF81A00211FB572B6134B5D6884
:1029C0008DB9FFF743FFB4FBF6F4D3B20132002C0C
:1029D000F9D103F110026A4402F80C4C0A2233B90F
:1029E00001A8A847EDE7044600220A26EDE7013BCF
:1029F000DBB203F110040DEB0406B0FBF2F402FBB2
:102A00001400303006F80C0C2046E8E7F81A0021D4
:102A1000074B93F90830002B09DB5A09012103F019
:102A20001F03403201FA03F3024941F82230704794
:102A3000F81A002100E100E0014B1878704700BF50
:102A4000F81A00212DE9F84FDFF8C4A00126314C17
:102A50000746314DDFF8C4909AF800805FFA88F895
:102A6000FF238AF80030B8F1000F01D08AF8013056
:102A7000EFF3108272B600236660C4F80031C4F828
:102A80000431C4F8047526603AB962B605E0D4F89A
:102A9000043133B92B69DB0620D4D4F80031002B84
:102AA000F5D0D4F80431002BE2D1B8F1000F13D1E6
:102AB0009AF80130DBB28AF8018003214FF400520A
:102AC000C4F80813C4F80481C4F80081C9F880214F
:102AD0008AF80080002BBFD1BDE8F88F4FF4005377
:102AE000C9F88031EFF3108B72B60323C4F80433B6
:102AF000D4F8003113B9D4F804311BB1BBF1000F85
:102B0000CBD1C2E708F0DEFEBBF1000FC5D1BCE7B8
:102B1000041B002100D0004100ED00E000E100E0D6
:102B200070B51546DA078CB01C4686468C4640F1D7
:102B3000A280C37B6E4642788DF80030837B8DF88F
:102B40000E208DF80130437B8DF80230037B8DF829
:102B50000330C37A8DF80430837A8DF80530437AD8
:102B60008DF80630037A8DF80730C3798DF8083078
:102B700083798DF8093043798DF80A3003798DF81F
:102B80000B30C3788DF80C3083788DF80D300378D6
:102B90008DF80F30CB7B4A788DF810308B7B8DF819
:102BA0001E208DF811304B7B8DF812300B7B8DF889
:102BB0001330CB7A8DF814308B7A8DF815304B7A30
:102BC0008DF816300B7A8DF81730CB798DF81830D8
:102BD0008B798DF819304B798DF81A300B798DF887
:102BE0001B30CB788DF81C308B788DF81D300B782E
:102BF0008DF81F303046FFF725FFA30731D59DF82C
:102C00002F009DF82E109DF82D209DF82C30287057
:102C100069709DF82B009DF82A10AA70EB709DF842
:102C200029209DF82830287169719DF827009DF8AA
:102C30002610AA71EB719DF825209DF8243028728A
:102C400069729DF823009DF82210AA72EB729DF81C
:102C500021209DF8203028736973AA73EB730CB0A0
:102C600070BD0DF1200CBCE80F0028606960AA60FF
:102C7000EB600CB070BD6E46DEF80410DEF8082084
:102C8000DEF80C30B6460068AEE80F00DCF8000055
:102C9000DCF80410DCF80820DCF80C30AEE80F009B
:102CA000A8E700BF10B5002482B0CDE90044FFF7CB
:102CB00037FF02B010BD00BF1B4B4FF4803270B520
:102CC000C3F88020BFF34F8FBFF36F8F174D0021E4
:102CD000174CC5F80011C3F880212669236906F056
:102CE000100643F0100323610123C5F804332B6061
:102CF000D5F80031A3B11EB9236923F01003236175
:102D00000A4B0122D3F808055A60C3F808230022B1
:102D1000C3F800214FF48032034BC3F8802170BD0B
:102D200008F0D0FDE4E700BF00E100E00000014151
:102D300000ED00E002460C49052038B50138C0B26C
:102D4000FF2803D140216920FFF736FE01EBC003C5
:102D50001D7905F0FF04002DF0D141F8302001224B
:102D60005C719C711A7138BD081B0021042808B5DC
:102D700003D947216920FFF71FFE034B03EBC00077
:102D80000023037108BD00BF081B0021042808B5FB
:102D900003D950216920FFF70FFE094B03EBC00058
:102DA0000379012B01D05121F4E743798279013372
:102DB000DBB29A4218BF4371BDE80840FFF728BE56
:102DC000081B002170B50625114C0026013D15F0A9
:102DD000FF0500D170BD94F8281004EBC1031A79E7
:102DE000012A09D158799A79904205D05A79D2B2FC
:102DF0009A7154F83130984794F828300133DBB297
:102E0000042B94BF84F8283084F82860DEE700BFE4
:102E1000081B0021024BD3F83021024B1A60704787
:102E20000000FF01341B0021024B1868C31F5842E9
:102E300058417047341B0021004870470007084183
:102E4000914270B53BD2B2FA82F33BB1C3F1200498
:102E500099409A4020FA04F498402143160C1FFA36
:102E600082FE030C85B2B1FBF6FC06FB1C142404A5
:102E700004EB10400CFB0EF4844206D9201A904259
:102E80008CBF02200120ACEB000C03EB01410CFBDA
:102E900012114FEA0C4CB1FBF6F006FB101100FBCF
:102EA0000EFE05EB01418E4506D9AEEB010E9645AF
:102EB0008CBF02220122801A40EA0C0070BD7321EF
:102EC0009620FFF779FD00BF70B5044616461D46F3
:102ED000FFF7B6FF049B00FB164428601C6070BD22
:102EE00008B50B1E0EDB002A04DBFFF7A9FF002844
:102EF00012DB08BD5242FFF7A3FFB0F1004F0BD821
:102F0000404208BD404263EB4301002AF3DA5242DB
:102F1000FFF796FF0028ECDA99219620FFF74CFD89
:102F20002DE9F8431C4652EA040348D007461546EB
:102F30000E4694B3B4FA84F9B9F11F0F43DC4FF095
:102F4000010808FA09F220FA08F0A2FB05C340EADA
:102F5000C17021FA08F102FB0432FFF771FFC9F1D9
:102F60001F030021D84028D0431E8C46804661EBC9
:102F70000101184605FB01F203FB0422A5FB033EF9
:102F8000FB1A72441F4666EB0206AF4276EB04035F
:102F900011D340466146BDE8F883914208D32146EB
:102FA0003046FFF74DFF04462A46384604FB1561BC
:102FB000FFF746FF2146BDE8F8838446E5E7AC21EC
:102FC0009620FFF7F9FCC9219620FFF7F5FC00BF1A
:102FD0002DE9F84F9A4652EA0A03DDE90A8774D0D0
:102FE000814614460E46BAF1000F3ED0BAFA8AFB6B
:102FF000BBF11F0F6DDC012505FA0BF3E840A3FBC5
:1030000002C240EAC170E94003FB0A22FFF718FF41
:10301000CBF11F030021D84052D0431E8E46844678
:1030200061EB0101184604FB01F203FB0A22A4FB39
:1030300003351544B9EB030366EB0502A34272EBBB
:103040000A051DD304FB0EF2714660460CFB0A23F1
:10305000A4FB0C421A44B9EB040366EB0202C8E974
:103060000001C7E90032BDE8F88F91420ED2FFF7A8
:10307000E7FEA4FB00425146B9EB040366EB0202F3
:10308000C8E90001C7E90032BDE8F88F5146304673
:10309000FFF7D6FE8246224648460AFB04F5711B1E
:1030A000FFF7CEFEA4FB00425146B9EB04032A44CD
:1030B00066EB0202C8E90001C7E90032BDE8F88FFB
:1030C000AC464B4632468646B8E7AC219620FFF721
:1030D00073FCC9219620FFF76FFC00BF92B1013A43
:1030E00017D0034600EB020C10B501E09C450BD055
:1030F0008E461C4611F8012B13F8010B9042F5D0B7
:10310000801A10BD1046704760789EF80120801A22
:1031100010BD00780A78801A704700BF10B5441AB5
:1031200094422BD34AB34B1CC31A022B31D9531EE2
:10313000072B2ED922F003048C4686460C445CF8FB
:10314000043BA4454EF8043BF9D122F0030302F0FE
:1031500003049A4200EB030C01EB030E0DD0CA5C92
:10316000012CC25409D09EF80130022C8CF8013099
:1031700003D09EF802308CF8023010BD002AFCD03B
:103180008B18024413F801CD8B4202F801CDF9D11E
:1031900010BD4B1E0244014613F8014F01F8014BCC
:1031A0009142F9D110BD00BF2DE9F04184075FFACB
:1031B00081FE5FD0002A59D0034601E0002A55D095
:1031C00003F801EB990702F1FF32F7D14EEA0E2422
:1031D000032A44EA04443ED9151FC3F38001AE0814
:1031E000172D06F1010647D99846002940D048F826
:1031F000044B771A03EB810C79080CEBC101CCE985
:1032000000440CF1080C6145F9D127F0010C08EBE2
:103210008C016745CCEB8C7805EB880517D02F1F08
:103220000C60032F13D9A5F108074C60032F0ED9AA
:10323000A5F10C078C60032F09D9A5F11007CC600C
:10324000032F04D9143D0C61032D88BF4C6102F09B
:10325000030203EB86034AB1013A83F800E005D08C
:10326000012A83F801E018BF83F802E0BDE8F0818D
:103270001546BEE70346A9E719461546CFE700BF46
:10328000094B0A4AC3F880210132C3F88421013274
:10329000C3F88C210132C3F890210132C3F8EC212C
:1032A0000132C3F890207047008000410400008084
:1032B000074B0022C3F88021C3F88421C3F88C2176
:1032C000C3F89021C3F8EC21C3F89020704700BFE9
:1032D00000800041844641EA000313F0030359D102
:1032E000403A33D32DE9F000F0C9F0C0F0C9F0C086
:1032F000F0C9F0C0F0C9F0C0403AF5D2F0BC25E00A
:10330000403A23D30B6803604B6843608B6883604B
:10331000CB68C3600B6903614B6943618B6983614F
:10332000CB69C3610B6A03624B6A43628B6A836237
:10333000CB6AC3620B6B03634B6B43638B6B83631F
:10334000CB6BC36340304031403ADBD230320BD3D9
:103350000B6803604B6843608B688360CB68C36015
:1033600010301031103AF3D20C3205D351F8043B2F
:1033700040F8043B043AF9D2043208D0D2071CBF0B
:1033800011F8013B00F8013B01D30B880380604634
:10339000704700BF082A13D38B07B1D010F0030386
:1033A000AED0C3F10403D21ADB071CBF11F8013BF6
:1033B00000F8013BA4D331F8023B20F8023B9FE721
:1033C000043AD9D3013A11F8013B00F8013BF9D294
:1033D0000B7803704B7843708B788370604670472E
:1033E000014B1B681B681847F8070021014B1B683D
:1033F0005B681847F8070021014B1B689B6818475A
:10340000F8070021014B1B681B691847F8070021CA
:1034100038B505460C46DDF71FFF30B13E2D04D10F
:103420002046BDE83840DDF757BF38BD1FB501461F
:1034300001A800F006F801A804F0F9FB05B05DF85A
:1034400004FB0B880022C3F30B0383804B8842727A
:10345000C3804B78C3F30113012B02D0022B18BF9A
:10346000134604310372016070478B88043010B535
:1034700000F8043C0C4610F8033C03F0F00300F89D
:10348000033C8A88C2F30322134300F8033C03F091
:10349000CF03CA8800F8022CCA8800F8033C120A3D
:1034A00000F8012C0A7A120102F03002134303F0F3
:1034B0003F0300F8033C4A7A43EA821300F8033CD6
:1034C0000968814205D0E288FB2A28BFFB22FFF76A
:1034D00001FFE0880430C0B210BD8B880A4604307A
:1034E00010B400F8043C10F8033C03F0F00300F8BB
:1034F000033C8988C1F303210B4300F8033C03F02C
:10350000CF03D18800F8021C10F8011C01F0C001A3
:1035100000F8011CD48800F8033CC4F305242143BF
:1035200000F8011C01F03F01147A240104F030047A
:10353000234303F0BF0300F8033C547A00F8011C56
:1035400043EA841303F07F0300F8033C11688142CF
:1035500003D0D28810BCFFF7BDBE10BC7047FBF78C
:103560004BBD08B510B1FFF761FF10B96FF0150042
:1035700008BD0020FCE708B5B0B1FFF7F0FF122846
:103580000BD8102810D8022811D00C280FD00028F2
:1035900014BF6FF00D00002008BD462814BF6FF067
:1035A0000D006FF02200F7E76FF01500F4E74FF021
:1035B000FF30F1E710B50C4648B141B1DDF72EFB05
:1035C0000028207014BF00206FF0220010BD6FF0A3
:1035D0001500FBE708B5DDF75DFE002008BD01F032
:1035E0000CBBEBF7C7BFEBF7E3BFEBF7F5BF08B5D5
:1035F000DDF762FE002008BD02F0C3B902F0E5B9B4
:1036000002F095BC02F09EBC0346022200201A7014
:10361000032258709A70FC22D8705A716FF0210200
:1036200018719A714122DA716FF014021A726FF0F8
:103630005D025A726FF02E029A724222DA7270475D
:1036400001F03BBB38B50446F9F748FC01281BD113
:10365000601CF9F74BFCB8B1A3790020E51D63F0BD
:103660003F03A371EEF798FE40B1102200212846D7
:10367000FFF79AFD01230020237038BD2846F9F793
:103680004DFC0028F1D0F5E70023F4E710B504461F
:1036900010220021FFF788FD04F110031022002101
:1036A0001846FFF781FDF9F757FC0020EEF774FE8E
:1036B00020B12046F9F732FC002010BDF9F70EFCCE
:1036C0000028F6D0F8E710B50446FFF7F5FAB0F594
:1036D000007F09DA10F5007F08DD031EB8BF033351
:1036E0009B100020237010BD7F23FAE76FF07E034C
:1036F000F7E71FB5002341F64B524178CDF80A3069
:10370000D0F80230934295BF4FF47A7240F2E24211
:10371000B3FBF2F3B3FBF2F398BF03F55063027807
:103720009BB242EA0122ADF80230ADF80020ADF8BC
:103730000430C279837943EA0223ADF80630427A35
:10374000037A684643EA0223ADF8083001F0CCFB67
:1037500005B05DF804FB02F0BDB90078003818BF71
:10376000012001F0A6BBEDF7D1B8EDF717B98178CC
:10377000008802F07AB902F096B9EDF7CFB837B504
:1037800005460C4600880DF1060101F09CFB2B88D4
:103790002380BDF80630638003B030BDEDF7C6B8B6
:1037A00002F0FEBD0068F8F771BBEDF7CBB800681A
:1037B000E7F752BF006808B5E8F79EF9002008BD9A
:1037C000EDF7DEB802F08CBF0078003818BF01209A
:1037D00001F074BB01F0FBB901F064BA08B5DDF784
:1037E00073FD002008BDEBF74FBF01F078BAECF78E
:1037F000BDBD01F043BA02F044B801F029BE02F0A9
:1038000073B8ECF747B901F03ABBECF767BBECF7DC
:1038100007BC01F023B901F028B901F071B901F03A
:103820008DB901F061BB01F0C9BB01F066BA01F0CE
:103830001BBC01F02EBA01F0DAB901F03BBC0388E1
:103840000B8002F083B803880B8002F08DB801F082
:103850001AB901F03BB901F0A8B901F0B4B901F00F
:1038600094B901F089B901F084BAEBF787BF01F090
:10387000B8BA01F0C9BF01F05DBC01F08FBC02F025
:1038800015B801F0FABD01F02BBE01F014BE01F035
:103890001CBE01F0B2BC01F0BEBCECF7CFBD01F024
:1038A0005BBEECF78DBEECF787B801F0C5BAECF75C
:1038B0007BBBECF755BF01F0EABE01F0EFBE01F0B3
:1038C00009BF01F016BF01F026BF01F02FBF01F0C4
:1038D000B4B901F0C3B9EBF78DBE01F033BA01F012
:1038E0002CBF01F03DBF01F07EBF01F056BFECF7E9
:1038F000F1BFEDF7D3BD02F032BDEDF757BCEDF7E8
:1039000061B802F00FB902F00BBA02F034BAEDF769
:103910006FBD02F05FBD02F06EBEEEF777B8EDF757
:10392000DBBD02F0ADBE01F09EBF02F072BAEDF752
:1039300067BD02F07BBC02F0A8BC02F0B2BA02F094
:1039400012BB02F0D4BA02F071BA02F0D3B8EBF7AE
:10395000A5BEEBF741BF02F079B8F8B5941C0E464E
:10396000054617460C446343B3F5004FA8BF4FF01C
:10397000FF3310F003019CB203D0B0211420DCF718
:10398000E1FDB4F5004F01D9B121F7E7142204306D
:10399000FFF70AFCEF746C802E80F8BD0188C27CB2
:1039A0008B1C134410B49BB24488B4FBF3F310BCDB
:1039B000DBB2FFF7D2BF38B50588C2888D420389D4
:1039C000C2F30E0403D2D1211420DCF7BBFD5A4010
:1039D000C2F30E030BB9120406D404F1180301223A
:1039E000C1528274184438BD1846FCE702310144C4
:1039F0004A43B2F5004FA8BF4FF0FF3290B21B30E0
:103A000020F00300B0F5004F34BF00B24FF0FF309C
:103A1000704740881B3020F00300B0F5004F34BFE2
:103A200000B24FF0FF3080B2704738B503888B4248
:103A300003D2F7211420DCF785FD857C65B1C388AE
:103A4000C3F30E031833C25A8A4207D3C152811DF1
:103A5000DDF766FC00238374284638BD0025FBE7AC
:103A600003461830F0B59C88A5B2C4F30E06DC8876
:103A7000AC4202D10020D881F0BD5F89DC7C855B3F
:103A80003C44ED1B0234ADB2344420440C88AC42BB
:103A900088BF0D805C89B4FA84F4640914700A88C4
:103AA000DA81E9E7F8B582880026C38904460D4625
:103AB00092B20E60CBB14189C2F30E020B441832B0
:103AC0009BB28718825A4381934204D94FF4A27162
:103AD0001420DCF737FD04D1011DDDF721FC468100
:103AE0002F6000230120E381F8BD1846FCE783889E
:103AF000014602899BB29A4202D00831DDF710BC20
:103B000070478388C0889BB2C31A58425841704797
:103B1000C288018910B5C2F30E044A40C1F30E03F6
:103B20001204A3EB04035CBF42889B180288C07C8C
:103B30000232104480B293FBF0F080B210BD828854
:103B400073B595B2C488C2F30E02AC4202F11802FA
:103B500012D04189C689835A314499420EDB0DF156
:103B60000601ADF80650DDF7DBFBBDF80600001BD3
:103B700018BF012002B070BD0020FBE70120F9E76B
:103B8000034618301A8970B530F8124CC4F30E068B
:103B90005440C4F30E0222B9220402D50020188238
:103BA00070BD9C891D880CB1825BAD1AA942F5DC01
:103BB000DA7C34441982023222441044F0E7F8B52A
:103BC000038A002B38D08B4236D3C48800F1180307
:103BD0008589C4F30E041E1995B91D557570858924
:103BE0001E5B0D443144ADB285811953D2B1811DA4
:103BF000DDF796FB00238381002303820120F8BDBB
:103C00001E5BAE4204D04FF4F6711420DCF79AFC30
:103C1000C57C2644878A023535445E195F53857D0D
:103C2000B570DCE7C27C2C44023214441A191B5BC9
:103C3000838293788375DFE70020E0E78388C2887A
:103C40009BB29A4206D0428922B9C3F30E031833BD
:103C50001844704700207047C37C0233C81870476F
:103C60000230704738B58388C2889BB29A4209D027
:103C700043893BB9C5893DB9011DDDF751FBC581BC
:103C8000012038BD0020FCE71846FAE700238381B5
:103C90000382704703881380C388C3F30E0318336D
:103CA000034480890B6070470368002223B9C0E990
:103CB0000132031D0360704759681B680A44F5E729
:103CC000072938B5034604D84FF4EC711520DCF70A
:103CD00039FC0068A8B1D0E900248C4212D02AB97E
:103CE00001F10805AC4204D210460AE00346104632
:103CF000F1E7425045181A68641A12686C60425025
:103D00001D6038BD1A60FCE70023C1E9003203687A
:103D10000B600160704730B590B18478B1FBF4F36B
:103D200004FB131300EB430252898A4201D1D8B23B
:103D300030BDC27822B900F10A03D0B2844201D862
:103D4000FF20F5E733F8025B0132A942F5D1EFE736
:103D50008278038805324B4303EB420318447047D3
:103D6000002307B5CDE900338DF806006846DDF77E
:103D7000C5FCB0FA80F0400903B05DF804FB73B5F0
:103D800000240546CDE900448DF806006846E6B2F9
:103D9000DDF7B4FC01340028F8D02846DDF7F4FB49
:103DA000801BC0B202B070BD13B500230446CDE93C
:103DB00000338DF806006846DDF7A0FC08B102B0BC
:103DC00010BD2146BDF80400DDF774FC0028F2D0D8
:103DD00040F215211720DCF7B5FB70B51E460D46E5
:103DE0000921FFF703FE0446324609212846FFF762
:103DF000FDFD002C03DB002801DB204470BD4FF0EB
:103E0000FF30FBE7D31D23F0070370B5083390B1F3
:103E100010F0070403D058212220DCF793FB046044
:103E20004FF6FF75C28000F108040A468180013A0E
:103E300092B2AA4203D103FB01F0083070BD0668BC
:103E4000266004601C44F2E718B1C2888188FFF73D
:103E5000D9BF70470346EFF3108272B6006830B1E5
:103E6000016819600023037043708370C37002B946
:103E700062B67047EFF3108372B602680A600160A1
:103E800003B962B67047EFF3108372B6006818B1D9
:103E90000068003818BF012003B962B670470123DB
:103EA00003707047F8B5054608461E4611460028BF
:103EB00014BF00240224FF23AB702B191B7D012BA0
:103EC00004D001342B191B7D012B19D105EB4407BC
:103ED0003B8B3A8C9819904204DD00202C443883A7
:103EE0002075F8BD05EB8404324660681844FFF77E
:103EF000F1F93A8B16443E830023AB700120F0E7C2
:103F00000020EEE7002910B514BF00230223FF2193
:103F10008170C1180C7D012C07D10C3320F81320BF
:103F200002230B750023837010BD0133C1180C7D73
:103F3000012CF2D04FF48C710920DCF703FB024610
:103F400030B5837803F0FF00F3B9137D022B19D04D
:103F5000537D022B19D10346012089B10024D518C5
:103F60000C332C7522F81340131803241C7502EB34
:103F700080035B680B6000F10C0332F813308B8018
:103F8000012002E00123E8E7002030BD30B583784E
:103F9000E3B9837D022B17D0C47D022C16D10323F5
:103FA00081B1002205190C342A7520F81420C2189A
:103FB0000324147500EB83020C33526830F813307D
:103FC0000A608B80012002E00324E9E7002030BD75
:103FD000037D012B01D1008B7047437D012B0CBF6A
:103FE000408B00207047837D012B01D1808B70476F
:103FF000C37D012B0CBFC08B00207047038B23B9FE
:10400000408B003818BF0120704701207047838B18
:1040100023B9C08B003818BF0120704701207047BA
:10402000027D022A01D1008B7047437D022B01D112
:10403000408B7047032AF6D0032BF9D0002070473D
:10404000827D022A01D1808B7047C37D022B01D172
:10405000C08B7047032AF6D0032BF9D0002070479D
:1040600008B5DDF7DBFC20B103786FF300030370C4
:10407000012008BD08B5DDF7D1FC003818BF0120CC
:1040800008BD10B5044601F11B0200200121FFF715
:10409000B9FE083C0838B4FBF0F080B210BD2DE941
:1040A000F0410646069898460D46430711469DF88E
:1040B0001C7002D010F0030003D025214C20DCF747
:1040C00041FA4FF48B72FFF79DFE002F06AB0446BA
:1040D00000FB08F114BF00201846DDF743F917B9BB
:1040E000069B33602C60BDE8F0812DE9F041064667
:1040F00015460F4619B900242046BDE8F081114647
:104100003846FFF7DDFD04460028F4D0314606F1BD
:104110001B082846FFF7B5FF064601464246002029
:10412000FFF770FE0EB1854205D22A462146384679
:10413000FFF7EAFDDFE7424631462046FFF762FE21
:10414000DAE7DDF76BBD00EA400303EA430303EA65
:10415000430303EA430303EA430313EA43030CBFA5
:1041600001200020704708B5034610468B4209D055
:104170003AB183EA010003F08EFE01288CBF0020D3
:10418000012008BD0120FCE737B5002304460D4699
:10419000CDE900336846DDF7B1FA30B10023CDE94F
:1041A000003302238DF8063011E0009B2A4620469A
:1041B000196AFFF7D8FF0028ECD003B030BD009B90
:1041C0002A462046196AFFF7CEFF0028F5D1684637
:1041D000DDF794FA0028F2D00023CDE90033042360
:1041E0008DF8063007E0009B2A4620461968FFF745
:1041F000BAFF0028E1D16846DDF780FA0028F2D046
:104200000023CDE9003305238DF8063007E0009B3D
:104210002A4620461968FFF7A6FF0028CDD1684638
:10422000DDF76CFA0028F2D00023CDE90033092332
:104230008DF8063008E0009B2A462046D3F8B811D6
:10424000FFF791FF0028B8D16846DDF757FA00283C
:10425000F1D00023CDE900330B238DF8063007E0C1
:10426000009B2A462046D3F8E410FFF77CFFE8B90C
:104270006846DDF743FA0028F2D000224FF44023CD
:10428000CDE900236846DDF739FA30B10023CDE9E6
:1042900000330A238DF8063014E0009B2A4620469E
:1042A000D3F8E410FFF75FFF0028EBD0012084E78C
:1042B000009B2A462046D3F81411FFF754FF00282C
:1042C0007FF47BAF6846DDF719FA0028F0D00020B4
:1042D00073E738B52325EFF7D7F80446EAF7F8FA7D
:1042E00020B101212046FFF74FFF30B1013DF2D14F
:1042F00040F23A210F20DCF725F9204638BD70B591
:1043000023260025EFF7C0F80446EAF7E1FA40B1AA
:1043100000212046FFF738FF68B925462046EAF716
:104320000DFB013E01D00028ECD035B940F215213B
:104330000F20DCF707F90020F3E7284670BD01EBFA
:104340008101C1EBC10189B270B501F12A0511F0FB
:10435000010F05F07F0414BF4FF47C46002615F0D2
:10436000020F4FEA840205F030054FEA540318BFEC
:104370004FF4207102F4807208BF002103F006039D
:1043800013432B4333430B4380EA034070BD2DE9B5
:10439000F34106462325EFF777F820F0327410F446
:1043A000004F24F4803414BF44F4080444F441045E
:1043B0002046EAF78DFA60B300212046FFF7E4FEBD
:1043C00038BB0A23A7B2CDE900008DF80630684655
:1043D000DDF794F9A8B10027F9B22046FFF7AFFF47
:1043E0008046EAF775FAA0B100214046FFF7CCFEFF
:1043F00078B90137FBB29E42EED2204602B0BDE84A
:10440000F081009BB3F8A000784003F060FD012824
:10441000DDD8013DBFD140F29F210F20DCF792F89B
:1044200010F0FD0F14BF01200020704782070346E3
:1044300005D410F0010003D103F0040070470220FE
:1044400070476FF45063C318062B8EBF40F2E243EF
:10445000A0F550604FF47A735843704790F8F031EC
:10446000DBB290F8B0202AB913F0FB0F14BF012083
:10447000002070470020704790F80432DBB290F8BB
:10448000B0202AB913F0FB0F14BF012000207047A1
:104490000020704770B5B0F80140A3B2B3F5FA7FC1
:1044A0002DD2B0F8032043F6F675A2F10A039BB2B1
:1044B000AB4224D843791F2B21D813F008051ED115
:1044C00003F01706172E18D00078032817D80028F5
:1044D00014BF012600268E730ED042F210768B7226
:1044E0000C8172434A60421E18BF01220A73C21E29
:1044F000504250414873284670BD0C20FCE7122002
:10450000FAE713B501210020DDF7BEF8044688B9AB
:1045100001210846DDF7B8F80446C0B90023CDE90B
:10452000003303238DF806306846DDF7E7F8C8B19D
:1045300000200AE0A830E3F787FF0028E8D02046F3
:10454000E2F75AFD0028E3D0012002B010BDA830E8
:10455000E3F77AFF0028E1D02046E2F74DFD00287E
:10456000DCD0F1E7009C2046DFF7D0FC0028DBD050
:10457000204604F0F1FE0028D6D0E5E7002307B579
:10458000CDE9003303238DF806306846DDF7B6F831
:1045900008B1002004E00098DFF7B8FC0028F4D050
:1045A00003B05DF804FB1FB5002240F6881303A991
:1045B0000092FAF721FF05B05DF804FB38B540F230
:1045C000E2450C46B0F80310B0F801002A466943F2
:1045D0006843F0F7D5F9A586206338BD07B500918B
:1045E00090F8B030827F90F8901190F8C600E7F70D
:1045F0009DFA03B05DF804FBF0B585B00C460646A5
:10460000154603A99DF83870E6F71CFA18B9039B04
:10461000DA7B12B9112005B0F0BD93F820309BB9B8
:1046200003988389032B01D8002FF3D10D9B80F8C9
:10463000487006800C99C0E9055400930194DDE9A7
:104640000A2307F04AF8E6E70C20E4E708B5CB1E9A
:10465000012B04D8800100F5347080B208BD012917
:1046600002D10A30C000F8E7022902D10B308000E5
:10467000F3E740F286210620DBF764FF08B5CB1E86
:10468000012B04D8800100F5347080B208BD0129E7
:1046900002D10A30C000F8E7022902D10B308000B5
:1046A000F3E740F286210620DBF74CFF08B5CB1E6E
:1046B000012B04D8800100F5347080B208BD0129B7
:1046C00002D10A30C000F8E7022902D10B30800085
:1046D000F3E740F286210620DBF734FF10B50446ED
:1046E00038B1EDF753FC34EA00030CBF0120002081
:1046F00010BD0120FCE707B501210020DCF7C4FF55
:1047000020B3A830E3F7A0FEE0B1012009E0A83013
:10471000E3F79AFE00B3F8E70098403004F0C0F9E0
:1047200018B303B05DF804FB009B586F503004F0E1
:10473000B7F90028F5D16846DCF7E0FF0028F3D090
:104740000020EEE7E2F748FD0028DED1012108460F
:10475000DCF79AFF0028DAD1FFF710FF0028D4D148
:104760000623CDE900008DF806306846DCF7C6FF69
:104770000028D1D00023CDE9003307238DF806307F
:10478000D9E770B505460C46DFF7C0FBF0B92846FF
:1047900004F034FDD0B904212046DCF775FF06464D
:1047A00078B906212046DCF76FFF054680B9032162
:1047B0002046DCF77FFF88B141F6B5113920DBF7E1
:1047C000C1FE403004F06CF90028EAD00C2010E063
:1047D000403004F065F90028E9D0F7E73EB1042144
:1047E0002046DCF767FF10B141F6BC11E6E70DB9D2
:1047F000002070BD06212046DCF75CFF0028F7D0C2
:1048000041F6C311DAE738B505460C462AB11F292F
:1048100001D8002038BD1220FCE7DDF77DF8A0426A
:1048200011D3284604F0E9FD08B11F2CF3D828461F
:1048300004F03BFD48B12146284604F06FFD0028F6
:10484000E7D14520E6E70720E4E74220E2E738B574
:10485000054604F02AFDE8B12846DFF757FB08B902
:10486000002038BD2846DEF7A5FF04462846DFF7BE
:10487000E5F888B9002CF3D02088EDF7E9FC022197
:104880002088DCF717FF0028EAD041F6E53139200F
:10489000DBF758FE4220E4E70C20E2E738B5044697
:1048A0000D46EDF769FB830001D40C2038BD20468E
:1048B0000921DCF7E9FE044648B1E6F757FA00287B
:1048C000F3D02A462146BDE83840E9F74DB9022029
:1048D000ECE703880B80817898B2FFF7DFBF0346CF
:1048E00037B59A7A0D46C0885107C0B213D412F07A
:1048F000010101D102F00201DC7A1A896307D2B208
:104900000BD414F0010301D104F002030095E7F782
:104910000DF903B030BD0421EEE70423F6E710B52E
:104920000446FFF72BFE58B901210020DCF7ACFE4E
:10493000E8B901210846DCF7A7FEF0B9012013E031
:10494000EDF7DCFA68B1EAF739FC044604F03BFD08
:1049500058B9204604F033FD80F00104E4B204F0BD
:104960000104002CE0D1002010BD0024F7E7A8309E
:10497000E3F76AFD0028DCD0F5E7A830E3F764FD33
:1049800080F00100C0B2EFE72DE9FF4107468846FD
:10499000008802A902F0BAFA064618BB039C94F8F4
:1049A0006F3103F0FF061BB1B8F1020618BF0126F4
:1049B00094F88F30232B94F8E13043EAD3030CBFF3
:1049C000C6F10102002203F0010313433CD0BD787D
:1049D00015B9EDF7DBFA0546F878B8BBEDF7D6FA6E
:1049E00025B90926304604B0BDE8F0810028F8D08A
:1049F00094F87D2032B115F0020500F00200F0D0ED
:104A00000028EED0FF2284F82D21DEB994F82C2165
:104A100002F0FF06B2B984F82F0101A984F82C81B5
:104A200084F82E51BA888DF805002046A4F830216C
:104A30008DF80450ADF8062002F0F6FA002384F851
:104A40002D31CFE73A26F9E71A26CBE7002DCFD153
:104A5000C7E708B5EDF730FA002008BD10B50446E9
:104A6000EFF75AFC2070002010BD10B5FFF749FD8C
:104A7000044630B9EFF74AFC2046EDF703FE204626
:104A800010BD0C20FCE710B503780446012B01D9BA
:104A9000122010BDFFF72FFE60B92078FFF7C0FC91
:104AA00001280DD004F11703E21D611CBDE8104080
:104AB000EDF710BEEDF7A2FE0028EED00C20E8E7DF
:104AC000A37903F0C003C02BECD0E1E710B5037865
:104AD0000446012B0AD8FFF70EFE48B9214611F80B
:104AE000010BFFF79DFC02F0ECF938B9122010BD64
:104AF000EDF784FE0028F1D00C20F8E70020F6E75F
:104B000038B50546FFF7FDFC0446A8B9287801280A
:104B100003D9FF280BD0122038BDFFF781FC691C98
:104B2000EFF700FC002814BF00200720F4E7012065
:104B3000EDF7A8FD2046EFE70C20EDE738B5054678
:104B4000FFF7DFFC0446A8B92B78012B03D9FF2B14
:104B50000CD0122038BD1846691CFFF761FCEFF736
:104B600011FC002814BF00201220F3E7EDF78AFDA6
:104B70002046EFE70C20EDE708B50088EDF744FE8E
:104B800000280CBF3020002008BD38B50546FFF7CF
:104B9000B2FD044638B92878003818BF0120EDF777
:104BA00027FE204638BD0C20FCE708B5FFF7A3FD23
:104BB00018B9EDF70DFE002008BDEDF71FFE002827
:104BC000F7D00C20F8E70823037000207047034655
:104BD0006921202210B50F2404700020DC705924B4
:104BE00059709A701C7158719971DA7110BD082151
:104BF00008B5DCF705F8002008BD73B506460C467D
:104C00000088694602F082F90546A0B9B3786BB90D
:104C1000019B93F87C30A370338894F902002380C1
:104C2000EEF772F8A070284602B070BD7F20FFF743
:104C3000BAFCA070F0E70225F5E710B504466FF066
:104C40007F00FFF7B0FCEEF75FF820707F20FFF7E2
:104C5000AAFCEEF759F86070002010BD10B50446AC
:104C6000EEF794F800EB80035B002380EEF794F8F6
:104C700000EB800300205B00638010BD10B504468C
:104C8000EAF79CFA04F098FBEEF73EF8207000205B
:104C900010BD0A4600F1100108B50723FEF702F81F
:104CA000002008BD10B5014604460020EDF75CFB6E
:104CB00008B92060A080002010BD10B50446EDF7B3
:104CC000F5F828B900202146EDF736FB002010BD8D
:104CD0000020FFF724FE0028F4D10C20F7E710B5E0
:104CE00004460120FFF71BFE28B101202146EDF705
:104CF00023FB002010BD0C20FCE7F7B50C46054651
:104D00006946008802F002F9A21C034690B9019995
:104D100001F1970781F8CB3038681060387910714D
:104D20002888208091F8CB6006F0FF00002EF1D19A
:104D300003B0F0BD00230220C4F8023013712370C9
:104D40006370F5E710B50446FFF7D5FC58B9207835
:104D5000611CFFF765FBE279EDF7DEFE002814BF6A
:104D60000020022010BDEDF749FD0028EFD00C20F7
:104D7000F8E7F7B506460C460088694602F0C6F823
:104D80000546A0B9019F87F8765097F87400E9F7B7
:104D90008BFFA07097F87500E9F786FFE07097F831
:104DA000763003F0FF00002BEDD13388238003B071
:104DB000F0BD10B583880446022B10D8C078FFF7E9
:104DC0008DFC08B9112010BDA078FFF787FC0028E2
:104DD000F8D020460121BDE81040FFF7D5BD1220D4
:104DE000F1E713B58378C17803F00104027903F089
:104DF000020351EA040C1DD052EA030C1AD0002C15
:104E000018BF0021002B037818BF00228DF8021074
:104E10008DF80320427843EA0223ADF8003043794D
:104E20008279684643EA0223ADF80430FFF7C1FFF8
:104E300002B010BD1120FBE710B504460020EDF7CD
:104E400057F82378012B13D16378012B03D9022B58
:104E50000CD1A38853B1628862B1A38853B10A21EF
:104E60004A434FF4A0614B439A4203DB122010BD2A
:104E7000002BFBD12046BDE81040E9F781BF07B504
:104E8000037800214278012B8DF800308DF8012045
:104E9000ADF80210ADF8041007D1012A07D8684612
:104EA000E9F76EFF03B05DF804FB002BF7D012208A
:104EB000F8E708B5DDF782FB002008BD08B5F4F778
:104EC000F1FF002008BD13B50C46694602F01EF83C
:104ED00030B9019B9DF80020B3F8883012B92380C7
:104EE00002B010BD0133FAE770B586B00546008800
:104EF00004A902F00BF810B1022006B070BD9DF8B5
:104F00001030012B50D0059C2046FFF7A7FA00284F
:104F1000F2D0AA881046FFF794FA0646002C41D03A
:104F2000E36998423ED1638E03932046AB8969883A
:104F300002936B8901932B890093EB88E9F730FD8D
:104F4000034698B394F8212202F0FF0082BBAA889E
:104F50006FF450610A4492B2062A40F2E24294BFD2
:104F600064220023B24225D22BB1B4F8741040F26F
:104F70000223994220D1A4F80E220022C4E98426FB
:104F8000E979AB7943EA0123A4F818322B7A697ADC
:104F900084F8202243EA0123A4F81A32FF2384F87C
:104FA0002132AAE70123BFE71120A6E73020A4E7BA
:104FB0003A20A2E71220A0E70C209EE713B5044692
:104FC00001F0BCFF00284DD02046FF24EDF7FAFE8B
:104FD0000023CDE900336846DCF790FB50B3002492
:104FE0004FF44033CDE90043FF246846DCF786FBED
:104FF00020B300204FF48023FF24CDE9000368464E
:10500000DCF77CFBF0B100214FF4C023FF24CDE995
:1050100000136846DCF772FBC0B100224FF4202376
:10502000FF24CDE900236846DCF768FB90B100203F
:1050300002B010BD009B83F80442CCE7009B83F8CC
:105040008A40D2E7009B83F83440D8E7009B83F87E
:105050003440DEE7009B93F83820032AE3D183F83D
:105060002240E0E71220E3E713B50088694601F02B
:105070004DFF0146D8B99DF80030019C8BB19DF8D9
:105080000030012B03D10198FFF7F6F970B194F8C5
:10509000333103F0FF0253B9FF2384F83331114653
:1050A00005E02046FFF7DAF90028E8D1022108469A
:1050B00002B010BD70B5002105460088DCF7E4FAA7
:1050C000044688B3FFF7CAF910B90C26304670BD04
:1050D00094F8523203F0FF0643BB94F8E030DB074C
:1050E00026D5D4F81C31002BEFD1D5F8023004F5C9
:1050F0000E72C4F84832D5F80630C4F84C326B89C9
:10510000A4F8503205F10C031C3553F8041BAB42D4
:1051100042F8041BF9D10C2104F50970DBF770FD8E
:10512000FF2384F85232D1E70226CFE73A26CDE7B3
:105130001A26CBE7F0B589B0044600200E46ECF7FE
:10514000D7FE6A46234604F1180C17461868083340
:1051500053F8041C1546634503C52A46F6D1198841
:105160009B782980AB7000238DF81B308DF81C30A4
:10517000637E042B10D8A37E042B0DD8237D022B35
:105180000AD0637803F01803082B05D0314638465F
:10519000EAF7BEFF09B0F0BD1220FBE7F0B5044608
:1051A00089B000200E4604F11807ECF7A1FE234653
:1051B0006A461868083353F8041C1546BB4203C5F9
:1051C0002A46F6D11B782B7000238DF81B308DF802
:1051D0001C308DF819308DF81A30237D022B0AD03F
:1051E000637803F01803082B05D031466846EAF7C8
:1051F0008FFF09B0F0BD1220FBE710B50321044674
:105200000078DCF741FA20B12178BDE81040FFF7C3
:10521000B8BA422010BD13B500200024ECF768FE98
:105220000323CDE900448DF806306846DCF766FAC2
:1052300010B1204602B010BDBDF804100098FFF771
:10524000A0FA002818BF0446EFE72DE9F341054610
:1052500090F8018003210078DCF716FA0446002854
:1052600000F08780ECF74AFE08B3204604F081F88E
:10527000EE78864228BF0646B6B2B8F1040F5DD07C
:10528000E06CFEF7A5FE8719BFB2ECF737FEB8B9A0
:10529000EB7873B9204604F06CF8874210D92046A9
:1052A00004F0ABF850B9072002B0BDE8F081EE7809
:1052B000E3E7204604F06FF80028EBD11220F3E773
:1052C000ECF71CFE394602462046FFF79CFA002800
:1052D000EAD1A8F10303012B2DD8204604F08DF864
:1052E0006B78032B2DD108F0FD07012F3AD1204612
:1052F00004F083F8002833D1B8F1010F08BF02276A
:105300003A46E16C6846DCF71FFB33466A680121C8
:10531000E06CFEF7C7FD0028C5D06B78023B012B7F
:1053200007D8E06CFEF754FE01210246E06CFEF760
:10533000E9FD0020B8E7002ECFD1BFE7002ECCD08A
:10534000BCE70028BAD1042BCDD12046DEF7DEFD24
:105350000028B3D0E06CFEF751FE0028C3D1ADE7C2
:105360000027CDE7B8F1040FCFD1204604F075F83F
:10537000DFE7422098E72DE9F3470746467890F8A3
:10538000039003210078DCF77FF9044600283BD026
:10539000ECF7B4FD30B1204604F015F8002808BF42
:1053A0004FF00009E06C1FFA89FAFEF71CFE00EBD3
:1053B00009081FFA88F8ECF7A1FD60B1ECF79EFD33
:1053C000414602462046FFF71EFA054668B12846C8
:1053D00002B0BDE8F087FB78002BEFD0204603F049
:1053E000F2FF0028EAD11225F1E7042EFBD0032EAC
:1053F00010D0B9F1000FF6D02046DEF787FD38B1A6
:105400000C25E4E704220EE04225E0E70725DEE76D
:10541000012E0CD1204603F0F0FF0028F2D1012E1E
:105420000CBF06220522E16C6846DCF78DFA534674
:105430007A680021E06CFEF735FD0028E6D0023ED8
:10544000012EC4D842460021E06CFEF75BFDBEE7AA
:1054500013B50446E9F7B2FE4FF440736846ADF861
:10546000003000238DF8023014F8013B8DF8033032
:105470000194FFF780FF02B010BD13B50446002071
:10548000ECF736FDE378FB2B13D82278043468461A
:105490008DF803308DF8002014F8022C8DF80220CE
:1054A00014F8032C01948DF80120FFF764FF02B07B
:1054B00010BD1220FBE710B504460020ECF718FDE4
:1054C000DCF72AFA2080002010BD10B50446002029
:1054D000ECF70EFD0320DCF757F82070002010BD1C
:1054E00073B504460020ECF703FD6378F3B10025A3
:1054F000EBB203219E0004EB83039878DCF7C4F839
:1055000040B32378012B0AD1B11C2144E9F75CFF99
:1055100038B901356278EBB29A42E9D801E013B1AB
:10552000122002B070BDFFF792F9F1E72378002B4B
:10553000F6D1CDE9003303238DF806306846DCF759
:10554000DDF808B10020ECE70098FFF780F90028AB
:10555000F4D0E6E74220E4E72DE9FF4106460321C7
:105560000078DCF791F80746002800F088800421D5
:105570003078DCF789F8044668B906213078DCF722
:1055800083F8044618B90C2004B0BDE8F08190F807
:10559000BD30002BF7D17378042B17D104F14000F4
:1055A00003F07EFA08B91220EEE7A068FEF726FDA8
:1055B0000028F8D0B378002BF5D17378033B012B8A
:1055C000F1D87378012B0ED102220FE0B278002AB5
:1055D000F3D0033B012BF4D904F1400003F060FA4F
:1055E0000028EED0CFE7032B04D10122A16802A846
:1055F000DCF7AAF97378042B3DD0B378F21C0121B3
:10560000A068FEF74FFC00283BD0A068FEF7E0FC46
:10561000E28D804694F8300094F834104FF6FF7312
:1056200001F0FF0579BB9A4294F8351012D000289A
:1056300014BF3B2523257B79414600952046226FE8
:1056400004F003FB024648B9A0680121FEF75AFCAA
:10565000452099E7002918BF0925ECE77B792374D9
:105660007378023B012B04D842460121A068FEF763
:1056700049FC002088E7204604F0F5FAF9E74220CB
:1056800082E7072080E79A42D1D10925D3E708B500
:10569000E1F778FD002818BF0C2008BD38B50521BA
:1056A00005460088DBF7F0FF88B1503003F0D5FAEB
:1056B000044620B142F2FF013920DAF743FF052109
:1056C0002888DBF7F7FF18B14FF40451F4E74224C0
:1056D000204638BD10B50446E1F77EFD38B92146B5
:1056E000E27911F8010BBDE81040DCF7E7B90C20B6
:1056F00010BD10B50446E1F76FFD50B92146E279BF
:1057000011F8010BFEF7ACFC002814BF002042206A
:1057100010BD0C20FCE710B5E1F75EFD044618B99A
:10572000DCF7AEF9204610BD0C20FCE710B50446AE
:10573000DCF7A0F92070002010BD10B5052104464B
:105740000088DBF7A1FF48B1A378C3F30003C3745B
:10575000A378C3F340030375002010BD4220FCE78B
:10576000038810B50B80044605218088DBF78CFF89
:1057700088B10721A088DBF787FF034620B190F8A6
:105780003530003B18BF0123A28861882088BDE81E
:105790001040E9F70BBA422010BD038870B50B80AA
:1057A000044604210079DBF76FFFB0B906212079A8
:1057B000DBF76AFF98B190F8BD30002B14BF0325CA
:1057C0000225403003F06CF958B12B4622796188EC
:1057D0002088BDE87040E9F7E9B90225F1E74220E9
:1057E00070BD0C20FCE710B50446008808800F212E
:1057F00080B2DBF749FF014620B1A01CBDE8104094
:10580000FEF748BE022010BD38B5032105460078DA
:10581000DBF73AFF0446A0B1DEF778FB28B9204653
:10582000691C03F09EFD002038BD204603F0CBFD2F
:1058300008B10C20F8E7204603F0C1FD0028F8D19C
:10584000EDE74220F0E708B51A20ECF75DFBBDE874
:105850000840F4F757B808B51A20ECF755FBBDE837
:105860000840F2F7DBB907B50088694601F04EFB46
:1058700028B9684604F0E1FE03B05DF804FB02209D
:10588000FAE713B50446E9F799FC684614F8013BBA
:105890008DF803304FF440730194ADF800300023CD
:1058A0008DF80230FFF7D1FC02B010BD13B50446ED
:1058B0000020ECF71DFBE378FB2B13D8227804348F
:1058C00068468DF803308DF8002014F8022C8DF80E
:1058D000022014F8032C01948DF80120FFF7B5FC89
:1058E00002B010BD1220FBE773B50546E9F766FC70
:1058F00004462B7863B100230DF1010101208DF8DE
:105900000030ECF731FD18B16846FFF77DFFA0B914
:10591000002620468DF8006003F05DFDB0428DF852
:10592000036014BF80233346ADF801302B78012B80
:1059300005D169462046E9F747FD02B070BD1BB9A5
:105940002046FEF784FFF8E71220F6E710B50221A3
:1059500004460088DBF798FE20B1A11CBDE810408A
:1059600003F03DBF022010BD08B502210088DBF71F
:105970008BFE20B10021BDE8084003F030BF0220BB
:1059800008BD37B504460D4600880921DBF77CFECB
:1059900010B10C2003B030BD0B212088DBF774FE62
:1059A0000028F6D10C212088DBF76EFE0028F0D10C
:1059B0006946208801F0AAFA0028EBD123882B80C1
:1059C000019BB3F8BC306B80E4E737B504460D4665
:1059D00000880921DBF758FE10B10C2003B030BD60
:1059E0000B212088DBF750FE0028F6D10C212088FF
:1059F000DBF74AFE0028F0D1238898B22B80638819
:105A00000BB91220EAE7694601F080FA0028E5D1D7
:105A1000648842F21071019AA3B2D5694B43518E4A
:105A20006943958C05FB01118B42EAD3D569D16995
:105A3000A942FBD1013B0025A2F8BC400B44C2F8AF
:105A4000B450B3FBF1F3C2F8B830C7E713B5008820
:105A50000C460880694680B201F058FA18B9019BDB
:105A600093F88D30A37002B010BD10B50C46022122
:105A7000DBF70AFE88B1022C11D804F00103C4F34D
:105A8000400480F8D53180F8D44123B190F8D23168
:105A90003BB1DEF737F8002010BD0220FCE71220F2
:105AA000FAE71846F8E710B504460078FF280AD050
:105AB0000321DBF7E9FD58B16378A27843EA0223BA
:105AC000C384002010BDB4F80100DEF725FAF8E722
:105AD0004220F7E710B504460078003818BF0120CF
:105AE000E4F798F82078003818BF0120DDF7D0FFE0
:105AF000002010BD10B50446ECF700FA50B1E9F7EC
:105B00005DFB6178C1F3400201F0010103F0A9FCE3
:105B1000002010BD03212078DBF7B6FD0028F0D16E
:105B20004220F6E72DE9F84F03780646013B1E2B8D
:105B300002D91220BDE8F88FECF71EFAC80701D48D
:105B40000C20F7E730780023D9B288420FD800271D
:105B50004FF6FF783378FDB2AB421CD84FF0000906
:105B600033785FFA89FB5B4548D80020E2E706EB13
:105B70008302B2F801500022D4B2A04201D801330E
:105B8000E2E78C4205D006EB8204B4F80140AC4257
:105B9000CFD00132F0E706EB85050021B5F8030010
:105BA000DBF772FD044608B90220C3E790F85232D1
:105BB000F3B990F89430DBB990F89330C3B9092168
:105BC000B5F80100DBF760FD0028EDD0D4F85432C1
:105BD000002BB5D1B0F8AC31434540F09F8094F82C
:105BE000E330190702D4FF2384F833310137B1E7DA
:105BF00005F066FE0028E2D125209BE706EB8B0B23
:105C00000921BBF80100DBF73FFD08210446B0F88D
:105C1000AE01DBF739FD05460021BBF80300DBF7D9
:105C200033FD804625B942F6A5213920DAF78AFCF2
:105C300010B942F6A621F8E70123204685F868301E
:105C4000E5F762F8EFF3108372B6D8F81C21C4F8B8
:105C5000152204F21522C8F81C2103B962B605F119
:105C6000200A504602F01CFF002842D16F6F2FB16E
:105C70006FF40472BA1807461AB977B942F6D621FA
:105C8000D3E74FF00003D2F81112174682F8C8315B
:105C900019B16FF40473CA18EEE70122284684F89C
:105CA000C82187F8C021E7F771FB2846E7F72AFDEE
:105CB000D8B1D7F89C016A68B2FBF0F100FB112261
:105CC0009AB997F8C710EA6EFD7F02F23A22A9420C
:105CD00038BF2946013900FB112101225046EEF759
:105CE000F5FB48B142F621319FE7296901F23A21DB
:105CF000F3E7012384F8C831FEF7EBFABBF8033071
:105D0000C4F8B80104F2192424F86D3C09F1010922
:105D1000D8F854322360C8F8544221E70B2009E731
:105D200038B500784FF6FF750870E5F7A5FCA84276
:105D300004461CD00821DBF7A7FC20B942F6463107
:105D40003920DAF7FFFB436F4BB16FF40472134451
:105D5000B3F8AC21AA420CD1D3F81132F4E70821F0
:105D60002046DBF7A7FC18B142F65431E8E70220E1
:105D700038BD0C20FCE700210088FEF78FBD70B510
:105D800083780446012B01D9112070BD0388292B8B
:105D900033D008D8202B0ED0262BF5D1ECF7ECF819
:105DA000C1F3401111E02F2B2CD0492BECD1ECF793
:105DB000E9F8016823E0ECF7DFF80546ECF7DCF8DA
:105DC000010F41EA557101F00101A378012B01D1C6
:105DD0000029D9D00020FDF7C3FF06460220FDF7B9
:105DE000BFFF05469EB990B9A3782088012BC0B2A9
:105DF0000AD1ECF789F82846C7E7ECF7BDF8C1F3FC
:105E00000021E2E70021E0E7ECF794F8F3E70C204B
:105E1000BBE707B50378ADF80430437801A88DF8E7
:105E20000630FFF7ACFF03B05DF804FB038873B5E1
:105E3000064698B20C460B80B0F5706F2DD201A9C2
:105E4000E4F7E4FD694605463088E4F7FBFD80B9D8
:105E5000009BD3F8B820C4F80220D3F8BC20C4F8C3
:105E60000620D3F8C020D3F8C430C4F80A20C4F800
:105E70000E3065B9019BDA6EC4F812201A6F5B6FA1
:105E8000C4F81620C4F81A30284602B070BD022D9E
:105E900005D1022818BF0025F6E71225F4E70025F2
:105EA000F2E7038813B5044698B20B80B0F5706F23
:105EB00019D2A378022B16D801A9E4F7A7FD18B9C7
:105EC000019BDA7F12B9112002B010BD93F8303077
:105ED0005BB90198A178838B032B01D80029F2D1FB
:105EE00004F015FDF0E71220EEE70C20ECE7038844
:105EF00013B598B20C460B80B0F5706F13D201A9A0
:105F0000E4F784FD68B9019B93F855306BB1019BB0
:105F10009A6CC4F80220DA6C1B6DC4F80620C4F831
:105F20000A3002B010BD1220FBE71120F9E710B5CE
:105F30000446F1F767FE40F27123B0FBF3F02080D6
:105F4000002010BD02884BF23F5108B5531E9BB292
:105F50008B4206D840F271205043F1F759FE0020E1
:105F600008BD1220FCE7038873B5054698B20B8084
:105F70000023B0F5706F0C468B70CB700B714B71BA
:105F80008B71CB710B724B728B72CB720B734B7329
:105F90003BD26946E4F756FD01A906462888E4F796
:105FA00035FD054610B146B1022015E02EB10023A3
:105FB000019AAAB942F6924103E0009B23B942F646
:105FC00088413920DAF7BEFA93F85030FBB10098D7
:105FD000F9F7D2F915B1002002B070BD0123E7E74F
:105FE00092F855206AB1019804F08FFC019B9A6CDD
:105FF000C4F80220DA6C1B6DC4F80620C4F80A301D
:10600000E9E7002BE7D11120E6E71220E4E7002DB5
:10601000F9D1CCE737B504460D46B0F8AE010821FA
:10602000DBF732FB20B942F6A7413920DAF78AFACA
:106030005DB194F8D83004F1BC02003B18BF0123D5
:10604000D27A52B90C2003B030BD94F8303004F14C
:106050001402003B18BF0123F2E7002BF2D10378B2
:106060004BB1B4F8B03165B92046238203B0BDE826
:106070003040F8F71DBD203002F012FD0028F0D1AD
:10608000E0E7A4F8B830002104F1B800D4E93323E4
:106090000193B3FBF2F3DBB2013B53430093D4E92A
:1060A0007A23F9F727F9CEE773B504460E4690F840
:1060B000F4000A21DBF7E8FA054620B942F6DF4191
:1060C0003920DAF73FFA90F83830032B03D186B93C
:1060D0000C2002B070BD022B09D1002EF8D194F82B
:1060E000303004F11402003B18BF012307E0002EFA
:1060F000F5D094F82030221D003B18BF0123D27A3E
:10610000002AE5D0002BE3D105F1C80002F0C8FC5D
:106110000028DDD0B4F8F230A6B123802046B5F8CF
:106120006C10D4E905230193B3FBF2F3DBB201FB5E
:106130000333013B9BB253430093D5E90C23F9F79A
:10614000D9F8C6E72046238202B0BDE87040F8F7D0
:10615000AFBC38B504460D4662B390F830300BB989
:106160000C2038BD90F85530002BF9D141B194F88E
:10617000D830002BF4D094F80831002BF0D1A2B124
:106180000821B4F8AE01DBF77FFA20B942F6555189
:106190003920DAF7D7F9203002F082FC0146204698
:1061A00004F00BFC0DB90020DBE704F1B800F9F7AF
:1061B000E3F8F8E70029DAD1F5E770B504460D46B3
:1061C00090F8F4000A211646DBF75EFA20B942F691
:1061D00065513920DAF7B6F92EB394F830300BB99F
:1061E0000C2070BD94F85530002BF9D190F8383060
:1061F000022BF5D165B194F82030002BF0D094F843
:106200005030002BECD190F83830032BE8D136B168
:106210000121204604F0D1FB0DB90020E1E7204622
:10622000F9F7AAF8F9E7002DE5D1F6E7038870B58C
:10623000054698B20B80B0F5706F24D2AC78631E1F
:10624000022B20D8092104F00106C4F34004DBF737
:106250001BFA28B122463146BDE87040FFF779BFEE
:106260000B212888DBF710FA28B122463146BDE819
:106270007040FFF7A2BF0C212888DBF705FA002841
:10628000F3D1022000E0122070BD0388F0B504466F
:1062900098B287B00B80B0F5706F5AD2A378022BFA
:1062A00057D80C21DBF7F0F9002854D109212088B8
:1062B000DBF7EAF906460B212088DBF7E5F905460E
:1062C0003EB320B142F6E0513920DAF73BF908211C
:1062D000B6F8AE01DBF7D8F910B942F6E551F3E7AD
:1062E000D0E902320178002918BF1A464168A37824
:1062F0000493B1FBF2F3DBB2013B5343CDE902530C
:10630000D6E97A672088CDE90067FEF775F907B00E
:10631000F0BD10B30A2190F8F400DBF7B5F910B91D
:1063200042F6F951D0E7D0F8F810426EA378B0F8F1
:106330006C6004936D69B1FBF2F3DBB206FB0333CF
:10634000013B9BB2A3FB0535CDE90263D0E90C67A5
:10635000D8E71220DBE70C20D9E70220D7E713B5F6
:1063600000880C46088001A980B2E4F76BFB98B95D
:10637000019B93F820209989D2B279B172B1D3E907
:1063800020120A430AD0B3F89020D3F888306280F4
:1063900020726072A072636002B010BD0C20FBE737
:1063A00013B500880C46088001A980B2E4F74AFBC7
:1063B00060B9019B93F820209989D2B241B13AB1DA
:1063C000B3F89020D3F888306280636002B010BDCB
:1063D0000C20FBE72DE9FF47C3780446012B05D9C4
:1063E0004FF01208404604B0BDE8F087002B4CD1B6
:1063F000237D1F2BF4D8B4F8153043F6F6720A3B10
:106400009BB29342ECD82378EF2BE9D8B4F8013053
:10641000B3F5706FE4D2E17D4B1E1E2BE0D86FF018
:10642000170504F1180200232D1B184612F8013B32
:106430005E1E1E2ED4D88342D2D9A8188142F4DC25
:10644000F5F7A8FBFF283BD10521B4F80100DBF7E5
:106450001BF90646002800F0CB80437E002B40F05D
:10646000C78000F10C05CDE902330A238DF80E3008
:1064700002A8DBF743F978B10C20FDF780FCE37D3F
:10648000834220D94FF00D08ACE705F019FA002837
:10649000AED14FF02508A5E7029890F83830022BCE
:1064A000E6D190F8A020B37A9A42E1D100F1A2019E
:1064B0002B46F27A90F8A10000F0D8FC0028D7D043
:1064C0004FF00C088EE70A212078DBF7DDF8002872
:1064D000F6D10A212078DBF799F805460028D1D0BB
:1064E00003F035FE022342F2107285F83830B4F81A
:1064F00015305343C5F80431237885F83930E37DEE
:106500002344DB7D85F83B30237E85F83C30237DBA
:1065100085F83D30E378002B14BF0123002385F874
:106520005730B37A85F8A030F37A85F8A13096F821
:10653000923085F80A31F368C5F8A230338AA5F89D
:10654000A6300AD0231D05F1400204F1140153F8CE
:10655000040B8B4242F8040BF9D105F1C800EDF7AA
:10656000AFFF804658B10A212078DBF7A3F8002856
:106570003FF438AF42F6FD613920D9F7E3FF94F8D4
:1065800017A004F119090AF1FF3A4FFA8AFA1AF032
:10659000800F06D02078F5F7F3FAFF2386F839301C
:1065A00020E70C210DF10600DAF7F8FF0AF1FF3AB7
:1065B000074610B942F60671DEE703F0CFFE384613
:1065C00004F0B7F9BDF80630A7F8F23019F80A3030
:1065D00087F8F03095F8573087F8EC30237887F853
:1065E000F430D5F8983047F8F83FC5F89870CEE702
:1065F0004FF04208F6E637B50446007808700A21E5
:10660000DBF742F80546B8B390F83830022B35D1A5
:10661000F5F7C0FAFF2825D00023CDE90033052384
:106620008DF806306846DBF769F830B9009B93F8BF
:106630003920002AF6D083F83900FF20F5F7A0FAB8
:1066400005F1C80002F009FB044620B142F63D7195
:106650003920D9F777FF44212846F5F7A1FA2046DB
:1066600003B030BD20780A21DBF724F80446002867
:10667000F5D042F64571EBE74224F0E70C24EEE753
:1066800010B50A2104460078DAF7FEFF034690B100
:1066900090F83820032A01D00C2010BD827E022AF7
:1066A000FAD0827F02F0FF00002AF5D16278DA7713
:1066B000FF229A77F1E74220EFE708B52421012075
:1066C000ECF7A2FEBDE80840F3F72EB90820EBF77F
:1066D0001BBC0B20EBF718BC03F001BA03F0A9B800
:1066E00008B5C3780246013BD8B2042801D9FE2878
:1066F00006D11378042B03D1E1F766FE002008BD14
:106700001220FCE710B5044604B910BD2368984771
:106710006468F9E703680BB9016070471A465B6863
:1067200013B18A42FAD170478A4218BF516070474C
:1067300008B5E3F76DFAE8F757FFE0F7F9F9BDE8B8
:106740000840EEF767B808B5FE20E1F73DFEBDE86A
:106750000840FFF7EDBF002307B5CDE9003305235F
:106760008DF806306846DAF7C9FF28B103F055FB0B
:1067700068B14FF4F47107E00098503002F06DFA00
:106780000028EFD040F2E5119320D9F7DBFE052079
:10679000FDF70AFBDBF774F903B05DF804FB08B5FD
:1067A000F3F706FEE0F764FABDE80840E8F7FEBC40
:1067B000F8F702BC002313B5CDE9003308238DF8A8
:1067C00006306846DAF79AFF58B10920FDF7ECFA6F
:1067D0000820FDF7E9FAE4F707FF78B140F233212A
:1067E00007E0009C04F1200002F037FA20B140F2EB
:1067F00026219320D9F7A6FE6067E2E702B010BD1C
:1068000008B5DCF7DBFFEFF721FB20B140F23511D3
:106810009320D9F797FE0320BDE80840FDF7C4BADE
:1068200008B50220FDF7C0FA0020FDF7BDFADBF73E
:1068300001F8EBF701FDDBF7F9FC20B140F215118F
:106840009320D9F77FFE08BDFFF7EABF08B5FFF731
:10685000D7FFF0F761FB20B14FF4A5719320D9F772
:1068600071FE08BD08B5FFF76EFF03F034F920B1E3
:1068700040F297119320D9F765FE08BD002307B5B4
:10688000CDE9003304238DF806306846DAF736FF89
:1068900038B103F077F948B140F2D1119320D9F71C
:1068A00051FE0098403002F0D8F9EEE70420FDF7E1
:1068B0007BFA03B05DF804FB08B50A20FDF774FA13
:1068C0000B20FDF771FA0C20FDF76EFA03F03DFC8A
:1068D00020B140F23E219320D9F734FE08BDFFF7E6
:1068E0009FBF08B5E0F7BCF9EBF75CF9EBF7A8F947
:1068F00003F0F3F8BDE80840ECF788BC10B5C378A6
:10690000044691B163B90388012B01D95B08238048
:10691000ECF7A2FD2388B0FBF3F202FB1300A0709A
:10692000E37883F00103E37010BD002BF8D10388F6
:10693000FE2BEDD85B009BB2FF2B88BFFF23E6E761
:1069400083780BB1013B83708078B0FA80F0400906
:1069500070470123038040F2011343807047F9F729
:10696000E1B80B46152203F8032BD0F80920C1F833
:106970000320427B1A717047012804D1012914BFFA
:10698000002001207047022801D10229F7E70428DE
:1069900001D10429F3E70020704730B585B00446E3
:1069A0000D46ECF7B9FA80B36FF4B37302A91C4437
:1069B0002088ADF8000000F0A9FA18B12F21AE2010
:1069C000D9F7C0FD039B0221684693F870208DF82B
:1069D000022093F87120B3F872308DF80320ADF8DF
:1069E0000430FDF7D1FF08B14521E8E78DF8080034
:1069F0009DF808308DF80900002063F307009DF82A
:106A0000093063F30F2005B030BD32232B70D4F86A
:106A10000930C5F8033004238DF80830E8E708B5DD
:106A2000436893F88E201AB18821AE20D9F78AFDE9
:106A3000212283F88E2008BD034610F0010005D105
:106A40009A0702D403F0040070470220704730B563
:106A5000C1F3072285B0CCB2C0F30723C5B20190C1
:106A600011462046FFF788FF20B919462846FFF750
:106A700083FFF0B12B40234002EA03010B46880755
:106A80001BD411F0010201D101F00402990716D4C0
:106A900013F0010001D103F00400042A04D1BDF871
:106AA0000630012B08BF0322D2B242EA002005B013
:106AB00030BD05EA02012340E1E70222E6E70220B9
:106AC000EBE72DE9F84F0546104693461F46FFF7C2
:106AD000B3FF064608468A46FFF7AEFF46EA0009BE
:106AE000DDF8288004465FFA89F9B9F1000918BF7A
:106AF0004FF00109EBF74AFA10EA0B0F08BF002626
:106B0000EBF744FA95F8742010EA0A0F08BF002446
:106B1000B24214BF3346002388F8003095F8752040
:106B2000A24208BF0024234388F801400AD1B5F8E7
:106B30008830013FFF1A47F6FD73BFB29F4288BFFE
:106B40004FF00009BEB995F87400E8F7BDF80328C6
:106B50000ED195F82C31012B0AD1B5F83031012B2B
:106B600095F8743009D1032B09D0032388F800303D
:106B70004846BDE8F88F042EEAE7042BF8D004233A
:106B8000F4E7042905D101280CD103211380518099
:106B90007047032906D1012804D004210120138065
:106BA0005180704700207047012806D0022804D089
:106BB000033801288CBF002004207047182070473C
:106BC0007FB54468CDE900211146019894F87460BE
:106BD00094F87550FFF73BFFC3B2C0F30720B342F0
:106BE00008BF0023854208BF002084F80A3284F8D9
:106BF0000B0204B070BD2DE9F341446805460F4611
:106C000094F88F80B8F1000F67D194F88E30253B4F
:106C1000022B5BD901A8EBF75BFBE0B1019B0DF107
:106C20000301DB788DF80330162294F88E00ECF720
:106C30005DFC064688B102461621284601F008FA96
:106C40003223284684F88F3001F0DFF9464630467B
:106C500002B0BDE8F0814146E6E73B7913F0070258
:106C60002DD07B7913F0070329D084F86C2084F8A9
:106C70006D3094F82D31DBB994F82C31012B17D0FD
:106C800094F8753094F86C20D91E012998BF04231C
:106C90009A421ED194F87430DA1E012A94F86D20BD
:106CA00098BF04239A4214D16B68022283F82C21E6
:106CB0002323284684F88F3001F0A7F9C7E7394627
:106CC000284602B0BDE8F04101F0EEB94FF02008CF
:106CD000BCE72846EBF7A6F9EAE70126B7E770B567
:106CE0004468064694F88F50A5F12103062B45D938
:106CF0002F2D43D0002D3FD194F88E30262B3DD040
:106D00000B7913F0070303D04A7912F0070205D17B
:106D10003046C978BDE8704001F0B3B984F86D2001
:106D200084F86C3094F82D31D3B994F82C31012BC0
:106D300016D094F8753094F86C20D91E012998BFAC
:106D400004239A4214D194F87430DA1E012A94F87C
:106D50006D2098BF04239A420AD1022384F82C3173
:106D60002323304684F88F3001F04FF9284670BD58
:106D70003046EBF757F9F3E70125F7E72025F5E76C
:106D800037B54568044695F88E30212B23D10B7911
:106D900013F007021BD04B7913F0070317D0002123
:106DA0008DF804208DF80530ADF80610019AD5F85D
:106DB0002E11FFF705FF63680122002083F8CA2027
:106DC0002522A3F8C60083F88E2003B030BD00232F
:106DD000A5F80A32EFE70120F7E7436810B593F80A
:106DE0008F200446B3F80A12232A15D181B983F8FB
:106DF0008F1093F82C31012B01D1EBF7F5F8636874
:106E0000002283F82C212046BDE8104001F00DB986
:106E1000262283F88F20F6E793F88E20252A0DD1BD
:106E200041B983F88E10EBF7DFF86368002283F82E
:106E3000CA2010BD262283F88E20F6E740F2D73113
:106E4000AE20D9F77FFB08B5436893F88F20232A3B
:106E500005D022B140F2E531AE20D9F773FB2422F0
:106E600083F88F2008BDEBF7E7B9704730B5424093
:106E70000C7818785D784440487868409D780444E0
:106E800088786840DD780444C87868401D795B796B
:106E900004440879497968404B4004442344D34270
:106EA0000CBF0120002030BD034600200139C9B2CB
:106EB000FF2900D170475A5C82F001021044C0B231
:106EC000F4E708B5EBF776FA082807D0EBF794FA61
:106ED000082803D0EBF7A4FA012008BD0020FCE746
:106EE00008B5EBF767FA082803D0BDE80840EBF7D0
:106EF00083BA08BD08B5F5F719FE18B1BDE808401A
:106F0000F5F74ABE082008BDF5F710BE70B50D466E
:106F100000210646DAF7B8FB0446686010B100208D
:106F2000287070BD02213046DAF7AEFB686018B1F8
:106F3000012320462B70F4E70220F2E770B50479B4
:106F400034F01F040ED1461E051D16F8010F00F087
:106F5000D7FF0444AE42E4B2F7D1012C94BF002025
:106F6000012070BD0020FCE701440023884203D1CA
:106F7000B3FA83F04009704710F8012B1343F5E78B
:106F8000F8B505460C46D0E90476FAF71FFC20B99F
:106F90004FF483712920D9F7D5FAF4B1D5E904313A
:106FA000DA1B61EB0603012A73F100014FF00001C7
:106FB00015DB6FF00100904271EB030302DA4FF42E
:106FC0008871E7E7631E1344B3FBF4F35C43E419F1
:106FD00046F10006C5E904461C462046F8BD0C46AD
:106FE000FBE7CB1E012B0FD8032915BF4FF41673F7
:106FF00096234022102203F5BC73984212D9C01A7E
:1070000090FBF2F080B27047022905D13C2809D9E3
:107010003C38C0F38F007047702803D97038C0F334
:10702000CF00704700207047034608681867704714
:107030000229024608B515D006D801290AD040F227
:1070400081112920D9F77EFA03390129F7D840F6B2
:10705000A66008BD40F6C41340F2E240002A18BF03
:107060001846F6E740F6C410F3E76FF4B37C6044CB
:10707000884294BF091A491A1868012900EB510087
:10708000186098BF0020136888BF0120A3EB51034C
:107090001360704708B5F6F785FCBDE80840EBF7CC
:1070A00033BEC3B293FAA3F3000A90FAA0F01B0E0A
:1070B000000E43EA002070470131821DF8B5C9B2C5
:1070C0000023012512F8010B884216D312F8066C32
:1070D000002405FA04F7E0B237421CBF01F1FF318A
:1070E000C9B269B10134082CF3D10133DBB2052BED
:1070F000E8D199214620D9F725FA091AC9B2F4E74F
:1071000000EBC300C0B2F8BD0B6870B5C0F8013029
:1071100004460B79451C861D03F01F0343710023B1
:10712000C37215F8010B00F0EBFE2871B542E37A4B
:107130001844E072F5D170BD81EA114189B270B591
:107140000446C57A032682EA0100FFF7AAFF013E42
:1071500000EB001016F0FF0601EB000290B2F4D134
:1071600041402522B1FBF2F302FB1313C3F3C40227
:10717000D8B203F0070322445678012202FA03F33F
:107180001E4207D169432046C1F30741BDE8704064
:10719000FFF792BF70BDF8B590F8215004466B1E02
:1071A000242B56D8002A56D0807D18B1012846D00D
:1071B0001F2019E094F82310012694F8223002FBD6
:1071C00003132522B3FBF2F102FB1133DBB204EB14
:1071D000D30284F82330D17D03F0070206FA02F2CD
:1071E000114202D084F82430F8BDB3FBF5F205FB60
:1071F000123304F11C0102460133D8B211F8013BED
:10720000834219D311F8067C002306FA03FCDDB291
:107210001CEA070F1CBF00F1FF30C0B220B905EB1C
:10722000C20284F82420DFE70133082BEDD10132BC
:10723000D2B2052AE2D1BBE7C01AC0B2F7E7228971
:1072400004F11600096AFFF777FF84F82400002094
:10725000CAE71220C8E71046C6E72DE9F041054607
:107260009DF8180082EA12420E460128E97A94B28B
:1072700040D183EA04000327FFF713FF7B1E00EBD6
:10728000001013F0FF07204480B2F5D144402523BD
:107290003080B4FBF3FC03FB1C4CCCF3C4031FFA9B
:1072A0008CF25FFA8CF80CF0070C2B445878012311
:1072B00003FA0CFC10EA0C0F13D01F2AD5F80100BA
:1072C000697950D89340013B0F40184000F0E3FD2E
:1072D0000446384600F014FE04444046B470BDE84D
:1072E000F0814C432414B470B1782846BDE8F041D5
:1072F000FFF7E2BE0829B77827D84B1FA1F10A0291
:1073000002EBD27252109A421046B8BF18460128BA
:1073100025DD9A421DDD212923D8D2B23088FFF71E
:10732000C0FE00EB0010A1EB42033A44204480B2BF
:107330004440308003FB044402EB2442D2B2B2FB4F
:10734000F1F301FB1322B270CEE7212909D8032300
:10735000D4E708290A4628BF0822053ADDE70122BA
:10736000DCE70B22DAE7203A9340013BDFB24FF033
:10737000FF33A9E7034612EA010003D013F03F00F0
:1073800018BF0120704740787047D0F803300B6079
:10739000B0F807308B8070470378890123F04003F1
:1073A00001F040010B43037070470078C0F3801078
:1073B0007047037803F07F0343EAC11303707047FB
:1073C0000078C00970471F2A38B50546144603D90E
:1073D000B7212A20D9F7B6F806340930FBF77AFF2F
:1073E0006C7038BD1F2A38B50546144603D9D9211B
:1073F0002A20D9F7A7F806340930FBF76BFF6C7029
:1074000038BD30B50378024603F00F03032B40D09C
:10741000052B1FD1C37F90F82000034392F8210071
:10742000034392F82200034392F8230020F01F0048
:1074300018432DD05378222B0CD1B2F81930B2F862
:107440001740907D41B1B3F5506F05D940F6075113
:107450008B420ED900201BE0991F40F67A4589B275
:10746000A942F7D8411E0729F4D88342F2D9A34292
:10747000F0D3B2F81B30B3F5FA7FEBD2B2F81D00AF
:1074800040F676430A3880B298428CBF0020012033
:1074900030BD4078A0F10C0358425841F8E72DE97F
:1074A000F04190F8038005460E4618F03F0700F0C3
:1074B0009180072900F28E80DFE801F004101A2481
:1074C0002E38424C017901224046FFF753FF002835
:1074D0000CBF344605242046BDE8F0810179022224
:1074E0004046FFF747FF04460028F4D0052462E039
:1074F000017904224046FFF73DFF04460028EAD008
:10750000052450E0017908224046FFF733FF044686
:107510000028E0D005243EE0017910224046FFF724
:1075200029FF04460028D6D005242CE0017920222A
:107530004046FFF71FFF04460028CCD034461AE02F
:10754000017940224046FFF715FF04460028C2D0CB
:10755000052408E0017940224046FFF70BFF002890
:107560000CBF05240624202229794046FFF702FF9C
:1075700008B11234E4B2102229794046FFF7FAFE2E
:1075800008B10334E4B2082229794046FFF7F2FE3D
:1075900008B10234E4B2042229794046FFF7EAFE3A
:1075A00008B10134E4B2022229794046FFF7E2FE35
:1075B00008B10634E4B2012229794046FFF7DAFE29
:1075C00008B10634E4B2072E85D1231F9F42B8BF0D
:1075D000002480E700247EE770B50C46064611467D
:1075E0001D4624B940F2E1212A20D8F7ABFFFFF76E
:1075F00056FF10B940F2E221F6E7031F2B443F2B60
:1076000002DD40F2E321EFE72A4621463044BDE89F
:107610007040FBF75FBE10B50446FFF740FF00B1B6
:10762000204410BDC07800F03F007047C37803F0DD
:107630003F0343EA8113C3707047C1F3800330B541
:10764000C1F38014C1F340052344C1F3001404EBDB
:1076500044042344C1F3401404EBC40403EB440387
:10766000C1F300042C44C1F3C005134404EB4404EB
:107670002C4403EB440313F0FF031CBF01330171DF
:10768000C17818BFDBB221F03F0103F03F04214372
:10769000C170591C41701AB104339B1A013AC2548B
:1076A00030BD70B5C4780646154604F03F04131982
:1076B000FE2B04DD40F23F312A20D8F743FF01358D
:1076C000201D2C443044FBF705FE747070BD4378D8
:1076D000C078013B00F03F00181AC0B27047F8B5FF
:1076E0000E4619460746FFF7F2FF451AECB29442E0
:1076F00028BF14464EB1FA78304602F03F020432F9
:10770000114422463944FBF7E5FD2046F8BD2DE93A
:10771000F047C678012201793046FFF72BFE02229E
:1077200005463046FFF726FE202282463046FFF708
:1077300021FE082207463046FFF71CFE1022814634
:107740003046FFF717FE042204463046FFF712FECC
:10775000402280463046FFF70DFE05EB0A0307EB9B
:10776000C707404404EB44044F4403EB4303204465
:107770003B4400EB430010F0FF001CBF0130C0B2DF
:10778000BDE8F08738B5C5780446AB09032B1ED099
:1077900005F03F054378AB4219D9FFF7B8FFA8427F
:1077A00015D895B12379DB060FD504212046FFF7C4
:1077B00032FF48B1037803F03F03242B07D88078C9
:1077C0005F288CBF0020012038BD0120FCE700208D
:1077D000FAE70278437802F00F02072A12D8DFE8AE
:1077E00002F0080408111111080E0C3B58425841D0
:1077F0007047063B1F2B8CBF0020012070470BB148
:10780000FFF7C0BF00207047027802F00F02072A7E
:107810000AD0082A0AD0042A0ED1407806381F2838
:107820008CBF002001207047FFF7ACBF4078A0F16B
:107830000E03584258417047002070474078704707
:10784000037801F0030123F003030B430370704737
:107850000378490123F0200301F020010B4303705A
:1078600070470B78837070471B2A08B504D940F223
:107870005A412A20D8F766FE42700330BDE808401E
:10788000FBF728BD70B5B0F80730B0F80950B0F874
:1078900005600479B0F80B0091B1B3F5506F0FD9C2
:1078A00040F60752934218D8B5F5FA7F15D20A3838
:1078B00040F6764380B298428CBF0020012070BD14
:1078C0009A1F40F67A4192B28A4206D8621E072A6F
:1078D00003D89C4201D29E42E5E70020EFE7043046
:1078E000704726307047043001F1200351F8042B13
:1078F000994240F8042BF9D10B880380704738B5C2
:1079000015460446FFF7EFFF2B68C4F826306B6876
:10791000C4F82A3038BDC37803F06003402B10B59B
:1079200024D08288052A21D9837AD0F80640C3F36F
:10793000040323431AD0838ACB1A1BB2002BB8BF8F
:107940005B429BB2B3F5804F10D2438AC08A181AAB
:1079500000B20028B8BF404280B2012808D9504385
:10796000B0F57A6FCCBF0020012010BD0020FCE7ED
:107970000120FAE70B7803714B7843718B788371A0
:10798000CB78C3710B7903724A7910B513020C7965
:1079900002F00F0203F4404344EA022213431B1295
:1079A00043728B798372CB7903F00F03C3720B7A26
:1079B00003734B7A43738B7A03F00F038373CB7A91
:1079C000C3730B7B03744B7B03F00F034374CB89AE
:1079D0008374CB891B0AC3740B8A03750B8A1B0A39
:1079E00043758B7C8375CB7CC3750B7D03764B7D98
:1079F00043768B7D03F0F002C3F3030313438376D6
:107A0000CB7DC3760B7E0377B1F819304377B1F89D
:107A100019301B0A8377CB7EC3770B7F80F8203029
:107A20004B7F80F821308B7F80F82230CB7F80F82D
:107A3000233091F8203080F82430B1F8213080F8DC
:107A40002530B1F821301B0A80F8263010BD0379AB
:107A50000B7043794B7083798B70C379CB7003893A
:107A60000B71C3F303224B7923F00F0313434B71C4
:107A700003894A799B0B63F386124A71D2B2038958
:107A8000DB0B63F3C7124A7143898B71C3F3032283
:107A9000CB7923F00F031343CB71837B427B10B56B
:107AA000047B4A7203F00F028B7A0C7223F00F03EF
:107AB00013438B72027C437CC47BCC720A7303F049
:107AC0000F024B7B23F00F0313434B73438ACB818D
:107AD000838A0B82837D8B74027E437EC47D4B75CB
:107AE000CC740A758B7D827E62F303038B75837E73
:107AF0008A7D1B0963F307128A75C37ECB75037FEA
:107B00000B76B0F81D30A1F8193090F8202090F8CD
:107B10002130C47F0A77CC764B7790F8243090F8E8
:107B2000232090F82240CA778C7781F82030B0F873
:107B30002530A1F8213010BD0B7803714B784371CB
:107B40008B788371CB78C3710B7903724B79437255
:107B5000CB888372CB881B0AC372704742798379C2
:107B600010B504794A700C708B70437A027AC4792C
:107B70000A71CC704B714389CB8010BD0B680371C7
:107B80000B681B0A43710B681B0C83710B681B0E7F
:107B9000C3710B7903724B7943728B798372CB7902
:107BA000C3720B7A03734B7A43738B7A8373CB7AEA
:107BB000C3730B7B0374B1F80D304374B1F80D300F
:107BC0001B0A83747047436810B50B60427A837A4E
:107BD000047A4A710C718B71027B437BC47A0A72FE
:107BE000CC714B72037CC27B847BCA728C720B7328
:107BF000B0F81130A1F80D3010BD0B7803714B783F
:107C000043718B788371704703790B7043794B70A4
:107C100083798B707047037843B1406890F8D23114
:107C200023B1002380F8D231DBF76CBF704708B571
:107C3000017A19B101290DD0002008BD0368022185
:107C4000C2888088EBF716F90028F6D1EBF718FB0D
:107C50000120F2E70368C288F3E702230B700123D7
:107C60008B707047EBF780BA10B521B94FF41071E3
:107C70001020D8F767FC4A600B72EFF3108472B6DD
:107C8000031D0B6042681AB1127A012A08BF036013
:107C900003681960016004B962B6BDE81040EBF7F3
:107CA000AFBA0222EBF7DABA0322EBF7D7BA042213
:107CB000EBF7D4BA0222EBF715BB0322EBF712BBAA
:107CC0000422EBF70FBB14230B706FF4A573184459
:107CD0000388A1F80330B0F84830A1F80530B0F8B7
:107CE0004C30A1F80730B0F84A30A1F80930B0F8AC
:107CF0004E30A1F80B30704708B5CB1E012B04D8CD
:107D0000800100F5747080B208BD012902D10E30E7
:107D1000C000F8E7022902D10F308000F3E740F2FB
:107D200086210620D8F70EFC4068704703390129E8
:107D30008CBFC08A4FF42960704770B590F87460AA
:107D40008D88033E0C89012E04D943B11678033E79
:107D5000012E04D8B5F5296F38BF4FF4296590F886
:107D60007560033E012E04D943B15378033B012BC8
:107D700004D8B4F5296F38BF4FF42964CB884A88FA
:107D8000A0F86030A0F85C20A0F85E50A0F8624037
:107D900070BD38B5CB1E0446012B10D9C38B458C62
:107DA0009D4228BF1D46207AFFF7A6FF6389AB429C
:107DB00028BF2B46984238BF184680B238BD4FF4D2
:107DC0002965F0E72DE9F041064690460D46B0F8EA
:107DD000480011461F46FFF78FFF0446414606F153
:107DE0003C00FFF7D6FF84423946A7F1030728BFBE
:107DF0000446B6F85000FFF77FFF012F0346A4B2F8
:107E00008CBFB6F852004FF42960834228BF034666
:107E1000A81D9BB223441844BDE8F08131B9C18E3E
:107E200090F8753090F87420FFF7CCBF818EF7E79B
:107E300070B50C46154619464BB9868EFFF7EEFF16
:107E400028443044A04294BF201A002070BDC68E42
:107E5000F4E738B50D4611460446FFF7DFFF284426
:107E6000206438BD0346C069DB6B984228BF1846C2
:107E700001F19C0383423DBF401A9C38400800201A
:107E80007047002803DB814204DC08B202E049426B
:107E90008142FADC704700F05533400800F055305D
:107EA000034403F033329B0803F033331A4402F0E7
:107EB0000F33120902F00F32134403F0FF101B0AB4
:107EC00003F0FF13034403EB1343D8B2704745F2AA
:107ED000555300EA030203EA5000104443F23332E0
:107EE00000EA020302EA90021A4440F60F7302EA23
:107EF000030003EA1213184400EB1020C0B27047CD
:107F000000F05503400800F05500184400F033031A
:107F1000800800F03300184400F00F0303EB10104A
:107F2000704780EA6000FFF7B6BF40F34E039BB294
:107F30005840FFF7CCBF034608460BB108B91846B6
:107F4000704783428BBFB3FBF0F2B0FBF3F200FB50
:107F5000123303FB1200F0E710B50C4600B119B95B
:107F60006F21AB20D8F7EEFA4443FFF7E4FFB4FBF0
:107F7000F0F010BD322809D006D8012806D91628FD
:107F800014BF0020012070473E28F9E70120704708
:107F900008B50346FFF7EEFF40B10846FFF7EAFFDA
:107FA00020B18B4214BF2A20232008BD8B420AD166
:107FB000A3F13002D2B20B2A05D840F6210020FAF4
:107FC00002F2D20712D43E2901D1262B10D03E2B2B
:107FD00004D1262914BF00202A20E6E73B2901D13D
:107FE0001F2BF7E73B2B05D11F29F3E72320DCE705
:107FF0002A20DAE70020D8E74368002283F88E20A1
:1080000083F8CA20A3F8C6207047027843682AB9CB
:10801000A3F8CC20012283F8CE2070470022A3F8D9
:10802000CC2093F8CE200132F5E708B503784268FA
:1080300013B982F8CE3008BD92F8CE30013B5BB266
:10804000002B82F8CE30F6DA52214A20D8F77AFA9D
:10805000436883F8131183F812217047A0F10B03D2
:10806000042B0CD9A0F14403012B08D9A0F1210362
:10807000062B04D9A0F12F03584258417047012024
:1080800070474268D2F8803010B513F0080409D167
:1080900043F0080382F81011C2F88030FFF7B5FFF3
:1080A000204610BD0120FCE7436810B593F88F40CF
:1080B0004CB9CA7883F81021032283F88F20FFF788
:1080C000A4FF204610BD0124FBE708B5436893F8E0
:1080D0008E3023B140F281114A20D8F733FA08BD1F
:1080E0004368002093F89020073A012A81BF0A795B
:1080F00083F89120072283F890207047426892F815
:108100009030073B012B84BF082382F890307047E2
:10811000436870B593F88F50F5B9B3F88860B1F83B
:108120000920F643A3F89822324447F6FD7692B22E
:10813000B24206D9282283F8B120EBF705FE284683
:1081400070BD4A68C3F89A220A7A83F89E220B22ED
:10815000436883F88F20F2E70125F0E708B543680C
:1081600093F88E201AB12A215520D8F7EBF90C226A
:1081700083F88E2008BD0B46082203F8032BD0F8A5
:108180000920C1F80320D0F80D205A60427C1A72F1
:108190000023CB707047436870B593F88F50064644
:1081A0000C46002D5FD193F87D102046FFF76AFB47
:1081B00028B9E1783046BDE87040FFF762BF7268C9
:1081C000B4F80D30B2F88810A2F89832C9430B44C5
:1081D00047F6FD719BB28B4207D92823304682F8BF
:1081E000B130EBF7B1FD284670BDB4F807306FF43D
:1081F00050615918062995BFA3F5506340F2E2413A
:108200004FF47A7128468CBF4B434B43C2F8A032DF
:108210002379E0B103EB830303EB83039B00A2F814
:108220009A32B4F80530D8B164214B43C2F89C327D
:10823000B4F80930A2F8A432B4F80B30A2F8A63290
:10824000002382F8AC320E2382F88F30CBE7C3EBE9
:10825000431103EB810303EB83035B009BB2DEE777
:1082600040F2E241E1E70125BDE708B5436893F834
:108270008E201AB161215620D8F764F90E2283F8B6
:108280008E2008BD0B230B70D0F80930C1F80230E6
:1082900070470B460C2203F8022BB0F809204A80E5
:1082A000C27A9A70704710B50446406890F88E30D4
:1082B000182B14D100F1F80200F50A71052300F51E
:1082C0000E70FAF7EFFC636801220020002183F8AA
:1082D00093201A22C3E93A0183F88E2010BD0220B0
:1082E000FCE7436893F88E20152A0ED14A68C3F83C
:1082F00030228A68C3F8342243680020CA68C3F871
:108300000C21182283F88E207047022070474368A2
:1083100093F88E20112A05BF00201422022083F832
:10832000930008BF83F88E20704708B5436893F820
:108330008E20142A04D04FF486711F20D8F702F93A
:10834000012283F8D020132283F88E2008BD38B58F
:108350004368054693F88F4034B1123C0B2C94BF10
:1083600008240124204638BD93F89420002AF9D02F
:10837000D3F81C3133B9FFF748FE6B68122283F83B
:108380008F20EFE70C220A21FFF762FE6B68322292
:10839000284683F88F20FFF738FEE3E708B54368E7
:1083A00093F88F20162A04D04FF4BD711F20D8F700
:1083B000C9F8012283F8CF20172283F88F2008BD47
:1083C000436893F88F20132A05BF1422002002204F
:1083D00083F88F207047436810B593F88F300446B8
:1083E000192B07D1FFF721FE63681D22002083F8B7
:1083F0008F2010BD0220FCE708B5436893F88F205A
:10840000122A04D040F2A3111F20D8F79BF80122B2
:1084100083F8CF20132283F88F2008BD08B5436866
:1084200093F88F20172A04D040F2AB111F20D8F701
:1084300089F8192283F88F2008BD08B5436893F89E
:108440008E201A2A04D040F2DB111F20D8F77AF8C8
:108450001C2283F88E2008BD08B5436893F88E204F
:1084600022B140F2E1111F20D8F76CF8012283F805
:10847000CF20112283F88E2008BD08B5436893F8F9
:108480008E203AB193F8D02022B94FF4F4711F2016
:10849000D8F758F8012283F8CF20152283F88E20D0
:1084A00008BD0B46072203F8032BD0F80920C1F8BA
:1084B0000320D0F80D205A60B0F811201A81C27C38
:1084C0009A72704708B5436893F88E201AB1DD217F
:1084D0001C20D8F737F8042283F88E2008BD08B591
:1084E0000378426833B992F88F306BB1E5211C20D4
:1084F000D8F728F8D2F88030D90701D4E921F6E777
:1085000023F00103C2F88030BDE80840FFF78DBDBD
:108510000E23A0F5A1700B7003884B807047436851
:10852000017893F88E2061B9052A08BF00224FF028
:10853000000002BF83F8BE2083F8CA2083F88E2093
:108540007047102AF1E738B50478456854B995F8B2
:108550008F305BB9FFF759FD54B9022385F88F308E
:10856000204638BDD5F880305B07F3D50124F7E706
:10857000D5F88030002443F00403C5F88030EFE7DD
:10858000037833B14268D2F8803023F00403C2F894
:108590008030FFF74ABD08B5436893F88E201AB1C2
:1085A00070214B20D7F7CEFF0278002A0CBF05229E
:1085B000102283F88E2008BD10B5D0E90D42A242EA
:1085C00006D38B8C121B498E05334B43934202D347
:1085D000012380F83E3010BD01230B7000238B7007
:1085E00030F8D23CA1F80330437A4B714389CB80F9
:1085F00083890B81704710B5446894F8D1209207A5
:108600000ED494F88E301BB174214020D7F79AFF16
:108610000122A4F8C63084F88E2084F8CA2010BD48
:10862000037843B994F88F300BB9FFF7FEFC0023B1
:1086300084F83231F3E7D4F880309B07F7D5FFF7A1
:10864000F4FCD4F8803023F00203C4F88030EEE765
:1086500010B50B7901284C790A6843EA04211046C9
:1086600008BF41F4803110BD07B5FFF7F1FF0DF1F0
:108670000702EBF7F5FD03B05DF804FB38B50546DE
:10868000FEF7D0FF044608B9002038BD0721284670
:10869000FEF705FF0028F7D00434201AC0B2F4E733
:1086A00070B506460D460721FEF7B5FF0446304675
:1086B000FFF7E4FF014674B1A0B100235A1CE01893
:1086C000D2B2A65CE25CAE4211D12C2D05D0322D87
:1086D0000BD0282D07D0002004E0222A02D03A2A0D
:1086E00018BF002070BD082AFAE7092AF8E701320E
:1086F0001344DBB29942E1D8EDE708B5836800681E
:108700001B68984700F5D57008BD836870B59B69F4
:10871000044600680D46984780F00106F6B250B94D
:108720006B6829462079A361F9F73CF960B9AB2160
:108730000B20D7F707FF237C022B07D104F1200081
:10874000ECF782F801232374304670BD237C032BA1
:10875000F8D1F3E738B504460D46FFF7D6FF18B158
:10876000D5E90423C4E9082338BD70B5044686B0B2
:10877000FFF7C3FF0025A36801905B6820688DF8B0
:1087800000509847216B8DF8080068468DF8095015
:10879000D4E90823CDE90423FEF7F2FB638A86B20D
:1087A00033446382ECF7E6F8B8B97100B4F94400D9
:1087B00089B2FFF766FBB4F844301B1AA4F84430C2
:1087C000049B6946059A1B1842EBE070CDE9043022
:1087D0002046FFF7BFFF06B070BD2846F0E72DE941
:1087E000F041044686B0FFF788FF0746256BD4E9C1
:1087F0000836ED1846F10006ECF7BCF810BB022174
:10880000B4F94400FFF73DFBB4F844301B1AA4F858
:10881000443045194FF00008A36846EBE0768DF828
:1088200000805B6820680197984769468DF80800CA
:1088300020468DF80980CDE90456FFF78BFF06B07E
:10884000BDE8F0810020E4E72DE9F84390F84360AB
:1088500007460C4646B10368B3F86240B3F8A0106F
:10886000611A9C6F01FB0444FEF779F8054697F8FE
:108870004200EBF711FE2918204689B2F7F716F9E6
:10888000044606B33B6893F8985093F89280D3F867
:108890009C90FEF764F806462846EBF7FDFD05467A
:1088A00040463544EBF7F8FD80464846ADB22946D0
:1088B000F7F7FCF808EB05010646201889B2F7F730
:1088C000F5F806443444B86A11344008A04228BF81
:1088D0002046BDE8F88338B504460846237C03F0FB
:1088E000FF054BB92146F8F717FF2028207105D066
:1088F00001232374284638BD0025FBE70725F9E747
:10890000F0B5836887B00025044600680F468DF8EF
:1089100000501B689847A36800F5DD705B68019004
:10892000206898478DF809508DF8080087B368468D
:10893000D4E90823CDE90423F8F748FF18B9E72163
:108940000B20D7F7FFFDD4E90801049A059B121A02
:1089500063EB0103002B01DAEA21F1E76FF0010676
:10896000964275EB030301DAEB21E9E7A36A5D1E8A
:108970001544B5FBF3F2AB4288BF013253431B18D9
:1089800041F10001CDE90431638A1A44628231E089
:10899000A36AE16B228FB1FBF3F0551C821EAA4241
:1089A000A8BF2A46012AB8BF0122D4E908055343CB
:1089B00013EB000ED4E90C0645F10005BEEB0000F8
:1089C00065EB0606012876F1000301DA8B21B7E793
:1089D0006FF0010C844577EB060301DA8C21AFE7D9
:1089E000814230D2A16AD4E908325B1842F1000218
:1089F000CDE90432D4E90C200499059B891A63EB74
:108A00000003012973F10002E0DB6FF001028A42EA
:108A10004FF0000272EB0303E0DB237C2046042BC3
:108A200004BFB4F84030C918FFF70EFF0546DDE972
:108A30000432D4E90801181A62EB010100290ADAAC
:108A40004FF495717CE7217C0429CBD0638ACDE972
:108A500004E5013B99E76FF00046B04271F1000177
:108A600002DB40F22B116BE705F1C90120465B1ACE
:108A7000694662F10002CDE90432019B03EB450334
:108A80000193FFF742FE48B1049B059AC93342F1B6
:108A900000025B1942F10002C4E9083207B0F0BDE0
:108AA000037C0BB900207047037C012BFAD0007CBB
:108AB000073818BF0120704708B54B1E0246012B2E
:108AC00007D8FFF7EDFF40B11046BDE80840FFF7BB
:108AD0004CBEBDE80840EBF7E1BD08BD70B50446EB
:108AE0000D461646FFF7DCFF38B9237C072B04D070
:108AF00040F272210B20D7F725FDF8F75BFE2D1809
:108B000041F10001AE1B61F10003C4E90863638A0F
:108B1000E3850023C4E90C5184F84330237C042B03
:108B200001D10523237470BD08B5027C012AD3B29C
:108B300004D0FFF7B5FF00F0010008BD1846FAE7C2
:108B400008B54B1E0246012B08D8FFF7A9FF48B114
:108B500001211046BDE80840FFF7D2BEBDE808403D
:108B6000EBF79CBD08BD007C031F5842584170477D
:108B7000037C032B04D0007C831F5842584170476C
:108B800001207047D0E9083210B5D0E90C14581A0A
:108B900062EB0403002B04DA40F2A3210B20D7F789
:108BA000D1FC6FF0010282424FF0000272EB03032E
:108BB00002DA4FF42971F1E710BD806908B5A0F51C
:108BC0008070F9F7F3FA20B940F2AD210B20D7F706
:108BD000B9FC08BD08B50246FFF762FF30B1104688
:108BE000FFF7C6FF10B91046FFF7F9FDBDE80840D2
:108BF000EBF746BC08B50246FFF752FF38B1104606
:108C0000FFF7B6FF014610B91046FFF779FEBDE841
:108C10000840EBF735BC38B50446FFF785FFD8B1FF
:108C2000237C022B16D0257CEB1E5D425D41012981
:108C300007D1072323742079F9F7D8F82079F9F7B9
:108C400091FC012323743DB104F12000BDE83840BC
:108C5000EBF7FABD0125EAE738BD10B50446FFF78A
:108C600063FF70B120460121FFF7D5FF2079F8F7A7
:108C700087FD20B94FF4F2710B20D7F763FC002376
:108C80002374002010BD024608B5037C022B08D1D6
:108C9000032313741079F7F7B1F8A8B940F2033140
:108CA0000FE0037C052B01D10623F2E7037C032BA5
:108CB000F0D0037C062BEDD0037C072BEAD040F2EA
:108CC00001310B20D7F73EFC08BD30B585B0154605
:108CD000089B099CC01A61EB0404002C214602DAAF
:108CE000404264EB440103AB2A46009302ABFAF71F
:108CF000EBF8002C039801DA00B1281A05B030BD5A
:108D00000B46062203F8032BB0F80920A1F8032034
:108D1000C27A9A7070470B46172203F8032BD0F8DB
:108D20000920C1F80320D0F80D205A607047352380
:108D300001F8033B00F10903293053F8042B834267
:108D400041F8042BF9D11B880B807047F0B506461B
:108D5000BDF8147001F5A571D92E344607F0010550
:108D600007F0020028BFD9243034A4B2FF2C28BF5A
:108D7000FF24BF0700F0AF8048B3042A21D0032AA4
:108D800022D0022A0CBF4FF496744FF414740C4492
:108D9000D11EC9B29C34022934BF282000200129E9
:108DA000044440D804F535649834002D48D0042A92
:108DB00040D0032A41D0022A0CBF6421C0210819E7
:108DC000F0BD41F2D024E2E740F2CE54DFE783B1B8
:108DD000042A08D0032A09D0022A40F6480408BF12
:108DE0004FF48564D3E744F29024D0E741F2BE14F7
:108DF000CDE7042A05D10534A4B2A40104F5C87452
:108E0000C5E7032A05D10534A4B2240104F5BF74D3
:108E1000BDE7022A0BBF0B340A34A4B2A4B20CBFC4
:108E2000A400E400B3E7022A0CBFB4204FF4B070F2
:108E30000444B9E74FF4CA61C1E740F2AE21BEE78E
:108E400093B1042A0AD0032A0BD0022A40F6480024
:108E50000CBF4FF485610146601812E044F2902186
:108E6000FAE741F2BE11F7E7F12E354628BFF125AA
:108E7000042A1ED105F1130080B2800100F5C875E7
:108E80002819D92E9CD9D93EF721B6B2002B56D03D
:108E9000F636042AB6FBF1F64BD0032A4CD040F24A
:108EA000725340F69211022A18BF0B4603FB0600CC
:108EB00086E7032A05D11335ADB22D0105F5BF753F
:108EC000DEE7022A0BBF19351835ADB2ADB20CBFC3
:108ED000AD00ED00D4E78BB1042A09D0032A0AD0F3
:108EE000022A40F648000CBF4FF485640446B3E7FD
:108EF00044F29024B0E741F2BE14ADE7042A05D154
:108F00000534A4B2A40104F5C874A5E7032A05D169
:108F10000534A4B2200100F5BF749DE7022A0BBFFF
:108F20000B3404F10A05A0B2ADB20CBF8400EC0012
:108F300092E744F2DA33B9E741F20833B6E7B6FB19
:108F4000F1F3042ADBB21CD0032A1DD040F2725187
:108F500040F69214022A18BF214601FB0300C3EB1E
:108F60004311C3EBC103F61AB3B2002B3FF428AF91
:108F70000833042A9BB20AD19B0103F21A43184416
:108F80001EE744F2DA31E8E741F20831E5E7032A67
:108F900003D11B0103F54673F1E7022A0BBF9B00C7
:108FA000DB0003F5BB7303F5CD73E8E78B8873B57E
:108FB00013F0180506460C461ED1086820B940F289
:108FC000CF312D20D7F7BEFA00F0D3FA217CEBF792
:108FD00027FDA3880146627C009330462B46FFF7AD
:108FE000B5FECC30D4E90223824273F100032CBFDA
:108FF0000120002002B070BD0120FBE738B513222C
:109000000B460C4603F8032B00F10902293052F8F5
:10901000041B824243F8041BF9D1127802211A7012
:109020000123A588A3712846D8F72EFB70B1E378F9
:1090300063B10088E9F70CF902212846D8F73AFB1A
:1090400020B14FF40A712D20D7F77CFA38BD10B546
:109050000446EAF701FA82B204F1690104F136002C
:10906000FEF76AF884F8440010BD37B504460D4693
:10907000FFF7EDFF01222B466179204603B0BDE8E2
:109080003040EBF73FBD70B504460D4696301946AB
:109090001646FEF739F884F8745084F87550FF23AB
:1090A00084F87630E91E04F13C0001298CBF0021D0
:1090B0000121EAF723F931462046E9F71BFE94F82F
:1090C0007E302BB14FF04D1363630023238770BDB7
:1090D0004FF096126263F9E738B5CB690446104643
:1090E00041F27072A3F57A75954295BF4FF47A728A
:1090F00040F2E242B3FBF2F3B3FBF2F398BF03F5A5
:10910000506304F1A0029BB2A4F8AC308B8CA4F89D
:10911000AE30CB8CA4F8B03091F8C23184F8B230C4
:10912000637F63B394F86830012B28D194F86E30D4
:1091300003F0C003402B22D1D4F86930C4F8A0302A
:10914000B4F86D3093800828236A04F1A6019A7858
:1091500003F1030584F8992004F19A02D3F803304F
:1091600018D0C4F8A630AB888B8004F19901E9F7D8
:109170005FFB40B940F6B6312D20D7F7E3F9002365
:10918000C4F8A030DEE794F8993043F0020384F885
:10919000993038BDC4F89A30AB8893800023C4F866
:1091A000A6308B80F5E70B46162210B503F8032B8B
:1091B000D0F80920C1F80320427B1A71CB78BBB1EB
:1091C00030F8B43C1B0713D4B1F805400221204607
:1091D000D8F75AFA60B10088E9F73AF80221204638
:1091E000D8F768FA20B14FF41A712D20D7F7AAF9F1
:1091F00010BD0121ECF7E6B8FFF7FBBF08B590F80A
:1092000094300BB1012008BD90F8CC30002BF9D17F
:1092100090F8BE3003F0FF00002BF4D0E8F76EFEAC
:1092200080F00100C0B2EEE730B54FF4B47285B003
:109230000D4600210446F9F7B7FFFF2323701323DF
:10924000638042F21073E384D8F73AFB00220146B0
:10925000E0646846D8F778FB00220121E06CFAF759
:1092600051FE0422E16C6846D8F76EFB0022E06CE8
:109270001146FAF747FE04F13000E57400F029F9D1
:1092800002A8E9F78FFD20B940F20B312D20D7F766
:1092900059F902A904F13600FDF736FF05B030BDDB
:1092A000FF23C86C0B70FAF7FABD0078FF3818BFBF
:1092B00001207047F7B5044630300E4600F059F9EA
:1092C00061880746CA0605D52822EDF735FA8C30A5
:1092D00003B0F0BD8B07E06C0FD5FAF7B1FE054681
:1092E00021793846EBF79CFB63880146627900934D
:1092F00028463346FFF72AFDE9E7FAF791FEEEE745
:109300004388092B10B5044607D1ECF7A5FE20468B
:109310000121BDE81040ECF7E3BD10BD034608464F
:109320005A8812F0180F30B587B010D103F1300110
:10933000ADF80420D3E902459B8800916946ADF859
:109340001030CDE90245FFF731FE07B030BD0120F6
:10935000FBE7D0E902017047007D003818BF01200B
:1093600070470B68C0F816308B884383012303775E
:109370007047438813F0100005D013F0040F14BF9A
:1093800000201F2070479A0704D4DB0701D4D8F7C8
:10939000C3BAEE20704708B5FFF7EBFF003818BFDF
:1093A000012008BD4FF40043A0F8483043881D2B2E
:1093B00008BF00214174704790F91300704740883E
:1093C00000F0010070474088C0F3400070474088BB
:1093D000C0F3401070474088C0F3C000704710B51C
:1093E0004488C06CE30654BFC4F340040024FAF779
:1093F0000EFE002C08BF012010BD4088C0F30010F5
:1094000070474088A0F1090358425841704740799D
:10941000C31E012B05D8B1F87230012B0CBF0320FD
:109420000420704710B50446EAF716F8C0F30B00A5
:10943000A042F9D010BD90F8683001624B72D0F8AC
:109440006930C1F80A30B0F86D30CB817047704791
:10945000EBF72ABE80F888107047FF2380F88B3026
:10946000704780F8241080F825207047C0F3400230
:10947000C0F3800300F00100134418447047022831
:1094800008B507D0042807D0012807D039212E209D
:10949000D7F758F8262008BD2720FCE72520FAE753
:1094A0008278034612F0010002D0D978C9070FD59F
:1094B000900702D5D978890709D512F0040007D0A2
:1094C000DB7813F0040F14BF002004207047022043
:1094D00070470023C0F802300123437003707047C7
:1094E0008170704710B54270144601708078FFF7A4
:1094F000BDFF484304FB00F2FE2A03DD5C212E2061
:10950000D7F720F810BD0023C37043710371704773
:1095100010B50446FFF7C4FF637962780133DBB20C
:109520009A4263710CD1E3780022A17803436271FF
:10953000DBB29942E37001BF2379E27001332371FA
:10954000BDE81040FFF79BBF38B504468078FFF7B1
:109550008DFF0146E078FFF789FF2378227965784F
:109560009B1A6B4359436379C91A00FB1510C0B2AB
:1095700038BD014608B58078FFF778FF4A780B7848
:1095800053435843C0B208BD08B5427903462AB1D7
:10959000FFF786FFBDE80840FFF771BFC07881077D
:1095A0000BD410F00100F5D19B785A0707D413F0C3
:1095B000020F0CBF01200220ECE70220EAE70420A2
:1095C000E8E7042806D1920102F53472803201FBEB
:1095D00002F07047032803D1120102F5E772F5E7A4
:1095E00002280BBF0B320A329200D200EEE740F2A3
:1095F000EF20704740F25A335843704710B5044685
:10960000FEF7FAFC2046BDE8104001F0A9B808B505
:10961000436893F88F20172A04D04FF4A9613120B2
:10962000D6F790FF1B2283F88F2008BD08B543684A
:1096300093F88F20322A06D1002283F88F20BDE8CC
:109640000840FEF7F2BC172A03D11B2283F88F20B3
:1096500008BD40F25D513120D6F774FF037D63B938
:10966000C37B90F85000A3F11102032A05D928B159
:109670001D2B8CBF00200120704701207047037D07
:1096800063B9837B90F85000A3F11102032A05D936
:1096900028B11D2B8CBF002001207047012070478E
:1096A00038B50E38536814460D4693F88E200928B5
:1096B0003FD8DFE800F0053E3E3E0F3E173E3E2617
:1096C000042A05D12046FEF797FC2046EAF7F4FC71
:1096D000002038BD102AFBD120460021BDE83840CB
:1096E000FEF71DBF1E2AF3D12046FEF785FC002D94
:1096F000EED0626892F8E03023F0200382F8E03088
:10970000E6E793F88F20242AE2D10025204683F84B
:109710008F50FEF78AFC636893F82C31012B03D13C
:1097200029462046E8F760FC6368002283F82C2174
:10973000CEE740F24F213120D6F704FF02464068C1
:109740000B4690F8E01041F0040180F8E0105979E0
:109750001879EDF779B938B50D460446D1E9050118
:10976000D8F754F895F81C0220280FD0F8F73EFBE4
:1097700095F81C02F8F7F6FE95F81C02F8F700F8C9
:1097800020B940F6FE013120D6F7DCFE0D2120463F
:10979000D7F790FF0E212046D7F78CFF10212046E7
:1097A000D7F788FF0F212046D7F784FF11212046E5
:1097B000D7F780FF20461221BDE83840D7F77ABF9F
:1097C000D8F7D2BE0022A0F88E2080F8922090F820
:1097D000D33113B10221DAF71DBA0321FBE738B503
:1097E0000446084694F8883213B10C25284638BD43
:1097F00094F88F30163B012BF7D894F8B83203F069
:10980000FF05002BF1D191B194F8EE3123B940F668
:109810006D213120D6F796FE052304F1F80204F5F8
:10982000EF71F9F73FFA012384F88832DEE702236B
:10983000FAE7E9F7B5BFE9F7EDBF022910B504462D
:1098400003D003290BD07B210EE00421D7F71CFFA6
:1098500068B920460621BDE81040D7F715BF06219C
:10986000D7F712FF18B97221AA20D6F76BFE10BDE8
:1098700010B50F21D7F708FF0446C37A9BB1052125
:10988000C08BD7F701FF70B15030FFF7E6F918B180
:10989000B621AA20D6F756FE0521E08BD7F70AFF9E
:1098A00008B1B721F5E710BD08B5032805D8DFE8F2
:1098B00000F009020902002008BD4FF40471AA203B
:1098C000D6F740FE0120F7E770B5466805460F2140
:1098D0003088D7F7D9FE044601462846EEF720FD2A
:1098E00018B102280AD0FE2007E094F85A00FFF7CA
:1098F000DBFF002814BF1C202A2070BD002386F83F
:109900003531F0E738B50D460F21D7F77FFE044615
:1099100020B940F27931AA20D6F714FE882200211E
:10992000F9F742FC95E80F0084E80F0038BD436862
:1099300093F818212AB1002283F88E2083F8CA20D8
:10994000704783F88F20FEF770BB436893F88E2032
:10995000032A05D1002283F8CA2083F88E2070479D
:10996000FEF763BB10B50446FEF746FB2046BDE894
:10997000104000F0F5BEE4F7D7BDA1F11303012BB1
:109980000AD910B9172902D87047132906D91C29FA
:109990008CBF0020012070470120704700207047D5
:1099A00038B5142853680D46144693F88E300BD002
:1099B000162819D0122830D1052B13D100211046BA
:1099C000BDE83840FEF7ABBD1E3B022B0AD810465F
:1099D000FEF712FB35B1626892F8E03023F0200305
:1099E00082F8E030002038BD212BFBD11046FEF775
:1099F00003FB6DB1626892F8E13023F0010382F855
:109A0000E130626892F8E13023F0080382F8E13037
:109A10001A212046E8F7E8FAE4E740F25D413620F3
:109A2000D6F790FD024640680B4690F8E01041F0F2
:109A3000040180F8E01059791879EEF7B9BF08B53C
:109A4000EEF75EFD18B9BDE80840D8F78DBD0021DE
:109A5000BDE808400846EFF773B838B50C46054630
:109A6000D1E90501D7F7D2FE94F8F10120280FD0F3
:109A7000F8F7BCF994F8F101F8F774FD94F8F101E6
:109A8000F7F77EFE20B940F6A8113620D6F75AFD2A
:109A900004F5E4742046EAF7C9FE10B12046EAF75F
:109AA000D3FE0D212846D7F705FE0E212846D7F70D
:109AB00001FE10212846D7F7FDFD0F212846D7F7D4
:109AC000F9FD11212846D7F7F5FD28461221BDE8FA
:109AD0003840D7F7EFBD00207047E9F727BDE9F719
:109AE00047BEE9F797BE014638B5448E91F89230EB
:109AF000A400B0F8C00013BBC0F1060591F8BE3059
:109B00002D1B1BB191F88E30052B1CD101F180006B
:109B1000FFF7B5FDC8B1D1E92D031B1A1C1BAC42E0
:109B20000888A8BF2C4600F051FE20B1C389043B31
:109B30009C42B8BF1C4624EAE47080B238BDB1F83C
:109B4000C2502D1ADAE70024E9E72C46E7E70020A7
:109B500070478B210A2008B5D6F7F4FC83210A2030
:109B600008B5D6F7EFFC90F835304BB9B0F8523065
:109B7000828A9B1A9BB2032B8CBF01200220704764
:109B8000012070470020704710B50C460A21E08D77
:109B9000D7F77AFD10B1FF2380F8A630A06820B96E
:109BA0004FF4F9710A20D6F7CDFCBDE81040FAF762
:109BB00076B970B50E4604210546D7F765FD044613
:109BC00048B906212846D7F75FFD20B116B190F8B5
:109BD000BD3003B90446204670BD90F82D200346E1
:109BE00052B901319B7BC8B20BB10230C0B201281F
:109BF00084BF0130C0B270470231F3E7C28D70B547
:109C0000044690F8300094F834104FF6FF7301F0DA
:109C1000FF05B1B99A4294F835100ED0002814BF50
:109C20003B252325A068FAF7FBF92B460146227C49
:109C30002046BDE87040F0F7B9B8002918BF0925E3
:109C4000F0E79A42EAD10925ECE710B514461A4626
:109C50009DF80830F0F7AAF800F5D570A0428CBF47
:109C60000020012010BDFF2380F82C307047C17305
:109C70007047FFF789BF70B504460668FEF754FFCA
:109C800005462046FEF7E9FF044635B196F8A230B6
:109C90001BB106F1D000EAF7D7FD204670BD007D6C
:109CA000A0F1FF0358425841704738B590F837503B
:109CB00000230446052D80F8373002D10089F1F7E2
:109CC00099F850342046FEF753FF08B1042D04D113
:109CD0002046BDE83840FEF78DBF20460121BDE893
:109CE0003840EAF731BD4FF4D6710D2008B5D6F7EC
:109CF00029FC38B50546C07D0C46F4F7BDFDEA7D6C
:109D000000F523434FF47A70A133042AB3FBF0F338
:109D100010D164B94FF4E77007E0032A07D0022A94
:109D200040F6480008BF4FF48560184438BD41F242
:109D3000BE10FAE7002CF0D1032AEBD0022A0CBFA8
:109D40002C205020F1E71D2313B50B70044630F88A
:109D50003E3C0A30A1F80330FEF77FFF20B140F20D
:109D6000C1110D20D6F7EEFB052134F83E0CD7F7D4
:109D7000A1FC10B140F2C311F3E7042363F3070021
:109D8000022363F30F2002B010BD10B5044690F813
:109D90006030042B10D090F86030062B0CD050307F
:109DA000FEF7F0FEA36F984208D903EB4303D4F803
:109DB0008C200344934201D3012010BD0220FCE714
:109DC00010B504465030FEF7CEFE88B994F837300F
:109DD00013F0FD0F0AD12046FFF7D7FF431E59426B
:109DE00059412046BDE81040FFF783BF0121F8E745
:109DF00001212046FFF77DFFB4F89030184410BDD4
:109E000031B10B789B091841C04300F00100704745
:109E100080F01000C0F3001070470020704737B585
:109E2000054608462821FEF73BFC044630B38378FC
:109E30008DF80030C3788DF8013003798DF8023049
:109E400043798DF803308379684603F01F038DF85A
:109E50000430FDF773F888B1B4F80720B5F8623024
:109E6000D31A1BB2002B09DD01230098EA8585F87F
:109E70002C309DF80430286385F8343003B030BDB1
:109E800090F82C3010B5044673B1C38DB0F8622041
:109E90009B1A1BB2002B07DC00F130011E30FDF7CE
:109EA00033F9002384F82C3010BDF8B500F15004CC
:109EB0000546D1E904672046FEF755FE32463B468B
:109EC00060B12046EAF768FC044610B90024204639
:109ED000F8BD3E212846F0F70DFAF8E72046EAF7EC
:109EE00073FC04460028F1D02846F0F789FCEEE721
:109EF00090F83730042B04BF002380F837300089F6
:109F0000F0F778BF70B50446056807292FD8DFE859
:109F100001F0041414212E25302A05F15000FEF71B
:109F2000BFFD28B9A3682846DB68BDE87040184724
:109F30002846BDE87040F0F71BBC2846FFF7D8FF65
:109F40002046FEF7ADFDA0B120460021BDE87040DF
:109F5000EAF7FABBBDE87040F4F724BA8368BDE8BD
:109F600070401B6918475B210C20D6F7EBFA5E2185
:109F7000FAE770BD012070472DE9F843B0F8DA30F8
:109F80000E46C589044601335B1BD0E904529BB2DF
:109F90005D19A9B242F1000800F05EFA0746E8B97F
:109FA000B4F86C3094F85420013394F838105B19ED
:109FB000A3FB023540EB0808013B02FB085848F1BF
:109FC000FF35032920D1D4F8981051B1C2EBC20259
:109FD000D2439A424FF07F03AB4107D33846BDE8E6
:109FE000F88340F2EF414D20D6F7ACFAA37E022B66
:109FF00005D0A37F1BB90823E377FF23A3777F2D29
:10A0000094BF00270127E9E7D6E9048904F1C806CF
:10A010003046FEF7A8FD42464B4658B13046EAF7B7
:10A02000BBFB05460028D9D03E2120462F46F1F73C
:10A03000B7FDD3E73046EAF7C7FB28B10821204631
:10A040000127F1F7E5FDC9E7D4F8983013B17F2D6A
:10A05000C4D9F3E740F21D51C5E7E0F7F9BB70B58D
:10A0600015461E46D0F8984044B1F83C2A4633467F
:10A070002046F4F7B5FDD4F8F840F5E770BD37B5E4
:10A080005C1C058AE4B22B460094FDF7E6F803B0A9
:10A0900030BDF0F71BBF0A4608B590F8573090F86E
:10A0A0006F1032B11BB10C20FAF7E8FA08BD082096
:10A0B000FAE790F85800002BF6D00430F4E710B51A
:10A0C0000446E7F763FF631E012B06D9042C06D173
:10A0D00080F00400C0F3800010BD0020FCE70120E8
:10A0E000FAE70AB1043080B2FAF7E0BA08B52C23D7
:10A0F0000B70437A0B7110F87F0CC8700A21D7F7E8
:10A10000D9FA20B14FF4B8714920D6F71BFA08BD2F
:10A1100008B52A230B70437A0B7110F87F0CC870B6
:10A120000A21D7F7C7FA20B14FF4E2714920D6F7D8
:10A1300009FA08BD38B504460D46F1F745FC294635
:10A140002046BDE83840E0F7C3BA0020704710B59C
:10A150004FF4907200210446F9F726F8F1F73CFC21
:10A160000023C4F8D000C4F8C840C4F8983010BD2B
:10A1700038B591F838300C46032B08D1002194F8FB
:10A18000A600FFF716FD10B14FF6FF73C38504F16B
:10A19000C800FEF762FD18B1E9214920D6F7D2F9CF
:10A1A000D4F8985015B32B68C4F8983094F8383028
:10A1B000032B0CD1A5F1F80001F0C4FA0B2135F8FE
:10A1C000060CD7F777FA0028EAD0F421E5E7022B4E
:10A1D000E6D1A5F1F80000F0DEFB0C2135F8060C05
:10A1E000D7F768FA0028DBD0F921D6E738BD10B5DB
:10A1F0000139029C013803FB014402FB004010BD01
:10A2000010B903FB01F0704700985043704710B538
:10A2100050B903FB01F49DF8102008209DF80C10A4
:10A22000FFF75FFF204410BD029C5443F3E770B575
:10A23000044690F83B000E4694F83C5094F86F109A
:10A24000013E401B256E94F85720454394F8580072
:10A25000FFF747FFE16D01FB0655284470BD30B59F
:10A260009DF80C509DF81840B3FBF5F39DF8105085
:10A270005B1B9DF814506B4303FB022210440CB18E
:10A28000084430BD401AFCE741EA0020704770B531
:10A2900015461E460C46D7F797FC06FB05F19DF8C0
:10A2A0001020C9B2A14236BF641A0024E4B2012EC4
:10A2B00098BF012504FB0254844208DCF4F792FEA7
:10A2C000BDF81430984234BF0020012070BD00203A
:10A2D000FCE790F8541090F8563090F83E204B432D
:10A2E00090F85500DBB29A4289BFD31A002393FB42
:10A2F000F1F3DBB25843704702292DE9F04780465D
:10A300000D469146DDE909761ED940F6C41A0AFBCE
:10A3100003FAFCF724FB01465046F5F7C7FB044659
:10A320004FF4FA715046F5F7C1FB23182033089813
:10A330009630B8F1000F09D1834238BF034633602D
:10A340006B433B60BDE8F0870023F0E7386000FB1B
:10A3500009F098422CBF30603360F3E74FF480720D
:10A360000021F8F721BF70B50C460546A8B1A1B190
:10A37000837E93B90B784A78C3F382030376CB7854
:10A38000012B0BD1032A08D9022383760B79C377DB
:10A390004B798A7943EA0223038470BD002BFCD1F8
:10A3A000072AFAD90E1D3046FCF7C8FD0028F4D064
:10A3B0000123AB76637AA27A43EA02232B85636892
:10A3C000C5F82330237A85F82730E6E713B503462E
:10A3D000027E807E02F00702012810D0022822D1DE
:10A3E000D87F01241B8CCC70A1F8053004230871A0
:10A3F00092004B7042F003020A7002B010BD1C8D37
:10A40000D3F8230093F82730ADF805408DF80430D9
:10A4100000234860CB70BDF804009DF80630088129
:10A420008B720823E4E760215020D6F78BF8837EF7
:10A43000012B10B504460ED1038D028A013B9B1AF5
:10A4400047F6FD729BB2934205D900F12301FCF758
:10A450005BFE0023A37610BD08B5837E022B14D1CA
:10A46000CB43018C0B4447F6FD719BB28B420CD958
:10A4700090F83830022B04D1C17FF1F7C9FB0120DD
:10A4800008BD1621F1F7D8FBF9E70020F8E7F8B589
:10A49000827E044612B100252846F8BD837F03F072
:10A4A000FF073BB1038A0733038402238376827755
:10A4B0000125F1E790F82230002BECD000F12306C3
:10A4C0003046E8F76FFC05460028E4D084F8227097
:10A4D0000522611C3046F8F701FE0028DBD0238AF4
:10A4E000073323850123A376D6E770B590F90F30A3
:10A4F000041F0D1F0C30DB110022DBB254F8046F77
:10A5000042EA4602844245F8042F22684FEAD2729A
:10A51000F4D10A7823F0780353400B7070BD2DE915
:10A52000F04111F0030498B006460D4690461F46D0
:10A5300003D0B7215220D6F705F85022214604A8AF
:10A54000F8F732FE1E9B1022214608A816938DF8BC
:10A550005D7010AF8DF85C80CDE91465F8F724FECE
:10A5600030460CAE07236A4608A9F8F79BFB314634
:10A570006846FFF7BAFF39463046FFF7B6FF1022AC
:10A5800021460DEB0200F8F70FFE9DF85C30A3F1B9
:10A590001008159D102B454414D92B1F04AA0C3507
:10A5A00053F8041F52F8040BAB4281EA0001D1605A
:10A5B000F6D1072304AA08A91498F8F773FB5FFAE9
:10A5C00088F3E4E7C3F1100304AA13F0FF0318BFF4
:10A5D0003E4603F1FF3CE1B299421CD264450CBFF8
:10A5E00080210021375D013412F8010B102C80EA24
:10A5F000070081EA0001D173EDD19DF85D3008A913
:10A60000169A002B149814BF07230523F8F74AFB6A
:10A6100018B0BDE8F081295DE4E708B518B9F1216B
:10A620002420D5F78FFF27230B70B0F809308B80DB
:10A63000037BCB70C37A8B7108BD436893F8E3202A
:10A64000520708D593F83E2102F0FF002AB9FF22F5
:10A6500083F83E2170471A2070473A2070471D2327
:10A6600010B50446C370E7F7B7FC207110BD1E2378
:10A6700010B50446C370E7F7AFFC207110BD08B5F4
:10A68000436893F88E201AB16F212420D5F75AFF22
:10A69000332283F88E2008BD08B50378426833B9A9
:10A6A00092F88F306BB17A212420D5F74BFFD2F886
:10A6B0008030D90501D47E21F6E723F48073C2F8F7
:10A6C0008030BDE80840FDF7B0BC08B502784368AB
:10A6D0004AB993F88F20DAB9332283F88F20FDF737
:10A6E00094FC002008BDD3F8802012F4807F11D1A3
:10A6F0000979072905D94FF4E952A3F8122132222A
:10A70000EBE742F4807283F8C211C3F88020E6E7D9
:10A710000120E7E72020E5E710B5446894F88E3083
:10A72000332B1BD1037809791BB1072998BF84F813
:10A73000C21194F83E314BB1072940688CBF1E22EC
:10A740000022F2F761F9002384F83E31002084F8FA
:10A750008E00A4F8C60084F8CA0010BD0120FCE7F2
:10A7600010B5446894F8E33023F0040384F8E33030
:10A7700094F83E313BB11122FF214068F2F744F9D1
:10A78000002384F83E3110BD1D29034610B511D1B8
:10A79000446894F88E1033290CD194F83E1101F0DE
:10A7A000FF0031B1FF215868F2F72EF9002084F83C
:10A7B0003E0110BD0220FCE70123438003800023FB
:10A7C0008380C3804FF44863038170470E21D6F71E
:10A7D0005BBF73B569460546FCF798FB044618B1A4
:10A7E0001F215420D5F7AEFE2846019EFFF7EEFF4D
:10A7F00028B101237386848144810482C48102B01C
:10A8000070BD0023012203804380038143814FF404
:10A810004863C2808280838170470346006860B1CC
:10A82000EFF3108272B618680168196002B962B657
:10A830000023037043708370C3707047F8B590F8BD
:10A840002C301BB9B0F89A402046F8BD90F89670AD
:10A85000B0F8904090F89530B7B10BB9013411E0E1
:10A86000D0E91E31426AD0E92056581B4FEA520304
:10A8700061EB0601C0184FF0000341F10001F8F749
:10A880004FFB0444A4B2DFE7002BDDD0D0E922C6A1
:10A89000D0E90031D0E90925B3EB0C032A4461EB80
:10A8A00006016FF001069E4277EB010104D240F2EF
:10A8B00099312620D5F746FEC17FB3FBF1F36B43F8
:10A8C0009A42C1D2CAE770B504460025E66B206EF5
:10A8D0001EB9D7F79BF9266670BDE16B0B68E36381
:10A8E0000D704D708D70CD70F9F7C4FAEEE7036E00
:10A8F00010B504460BB1002010BD807FD7F774F966
:10A9000020660028F7D10720F6E7F4F7B3B838B58A
:10A9100004460D46182200214830F8F745FC204631
:10A9200084F85450F4F7C4F810B9FF2384F8553074
:10A9300038BD002100220023783040F83C1C40F84C
:10A94000381C00F8581C40F80C1C40F8081C40F853
:10A95000041C40E91E232822F8F726BC034690F881
:10A96000302002F0FF0012B1186EF9F773BAFF221F
:10A9700083F8682070470B460146186EF9F77ABADB
:10A9800010B50446606C28B1036821466364FFF784
:10A99000F2FFF7E710BD10B5044690F830300BB168
:10A9A000F4F768F8236E3BB12046FFF7E9FF204635
:10A9B000BDE81040FFF787BF10BD38B50D4604460F
:10A9C000F4F758F83DB92046FFF7DAFF2046BDE816
:10A9D0003840FFF778BF38BD2DE9F041054686B015
:10A9E00019464FF00008EC7F04AB1046019302AB10
:10A9F000D5E90976009343467C43B4FBF6F4A4B250
:10AA00002246F8F7E5FABDF8102085F89880A41AD8
:10AA1000BDF80820B6FBF7F39BB2A5F89C40A5F85B
:10AA20009A20B2FBF3F103FB1123A5F89E3006B088
:10AA3000BDE8F0812DE9F04F0E4689B0044620B9FB
:10AA400040F241512620D5F77DFDD4F80B50A0F1FE
:10AA5000310750F8310C7968002D00F0C580D5E938
:10AA60000289494508BF404508D104F10B00FFF7B2
:10AA7000D4FE854266D040F25241E3E7804579EB4F
:10AA8000010356D395F818B0BBF1000F48D114F864
:10AA9000113C012B32D8D4F83F300133C4F83F3099
:10AAA00014F8013CDBB2039354F8313C01937B680A
:10AAB0000293DDE90132134307D114F8053C23B9B1
:10AAC000002200233846FFF787FFD4F8135045B122
:10AAD000D5E90223DDE90110984208BF914218BF71
:10AAE0000025039B002B00F02D83D4F83330049312
:10AAF000002B40F0868040F2DE31A3E714F8122CE0
:10AB00005B460192F8F70CFA8246019A5B46404692
:10AB100049461FFA8AFAF8F703FA80B28245BAD199
:10AB200004F10B00FFF779FE85422BD040F25D4126
:10AB300088E704F10B00FFF770FE854234D040F245
:10AB400074417FE7D4F8131000220B4623B982B179
:10AB500013682B601560A3E7D3E902C0814508BFE5
:10AB6000E0450AD0E04579EB0000F0D31A461B68B7
:10AB7000ECE72960C4F8135092E739462846FFF7FE
:10AB8000FAFE8DE7D4F8131000220B4673B9D2B148
:10AB900013682B601560D4F82F00F9F774F9D0B959
:10ABA00004F1130000F075FE394612E0D3E90260AB
:10ABB000814508BFB0450AD0B04579EB0000E6D327
:10ABC0001A461B68E2E72960C4F81350E3E73946E8
:10ABD0002846FFF7D0FE0022D4F80B309B1A8DF8E0
:10ABE0001C2018BF01231EE3D4F81330002B3FF4C0
:10ABF00052AFD3E90223994208BF90427FF44BAF92
:10AC00004EE7002D00F0D18014F8050C05F1200866
:10AC100095F8203095F8211040B113F0020F0CBFC9
:10AC200003230023012922D803213FE003F003027C
:10AC3000022A00F08F809B0700F1078394F86730A9
:10AC400012B92BB901230CE023B1012AFAD119B1B1
:10AC5000022309E0012AF5D1B4F86B20012A18BFBC
:10AC60000123C3F10103DBB2B4F8612017E094F8CB
:10AC700063E005F1230909EB0E0252780EEB020C9A
:10AC800019F80EE01EF0010F0CF1020C5CD1022A43
:10AC9000CAD98C45C8D8033AB4F86110D2B211446D
:10ACA00034F8152C9142D4BF00210121994238BFBC
:10ACB000194601298B4631D800284DD005F1230CC7
:10ACC00094F863001CF80030D90727D454F8192CE5
:10ACD0006044D5E9041390F803C0511843EBE273C4
:10ACE0000279120442EA0C2290F802C0002042EAE3
:10ACF0000C02914273EB000C10D3891AD4F84F2048
:10AD000063EB0000D4F853308A42834106D201231A
:10AD1000C4F84710C4F84B0084F865303846FFF794
:10AD20008DFDB4F85F20831A1FFA83F91BB2012B43
:10AD300040F08481BBF1000F40F038813268059209
:10AD4000BABB40F24F217DE694F865E0BEF1000FFA
:10AD50009FD169E7032387E7B4F86130002BDDD189
:10AD600054F80D0C14F8123C54F809CC4343B4F8D1
:10AD70006B20B3FBFCF39BB29A42CFD154F8191C61
:10AD8000D5E90432CB1842EBE172604505D2B4F844
:10AD90006D104843C31842F100020121C4F8473046
:10ADA000C4F84B2084F86510B8E7A8464FF0030BB1
:10ADB000B4E714F8051C05F1230A002900F095807A
:10ADC00094F863301AF803C00AEB030E1CF0010F6D
:10ADD0009EF80180CCF3400109BFA8F103080233BB
:10ADE00005335FFA88F814BF84F8633084F8633061
:10ADF000049BB4F8619003F1080C94F863309A4412
:10AE00001FFA88F30493002900F0BD809944D4F818
:10AE10004B30D4F847E0A4F13101C4F853301FFAA5
:10AE200089F9C4F84FE0D5E90223C1E922230121C1
:10AE3000A4F85F00059B84F8641034F8211CB180ED
:10AE400009F10801F1804FF481713181C3F800E00C
:10AE5000F2883168083A0871000A92B248718A7122
:10AE6000C2F30322CA7161463368B4F8612003F16A
:10AE700008000493F8F72EFAB4F86100049B4246E8
:10AE8000083051461844F8F725FAB4F861201FFA43
:10AE900088F31344A4F8613094F86330984484F83C
:10AEA000638094F82430002B6AD094F82330012B6F
:10AEB00039D0022B33D0002B4AD1B9F1000F47D043
:10AEC000D4F81F300133C4F81F300023A4F86130D8
:10AED00084F865305E4695F8212094F863309A42F4
:10AEE00080F00E8140F20D51ACE59DF81C1095F8F4
:10AEF00020C095F821806CF301018A078DF81C10A1
:10AF000007D184F86730B4F86B104B1E5942594191
:10AF10006EE794F86730002BF5D1594668E734F8AE
:10AF2000153C9945CCD1B9F1030FC9D933689E6856
:10AF300014F8053CA3B194F82B307BB1D4F827303A
:10AF40000133C4F82760FF2284F82B20B342B7D125
:10AF5000D4F817300133C4F81730B6E73346F0E7BA
:10AF600054F80D1C14F8122C4A4354F8091CB2FB77
:10AF7000F1F2D5E9020192B2F7F7D2FF8642E6E795
:10AF80004FF0080BA1E7424651460CEB0900F8F7D9
:10AF9000A1F9B4F861201FFA88F31344A4F86130D2
:10AFA00094F86330984484F8638093E7BBF1020F10
:10AFB0000CBF4FF0010A4FF0020A0132002394F84F
:10AFC00065E0A4F1310C92B2A4F8613084F86530E8
:10AFD000A4F85F20BEF1000F4FD194F864E0BEF1F9
:10AFE000000F61D054F80D3CDCE920011B1841F141
:10AFF0000001CCE9203194F82410002956D094F8AF
:10B000002B3023B1D4F827300133C4F82730D4F8DB
:10B010001B3000260133C4F81B30A4F13101D1E903
:10B020000023C1E92223BBF1000F1CD0B8F1000FAF
:10B0300019D098F8013084F8633014E01ADCB8F1C4
:10B04000000F00F0008114F8053C83B1BBF1000F44
:10B050000DD194F863309844023398F804201344D7
:10B06000002684F86330002D7FF435AF49E098F86E
:10B070000130F5E74FF0020A9FE75FFA89F054F8D4
:10B080000D1C0138C317A0FB010901FB0399DCF873
:10B090007830DCF87C101B1A61EB0901CCE9203117
:10B0A000012184F86410A6E77346A4E734F8211C54
:10B0B000BEF1000F86F809E0B18018BF08204FF0FC
:10B0C000020104BF0420002331721FFA80FC18BF64
:10B0D0003168A0F10400A6F806C018BF0B60316803
:10B0E000F6880B180A54A6EB0C06120AB6B25A7070
:10B0F0009E70C6F3032646EA8A16DE7008268CE7A1
:10B100006CD1019B5A1C029B43F1000344F8312C83
:10B1100044F82D3C14F8053C63BB54F80D0C14F8AE
:10B12000122C54F8091C4243B4F86B30B2FBF1F214
:10B13000013B92B29BB29342A4F86B3004D340F22D
:10B1400019517FE4039EDCE7A3B9A4F86B20B4F89F
:10B15000692084F867300132B1FBF0F1A4F869206E
:10B1600089B2B4F86D20013292B2914218BF1346F1
:10B17000A4F86D30002384F86330CDB1D4F813C047
:10B18000BCF1000F02D14FF4AF615BE4DCE90212C5
:10B19000DDE90103934208BF8842F4D1DCF80020C6
:10B1A0006545C4F81320EED139462846FFF7E3FB86
:10B1B000039B9BB994F837305BB1D4F82F302BB197
:10B1C0003846FFF7DDFB3846FFF77DFB002384F8A8
:10B1D00037300023A4F8613084F86530D4F8133098
:10B1E000A4F1310254F8317C506833B1D3E90251F3
:10B1F000884208BFAF4218BF0023D4F80B1001BB30
:10B20000FBB9A4F12903D3E9000154F8313C526899
:10B21000013342F10002984271EB02032CBF01237B
:10B2200000238DF81C608DF81D3000209DF81C3027
:10B2300063F307009DF81D3063F30F2009B0BDE8EC
:10B24000F08F0123EDE746460DE703460CE50023AA
:10B250008365D0E92032013342F10002C0E9203297
:10B2600090F8633013B1013B80F8633070470023DE
:10B270000B704B708B70CB70EFF3108372B602685B
:10B2800022B90160416003B962B67047426811603B
:10B29000F8E72DE9F04F044685B04FF0000AA56DA0
:10B2A00065B9606D50B1F8F7D5FDA06530B11822D1
:10B2B0002946083084F86250F7F776FFA56D002D17
:10B2C00000F0B081B4F860C0277FBCF1000F16D148
:10B2D00094F863309BB197B90126294604F1240004
:10B2E000D4E9202385F8206085F82170C5E9022380
:10B2F000FFF7BDFF6E742046FFF7A9FFCFE7E66AB0
:10B30000002E00F08F8196F8211001F03003202BE1
:10B3100004D040F2ED119520D5F714F9090901F098
:10B320000401314401F1280301F124080093BCF128
:10B33000000F6DD1D6E9021E002F53D0D6E90423A9
:10B34000D6E906098A1A6EEB0303012A73F100019C
:10B350002DDBB2F1004F73F1000301DBD121DAE7FD
:10B36000A1694B1E1344B3FBF1F31818E27BD4E937
:10B3700020E149EBE373A0FB0209704502FB039354
:10B3800073EB010238BF704694F862E038BF0B4699
:10B39000BEF1000F1BD0D5E90221994208BF8242BD
:10B3A00015D06B7C002BA6D140F2FF11B3E752EA17
:10B3B00003010AD0B2F1004F73F1FF3301DAD62155
:10B3C000A9E7A36992FBF3F3CFE70123CDE7C5E932
:10B3D0000203A37BA3EB0E03DBB2042B14D84FF4C0
:10B3E000027198E7D4E90532E07BB2FBF3F3B0FBDE
:10B3F000F3F2DBB2A2FB0191B0FBF3F002FB0E1102
:10B40000C5E9029184F86300D5E90223C4E9202349
:10B4100005F12303002F00F0E680E17BB26994F888
:10B420006200A2FB01E2D4F88020A2EB0E02B2FB84
:10B43000F1FEA169D6E90472EEFB0172914610B1EA
:10B44000BCF1000F31D11A18D6E9021E6266821CC7
:10B4500023F800A0D2B284F86220BCF1000F40F0C3
:10B46000BD808F4279EB0E0002D240F29B1152E771
:10B47000791A11F07F4F02D04FF4D0714BE703914E
:10B480009918BDF80CE09DF80E0023F802E08870D2
:10B4900094F86220033284F86220626E517803319E
:10B4A000517011786CF30001117096F8232096F812
:10B4B00022B002F03F02D4E920015BEA022BC5E989
:10B4C000020109D096F82120520654BFABF1040BBB
:10B4D000ABF1080B1FFA8BFBB4F8601094F8620014
:10B4E00094F80EC0ABEB010EACEB000C1FFA8EFE15
:10B4F00018445FFA8CF2DDF800C096458C4438BFE2
:10B500005FFA8EF261460192F7F7E4FE94F862105A
:10B51000019AB4F86030114494F81CC01344C9B2C5
:10B520009BB284F86210A4F86030BCF1000F18D010
:10B53000606E90F801E07244427098F803E098F869
:10B5400002200EF00F0E42EA0E22A2EB030EDEF1F5
:10B55000000242EB0E0290F800E062F3410E80F828
:10B5600000E098F8030098F8022000F00F0042EA8B
:10B570000022A07B884201D0934228D1687CA0B3EE
:10B58000EFF3108372B62A7C0AB985F8211003B94B
:10B5900062B6237F0BB96A7CB2B994F862C0A07B13
:10B5A000844511D02A7C7AB98BB16369D6E902123D
:10B5B0005B1842F100029F4279EB020304D3A0EB37
:10B5C0000C00C0B2082802D82046FFF740FEB4F8AD
:10B5D00060305B451DD94FF419719CE61A5C42F04E
:10B5E00001021A5461E7B9465FE7BCF1000F0ED1C2
:10B5F0009B1A18BF012385F8203004F1240085F838
:10B600002110A16DFFF733FE01236B74C1E7022304
:10B61000F1E77FF444AE31462046F3F743FEA4F849
:10B6200060A03CE605B0BDE8F08F3E38FFF731BEC4
:10B6300070B504460025666A16B9A16D59B970BD8A
:10B64000616A606D0B6863620D704D708D70CD70B6
:10B65000F8F710FCEFE7606DF8F70CFCA665EEE775
:10B66000436D10B5044633B1FFF7E2FF606DD6F7C6
:10B67000C5FA0023636510BDC0E92C237047C0E9FB
:10B680001A23009BD3E90223C0E91C23FF2380F87F
:10B690007830704702230B708B70704790F87730CA
:10B6A00007B513B94372002010E0037F03F0FF02D7
:10B6B0007BB90D230B7001238B7030F8343CA1F85B
:10B6C0000330437AA1F805304272042003B05DF8DC
:10B6D00004FB3438F3F7E4FBE5E737B50446FF2510
:10B6E00080F850500025C564079D0195069D009582
:10B6F000F3F700FE054610B92046F3F7D1FB2846C4
:10B7000003B030BD38B50446406DF8F79DFB002509
:10B71000582229466562A018A562E5622563F7F7FD
:10B7200043FD294604F1B8001022BDE83840F7F780
:10B730003BBD10B50446F3F79FFB2046BDE8104023
:10B74000FFF776BF10B5044690F820300BB1F3F741
:10B7500013FE2046BDE81040FFF782BF08B5F7F79B
:10B7600059FBBDE8084000F038B8801A00F3070024
:10B7700038B50D46144659B240B2F3F7A3FE002384
:10B78000287020446B7040B238BD002303607047BE
:10B790007047002070474FF0FF3070474FF0FF3088
:10B7A000704770474FF0FF3070470020704700200F
:10B7B00070470023037070479DF800300022FFF7A8
:10B7C000D4BF002070474FF0FF3070474FF0FF307C
:10B7D00070474FF0FF307047704770470020F3F715
:10B7E000A7BE0020F3F730BF0020F3F75BBF0020B7
:10B7F000F3F79EBE7047F4F7D9BB70B50024F4F799
:10B8000005FA05462646E0B2854200D870BDF4F739
:10B8100003FA0134868480F82660F4E7024608467D
:10B8200013688B4203D121B10B68136070470BB9C9
:10B83000184670471A461B68002BF9D08342F9D18D
:10B8400003681360704703460068884209D1EFF32C
:10B85000108272B6186808B10168196082B962B6C0
:10B86000704748B97047884206D1EFF3108272B62C
:10B87000186801681960F1E7034600680028F2D1F2
:10B880007047006820B1034600680028FBD11846C5
:10B8900070470346006830B550B10468014622463F
:10B8A0000AB91C6004E015681DB9086803680B60DC
:10B8B00030BD11462A46F3E7F7F784BA00207047F7
:10B8C00001207047704720BF704700207047002854
:10B8D0000CBF6FF015000020704700207047072351
:10B8E000037000207047002070470020704710F858
:10B8F000012B11F8013B012A28BF9A42F7D0D01A38
:10B9000070470000014805F04FBB00BF240900212B
:10B9100007B5CDE900010146054807F040F90022CE
:10B9200000236946034805F083F903B05DF804FB82
:10B93000C8720021F408002138B5094D4FF0FF32DC
:10B940004FF0FF33284605F0FDFA044601F0A6FC4F
:10B9500010B1204601F0B6FA05F09EFFEEE700BFF9
:10B96000540900212DE9FF47DFF8E090384FDFF858
:10B97000E4804FF0FF3302A94FF0FF32484605F054
:10B98000B7F9029C039E234613F8010B711E02288F
:10B99000039125D0052836D0012804D02146384609
:10B9A00007F017F9E5E70229F8D9E278043E964254
:10B9B000F4D10322CDE900324FF0FF324FF0FF33D4
:10B9C00001F02EFC0546043405F10C0A504607F040
:10B9D000B5FB864229D9284601F074FA0299DEE7C0
:10B9E0000329DBD9B4F80320053E9642D6D10420C2
:10B9F0004FF0FF32CDE900304FF0FF3301F010FC83
:10BA000005340546E0E70329C8D9B4F80320053E0C
:10BA1000C2F30D029642C1D104221020CDE90032BA
:10BA20004FF0FF324FF0FF33E8E7214632465046F1
:10BA300007F063FB3846029907F0CBF8002D98D049
:10BA40002946404608F04BFE93E700BFF40800216A
:10BA5000C87200215409002108B50A4801F02AFCE7
:10BA600070B9094807F060F8002802DA10F1780F81
:10BA700006D1BDE80840054A0549034807F062B809
:10BA800008BD00BF3C090021704E030100080021E1
:10BA9000C872002170B54FF0FF324FF0FF330D48F0
:10BAA00005F0BCFA0C4E0D4D4FF0FF324FF0FF3356
:10BAB000304605F047FA04462846228AE16807F036
:10BAC00055F8002803DB204601F0FCF9ECE705F00F
:10BAD000E3FEF1E7240900213C090021C87200219E
:10BAE000014B1B68184700BF1C080021014B186060
:10BAF000704700BF1C08002130B585B004460D46D4
:10BB000010220021684609F0F1F802238DF8023076
:10BB1000044B2A4621466846019306F05FFA05B0B9
:10BB200030BD00BFE1BA020180B505460E4617469A
:10BB3000984605F055FF034609F0E0F80446DFF8A3
:10BB40001890424649F8003039463046A84754F824
:10BB5000090000F0C7FD00BF080000002DE9F04714
:10BB6000058B04462807904611D4022905F00705E5
:10BB700040F0CC80204606F0F0FE78B10138218BF1
:10BB8000042811D8DFE800F0C2106D859500012966
:10BB90000CBF45F0100545F02005258388F311887A
:10BBA000BFF36F8FBDE8F08701F0070AAA4500F0E8
:10BBB000A5800027B9463E46A368002B00F0BC8054
:10BBC00041F00801218388F31188BFF36F8FA168CA
:10BBD000002900F0BA800D68002900F0B6803346D5
:10BBE00052462046D1F80480C047002D76D02B68FD
:10BBF00029461D46F0E701F007035A1F012A1BD80A
:10BC0000002221F00701062B276889B2C4E900222F
:10BC100009D13B4603E0628B013262831B68002B33
:10BC2000F9D141F002012046218306F096FE00285A
:10BC30007AD041F0200176E0042B0AD121F00701EF
:10BC400089B22046218306F088FE10B141F0200120
:10BC50002183218B01F0070AAA454FD00027B9465E
:10BC6000AAE7236921F0070141F00601062DD3F868
:10BC7000009021832DD1B9F1000F3FD041F0080190
:10BC8000218388F31188BFF36F8F20463949C84755
:10BC900029E021F00701236941F0040189B2042D54
:10BCA000D3F804902183E6D000274FF0040A3E46E3
:10BCB00082E721F00701236941F0050189B2052DD2
:10BCC000D3F808902183D6D000274FF0050A3E46CE
:10BCD00072E700274FF0060A3E466DE72B4687E7DE
:10BCE000B9F1000FD1D1EFF31188402383F312880B
:10BCF000BFF36F8F238B23F008032383258BEA0682
:10BD00002ED525F01003238305F007056669218BE6
:10BD1000002EBFF670AF00232768C4E9003321F07E
:10BD2000070141F001012183218B4FF0000901F04F
:10BD3000070AAA457FF440AF002F9CD041F00801CC
:10BD4000218388F31188BFF36F8F002FC8D03D681F
:10BD5000394633465246204606F02BFE2F46F4E77E
:10BD6000AB067FF51BAF25F02003238305F0070505
:10BD700000E700BFDF29030130B50C460E4985B04E
:10BD80000291D0F8D4110546CDE9003100F1F0015F
:10BD90004FF0FF33204604F075FB50B9012384F8BF
:10BDA0006C30D5F8D03123B1204605B0BDE8304025
:10BDB000184705B030BD00BFF72C030138B50C465D
:10BDC0001146054606F099FF034638B9284604494E
:10BDD00006F093FF03460020236038BD0120FBE7F7
:10BDE000065A03012DE9F04F012381460569466893
:10BDF00087B005F55D77D7E8EF2F002A03D1C7E8B4
:10BE0000E13F0029F7D10CBF1A46002240F0B08074
:10BE1000B368B16A05F5F8781C1F104606F0F4FF08
:10BE200084426ED8013A00F09D80B2FA82F24FF05F
:10BE30000044D44072682046073222F00302C5F85D
:10BE40003C22B16A06F0E0FFC5F84002B36A404602
:10BE50006343033323F0030302EB4302230103EBA9
:10BE60004403093323F0030303EBC403C5F834226E
:10BE70001A440832C5F830227368C5F83842C5F84C
:10BE80002C323D4BC5E9AD63316800F0E5F904465D
:10BE9000002834D1D9F810B0D9F804A0D9F800306E
:10BEA0000BF53479059004934846DAE90734012B01
:10BEB00008BF103C08F092FCDAF824002F4904ABCC
:10BEC00001EB80214FF4806248460093234605F041
:10BED00009FA2B490BF5307008F039FCDAE9050155
:10BEE00083685C684CB15B46264AA047044630B97B
:10BEF000DAE9050183681B692BB96FF0570400214B
:10BF000029E0013289E70122984704460028F6D14A
:10BF10001D4B2846C5F8D0311C4BC5F8D4311C4BFD
:10BF20000393D5F840320293D5F83C32CDE9008333
:10BF300005F51173B26AD5F8701300F055F904468F
:10BF40000028DCD105F1F00004F042FB0028C5F820
:10BF500078030ADB0221384606F003FF204607B0CB
:10BF6000BDE8F08F6FF00B04C9E76FF01504C6E76A
:10BF70006FF07704F2E700BF4D2D0301E87F002149
:10BF8000332D0301272D030195BF0201DF2E03018D
:10BF9000932D030113B5044640B100230122CDE9DE
:10BFA0000032074BD0E9091204F040FA236F1B68F6
:10BFB00023B1606F02B0BDE81040184702B010BD59
:10BFC000065A030113B504460846216901F55D715F
:10BFD000D1E8AF1F022910D193B1A0B10121CDE961
:10BFE00000311346D0E9091204F020FA074B9842B9
:10BFF00008BF6FF00B0002B010BD6FF00F00FAE742
:10C000006FF04C00F7E76FF00100F4E72EF8FFFF48
:10C010002DE9F34789461546066906F55D73D3E8B1
:10C02000AF3F022B64D1136823B96FF0150002B043
:10C03000BDE8F0871B78002BF7D0D6F870A3BAF1D3
:10C04000000F36D106F5EC774FF0FF324FF0FF339B
:10C05000384604F0AFFE30462A6801A9FFF7AEFE6D
:10C06000019C80461CB9384606F079FEDDE705F1F3
:10C0700008032367AB6984F86CA06367646460B1EC
:10C08000384606F06CFE21463046A36E2A68FFF75C
:10C0900073FE0020C9F80040C9E71F22296804F197
:10C0A000480008F0A4FD384684F8678006F057FE83
:10C0B000EFE73046104906F020FE04460028B4D0D1
:10C0C000002705F108030367AB6980F86C704367CC
:10C0D00040641F222968483008F089FD224601216A
:10C0E000304684F8677000F061F80028D1D09CE7F2
:10C0F0006FF00F009BE700BF065A030110B50C4616
:10C10000006900F55D73D3E8AF3F022B0FD189B111
:10C110000A4900F5307008F046FB204607F003FF9F
:10C1200078220021204608F0E1FD002010BD6FF0CC
:10C130000F00FBE76FF00100F8E700BFD0720021AD
:10C140002DE9F04F05460E4690460027D0F8C4A0D2
:10C1500085B0AAF5BE7421463046FFF7C8FBE0B9AA
:10C16000114BA4F1480B0293DAF810303246CDE9B6
:10C17000008329464FF0FF335846AAF5E27904F0D0
:10C1800081F960B97823012203FB079383F86C20BF
:10C19000DAF80C300BB158469847783417B105B02F
:10C1A000BDE8F08F0127D6E70D2F03011FB5144618
:10C1B00090B18AB1012912D10A4B00F1F00102932A
:10C1C000D0F8D431483201934FF0FF33204600932A
:10C1D00004F058F904B010BD6FF01500FAE7002024
:10C1E000F8E700BF0D2F03012DE9F04387B00E469D
:10C1F000DDE90E811446DDE910251F4630B329B371
:10C20000DFF850C000F1F009002D08BF65469EB967
:10C21000CDE9034400F5E2742046059608F01BF9C9
:10C2200003ABCDE900432A463B464146484604F06D
:10C2300049FA07B0BDE8F083002241460E92484615
:10C240002A4607B0BDE8F04304F08CBB6FF0150040
:10C25000EFE700BF41C10201F0B504462B4A87B0A9
:10C2600004AB0E4692E8030083E80300002C49D09B
:10C27000184603F0E1FF0546B0B94FF0FF33E16C1B
:10C2800004F15407A163CDE9010000933846236D02
:10C2900004F1380207F0F9FAA06C06F066FEC4F863
:10C2A000BC0020B96FF00B05284607B0F0BDA06CAC
:10C2B00006F05BFEC4F8C0000028F3D0236CD4F86D
:10C2C000BC10C4F890300423C4F89430C4F8AC30E7
:10C2D0000223E3620E4BB4F84820C4F88C10616C62
:10C2E000236204F18C03C4F8A070A4F89820C4F869
:10C2F000B870C4F8A810A4F8B020C4F8A400A661CF
:10C300002363D1E76FF01505CEE700BF505003015E
:10C3100004560301014B03600020704730560301AF
:10C3200008B5044806F00CFBBDE80840024806F0DA
:10C3300007BB00BFF75703012C58030130BFFFF7BD
:10C34000FDBF00BF2DE9F04105460B4EDFF82C8004
:10C35000324606EB0807CC1B2046094908F0B9FC19
:10C36000A01942460021083C08F0C0FC6C6707F1A8
:10C370000800BDE8F08100BF0000000004000000DC
:10C3800048500301054B5A699B689A421FBF044AF3
:10C39000536843F080535360704700BF9C75002181
:10C3A00000ED00E0154B9A6A12F0007F9A6A14BF04
:10C3B0001E201D2012F0807F9A6A18BF1F2012F4E1
:10C3C000801F9A6A18BF022012F4002F9A6A18BFC1
:10C3D000212012F4802F9A6A18BF222012F4003F05
:10C3E0009A6A18BF232012F4803F9A6A18BF24204B
:10C3F0006FEA02426FEA12429A62704700ED00E073
:10C4000010B5164B9A6A9C6A12F4805F14BF17220B
:10C41000162214F4006F9C6A18BF1822A40509D5CF
:10C420009A6B9A6A120404D518B19A6A22F40042EF
:10C430009A621922094B986A10F4806F986A18BFA3
:10C440001A2210F4807F986A40F47F4098624FF07F
:10C4500000030CBF10461B200B7010BD00ED00E068
:10C4600010B5154B0246986A9C6A10F0100F14BF65
:10C470001120102014F0080F9C6A18BF1220A40786
:10C4800009D5586B986A000604D51AB19A6A22F049
:10C4900080029A621320084B9A6A12F0010F9A6A7E
:10C4A00018BF1420D20658BF9A6A9A6A42F0FF0257
:10C4B0009A6200230B7010BD00ED00E0F0B5474B11
:10C4C00004465B6800258BB0C3F3080385F311882D
:10C4D000BFF36F8F02F07F40B0F17F4F11D102F0B8
:10C4E0000C0008280DD010074CBF0C460125002277
:10C4F000033B8DF80720032B05D8DFE803F0246207
:10C50000665F2C46F3E700239DF80720CAB902AE08
:10C5100004F12007324620686168083403C2BC4237
:10C520001646F7D1099A002D53D0C2F3080121B95C
:10C530006FEA52226FEA42220992184602A906F0D7
:10C540004CFD0BB0F0BD254BDA6A9107DBD4DA6AFB
:10C55000002AD8DBDA6A5200D5D55A69A16942F4BB
:10C5600080725A61BFF34F8FBFF36F8F5A6931F8F2
:10C57000021C22F480725A61BFF34F8FBFF36F8F9A
:10C580004DF60272914209D09A6AD2B242B10120AC
:10C590000DF10701FFF764FF0346B5E72368B3E732
:10C5A0009A6A12F47F4F05D001200DF10701FFF7C1
:10C5B00027FFF1E79B6AB3F5803FA4D3FFF7F2FEB4
:10C5C000EAE700200DF10701E4E700200DF1070183
:10C5D000EDE722F4FF7222F00102ADE700ED00E08A
:10C5E000064B5A6942F010025A615A6942F480625D
:10C5F0005A615A6922F008025A61704700ED00E062
:10C60000EFF30880EFF3098101B57246FFF756FF9B
:10C6100001BD00BF002080F31488BFF36F8F00209E
:10C6200080F30A8880F30B880F4880F3088803F0B2
:10C6300079F800200D490860BFF34F8F00F02CF807
:10C64000402080F311880A484FF40061401880F3BD
:10C650000988EFF314800221084380F31488BFF3A4
:10C660006F8F06F0CFFC0000E898002194ED00E009
:10C67000E8870021002318460649D1F89020C2F32C
:10C680000722934200DB7047C1F89830C1F8A00040
:10C690000133F6E700ED00E010B572B6002484F334
:10C6A0001388FFF7E7FF23464FF0FF300C4A03F1F2
:10C6B00020010133102B42F82100F8D100234FF064
:10C6C000FF30074A03F160010133102B42F82100CB
:10C6D000F8D162B6BFF34F8FBFF36F8F10BD00BFAD
:10C6E00000E100E0084B9B6883420BD1EFF3058328
:10C6F00043B1064B5A6842F080525A605A6A22F49B
:10C7000000425A6205F072B99C75002100ED00E00C
:10C7100014498A684FF030001044EFF3098C80E828
:10C72000F01F402080F31288BFF36F8F0E4F4FF041
:10C7300000664A698A603E60506F0C4C2060906FC2
:10C740000023936780F3118802F1300090E8F01F16
:10C750008CF3098802F1000004B506F05EFCBDE828
:10C76000044070479C75002104ED00E0F872002140
:10C770001EF0040F0CBFEFF30880EFF3098081690E
:10C7800011F8021C0229FFD001B5724606F02BFCFD
:10C7900001BD00BF40B2002807DB01234109034A65
:10C7A00000F01F00834042F82130704700E100E0B4
:10C7B00040B200280CDB01220649430900F01F00AB
:10C7C0008240203341F82320BFF34F8FBFF36F8F98
:10C7D000704700BF00E100E0054B420953F82220FA
:10C7E000012300F01F0003FA00F01040704700BF63
:10C7F00000E100E0D30748BF002140B258BF02313A
:10C800000028ACBF00F16040064A4FEA4113DBB29A
:10C81000ABBF00F5614000F00F0080F80033135407
:10C82000704700BF14ED00E0044B054A23F07F037E
:10C830009360BFF34F8FBFF36F8F7047000000010D
:10C8400000ED00E042F8203C009B0B4942F81C3C04
:10C85000019B21F0010142F8183C029B42F8081CA0
:10C8600042F8143C4FF0807342F8043C0023203A15
:10C8700002658367704700BF29BB020100B50B4BFF
:10C8800015469860426F0A4B0E461A60436E83F35A
:10C890000B882C4686F309880020064B98472046D3
:10C8A000002100220023044C204700BF9C7500217A
:10C8B000F87200212330030129BB02011022014B31
:10C8C0001A61704700ED00E0002340210348C218C0
:10C8D00001331E2B82F80013F9D1704700E100E00C
:10C8E00008B5EFF30583064A103B02EBC30152F88B
:10C8F000330049688847BDE80840FFF743BD00BFE3
:10C90000904E03011FB5094C094A234601210948ED
:10C9100000F0FAF800230393074B0121E41A01A861
:10C920000193029400F0FAF804B010BD0000012158
:10C930000000002130560301200A002110B50C7AB6
:10C940000B6804F01F0223F01F031A43CB6864092D
:10C9500023F01F03054943EA440343F00103C1F8F0
:10C960009800C1F89C20C1F8A03010BD00ED00E097
:10C9700010B5074BD3F89030C3F30723013B98421F
:10C9800002D8FFF7DBFF10BD6FF01500FBE700BF1B
:10C9900000ED00E02DE9F04F0F46144606464FF03B
:10C9A00000084D4D85B0B84580F29280D6F80490CD
:10C9B000B9F1000F36D0B9F11F0F40F2878019F09E
:10C9C0001F0F40F08380D6F800A01AF01F0F7DD112
:10C9D000504606F066FB834609EB0A00013806F074
:10C9E00060FB834572D11BF1160F6FD05C456DDD86
:10C9F000C5F898B0D5F89C10C5F898B0D5F8A03017
:10CA000021F01F0143F01F0AD6E900321A4499426F
:10CA100002F1FF391ED1CA4508D131465FFA8BF0C9
:10CA200006F048FB08F101080C36BCE73146C5F8B2
:10CA300098B0D5F89C3022F01F0203F01F03134377
:10CA4000C5F89C30E0B206F035FB10F1160F3DD072
:10CA5000441CE7E7C5F898B0D5F8A020013B23F0C7
:10CA60001F0302F01F021343CA453146E0B2C5F866
:10CA7000A030E8D006F01EFB10F1160F26D0C5F846
:10CA800098B0D5F89C209DF808300AF1FF3A62F37F
:10CA900004038DF80830D5F8A0309DF808205B0815
:10CAA00063F347128DF80820D6E90032134400934F
:10CAB00023F01F035344A3EB0903013023F01F03AA
:10CAC0006946C0B20393FFF753FFBEE76FF015044A
:10CAD000204605B0BDE8F08F00ED00E00522044BD4
:10CAE000C3F89420BFF34F8FBFF36F8F704700BF21
:10CAF00000ED00E0BFF35F8F0022024BC3F89420EB
:10CB0000704700BF00ED00E010B5034C2278FFF73E
:10CB100041FF207010BD00BFD07500212DE9F74FF7
:10CB2000294D8A4606464FF00008AB46274FD045B0
:10CB30001BDAD6F80490B9F1000F3FD031680846EF
:10CB4000019106F0AEFA0199044609EB01000138A3
:10CB500006F0A7FA84424FF014021D4B08D002FBE6
:10CB600008F36FF015024BF8032003B0BDE8F08F17
:10CB700014F1160F2C60F8D01978A142F5DD02FBF4
:10CB800008B0C7F89840C7F89840D7F89C4000F123
:10CB90000801007B64F304000871D7F8A0000C7949
:10CBA000400860F347140C71D7F89C1021F01F0166
:10CBB0006960D7F8A01021F01F01296108F1010870
:10CBC00014350C36B3E700BFFC72002100ED00E025
:10CBD000D0750021F0B54149414CD1F8903025681D
:10CBE000C3F307239D4287B075D80020FFF782FF6B
:10CBF0003C4BC1F8C030854216D13B4C01A8257092
:10CC0000FFF788FB00250646384FAE4213D10020BF
:10CC100023783249D1F89020C2F30722934254DBA3
:10CC2000FFF75CFF00202FE0616801EB0011FFF7C8
:10CC300085FE0130DFE70199280101EB0513DA6871
:10CC40003A40B2F5001F21D0B2F5800F2BD0B2F5DB
:10CC5000801F38D15A689B680958013B22F01F0099
:10CC600003440120844623F01F0340EA4C10CDE921
:10CC700002218DF8100002A920780593FFF778FEB5
:10CC800000281DDA6FF0150007B0F0BD5A689B68E8
:10CC90000958013B22F01F0003444FF0020C012011
:10CCA00023F01F03E1E75A689B680958013B22F013
:10CCB0001F0003444FF0000C062023F01F03D4E7AD
:10CCC00023780133237001359FE7C1F89830C1F80C
:10CCD000A00001339EE74FF0FF30D5E700ED00E004
:10CCE0003C560301AAFF4400D07500210000F0FF6C
:10CCF00008B5024B1B689847002008BD107300213F
:10CD0000034B044A1860937843F002039370704712
:10CD1000107300214C08002108B50649064821F08F
:10CD20000701C1F1045202F5803205F0AFFD002089
:10CD300008BD00BF37DF00211473002170B54169C1
:10CD40000446867A0A4D59B1437ADB0706D42C2370
:10CD500003FB06535B6A1B689B689847002363616B
:10CD60002C20214600FB0650BDE8704007F0C2BCF5
:10CD70006C0900212C22024B02FB0030704700BFDF
:10CD80006C0900212C21827A054B01FB02339A6A3F
:10CD90001B7F801A1B3323F00303B0FBF3F07047B3
:10CDA0006C09002138B52C24827A064B04FB02332F
:10CDB0005B6AD3E901240C601568FFF7E3FF04FB0D
:10CDC000005038BD6C0900212DE9F04385B00546BF
:10CDD000684690461C46039107F031FEDDE9006786
:10CDE000EFF31189402383F31288BFF36F8F6B8BAE
:10CDF000002B41D02A8B9A4225D9002200232846B5
:10CE000004F0A0F80446F0B189F31188BFF36F8FE6
:10CE1000039B002B41D032463B46684607F033FE69
:10CE20002C21A27A254B204601FB02335B6A03A921
:10CE30001B681D68DDE90023A847606170BB2046C0
:10CE4000FFF77CFF24E0698B4B1E6B8389F311880D
:10CE5000BFF36F8F2B7F2A8BAC6A1B3323F0030346
:10CE6000521A02FB0344154B154AEB1A9B1053430D
:10CE7000A3722B7FE372CBE789F31188BFF36F8F27
:10CE800023464246284604F05DF804460028BFD1F8
:10CE90000024204605B0BDE8F0836361012300252E
:10CEA0002381039B29466382E27A656004F11800BE
:10CEB00007F01CFF63692582E360EAE76C09002143
:10CEC000A38B2EBA70B52C250B4C00B970BD037A1C
:10CED0004668013BDBB20372002BF7D1C3604360AD
:10CEE000837A05FB03431B6A13B198473046ECE78E
:10CEF000FFF724FFFAE700BF6C090021064AD2F8C9
:10CF0000AC3123F00043C2F8AC310022034BC3F82C
:10CF10004C21D3F84C3170470020014100600141A1
:10CF200073B5354BD3E84F3F00233449CDE9003387
:10CF3000334BD3F80445BFF35F8FD1F80465BFF3DB
:10CF40005F8FD3F804259442F3D16B46224601212A
:10CF50002B4806F0FBF8324605460F21274801AB67
:10CF600006F0F4F8E0B1019B0DB9009302E0009ADD
:10CF70009342FAD3009B22481C44013CD0F84C3524
:10CF800024F07F449C421F4932D0FFF7B7FFC0F81E
:10CF90004C451D4B009A9A4218D901230B7001E0B1
:10CFA000002DE7D1194AD2F8AC3143F00043C2F862
:10CFB000AC31134BD3F84C2132B90121144A5160E2
:10CFC000D3F84C3103B1116001230DE0BFF35F8F43
:10CFD000D0F80435E41A24F07F440E4B033C9C4205
:10CFE000DBD900230B7000230B4A137002B070BD15
:10CFF0000B78002BF7D0D5E7D57500210010014143
:10D0000000600141D3750021FEFF7F000020014137
:10D0100000B00041FBFF7F00D4750021F8B51E4928
:10D020000023C1E8423F52BB1C4B1D783DB3052392
:10D030001B4E1C4F34780134B4FBF3F303EB830332
:10D04000E41A06F06EFA184A137823B157F8243020
:10D05000C01A072813D9154BD3F8141141B1002178
:10D06000C3F81411D3F8143134700CB901231370C0
:10D07000347806F056FA47F824002846F8BD0C4AE2
:10D080000025D2F8AC3123F00043C2F8AC310122C4
:10D09000084B5A60F1E700BFD5750021D475002117
:10D0A000D275002120730021D1750021005000416C
:10D0B0000020014100B000410122024BC3F840258D
:10D0C000704700BF000008415023142213B51E4CC6
:10D0D0000DF10700C4F80C351C4BC3F820214FF4A8
:10D0E00000621B4BC3F8BC254FF48062C3F838259F
:10D0F00002F0C2FB174B984223D117499DF8070055
:10D1000006F033FB15499DF8070006F033FB144980
:10D110009DF8070006F029FB21469DF8070006F060
:10D1200029FB01209DF80730984002F09FFB4FF447
:10D1300000220C4BC3F844230022C3F84C21D3F83F
:10D140004C3102B010BD00BF00B0004100302041A2
:10D15000002001410000AD0B4C610141282001413C
:10D160002C2101410060014120B1034B800143F0BB
:10D1700001031847704700BFD055030170B504463E
:10D18000807AFFF7F7FD6169054649B1637ADB07ED
:10D1900004D4436A20461B689B6898470023636158
:10D1A0002146284607F0A6FA034B1B681BB1BDE8D1
:10D1B00070402A20184770BD3473002108B5034B16
:10D1C000186807F08CFA002008BD00BF38730021F2
:10D1D000811EC9B21E2938B5044609D80A4820FA6A
:10D1E00001F1C90704D5094805F083FF054610B9C8
:10D1F0000025284638BD064B013CE4B2195D0C30D1
:10D2000005F084FFF5E700BF41000040F009002170
:10D2100069580301014B1860704700BF3473002147
:10D22000F8B504280446DDE906760BD010280BD0AB
:10D23000012804D1154805F05CFF054630B90025EA
:10D240002846F8BD1248F6E71248F4E7013CE4B27C
:10D250001F2C96BF104B0021195D00F10C042046D5
:10D2600005F054FF002FEBD0002EE9D0204605F04A
:10D2700065FF864203D92846FFF724FEDFE73246E2
:10D280003946204605F039FFDAE700BF980900214A
:10D290006C090021C409002169580301038A014671
:10D2A00023B1034B186883689B68184712207047A6
:10D2B0005C08002110B5084B084C1860206807F086
:10D2C00008F930B1206806498368BDE810401B6842
:10D2D00018476FF0120010BD387300215C08002160
:10D2E000BDD10201084B70B5C31A0D4607499B100A
:10D2F000044659434022064805F067FF2B46014685
:10D300002046BDE87040184750730021B76DDBB66A
:10D31000904D0301402373B50B4C0093041B0B4647
:10D320000D460A49A41061430646094A094805F01A
:10D3300078FF011E05DA30462B4602B0BDE870408A
:10D34000184702B070BD00BF50730021B76DDBB647
:10D350008D320301904D030110B5EFF3118440238A
:10D3600083F31288BFF36F8F074A136823F002011B
:10D37000DB07116002D4012006F0EBF984F3118879
:10D38000BFF36F8F10BD00BFA073002170B50022E6
:10D39000012104460520FFF72DFA0F4802F0BAF9E3
:10D3A0000E4B984215D106F0DAF926690C49304641
:10D3B00005F022FB00280BDB0125356424690849B0
:10D3C00004F11C0005F018FB002801DB0020E564D7
:10D3D00070BD6FF00400FBE7E9D402010000AD0B63
:10D3E000B05603017FB500220123CDE9022304AB2F
:10D3F000CDE90433094A6B46CDF800D0CDF804D00E
:10D4000005F03DFF002805DB4FF48042002368460D
:10D4100003F004FE07B05DF804FB00BFAB3203016C
:10D420000C22104B014602FB0033002030B4D3E93C
:10D430000E529863EFF31180402484F31288BFF3F7
:10D440006F8F1C6C04F0C00444F002041C6480F371
:10D450001188BFF36F8F1DB12B4630BC02481847AF
:10D4600030BC704750730021904D030110B4EFF3AE
:10D470001182402383F31288BFF36F8F174801682E
:10D4800041F002040460C80707D482F31188BFF397
:10D490006F8F012010BC02F02DB91149D1F80C0496
:10D4A000D1F80C14C907F0D5EFF3118083F312887B
:10D4B000BFF36F8F0B490B6C03F0C00343F0020303
:10D4C0000B6480F31188BFF36F8F82F31188BFF371
:10D4D0006F8F002010BCFFF7A3BF00BFA073002117
:10D4E000005000415073002110B1012804D0704752
:10D4F000034B1B6C5B0701D1FFF792BF704700BF66
:10D50000507300212DE9F041012207463449D1E84A
:10D51000EF3FC1E8E02F0028F9D133B93149324853
:10D520004B60CB608A6005F07AFA7B1E012B28D80D
:10D53000012F06D12D4BD3F81C3403F00303022B2B
:10D540001FD007F051F90546E8B9294B1B78D3B134
:10D5500002220646254BC3F80823244CDFF89480AA
:10D56000D4F81824D4F81834D20315D503F00303E3
:10D57000022B01D0012F0FD16DB386F31188BFF3B9
:10D580006F8FBDE8F081EFF31186402383F312889B
:10D59000BFF36F8F0125E0E7C5B1304605F063FDAD
:10D5A000D4F81835DBB2012BDAD1D4F80421002AE3
:10D5B000D6D00022C4F80421D4F804210222C4F8F1
:10D5C00018252022C8F88021A360C9E70021212066
:10D5D00007F0A9F9E4E70222044BC3F80423D0E7DB
:10D5E0004C7300213C7300216C73002100500041FA
:10D5F000E577002100E100E008B5074806F069FF83
:10D6000038B10648FFF77CFB0448FEF76FFA0020AC
:10D6100008BD6FF01200FBE7104E030121D6020196
:10D620000A2838B50446074D04D1AB680D212846B9
:10D630005B689847AB6803485B68E1B2984720464F
:10D6400038BD00BF104E0301EFF31182402383F376
:10D650001288BFF36F8F0A4BD3F8001161B100211C
:10D66000D3F80805C3F80011D3F80031C0B282F333
:10D670001188BFF36F8F70476FF00A00F7E700BFA4
:10D68000009000410346F0B510469C7893F803C023
:10D69000EFF31182402585F31288BFF36F8F1F7857
:10D6A00093F801E0E41B04EA0C04A04288BFA0B296
:10D6B0003E180CEA06063D461E7082F31188BFF341
:10D6C0006F8F0A188A4216D177450CD1EFF3118279
:10D6D000402181F31288BFF36F8F1978597082F35C
:10D6E0001188BFF36F8F1B79241AA34222BF012236
:10D6F000054B1A60F0BD5E197679013501F8016BB2
:10D7000005EA0C05DEE700BF00900041DB432DE990
:10D71000F04713F001050E46144604D02248FFF7E7
:10D72000B1FFBDE8F0879AB3EFF31188402383F38C
:10D730001288BFF36F8F0920FFF74EF807460920C4
:10D74000FFF736F888F31188BFF36F8FDFF85CA01E
:10D750004FF40079CAF80051DAF800310123254668
:10D76000DFF84C80CAF80030C8F88091DAF8003150
:10D7700083B1FFF769FF031EC8F88091F6DB013D16
:10D78000ADB27355002DF1D117B10920FFF702F8A2
:10D790002046C6E7EFF31180402383F31288BFF3DE
:10D7A0006F8F05F060FCE1E7D47300210090004129
:10D7B00000E100E02DE9F0410D461446114F07F15C
:10D7C000450814B92046BDE8F0814FF0FF334FF013
:10D7D000FF32384603F022FC224629464046FFF736
:10D7E00051FF0646384603F0DFFB3EB94FF0FF32EB
:10D7F0004FF0FF33044803F011FCE6E7A41BA4B28A
:10D800003544DEE7A4730021BC73002138B5012242
:10D81000184C1146204606F077FF0122002104F142
:10D82000180006F071FF40F20743A4F848304FF0AB
:10D83000706323630C230025012184F834300E4BE0
:10D8400084F84550A4F84650D3F80425092022F066
:10D850000102C3F80425C3F80051D3F80021C3F82E
:10D8600004132A461960FEF7C5FF0920FEF792FF50
:10D87000284638BDA47300210090004110B5FFF781
:10D88000E3FE002820DB174BC0B293F8322093F858
:10D89000314093F83310141B31EA04040DD193F88E
:10D8A000472093F8464093F84810141B31EA0404CB
:10D8B0000BD101220C4B5A600EE09C180132114032
:10D8C00084F8350083F8321010BD9C1801321140E5
:10D8D00084F84A0083F847100448BDE8104003F07C
:10D8E00063BB00BFA473002100900041BC73002102
:10D8F000F0B51646426801F01F04107B87B044EA79
:10D9000040141069002871D0B6F5001F02F110050F
:10D9100006D12146284605F0B6FF002007B0F0BD2D
:10D920000027B6F5800F01A80197476039D1B3F100
:10D93000007F14BF052304238DF804300023CDE9B4
:10D940000403039393680DF1030723FA01F111F027
:10D9500001013DD1B6F1A07F3AD104F01F03620965
:10D9600003F1800328D0012A46D1254A52F82330FA
:10D97000DB072DD43A462146284602F0EDF9214B2B
:10D9800098421BD002972146284603AA02F09CF831
:10D990001D4B98422DD101222146284602F034FA2F
:10D9A000BBE7B3F1C06F05D0B3F1007F14BF012313
:10D9B0000223C1E70323BFE7144AD7E739462846C5
:10D9C00002F01AFA104B9842DCD06FF00B00A5E77A
:10D9D0003A462146284602F0BFF90B4B9842D2D175
:10D9E00028469DF8031002F0FFF9CCE76FF08500A0
:10D9F00094E76FF0150091E751F82330FFDE00BF88
:10DA000000088C410400AD0B0000AD0B00058C41FB
:10DA10004209034670B502D0012A17D070BD0D4EE1
:10DA2000326951680029F9D0012503F01F030C6801
:10DA30009D400029F2D08A682A4002D030464B68C7
:10DA400098472CB1236821461C46F2E7024EE7E7CF
:10DA50002346F8E7D04D0301B04D030138B54568C2
:10DA60002B69B3B11035284602F0B4F9044680B9E9
:10DA70000146284602F08AF9084B98420BD122460B
:10DA80002846074902F062F9224605210A20FEF7DE
:10DA9000B1FE002038BD6FF00400FBE70000AD0BC5
:10DAA00011DA02012DE9F04340F206354668D0064E
:10DAB00048BF0320337B02EA050558BFC2F340107C
:10DAC00087B001F01F07B5F5837F144647EA431777
:10DAD0008DF8030043D00FD8062D18D007D8B5B164
:10DAE000022D3ED06FF0150007B0BDE8F083B5F50C
:10DAF000807FF7D101250AE040F20222954232D020
:10DB0000B5F5407F31D0B5F5007FEBD1022522037A
:10DB10002DD5012372688B409360326982BB07F078
:10DB20001F037F092AD0012F77D13E4A02EB8302DF
:10DB300084F48033D2F80012C3F30043C4F34044AA
:10DB400044EA430421F4706144EA800421F00F01A7
:10DB500044EA05230B43C2F800320020C4E707253E
:10DB6000D5E70425D3E70525D1E70325CFE76303F0
:10DB700041BF012372688B40D360CEE72A4AD5E7C4
:10DB80001036394630460DF1020202F0E5F814F481
:10DB9000403F80460CD13946304605F072FE234B9B
:10DBA0009845DAD130469DF8021002F01DF9D4E70D
:10DBB0004FF0000901AB3946304603AACDE90439DC
:10DBC000CDE90199CDF80C9001F07EFF174B9842FA
:10DBD00088D114F4003315D09DF8033084F48034D8
:10DBE000C4F300448DF80E3039464B46304603AA44
:10DBF0008DF80C508DF80D4002F026F80B4B984232
:10DC0000CDD06FE7CDE9043339460DF1030330463B
:10DC100003AA039301F058FFF0E7803352F8233052
:10DC2000FFDE00BF00088C4100058C410000AD0BF9
:10DC300010B504460269A2B0C2F88000164900205F
:10DC400002F008FA002201211220FEF7D3FD8422FF
:10DC5000002101A8646807F049F80023012001AA07
:10DC600061680432D940C90744BF00FA03F142F8A1
:10DC7000041C2168D940C90748BF00FA03F103F129
:10DC8000010348BFD163102BEAD101A802F0FAF9D1
:10DC9000002022B010BD00BF4B3303012DE9F04F2F
:10DCA0008C46002640F2FF1EDFF8E480DFF8E490A7
:10DCB000DFF8E4A0F3B29C4502D80020BDE8F08F65
:10DCC00050F82610C1F3C324082CC1F3080350D820
:10DCD000090E734508BF4FF0FF3318F804400329BD
:10DCE0004AD8DFE801F002083033C2F80C35591C7D
:10DCF0002FD10136DEE7C2F814355D1CF9D00025BE
:10DD000050F8261001F40047002F0EBFAB464FF02D
:10DD1000010B002503F01F075B0928D0012B31D12F
:10DD2000534603EB8707C1F341212402D7F80032A1
:10DD300044EA81042C4303EA090344EA4B042343E5
:10DD4000C7F80032D5E7C2F80835D0E7C2F8103579
:10DD5000D3E7590909D0012911D10F4F012503F04B
:10DD60001F0105FA01F1B960CAE70C4FF6E70B4B4A
:10DD7000D7E76FF01500A1E76FF085009EE700235D
:10DD80009B60FFDE0023803753F82730F9E700BFA0
:10DD9000D2580301F0F0FCFF00088C4100058C41D3
:10DDA0002DE9F04104460D46476806F01DFD4FF091
:10DDB000400888B9264B1B7873B16426606805F06B
:10DDC00064FBF0B9012005F0CEFC013EF6D1002144
:10DDD000212006F0A8FDF0E7EFF31186314688F325
:10DDE0001288BFF36F8F606805F04FFBA8B986F308
:10DDF0001188BFF36F8FEFE786F31188BFF36F8F42
:10DE0000E5E7EFF31186314688F31288BFF36F8F91
:10DE1000606805F03AFB0028EED0FB6900201D7019
:10DE20006368FA691B68C3F844250122C3F84825D2
:10DE3000C3F82001D3F82041C3F85801D3F85801A2
:10DE40009A6081F31188BFF36F8FBDE8F08100BF46
:10DE5000E5770021F8B50546002201211320FEF7E1
:10DE6000C9FC1320FEF796FC6C680121E06805F000
:10DE70003DFB6B6819682369C1F82435A27D637D79
:10DE8000207D1343228B02431343C1F86C356E6827
:10DE9000D6E9004313F0010342D02F6907F10800CF
:10DEA00001F0EAFC2D4B984254D1387A04F10C026F
:10DEB00004F5907105F063FC387A012707FA00F049
:10DEC00001F0D4FC0823C4F80035F369C4F84435E4
:10DED0000023C4F84835A760D4F85831002BFBD094
:10DEE0000026C4F800656B683146D86805F0FEFA74
:10DEF0006D683146E8682C6805F0F8FA0823C4F824
:10DF000000352A7A52B92B6AC4F834350123C4F893
:10DF10003835C4F81021D4F8102123600020F8BD52
:10DF20000822C4F80025F269C4F84425C4F848352D
:10DF30000123A360D4F82031002BFBD00023C4F8C8
:10DF40002031D4F820310123E3604FF48073C4F80A
:10DF50000433C1E76FF00400E1E700BF0000AD0B40
:10DF60000123834070B5DC430B4AD2E8EF1F01EA7E
:10DF70000405C2E8E65F002EF7D14FF480328240FC
:10DF80000648C0F80823BFF35F8FBFF36F8F0B42C3
:10DF900014BF0120002070BDA87400210060014161
:10DFA00070B40E4922F07F46D1E90034D01AC3186C
:10DFB00044F10004C1E90034A6F50013B3F5400FA5
:10DFC00009D2074B1B681A0A1B069C19054B42F124
:10DFD0000005C3E9004570BC03F018BF18200021FC
:10DFE000AC74002120200021D9B101230D4A8340C7
:10DFF000D2E8EFCF4CEA030CC2E8E1CF0029F7D119
:10E000004FF48033084A8340C2F80433074BD3E807
:10E01000AF3FC340DB0742BF4FF48002044BC3F85D
:10E0200000217047A874002100600141A474002100
:10E0300000E100E00D4B1868010A0006BFF35F8F96
:10E040000B4BD3F80435181841F10001B3F5801FCC
:10E050000AD2084BD3E90023904271EB030303D2A9
:10E0600010F1807041F10001704700BFAC740021D5
:10E0700000600141202000212DE9F04F85B01646B7
:10E080001F4604469DF840A0FFF76AFF0190FFF786
:10E09000D1FFB04271EB070352D23B4B301A67EB12
:10E0A0000101984271F100014DD2384B03EB04138A
:10E0B000D3E902239F4208BF964258D04FF48038DC
:10E0C000334908FA04F8204626F07F4BC1F848830C
:10E0D00005F01BFA4FF00309584604F15005AD0056
:10E0E000ADB205F1824504F5A87305F5B03502938C
:10E0F000029A20F07F4341F82230C1F84483D1F8DE
:10E100000435244AC01A033820F07F4090422ED9AB
:10E11000286868B1D1F80435A3EB0B0020F07F40EC
:10E12000B0F5000F039322D9204605F0EEF9039BCA
:10E13000BAF1000F07D109EB030009F10109D7E794
:10E14000BAF1000F09D06FF0150520460199FFF7CD
:10E150004BFF284605B0BDE8F08F01230E4AA340CF
:10E16000D2E8EF0F1843C2E8E10F0029F8D10749C0
:10E170000E982301C8500F9B01EB04120025C2E941
:10E1800002675360E1E700BF010080000820002122
:10E1900000600141FDFF7F00A47400217FB50025D0
:10E1A0004FF0FF304FF0FF31194C1A4B0226C4F8E4
:10E1B0000833C4F84833184BC4F80855C3E90201C2
:10E1C0004FF480334FF48002C4F80433134B012121
:10E1D000C4F804631620C3F880212A46FEF70AFB20
:10E1E0001620FEF7D7FA01230D4AA36023601360BF
:10E1F0000C4B0D4A009328460023CDE90155FFF74B
:10E200003BFF3046FFF77EF9284604B070BD00BFE3
:10E210000060014103000F000820002100E100E040
:10E22000A8740021A1DF0201FFFF7F002DE9F74361
:10E2300004F0BDFF2A4BD3F8042390070BD5D3F885
:10E24000042142B10022C3F80421264AD3F8043144
:10E25000136801331360224AD2F80433D90320D55E
:10E26000214BD3E8EF1F21F00100C3E8E40F002C9D
:10E27000F7D1CB0702D4D2F8403193B10025184C26
:10E28000C4F84051D4F84031FFF7D4FEEFF31082C8
:10E2900072B6164BD3E90267B042B94104D282F399
:10E2A000108803B0BDE8F0834FF0FF38D3E90010C9
:10E2B0004FF0FF391D60C3E902894FF48033C4F881
:10E2C0004833C4F84051D4F8403182F31088002913
:10E2D000E7D0009032463B4628468847E1E700BF3A
:10E2E00000600141AC740021A474002108200021C9
:10E2F00030B5431C124C85B005D08442A8BF0446FB
:10E30000012CB8BF0124FFF795FE0E4B0C4DD3E94D
:10E310000013401AB0F5000F0FD22218AA4228BFEE
:10E320002A46002052180849CDE90100009143F126
:10E330000003FFF7A1FE05B030BD2A46F1E700BF9C
:10E34000FFFF7F0018200021A1DF020108B5FFF7C1
:10E3500071FE024B1B68C01A08BD00BF18200021C7
:10E3600002460B46014802F025BD00BFE00800212F
:10E37000014802F097BD00BFE008002170B50646D5
:10E380008EB00D463548364906F0E1F909A8D2F7B6
:10E3900093FA344806F09DF8002859D0324B02A871
:10E3A0000293D2F725FC002855D14FF0FF304FF0F3
:10E3B000FF31FFF7D5FF044638B92C492C48D2F776
:10E3C00039FA044620B1FFF7D3FF20460EB070BDE6
:10E3D00040F6C41303A80393F5F7C7F920B1FFF77C
:10E3E000C7FF6FF08504F0E74FF4C86304A80493F7
:10E3F000F5F7D8F90028F2D140F2145305A8059397
:10E40000F5F7D5F90028EAD106A80694F5F7D2F970
:10E410000028E4D107A80794F5F7A5F90028DED174
:10E42000012301A88DF80430F5F795F90028D6D11D
:10E4300047F2305308A80893F5F79FF90028CED18A
:10E44000FFF796FF33690B481D60FEF7E3FEBCE75C
:10E450006FF01204B9E76FF01504B6E7B474002149
:10E46000F1350301F04D030119E7020128200021D5
:10E4700031E70201EDE602017FB59748D2F7C4F813
:10E4800020B9D2F72BFA18B16FF0850004B070BD37
:10E49000D2F7A2FA0028F7D1D2F734FA0028F3D144
:10E4A000D2F7AEFA0028EFD1D2F740FA0028EBD12C
:10E4B000D2F75AFA0028E7D1D2F772FA0028E3D14E
:10E4C000D2F77CFA0028DFD1D2F742FB0028DBD15B
:10E4D000D2F752FB0028D7D1D2F762FB0028D3D164
:10E4E000D2F772FB0028CFD1D2F74CFA0028CBD15B
:10E4F000D2F756FA0028C7D1D2F760FA0028C3D164
:10E50000D2F7A0FA0028BFD1D2F7AAFA0028BBD1CF
:10E51000D2F7B4FA0028B7D1D2F7CAFA0028B3D19B
:10E52000D2F7E2FA0028AFD1D2F7F8FA0446002871
:10E53000AAD10226012101AA8DF80460D2F7B0F811
:10E540000028A3DB01253146204601AA8DF804509E
:10E55000D2F7A6F8002899DB08260721204601AA51
:10E56000ADF80460D2F79CF800288FDB4FF01B1346
:10E57000019340F203230321204601AAADF808309D
:10E58000D2F78EF8002881DB0421204601AA8DF8FD
:10E590000450D2F785F80028FFF678AFFB23062158
:10E5A000204601AAADF80430D2F77AF80028FFF629
:10E5B0006DAF3146204601AA8DF80450D2F770F8AD
:10E5C0000028FFF663AF03230521204601AA8DF83A
:10E5D0000430D2F765F80028FFF658AF0921002073
:10E5E00001AA8DF80450D2F75BF800282E46FFF6FA
:10E5F0004DAF03250A21002001AA8DF80450D2F75F
:10E600004FF80028FFF642AF0B21204601AA8DF8F3
:10E610000440D2F745F80028FFF638AF1021204615
:10E6200001AA8DF80460D2F73BF80028FFF62EAF60
:10E6300002261121204601AA8DF80460D2F730F895
:10E640000028FFF623AF1221204601AA8DF80460AE
:10E65000D2F726F80028FFF619AF1421204601AAA8
:10E660008DF80460D2F71CF80028FFF60FAF1321D5
:10E67000204601AA8DF80460D2F712F80028FFF6B0
:10E6800005AFFB23ADF80C30F723CDF80540ADF80E
:10E69000063040F203430294ADF8083004231521FC
:10E6A00020460DEB03028DF804508DF80A30D1F7A7
:10E6B000F7FF0028FFF6EAAE44F6BA73984209DD88
:10E6C00084F31188BFF36F8F0423184602DF6FF0C5
:10E6D0000B00DBE60020D9E62B3503010149024897
:10E6E00006F051B8B4740021E86F0021094B93F88B
:10E6F0000831042B02D1810709D47047022B02D1C3
:10E70000020704D47047082B03D1830601D5FFF715
:10E71000E5BF7047D875002110B403460A46034888
:10E7200081680C681946234610BC1847F04D030158
:10E7300070B53F4D95F8083153B195F80831042B69
:10E7400049D128783E2815D0FF282ED000241CE07F
:10E750004FF0FF304FF0FF31FFF702FE48B9284677
:10E7600005F5847100F02EFF0446FFF701FE002C32
:10E77000E3D070BDAB78022B1FD00D2BE6D1EB7828
:10E78000012BE3D1AC88C4F30014002200232146FE
:10E7900004F00FFD064690B9002CEAD0002385F85E
:10E7A0000831BDE87040FFF799BFAC7804F0FD0474
:10E7B000A4F180035C425C41E7E70124E5E76A7865
:10E7C0001B4902320C3004F098FC3146194B1B688F
:10E7D00019489847E2E7022B15D1002200230820B0
:10E7E000FEF7F6FC04460028C3D06A880432B2F56E
:10E7F000847F14D80E4904F10C0004F07EFC0D4B0C
:10E8000021461B68E4E7082BC8D100220023202002
:10E81000FEF7DEFC6A8804460028E7D1A9E700235A
:10E8200083F31188BFF36F8F0423184602DFB5E727
:10E83000D8750021B0740021504E030142F26403E8
:10E84000984240D02FD842F2190398421FD842F282
:10E850000C03984214D840F20643984233D040F259
:10E860001D43C01A18BF01207047A0F50150283879
:10E87000164B80B2C34003F0010383F001007047E0
:10E88000A0F500500D3841F2412380B2F2E742F288
:10E890003203984217D0A0F501500338012894BFE5
:10E8A00000200120704742F28503984206D842F2C8
:10E8B00067039842D9D842F26603D2E74FF6025373
:10E8C00020F00800CDE70020704700BF2F804020D7
:10E8D0002DE9F341A84D07882A7804463BB2002A67
:10E8E00040F0698642F24A018B424CDC42F235012B
:10E8F0008B4230DC42F207018B4263D03CDC40F6B5
:10E9000003418B4266D042F20602934239D004237F
:10E910008DF80730994B2688D3F80080B8F1000FA6
:10E9200000F084800DF10702204695490DF10603A1
:10E93000C0470128024679D09DF80630002B40F0F0
:10E940005D819DF807300E21AB7001236970EB707B
:10E95000AE80AA7151E0A7F50053373B122B22D8A5
:10E96000DFE803F03B3B3B26213B3B3B3B3B3B3B58
:10E970003B3B3B3B3B3B3B00A7F50053083B052B98
:10E98000C5D8042220E042F25C02934215D042F244
:10E990005B029342BBDD42F25D0293421DD042F224
:10E9A0007F029342B3D100230522EB7102230CE0D6
:10E9B0000023EB712B720622F8E7B0F80330A5F8BC
:10E9C0000730F8E7EA71052201236E48017831B972
:10E9D00003709CE76B4B1A7099E70422E6E79942B3
:10E9E00095D03846FFF72AFFA8B10E236B7001239C
:10E9F000EB700C23AA70AF80AB7101232B7040F633
:10EA000035439F4203D1AB79002B00F0D185002024
:10EA100002B0BDE8F0810F236B700423AB700C23B0
:10EA2000EB700123A5F805702B71E6E7B6F5105FD2
:10EA30004FEA96230DD27BB1013B072B0CD8DFE8C0
:10EA400013F00D000B002C00A50001010B000B00C2
:10EA500012013F2B00F08C840122CFE0204640F2CF
:10EA6000064230F9033B934207D040F21D429342E5
:10EA7000F2D1F4F76EFF024602E0F4F768FF0246B7
:10EA80003046FFF7DBFE80F00100C0B2002840F006
:10EA9000B580012A7FF455AFDEE7204640F63541C8
:10EAA00030F8032B13B28B4228DC40F62C418B420A
:10EAB0000BDC40F60142934230D040F603429342D1
:10EAC000CAD1D2F71FFC0246DAE7A2F62D43082B83
:10EAD000C2D801A252F823F025EB020159EA020143
:10EAE00059EA020159EA020139EB020159EA02012D
:10EAF00041EB020159EA020149EB020140F67B4277
:10EB0000934225D040F67C4293422BD040F663429C
:10EB10009342A1D1F4F76BFD0246B1E7F4F75AFD39
:10EB20000246ADE79DF80730174903338DF80730EB
:10EB3000F4F755FD0246A3E7F4F753FD02469FE7BD
:10EB400004F0BBFDC2B29BE7F4F74FFD024697E726
:10EB50009DF807300C4904338DF80730F4F74CFD6D
:10EB600002468DE79DF80730074902338DF80730DC
:10EB7000F4F744FD024683E7E2760021C4740021E5
:10EB8000E3760021E1760021E97600212388A3F5D0
:10EB90008053013B082B3FF65FAF01A252F823F0F0
:10EBA000C5EB0201D9EB020111EC020159EA0201A5
:10EBB00059EA020159EA020159EA020159EA02013D
:10EBC00031EC02019DF80730E74808338DF8073033
:10EBD000F4F700FE024653E79DF80730E248403361
:10EBE0008DF8073004F006FD3046FFF727FE80F071
:10EBF0000100C0B2002200283FF4A3AE0F236B70C7
:10EC00000423AB700123EA702B71A5F80560F4E6CC
:10EC100000229DF8073008338DF80730D24B1A6078
:10EC20005A60EB7A23F0600343F06003EB72DBE79A
:10EC30009DF80730CC4806338DF80730F4F7CCFD4B
:10EC400002461DE741F2054322889A427FF404AF51
:10EC50009DF80730C4490333E01C8DF80730F4F702
:10EC60007AFE02460CE7204630F8033B1AB2B2F5B2
:10EC7000025FBFF6F1AEB2F5005F0DDC40F6154362
:10EC80009A4200F0BB8240F616439A427FF4E4AE0B
:10EC9000F4F7B8FC0246F3E6A3F50053013B7E2BE4
:10ECA0003FF6DAAE01A252F823F000BFA9EE02014E
:10ECB000B1EE0201C5EE020159EA0201D7EE0201EE
:10ECC000DFEE0201E7EE0201FBEE020103EF0201BB
:10ECD0000BEF02011BEF020123EF02012BEF0201F8
:10ECE00033EF02013BEF02014FEF020157EF020148
:10ECF0005FEF02016DEF020175EF02017DEF02018E
:10ED000091EF020199EF0201ADEF0201C1EF0201A3
:10ED1000C9EF0201DDEF0201F1EF020159EA020140
:10ED200059EA020159EA020159EA020159EA0201CB
:10ED300059EA020159EA020159EA020159EA0201BB
:10ED400059EA020101F0020109F0020111F0020189
:10ED500019F0020159EA020159EA02012DF00201FB
:10ED600035F0020159EA02013DF0020151F00201C1
:10ED700059F0020159EA020159EA020161F0020167
:10ED80007DF0020191F0020199F00201A1F002016F
:10ED9000A9F00201BDF00201D1F00201D9F0020197
:10EDA000E1F00201E9F00201F1F00201F9F00201E3
:10EDB00001F1020109F1020111F1020119F102014F
:10EDC00021F1020129F1020131F1020139F10201BF
:10EDD00041F1020155F1020179F102018DF10201C7
:10EDE00069F1020159EA020159EA020159EA0201F4
:10EDF00059EA020159EA020159EA020159EA0201FB
:10EE000059EA020159EA020159EA020171F10201CB
:10EE100095F10201A9F10201BDF10201D1F1020156
:10EE200059EA020159EA02019BF20201B1F2020120
:10EE300011F202012BF2020145F202014DF2020130
:10EE4000E1F10201E9F102017DF2020187F2020122
:10EE500091F2020161F2020169F20201D9F10201AB
:10EE60000FF3020125F30201CDF20201E3F20201E8
:10EE7000F9F202013BF3020167F3020151F30201CF
:10EE800059EA020159EA020159EA020159EA02016A
:10EE900059EA020159EA020113EF020159EA02019B
:10EEA00059EA020169F00201F4F798FC0246E7E52D
:10EEB0009DF807302C4803338DF80730F4F793FCA6
:10EEC0000246DDE59DF80730274808338DF8073006
:10EED00004F0D9FB88E6F4F788FC0246D0E5F4F7A5
:10EEE00086FC0246CCE59DF807301F4801338DF8BB
:10EEF0000730F4F77EFC0246C2E5F4F77CFC0246DC
:10EF0000BEE5F4F77AFC0246BAE5F4F778FC02466F
:10EF1000B6E5F4F71AFD0246B2E5F4F772FC0246D4
:10EF2000AEE5F4F770FC0246AAE5F4F76EFC024683
:10EF3000A6E5F4F76CFC0246A2E59DF807300A4806
:10EF400001338DF80730F4F764FC024698E5F4F7D6
:10EF500062FC024694E5F4F760FC024690E5F4F7A3
:10EF60005EFC02468CE500BFE9760021F4F759FC0F
:10EF7000024685E5F4F757FC024681E59DF8073027
:10EF8000D14907338DF80730F4F74FFC024677E597
:10EF9000F4F74DFC024673E59DF80730CA4910337B
:10EFA0008DF80730F4F745FC024669E59DF8073017
:10EFB000C54808338DF80730F4F73DFC02465FE59D
:10EFC000F4F73BFC02465BE59DF80730BE4902338F
:10EFD0008DF80730F4F733FC024651E59DF8073011
:10EFE000B94902338DF80730F4F72DFC024647E5A6
:10EFF0009DF8073008338DF80730FF23EB7115E6D5
:10F00000F4F725FC02463BE5F4F723FC024637E51E
:10F01000F4F721FC024633E59DF80730AA48013396
:10F020008DF80730F4F719FC024629E5F4F717FCD0
:10F03000024625E5F4F715FC024621E59DF8073068
:10F04000A14904338DF80730F4F70DFC024617E5AB
:10F05000F4F70BFC024613E5F4F709FC02460FE552
:10F06000F4F707FC02460BE59DF80730964901339B
:10F070008DF80730F4F7FFFB024601E59DF80730F5
:10F08000914901338DF80730F4F7F7FB0246F7E4B6
:10F09000F4F7F5FB0246F3E4F4F7F3FB0246EFE482
:10F0A000F4F7F1FB0246EBE49DF8073086480233A3
:10F0B0008DF80730F4F7E9FB0246E1E49DF80730EC
:10F0C000814801338DF80730F4F7E1FB0246D7E4BD
:10F0D000F4F7DFFB0246D3E4F4F7DDFB0246CFE4AE
:10F0E000F4F7DBFB0246CBE4F4F7D9FB0246C7E4B6
:10F0F000F4F7D7FB0246C3E4F4F7D5FB0246BFE4BE
:10F10000F4F7D3FB0246BBE4F4F7D1FB0246B7E4C5
:10F11000F4F7CFFB0246B3E4F4F7CDFB0246AFE4CD
:10F12000F4F7CBFB0246ABE4F4F7C9FB0246A7E4D5
:10F13000F4F7C7FB0246A3E4F4F7C5FB02469FE4DD
:10F140009DF80730604801338DF80730F4F7BDFBB8
:10F15000024695E49DF807305B4802338DF807308E
:10F16000F4F7B5FB02468BE4F4F7B7FB024687E4FD
:10F17000F4F7B5FB024683E49DF8073052480433A8
:10F180008DF80730F4F7A5FB024679E4F4F7A3FB0A
:10F19000024675E49DF807304B4902338DF807307D
:10F1A000F4F79FFB02466BE49DF8073046490233B3
:10F1B0008DF80730F4F799FB024661E49DF80730BB
:10F1C000414902338DF80730F4F78DFB024657E4CE
:10F1D000F4F78DFB024653E4F4F7A5FB02464FE437
:10F1E000F4F793FB02464BE49DF8073036490233AF
:10F1F0008DF80730F4F78BFB024641E49DF80730A9
:10F20000314802338DF80730F4F7FAF9024637E453
:10F210002D49F4F772FB297A9DF80730013103EB91
:10F22000410302468DF807302AE42749F4F767FBCB
:10F23000297A9DF80730013103EB410302468DF82E
:10F2400007301DE4F4F75DFB024619E49DF8073032
:10F250001D4901338DF80730F4F755FB02460FE4E2
:10F26000F4F757FB02460BE49DF8073016490133CB
:10F270008DF80730F4F74FFB024601E4F4F74DFB3D
:10F280000246FFF7FDBBF4F74AFB0246FFF7F8BB67
:10F29000F4F747FB0246FFF7F3BB9DF807300A4837
:10F2A00006338DF80730F4F724FB0246FFF7E8BB7E
:10F2B0009DF8073004490B338DF80730F4F71BFB3A
:10F2C0000246FFF7DDBB00BFE97600219DF807305D
:10F2D000BB4902338DF80730F4F72DFB0246FFF7E8
:10F2E000CFBB9DF80730B64902338DF80730F4F7ED
:10F2F00024FB0246FFF7C4BB9DF80730B0490E332C
:10F300008DF80730F4F71DFB0246FFF7B9BB9DF8F7
:10F310000730AB4902338DF80730F4F708FB02469B
:10F32000FFF7AEBB9DF80730A54902338DF80730D3
:10F33000F4F7FFFA0246FFF7A3BB9DF80730A04998
:10F340000E338DF80730F4F7FAFA0246FFF798BB50
:10F350009DF807309A491E338DF80730F4F7F3FA19
:10F360000246FFF78DBBF4F7E0FA0246FFF788BBD1
:10F3700020464FF60B4230F8033B934222D8B3F5B8
:10F380007C4F7FF669ABA3F57C43013B0A2B3FF62C
:10F3900063AB01A252F823F061F4020177F4020199
:10F3A00059EA020159EA020159EA0201CFF40201C5
:10F3B00059EA020159EA0201A3F40201B9F4020177
:10F3C000D9F4020103F2FE2292B21E2A3FF644ABA8
:10F3D000A3F57D43023B1E2B3FF63EAB01A252F844
:10F3E00023F000BFEFF40201F9F4020103F502017A
:10F3F0000DF5020159EA020159EA020159EA020136
:10F4000017F5020159EA020159EA020121F5020148
:10F4100059EA020159EA020159EA020159EA0201D4
:10F4200059EA02012BF5020159EA020135F5020100
:10F4300059EA02014BF5020155F502016BF5020193
:10F4400075F502017FF5020189F5020193F50201CC
:10F450009DF5020159EA020159EA0201A7F50201EC
:10F460009DF8073056480C338DF80730F4F7CCF888
:10F470000246FFF705BB00229DF8073040338DF8A8
:10F4800007304F4B1A80EB7923F0230343F023031B
:10F49000EB712B7A23F0070343F007032B72FFF77E
:10F4A000A3BB9DF80730464817338DF80730F4F7B3
:10F4B000C9F80246FFF7E4BA9DF807304048203308
:10F4C0008DF80730F4F7E2F80246FFF7D9BAF4F7FF
:10F4D000B7F80246FFF7D4BA9DF807303848013331
:10F4E0008DF80730F4F7EFF80246FFF7C9BAF4F7E2
:10F4F00000F90246FFF7C4BAF4F72DF90246FFF708
:10F50000BFBAF4F72AF90246FFF7BABAF4F72BF9B3
:10F510000246FFF7B5BAF4F72AF90246FFF7B0BA88
:10F52000F4F729F90246FFF7ABBAF4F726F90246D9
:10F53000FFF7A6BA9DF80730214904338DF807304C
:10F54000F4F71DF90246FFF79BBAF4F727F90246D4
:10F55000FFF796BA9DF80730194908338DF8073040
:10F56000F4F71EF90246FFF78BBAF4F71BF90246CF
:10F57000FFF786BAF4F71BF90246FFF781BAF4F7F2
:10F5800019F90246FFF77CBAF4F70FF90246FFF7C4
:10F5900077BAF4F715F90246FFF772BAF4F712F9E1
:10F5A0000246FFF76DBAF4F70FF90246FFF768BAA3
:10F5B0002B70FFF72CBA4FF0FF30FFF729BA00BFCE
:10F5C000E976002138B5094C0D4623781BB9BDE812
:10F5D0003840F3F7EFBFA278611C023205F079FBE7
:10F5E0000020042320702B7038BD00BFE27600217C
:10F5F0000A4608B50146074803F0A2F9064803F099
:10F600009FF9002383F31188BFF36F8F03231846FC
:10F6100002DF08BDF4580301055A030137B5102273
:10F62000164B1748C3F82025F0F732FA322301258C
:10F63000ADF8043000231A216846124A8DF80630CE
:10F64000ADF800508DF80230F3F770F9044690B928
:10F650004FF4AF60F0F7CAFA2A4621460C20FDF7B6
:10F66000C9F82A4621461120FDF7C4F82A4621464A
:10F670000820FDF7BFF8204603B030BD002001414F
:10F6800010200141F1F502010149024805F07BB863
:10F69000C8740021E86F002137B500240C4D6FF0CD
:10F6A00009034FF4806228460A49009401F01AFECB
:10F6B0000949284605F09EF80849094805F047F829
:10F6C000224604211A20FDF795F8204603B030BDEC
:10F6D000E86F0021E883002109590301E93603019D
:10F6E000C874002110B9024B1B681847704700BF4F
:10F6F000D874002128B1012807D100200349F0F770
:10F700008FB9034B01201B6818477047E5F60201CB
:10F71000D8740021014B186001487047D87400214B
:10F720000000AD0B0022D30003F1FF7303F580331B
:10F73000D3F80013013107D0D3F800130132D3F806
:10F740000433202A0B60EED1224BD3E94C32072B35
:10F7500026D1023A032A204B28D9D3F80024D10716
:10F7600032D41C4BD3F83021072A19D1D3F83431C5
:10F77000023B032B02D8194AD35C8BB17F23184A72
:10F780001849C2F818310023C1F8043EC1F8083EF8
:10F79000C2F82431C2F82C3102F57F22C2F81031B0
:10F7A000114B1A68114BC3F84425704710498A5C05
:10F7B000002AD2D0D3F80024D207CED50022C3F835
:10F7C0001421C3F81821C8E76FF00102C3F8002420
:10F7D000C7E700BF0000FF010050004113590301BB
:10F7E00000200041000008410080FF01006000414E
:10F7F0001759030130B50468ACB1B4FA84F301229F
:10F80000C3F11F03DBB29A4024EA0202D0E8EF5FA3
:10F81000A54204D1C0E8EC2FBCF1000FF6D1EAD12B
:10F8200002480B7030BD0248FCE700BF0000AD0B82
:10F830000200AD0B10B50368CB40DB0710D40123E9
:10F840008B40026843EA0201D0E8EF4F944204D1B2
:10F85000C0E8EC1FBCF1000FF6D1F2D1014810BD99
:10F860000148FCE70000AD0B0400AD0B014BC3F8F1
:10F870000405704700F000410146014800F002B85D
:10F88000680800210079024B03EB0010FFF7B2BFBC
:10F8900070080021036803F01F025B09026004D0B6
:10F8A000012B034818BF002070470248704700BF73
:10F8B00000088C4100058C41034A4309D35C00F0E9
:10F8C0001F001844C0B270471B59030170B50546AC
:10F8D000FFF7F2FF0C4C083034F810300E46DA0512
:10F8E00008D5C3F3432304EBC302284654F833304E
:10F8F00052689847A3682BB131462846E268BDE8B4
:10F900007040184770BD00BFDC74002108B5FFF7D8
:10F91000D3FF034B083033F81000400B08BD00BF85
:10F92000DC74002108B5FFF7C7FF034B083033F83C
:10F930001000C0F3400008BDDC74002108B5FFF7DB
:10F94000BBFF034B083033F81000C0F3401008BD74
:10F95000DC740021034611F0010010B5CCB20BD1CC
:10F96000A207C4F340000DD5074A106A5860106220
:10F97000003818BF012005E004490A6A1A600A62CB
:10F98000002AEDD010BD00BF00088C4100058C415D
:10F9900010B5FFF791FF124A083032F81030D90540
:10F9A0001CD5C3F3432123F4F85322F81030002070
:10F9B00002F10E0434F8023F13F4807F03D0C3F346
:10F9C000432399420AD001303028F3D1002342F872
:10F9D00031300448BDE81040FFF72CBF10BD00BF18
:10F9E000DC74002154750021F0B504460020012587
:10F9F000064601F1825101F52151104A89008A42DF
:10FA00000BD10F4BD3F87C2132B10022C3F87C21FB
:10FA1000D3F87C3140F00040F0BD02F13F43A3F544
:10FA200021439B0805FA03F31C4204D0176817B161
:10FA30001660176818430432E1E700BF00A10041D7
:10FA400000A00041F7B506460846FFF735FF1A4FFC
:10FA500000F1080537F815300C46DB0729D530468C
:10FA600003F0ECFE2046FFF769FF50B12046FFF798
:10FA70004DFF0023316801EB8000C0F81035C0F85D
:10FA800010352046FFF784FF002301A827F8153022
:10FA90000194FFF7FFFE019B00EB8300D0F80022EA
:10FAA000064B134043F00203C0F80032044803B091
:10FAB000F0BD0448FBE700BFDC740021F0F0FCFF60
:10FAC0000000AD0B0400AD0B2DE9F0431646804657
:10FAD00085B00846FFF7F0FE0C463168054609B3CD
:10FAE0002046FFF71FFF18B12046FFF727FF10BB86
:10FAF00000230DF10F02CDE900338DF80E308DF8A3
:10FB00000F3020460B460DF10E0103F03FFE4A4A2E
:10FB100005F1080132F8113023F0020343F001032C
:10FB200022F8113073687BB320461F785968FFF7BD
:10FB3000F9FE10B1E9B1414829E03F4A05F108005A
:10FB400032F8103023F02003DB04DB0C22F81030F5
:10FB500079B1032FEFD87168496891F800C0D8F8DF
:10FB600000104FEA8C094944A7B9C1F81075C1F8D3
:10FB70001075314A05F1080132F8113023F01C03E9
:10FB800043EA870322F81130B3685BBB2C4805B009
:10FB9000BDE8F083D1F810E543EA4C332EF0030EB4
:10FBA000C1F810E5D8F8001043F0200301EB090E6E
:10FBB000DEF8101522F8103021F44F3121F4407195
:10FBC000CEF810152102DEF8108501F47C5141EACF
:10FBD000074141EA0801CEF8101502EB4C01A1F8EB
:10FBE0007C40C6E72046D3E90067FFF7D1FE002E30
:10FBF000CCD0114CD4E90023964203D19F4201D1CD
:10FC0000002209E00F480DF10F01FFF7F3FD0C4B47
:10FC10009842BCD19DF80F2004EBC20308355F6009
:10FC200034F8153044F8326043EA422343F48073D9
:10FC300024F81530AAE700BFDC7400210400AD0BE6
:10FC40000000AD0B547500212DE9F0430C468046B1
:10FC500085B0204611461E46FFF72EFE054629B305
:10FC60002046FFF75FFE18B92046FFF767FE18BB76
:10FC7000334F05F1080937F8193013F01C0F02D083
:10FC80004B78012B18D001238DF80F3000234A1C2C
:10FC9000CDE9001320468B1C0DF10F0103F076FD1A
:10FCA00037F8193043F0030327F81930002E44D0F9
:10FCB0002046FFF737FE18B9224805B0BDE8F083AB
:10FCC000002296F800C0D8F800301D4F03EB8C03DB
:10FCD000C3F81025C3F8102505F1080237F81210F3
:10FCE0004FEA8C0E21F02001C904C90C27F812102C
:10FCF000757815B3D8F80000B6787044D0F8103590
:10FD00002D0423F4991323F4F853C0F8103523027B
:10FD100003F47C5305F440353605D0F810E52B4349
:10FD200006F48016334341EA4C3143EA0E0341F0B6
:10FD30002001C0F8103527F812100348BDE700BFB6
:10FD4000DC7400210400AD0B0000AD0B014BC3E9D6
:10FD500002127047DC74002110B508461446FFF704
:10FD6000EDFD50B10846FFF7A7FD054B083033F80D
:10FD7000103004485B0B237010BD0348FCE700BF44
:10FD8000DC7400210000AD0B0400AD0B70B50E4C0F
:10FD9000064694F88C50A5B96022294604F110005B
:10FDA00004F0A4FF3068C0F87C51D0F87C3140F3F7
:10FDB0000730FCF7EFFC0123044884F88C30A3677C
:10FDC00070BD0348FCE700BFDC7400210000AD0BF0
:10FDD0000C00AD0B034B93F88C00003818BF0120CA
:10FDE000704700BFDC7400210079024B03EB8000F8
:10FDF000FFF720BD800800210079024B03EB800053
:10FE0000FFF7F8BC80080021F7B5054608461746FD
:10FE1000FFF794FD0C462968E0B12046FFF782FD0C
:10FE20000646B8B92046FFF771FD820002F58073DF
:10FE3000CE50CB582B681344D3F8102542F0010262
:10FE4000C3F8102527B101232A688340C2F8043380
:10FE500003B0F0BDD1F804332046002BA4BF4FF00F
:10FE60000043C1F80433FFF727FD0F4B083033F888
:10FE70001030C3F38203042B11D0052B11D001A83D
:10FE80000194FFF707FD019A0369D34003F00103D2
:10FE9000991C204603B0BDE8F04003F0C0BC03212C
:10FEA000F7E70221F5E700BFDC7400212DE9F04FF0
:10FEB000634B0821D3F8040387B0C0B240F0004080
:10FEC000FFF792FD051E2BDA0023032104A8CDE9DC
:10FED0000433FFF73FFD4FF000094FF0010BDFF84F
:10FEE00064A10DF110081AF8013B5749DA088A5C41
:10FEF00003F0070322FA03F3DA071CD408F104081D
:10FF0000B9F1000F14D000214FF00040FFF76CFD55
:10FF1000032104A8FFF71EFD0028DCD125F00045D1
:10FF20000124474E494F002D75D107B0BDE8F08F31
:10FF30004FF00109D7E7464B4B440093D8F8001027
:10FF40000029DBD091FAA1F1B1FA81F1009B1C7874
:10FF500041EA44142046FFF7AFFC3C4B083033F82D
:10FF60001070C80818F8002001F007010BFA01F121
:10FF700022EA0102BB0808F8002003A801930394B9
:10FF8000FFF788FC039A019B803250F82220C7F3C8
:10FF900082065B073746C2F3014221D52046394627
:10FFA000D6B2FFF793FC03A80394FFF773FC039BFF
:10FFB000803350F82330C3F301439E4207D1002120
:10FFC000204603F02CFC3146204603F028FC03A811
:10FFD0000394FFF75FFC039B0BFA03F30362ADE7A7
:10FFE000022A0CD10321204603F019FC06F0050378
:10FFF000012BECD139462046FFF768FCE7E70221E8
:020000040103F6
:100000002046019203F00BFC032EF3D0019A032A41
:10001000DDD1022EEDE795FAA5F3B3FA83F304FAE6
:1000200003F225EA020503F5A27256F8221007EB47
:100030004303B3F87C00C1F30141FFF747FC72E7CB
:1000400000A000412B59030154570301DC74002127
:100050002B59030170B5084C0E462379154643B958
:100060001220FCF797FB0123044823712660A5604A
:1000700070BD0348FCE700BF6C7500210000AD0BAC
:100080000C00AD0B002330B50D4A50F8234003F5AA
:10009000A2710133102B42F82140F6D10023084A07
:1000A00000F13C0103F5B27451F8045F0133102BE9
:1000B00042F82450F6D1D0F88030C2F8043330BD75
:1000C000002001410123024A8340C2F804337047F3
:1000D000002001410123024A8340C2F808337047DF
:1000E00000200141F8B5012600270B4B0B4DD3F83A
:1000F0000C4304B9F8BD94FAA4F0B0FA80F006FA03
:1001000000F324EA0304064B82009F502B68002B67
:10011000EFD0A9689847ECE7002001416C750021F9
:10012000002101412DE9F0410E4617460C4D55F8CE
:100130001C4FAC4203D16FF01200BDE8F081314694
:1001400054F8440CA4F14408FBF7D1FB30B9C7F8CC
:1001500000804046BDE8F04103F067BC2468E8E752
:100160007875002110B5D0E909124A60416A00F1A2
:1001700024031160C0E909334368044603B198477A
:10018000054A936833B11279062A03D907202268F9
:1001900002499847002010BD787500212D590301B0
:1001A0002DE9F04107460D460B4E56F80C4FB44270
:1001B00002D16FF001000AE0394654F8240CA4F192
:1001C0002408FBF794FB20B91DB1C5F80080BDE8F9
:1001D000F0812468EBE700BF7875002138B504464C
:1001E00000B30068F0B10378E3B10021FFF7D8FF56
:1001F000D8B104F11C03C4E907330D4B04F1240208
:10020000196903F10C00A16260621A610A609D68BD
:1002100035B11B79062B03D9072022680549A84769
:10022000002038BD6FF01500FBE76FF01000F8E715
:10023000787500212F59030138B5114C0546216806
:1002400019B100200131216038BD2422204604F07C
:100250004DFD2B682846A3602B79237104F10C0314
:10026000C4E9033304F11403C4E9053304F11C03A6
:10027000C4E9073300F018F80028E5D12168E0E769
:100280007875002138B5074D2C68013C2C6044B9C5
:1002900000F012F821462846BDE83840242204F038
:1002A00025BD38BD7875002108B50248FFF796FFD7
:1002B000002008BD840800210148FFF753BF00BF9C
:1002C000840800210EB4431E062B33B588BF0020DE
:1002D000094B05AC54F8045B53F82010074802F0B2
:1002E0002FFB214628460194FBF706FC02B0BDE82F
:1002F000304003B0704700BF585703014A5903010B
:100300002DE9F04F87B017469B460446DDF840A024
:1003100000284BD0056A35B12D6825B1AC4607B031
:10032000BDE8F04F6047E36A9F4242D80026BE42D4
:1003300003D1002007B0BDE8F08F182303FB06F8B7
:10034000D4F83090A26909EB08052B1D0593CAB9B2
:10035000686969680368B5F80CC0C91AAB680CF124
:10036000030E5D1E05EB0C155B4205EB4E051D40B3
:1003700005EBCC0385680633A94228BF4FF0FF3157
:1003800003F020FB59F8083020460293236AB1B2EB
:100390009B6A01935AF8263000935BF82620059B50
:1003A00003F061FB0028C5D10136C0E76FF01500EE
:1003B000C0E70148BEE700BF40F4FFFF10B50446A8
:1003C00090B1028D43899A4209D0084A936833B1AB
:1003D0001279032A03D94268054904209847204628
:1003E000BDE8104004F0EABB10BD00BF78750021E5
:1003F000E559030130B544898C4212D9436A013C66
:100400005D882C4003EBC40359609A60BFF35B8F97
:10041000426A538801335380438D01334385002062
:1004200030BD0148FCE700BF41F4FFFF70B4039EFC
:10043000144660B1006A50B14BB1013407D0002EB0
:1004400005DBD0F8844014B1A44670BC6047014875
:1004500070BC70472DF8FFFF70B4039E144660B166
:10046000006A50B14BB1013407D0002E05DBD0F843
:10047000944014B1A44670BC6047014870BC7047FA
:100480002DF8FFFF2DE9FF47DDF834800E46914639
:100490009A460546002876D0002974D0B8F1000F9E
:1004A00071D001F16407384603F06DFCBAF1FF3FEB
:1004B00049D1346E06F1500204F18000844204F008
:1004C0001F0C07D2C4F3411152F8211021FA0CF18C
:1004D000C90736D4012104F07F04600952F82030A6
:1004E00004F5806A01FA0CF104F201440B4304F0B4
:1004F0007F0442F8203034666B6C4A4603930E9BAF
:100500002946CDE901830C9B30460093534603F006
:10051000E9FC384600F048FD2C7874B196F8A44008
:100520005CB1AB6A013330D10021284603F06AFC8C
:10053000044610B1284603F03BFC204604B0BDE859
:10054000F0870134BAE7BAF5806FD5D3AAF5806396
:100550007F2B06F150010FD8580951F8204003F0C5
:100560001F0324FA03F2D2070BD4012202FA03F389
:10057000234341F82030BFE7054C384600F014FD16
:10058000DBE7044CF9E7024CD7E70024D5E700BFCE
:100590002DF8FFFF29F8FFFF08B583681A0C0AD170
:1005A000094A93682BB11279022A02D9032007491C
:1005B0009847002008BDA3F5803383601B0C0CBF57
:1005C00001200020F6E700BF78750021075A0301DB
:1005D00038B50446E0B100F16405284603F0D3FCC9
:1005E000D4F8B4309B6953B9D4F8A840103C002C1F
:1005F00000DC084C284603F0C4FC204638BD012B23
:10060000F7D1D4F8BC0003F0A6FBA0F11004EEE78C
:10061000014CF2E72EF8FFFF2DF8FFFF38B5044636
:10062000E0B100F16405284603F0ADFCD4F8B43025
:100630009B6953B9D4F8AC40103C002C00DC084C4A
:10064000284603F09EFC204638BD012BF7D1D4F894
:10065000B80003F080FBA0F11004EEE7014CF2E7D4
:100660002EF8FFFF2DF8FFFF2DE9F04385B00F4670
:10067000904603A90D9A0546994603F045FE0446A7
:10068000E0B10C9E039BD5F8C0009E42A8BF1E4659
:100690000168D0F808C0611A33464A46614528BF50
:1006A0004FF0FF3103F054F92346424639462846BD
:1006B000009603F0C9FD05B0BDE8F0830048FAE7F5
:1006C0002EF8FFFF2DE9F0478AB00D46DDE91297BD
:1006D00016469846044620B9924E30460AB0BDE808
:1006E000F0870029F8D0002BF6D00021A822C0F80E
:1006F000D01004F0FBFA012204F16400114604F06A
:1007000003F8894BC4F8B450E667AC62C4F884308F
:10071000864BC4F88830864BC4F88C30854BC4F8BF
:100720009030854BC4F89430844BC4F89830844B97
:10073000C4F89C30834BC4F8A030AB693BB9002FA0
:10074000CAD097E8070004F1A80383E80700AB6963
:10075000012B06D02B6ADBB96FF00506BDE7430716
:10076000F8D4D4F8B400002800F0D980036A002B34
:10077000F2D09B68002BEFD098474206EFD50021BE
:10078000D4F8B40003F0EDFB06460028E9D0A4E756
:100790001B69002BE0D028469847AB69012B04BFAA
:1007A0000023286100F0010008BF6B6184F8A400F9
:1007B000AB69DBB93B7A002B00F0838009F10C03B5
:1007C000C4F8C430B9F1000F86D0D9F80820002A47
:1007D00000F0A3809B68002B00F09F805A4B04938D
:1007E0005A4B05935A4B06935A4B0793AB69012B0F
:1007F00007D1564B0493544B0593564B0693544BD9
:100800000793002104F1C803C4E9323306ABC4F8EE
:10081000C080022200932846019104ABFFF770FDCF
:10082000064600287FF459AFAB693BB92B6B1B68B8
:10083000C4F8B8302B6B9B69C4F8BC30AB69012B92
:1008400007D12B6B9B69C4F8B8302B6B1B68C4F8BD
:10085000BC30D4F8BC0003F019FA2B6B1B68C3F84A
:100860002C802B6B9B69C3F82C80D5F818A0BAF1AB
:10087000000F07D1D4F8AC300993D4F8B8305B89B5
:10088000534520D894F8A430C4E9004463B1002350
:100890000293314B204601933523304A0394009351
:1008A00004F1080103F01EFBAB69002B7FF415AFC8
:1008B0000421284603F055FB074600283FF40DAFFE
:1008C00026E04B467CE74846D4F8AC1003F00DFD1B
:1008D0000746E0B1D8F800100890411AD8F808008F
:1008E0000022814228BF4FF0FF31D4F8AC3040469F
:1008F00003F068F8009701230022D4F8B80008A993
:1009000003F0DEF8074618B90AF1010AB5E7144FFB
:10091000284603F01FFB3E46DFE6114EDDE66FF092
:100920001506DAE62DF8FFFF69060301DB3F030138
:10093000494103010943030149420301933F030174
:100940001D060301D1050301285A03012E5A030194
:100950007D410301813F0301FF3F0301345A03013D
:100960002EF8FFFFF0B505460E46174687B0074A3A
:1009700003AC07CA84E807000C9A31460092284667
:100980003A460194FFF79EFE07B0F0BD58500301B0
:1009900038B5EFF31185402383F31288BFF36F8FCF
:1009A000064B9C6803F0A8FD85F31188BFF36F8F99
:1009B0002046BDE83840FBF795BE00BF9C7500217E
:1009C00038B50A4B53F82040013053F82050A54267
:1009D00000D838BD606830B1037FDB0701D403F075
:1009E0008EFD0834F3E723689847FAE77857030148
:1009F000012270B52A4B032086B01A70FFF7E0FF82
:100A0000FCF762FBFBF78CFC0420FFF7D9FF254CB9
:100A1000254D2646AE4204F1300410D300F0ECFE22
:100A2000204C224EAC4226D300F0FAFE01F039FDF4
:100A30001F4A137B23F00103137306B070BD54F8F3
:100A40000C3C059354F8103C049354F8143C039365
:100A500054F8183C029354F81C3C019354F8203C81
:100A6000009354E90A2354E90C0100F0B7FC54F850
:100A7000303C5E65CDE7D4E90A23B3F1FF3F08BF00
:100A8000B2F1FF3F05D052EA0301206803D100F024
:100A900083FF3034C6E73146183001F025F9F8E716
:100AA000E5770021804F0301E04F0301E94803018E
:100AB0000871002108B50348034A0021121A03F007
:100AC00035FD08BD200A0021E8770021002301221E
:100AD00070B586B0CDE904230F220193CDE902322F
:100AE00014230F4D0F4E03FB00550F4906EBC016A4
:100AF000044601EB00214FF4807230460B4B009509
:100B000000F06CFC737B2C7423F004037373084BAC
:100B1000013403EBC423EE606B6006B070BD00BF10
:100B20009C75002188700021E88F00217D4503011C
:100B3000E8870021BFB50020FFF742FF2B4B03F5EC
:100B4000006282F3088883F30A88E023284C00259A
:100B500084F822302023E37725766576A57684F81D
:100B60002050636A234F43F4E023636284F82350E8
:100B7000FBF736FDFBF7A2FE4FF0FF33A362E36203
:100B8000FCF728F8FBF7BEFE1B4800F091FC03F0D1
:100B90009FFCFCF791FA0120FFF712FF0220174C8F
:100BA000FFF70EFF00F070FE154B16495C61164B07
:100BB0004FF40062059301232046CDE90353CDE9AC
:100BC00001553B46009500F009FC0646627B204635
:100BD00022F00402627303F04AFE2846FFF776FF14
:100BE0003A4631462046FBF749FE00BFE887002120
:100BF00000ED00E0F1090301887100210871002176
:100C00009C750021E8900021375A030138B5064C45
:100C1000064DAC4201D3002038BD2046D4E9011274
:100C200003F088FC1434F4E7CC080021E00800212C
:100C30002DE9F34104460E4600F10808EFF3118751
:100C4000402181F31288BFF36F8F006AE168884208
:100C500038D22568AC4217D0B5B1284603F099FCCC
:100C600005F1180003F0BFFE3146A268286904F0C0
:100C700030F800232846EB6703F0F9FD404639467B
:100C800000F094FD00202AE03146A268E06904F0FB
:100C900020F8E369A268102113446269E36193427A
:100CA00008BF236904F1240008BFE361236A01330C
:100CB000236203F04CFF0028E0D187F31188BFF3D3
:100CC0006F8F0CE052EA03010CD008494046896856
:100CD0000E61CDE900233946224600F0D3FC02B074
:100CE000BDE8F0816FF02200E7E700BF9C750021AE
:100CF000F7B50446084604F10807EFF311864021D2
:100D000081F31288BFF36F8F216A002939D0A2685E
:100D1000A16903F0DEFFA369A26825681344626934
:100D2000A361934204BF2369A361236AAC4203F128
:100D3000FF33236233D02846002D31D003F029FC45
:100D400005F1180003F04FFEA2682969E06903F07D
:100D5000C0FFE369A268284613446269E3619342D5
:100D600004BF2369E361236A013323620024EC6733
:100D700003F07DFD3846314600F018FD204603B0F3
:100D8000F0BD52EA030110D0094989680861CDE934
:100D9000002331462246384600F074FCEFE700207D
:100DA00086F31188BFF36F8FE9E76FF02200F7E752
:100DB0009C7500212DE9F341044617461E46EFF3CA
:100DC0001188402383F31288BFF36F8FC368334ABF
:100DD0007BB180689168884219D057EA060318D120
:100DE00088F31188BFF36F8F6FF00F0002B0BDE87A
:100DF000F081916891F90E100133E36093682161ED
:100E0000A36088F31188BFF36F8F0020EEE721699C
:100E1000F2E791F90E1090F90E306FF07E029942D0
:100E2000A8BF19469142B8BF11468B422DDD03F091
:100E3000BDFB054622464146CDE90076184800F044
:100E400021FC0028E1D0EFF31186402383F31288C0
:100E5000BFF36F8FA068D0B1236821699C420AD08C
:100E60004BB193F90E309942A8BF19466FF07E033B
:100E70009942B8BF194603F099FB40B13146084882
:100E800000F094FC6FF00A00B0E70025D2E7002DD7
:100E9000F4D186F31188BFF36F8FF3E79C750021BF
:100EA000E6770021F8B583680546002B3FD0234A3A
:100EB000926893423ED1C368012B03D9013BC360C2
:100EC0000020F8BDEFF31187402383F31288BFF3AE
:100ED0006F8F0169806803F069FB2C68A54207D118
:100EE0000023C5E9023387F31188BFF36F8FE7E76B
:100EF000002CF5D0D4E90032002613605A60637BE1
:100F0000C4E9006623F002036373A66004F11800CD
:100F100003F069FDAC6094F90E3020462B61E66762
:100F200003F0A5FC3946064800F040FCC8E76FF026
:100F30001500C6E74FF0FF30C3E700BF9C750021E6
:100F4000E677002137B51146EFF31185402282F391
:100F50001288BFF36F8F04689CB12368426823F046
:100F600003039442036008BF43600121204603F05D
:100F7000AAFB044685F31188BFF36F8F204603B0A8
:100F800030BD51EA0302F5D000F10802CDE90013AB
:100F90001046294600F076FB0028EFD1014B9B68F4
:100FA0001C69EBE79C75002170B5EFF311864023B7
:100FB00083F31288BFF36F8F0468A0421AD0CCB1BC
:100FC000D4E90032002513605A60637BC4E9005500
:100FD00023F002036373A56004F1180003F003FD1E
:100FE0002046E56703F043FC3146BDE870400A48FF
:100FF00000F0DCBBD0E902329A4218BF0133022173
:101000008360103003F0A3FD0028EDD186F3118832
:10101000BFF36F8F70BD00BFE677002113B5EFF30C
:101020001181402484F31288BFF36F8F846844B128
:10103000013C846081F31188BFF36F8F002002B000
:1010400010BD52EA030406D181F31188BFF36F8FFC
:101050006FF00F00F3E7CDE900230246014800F0EE
:1010600011FBECE7E67700212DE9FF41044640271C
:101070004E4EEFF3118887F31288BFF36F8FD4F8C9
:101080008450F5B9022104F19C0003F04DFB0028C7
:1010900068D004F1940500220121284603F06AFC7F
:1010A0000028F8D100234FF0FF3202934FF0FF33B6
:1010B0004146CDE900233E4804F18C0200F032FDA8
:1010C000D7E7D4F888202B689542C4F8843008BF4D
:1010D000C4F88830D4F89C3043F00203C4F89C3044
:1010E000EB6823F0040343F00103EB606B6888F3C3
:1010F0001188BFF36F8F28469847EFF3118887F365
:101100001288BFF36F8FEB68D80623F0010236D444
:10111000EA60EB689A0716D5306823F00203EB60AB
:1011200088B10021036870B14268954235D10368E7
:1011300069BB72683360824200D17360002340F85B
:10114000083BFFF731FFD4F89C3023F00203C4F8CA
:101150009C3088F31188BFF36F8FDB0589D400F0D2
:101160009BFB86E7D4F89C30D9069BD5C4F89C003D
:1011700088F31188BFF36F8F04B0BDE8F08123F0CE
:101180001103EB6005F11000FFF70EFFC1E70B60E4
:101190007368834208BF7160D0E723B11A680146C3
:1011A00018461346BFE71A46F9E700BFBC75002191
:1011B000E6770021F8B5C36804469A070F46C3F3E3
:1011C00040062ED45B071CD40B680BB983680B60F8
:1011D000E368DD0742BFA36802263B603D6858BF55
:1011E0000126002D3CD0204B9A68D5F880309A42D9
:1011F0000AD0D5F89C30D807C3F3800214D46FF01E
:10120000120600233B6025E003F0EEFAD5F89C308F
:101210000028F0D1D907C3F3C002F0D552B15B0763
:1012200008D46FF00F06ECE7002AFAD1C3F3C0032D
:10123000002BF6D100232360D5F8883063B9C5E9C7
:101240002144284603F07CFAE36843F00403E3609A
:101250003B68A3603046F8BD1C60C5F88840F0E7E5
:101260006FF01506CDE700BF9C750021F8B5C36887
:10127000064603F00503002B0C4614BF0127002788
:101280001CD085680122002104F1100003F03CFA13
:101290002046134903F05BFAE36843F01003E36070
:1012A000F3685B0712D5336823606BB9D5F88830D3
:1012B00033B9C5E92144284603F042FA3846F8BD5F
:1012C0001C60C5F88840F6E73460F4E7D5F8843050
:1012D0002360D5F88830C5F88440002BEBD1F0E7C7
:1012E0003F470301F0B50446002089B0C4E921005E
:1012F0000E9D04F18C00C4E9230004F19400C4E9BC
:10130000250055B32879002840F2011008BF0120BC
:10131000C4F89C0000204FF0FF364FF0FF37CDE9B6
:101320000330CDE90100CDE9066720460C4B00945F
:1013300000F092F855B1296811B1204603F05AFA2D
:101340006B791BB1237B43F001032373204600F02C
:1013500023FBC4F8804009B0F0BD0120D8E700BFEE
:101360006910030130B50A46044685B0EFF31185D4
:10137000402383F31288BFF36F8FD0F89C3013F0B3
:10138000060F1DD1B1B143F00C03C4F89C302046C8
:1013900003F0D6F900234FF0FF3202934FF0FF33F2
:1013A0002946CDE900230C4804F1940200F0BAFB71
:1013B00005B030BDD0F8840048B143F00403E4E741
:1013C00043F00401C0F89C10002AE0D0DBE785F36D
:1013D0001188BFF36F8FEBE7E67700212DE9F0432B
:1013E000984685B000F15803C0E91633109B0026DB
:1013F00003730423073222F0070543730F9B01EBAD
:1014000005090F4683734946C0E906668660C673C0
:101410000446FAF797FF0E9B073020F00700E066BE
:10142000C4E9197502930D9BA9EB000901930C9B6C
:101430004A460093394643462046FBF703FA054BDC
:1014400066659B6803B11B6F4846236705B0BDE81E
:10145000F08300BF9C750021F0B5002587B005958D
:10146000109DDDE9127604950F9D044603950E9DAF
:1014700002950D9D01950C9D0095FFF7AFFFB6F10C
:10148000FF3F08BFB7F1FF3F05D056EA070305D17C
:10149000204600F081FA204607B0F0BD3A463346B8
:1014A00004F11800014900F01FFCF4E7E9480301CA
:1014B00040F201138381002310B50446C0E91933BB
:1014C00000F068FD014B9C6010BD00BF9C750021C1
:1014D0006FF00A01084A9368D967084998674B6812
:1014E00043F080534B60002383F31188BFF36F8F69
:1014F0009368D86F704700BF9C75002100ED00E035
:1015000070B590F90D20437B002A36DBD90634D123
:101510001B4C63F07F032246437352F8183FE16986
:10152000934207D1C0E900210860E06111E09942CF
:10153000F8D01B68002BF5D090F90E5093F90E608F
:10154000B542F4D0AE42F2DD5968C0E9003108601E
:101550005860A569954200D005B9E568A3685A7B33
:10156000D20604D1DA897F2A01D9AA6932B1AB4205
:1015700002D0284600F016FB656170BD6361FCE790
:101580009C75002138B590F90D200146002A437B57
:1015900004DA03F07F03437303F02FF90D4D2A465D
:1015A00052F8184FAB68944200D004B9EC688B42F3
:1015B00007D05A7BD20604D1DA897F2A01D9A269E1
:1015C0002AB1A34202D0204600F0ECFA23466B6118
:1015D00038BD00BF9C750021B3F1FF3F08BFB2F1D9
:1015E000FF3F03D00249183000F07EBB704700BFB8
:1015F000E948030170B590F90D200146002A437BAC
:1016000004DA03F07F03437303F0F7F81C4C4B7BC1
:10161000224663F07F034B7352F8183FE069934210
:1016200007D1C1E900200160E16111E09842F8D0E2
:101630001B68002BF5D091F90E5093F90E60B5425E
:10164000F4D0AE42F2DD5868C1E900300160596063
:10165000A569A368954200D005B9E5688B4207D01B
:101660005A7BD20604D1DA897F2A01D9AA692AB124
:10167000AB4202D0284600F095FA2B46636170BD5C
:101680009C750021F8B5DDE906670D4B0C4698689E
:1016900011460C4A1060EFF31182402282F3128847
:1016A000BFF36F8F9D68284603F0B9F8284632468D
:1016B0003B46FFF791FF2046BDE8F840FFF708BF23
:1016C0009C750021C4750021F8B50446EFF311871D
:1016D000402383F31288BFF36F8F437B49B203F03B
:1016E0001F02002A0CBF0126002639D103F07F0318
:1016F0002D4D437303F081F82A46437B817363F0D9
:101700007F03437352F8183F934227D1E869C4E935
:1017100000200460EC610FE09842F8D01B68002BB9
:10172000F5D093F90EC06145F6D08C45F4DD5968CB
:10173000C4E900310C605C60AC69944200D004B92B
:10174000EC68AB689C4202D0204600F02BFA6C613A
:1017500087F31188BFF36F8F3046F8BDE869DEE785
:101760009B071ED5856803F048F881732B689D425E
:1017700009D16B68C4E900531C606C60E8E76A68D3
:101780009342F6D01B68002BF3D093F90E209142C0
:10179000F5D08A42F3DD5A68C4E9003214605C6017
:1017A000D6E78173D4E700BF9C75002149B9EFF3F8
:1017B000058030B9054B5A699B689A4201D0FFF702
:1017C00087BE81F31188BFF36F8F70479C7500212E
:1017D000034648B9EFF3058232B9064A5169926867
:1017E000914201D0FFF774BE83F31188BFF36F8F6E
:1017F000704700BF9C750021EFF31181402383F3F4
:101800001288BFF36F8F054B9A68D37B013BD3736C
:1018100081F31188BFF36F8F704700BF9C75002163
:1018200070B5EFF31186402383F31288BFF36F8FF7
:10183000144DAB68DA7B0132DA732A4652F8184F3E
:10184000944200D004B9EC685A7BD20604D1DA89FC
:101850007F2A01D9A2692AB1A34202D0204600F012
:10186000A1F923466B6186F31188BFF36F8FEFF305
:101870001180402383F31288BFF36F8FBDE870405F
:10188000FFF7A6BF9C750021024B03F11802C3E9C4
:10189000062270479C75002170B5EFF31186402336
:1018A00083F31288BFF36F8F1B4CA168E0690B684C
:1018B000814214BF1A46002249680B605960A36830
:1018C000E1692AB9154AC3E900210B60E3610CE024
:1018D00093F90E0092F90E50A84218D0854216DDF9
:1018E0005168C3E900210B605360A5690B4B9D4211
:1018F00000D005B9E568A3689D4202D0284600F0F3
:1019000051F965613046BDE87040FFF7E1BD8A429C
:10191000D8D01268D5E700BF9C750021B4750021AE
:10192000F8B550EA010306460C4603D1FFF7B4FFB1
:101930000020F8BDEFF31187402383F31288BFF333
:101940006F8F124D124BA8681860FFF71BFEA86836
:10195000234632460F49183000F0C6F9AA680446FB
:10196000537B384643F004035373FFF7B1FDAB6874
:10197000D3E90A23B3F1004F08BF002AD8D103F0FE
:101980005AF8201A20EAE070D3E700BF9C750021C6
:10199000C4750021E948030138B50446EFF3118509
:1019A000402383F31288BFF36F8F437B5B070FD510
:1019B000183003F018F8637B204623F004036373A8
:1019C000FFF79EFD2946BDE838400448FFF7EEBE0C
:1019D00085F31188BFF36F8F38BD00BFE677002114
:1019E000014B9868704700BF9C7500212DE9F843B2
:1019F0000446077BEFF31185402383F31288BFF37E
:101A00006F8F437B190705D585F31188BFF36F8F5F
:101A1000BDE8F883D90943F008025AD14273A3689C
:101A200013B1204602F0F1FE04F1180002F0DBFFD2
:101A3000A66D04F15808B04511D04FF0000976B1F9
:101A4000304602F0E2FE06F1180002F0CCFF30460C
:101A5000C6F87C90FFF754FDA66DB045EFD1DFF8D6
:101A6000B880D8F808309C423BD1EFF30589B9F132
:101A7000000918BF4FF00109D8F81860274A9642AC
:101A800000D00EB9D8F80C60B34202D0304600F056
:101A900089F8C8F81460B9F1000F02D02048FFF7A8
:101AA00007FDD8F808309C4231D1EFF3058373BBB2
:101AB000227BD20718D42846FFF70AFDFB07A7D5DB
:101AC000002383F31188BFF36F8F0423184602DFCE
:101AD0009EE703F07F0343F00803437302F08DFE9B
:101AE0009DE74FF00009C7E785F31188BFF36F8FBB
:101AF00083F31188BFF36F8F0423184602DFEFF3DF
:101B00001180402383F31288BFF36F8FD4E785F3EE
:101B10001188BFF36F8FD1E79C750021B475002148
:101B200088710021D3B5DDE90667089CCDE900671F
:101B3000FFF7A8FD1CB1034B9B681B69236002B033
:101B4000D0BD00BF9C7500210122044BC01A044B7C
:101B5000C0105843034B1A54704700BF087200214D
:101B6000ABAAAAAAE6770021C3897F2B12D80A4B19
:101B70001B6863B1094B90F90E201B689A4209DB80
:101B8000437BDB0606D1064BC31A18BF012303F0C3
:101B9000010070470023FAE7B0080021C875002152
:101BA0008870002170B50E4B0E4C1E7C182303FB71
:101BB00006440546204602F016FF00220A4B28463E
:101BC0009A55FFF7D1FF48B1084B2046BDE8704059
:101BD0001A680749013AD31700F086B870BD00BFF4
:101BE0009C75002108720021E6770021B0080021D1
:101BF000491B030138B5EFF31185402383F31288A5
:101C0000BFF36F8F104B114A9C681068A04206D139
:101C1000FFF7C8FF85F31188BFF36F8F38BD002130
:101C20001B7C11600A4AD35C002BF3D02046FFF7DF
:101C30009BFF0028EED0637BDB0602D12046FFF736
:101C4000D9FC2046E4E700BF9C750021C475002143
:101C5000E6770021074808B5074A0849121A02F03A
:101C600067FCBDE808400648064A0749121A02F018
:101C70005FBC00BF000000211C0A00215C5A030168
:101C800000000021000000215C5A0301024B18688B
:101C9000984208BF00207047B4080021034B1B681E
:101CA0000BB9FCF753BB0020704700BFCC75002177
:101CB00030B570B10B4B5B6898420AD0036843B1F2
:101CC000D3E90421D0E90445121941EB0501C3E928
:101CD0000421D0E9003213605A600023C0E90033C8
:101CE00030BD00BFB4080021B3F1FF3F08BFB2F11F
:101CF000FF3F2DE9F84F0446994615461F467BD015
:101D00008160EFF31188402383F31288BFF36F8F54
:101D1000013279F1FF33DFF8E8A020DBFFF7BEFFE7
:101D2000DAE90027013549F100092D1849EBE07384
:101D300006464FF00109C4E90453AD1843EB070709
:101D4000FFF7A4FF0346DFF8BCE0DEF804A0EBB920
:101D5000C4E900EACAF80040CEF8044028E06FF079
:101D60000103DAE900125B1A4FF0FF3161EB020266
:101D70005B1B62EB0902012B72F10001BCBF012366
:101D800000224FF00009C0E90432D9E7D3E9041C6E
:101D9000D4E904208A4270EB0C0B24DA891A5A68C1
:101DA0006CEB0000C3E90410C4E9003214605C600D
:101DB000FFF76CFF84420ED1134B1B685BB9B9F17E
:101DC000000F02D1FFF76AFF0646304602F0F4FD2D
:101DD0000021FCF78DFA88F31188BFF36F8F284636
:101DE0003946BDE8F88F521A60EB0C009A45C4E9F9
:101DF0000420ADD01B68AAE700252F46EFE700BFFF
:101E000020720021B4080021CC7500212DE9F04793
:101E1000EFF31185402383F31288BFF36F8FDFF850
:101E2000A0900026C9F800000027FFF72FFFDFF879
:101E30009480D9F80030D8E900ECD91750B1D0E936
:101E40000442A34271EB020A1BDAE41A62EB0102BC
:101E5000C0E90442002413EB0E034CEB01012046C1
:101E6000C8E90031C9F8004002F0A6FD2146FCF7A0
:101E70003FFA85F31188BFF36F8FBDE8F047FFF796
:101E8000B9BE14EB0E024CEBE473C0E90467C8E979
:101E90000023FFF70DFF85F31188BFF36F8F836871
:101EA0009847EFF31185402383F31288BFF36F8FB8
:101EB000D9F800301B1BC9F80030FFF7E7FEB8E780
:101EC000CC7500212072002110B5EFF3118440235E
:101ED00083F31288BFF36F8FFFF7E0FE0346054AD6
:101EE000D2E90001181841EBE37184F31188BFF3C4
:101EF0006F8F10BD2072002138B50346EFF31185B6
:101F0000402282F31288BFF36F8FC160012181608C
:101F10000068834206D185F31188BFF36F8F0024D8
:101F2000204638BDD0E9003213605A600023C0E972
:101F3000003302F0C9FD294604460248FFF736FC8B
:101F4000EEE700BFE77700212DE9F04105460E4698
:101F5000174602F049FC28B9074B9B681C6F14B95F
:101F6000BDE8F081054C3B46324629462046BDE897
:101F7000F04102F00BBE00BF9C750021CC0800218F
:101F800002460021014B024802F000BE87280301EF
:101F9000CC080021014B0367704700BFCC0800212B
:101FA0000146024A0020FFF7CFBF00BF8728030188
:101FB00007B5074B4FF40062009306494FF0FF331B
:101FC0000548FFF78FF9002003B05DF804FB00BF60
:101FD00090570301E8B80021287200212DE9F04F45
:101FE00043688DB015468046029383789A0740F186
:101FF0000D8100240E78002E00F00A81252E0BD0D2
:102000004B1C0393013441463046029B98470028FD
:10201000C0F2F6800399EDE74E788B1C252E0393D2
:10202000F0D00027B946BB46BBF11F0F38D8A6F148
:102030002003102B0AD8DFE803F02A090930090928
:10204000092109090928092D09091F00A6F13003F2
:10205000092B33D92A2E37D11BF0400F55F8043BFA
:1020600040F08280002BA7BF4BF0200B9946C3F1B4
:1020700000094BF0280B01E04BF0010B039B13F818
:10208000016B0393002ECFD130E04BF0020B4BF0ED
:10209000040BF3E74BF0080BF0E74BF0100BEDE708
:1020A000BBF17F0F19D8A6F13003092BD2D81BF052
:1020B000400F03D00A2101FB0737DFE70A214BF06D
:1020C000200B01FB0939D9E72E2E06D11BF0400F5A
:1020D00040F09E804BF0400BD0E76C2E31D02BD8D7
:1020E000682E36D06A2E3CD04C2E3AD0002F46F0C7
:1020F0002003B8BF2BF04002A3F16501BCBF00274D
:102100001FFA82FB022901D9612B2FD1073507273E
:10211000DFF8ACA225F0070508351BF0080F66D0E4
:102120000AEB070B56465E4563D1A4EB0A0AA9EBFE
:10213000070906EB0A026FE1742E9FD07A2E9DD01C
:10214000D4E71BF0800F18BF4BF4007B4BF0800BE3
:1021500094E71BF4807F18BF4BF4007B4BF4807B2B
:102160008CE74BF4207B89E71F4687E7A6F16301E4
:10217000122900F2F080DFE811F013004F00EE00AA
:10218000EE00EE00EE004F00EE00EE00EE00EE007E
:10219000EE00FE00E900EE00EE001B00EE00AF00D6
:1021A00055F8043B01270DF1180A8DF81830B4E7F3
:1021B00055F804AB834BBAF1000F08BF9A461BF0E9
:1021C000400F504614BF39464FF0FF3102F01FFD5B
:1021D0000746A2E741462020029B984700280FDBD4
:1021E000013EB742F6D34C44B146A41B98E74E4695
:1021F000F7E7414616F8010B029B9847002892DA50
:1022000098F8023043F0040388F802304FF0FF34AE
:1022100020460DB0BDE8F08F1BF0800F34D01BF4CA
:10222000007F2CD0073525F00705AA4669685AF8C3
:10223000080B2BF010050029ADB237DA404245F407
:10224000806561EB41010DF1180B0A235A4602F03B
:10225000EAFCA0EB0B0301936B0662D5019B25F012
:1022600001019F4289B240F3A180002E00F09980C5
:1022700015F0100240F09C80BB460D4623E0AA46B4
:102280005AF8040BC117D4E7AA461BF4807F5AF80A
:10229000041B01D10846F5E71BF4007F19BF48B2C3
:1022A00041F3C01108B241F3C031C2E750EA010363
:1022B000C9D11BF0400FC6D0002FC4D12BF01102A2
:1022C000BB46019795B240F2064115EA01021CBFD8
:1022D0000BF1010B00222CE02BF010020A231FFA55
:1022E00082FB1BF0800C49D01BF4007115BF073531
:1022F000AA4625F007055AF8040B1EBFAA466968CE
:102300005AF8080B50EA010545D12BF016051BF0D1
:10231000400FADB242D0002F40D12BF017020197F1
:1023200095B215F0100248D0019B002E42D103F166
:10233000010B29075AD4EB0706D5D9456FDDA9EB68
:102340000B030199CB465F185B4649E04BF0100B3D
:1023500010237826C5E7782B04D1C6F1780343F023
:102360001003BEE741462520029B98470028FFF650
:1023700047AF023447E608230026B2E7AA461BF41B
:1023800080715AF8040BBDD01BF400711ABFC0B2A3
:10239000614680B2B6E72BF0060295B20DF1180B3C
:1023A00054E725F01105BB46ADB28CE70D46B8E702
:1023B0003B460D4603F1020BBBE7DDF804B082E7B4
:1023C000525A03014B5A0301CDE904324146202001
:1023D000029B98470028FFF613AF049B059A013330
:1023E0009945F1DCA4EB0B019B46CC180AB341469E
:1023F0003020029B98470028FFF602AF8EB90134C7
:102400002744391B019B994224DC1D4655BB019A88
:10241000A9EB0B09554622441446914433E0019F31
:1024200092E7023441463046029B98470028E7DA9B
:10243000E6E640F206410D42E2D015F0020F04F14B
:102440000104414614BF2B20202015F4806F18BFD3
:102450002D20E9E741463020029B013498470028AF
:10246000CFDACDE606AB013D4146585D029B984769
:102470000028CBDAC4E641462020029B013498476D
:102480000028FFF6BDAEA9EB0403002BF3DCC1E589
:102490007047EFF31183402383F31288BFF36F8FEC
:1024A000FEE708B5F9F7D8FA10B110F1580F06D1C8
:1024B000F9F7F0FA10F1580F02D00028F8D008BD53
:1024C0000020FCE7836800EBC101B3F5004F2CBF8F
:1024D00051F8220031F81200704700EBC10180680A
:1024E000B0F5004F2CBF41F8223021F81230704770
:1024F000012208B5FFF7E6FFD04008BD836800EB76
:10250000C101B3F5004F08D34B681AB143F0010382
:102510004B60704723F00103FAE74B881AB143F090
:1025200001034B80704723F00103FAE753000122B7
:10253000FFF7D3BF8368B3F5004F34BF04230823EC
:10254000C91A081AC0087047B0F5004F34BF0423F9
:102550000823481C0833A0EBD300B0FA80F0C0F188
:102560001F0070472DE9F041174603220E4604462E
:10257000FFF7A8FF8642054607F104080AD10122A9
:10258000E368BA4023EA0203E360002344F82830FA
:10259000BDE8F081314602222046FFF793FF064650
:1025A0002B4601460322204644F82850FFF795FFAA
:1025B000334629462046BDE8F0410222FFF78DBF91
:1025C00070B50D4686680446FFF792FFB6F5004FDA
:1025D000014601D3012809D03046FFF7B5FF29464F
:1025E00002462046BDE87040FFF7BCBF70BD2DE934
:1025F000F04705468068FFF7A7FF05EB800ADAF889
:10260000109088460646B9F1000F1BD00327DAF870
:10261000104028462146FFF76BFF404507D332465E
:1026200021462846FFF79EFF2046BDE8F08703229B
:1026300021462846FFF746FF013FCAF8100001D0A7
:102640008145E4D14FF0FF34EB680136B4401C40C3
:10265000EAD094FAA4F2B2FA82F2131D55F823409C
:10266000DEE72DE9F04114460E460546FFF740FF30
:10267000A4EB0608371B0744424631462846FFF7BD
:1026800055FF3A4621462846FFF750FF43460022B1
:1026900021462846FFF721FF21462846FFF728FF5D
:1026A0003B46211800222846BDE8F041FFF715BF40
:1026B0002DE9F041164604460F46FFF719FF314653
:1026C00005462046FFF714FF05442A4639462046B2
:1026D000FFF72CFF31462046FFF70AFF2B46311843
:1026E00000222046BDE8F041FFF7F7BE2DE9F0419A
:1026F0000D4686680446FFF7FBFEB6F5004F01461F
:1027000001D3012832D03046FFF71EFF04EB8001D1
:102710000E6996B90122E36882401343E360022206
:102720000D612B4629462046FFF7D7FE0322294696
:102730002046BDE8F041FFF7D0BE022231462046D8
:10274000FFF7C0FE0746034629462046FFF7C5FEB1
:102750000322334629462046FFF7BFFE39462B4663
:102760002046FFF7BAFE02223146E1E7BDE8F081DC
:10277000F8B50C460546FFF7BBFE26180122314688
:102780002846FFF79FFEC3070CD431462846FFF7C3
:1027900017FF21462846FFF7ABFE214622182846A0
:1027A000FFF786FF002221462846FFF78BFE271AF7
:1027B000012239462846FFF785FE10EA020613D1AA
:1027C00039462846FFF7FCFE214632462846FFF7E9
:1027D00079FE2246211A2846FFF76AFF2146324633
:1027E0002846FFF76FFE241A21462846BDE8F84028
:1027F000FFF77CBF38B571B1056800222846FFF7A6
:1028000099FE044601462846FFF778FE2146BDE8BA
:102810003840FFF7ADBF38BD70B5066809B9002074
:1028200070BDB368B3EBD10FF9D9B3F5004F34BF26
:1028300004230823CC1D1C44E40821463046FFF73E
:10284000D6FE05460028EAD001463046FFF750FE86
:10285000A04209D92C44294630462246FFF701FF01
:1028600021463046FFF742FF304601222946FFF756
:1028700045FEB368B3F5004F34BF0423082303EBD0
:10288000C5031844CCE71146FFF7C6BFB2F5802F49
:102890002CBF082304232DE9F0410026D21A8C18FE
:1028A000CD1D25F0070524F00704641BE40805602E
:1028B00021462046AC60EE60FFF746FE421D9200C6
:1028C000013002F107074FEAD7073146A2F11002A3
:1028D00005F11000B8BF324602F008FA3A46314618
:1028E0002846FFF723FE3346324631462846FFF797
:1028F000F4FDA4EB0708284631460122FFF7FEFD50
:1029000042463946FFF712FE3B46324639462846D4
:10291000FFF7E3FD21462846FFF708FE434632460F
:1029200021462846FFF7D9FD214628460122FFF718
:10293000E5FD3946BDE8F041FFF7D8BE00207047FD
:102940000FB407B504A951F8040B0191F9F7D4F8B5
:1029500003B05DF804EB04B07047038B13F007037A
:1029600005D10368002B0CBF002003207047022B09
:1029700005D1408BB0FA80F0400980007047012BF0
:1029800005D10368002B0CBF0020052070470020F4
:10299000704710B50C4600B111B96FF0150010BDAD
:1029A000081D00F093F80028F9D1A368032BF6D98D
:1029B000F3E72DE9F0410D4607461946281D9046DC
:1029C0001E4600F097F8044638B133464246294681
:1029D0003846A446BDE8F0416047BDE8F08110B438
:1029E000EFF31182402484F31288BFF36F8F4161AB
:1029F00010BC0121F9F7B2B838B50C46054658B1FC
:102A000051B10B6843B14B6833B11C22002102F075
:102A10006DF900202C6138BD6FF01500FBE770B533
:102A200005460E46FFF7B5FF041E14DBEFF31182D7
:102A3000402383F31288BFF36F8F4FF6FF716B8BC8
:102A40002C8B8B4204F0070407D182F31188BFF36B
:102A50006F8F6FF00A04204670BD022C0CD1013339
:102A60006B8382F31188BFF36F8F002322463146B8
:102A70002846FFF79EFFEEE7062C14D8DFE804F0A7
:102A800004131313041A0400002333606B683BB96A
:102A9000C5E90066ACB902212846F9F75FF8DAE724
:102AA0001E606E60F6E782F31188BFF36F8F6FF0E0
:102AB0000404D0E782F31188BFF36F8F6FF08504B1
:102AC000C9E782F31188BFF36F8FC4E7034640B1B3
:102AD000426802F00302022A06D0032A04D0012A27
:102AE00005D06FF0150070471A68002AF9D0002051
:102AF0009860704710B54268034602F00302022A4C
:102B00004FF00004816007D0032A02D05C600020EF
:102B100001E018685C6010BD18685C600028F6D0A1
:102B2000FFF7EAF9F3E7704720B183682BB11B6820
:102B300033B118476FF0150070476FF0040070470D
:102B40001846704730B450B149B142B1846854B1AD
:102B5000E56845B141F8040BE36830BC18476FF0F5
:102B6000150030BC70476FF00400FAE730B413462C
:102B7000044650B1006860B182686AB195685DB181
:102B80000A46AC46616830BC60476FF0150030BC47
:102B900070476FF00100FAE76FF00400F7E70A46AC
:102BA000034610B458B1006868B1816871B18C6A8D
:102BB00064B14C6A54B15968234610BC18476FF091
:102BC000150010BC70476FF00100FAE76FF00400C9
:102BD000F7E70A46034610B458B1006868B1816847
:102BE00071B14C6A64B18C6A54B15968234610BC07
:102BF00018476FF0150010BC70476FF00100FAE73E
:102C00006FF00400F7E70369D3F8780370476FF0BB
:102C100085007047084608B5114618B101F015F94E
:102C2000002008BD6FF00100FBE7084608B511461B
:102C300018B101F001F9002008BD6FF00100FBE7B9
:102C400013B504460846216901F55D71D1E8AF1F4F
:102C5000022909D15BB168B100931346D0E909128A
:102C6000FDF7FAFB02B010BD6FF00F00FAE76FF04E
:102C70004C00F7E76FF00100F4E72DE9F8431C463C
:102C8000DDE90853164698460F46006939B34AB342
:102C900044B36A1C43F10003022A73F1000324D2F7
:102CA000226842B1D0F878339A4204D96FF00B0011
:102CB0002360BDE8F88305EA080909F101035A42D7
:102CC0005A412146384601F0C9F888B9B8F1FF3FAA
:102CD00008BFB5F1FF3FF0D06FF06800E9E76FF093
:102CE0000100E6E76FF01500E3E76FF08500E0E72D
:102CF00030600020DDE701F016B938B50D46044616
:102D000000F148012846F8F7F2FD30B1284604F1F9
:102D1000C001F8F7ECFD20B90120782303FB004047
:102D200038BD0020FCE702F5307102F5347001F087
:102D30002ABDD0F8B030A0F53070003B18BF012399
:102D400000EB8300D0F8AC0201F017B8C86828B1D6
:102D5000096983681B680BB1002218477047FEF7AA
:102D6000A1B8D0E8EF3FC0E8E21F002AF9D17047D0
:102D700010B5436804691B68C4F8703304F5EC703F
:102D800001F01CFC002104F55D70FFF7EAFF084626
:102D900010BD2DE9F74317460D4691B30B7883B369
:102DA000D0F8C440A4F5E27914344FF0FF324FF06C
:102DB000FF332046FDF7FEFF2A46484601A9F8F7F3
:102DC000FDFF019E80462EB9204603B0BDE8F043CA
:102DD000FFF7C5BF58B12046FFF7C1FF3B462A4663
:102DE0003146484603B0BDE8F043F8F7C5BF1F229F
:102DF000294606F1480001F0FAFE86F86780B766BA
:102E0000E2E703B0BDE8F083030103EB40030933BD
:102E100023F0030303EBC00348430330083320F0DF
:102E200003001844400070472DE9F84306464FF070
:102E300001080569D0F8049005F55D77D7E8EF3F04
:102E4000022B03D1C7E8E28F002AF7D141D195F8D0
:102E50006C30002B40D195F8E430002B3CD1284653
:102E6000D5F8701300F054F8044680BB73683669D7
:102E7000D3E9050183681B693BB3224698470446A2
:102E800028BB414606F53470FEF76CFAD6F85003BD
:102E900005F5F876F9F726FC3046D9F8001000F071
:102EA00072F8044698B90146D022304601F01EFF60
:102EB00021464FF4F672284601F018FF21463846A5
:102EC000FFF74FFF2046BDE8F8836FF0570402215B
:102ED000F5E76FF07704F5E76FF00F04F2E710B550
:102EE0000846029B114652B993F86C202AB9012278
:102EF000184683F86C20F9F74DF8002010BD1A6FC2
:102F00009468002CF9D05A6FA047F6E701F00BB88F
:102F100038B50D46044660B1F03001F0A3FA0DB1AA
:102F2000002038BDC4F8C451C4F8C851C4F8CC510D
:102F3000F6E76FF01500F4E70268D2F8C83013B175
:102F4000D2F8C41018477047704783690BB9C36B38
:102F500019707047012070478369012B03D1C36B3F
:102F60001878C0B270470420704738B5C41DE4001B
:102F70002046FFF705F8054618B12246002101F06A
:102F8000B5FE284638BD38B504463822002101F088
:102F9000ADFE1822002104F1A40001F0A7FE1822C2
:102FA000002104F18C0001F0A1FED4F8C000FDF76F
:102FB00005FAD4F8BC00FDF701FAD4F8803004F12A
:102FC00054050BB12846984738220021284601F0C5
:102FD0008DFEFDF757F9002038BD012801D1EFF330
:102FE0000583FDF7D5BC01460068FFF7F6BF08B5BD
:102FF000F9F7A4F9BDE80840F9F7C4B900210120A8
:10300000FFF7EBBF08B5F9F70FFCFDF753FDFEF72F
:1030100021FEF9F759FCFDF78DFD436E83F30B8814
:10302000704761B662B680F31188BFF36F8F704747
:1030300008B5F9F775FF72B6002383F31188BFF363
:103040006F8FF9F7EBFF50B1BFF34F8F30BF00BF69
:1030500000BF00BF00BF00BF00BF00BF00BF62B61F
:10306000BFF36F8F08BD10B50446F9F759FF72B66C
:10307000002383F31188BFF36F8FF9F7CFFF50B1AF
:10308000BFF34F8F20BF00BF00BF00BF00BF00BF16
:1030900000BF00BF00BF84F31188BFF36F8F62B61B
:1030A00010BD40E800F313F4803FD8B208BF6FF0C2
:1030B0001500704730B50C684B6885B00A894D899A
:1030C0000094013B24F01F04234402F01F0242EA53
:1030D000451223F01F0369468DF808200393F9F782
:1030E00047FC05B030BD08B5F9F702FE002008BD69
:1030F0007047416A8968F9F767BE30B4848805680B
:10310000A3188380281930BC01F0E3BD10B5838873
:1031100002685C1C8480D154D01810BD034682889C
:10312000521A8280006808441860704710B503681E
:1031300001211C78FFF7F2FF204610BD8388C2886A
:103140008168D21A03685B1AD01A7047F0B5D0F8BC
:103150000473064617F002001CBFC2F180701860AD
:103160004FF0000518BF01204FF0010C4FF4803ED6
:103170000CFA05F40C4214D00EFA05F43C4210D0BF
:1031800005F5A87456F82440A41A34F07F4408BF0B
:103190004FF0807408B91C6002E01868A042FAD8A9
:1031A00001200135042DE3D1F0BDF9F7A7BEF9F7F1
:1031B000A5BE0220FAF70CB80C220369C9B201FBC4
:1031C0000233186C00F00700704770B5C9B203698C
:1031D000EFF31185402484F31288BFF36F8F0C2620
:1031E00006FB0134246C14F0C00408D0A24206D0BF
:1031F00085F31188BFF36F8F4FF0FF3070BD012250
:1032000006FB01331A6485F31188BFF36F8F43689F
:1032100003EBC1035B6898470020EFE78022FFF7CC
:10322000D4BFF8B5069F0469C9B2EFF311864025F3
:1032300085F31288BFF36F8F0C2505FB0144256CC5
:1032400005F0070CBCF1010F0CD1276486F311883F
:10325000BFF36F8FC4E90E23436853F831309847AA
:103260000020F8BD05F0C005AF4286F31188BFF31A
:103270006F8F0CBF6FF077004FF0FF30F1E713B5A1
:1032800080240094FFF7CDFF02B010BD10B41C24C1
:103290000069CBB203FB0400002110BC10470020E2
:1032A000FCF728BA002000F054BA1046FDF77CBEA7
:1032B000436800205B681B690B607047436802EA43
:1032C00001005B6821EA020198600020D960704724
:1032D000436800205B6899607047436800205B6822
:1032E000D960704743685A68536821EA03000B406D
:1032F00090600020D360704710B503695868F8B13A
:10330000884219D19C680868A142586000D1986031
:10331000002008602AB15A680A609A68596002B9A8
:103320009960002010E0814206D10868206098680A
:103330008142EDD19C60EBE7044600680028F2D1A1
:10334000002AE8D16FF0150010BD30B451F82050BC
:103350000C4601EB80023DB10146AC46D4F880003A
:10336000002330BC126C604730BC704710B5006958
:103370000F299FBF00EB810440F821202364002027
:1033800088BF6FF0150010BD0020704710207047F7
:103390000F290ED843685B68CB40DB0709D50122B3
:1033A0008B00DBB203F1824303F5903300201A60F7
:1033B00070476FF01500704738B50F290C46056946
:1033C00033D843681B68CB40DB072ED5D5F8841073
:1033D00021FA04F303F001031AB99BB96FF07700E7
:1033E00022E0002BFAD111B91220F9F7D3F901220A
:1033F000D5F88430A2401343C5F88430E0B2FCF71E
:1034000061FE0AE0E0B2FCF765FE0122D5F88430E7
:10341000A24023EA0203C5F88430D5F8843013B9FA
:103420001220F9F7C5F9002038BD6FF01500FBE751
:1034300030B543681360057A446804EBC504A342C1
:1034400002D36FF0010030BD5C798C4201D00833AB
:10345000F0E70020F7E743681B68D3F88004C3F85F
:103460008004704742681368D3F8100150B10020FF
:10347000126A12780A70C3F81001D3F810210122E1
:103480001A6070474FF0FF30704702680346D2F869
:10349000580140B95B68DB0706D4D2F82001003838
:1034A00018BF012070470120704743681B68D3F89C
:1034B0000423D20517D5D3F82021A2B1EFF311824E
:1034C000402181F31288BFF36F8FD3F8201131B1FF
:1034D0000021C3F82011D3F820110121D96082F313
:1034E0001188BFF36F8FD3F85831704713B501AA15
:1034F0000446FFF79DFF002805DB019B2268197930
:103500001868FAF7CBFB02B010BD002200F150039F
:103510009B009BB203F1824303F5B0331A601B6832
:10352000704708B5FAF786FD08BDFEF7B2BF10B5C3
:103530004FF0FF304FF0FF31FAF712FF044628B981
:10354000CDF7A8F9044618B1FAF712FF204610BDCE
:10355000FAF70EFF2046F9F75DFEF7E738B50B8A5C
:103560000D464BB101F10C00FFF7E0FD022807D03A
:10357000052830D0012816D06FF01504204638BD3C
:103580004FF0FF304FF0FF31FAF7EAFE0446002813
:10359000F4D1E868EFF7E5FF0446FAF7E9FEACB1CD
:1035A000FBF79CF8EAE74FF0FF304FF0FF31FAF7F6
:1035B000D7FE04460028E1D1E868FBF789F9044604
:1035C000FAF7D6FE002CD9D1FBF788F82846F9F790
:1035D00079FC0024D2E74FF0FF304FF0FF31FAF7CB
:1035E000BFFE04460028C9D1E868EFF7C4FFD3E75F
:1035F000FBF79EB8312210B50021044601F076FB9E
:1036000020237F222370227780233022A37084F826
:1036100020206FF03F037822637184F822206FF03E
:103620001B036FF00902A37284F823202823402291
:10363000A37384F82D2022230422E37384F82E2020
:1036400004230C22A375E2716FF00803072263764E
:1036500084F82720FF236FF01F02A376E37684F817
:10366000243084F8253084F8263084F8282084F823
:103670002A306FF01C0284F82B30072384F82920AD
:1036800084F82C3010BD002303604360037863F09E
:1036900022030370437823F0790343F079034370E6
:1036A000C37863F00803C370037943F01003037118
:1036B000437943F0010343717047034607B59A8885
:1036C00000689B790090ADF804208DF80630BDF8B5
:1036D000033068460B2B28BF0B23ADF80330EFF700
:1036E00082FF03B05DF804FB08B54FF0FF314FF0E7
:1036F000FF30FAF735FEF8F7DFF8BDE80840FAF7D3
:1037000037BE684620F007018D4601B5FFF74DFD35
:10371000ECF798FFBDE8014085467047684620F009
:1037200007018D4601B5ECF79FFBBDE801408546DA
:103730007047684620F007018D4601B5ECF7FCFFA5
:10374000BDE801408546704708B5F8F707F8002046
:1037500008BD012802D10020ECF77EB97047704700
:10376000EBF7F8BF004700F0AFBE40F00040C1F8F3
:103770008000704740F00040C1F88000704740F082
:103780000040C1F88000C2F880007047F7B51646C7
:10379000DDE90847019001A81D46FCF77BF8019B75
:1037A000B6F1000C18BF4FF0010C00EB83000B1EAC
:1037B00018BF0123002D43EA4C0314BF4FF00C0C3B
:1037C0004FF0000C002C43EA0C0314BF4FF4706C54
:1037D0004FF0000C002F43EA0C0314BF4FF4403CA1
:1037E0004FF0000CD0F8002243EA0C0322EA030356
:1037F00001B109780EB13678760019430DB12D78F4
:10380000AD0031430CB12478240229430FB13F7835
:103810003F040C433C43C0F8004203B0F0BD1FB569
:103820000DF10F03019300238DF80F101A4619466E
:103830000093FFF7ABFF05B05DF804FB38B5054614
:1038400008460C46FCF77AF8A8B10846FCF76AF877
:1038500088B90846FCF75AF801232A688340C2F861
:1038600008332B6803EB8000D0F8103523F00303F6
:10387000C0F8103538BD2046BDE838400021FFF7BC
:10388000CEBFFCF7DFB8FFF7D9BF2DE9F04389B011
:10389000109E0446894690460021202268461F4615
:1038A000129D01F023FA1F2E97BF01234FF0FF3323
:1038B000B34003F1FF332361119BC4E90098C4E9CD
:1038C00002766361183445B10FCD0FC495E80F003F
:1038D00084E80F0009B0BDE8F0836D46F4E773B5E6
:1038E0000468661C31D08568A9422ED264182CD099
:1038F0005E18AE4288BF6B1A056A35B10093052386
:10390000A8470346184602B070BDBFF35B8F194647
:10391000A41A101919B140EA0205AD070AD103290A
:103920000DDC013811448A42ECD010F8014F02F846
:10393000014BF8E70078013902F8010BE9E750F88C
:10394000044B043942F8044BE9E76FF02103D9E74F
:1039500073B50468651C32D08568A9422FD26418FB
:103960002DD05E18AE4288BF6B1A456ACDB1009368
:103970000523A84702B070BD12F8015B013905703C
:103980001546A01819B140EA0206B607F4D103297A
:103990000ADC013D014488420CD1BFF35B8F18461D
:1039A000E8E71946A41AEBE755F8042B043940F868
:1039B000042BECE715F8012F00F8012BEBE76FF073
:1039C0002100D7E773B51C46036815465A1C29D059
:1039D0008268914226D25B1824D066189642866A85
:1039E00088BF541A36B105232A460094B0472046B2
:1039F00002B070BD184622464AB9294601F076F950
:103A0000BFF35B8FF3E700F8015B013AF4E783074C
:103A1000F9D14FF001336B43032AEEDD40F8043B4C
:103A2000043AF9E76FF02100E2E70020704710B494
:103A3000046B02460B4684B9C1681F2998BF23FA5C
:103A400001F4416861B18068834209D2106918406D
:103A500051F82430184410BC7047234610BC184756
:103A60004FF0FF30F7E730B5059CC4E90002039A38
:103A700021811989E260049A618121856261D3E91B
:103A8000002502EB0113C4E906128A1C236203EB32
:103A900042036A1C13446D422B406362836953B92D
:103AA0000139E2698B4202EB031206DB00239373B8
:103AB0006FF07F03D373002030BD0133D381F0E773
:103AC0002DE9F04FB0F830A004465546002685B0E9
:103AD00002EB030891460E9A00EBCA031FFA88FB1B
:103AE0009A63A3F83CB008F1FF32C3690F1D01923D
:103AF000B0451ADC238D2586A3EB0B032385236AAF
:103B000061895A8801390A4003EB4203A3F804A0F3
:103B1000BFF35B8F0020226A538801335380638D8B
:103B20000133638505B0BDE8F08FE06A2A0157F8DC
:103B3000041C03EB0515029303680392C91A8368FA
:103B40000837994228BF4FF0FF31FFF770FFDDE9DA
:103B50000232985000226A6057F8082CAA60019A35
:103B60009642ACBF00220122B145D8BF42F002020A
:103B7000AA810136ED89BBE7F0B550B3456A448EA2
:103B80006B88A34230D0631C43864389BFF35B8FAD
:103B9000013B1C4005EBC4056B689EB209B1AD68E2
:103BA0000D60D0F81CC09BB20CEB031100EBC303FB
:103BB0009D8F078D2F44013D07859D878D896F0758
:103BC0000ED5058ECD8100210686986B996302B1D2
:103BD0001480F0BD9D8FC989013D0CEB01119D87BB
:103BE0008D89ED07F6D4ECE70020F2E7C36903EB1B
:103BF00001139868704770B5C369C56A09015E58BA
:103C00006B6BE3B92C69621C09BF6B6834401C689C
:103C1000341B21462846FFF70AFF864207D02B694E
:103C200001331C44AB689C42F3D34FF0FF34286847
:103C3000431C09D0AB68A34206D9204470BD31466D
:103C4000284698470446F2E70020F7E770B5BFF32F
:103C50005B8F0D46016A1646838E4A8804469A4257
:103C600012D05A1C82864289013A134001EB43016B
:103C70008988298089B2FFF7BEFF2A88E36903EBB0
:103C800002139B68336070BD0020FCE710B502682A
:103C900093691269920017D543B9438E026A81690C
:103CA0004489013B1B1B02EB4102938003689B6923
:103CB000012B08D1838E426A81694089013B1B1A1E
:103CC00002EBC102938010BD23B9026A138843F04E
:103CD0000103138003689B69012B01BF426A1388AB
:103CE00043F001031380EEE710B5BFF35B8F036869
:103CF00004461A699B6912F0005F1AD07BB9036A07
:103D0000426A5B888169013B02EBC10292889B1A7F
:103D1000628D9BB29A4214D80023638510BD012B9B
:103D2000FAD1436A026A5B888169013B02EB410276
:103D3000ECE763B9436A1B88DB4303F00103002B04
:103D4000EAD06369002BE7D020469847E4E7012BCF
:103D5000E2D1036AEFE7036A828E598891420AD062
:103D6000418901390A4003EB42039A88C36903EB96
:103D700002139868704700207047BFF35B8FC368D9
:103D800003B1184770474FF0FF324FF0FF33FDF794
:103D900045B910B1C36A0133C362704738B1C26A12
:103DA000013AC2621AB9026B02B11047026270474F
:103DB00070B50446056A05F164063046FFF7E3FF77
:103DC000636AA3F580637F2B0BD801225909503514
:103DD00003F01F039A4055F8213023EA020345F807
:103DE0002130D4E90F124A60E16B04F13C03116009
:103DF0002046C4E90F33FFF7D1FF3046BDE87040DD
:103E0000FDF7D2B810B5436A8CB00A93202304465C
:103E100002460B9102A8194600F037FB2823012225
:103E2000CDE9003220463522616A02ABFCF7FEFA8A
:103E300000EAE0700CB010BD30B1006A20B119B1D9
:103E4000D0F8883003B11847704730B1006A20B10C
:103E500019B1D0F88C3003B11847704730B1006AFF
:103E600020B119B1D0F8903003B118470020704745
:103E70002DE9F84306468846174699460468A64247
:103E800001D1002520E07A1CA4F13C0502D06B6A28
:103E9000BB4219D0B8F1000F22D02022414628465B
:103EA00000F093FEE0B9B9F1FF3F02D0AB6A4B4599
:103EB0000AD07B1C0BD02468B442E2D054F8183CE2
:103EC000A4F13C059F42E8D12846BDE8F883AB6ADF
:103ED0000133F9D02468B442D3D0A4F13C05D9E72A
:103EE0002468CCE770B505460C461E46CAB12023AF
:103EF0002046194600F0C9FA0123E362049B66627A
:103F0000A362059B25626363069BA363079B6364AF
:103F10006A6804F13C03C4E90F526B60226C1360C1
:103F200070BD0A70E8E710B5044690B1036A83B12A
:103F300002784AB193F8A43033B1436AB3F5806F85
:103F400002D30121FFF75EFF2046BDE81040FFF7D6
:103F50002FBF10BD20B1036A13B15B6803B11847CE
:103F6000704708B530B1036A3BB1DB682BB19847A5
:103F7000002008BD6FF01500FBE76FF00500F8E7C3
:103F80007047FDF711B84FF0FF324FF0FF33FDF7E8
:103F900045B8F8B50C4600F164070546A4F11006D3
:103FA0003846FFF7F0FF3046FCF7F6FA80B154F8D8
:103FB000083C24F8083CD5F8CC3044F80C3C05F11A
:103FC000C80344F8103CC5F8CC6054F80C3C1E60A3
:103FD0003846FFF7D6FF0020F8BD38B50D4600F192
:103FE00064042046FFF7CFFF55F8083C204603F550
:103FF000803345F8083CBDE83840FFF7C2BF2DE9E3
:10400000F04188B00E9C282A8846D4F8C0006ED1B2
:1040100001688568A8EB0101A94228BF4FF0FF3174
:1040200020236A46FFF75BFC04F16406D8F8207091
:104030003046FFF7A8FF3B464FF0FF326946204667
:10404000FFF716FFD8F824300546E0B1D0F83080ED
:1040500003F00103B8F1000F02D0DBB9AF6230E02A
:10406000002BFBD04FF0FF3383623046FFF789FF10
:10407000AB6B83BBD4F88030002B38D03A4669460E
:104080002046984733E0DB071FD43046FFF779FF1F
:10409000E36FF1E74FF0FF338362FFF77AFE3046BC
:1040A000FFF76FFFAB6BA3B9D4F880301BB13A4672
:1040B0006946204698473046FFF765FF2846FFF7D8
:1040C0006DFE3046FFF75DFF11E03046FFF759FF08
:1040D000D0E74FF0010828469847D4F880301BB14C
:1040E0003A46694620469847B8F1000FE3D10020D0
:1040F00008B0BDE8F081F0B504468E680D46B6B252
:104100003146D0F8B80085B0FFF770FDD4F8B43070
:1041100007469A6942B90095CDE902500123D4F8C7
:10412000B80002A9FFF7CCFCD4F8B4309B69012B8E
:1041300008D13A463146D4F8B80005B0BDE8F040A1
:10414000FCF758B905B0F0BD70B500F16406A1F1F7
:10415000100504463046FFF716FF2846FCF71CFA08
:1041600038B120462946FFF7C6FFD4F8B800FFF75C
:10417000BBFD3046BDE87040FFF703BF2DE9FF41AE
:1041800003689E6A06F164084046FFF7FCFED6F815
:10419000B4309B693BB1012B12D04046FFF7F1FED2
:1041A00004B0BDE8F081D6F8B8000DF10A0203A909
:1041B000FFF7E2FCD6F8B43004469B69012B07D127
:1041C000D6F8B80003AA0DF10A01FFF73FFD044637
:1041D000002CE2D0BDF80A3000216268A3603046AE
:1041E0004FF0FF33FFF744FE0546FFF7D2FDA3680B
:1041F000404603F58033A360FFF7C3FE75B1AB6A99
:10420000696C013308BF2368284608BFAB62236886
:10421000A28900916F6B04F11001B8474046FFF787
:10422000B2FE2846FFF7BAFD2046FCF7B5F938B1D3
:1042300030462146FFF75FFFD6F8B800FFF754FD80
:104240004046FFF79EFE9FE72DE9F041A3F11006DF
:1042500053F8085C002388B00693ADF81E3004467E
:104260001023CDE904120E9FD0F8C000ADF81C70E9
:104270000168D0F808C0711A0DEB0302614528BF30
:104280004FF0FF3104F16408FFF762FB4046FFF78F
:104290007AFED4F8B430ADB29B69CBB9D4F8A8207B
:1042A000D4F8B430D4F8BC009B69C3B9CDE902623C
:1042B0000096012202A9FFF703FCD4F8BC00FFF727
:1042C00013FD4046FFF75DFE384608B0BDE8F081BB
:1042D0002946D4F8BC00FFF789FC0246E0E7012B31
:1042E000EBD12946FCF786F8E7E710B548B149B1AC
:1042F00043688B4206D382680468D21A5B1A436013
:10430000A01810BD0020FCE72DE9F3470546D0F8C2
:10431000B4000E46904618B9002002B0BDE8F08700
:10432000036A002BF8D09B68002BF5D09847430711
:10433000F2D543F69823B8F1000F18BF984605F15F
:10434000640705F1C8093846FFF71DFED5F8C840D7
:104350004C452BD054B3D4E90023536022681A6033
:10436000C4E90044D5F8B43021899B69ADF8061042
:104370007BB1012B14D03846FFF703FEBDF80630A1
:1043800004F1100003F58033A3603368103B336001
:10439000C3E7D5F8A8303360D5F8B4309B69E8E7B7
:1043A000D5F8BC00FFF722FC3060E4E7D5F8B43064
:1043B000D3F818A0BAF1000F36D13146D5F8BC00B9
:1043C0000DF10602FFF7D8FB04460028D3D1D5F83B
:1043D000BC301B8DB3B93846FFF7D3FDB8F1000FE1
:1043E0009AD0D5E92D32182112891B6B01FB0233BB
:1043F000D5F8D02022BB2120002100F094FA08F14A
:10440000FF38A0E7D5F8A810D5F8C400FFF76DFF76
:104410000446D5F8A830ADF806A033603846FFF75B
:10442000B0FD002CDAD0A9E7BAF1010FD3D13246A2
:10443000D5F8BC000DF10601FFF708FC0446EDE7D6
:104440001969284690476FF4FB639842D3D000283F
:104450003FF479AF60E720B119B112B1C0E9012290
:104460000160704710B5044618B910BD3C38FFF71D
:104470005AFD20688442F9D10023C4E92E33D4F8D0
:10448000B400BDE81040FFF765BD70B505461C4699
:1044900099B18B4228BF0C46661C013E05D012F82C
:1044A000013B00F8013B002BF7D1A14207D9091BC2
:1044B0008A19002100F01AFCA11B084670BD0023D8
:1044C0000D4405F8013CF7E708B1F8F74DBE704719
:1044D000704740B1C368587810F001001EBF1878CB
:1044E000B0FA80F040097047EFF31183402383F363
:1044F0001288BFF36F8FFEE708B5FFF7F5FF10B521
:104500004369044633B90020E268537843F001035D
:10451000537010BD98470028F5D00028B8BF40421E
:10452000FF28A8BFFF20E3681870EDE700F0DEBBAE
:1045300000F0CFBB10B400F10C04C0E9034410BC80
:10454000FEF7A4B938B50446EFF31185402383F391
:104550001288BFF36F8FFEF74DF904F10C0000F0E5
:10456000CFF930B1294604F11400BDE83840FDF719
:104570001DB985F31188BFF36F8F38BD402408B58E
:10458000EFF3118384F31288BFF36F8FFEF750FDB2
:10459000F6E7D0E9003213605A600023427BC0E99D
:1045A000003322F0020242738360704790F90E30AC
:1045B0008B4201D0FDF788B80020704703460020E9
:1045C000C3E90033C3E902007047D0E90032136049
:1045D0005A600023427BC0E9003322F0020242739A
:1045E000836070472DE9F843914604460D469DF8D7
:1045F000202000F10807EFF31186402181F3128893
:10460000BFF36F8F02B14568D4F80880474518D0D2
:10461000B8F1000F15D04046FFF7D7FF08F118009A
:1046200000F0E1F900234046C8F87C30C8F810904B
:1046300000F01DF938463146FDF7B8F80020BDE816
:10464000F883A3B10820FDF7ABFC002838D0012285
:10465000C0F804900260016801F003015DB92268AE
:104660000A430260626820606AB960600BE04846F5
:10467000C9F80030EFE72A68032A16D8016061689C
:1046800069B9C4E90000042104F1100000F05FFAE8
:104690000028CFD186F31188BFF36F8FCFE70A6868
:1046A00002F0030202430A60DFE722F003020A433A
:1046B00002602A6802F0030240EA02032B60E2E78C
:1046C0006FF00B00E6E710B5044630B102689307BF
:1046D00003D0446809B100F071FA204610BD0123EF
:1046E00007B5009300230A461946FFF77BFF03B086
:1046F0005DF804FB002307B50A4600931946FFF74F
:1047000071FF03B05DF804FB5AB18A4209D300F18E
:104710001003C0E90212C0E90000C0E90433002020
:1047200070476FF015007047012302688B4022EA42
:104730000303036022FA01F000F0010070477047A4
:1047400020B100228C30114600F014B9704738B502
:1047500004460D461022002100F0C8FA656038BDFD
:1047600013B501900846EFF31184402383F31288B8
:10477000BFF36F8F01A9FCF71DFD84F31188BFF310
:104780006F8F02B010BD10B5FFF7EAFF041E08DD01
:10479000EFF31180402383F31288BFF36F8FFDF78F
:1047A00017F8204610BD70B50D46EFF31186402373
:1047B00083F31288BFF36F8FFCF758FD044686F32E
:1047C0001188BFF36F8F38B14FF0FF324FF0FF33D6
:1047D00005F11000FCF722FC204670BD08B5A022B0
:1047E000002100F083FA08BDEFF30580003818BF00
:1047F000012070476FF057007047D0E90032136016
:104800005A600023C0E90033704708B5FFF7F5FF91
:10481000437B23F0020343730023836008BD38B554
:1048200004460D46FCF7AEFE637B43F00203637360
:10483000E5B1A5602B689D4209D16B68C4E90053BE
:104840001C606C6012E06A689A42F6D01B68002B0C
:10485000F3D094F90E2093F90E108A42F3D09142CE
:10486000F1DD5A68C4E9003214605C6038BD10B5EF
:10487000EFF31184402383F31288BFF36F8FFCF7AB
:104880003FFE84F31188BFF36F8F10BD08B5EFF3BF
:104890001181402282F31288BFF36F8F83680BB1BE
:1048A000FFF7B3FF81F31188BFF36F8F08BD014697
:1048B00010B5EFF31184402383F31288BFF36F8F99
:1048C000437B13F0280F0AD183680BB1FFF79DFFDC
:1048D0004B7B084623F004034B73FCF711FE84F373
:1048E0001188BFF36F8F10BD01211838FFF7DFBFAC
:1048F00010B5FFF7CBFFBDE81040183000F073B8DB
:1049000038B5054604680020AC4200D138BD002C03
:10491000FCD02046FFF7ECFF2046FFF7A8FF2C68ED
:104920000120A542F1E738B504460D46FCF7F8FF33
:10493000B5F1FF3F08BFB4F1FF3F0246204618D053
:1049400000204FF47A7447F6FF730146C2FB04312E
:10495000B3F5004F71F100020BD36FF400429A429D
:1049600043F6FF728A4132BF6FF00040D80B40EA35
:10497000414038BD38B5EFF31185402383F31288E9
:10498000BFF36F8F0468A04212D09CB1E16722612F
:104990002046FFF73AFF04F1180000F024F8204603
:1049A000FCF7AEFD012085F31188BFF36F8F38BD92
:1049B0000020F8E72046F6E708B50246FDF766F95D
:1049C00070B1D0E904319B1A61EBE272B3F1004F90
:1049D00072F1000104DA002AACBF1846002008BDBD
:1049E0006FF00040FBE7024638B5EFF31185402336
:1049F00083F31288BFF36F8F0368CBB1FDF746F9DD
:104A000004461046FDF754F900224FF0004384425B
:104A1000C0E9042306D1FDF741F9FFF7CDFF0021DE
:104A2000F9F766FC002085F31188BFF36F8F38BD5E
:104A30006FF01500F7E708B5FDF746FA08BDB3F1CA
:104A4000FF3F08BFB2F1FF3F70B504461D46164652
:104A500013D01A4315D06FF001024FF0FF33921BB1
:104A600063EB0501002904DAFDF72EFA821941EB08
:104A70000501C4E90021204670BD4FF0FF32114608
:104A8000F7E70022FBE7B3F1FF3F08BFB2F1FF3FBA
:104A9000F8B5074616461C4610D054EA020311D05A
:104AA000FDF712FAB0420A46A14103460AD2F31AB0
:104AB00064EB0204C7E900343846F8BD4FF0FF3319
:104AC0001C46F7E70023FBE72DE9F0418468054623
:104AD0000E46D4B16378012B22D114F8533C9A07C7
:104AE00011D5A4F160073846FFF702FF082E0CBF6E
:104AF0006FF003030023E36114F8533CDB0602D19B
:104B00003846FFF7B4FE002323700020EB68A8604E
:104B1000C3F38632164366F39433EB60BDE8F0814D
:104B2000022BF0D12378002BEDD054F8048CB8F18F
:104B3000000FE8D004F11400FFF755FF0023A4F1A3
:104B4000140739464046E362FFF70AFEDBE738B553
:104B5000EFF31185402383F31288BFF36F8F04684E
:104B6000A04211D0D4E9003213605A6000232046DD
:104B7000C4E90033FFF7A8FF85F31188BFF36F8FF7
:104B8000201E18BF012038BD0024F5E7043270B59F
:104B900004460ED2EFF31185402686F31288BFF348
:104BA0006F8F41F00401984785F31188BFF36F8F31
:104BB00008B9002070BD40F8044BFBE720B1011F8D
:104BC00050F8040CFFF7BEBC704710B56AB101394C
:104BD000841810F8012B11F8013F9A4203D1A0422A
:104BE00001D0002AF5D1D01A10BD1046FCE710B54F
:104BF0000139044632B111F8013F013A00F8013B96
:104C0000002BF7D1002100F071F8204610BD0246BC
:104C1000014410B58A42134603D01C780132002C9F
:104C2000F8D1181A10BDF0B5C3F13707044603F0E8
:104C30001F031046FFB2082BE6B232D0102B3DD036
:104C40006508A40845EAC17544EA81748A082D19EB
:104C500042EB5102290941EA02716D1842EB12122E
:104C6000290A41EA02616D1842EB1222290C41EA3D
:104C700002416D1842EB1242AD1842F10002EC08FD
:104C800044EA4274D10804EB8402A6EB4205EDB27B
:104C9000092D0CD90134A5F10A0541F10001EDB24D
:104CA00012E0E40806F0070544EA4174C90830350B
:104CB00054EA010200F8015BBDD1F0BD240906F001
:104CC0000F0544EA01740909092D84BFED19EDB2FD
:104CD000EDE70A44431E914200D1704710B511F828
:104CE000014B914203F8014FF9D110BD0244034634
:104CF000934200D1704703F8011BF9E701480068AF
:084D000070470000F872002169
:084D0800E66BFF7F01000000D3
:104D100000000000904D03010D0C03010000000095
:104D200000000000D04D030100000000B04D030161
:104D30001DF60201000000004937030100000000D9
:104D400000000000F04D030100000000104E0301C0
:104D5000F9D50201000000009DE102010000000001
:104D600019CD02010000000000000000304E0301D8
:104D700000000000504E030199F6020100000000FF
:104D8000B11F03010000000000000000704E03018D
:104D900089580301BC56030120500301BE080021BD
:104DA000507300218DD302010000000000000000BC
:104DB000A8580301CC560301E84F0301C2080021A3
:104DC000F87300215DDA020100000000000000001D
:104DD000B6580301E4560301E84F0301C40800215B
:104DE000047400215DDA02010000000000000000F0
:104DF0009858030100000000E04F0301C0080021A3
:104E0000A47300210DD80201000000000000000082
:104E1000DB580301FC5603013C500301C808002184
:104E20009874002155DE020100000000000000001F
:104E3000C4580301600800210C500301C60800217A
:104E40001074002131DC02010000000000000000AD
:104E5000E95803010000000044570301CA0800217B
:104E6000B074002179E4020100000000000000009D
:104E7000F257030120080021D8550301BC08002186
:104E8000881C0021712D03010000000000000000BB
:104E900000000000FD2F030100000000FD2F0301B2
:104EA00000000000FD2F030100000000FD2F0301A2
:104EB00000000000FD2F0301613703016537030186
:104EC00000000000FD2F030100000000FD2F030182
:104ED00000000000FD2F0301A47300217DD8020112
:104EE000ADFE02016537030100000000FD2F030144
:104EF00000000000FD2F030100000000FD2F030152
:104F000000000000FD2F030100000000FD2F030141
:104F100000000000FD2F030100000000FD2F030131
:104F2000E500030165370301104E0301AB340301B3
:104F300000000000FD2F030100000000FD2F030111
:104F4000000000002DE2020100000000FD2F03011F
:104F500000000000FD2F030100000000FD2F0301F1
:104F60000000000089F6020100000000FD2F03018F
:104F700000000000FD2F030100000000FD2F0301D1
:104F8000081C0021E87D00210002000065B9020133
:104F9000000000000000000000000000070000000A
:104FA00000000000E25703010000000000000000C4
:104FB000881B0021E87700210006000039B90201B2
:104FC00000000000000000000000000007000000DA
:104FD00000000000D55703010000000000000000A1
:084FE000B5D702010DD7020153
:104FE800A5DA0201B1320301BD320301D132030156
:104FF800DB320301E5320301F1D80201F932030182
:0450080000000000A4
:10500C00913303016D330301893303018D330301A4
:04501C00B9330301A0
:10502000E5D302011D3203017F32030100000000BD
:0C503000B9310301000000000000000086
:0C503C0065340301A1DD020157340301BB
:10505000C50203010600000000020000000200007B
:1050600000000000FCDE41EBA2D1422400B5F8575D
:105070009FAC9D9EAAC9B4340001030200002CA677
:10508000E0A120A820A8000000000000F401FA0020
:10509000960064004B0032001E0014000A00050058
:1050A000020001000102040025262700010204037A
:1050B00001020303250D0F0F010204000000000090
:1050C000141E00003011000060EA000060EA0000D9
:1050D00000002CA6E0A120A820A8000000000000ED
:1050E00000002CA6E0A120A820A8000000000000DD
:1050F0000001030200002CA6E0A120A820A80000C7
:105100000000000001020303F401FA0096006400AD
:105110004B0032001E0014000A00050002000100CE
:1051200000002CA6E0A120A820A80000000000009C
:1051300000000000141E00003011000060EA0000B2
:1051400060EA0000F401FA00960064004B003200AF
:105150001E0014000A000500020001000102030302
:105160000101000207000102040100010000010129
:105170000000010001000001000100000000F40136
:10518000FA00960064004B0032001E0014000A0072
:1051900005000200010000000203000001000B00F6
:1051A00002000A00050009000A00080014000700B8
:1051B0001E000600320005004B00040064000300DE
:1051C00096000200FA000100F4010000010203034E
:1051D000020301000C0802170D0101020909010177
:1051E0000602091818030101090903030503020156
:1051F000230202240910040405050B0B040B2B1BCE
:105200001B151A1A1C021D16130501490D15050858
:10521000061B1B0F02020801010000FEFEFEFEFE3F
:10522000FEFEFEFEFEFEFEFEFEFEFEFE16FEFEFE86
:10523000FEFEFEFEFEFEFEFE1F1FFEFE26FEFEFE24
:10524000FEFEFEFEFEFEFEFEFEFEFEFEFEFEFE3E3E
:105250003EFEFEFEFE3B3B0000002CA6E0A120A887
:1052600020A8000000000000F401FA00960064008D
:105270004B0032001E0014000A000500020001006D
:1052800000002CA6E0A120A820A80000000000003B
:105290000001020201020400A301B103BF05EF02F5
:1052A0004906A309C505F50B25120E021C045A0375
:1052B000B4063006600C0102030301020303000080
:1052C0002CA6E0A120A820A80000000000000102F8
:1052D00004010203030000002CA6E0A120A820A8DE
:1052E000000000000000000000000000141E00008C
:1052F0003011000060EA000060EA000000002CA607
:10530000E0A120A820A800000000000000002CA6BA
:10531000E0A120A820A80000000000000102030373
:1053200000000000141E00003011000060EA0000C0
:1053300060EA000001020400030000002CA6E0A1C6
:1053400020A820A8000000000000000000000000CD
:10535000141E00003011000060EA000060EA000046
:1053600000002CA6E0A120A820A80000000000005A
:10537000F401FA00960064004B0032001E00140095
:105380000A0005000200010000002CA6E0A120A8F0
:1053900020A8000000000000F401FA00960064005C
:1053A0004B0032001E0014000A000500020001003C
:1053B00000000000141E00003011000060EA000030
:1053C00060EA00000102030300010202010204007E
:1053D00000002CA6E0A120A820A8000000000000EA
:1053E00000010302E3A3C30000003408E803280A15
:1053F000280A000000002CA6E0A120A820A8000098
:105400000000000001000000070000000000000094
:1054100000000000000000000406080A0C0E101234
:105420001416181C1E20222426282A2C2E30323432
:1054300036383A3C3E40424446484A4C4E021A50A6
:1054400000000000280000001800000050010000CB
:105450005001000000000000141E00003011000088
:1054600060EA000060EA000000000000141E000076
:1054700030110000B45F00003C730000B80BD0078F
:105480006C396C390000000070170000A00F00009C
:105490003C2800003C2800000000DC05E803000078
:1054A000D417000000000000141E0000301100009E
:1054B00060EA000060EA000000003408E803280AFF
:1054C000280A00000000DC05E8030000D4170000F3
:1054D00000002CA6E0A120A820A8000000000000E9
:1054E00000003408E803280A280A00000000DC0550
:1054F000E8030000D417000000002CA6E0A120A8BB
:1055000020A800000000000000003408E803280A7A
:10551000280A00000000DC05E8030000D4170000A2
:1055200000002CA6E0A120A820A800000000000098
:1055300000003408E803280A280A00000000DC05FF
:10554000E8030000D417000000002CA6E0A120A86A
:1055500020A8000000000000000000000000000083
:105560000000000000000000000000000101010137
:1055700002020202030303030405060708090A0BDB
:105580000C0D0E0FD8ECF0F4F8F9FAFBFCFDFEFF61
:105590000001020306080801020600100200FA00DA
:1055A0000000FCDE41EBA2D1422400B5F8579FACCD
:1055B0009D9EAAC9B4340000CFB80201DBB8020135
:1055C000DFB80201E7B80201EBB8020100000000F9
:1055D0000338FDD870470000E5BD0201292E030104
:1055E000C5BF020111C00201FDC00201072C030169
:1055F0007B2C03010F2C0301412C03012B2C0301F5
:10560000152C03010000000000000000592F0301C9
:105610004B2F0301552F0301492F03010000000008
:10562000000000000000000000000000392F03010E
:105630000000002100000000060001000200000040
:1056400044560301000000015A58030106000000FF
:10565000E0FF030100000021625803012100000067
:10566000E0FF0021A5CD020100000000F1300301A0
:10567000645603017C56030104010000E8C20021C6
:10568000645603018C5603012000000004C400216D
:10569000645603019C560301030100008CC50021E0
:1056A00064560301AC56030108010000D0D200216A
:1056B00015D30201E5D20201000000006DD4020101
:1056C00059D302019F320301A5320301FFFF0000FD
:1056D00000088C41000000000100000000A0004113
:1056E00000000000FFFFFFFF00058C4100000000EC
:1056F0000000000000A00041000000000030014157
:105700000100000000000000205703010000D60146
:105710000000000000000000D7750021D6750021B0
:10572000003001412C5703010100000034570301F0
:1057300004000000290000002A00000228060001E1
:105740002B0600037DE302012F3503015D350301C4
:1057500008000000030000004D59030160590301D7
:10576000735903018659030199590301AC59030187
:10577000BF590301D2590301104D0301104D03011C
:10578000584D0301604D0301904D0301904D0301FD
:105790003C5A030100010000647261676F6F6E2F55
:1057A0006C6962732F7363686564756C696E672FCB
:1057B0007372632F72656D5F68616C5F6576656E8D
:1057C000745F74696D65722E63006E72665F6274D9
:1057D0005F6863690074785F7468726561645F69AB
:1057E000640071756575655F7468726561645F6991
:1057F000640069706330002A2A2A20426F6F74693E
:105800006E67206E524620436F6E6E656374205340
:10581000444B2076332E312E302D3663366535627B
:10582000333234393665202A2A2A0A002A2A2A20C5
:105830005573696E67205A6570687972204F5320DE
:1058400076342E312E39392D3136313236383364B3
:1058500034303130202A2A2A0A00464C4153485F0E
:1058600030005352414D5F3000010400020000003F
:105870000200000000000000050000000000000021
:10588000000000000000000005636C6F636B403493
:10589000313030353030300072616E646F6D4034BD
:1058A00031303039303030006770696F4034313812
:1058B0006330383030006770696F4034313863309E
:1058C000353030006D626F784034313031323030F5
:1058D000300000010203040506070B756172744075
:1058E00034313031333030300062745F6863695F67
:1058F000736463004D50534C204153534552543A06
:105900002025732C2025640A004D50534C20576FDE
:10591000726B0000000001010000000020303030F8
:1059200030303030303030303030300001756E7211
:105930006567697374657265642025732062757389
:105940000A0067656E65726963002573006D657492
:10595000616C3A20656D657267656E63793A200007
:105960006D6574616C3A20616C6572743A20202018
:105970002020006D6574616C3A20637269746963FC
:10598000616C3A2020006D6574616C3A206572721A
:105990006F723A2020202020006D6574616C3A20DF
:1059A0007761726E696E673A202020006D657461C0
:1059B0006C3A206E6F746963653A20202020006D78
:1059C0006574616C3A20696E666F3A202020202051
:1059D00020006D6574616C3A2064656275673A20D9
:1059E000202020200025733A2066726565696E6765
:1059F000206E6F6E2D656D7074792076697274718A
:105A0000756575650D0A00756E65787065637465FA
:105A100064206275666665722068656C6420636FD9
:105A2000756E7465720D0A0072785F767100747815
:105A30005F7671004E53006D61696E007379737704
:105A40006F726B7100FFFFFFFF1F00286E756C6C9B
:0C5A500029002A666C6F61742A000000B7
:105A5C00FFFFFFFFFF1F00001F0000000000000001
:105A6C007FFE0000E4070000DD5000000001000094
:105A7C000000000000000000FFFFFFFF1FFF1B00E5
:105A8C00BAABBABA10101010A0354D00FF000000D0
:105A9C00C40900000000000000C00041000000002C
:105AAC00000000000C00000000FF7F000000000060
:105ABC0000000000000000000000000000000000DA
:105ACC0000000000000000000000000000000000CA
:105ADC007D47000139480001695D0001FD58000156
:105AEC00B94000016D55000199520001F5520001B9
:105AFC00855F0001695F0001B15800014159000147
:105B0C00E95900019159000175400001A1550001AE
:105B1C0075530001F15D00013D3F0001AD5C0001DA
:105B2C00215B00013D3F00013D3F0001455A000152
:105B3C00195C0001BD5B0001A95A00012964000138
:105B4C0095420001716A0001A96A0001954B0001A0
:105B5C000D4C0001B15300018D40000105410001C5
:105B6C000541000175500001A5400001C15F000115
:105B7C0090000021A0000021B8000021EC000021C1
:105B8C0004010021000000000000000000000000E3
:105B9C0000000000000000000000000000000000F9
:105BAC0000000000000000000000000000000000E9
:105BBC0000000000000000000000000000000000D9
:105BCC000000000000000000000000008D1B01011F
:105BDC00000000000168020100000000651C0101CA
:105BEC00000000004D68020100000000496802013D
:105BFC0000000000DF68020100000000E368020101
:105C0C00000000006568020100000000C51B0101D6
:105C1C00000000007D680201000000009F67020187
:105C2C00000000005767020100000000B16702018C
:105C3C0000000000F11B010100000000B56702012B
:105C4C0000000000D91B010100000000B567020133
:105C5C00000000000D1C010100000000B9680201E9
:105C6C0000000000251C010100000000B9680201C1
:105C7C000000000000000000000000000000000018
:105C8C000000000000000000000000000000000008
:105C9C0000000000000000000000000000000000F8
:105CAC0000000000000000000000000000000000E8
:105CBC0000000000000000000000000000000000D8
:105CCC0000000000000000000000000000000000C8
:105CDC0000000000000000000000000000000000B8
:105CEC0000000000000000000000000000000000A8
:105CFC000000000000000000000000000000000098
:105D0C000000000000000000000000000000000087
:105D1C000000000000000000000000000000000077
:105D2C000000000000000000000000000000000067
:105D3C000000000000000000000000000000000057
:105D4C000000000000000000000000000000000047
:105D5C000000000000000000000000000000000037
:105D6C000000000000000000000000000000000027
:105D7C000000000000000000000000000000000017
:105D8C000000000000000000000000000000000007
:105D9C0000000000000000000000000000000000F7
:105DAC0000000000000000000000000000000000E7
:105DBC0000000000000000000000000000000000D7
:105DCC0000000000000000000000000000000000C7
:105DDC0000000000000000000000000000000000B7
:105DEC0000000000000000000000000000000000A7
:105DFC000000000000000000000000000000000097
:105E0C000000000000000000000000000000000086
:105E1C000000000000000000000000000000000076
:105E2C000000000000000000000000000000000066
:105E3C000000000000000000000000000000000056
:105E4C000000000000000000000000000000000046
:105E5C000000000000000000000000000000000036
:105E6C000000000000000000000000000000000026
:105E7C000000000000000000000000000000000016
:105E8C000000000000000000000000000000000006
:105E9C0000000000000000000000000000000000F6
:105EAC0000000000000000000000000000000000E6
:105EBC0000000000000000000000000000000000D6
:105ECC0000000000000000000000000000000000C6
:105EDC0000000000000000000000000000000000B6
:105EEC0000000000000000000000000000000000A6
:105EFC000000000000000000000000000000000096
:105F0C000000000000000000000000000000000085
:105F1C000000000000000000000000000000000075
:105F2C000000000000000000000000000000000065
:105F3C000000000000000000000000000000000055
:105F4C000000000000000000000000000000000045
:105F5C000000000000000000000000000000000035
:105F6C000000000000000000000000000000000025
:105F7C000000000000000000000000000000000015
:105F8C000000000000000000000000000000000005
:105F9C0000000000000000000000000000000000F5
:105FAC0000000000000000000000000000000000E5
:105FBC0000000000000000000000000000000000D5
:105FCC0000000000000000000000000000000000C5
:105FDC0000000000000000000000000000000000B5
:105FEC0000000000000000000000000000000000A5
:105FFC000000000000000000000000000000000095
:10600C000000000000000000000000000000000084
:10601C000000000000000000000000000000000074
:10602C000000000000000000000000000000000064
:10603C000000000000000000000000000000000054
:10604C000000000000000000000000000000000044
:10605C000000000000000000000000000000000034
:10606C000000000000000000000000000000000024
:10607C000000000000000000000000000000000014
:10608C000000000000000000000000000000000004
:10609C0000000000000000000000000000000000F4
:1060AC0000000000000000000000000000000000E4
:1060BC0000000000000000000000000000000000D4
:1060CC0000000000000000000000000000000000C4
:1060DC0000000000000000000000000000000000B4
:1060EC0000000000000000000000000000000000A4
:1060FC000000000000000000000000000000000094
:10610C000000000000000000000000000000000083
:10611C000000000000000000000000000000000073
:10612C000000000000000000000000000000000063
:10613C000000000000000000000000000000000053
:10614C000000000000000000000000000000000043
:10615C000000000000000000000000000000000033
:10616C000000000000000000000000000000000023
:10617C000000000000000000000000000000000013
:10618C000000000000000000000000000000000003
:10619C0000000000000000000000000000000000F3
:1061AC0000000000000000000000000000000000E3
:1061BC0000000000000000000000000000000000D3
:1061CC0000000000000000000000000000000000C3
:1061DC0000000000000000000000000000000000B3
:1061EC000000000015A10101C5A50101E79C0201F9
:1061FC0001A10101000000000000000000000000EF
:10620C00B40700218BB7020191B7020193B70201C9
:10621C00B9B7020197B70201C7B702019DB70201D6
:10622C00D3B70201A3B70201D9B70201AFB702017C
:10623C00B3B70201A5B70201ABB70201C3B70201A4
:10624C00CDB7020105000000B855030101000000A4
:10625C00CA5703010000000005B90201000000004C
:10626C0011B9020100000000000000003D290301EB
:10627C00010000000000072000000100304E030167
:10628C0001000000304E030100000000020000007D
:10629C0000000000000000000002000000000000F0
:1062AC00E73003010000000000000000504E030125
:1062BC00FFFF0000FFFF000000F0004100000000A5
:1062CC0000E0FFFF3F00000000E0FFFF3F00000088
:1062DC00FF000000425903010000000025010301EA
:1062EC0000000000000000000000000000000000A2
:1062FC000000000000000000000000000000000092
:0C630C0090020000B4080021B408002139
:106318000000000000000000000000000000000075
:1063280000000000E89800210020000000000000A4
:046338000000000061
:10633C00E0080021E008002100000000000000003F
:04634C000E0000003F
:10635000F4080021F40800210800000040000000BB
:10636000E8C00021E8C20021E8C00021E8C0002107
:106370000000000018090021180900210000000099
:106380002409002124090021000000000100000070
:08639000340900213409002149
:106398000000000000000000440900214409002119
:1063A8004C0900214C0900210000000000000000F9
:1063B8005C0900215C0900216409002164090021AD
:1063C8000000000000000000740900217409002189
:1063D8007C0900217C09002107000700000000005B
:1063E8000000000080560301E4C400210000000002
:1063F80000000000A0090021A0090021A80900212F
:10640800A80900210C000C0000000000000000009A
:1064180090560301B0D100210000000000000000E8
:10642800CC090021CC090021D4090021D40900217C
:106438000100010000000000000000007056030188
:10644800ECC300210000000000000000F809002152
:10645800F8090021000A0021000A00210B000B00A6
:10646800000000007DD10201A056030128DE0021B2
:0464780015E015E036
:040000050102C61519
:00000001FF
