:020000040100F9
:1000000000960021C9BF0201AB300301B5BF020158
:10001000B5BF0201B5BF0201B5BF0201000000007B
:1000200000000000000000000000000075C1020197
:10003000B5BF02010000000035C10201B5BF0201D9
:10004000F9C20201F9C20201F9C20201F9C20201B8
:10005000F9C20201F9C20201F9C20201F9C20201A8
:1000600095370301F9C20201F9C20201F9C2020186
:1000700047370301F9C20201F9C20201F9C20201C4
:10008000F9C202017B370301F9C20201F9C2020180
:10009000F9C20201F9C20201F9C20201F9C2020168
:1000A000F9C20201F9C20201F9C20201F9C2020158
:0800B000F9C20201F9C20201CC
:1000B8002DE9F00791E8F807B2E802105B1854EB55
:1000C8000C04B2E802104D4156EB0C06B2E80210DF
:1000D8004F4158EB0C08B2E8021059EB01095AEBF2
:1000E8000C0A80E8F80780410130BDE8F007704746
:1000F8002DE9F00791E8F807B2E802105B1A74EBF3
:100108000C04B2E802108D4176EB0C06B2E802103E
:100118008F4178EB0C08B2E8021079EB01097AEB11
:100128000C0A80E8F80780414042BDE8F0077047B4
:100138002DE9F007524290E87800B1E880071740AF
:10014800DB1918EA020854EB080419EA020955EB0E
:1001580009051AEA020A56EB0A0678C090E8780000
:10016800B1E8800717407B4118EA020854EB0804FD
:1001780019EA020955EB09051AEA020A56EB0A06BA
:1001880078C080410130BDE8F00770472DE9F007DD
:10019800524290E87800B1E880071740DB1B18EA64
:1001A800020874EB080419EA020975EB09051AEA52
:1001B800020A76EB0A0678C090E87800B1E8800772
:1001C8001740BB4118EA020874EB080419EA02094F
:1001D80075EB09051AEA020A76EB0A0678C080412F
:1001E8004042BDE8F00770472DE9F00152424FF058
:1001F800040890E8300091E8C000A31B1340E41AFB
:10020800F618EB1B1340ED1AFF1830C0C0C1B8F147
:100218000108EED1BDE8F001704700BF00B592E8D3
:10022800DC072DE9DC07B1E8805702B4A7FB0251CF
:100238000A95A8FB020B09180020E7FB03105BEBEB
:10024800000B00204041E9FB02B00B91A8FB0351D1
:10025800401800214941EAFB02011BEB050B002570
:10026800E7FB04B568410025E7FB06056941002561
:100278006D41E8FB0615CDF830B0A9FB03B6891926
:100288000026EAFB0316754100267641ECFB03566F
:1002980010EB0B005FF0000BE8FB040B51EB0B01BC
:1002A8005FF0000BE9FB041B55EB0B055FF0000B3F
:1002B800EAFB045B56EB0B065FF0000B5BEB0B0BEA
:1002C800ECFB046B0D90ACFB0230059C2D18002054
:1002D800EEFB025046410020E9FB04605BEB000B9B
:1002E80000204041EAFB04B05B180021E7FB043121
:1002F8004D410021E8FB0451069C4E410021E8FBDA
:1003080004615BEB010B0021E9FB04B148410021CA
:100318004941EAFB04010E93A7FB0432079CB61877
:100328000022E7FB04625BEB020B0022E8FB04B24D
:1003380050410022E9FB0402514100225241EAFBEC
:100348000412049CED180023E9FB04535E410023CA
:10035800EAFB0463089C5BEB030B0023E7FB04B395
:1003680058410023E8FB040359410023E9FB041327
:100378005A4100235B41EAFB04230F955DF8049B77
:1003880099E80006DDF80080A9FB08541BEB040B74
:100398000024EAFB08B4DDF8108060410024ECFB7F
:1003A800080461410024EEFB081462410024E9FBC3
:1003B8000824634100246441EAFB0834DDF8048022
:1003C80076190025EEFB08655BEB050B0025E9FBBC
:1003D80008B568410025EAFB0805DDF81480694185
:1003E8000025ECFB08156A410025EEFB08256B414A
:1003F8000025E9FB08356C4100256D41EAFB0845FD
:100408000F96DDF80880AEFB087680190026E9FB18
:10041800080671410026EAFB0816DDF818807241CB
:100428000026ECFB082673410026EEFB08367441D3
:100438000026E9FB0846754100267641EAFB085686
:10044800DDF80C801BEB070B0027ECFB08B77841A5
:100458000027EEFB080779410027E9FB08177A41D6
:100468000027EAFB0827DDF81C807B410027ECFB0E
:1004780008377C410027EEFB08477D410027E9FB50
:1004880008577E4100277F41EAFB086708B000BD96
:100498002DE9F14F87B0FFF7C1FEDDF81C8008F1A8
:1004A800200888E8FF00FFBC87E87F08BDE8F08FD8
:1004B80000B591E84C57A2FB02410194A2FB034509
:1004C80024190020E2FB06506D417F416418029414
:1004D8000021E2FB0801A3FB034B654103950024BF
:1004E800E3FB060440417F41091900246441E2FB13
:1004F8000914FF0750EB0B0004900025E2FB0A45A6
:100508005FF0000BE3FB081B49415FEA370714EB78
:100518000B045FF0000BE3FB094B55EB0B055FF099
:10052800000B5BEB0B0BE2FB0C5BFF0F0020E2FB0D
:100538000EB000225141E6FB061205910021E6FBB0
:10054800084164417F416D180021E3FB0A515BEBD0
:10055800010B0021E3FB0CB1484100214941E3FBB9
:100568000E010023E6FB09531BEB030B0023E6FBFC
:100578000AB358410023E6FB0C03594100235B41B1
:10058800E6FB0E13FF07544106946D417F41A8FB1B
:100598000826554107950022E8FB09B25BEB0B0BD7
:1005A8007F4180180022E8FB0A0251410022E8FB43
:1005B8000C125A4100235B41E8FB0E230024E9FB9F
:1005C8000E340025E9FB0A1552190025E9FB0C2514
:1005D8006B410025EAFB0C356C4100256D41EAFBB7
:1005E8000E45FF075BEB060B0026ECFB0E56404161
:1005F800494152415B4164416D417641AEFB0EE891
:1006080048F100087F00A9FB0979784151EB0901FD
:10061800AAFB0A7A7A4153EB0A03ACFB0C7C7C41B7
:1006280055EB0C0556EB0E0648F1000700BD00BF60
:100638002DE9F14F87B0FFF73BFFDDF81C8008F18B
:10064800200888E8FF00FFBC87E87F08BDE8F08F36
:1006580030B44FF0000310F8014B11F8015B013A78
:1006680084EA050443EA0403F5D1A3F101034FEA40
:10067800D37030BC704700BF4FF0000310F8012B57
:10068800013943EA0203F9D1A3F101034FEAD37018
:10069800704700BF30B411F8014B12F8015B6C4091
:1006A80000F8014B013BF6D130BC70472DE9F0074B
:1006B80091E8F807B2E802105B1854EB0C04B2E8B2
:1006C80002104D4156EB0C06B2E802104F4158EBB0
:1006D8000C08B2E8021059EB01095AEB0C0A8941DF
:1006E800B3F1FF3374F1FF3475F1FF3576F100068D
:1006F80077F1000778F1000879F101097AF1FF3AFA
:1007080051F100015B184C414D4156F1000657F17B
:10071800000758F1000859EBD1795AEB010A80E833
:10072800F807BDE8F00770472DE9F00791E8F807EA
:10073800B2E802105B1A74EB0C04B2E802108D41A7
:1007480076EB0C06B2E802108F4178EB0C08B2E8A1
:10075800021079EB01097AEB0C0A89415B184C41CC
:100768004D4156F1000657F1000758F1000859EBC2
:10077800D1795AEB010A80E8F807BDE8F00770471D
:1007880018EB040859EB05095AEB060A5BEB070B53
:100798005FF0000C4CF1000C18EB050859EB06094A
:1007A8005AEB070A5BEB070B50EB0C005FF0000CF1
:1007B80051EB0C0152EB0C0263414CF1000CB8EB0D
:1007C800070879F100097AF1000A7BEB040BA841CC
:1007D800B141A241B3416CF1000CBBEB050BB04138
:1007E800B941AA41BB416CF1000C4CF001068CF0F8
:1007F800020718EB060859EB6C095AEB6C0A7BEBFD
:100808006C0B70EB6C0471EB6C0572EB670653EBC9
:100818006C076CEB6C0C18EB0C0059EB0C015AEBE9
:100828000C025BF1000354F1000455F1000556EB8E
:10083800DC7657EB0C0770472DE9F14F87B0FFF7CF
:10084800EDFCDDF81080DDF81490DDF818A0FFF756
:1008580097FFBDE8000FFFF793FF03B05DF8048B27
:1008680088E8FF00BDE8F08F2DE9F14F87B0FFF76A
:100878001FFEDDF81080DDF81490DDF818A0FFF7F2
:100888007FFFBDE8000FFFF77BFF03B05DF8048B27
:1008980088E8FF00BDE8F08F084B1B78002B4FF06D
:1008A8000003836018BF0222036008BF0122044BC3
:1008B8004360FF23C2710372704700BF68090021BB
:1008C80048010800064A074B9B7802604FF42672DD
:1008D800C37100238280082203728271704700BFAF
:1008E800138F020168090021064A074BDB78026072
:1008F8004FF44272C371002382800822037282710E
:10090800704700BF6B8C020168090021064A074B3B
:100918001B7902604FF4B872C371FF2382800822EA
:1009280003728271704700BFB38702016809002112
:10093800054A064B5B7902609022C371FF238280CF
:1009480008220372827170471D9002016809002114
:10095800054A064B9B790260A822C3710123828055
:100968000822037282717047D19C01016809002135
:10097800054A064BDB7D02607822C3710223828020
:1009880008220372827170475DB90001680900216D
:10099800064A074B1B7E02604FF40872C37100239E
:1009A8008280082203728271704700BF01B3000180
:1009B80068090021064A074B5B7E02604FF48C727F
:1009C800C371FF238280082203728271704700BFBF
:1009D800A79B020168090021044B9A7E002303604B
:1009E8008360034B4360C271704700BF68090021F0
:1009F80008010800044BDA7E002303608360034B80
:100A08004360C271704700BF6809002108010800EF
:100A1800064A9378D2781344002282600260044A1E
:100A28004260C371FF230372704700BF6809002149
:100A3800880008002DE9F341C41D0028064624F06B
:100A480007040CBF0020204600F0C2FE071E04DA8F
:100A58006FF00B0002B0BDE8F0810EB9FC42F7D48C
:100A6800354D297AE879AB7A03316A7A033022F076
:100A78006CFD0028ECDB3C44A978EB78002E04F1EF
:100A88000304194424F0030400FB01F10CBF002007
:100A9800204601F043F820440EB90028D8DB2B7912
:100AA8000446B3B1697C19446B791944FF29CFDC3A
:100AB8000330002EAA89C9B220F003040CBF00201D
:100AC800204601F09BF80028C2DB04440EB9002C34
:100AD800BEDB012000F072FEC8B1E97AB9B195F821
:100AE80028300734002B24F0070415BF40232523A2
:100AF8004FF481722822002E14BF2046002006F0F1
:100B0800D9FE0028A4DB04440EB9002CA0DBAB7B83
:100B1800DBB12B7993B10734002EA97B24F00704AD
:100B28000CBF0020204613F02DFB002890DB044466
:100B38005EB9002C09DA8BE768090021012000F072
:100B48003DFE10B1EB7A002BE5D1714B1B6893B1D8
:100B5800A97981B10334002EEA7B24F003040CBF89
:100B68000020204698470028FFF672AF044416B9C3
:100B7800002CFFF66DAF674B1B688BB1297C79B1F0
:100B88000334002E24F003040CBF002020469847AD
:100B98000028FFF65DAF044416B9002CFFF658AFE5
:100BA8005D4B1F68B7B1697CA1B10334002E2B7D62
:100BB80024F0030408BF0020009318BF2046EB7CF4
:100BC800AA7CB8470028FFF643AF044416B9002CA6
:100BD800FFF63EAF072000F0F1FD98B1A97989B181
:100BE8000334002EAA7D24F003040CBF0020204605
:100BF80001F076F90028FFF62BAF044416B9002C53
:100C0800FFF626AFB6FA86F795F821007F09A0B15E
:100C18000334EB7E297E24F0070419443B4644F054
:100C28000404C9B2224601F09DF90028FFF610AF6E
:100C3800044416B9002CFFF60BAF95F822100029D2
:100C480057D00734002EAA8C24F007080CBF0020C8
:100C5800404622F0E0FC041EFFF6FAAE444416B902
:100C6800002CFFF6F5AE1EB1A98C40461DF056FAD1
:100C7800297F00293FD095F82030002B3BD0EA8B04
:100C88000734002E24F0070802F124020CBF0020CC
:100C9800404692B222F0BFFC041EFFF6D9AE44448F
:100CA80016B9002CFFF6D4AE0334AB7E297E24F0AF
:100CB800070495F8200019443B4644F00404C9B2DF
:100CC800224601F041F90028FFF6C2AE044416B9E5
:100CD800002CFFF6BDAE36B1EA8B4046297F0832BC
:100CE80092B21DF0A3FCEB6A5BB176B1EC62002016
:100CF800B0E68846B7E7002EF5D000221146104628
:100D0800EFE7002EF3D12046A4E62834FBD59FE672
:100D180058000021600000215C0000211FB572B658
:100D2800194B1D6BE5B9BFF34F8F1849184BCA68AB
:100D380002F4E0621343CB60BFF34F8F00BFFDE7BF
:100D4800B4FBF6F4D3B20132002CF9D103F110024E
:100D58006A4402F80C4C0A2233B901A8A847E2E712
:100D6800044600220A26EDE7013BDBB203F110043A
:100D78000DEB0406B0FBF2F402FB1400303006F869
:100D88000C0C2046E8E700BF6809002100ED00E0F0
:100D98000400FA0513B5114C6846A37A8DF80130A2
:100DA800637A8DF80030237AADF80430E379ADF832
:100DB80002300FF05BFE18B1D9210320FFF7AEFF18
:100DC800207D0FF0BFFE08B1DC21F6E7E07C0FF0D4
:100DD800B3FE08B1DD21F0E702B010BD68090021BB
:100DE80038B5054600283ED020F0BAFF10B94FF0BC
:100DF800FF3038BD2AF0FEF9B0F5FA7FF7D81C4C61
:100E08001C482563002500F0B1FB26222946A01CBA
:100E180084F83450257084F82850E56221F0CEFB20
:100E28001B2240F20113E27140F21B32638001235E
:100E3800228140F20232237162811F22A375F723B7
:100E4800A2814FF40272E383FB23E28144F601128C
:100E5800A3846282EFF3108472B601F0BDF82CB956
:100E680062B62046C5E76FF01500C2E72846C0E71E
:100E7800680900219D0D000138B51446002840F08E
:100E8800B3805B4D95F83430032B00F0AA80B1B1E4
:100E980012B96FF0150038BD0139142900F2A48089
:100EA800DFE801F00B1C1F2F59627F356568793B1D
:100EB800414F54858896999C8E001378AB7000201A
:100EC800FFF7B8FD0028B7BF012302236FF00B001E
:100ED80085F83430A8BF85F83430DCE71378EB7038
:100EE800EDE79378002BD4D0D378002BD1D01378AA
:100EF8001A2BCED953781A2BCBD91368C5F80730DB
:100F0800DDE713786A799342C3D32B71D7E7137857
:100F18002A799342BDD86B71D1E713782A79934225
:100F2800B7D86B74CBE71378002BB2D05378013B5A
:100F3800DBB2F82BADD8138892786B822D4B9A7060
:100F4800BDE71078687518F015FDB8E71378002B21
:100F58009FD0AB75B3E7012000F030FC237808B1CF
:100F6800012B96D9EB72AAE71388AB81A7E7137810
:100F7800AB71A4E7072000F021FC10B92378012BFE
:100F880087D9072000F01AFC10B12378002B80D0F5
:100F98002378EB7393E71378082B3FF67AAF2B741B
:100FA8008DE71388FF2B3FF674AFAB7387E7137891
:100FB800EB7584E713780E2B3FF66BAF2B767EE745
:100FC80023680D4AEB61636853602389138176E7D0
:100FD80013786B7673E71378EB7670E71378AB7654
:100FE8006DE74FF0FF3056E76FF02C0053E700BF76
:100FF800680900217A09002184090021F8B50D4605
:10100800064630B329B311F0070422D1124F97F8DE
:101018003430012B02D16FF00B00F8BD032B02D145
:101028004FF0FF30F9E700F0D5F90028F8D028464E
:10103800FFF700FD0028EEDB1BF088F93046F96A5F
:1010480010F0E4FFFFF7A6FE0323204687F83430AC
:10105800E3E76FF01500E0E76809002110B5074CD9
:1010680094F83430032B03D110F0ECFF12F06EF833
:1010780022F070FC002084F8340010BD68090021BB
:1010880050B1074B03F1140253F8041B934240F884
:10109800041BF9D1002070476FF01500704700BF9E
:1010A800175A0301074B10B593F834403CB910F0B8
:1010B800B1FE0320044900F079FB204610BD4FF033
:1010C800FF30FBE76809002115090001074B10B53F
:1010D80093F834403CB910F0B1FE0220044900F006
:1010E80065FB204610BD4FF0FF30FBE76809002183
:1010F800F108000138B50B4D95F8344074B910F07B
:10110800BFFE0949012000F051FB2046074900F0C5
:101118004DFB0123204685F8283038BD4FF0FF30BD
:10112800FBE700BF68090021A1080001CD08000104
:10113800054B10B593F834401CB924F097FE2046AF
:1011480010BD4FF0FF30FBE768090021054B10B5D3
:1011580093F834401CB924F08CFE204610BD4FF0A3
:10116800FF30FBE768090021054B10B593F83440C0
:101178001CB924F081FE204610BD4FF0FF30FBE77C
:1011880068090021054B10B593F834401CB924F0C8
:1011980075FE204610BD4FF0FF30FBE768090021BF
:1011A800074B10B593F834403CB910F085FE042085
:1011B800044900F0FBFA204610BD4FF0FF30FBE772
:1011C80068090021390900010A4B10B593F8344029
:1011D8006CB910F08BFE0520074900F0E7FA074BC1
:1011E800074A20461A60074B074A1A6010BD4FF09D
:1011F800FF30FBE768090021590900015800002168
:1012080069A4010160000021591E0001054B10B5B9
:1012180093F834401CB923F0F8FE204610BD4FF077
:10122800FF30FBE768090021054B10B593F83440FF
:101238001CB923F0F2FE204610BD4FF0FF30FBE74B
:1012480068090021094B10B593F834405CB910F0D7
:1012580065FE0749082000F0A9FA0920054900F0B1
:10126800A5FA204610BD4FF0FF30FBE768090021C2
:1012780079090001990900010A4B10B593F8344027
:101288006CB910F069FE24F0E9FD0749082000F068
:101298008DFA0920054900F089FA204610BD4FF063
:1012A800FF30FBE76809002179090001990900016D
:1012B800094B10B593F834405CB910F06BFE074940
:1012C8000A2000F073FA0B20054900F06FFA204657
:1012D80010BD4FF0FF30FBE768090021BD09000190
:1012E800E1090001094B10B593F834405CB910F0DE
:1012F8006FFE07490A2000F059FA0C20054900F052
:1013080055FA204610BD4FF0FF30FBE76809002171
:10131800BD090001FD090001074B10B593F83440E1
:101328003CB910F08DFC0F20044900F03FFA20462C
:1013380010BD4FF0FF30FBE768090021190A0001D2
:10134800074B10B593F834403CB910F091FC0F20CE
:10135800044900F02BFA204610BD4FF0FF30FBE7A0
:1013680068090021190A0001074B10B593F83440A9
:101378003CB910F0ABFC0F20044900F017FA2046E6
:1013880010BD4FF0FF30FBE768090021190A000182
:10139800074B10B593F834403CB910F081FC0F208E
:1013A800044900F003FA204610BD4FF0FF30FBE778
:1013B80068090021190A000102680020014B1A601F
:1013C800704700BFA0090021014B1B68184700BFE8
:1013D800A0090021024B1868003818BF0120704787
:1013E800A0090021F7B504462D4E071D2C4837608B
:1013F80011F0CCFE0228054606D12949204621F0E5
:10140800B8F9284603B0F0BD042842D13378092B37
:101418000AD0252B1ED03146204621F026FAB0F5F9
:10142800817F2DD3722112E005213E2021F074F92D
:101438000028F0D1F37801A93279684643EA0223FB
:10144800ADF8003021F0B3FD0028CFD0532108209B
:10145800FFF764FC1A213E2021F05EF90028DAD15A
:101468007368694601A8C3F30F23ADF8043011234C
:101478008DF8063021F0FDFD0028B7D06521E6E79C
:101488000028B3D0A178207821F046F90028B8D1F7
:10149800ACE70828B5D10249204621F0A2F9B0E707
:1014A800A4090021074B4FF0FF3141F6FF72C3E951
:1014B800001205490022C1E900221F21C3E90212D6
:1014C800704700BF00000021A80A00213F280CD85F
:1014D80001380B4BC0F3421200F01F0053F82230C2
:1014E80023FA00F000F001007047FF2806D04038CA
:1014F800044BC0F3421200F01F00EFE701207047D1
:1015080000000021A80A0021074B0146006849682D
:101518001A4603C240F48C221A6041F0107242F459
:10152800FF625A60704700BF000000210246024B6C
:101538000068516803C37047A80A00210246024B9D
:101548000068516803C37047080000210138064B42
:10155800C0F3421200F01F0003EB82039B6823FADA
:1015680000F000F00100704700000021014B1860F6
:10157800704700BFB00A002110B5FFF793FF22F0B3
:1015880099FE034B04461B6803B19847204610BDDB
:10159800B00A002138B5274B0446D3F8A022D3F867
:1015A800A412013106D1D3F8A8324FF6FF719BB2CD
:1015B8008B423DD0D3073BD51E4DD5F8A422D5F894
:1015C800A832C4F80120A4F80530C3F3072363F058
:1015D8003F03A371D5F89032013323D0D5F8943264
:1015E80001331FD0D5F8983201331BD0D5F89C327F
:1015F800013317D0002010F09DFE98B9D5F890025D
:10160800D5F89412D5F89822D5F89C32C4F807007A
:10161800C4F80B10C4F80F20C4F8133001230020BD
:10162800237038BD10220021E01D20F0C7FFF5E728
:101638000023F4E70000FF0170B5274D10220021B8
:101648000446D5F8A06220F0B9FF10220021A018A6
:1016580020F0B4FFD5F8803201330BD1D5F88432AD
:10166800013307D1D5F88832013303D1D5F88C324C
:1016780001330BD0D5F88002D5F88412D5F888222A
:10168800D5F88C3220616161A261E361002010F01D
:1016980051FE08B9F3071CD40F4BD3F8902201323E
:1016A8000BD1D3F89422013207D1D3F89822013212
:1016B80003D1D3F89C2201320BD0D3F89002D3F88F
:1016C8009412D3F89822D3F89C3220606160A2600B
:1016D800E360002070BD00BF0000FF0170B50C88FA
:1016E800C27CA6B2C4F30E04931C058804F114024C
:1016F8001D44825AADB21A4443882A44013AB2FBC7
:10170800F5F202FB054292B29342044B8BBF334081
:10171800B34313439BB20B8070BD00BF0080FFFF33
:101728004A1E062A08B50346084604D84FF4D17164
:101738001520FFF7F3FA094A914202D940F2A311A2
:10174800F6E711B903B1196008BD2BB11B68002277
:10175800C3E901211A1D1A600430F5E7FAFFFF7F7B
:1017680010B5114B00EB41041A786389B3FBF2F30F
:1017780003FB0223013A1A44B2F5706F027928BFBD
:1017880000231A448378B2FBF3F0194403FB1020BA
:10179800091AB1FBF3F003FB101313446FEA434338
:1017A8006FEA5343638110BDB40A0021024B03EB77
:1017B80080035960704700BFB40A0021034B03EB54
:1017C80080035868003818BF01207047B40A002108
:1017D8002DE9F04F10F0070A85B0054604D040F215
:1017E80061111720FFF79AFA544F04464FF0010B86
:1017F80007F14006B146B04657F8043B8DF80BA0F8
:101808003BB101A898479DF80A30082B01D9E82177
:10181800E7E79DF80B1081BB05B13160B94506F1CA
:101828000406E9D12DB30023DFF814E10F221E4688
:101838008EF8003058F82200013A60B190F804A000
:101848008178BAF1FF0F64D14FF000078E4207711B
:101858003CBFCEB20123511CECD10BB18EF8006015
:101868000F2640F6FF6A58F82670002F63D1013E14
:10187800F9D2601B05B0BDE8F08F9DF80AC04A1D7B
:10188800BCF1020FE64604EB420438BF4FF0020EEB
:1018980053000EF1FF300444CEF100002040BDF8A3
:1018A80008406444CCF1000C013C04EA0C04B4F593
:1018B800803F01D3F82194E775B1C31A336099705A
:1018C8001C8083F803B09DF80C201A71019A4FEA26
:1018D800124C1A81A3F806C004FB01049EE758F8CD
:1018E8002C90B9F1000F06D099F804B0D34504BF85
:1018F80099F802904F440CF1FF3CBCF1000FEEDA6E
:101908003944FF29A2D90BB18EF8006040F22711A3
:1019180067E794460027F0E707EB410309F101095F
:101928003846A3F80AA0FFF71BFF5FFA89F1BB78D6
:101938008B42F1D89BE74FF00009F6E7B80A00217F
:10194800B40A0021034B03EB8003586C00B1807884
:10195800704700BFB40A0021F8B54FF6FF7305467B
:101968000380184B03EB8103586CB8B18678037970
:10197800B3FBF6F206FB1233DBB219460A1D00EB85
:101988004202B2F902705488002F09DB0131B1FB21
:10199800F6F206FB1211C9B28B42EFD10020F8BD56
:1019A800FF29FBD0C4F30E03C4782B8024B94FF46D
:1019B800D5711720FFF7B2F95380BDE8F84021F040
:1019C8007FBD00BFB40A00211D4B03EB810370B536
:1019D8005C6C054644B3030404D54FF4DC7117204E
:1019E800FFF79CF90146204621F04DFDFF280146EE
:1019F80004D02046BDE8704021F062BDA078B5FB58
:101A0800F0F300FB1353DBB219460A1D04EB420640
:101A1800B6F90260002E09DB0131B1FBF0F200FBE0
:101A28001211C9B28B42F0D1002070BDFF29FBD042
:101A38008B4204EB42021CBF0023E3705580D8E7B9
:101A4800B40A0021094B03EB8103014610B55C6C15
:101A5800204621F018FDFF28014604D02046BDE8A5
:101A6800104021F02DBD002010BD00BFB40A002198
:101A7800F8B5104B074603EB810301465C6C204622
:101A880021F001FDFF28054611D0E688238953EA95
:101A9800064606D00146204621F012FD014638468A
:101AA800B04720462946FFF75BFE0020F8BD052019
:101AB800FCE700BFB40A002138B50E4B0446827912
:101AC80003EB8203586C08B9052038BD8278E179A8
:101AD8009142F9D24B1CE37100EB41035D89B3F9E4
:101AE8000A30002BF3DBA58021F0EAFC20600020FF
:101AF800EBE700BFB40A002108B5074B03EB8103ED
:101B08000146586C21F0BFFCFF2804D140F21E2189
:101B18001720FFF703F908BDB40A002170B5044681
:101B280010F003000E4603D04F211820FFF7F6F8F7
:101B3800FFF7F6FD054624B1034831460460FFF778
:101B4800EFFD284670BD00BF380B00212DE9F14F8D
:101B5800DFF870B01E4607460D46DBF800309046A9
:101B68009DF828A09DF82C901BB961211820FFF73B
:101B7800D5F852460921404621F0F5FA4A4684B282
:101B88000921304621F0EFFA81B2DBF80000214448
:101B980021F04EFC386018B9286001B0BDE8F08F1C
:101BA80004445346414609222C60386821F087FADC
:101BB8004B4609223146286801B0BDE8F04F21F0B4
:101BC8007EBA00BF380B002170B50E46044621F0DE
:101BD800DDFA0546304621F0D9FA044B2A18214689
:101BE8001868BDE8704021F047BC00BF380B0021E1
:101BF800014B186821F010BC380B00211F2AF8B5DA
:101C0800044613460ED89200033222F00303B3F5BC
:101C1800803F2DD2184DACB1A00710D05F2109200C
:101C2800FFF77CF8FF2B4FEA420204D9FF339A42B0
:101C3800A8BF1A46E8E77C2AB8BF7C22E4E72970E7
:101C48006C602B8122F0030228230127120403FB76
:101C580001F06B680025120CEEB28E4200D3F8BD7D
:101C680014B126181F705E60104401352833F3E75D
:101C78004FF0FF30F3E700BF3C0B0021144A00216E
:101C880038B553681478C8B2844203D8AB21092008
:101C9800FFF744F81846013128330578002DF2D0B3
:101CA80000218170012412898161051D4470920808
:101CB800C16100F12001446821F8022B994245F8DE
:101CC800044B1444F8D100234361037038BD00BFAE
:101CD8003C0B00210A4B1B89B3F5FF7F4FEA9300A9
:101CE80006D25A089B1A9BB2984238BF18467047CA
:101CF800B3F5EE6F01D8FF22F4E740F27263F3E721
:101D08003C0B00212DE9F8434B7880460C4602F045
:101D1800040602F0FB07D3B1DFB12E4BD4F80490D0
:101D28001D89B7BB0123AD084A46211D637004F124
:101D3800280004F12003A761E76123F8025B9842B9
:101D480041F8042B2A44F8D10023636101E0002FF5
:101D5800E3D0FF23A370002E18BF0226A3191B7D12
:101D6800032B03D1022F1CBF0136F6B2A31901229F
:101D78001A7506F10C02002304EB860624F81230CB
:101D88007268A3704046C8F80020A8F80430BDE87F
:101D9800F883002114226170A01820F00FFCB5F51B
:101DA800FF7F0FD26B08ED1AADB209EB0502C4F83C
:101DB80004902584A2606384C4F80C90A5842261F1
:101DC800E384C6E7B5F5EE6F4FF0FF03EBD940F2B9
:101DD8007265EAE73C0B0021F7B5D2000B684000BA
:101DE800002502F07802CDF8013000F006008B885B
:101DF8000243ADF805300D4B42F001021E785F68D2
:101E08008DF80020EBB29E4201D800240AE0C5EB11
:101E1800C5040722694601353C44204620F0F2FA01
:101E28000028EFD1204603B0F0BD00BF480B0021C9
:101E3800014B1878704700BF480B0021034B002165
:101E48001A785868C2EBC20220F0B8BB480B0021D0
:101E580010B50C4650B1830703D020214120FEF76E
:101E68005DFF044B58601970FFF7E8FFC4EBC4002E
:101E780010BD00BF480B0021F8B504460D461646B4
:101E8800FFF7AAFF034630BB144A92F800C0576810
:101E9800DAB2944501D807201CE0C3EBC302013332
:101EA800B85CB918024610F00100F1D1630022F0C5
:101EB8007F02F60003F0060306F0780643F00103FC
:101EC800334313430A4602F8013B2B68C1F801303B
:101ED800AB889380F8BD1220FCE700BF480B0021B7
:101EE8002DE9F84305460C46F7200521914621F0D7
:101EF8003AF9061E22DB1DB906FB04F0BDE8F8839B
:101F080015F0030703D098211920FEF707FFDFF823
:101F18003480C8F81050A5B2A8F81460BBB29D422E
:101F2800EAD9B8F814C04B46D8F810000522F721B2
:101F380007FB0C00013721F0C2F8EFE74FF0FF3044
:101F4800DCE700BF500B002107B5CDE900230B46A5
:101F580003490246081D21F0ABFC03B05DF804FB01
:101F6800680B002113B5064CCDE900230B46024649
:101F780004F1080104F10C0021F09AFC02B010BD34
:101F8800680B0021024B0146186821F083BC00BF92
:101F9800680B0021024BD3E9002121F0AFBC00BF40
:101FA800680B0021034B1B28D3E9022138BF1B20F3
:101FB80021F0A4BC680B0021024B0146D3E90020A4
:101FC80021F05ABA680B0021024B0146D3E90220DE
:101FD80021F052BA680B0021144B012200214FF066
:101FE800FF309A60C3F80012C3F80803C3F800155D
:101FF800C3F804259A60C3F808034FF48040C3F877
:102008000015C3F8042503F5805341F6F872084912
:10201800C3F80825C1F88000BFF34F8FBFF36F8F57
:10202800C1F88001C3F80825704700BF00E00041EF
:1020380000E100E08C463022064B00B50CF8032B7B
:102048008E4607CBCEF80300CCF80410CCF8082055
:102058005DF804FB840B002110B5154C1BF01AFA2F
:102068001AF01EFB0021636A608C9847237E9BB997
:10207800104B628C93E8030012F00EF9E36A18889B
:1020880012F034F8636B94F8301094F831009847E4
:10209800002384F8383010BD94E8070004F10C03DD
:1020A80083E80700044904F1190025F098FBDFE7ED
:1020B800780B0021A00B00213D200001034B93F871
:1020C800383003B97047FFF7C7BF00BF780B00214E
:1020D80040F22B41062008B5FEF720FE08B5094B53
:1020E80093F83820022A07D1DA7A42F00102DA722C
:1020F800BDE80840FFF7B0BF40F253212720FEF7A4
:102108000DFE00BF780B002138B5364D044695F812
:1021180028300BB1C2071FD4012924D82B6C2046C4
:10212800984700B395F83000E8B995F82820E2B14F
:102138008CB995F84430D806C3F300142ED4EB6C50
:1021480023B30123AAB16A8F910713D5EB6BD87813
:10215800023818BF012038BD6B8F1B07DCD5EB6B2D
:10216800DB78022BD8D1012038BD002CE1D12046E4
:1021780038BD6A8F002AF6D16A6D107803EA10100C
:102188002043C0F1010000F0010038BDB5F850301F
:10219800B3FA83F35B09002AEBD0D4E7E96B0B7839
:1021A80003F00303032B02D1CB78022B18D0A86CC1
:1021B80021F095F848B9EB6B1B7803F00303032B68
:1021C80006D195F828200446B9E795F82820B6E7FF
:1021D80010F072F880F0010095F82820C4B2AEE73C
:1021E8000024ACE7780B002170B5224C0646E56A5E
:1021F800636D95F8A42094F85C00A3650AB1031DEB
:10220800D8B2FF2895F87D1004D11EB995F87C3016
:102218008B4203D01AF0A8FD95F8A42022B3206EB3
:102228001BF052FA94F82830216E003BA06D18BFBD
:10223800012384F88030D5E94223C4E91E231AF02B
:10224800CDF946B995F87D30033B012B94BF282082
:1022580000201BF0D7FA95F87C1000201BF0C6FB75
:10226800022384F8383070BDA06D1BF02DFA1AF0E7
:1022780017FAE6E7780B00212DE9F0413B4C82B0D4
:1022880094F83830E56A012B69D15FFA83F895F83C
:10229800943006460F4673B1638F0021042043F043
:1022A800040385F894106387636A984794F8283084
:1022B8000BB185F89680E16B0B7803F00303032BD1
:1022C80034D04B7873B3022385F89A3095F8A4304C
:1022D800DBB1E36A93F87D1094F828300139003BAC
:1022E800C9B218BF0123032984F88030D5E94223F5
:1022F800C4E91E2394F85C2036D800201C4B0090BB
:1023080001205B5C1B491AF0FFF8012F05D126B9A3
:1023180031463046FFF7F8FEE0B102B0BDE8F041C3
:10232800FFF79ABE012385F89A30CFE795F89A30DF
:1023380063B9638F022043F002036387636A984797
:10234800E16B0B7803F00303032BBAD1032385F861
:102358009A30BBE702B0BDE8F041FFF745BF40F255
:10236800A4412720FEF7DAFCFFF7B2FE780B002124
:102378003C500301E00B002170B5804C002282B074
:10238800E56A8DF8052095F8A42094F85C300AB128
:102398000433DBB2FF2B95F87C1004D118B995F8FB
:1023A8007D308B4202D0FF201AF0DEFC95F89A307F
:1023B800032B00F2DE80DFE803F0021C817194F841
:1023C800C2306F48ADF80630A5F86C300FF04EFFFC
:1023D800002840F098800DF105020DF10601A06C6F
:1023E80020F0FCFEE06320B195F8E130002B00F00E
:1023F800A280644B1846E36395F89B200378D200CB
:1024080003F0F30302F00802134395F89C209200AE
:1024180002F00402134303F0EF0203F00303032B5B
:10242800027002D1C378022B11D0A06C20F057FFA4
:1024380048B9E06B027802F00303032B07D00FF0D2
:102448003BFF002870D1E06B027842F01002027066
:1024580095F8A33013B14378002B41D11BF034F920
:102468001AF01EF9E66B10F08BFF20B1337803F0F9
:102478000303032B5BD095F87D1001201BF0B6FAFF
:10248800E26B012340491088927884F8C430A4F89C
:10249800440084F838308A7002B070BD38480FF0B4
:1024A800E5FE00285BD0E06BC3781B2B14D101211B
:1024B80005F110001AF08AFCE06B0DE0B5F86C30FD
:1024C8000DF105020DF10601A06CADF8063020F003
:1024D80085FEE063002847D0012384F8C3308BE7EA
:1024E800206E1BF0F1F894F82860E16BB6FA86F6D6
:1024F800206ED5E940237609C4E91E2384F880605C
:102508001AF06CF8AEE7638F4FF48070E16B43F418
:102518008073626A638790470121E06B85F89510A4
:10252800C3781B2BD8D1C3E7E06B02788FE7012073
:102538001CF0CCFE9FE79DF8053043B1BDF80610AE
:1025480025F0F4F80123E06B84F8C33054E70380E6
:1025580001218370E06B24F06AFEE06BEEE740F245
:10256800FD212720FEF7DAFB40F2F3212720FEF7B2
:10257800D5FB40F20B312720FEF7D0FB780B00216A
:10258800B40B0021080C0021BC0B00212DE9F04FF1
:10259800B84C87B0002294F83830E66A022B0492CF
:1025A80040F01282638C8846074613F0400106D13A
:1025B800636A40209847638C43F040036384002F8C
:1025C8005CD096F8A430002B40F05C81D4F858A079
:1025D8009AF8013099B2A4F85010002940F06A81A5
:1025E8000023E3649AF80050638C96F89B10C5F3B7
:1025F800800243F400739142638400F0F080D4F8C1
:102608002C9099F89A20FAB1022A00F0B78100219B
:1026180094F8283089F89A1023B199F89630002B4D
:1026280040F0A28199F89530002B40F07F8199F80D
:102638009B30D4F858A0012B0CBF0023012389F844
:102648009B30638C9AF8005096F89C10C5F3C00232
:1026580043F400634FF000099142638400F0C7809F
:10266800002510F08DFEF0B19AF8003003F0030356
:10267800032B18D101201CF029FE14E096F8A420A1
:10268800002A40F0F38043F4806394F8CE206384FA
:10269800013296F87D3084F8CE20033B012B40F2BE
:1026A800D4800025A94696F8A33003B394F82830BF
:1026B80096F87C10B3FA83F3F06901395B09C9B263
:1026C80084F8803041F64B53984294BF0420002090
:1026D8000329D6E94023C4E91E2300F27A810022A7
:1026E800654B0092FB225B5C644919F00DFFB8F161
:1026F800000F08D194F8CE100120FFF705FD8046A1
:10270800002800F0DF804FF001081BF0A9F9002D28
:102718003BD1B9F1000F09D094F82830002B40F0D4
:102728009A80B4F809300133A4F80930002F4BD04F
:10273800B4F805300022013384F8CE20A4F805301F
:102748004F4811F0C1FC049830B120F045FEE16A11
:102758000022027210F06AFD35B1E16A00232B7283
:102768000C22284610F030FDB8F1000F32D1638CEE
:102778001B0607D4636A414680209847638C43F060
:102788008003638407B0BDE8F08FA16DE36C4D78DA
:10279800002B00F02081B4F85020184603321FF0B7
:1027A80097FE0DF10E0205A9A065D4F8C80020F027
:1027B80029FE059820F010FE294601220546D4F886
:1027C800C80020F0D6FDA4E7B4F807300133A4F818
:1027D8000730B5E7FFF740FC07B0BDE8F08F96F883
:1027E8009C10C5F3C002B94691427FF439AF05F099
:1027F8000305D4F82CB0032D6AD143F4805301208B
:10280800514600256384638F8BF8940043F00103DD
:102818006387636A9847D4F858A09BF89C30013BBB
:1028280018BF01238BF89C309AF80130002B3FF435
:1028380018AFDBF808310133CBF80831DBF80C317D
:1028480043F10003CBF80C310BE7002501201CF005
:102858003DFDA94627E7B4F80530B4F80710B6F8E7
:1028680098200B4313433FF461AF5AE719F096FFE2
:10287800638C08E7780B00213C500301E00B002132
:10288800A00B002119F050FF19F032FFD4F858A01E
:102898009AF8013000287FF49DAE002B61D09AF899
:1028A800002096F89C10C2F3C002914277D099B2EA
:1028B800A4F85010D4F8C80020F032FDD4F858A07D
:1028C800E0648FE6FFF758FD002D3FF422AF5CE788
:1028D800002DA2D09AF80150002D9ED043F48053C9
:1028E8009BF8A45063841AF0AFF9042894F8CC300C
:1028F80006D1002D14BF1B221F22934228BF134666
:10290800D4F858A09AF801209A424ED8E56C002DC8
:102918003FF4A7AE94F8CD30002B53D0636A002162
:10292800202000259847D4F858A09AE6002589F871
:1029380095500FF0ABFC002852D0638F2946082031
:1029480043F008036387636A9847D9F80031013375
:10295800C9F80031D9F8043143F10003C9F804314A
:1029680065E6A4F850303BE6638F102089F896108E
:1029780043F010036387636A984753E604A9A06C81
:1029880020F04EFC88B3D9F800310133C9F8003182
:10299800D9F8043143F10003C9F8043137E60123BB
:1029A80084F83130FFF758FBECE694F8303001201A
:1029B800002543F0100384F830301CF087FCD4F86D
:1029C80058A04EE63D4628E74FF4A3612720FEF7BE
:1029D800A5F9FFF77DFB40F295412720FEF79EF908
:1029E80040F225412720FEF799F940F20E412720B1
:1029F800FEF794F90D4B0E4A70B50E4C1A6094F818
:102A080038301BB1E1212720FEF788F903F0FF02D7
:102A180006460D46227611F037FC012104F190009C
:102A280024F005FC6665256670BD00BF64000021C2
:102A3800FC2E0001780B0021074A10B592F83830B7
:102A480013B10C24204610BD03F0FF04147611F0D6
:102A58001BFC204610BD00BF780B0021024B012251
:102A680083F8CD20704700BF780B0021F0B585B002
:102A7800BF4C02AD85E8030094F838100A98002985
:102A880040F0A081002B18BF002A00F09B81B0FA0B
:102A980080F14909002800F09581236404F1280396
:102AA800606384F8CD1084F8301084F8CE1084F870
:102AB800311084F8C41084F8C3106187618462629D
:102AC80095E8030083E80300E56A1AF0B3F919F002
:102AD800E7FD95F980001AF0BBFAA86B1AF0D8FD4B
:102AE800286A1AF0BBFA95F8B4001AF0C1FA94F8FB
:102AF8002860EA6941F64B53002E00F0CC809A42D8
:102B080000F211814D201AF085F801201AF01CFC02
:102B1800732195F87D2001201AF038FC954B186830
:102B28001AF0BCFDD5E90523A264C4F8C83095F8AD
:102B38008B304BB9D5F8843033B1B5F8CE10B5F831
:102B480098208A4200F01E81D5F81821D5F81C314A
:102B5800894ED5F81001D5F81411E76A0FC6D5F8D3
:102B68002031D5F82421C4F8813097F89E30C6F872
:102B78000D20A3F12602012A40F29C8097F89F209D
:102B8800262A00F09780213B012B00F20381242A9A
:102B980040F0DF8094F82830002B00F0FE8097F892
:102BA800752097F84E3197F87C6013405A0700F16A
:102BB800DA8013F0010240F0FE809B0700F1F380F9
:102BC80005F144073146384624F078FE314623F0B3
:102BD800F1FEB5F85030024695F87D10384693421C
:102BE80028BF134684F8C23024F035FE95F87D10CE
:102BF80095F8A4700429B5F8586008BF032123F09C
:102C0800D9FE0FB9043080B2B04228BF3046C6B2F0
:102C180084F8CC6010F0B4FB10B12B2E38BF2B26F3
:102C280094F8280084F85C60002859D195F8A330FE
:102C3800DBB1012384F88030D5E94023C4E91E23A1
:102C480041F64B53EA699A4298BF042095F87C30C4
:102C5800013BDBB2032B00F2BA80484A0021D35C67
:102C6800FB220091444919F04FFC0120FFF784FB37
:102C78000023B5F8980095F8B420A360C4E90033A0
:102C8800D5F88C3029886080218022710BB101220F
:102C98001A6005B0F0BD9A424AD84D2019F0BAFF23
:102CA80030461AF051FB95F87C207D2100201AF05F
:102CB8006DFB33E794F8283073BB97F8423297F8E6
:102CC8007C60002B3FF47CAFF21E012A4BD9DA1E40
:102CD800012A48D9012E48D0012B46D002266FE799
:102CE80095F8A430A3B195F87D100120013984F836
:102CF8008000C9B2D5E942230329C4E91E2366D856
:102D08001E4B32465B5C002100911B4919F0FCFB0D
:102D18000120FFF769FAABE797F8D63297F87C609D
:102D2800002BD1D14CE7962019F074FF9C21F0E6D6
:102D3800962019F06FFF95F87C20104B104803EB94
:102D48004203998801F5FA71A0FB013189097D31A7
:102D5800ACE794F8283003B397F84E3197F87C60C5
:102D680059077FF526AF04262AE7012628E700BF82
:102D7800780B002164000021E00B00213C50030186
:102D8800D34D6210B5F888100A440121A5F8CE2069
:102D98001960D9E6242A3FF4FDAE97F87C60032E2B
:102DA80008BF04260CE7F31EDBB2012BDBD9012E8A
:102DB80018BF022604E7F31EDBB2012B8CBF1646B0
:102DC8000426FDE640F26F112720FDF7A7FFFFF765
:102DD8007FF900BF08B5124B93F8382092B193F8E9
:102DE800282022B993F83830012B14D108BD93F864
:102DF8003820022A0AD1DB6AD3F81802BDE8084055
:102E08001AF09ABCBDE80840FFF726B940F2352110
:102E18002720FDF783FF40F231212720FDF77EFFB1
:102E2800780B0021FFF718B9014B1876704700BFDF
:102E3800780B0021014B93F8C4007047780B0021F0
:102E4800034B93F8C30010B9588CC0F30030704797
:102E5800780B0021024B588CC0F3C020704700BF8C
:102E6800780B0021014B93F8CE007047780B0021B6
:102E78002DE9F04182071E4F82B00446FE6A13D442
:102E8800E3070ED596F89C10D6E94232013342F199
:102E980000020129C6E942320CBF0023012386F84B
:102EA8009C3002B0BDE8F081FB6CE3B1B7F850206C
:102EB8000D46B96D1846033291F801801FF008FBE2
:102EC8000DF1020201A9B865D7F8C80020F09AFAF6
:102ED800019820F081FA012228604146D7F8C800FD
:102EE80020F047FACCE740F295412720FDF716FF7E
:102EF800780B0021E52000019525000181220001C1
:102F0800C52000012DE9F843002800F0E3800446BD
:102F1800072900F2D380DFE801F0AB2525A7D120EF
:102F28009ECD0146204625F04AFCD4F84C3100F1EC
:102F3800EC059D4240F2C680E81A0321402838BFBC
:102F480040201EF07DFB0346C4F84C5120461D4628
:102F580025F0F9FC002D00F09C802046BDE8F843E0
:102F680025F0F2BC25F07AFC0023D4F81C21054694
:102F78000E4684F8483184F85131BAB150EA010359
:102F880014D0CA00C30042EA50721B1A62EB010255
:102F9800D4F838115B18D4F83C1142EB0102D4E99B
:102FA8005601834272EB0103C0F09280022304F5BC
:102FB800A47784F8503138461DF08EFD002800F0C3
:102FC8008D8094F8683103F0FF01002B6AD16FF00F
:102FD8000043D4E958029A4208BFB0F1FF3F12D02B
:102FE8002046D4E9569825F0EAFBD4F86031EC3055
:102FF800D4F86421B3EB090362EB08021B1A62F1EF
:103008000002002A4BDB394694F818011DF050FEE7
:1030180000286DD0D4E95601D4E94C32834272EBD2
:1030280001071FD255EA06071CD0C01A334661EBC8
:1030380002012A461FF008F905FB01F1A5FB005320
:1030480000FB0616D4E94C213344551943EB010320
:10305800C4E94C5306E090F818011DF00FFD002359
:1030680084F84031BDE8F883BDE8F8431AF00CBD98
:1030780012F0A4FFD4F84C01DC381EF03FFA90B3EC
:10308800204625F02DFC00283FF44BAF204625F0C4
:103098005AFCD4E95623C4E94E23BDE8F8832046F8
:1030A80012F094FF94F818011DF0E8FC002384F84E
:1030B8004031AFE7F4213020FDF730FEF821302011
:1030C800FDF72CFE2046C4F84C5125F03CFCE0E707
:1030D80001236CE7D7213020FDF720FE40F29261F2
:1030E8003020FDF71BFE40F251213020FDF716FE7F
:1030F80040F296613020FDF711FE00BF2DE9F04F38
:10310800044689B000201F460E46914694F87DA0DB
:10311800049022F0F4FF94F800320B2B00F218838D
:10312800704A94F89F8032F8135089F001032844BC
:10313800029385B2B9F1000F1AD0B4F8901204F5D1
:103148001879B4F898B0711AA6EB0B0B09B20FFAFC
:103158008BFB0029C0F24982384694F84432032B8D
:1031680000F21083DFE813F0BD018301C4003A00C8
:1031780094F84432032BE0D1B8F10E0FDDD1B4F846
:10318800D432B342D9D1B4F81C222046B4F89232D2
:103198001344C4F84032D4F84C32C4F83832E369E6
:1031A800C4F83C3214F000F9D4F8DC32E2699A42EF
:1031B80005D004F1280027F04FF8D4F8DC32E36199
:1031C800D4F8D832E363B4F8D632A4F84030D4F84F
:1031D800E0326362022384F84432AEE7E36903FB1A
:1031E80001F20492002F00F00A82B4F81C52002D5C
:1031F80040F0058284F85B52D4F84CC294F89E30B3
:103208000CFB1121262B049100F0088294F89F30C2
:10321800262B00F0038200283CD0002D3AD1D4E9B7
:10322800A0E0D4E99E237245834180F0A68294F8F9
:103238007D00C31E012B40F2808203911AF06EFEBE
:103248004AF2A13CD4F88032274D8444A3F183018B
:1032580094F87D00A5FB0C3CA0F1030ED4E99E2355
:10326800BEF1010FA1EB020303991944A1EB9C11D4
:1032780040F27D8203911AF051FE00F2E730D4F853
:103288004CC20399A5FB0030B4F81C5280090144D4
:1032980010390491AB44AAF103030CFB0BFBDBB21E
:1032A8000BF1300B012B4FEA4B0B40F2FF815046DC
:1032B8000D4D1AF033FE4AF2A1330344A5FB032354
:1032C8009D0950461AF022FE0BF1730341F64B524A
:1032D8001D44E36928449342044D286040F221824A
:1032E800049A6FE04C500301D34D6210480C002142
:1032F800E36B2946D4F83C02184427F075FF2946A9
:10330800C4F84802E06927F06FFF41F64B53E269C1
:1033180094F87DA09A42C74D98BF0230C4F84C0279
:1033280050461AF0FBFDAAF1030A4DF64171BAF1B5
:10333800010F01442046A5FB013194BF2823002337
:1033480003EB9111803124F021FBB4F81C3213B93E
:10335800002F40F0AD81D4F83C32E26B94F87DB098
:103368001344D4F84802ABF103011B1AC9B2049301
:10337800D4F838320129D4F84022B4F840A002FB2E
:1033880003050AF1730A05F130054FEA450540F2D5
:103398003D8158461AF0C2FD4AF2A1330344A548BC
:1033A800A0FB03239B095846039355441AF0AEFD2E
:1033B800039B049A1D44A04B28441860012384F8F9
:1033C8004432E369D4F84C52D4F888125D1B6FF488
:1033D800B3731D44D4F88C32854228BF054689183A
:1033E80004F1440043F10003C4F81852C4F8701201
:1033F800C4F87432002384F8603224F02AFA28448E
:10340800A4F89062C4F86402D4E99C23C4E9A22316
:1034180013F012FA20B1D4F864321E33C4F86432BF
:10342800B4F8081200238E1B84F8683236B29E4224
:1034380002DD022384F86832B8F10E0F00F0FE8036
:10344800002F40F0FE8094F84432002B40F01981A0
:10345800494694F85C021DF02BFC002800F07D81A1
:10346800029B84F85832002009B0BDE8F08FD4F8E8
:103478004C02E269D4F84052B4F81C32121AB4F87B
:1034880040A09B4402FB01F1D4F84832EA430AF118
:10349800730A049130339344D4F8382202FB05357B
:1034A80094F87D20D31E00FB0B55012B4FEA4505F0
:1034B80040F2AE80104603921AF030FD4AF2A13372
:1034C80003445C48A0FB0323039A4FEA931B55442B
:1034D80010461AF01BFD584B5D44049A28441860A6
:1034E80081E094F87D1094F8160223F08AFA824657
:1034F800E06B2946DFF83CB1504427F075FE2946B9
:10350800C4F84802E06927F06FFEE26941F64B53C0
:1035180005A99A4298BF0230C4F84C0206A81AF0CE
:10352800A7FA059B0093DDE90623D4E9A2011EF062
:10353800E1FA94F87D300546184603931AF0EEFC3C
:10354800039B4DF64171033B01442046012BABFB25
:10355800013194BF2823002303EB9111803124F01B
:1035680015FAD4F89432E26B94F87D000493039230
:103578001AF0D4FC4AF2A133039AC318D4F84802CB
:10358800ABFB0331049B933B13441B1A5344B4F81D
:1035980040A05B1B00F130050AF1950AA3EB9113DB
:1035A8006D00049394F87D30DA1E012A33D9184649
:1035B80003931AF0B3FC00F52340A130ABFB003BAA
:1035C800039B4FEA9B1B184655441AF09FFC049A2C
:1035D800D4F894325D441849D31A2844B3F5A07F2F
:1035E8000860C0F0BF80E369ECE60023594601207B
:1035F80084F85B32D4E99E23C4E9A223ADE594F8AC
:103608005B52002D4FD00C490868DBE66523CAE6FB
:103618004FF0650B5BE74FF0650BD4E7B4F8D43295
:10362800F31A1A043FF5F7AD94F8D732002B18BFF8
:103638009A46F0E5D34D6210480C0021002F3FF464
:1036480007AFB4F83022CAB1B4F8320294F8341291
:1036580000FB011101308A427FF7FAAE002B3FF4DC
:10366800F7AE0023A4F8320284F868320FF08EFE19
:1036780000F00700013084F83402E9E6A4F83222A9
:10368800E6E6D4F84C324846E169C91A23F061F9F4
:1036980083B2002B3FF4DCAE129A0120002A3FF4DB
:1036A800E3AE1380E0E6B4F81C52A5E5652508E60C
:1036B800E26BD4F83C3294F87D0003EB020A1AF06E
:1036C8002DFC4AF2A13394F87DB0AAF1930A034481
:1036D800ABF10301D4F84802A5FB0323C9B2D4F81F
:1036E8008022AAEB000A9B09012992440393D4E99A
:1036F8009E23AAEB020A29D958461AF00FFC94F81F
:103708007DB000F2E732D4F84802ABF10301A5FB23
:103718000235C9B2AD09039BAAEB03022A440492FD
:1037280026E618462A4604AB594623F087F9049A38
:1037380084F85B02E369286844E6AEF1E80E3C20B1
:10374800D4E99E23AEEB020E7144A0E53C25E2E7E6
:1037580040F2C1310620FDF7E1FA40F27B513020FA
:10376800FDF7DCFA40F2C6413020FDF7D7FAB4F88D
:103778001C523C20D4F84CC289E540F21A51302042
:10378800FDF7CCFA40F232513020FDF7C7FA00BFFE
:10379800F0B585B0002800F015810446072900F22D
:1037A8000081DFE811F09200080008007B00FE00AD
:1037B80080008800FA001BF087FDD4E99E23801A58
:1037C80061EB0301012871F10003C0F20D816FF074
:1037D8000102002382428B41C0F20181E3690BB1EF
:1037E800B0FBF3F394F89F200E2A00F0CF80B4F8D2
:1037F8009810B4F856220B449BB2D11A0D0454BF4A
:10380800531C01339BB2A4F8563294F85932B4F8D9
:10381800561223B9B4F80C328B4200F0C680B4F8C3
:10382800D40002ADB4F89830B4F892220344B4F846
:10383800D20001326F4E013BA4F892221B1A9FB2AC
:10384800336853B101390022204689B29847B4F849
:103858005612014489B2A4F856127B1A18046ED481
:103868000023204600951A46FFF748FC00284AD155
:10387800D4F884303BB3B4F8CE20B4F856329B1A4F
:103888001BB2002B1FDDB4F888100B44013BB3FBBF
:10389800F1F303FB0123A4F8CE3014E005B0BDE832
:1038A800F0401AF0F1B801201BF010FD05B0BDE89A
:1038B800F040FFF7B7BA90F84432042B40F08B8001
:1038C800002380F8443205B0F0BD90F8583253B365
:1038D800B0F85632B0F8982093426BD09A1AA0F8F4
:1038E8009830A0F80E222046D4E99C23C4E99E23F0
:1038F80013F048FC94F81332002BE4D005B0BDE86F
:10390800F04025F0D3B9012860D1B4F85612B4F8C4
:103918000832CA1A12042FD4BDF80830194489B2E3
:10392800A4F856128CE7B0F85432B0F89810B0F8F2
:1039380054225B1AA0F89820A0F80E32D3E794F826
:10394800A220012328460394002A8DF808300CBFD2
:103958003E23082384F8C13010F02CF9204625F0C6
:10396800A7F9002394F85C0284F844321DF086F825
:10397800202384F85C32A6E7BDF80820114489B2F8
:103988007A1A12F4004F18BF1946C9E7B4F856124C
:10399800013189B2A4F8561241E7CB213020FDF756
:1039A800BDF9CF213020FDF7B9F9013189B2A4F86A
:1039B800561234E7B0F80C22D31AA0F89820A0F8D1
:1039C8000E3290E7A6213020FDF7A8F940F25461A5
:1039D8003020FDF7A3F9C5213020FDF79FF940F20B
:1039E80007613020FDF79AF940F206613020FDF7B3
:1039F80095F900BF680000212DE9F043D0F81C318B
:103A0800002683B0054680F820610F46D0E9568924
:103A180083F8162280F840610121D0F81C010FF0CC
:103A280095F8D5F81C41324631462046C4E99E89AE
:103A380095F81831C4F8947284F85C32334684F8E7
:103A48004462A4F89062C4E9A2890096FFF756FB85
:103A5800D0B90123C4F84002C4F8380284F84432CB
:103A6800A4F85602A4F8540284F85902B4F898301D
:103A7800A4F89202013BA4F8983019F09BFD03B01A
:103A8800BDE8F0431CF084BE40F2F3113020FDF78E
:103A980045F900BFD0F81C01704700BF2DE9F0437D
:103AA800002385B00322FF26CDE900338DF80620D8
:103AB8006846FEF701F8044620BB009D95F84031A2
:103AC800002BF5D085F868610121284624F03EFFD7
:103AD80095F84031002BEBD095F818011DF044FB08
:103AE80095F818011DF0D0FE95F818011CF0C6FFD6
:103AF80000283CD085F840416846FDF7DDFF0446C4
:103B08000028DAD0DFF87C800123002502264FF652
:103B1800FF7788F804301AE0029BE3B193F85C223F
:103B2800202A18D01888B8421BD00221FDF78AFF36
:103B3800814608B390F85C021DF0A6FE99F85C0275
:103B480089F844421CF09AFF202389F85C32CDE9B9
:103B580002558DF80E6002A8FDF7AEFF0446002856
:103B6800DAD0002388F8043005B0BDE8F08340F2CD
:103B7800DF113020FDF7D2F840F22B113020FDF78D
:103B8800CDF800BF480C0021044B002242F210710E
:103B98005A71D9801A71FFF781BF00BF480C002104
:103BA8002DE9F84390F84031002B76D10446884639
:103BB80001465648154603F0FF071CF033FF20283E
:103BC80006466AD05822394604F58C701EF0F6FC79
:103BD80084F81861C4F81C81FF2384F84031B8F1D7
:103BE800000F06D00FF0EAFB00F00700013088F85C
:103BF800340202234FF00008A4F8503184F84881B9
:103C080027F0FAFA00F1BC062046B6B224F068FEA6
:103C1800002846D022F073FA00F5CD6128464FF00F
:103C2800010989B227F0E0FA2844C4F84C011BF0D6
:103C38004BFB3018A4F8268041F10001C4F8580164
:103C480084F820912046C4F85C1124F05FFE002817
:103C580045D0A5F59D654946204624F0B0FD2D1AAE
:103C6800C4F824514FF0FF326FF00043C4E95823E1
:103C780004F5A47194F818011DF01AF800283FD033
:103C880020460021D4E95623C4E94C23C4E94E2335
:103C980024F05CFE3846BDE8F8830C273846BDE8BA
:103CA800F8830146204624F08AFDDFF86480EC3072
:103CB800C4F84C01B8F8060008B1E08CB8B906445D
:103CC8001BF002FB361841F10001C4E95661002DD2
:103CD800C8D0AE1941F10001C4E95861C8E7EC3D0C
:103CE800484624F003FF2D1AC4F82451BAE70FF010
:103CF80065FBB8F80630B0FBF3F202FB1300DEE711
:103D080040F2C1113020FDF709F800BF0D2F000166
:103D1800480C002190F840310BB90020704710B5CD
:103D28000446FF2380F86831012124F00FFE94F83F
:103D380040310BB9002010BD94F818011DF014FA99
:103D480094F818011DF0A0FD94F818011CF096FED7
:103D580020B1002384F84031002010BD40F2DF116B
:103D68003020FCF7DBFF00BF014B5871704700BFE4
:103D7800480C002190F8682182B910B502F0FF04C0
:103D880090F8202112B90122104610BDD0E949311E
:103D98009942F9D912F01AF92246F5E7002210469D
:103DA800704700BF10B5044618F072FF074B9A68B9
:103DB800824208D3E16941F64B52914203D91879FE
:103DC80080F0010010BD002010BD00BF480C00218C
:103DD80040F20B2108B523F0E1FDB0F5296F28BFAB
:103DE8004FF4296080B208BD90F81332002B73D1CC
:103DF800F0B503F0FF0590F8443285B00446032B74
:103E080001D005B0F0BD1BF05FFAD4E99E23801AFB
:103E180061EB0301012871F10003F2DB6FF001038C
:103E2800834275EB01035ADBE369B4F89820002B51
:103E380053D0B0FBF3F080B20132B4F80C32104426
:103E480080B2A4F85402B4F854229B1A1BB2002B77
:103E5800D7DD94F85C021DF087F90028D1D0FF2344
:103E680084F85932B4F898500DF10E06B4F8D420FD
:103E7800B4F8D23015441F4F013DED1A3B68ADB27E
:103E880063B1B4F8541200222046013989B2984728
:103E9800B4F85432184480B2A4F85402B4F8543236
:103EA800EB1A1B04ADD4B4F85412002301222046A7
:103EB80089B20096FFF722F90028A2D0012813D171
:103EC800B4F85432BDF80E2013449BB2A4F854320F
:103ED8003B68002BD5D1E1E770471846ACE740F2C4
:103EE800AF513020FCF71AFF40F2F6513020FCF7B2
:103EF80015FF00BF680000212DE9B043044682B0D9
:103F0800062900F29780DFE801F0041D0A1A232A27
:103F18006D004B4B1B7903F0FF02002B7CD0042370
:103F280084F8443219F046FB1CF032FC0023B4F844
:103F38009820A4F89232A4F8562284F8593202B094
:103F4800BDE8B083032380F8443202B0BDE8B083F3
:103F580018F0C2FEC4E9A00102B0BDE8B08390F831
:103F68007D30C569033BD0F84C12DFF8D480012BB3
:103F780098F8053094BF4FF4BD794FF4A9798D4274
:103F88008CBF6D1A00251BB9436C9D4228BF1D4686
:103F9800D4F8187204F1440023F05BFC07440220B3
:103FA8001DF0FAFA0221ED1B25EAE575854228BFC6
:103FB800054628461DF044FB00B92F444A463946B9
:103FC800204623F0D0FCE269D4F81832C8F808007B
:103FD800D0181DF093FA0028B1D140F27931302081
:103FE800FCF79CFE90F87D502846033D19F096FF9B
:103FF8004DF641710246134B012D20461144A3FB97
:10400800013194BF2823002303EB9111803102B0C2
:10401800BDE8B04323F0BABCB0F80C1201230092FB
:10402800FFF76CF800283FF47DAF40F2CA613020FA
:10403800FCF774FE40F265713020FCF76FFE00BF9C
:10404800480C0021D34D6210012A70B5064609D0EC
:10405800022A14460D461ED04AB140F28F71302014
:10406800FCF75CFE18F014FEC6F8940270BD18F058
:104078000FFE224601462846FFF7BEFC32460F498E
:1040880095F818011BF00CF90028EFD14FF4EF61F7
:104098003020FCF743FED0F8941201222846FFF79F
:1040A800ABFC3246054995F818011BF0F9F80028D1
:1040B800DCD140F289713020FCF730FE99370001DD
:1040C800F8B5044651B1012960D1002380F82031A8
:1040D80019F070FABDE8F8401CF05ABBC58C002DE9
:1040E8004CD12046D4E94C7624F0B8FB40194FF067
:1040F800000341F10001C01984F848314FF0020370
:1041080046EB0101C4F85801C4F83001C4F85C1149
:10411800A4F85031C4F8341194F8683103F0FF0161
:10412800002BD5D16FF00043D4E958029A4208BF5A
:10413800B0F1FF3F0CD104F5A47194F818011CF0FC
:10414800B7FD0028C4D140F2E9613020FCF7E6FD54
:104158002046D4E9565624F032FBD4F86031EC30CE
:10416800D4F864215B1B62EB06021B1A62F10002A1
:10417800002AE0DA204611F029FFA9E70FF006F936
:10418800E58CB0FBF5F303FB1505AAE740F29F7138
:104198003020FCF7C3FD00BF90F84001003818BF7D
:1041A80001207047014BD880704700BF480C0021A0
:1041B80006220B4603F8032BB0F809C0C27AA1F80F
:1041C80003C09A70704700BF40F2B721322008B58B
:1041D800FCF7A4FD10B582B090F8023173B903F072
:1041E800FF02ADF804209DF8042000209DF805305A
:1041F80062F3070063F30F2002B010BD36380C4697
:1042080004F056FA182204232270ADF80430EAE7C5
:1042180070B5002865D0437A04460D46002B3FD080
:1042280000214089FDF70EFC064600285ED0008874
:104238000DF0DCFF00213088FDF71AFC00285AD168
:1042480094F8546094F8B0302BB194F8B1301E4310
:10425800002384F8B030204604F02AFAB30730D19E
:1042680013212B4604F10902293403F8031BD2F861
:1042780000C0103252F80C6C103352F8080C52F887
:10428800041CA24243F810CC43F80C6C43F8080C09
:1042980043F8041CEBD1117800221970AA7170BD83
:1042A800036DD0F80E20C3F80320428AA3F8072034
:1042B800427B036D12F0FD0F14BF012200229A7099
:1042C800BEE7002226F004062046114684F8546012
:1042D80005F0A4F80028C3D14FF448713220FCF748
:1042E8001DFD4FF440713220FCF718FD4FF4437167
:1042F8003220FCF713FD4FF444713220FCF70EFD19
:10430800044B00221B68A3F8BB2083F8BD2083F868
:1043180090207047540C002108B50EF0D3FC034BD5
:10432800187019F0B7F8032008BD00BF100000216D
:1043380008B50EF0C7FC024B024601201A7008BDF2
:104348001000002138B5124C20688C3003F036FB81
:10435800256803F0D5FA2368C5F88C00D3F88C00DB
:1043680060B103F0FDFA70B119F0AEF9002019F050
:1043780049FA2368042283F8902038BD40F2EF41BF
:104388003220FCF7CBFC40F2F1413220FCF7C6FCAE
:10439800540C002108B50EF095FC054B054A012187
:1043A8001B68107003F18C0003F06CFB012008BD42
:1043B800540C00211000002170B53E4C06462368BD
:1043C80093F89020032A34D093F89020042A30D010
:1043D80093F854309B0732D16568002D50D023687C
:1043E80093F85420002A41D076B3284622F0E8FEFC
:1043F80018B9284622F0FFFE28B3236893F89020C6
:10440800022A4CD993F89020082A4DD893F8901096
:104418002846A268284B12690B4452F82330984763
:104428000C2828D8A368DB68BDE8704053F8203012
:104438001847D3F88C0003F093FA0546CDE703F04C
:10444800A5FA0546C9E7236893F89020022A1CD9E3
:1044580093F89020082A1DD893F89010A268164B5C
:1044680052690B4452F823309847D9E741F2BB31DF
:104478003220FCF753FC41F2CE313220FCF74EFCDF
:1044880041F2B5313220FCF749FC41F29B31322030
:10449800FCF744FC41F29C313220FCF73FFC41F22E
:1044A8003B313220FCF73AFC41F23C313220FCF738
:1044B80035FC00BF540C0021FDFFFF3F38B5144CFC
:1044C800236893F854309B0719D16568DDB12368D8
:1044D800FF2093F8BA1018F047FC284619F0F4F8B2
:1044E800236893F8BA30033B012B94BF282000209F
:1044F80019F088F92368072283F8902038BD03F063
:1045080045FA0546E2E740F216513220FCF706FC70
:10451800540C0021F0B54F4E00220D460446336876
:1045280041F2707083B0196D5A72CA69B1F800C04F
:10453800A3F80AC0A2F57A7C84457ED94648A0FB38
:104548000202C2F38F221A848A8C5A84CA8C9A84F3
:104558004FF47F42DA844FF6FF721A85002C62D03E
:104568000121284622F04EFD2A78D209336893F8B3
:10457800481009B1002A35D1307B0021082859613B
:1045880019833BD003F10E0203F10D010EF020F95F
:1045980000285AD033685A7B03F11A0742F0020206
:1045A8005A73002C39D103F19E0002683A60828860
:1045B800BA8093F95810186D0EF068FB30682749D7
:1045C80023F004F9336826491A6D03F12A00148888
:1045D800A3F8334092F8A62083F8352023F0FFF89B
:1045E80003B0F0BD427902F0C002402AC4D102688B
:1045F8005A618288307B1A830828C3D193F8A410A3
:10460800D3F89E20B3F8A20059730021C3F80E20F6
:104618005882C3F81A10D983CBE70021284622F024
:10462800F1FC3368C1E77068694622F09EFB736845
:1046380068461A78C2F3801298E70A48A0FB02027B
:10464800920902F5506292B27DE741F204413220AC
:10465800FCF764FB540C00215917B7D1194200012B
:10466800B9410001D34D621010B5064C02222368EF
:1046780083F8902003F0C8F92068BDE8104004F0E2
:10468800F5BE00BF540C00214FF46271322008B50A
:10469800FCF744FB30B504788DB0264D04F00F04C8
:1046A80002A9224603F00EFD0EF00CFB042C287024
:1046B80002D003200DB030BD1F4A039B146893F845
:1046C80000C094F89E108C45F3D193F801C094F87B
:1046D8009F108C45EDD193F802C094F8A0108C453A
:1046E800E7D193F803C094F8A1108C45E1D193F871
:1046F80004C094F8A2108C45DBD1597994F8A33002
:104708009942D6D19DF8191094F8A4309942D0D185
:104718007F280CD0009004F18C007F24137C02A920
:10472800127B2C7003F034FC03200DB030BDFFF772
:10473800ABFF00BF10000021540C00212DE9F04F01
:10474800044687B006290CD8DFE801F0AA33110B1C
:104758000B0B0400B64D286890F89230002B40F0FF
:10476800CB8018F097FE032007B0BDE8F08F18F053
:1047780091FEAF4B186890F854209507F3D090F845
:104788009220002AEFD0AB4D95F900207F2A00F047
:10479800FD81029221461A7B7F24FF23CDE9003256
:1047A80000F1420302228C302C7003F045FB0320F9
:1047B800DAE79F4D867C2968012E91F8923091F8AE
:1047C8009390059391F8483083F0010B00F0B08086
:1047D800002691F85420374612F0040000F0B0800B
:1047E80091F84D30002B00F0AB8091F84E80B8F175
:1047F800080F40F0A88091F841800027C44620B3F4
:10480800626891F85B0092F800E0864500F05881F4
:104818004FF0000A91F89120082A05D091F84E002F
:10482800904208BF4FF0010A002F40F0EC80BBF126
:10483800000F40F03E813846B9F1000F40F0E580A6
:1048480018F028FE2B6893F8542093078BD018F0A3
:1048580021FE059B002B86D02868A36800F1420141
:10486800A27C90F8410021F0EAFF17B9002800F077
:104878006481704E96F900307F2B00F08781029397
:10488800214628687F242B7B0122CDF800800193E4
:1048980000F1420334708C3003F0CEFA032063E752
:1048A800634D286890F854305F071BD590F8933013
:1048B800002B5AD0636890F85B201978914200F079
:1048C800D38090F85630012B00F0AE8090F84E302F
:1048D800082B04D090F891209A4200F0A58018F097
:1048E800D9FD286890F89230002B43D190F8933086
:1048F800002B7FF438AF34E790F85430990765D52A
:104908004C4A92F900307F2B00F0408102932146F7
:104918002B7B7F240193FF23009300F14203147043
:104928008C30062203F088FA002309202B741BE739
:104938008268527902F0C002402A7FF449AF48E702
:1049480091F8918053E740460DF050FE002818BFBB
:104958008346002F40F0E180296891F8418091F862
:104968005420C44602F0040049E790F89230002B26
:104978003FF4F7AE90F854309E075DD4D8077FF522
:10498800F2AE590700F1FB802A4B93F900207F2AE9
:1049980000F0FC8002927F202A7B2146187028684C
:1049A8000192FF2200F142038C300092002203F0B2
:1049B80043FA03202B6893F89320002A7FF4D4AE9F
:1049C80093F89230002B7FF4CFAECAE6DA077FF572
:1049D800C8AE5B0700F1D080164B93F900207F2A00
:1049E80000F0D4800292214628687F272E7BFF247E
:1049F8001F70062200F142038C30CDE9004603F017
:104A08001BFA0320B0E6012016E72B6893F856300E
:104A1800012B06D0002B7FF413AFBAF1000F3FF43F
:104A28000FAF00283FF40CAF0A2007B0BDE8F08FA5
:104A3800540C002110000021554A92F900307F2BB8
:104A480000F0A480029321462B7B7F240193FF234F
:104A5800009300F1420314708C30002203F0ECF94B
:104A6800012309202B74A5E7597890F85C2091421E
:104A78007FF427AF997890F85D2091427FF421AFB9
:104A8800D97890F85E2091427FF41BAF197990F89D
:104A98005F2091427FF415AF5A7990F860309A42BE
:104AA8007FF40FAF627C90F85A309A427FF409AFD6
:104AB800BAE742316046A368A27C21F0C0FEBBE69B
:104AC80092F801E091F85C0086457FF4A1AE92F877
:104AD80002E091F85D0086457FF49AAE92F803E013
:104AE80091F85E0086457FF493AE92F804E091F861
:104AF8005F0086457FF48CAE507991F86020904233
:104B08007FF486AE94F811A091F85A20AAEB02021D
:104B1800D2F1000A4AEB020A7CE6A16840460DF091
:104B28006FFF2968074691F841C091F8542048B3AF
:104B38004CF0020802F0040061E6286890F855304D
:104B4800023B012B3FF60FAE002E3FF40CAE104E89
:104B580096F900307F2B19D0029321462A7BFE2339
:104B68007F24CDE9003200F1420301228C303470F9
:104B780003F062F90320F7E518F08CFC2CE718F035
:104B880089FC01E7E04602F0040038E6FFF77CFD07
:104B9800100000210F4A136810B593F890100229ED
:104BA8000ED993F8901008290FD893F890109268AE
:104BB800094B92680B44BDE8104052F8233018475F
:104BC80041F2BB413220FCF7A9F841F2BC41322046
:104BD800FCF7A4F8540C0021FDFFFF3F38B51C4D2D
:104BE8002B6893F89020022A2CD8027C044683F87C
:104BF80098201A44C168196792F8BE2083F8BA2031
:104C080042685A67037A022B0ED018F013F918F08D
:104C180043FE17F0E5FB0F4818F040FD0E4818F06A
:104C280037FD0E4818F01AFA637C03B938BD2868B6
:104C3800643021F0FAFD2B68DB6E002BF6D00122E0
:104C48001A6038BD40F6E2013220FCF767F800BF71
:104C5800540C00211C01002155555500D6BE898EE3
:104C680030B5194C85B094F900307F2B29D00A460D
:104C7800164D7F2121702C6894F89010032916D0C6
:104C880094F8901006290CBF03210121CDE90231C7
:104C98002B7B014604F18C00019394F8BA30009301
:104CA80004F1420302F06CFF18B905B030BD0021D1
:104CB800ECE7286801218C3005B0BDE8304002F0EF
:104CC800A9BEFFF7E1FC00BF10000021540C002131
:104CD80038B505460C460DF0FBF9420704D4A37815
:104CE80003F0E003402B0DD00DF0F2F9830704D454
:104CF800A37803F0E003202B04D0237803F03F03CC
:104D0800242B01D9002038BD17F0A4FF94F90030F6
:104D180094F802C0002B62780CF01F03ACBF1E2170
:104D28004FF4967142EA032301FB03F31A1AB2F512
:104D3800877FE7D39842E5D8054A29462388106833
:104D4800A0F8BB3080F8BDC0BDE8384003F036BDE0
:104D5800540C002170B5344E84B0346894F8923005
:104D680053B394F8813005460A4633B90378002BCB
:104D78000CBF0123022384F8813094F89030062B6D
:104D8800D9B23BD0072914BF01200220274B93F941
:104D980000107F2946D0CDE90210317B04F18C0048
:104DA800019194F8BA1000917F21197004F142031F
:104DB800294602F0E5FE18B90024204604B070BD6B
:104DC8006C7814F010041BD0A9690220FFF780FF4B
:104DD8000446E8B10023326882F882306B69EBB18F
:104DE8005978C1F3031182F8831059781B7801F0C0
:104DF8000F0143EA0123A2F88430DEE70320C5E768
:104E0800306801218C3002F005FE204604B070BDE8
:104E1800306801218C3002F035FECEE7FF2382F89E
:104E28008330CAE7FFF730FC540C00211000002142
:104E380010B504468AB00DF045FF194A2378107062
:104E480003F00F03072B02D001200AB010BD204643
:104E5800694603F0D5F9684603F0C0FA9DF80030BA
:104E6800002BF1D19DF80130DB07EDD50D4C0199F0
:104E780022689DF8110002F19E0392F8A42021F007
:104E8800DEFC0028E0D0206801219A3021F006F9E4
:104E9800FF216846FFF75EFF0028D5D00220D4E73F
:104EA80010000021540C0021F0B5504F85B03B682C
:104EB80093F88030C3B1437804461B0714D50378B0
:104EC80093B93B680E46D86F503024F0EBFA05468C
:104ED80050B93A68D06F837D53B9616991F801C0C0
:104EE800817AB1EB1C1F03D00025284605B0F0BD20
:104EF800616800294CD092F89120082A2BD01046DE
:104F08000DF1070102AA0DF063FC0646002867D0E0
:104F18003B68D86F837D002B47D0636902A99DF851
:104F280007005A7812091EF0AEFC0028DDD03B6855
:104F3800BDF80C10DA6F02981182D0609DF8071046
:104F4800DA6FD1726369012135465B789174C3F3D6
:104F580003139372C9E7002B34D06369607C5A78D5
:104F680012091EF090FC0028BED0636939685A788F
:104F7800CB6FC2F303129A7262681068D860928885
:104F88001A82CB6F627CDA72002201259A74ACE730
:104F980026B3012EA8D1D2F88C0003F075F80028AA
:104FA800A2D03B6893F894509FE700F10C0102AB44
:104FB8009DF80720C07A21F042FC002895D03B6874
:104FC800DA6FBFE70B46627C00F10C01C07A21F072
:104FD80036FC002888D03B68DB6FD5E7012584E7DD
:104FE80040F6CD713220FBF799FE00BF540C00212A
:104FF8004378F0B50446580687B06FD4227803F09A
:105008001F0352EA032369D008466188052965D938
:10501800227A6368C2F3040253EA02055ED0324D75
:105028002D68002D5CD000285AD0A847002855D0FC
:105038002E4E0121227A3068C2F304026368C56FDC
:1050480069768DF814201A0A8DF8103005F11E00C3
:105058008DF811201A0C1B0E04A98DF812208DF85A
:10506800133021F03AFD628840F2E24303FB02F27A
:10507800637BAA67D4F809202A60A27B43EA02234B
:10508800E27B43EA0243227A6B60C2F34212238A2C
:1050980085F89220013B3268A5F8623092F8BA3060
:1050A800EB75637825789A0603F01F0354BF1E2218
:1050B8004FF4967245EA0323174602FB03F517F0EF
:1050C8000BFE0B46218A024630680631C06F89B252
:1050D800019750300095029114F03CFB07B0F0BDE9
:1050E800024E3168CD6FACE7FC000021540C002162
:1050F8002DE9F04FDFF8F0A09146847C83B0DAF810
:1051080000200546012C884692F848601F4686F024
:1051180001063FD000249AF80D30A346F3B192F867
:1051280054305B0722D46B68002B3AD092F8913048
:10513800082B23D0184601930DF058FA002818BF01
:105148000646BBF1000F23D09AF80F20019B8AB3C3
:1051580021F0C3FB002203468AF80F2089F80030AB
:1051680088F800403E7003B0BDE8F08F92F84D30EB
:10517800002BD8D092F84E30082BDBD1BBF1000FB2
:1051880006D09AF80EB0BBF1000F19D00023E5E75E
:105198005B46E3E783685B7903F0C003402BB9D132
:1051A800B9E7D2F88C0002F06FFF0028E6D0DAF8F1
:1051B8000020BBE71846A9680DF022FC0346CDE79E
:1051C800A86859460DF01CFB03468AF80D00002814
:1051D800C4D0019021F077FB0828D9D0DAF8002054
:1051E800019B82F89100B9E7540C002108B5064BE1
:1051F800012118688C3002F00DFC0DF063FD034BA3
:10520800024601201A7008BD540C0021100000212C
:105218002DE9F0416A4C002205460F466368D4F830
:10522800008018461A8018F04FFA032D37D0052D44
:105238004AD0606808F19E0121F09EFD98F8A410FC
:10524800606821F0ADFD236893F8482003F1420619
:1052580093F8417052B193F85420520718D493F838
:1052680091000DF007FC08B1064601273146606839
:1052780021F074FD3946606821F085FD514BD3F863
:105288000431002B40F09680052D12D0BDE8F08146
:1052980093F84D20002AE2D093F84E00E1E76068C9
:1052A800037823F00F0343F0030303700C234370C8
:1052B800C0E7236831681A6DC2F80A10B188D18135
:1052C8001B6D5F72BDE8F081D4E9000622233178B6
:1052D800737021F02F0141EA471141F00501317047
:1052E80041F64B51036D1B6AC6F80F30026D936B84
:1052F800F3741F0A1B0C37757375D369B2F84070C5
:105308008B42D16B3BD9DFF8C0C0ACFB01E1ACFBF1
:1053180007C7890ABF0AF175C1F30721B775317646
:105328002949A1FB0313C3F38F2373761B0AB376B2
:10533800938CF3761B0A3377D38C73771B0AB37776
:10534800D2F8A730C6F81F3092F8AB3096F8242070
:1053580086F82330036D22F01F0293F8B23003F071
:105368001F03134386F824300CF0D8FE96F8243037
:1053780003F01F0343EA401386F8243059E7DFF8A7
:105388004CC0ACFB01E1ACFB07C749097F09F175CB
:10539800C1F30721B775A3F57A77317641F27071B9
:1053A8008F42BDD80A49A1FB03139B0903F550633B
:1053B8009BB2BAE740F22F613220FBF7AFFC00BF87
:1053C800540C0021008000415917B7D11F85EB51BB
:1053D800D34D62102DE9F04304468BB00DF072FCFA
:1053E800444A2378107003F00F03082B04D00125DA
:1053F80028460BB0BDE8F0836946204602F096FEC9
:105408009DF80050002DF2D19DF8013003F0030300
:10541800032BECD1384F3E6896F84D30002B3AD02C
:1054280096F84E907B7B002B38D14FF0000806F1A0
:105438009E0396F8A42001999DF8110021F0FFF928
:1054480010B9B8F1000FD2D096F848203E6896F807
:1054580041804236002A3DD19DF812000299012868
:1054680028D03346424621F0EAF90028BFD03868F0
:1054780001219A3020F012FE7B7BA3BB214601203C
:10548800FFF748F83868022104F096F938688C303C
:1054980002F094FAACE796F89190C3E721F013FA7A
:1054A8000828C2D0A0EB09083873B8FA88F84FEA80
:1054B8005818BCE74B7903F0C003402BD1D13346D1
:1054C800424621F0BCF90028D1D1029948460DF096
:1054D80097FACAE748460DF0CDFA0028BCD0064630
:1054E8004FF00108B8E718F0D7F916F079FF002354
:1054F8007B73C3E710000021540C002138B51D4C04
:105508000E20236893F8BA1017F02EFC236893F83E
:1055180054309B0725D165683DB3284618F0D4F868
:10552800236893F8BA30033B012B94BF282000204E
:1055380018F068F92368681D93F8BA500DF08EF9D1
:10554800607348B1033D012D94BF5525502516F0D1
:105558002BFF284618F094F92368082283F8902036
:1055680038BD02F013FA0546D6E740F2035132205F
:10557800FBF7D4FB540C002110B50A4C0DF0A2FB2C
:10558800094A637B10701BB917F084FF032010BD14
:1055980018F082F916F024FF0023637317F07AFFDE
:1055A800032010BD540C00211000002170B52C4CB4
:1055B8000546236893F8BD205F2A2CD85109294A4B
:1055C800565C93F8BB0000F03F0017F051FD2368CC
:1055D80093F9580017F03CFDFDB1236832460120CD
:1055E800196F17F0D3FE2368314693F88230022BE7
:1055F8000CBF4020FF2017F0B7FB236893F8542016
:10560800920710D193F881306568A3B12846BDE8A8
:10561800704018F059B80026D3E7324673210120AC
:1056280017F0B4FEDFE702F0B1F92368054693F8F6
:105638008130002BEAD1681D0DF010F96073002845
:10564800E4D0033E012E94BF5524502416F0ACFE3E
:10565800204618F015F92846BDE8704018F034B80F
:10566800540C002164500301F0B52F4C83B006465A
:10567800236893F8BD205F2A30D851092B4A575C1C
:105688001A6F7ABB586F18F057F8256895F8543098
:105698009A0703D595F88220022A34D05B072ED4C6
:1056A800D5F88C001EBB02F0EFFC23680646D3F841
:1056B8008C0002F0EFFC024605F1860025683146B1
:1056C80095F8823095F8BA50009502F02FFE2268BE
:1056D800002382F8BA70A37303B0F0BD1A6F0027D5
:1056E800002ACFD00120FFF761FF2368CAE702F044
:1056F800DDFC014605F1860002F00EFEE7E795F8AD
:105708008230012BCCD1FB1E012B05D93946002054
:1057180018F06CF92568C3E795F85930012B14BFC8
:1057280039460321F3E700BF540C002164500301FC
:1057380010B50E4C637B8BB920680023012100F162
:10574800BB02A0F8BB3080F890108C30937002F048
:1057580035F92068BDE8104004F004B818F09CF84A
:1057680016F03EFE00236373E6E700BF540C0021E9
:1057780007292DE9F04F0D4687B004469146476842
:1057880003D12FB9002A00F0C180002F00F08A80D1
:10579800637CDFF8BC82012B45D0D8F8003093F841
:1057A800910008285CD00DF10F0104AA0DF010F843
:1057B800002800F0428104A99DF80F0022F0FAFCAD
:1057C8000746D8F8006096F8543013F0030072D1F9
:1057D800824613F0040386F892A040F0C2800021AC
:1057E8009C4B86F893101B6833B14946204698476E
:1057F80086F89400D8F80060636843B1627C86F844
:10580800A4201A68C6F89E209B88A6F8A23096F8AD
:105818009430002B00F01681072DA06800D1A8BB9A
:1058280007B0BDE8F08F7B7903F0C003402BB4D1FB
:10583800072D98F80D3000F0C280002BADD0D8F8B5
:10584800006021F040F8D8F8003086F8910093F80D
:1058580091000123082888F80C0088F80E30A2D19E
:105868006168607C22F0A6FCD8F8002007466168D1
:105878009132607C0CF0E2FE03460028A1D1D8F8F2
:105888000060A6F8920086F89400C5E796F8911093
:105898000829C5D0002BC3D00CF0D0FF012388F80D
:1058A8000F30BDE7DFF8A881D8F8006096F85430CB
:1058B80013F003008CD0062D96F84CA06ED9082D55
:1058C80071D896F892B08BF00101B9F1000F0CBFB6
:1058D800002101F00101002965D16268002A5DD12B
:1058E800B9F1000F40F091806278D00640F18D80C8
:1058F800012086F8920058077FF572AF96F84D1090
:1059080096F893A0D30671D5012169E7DFF84081A5
:10591800D8F8002092F8543013F0030118BF012181
:1059280013F0040382F8921005D00378A3F1010361
:10593800B3FA83F35B0982F8933092F88030002B36
:105948003FF46EAFD8F80030D86F503023F0AAFD7E
:1059580000287FF465AFD8F80030012283F894203E
:105968005EE7062D96F84D1004D800297FF438AF6D
:10597800394635E796F893A0082D3FF630AFBAF1CF
:10598800010F03D0B9F1000F7FF429AF6368002B32
:10599800EBD1B9F1000F29D16278B3E7BAF1000F62
:1059A80008BFBA4615E7002213F0040386F89220D0
:1059B8003FF415AF96F84D1096F893A0DCE7002B4E
:1059C8003FF4EBAEB9F1000F7FF439AFD8F80060BF
:1059D80096F8BA1001297FF434AF38460CF010FF5E
:1059E80088F80D0000283FF4D8AE28E7D6F88C00D8
:1059F800019102F049FB1AEA000702D10199B1B1FD
:105A08000F46D8F800603946EAE6D6F88C0002F06E
:105A18003BFB1BEA000B0ED1BAF1000F02D10CF0D0
:105A280007FE8246D8F8006096F85430D1E60CF0AC
:105A3800FFFD0746E5E7DA46F4E740F6A2313220F3
:105A4800FBF76CF9B6F89230003B18BF0123E3E688
:105A5800540C00216C00002110B5104C0DF032F9E7
:105A68000F4A637B10708BB920680023012100F175
:105A7800BB02A0F8BB3080F890108C30937001F016
:105A88009DFF2068BDE8104003F06CBE17F004FFCE
:105A980016F0A6FC00236373E6E700BF540C002150
:105AA8001000002110B5104C012120688C3001F045
:105AB800E9FF637B8BB920680023012100F1BB0259
:105AC800A0F8BB3080F890108C30937001F076FF0E
:105AD8002068BDE8104003F045BE17F0DDFE16F063
:105AE8007FFC00236373E6E7540C002110B5134CC8
:105AF8000DF0E8F8124A00212368107003F19A00AB
:105B080020F0CCFA637B8BB920680023012100F1D7
:105B1800BB02A0F8BB3080F890108C30937001F075
:105B28004DFF2068BDE8104003F01CBE17F0B4FE1E
:105B380016F056FC00236373E6E700BF540C0021FF
:105B48001000002110B5124C012120688C3001F0A2
:105B580099FF0DF0B7F80F4A637B10708BB9206876
:105B68000023012100F1BB02A0F8BB3080F890109F
:105B78008C30937001F022FF2068BDE8104003F0DC
:105B8800F1BD17F089FE16F02BFC00236373E6E7DE
:105B9800540C00211000002110B5154C012120687B
:105BA8008C3001F037FF0DF08DF802462068002197
:105BB800104B9A301A7020F071FA637B8BB9206809
:105BC8000023012100F1BB02A0F8BB3080F890103F
:105BD8008C30937001F0F2FE2068BDE8104003F0AD
:105BE800C1BD17F059FE16F0FBFB00236373E6E70F
:105BF800540C00211000002138B5164C05212068EE
:105C080002F0DCFD50B12368012093F8BA1017F0B8
:105C1800EDFE23680B2283F8902038BD637B8BB997
:105C280020680023012100F1BB02A0F8BB3080F8F6
:105C380090108C30937001F0C1FE2068BDE83840A8
:105C480003F090BD054617F027FE16F0C9FB6573F3
:105C5800E6E700BF540C002170B5244C236893F884
:105C6800BD205F2A28D85109214A565C1A6F3ABBD1
:105C7800586F17F061FD256895F854309A0703D5D9
:105C880095F88220022A20D05B0703D595F8823048
:105C9800012B1AD0D5F88C0002F008FA014605F15C
:105CA800860002F039FB23680021062283F8BA60D7
:105CB800A17383F8902070BD1A6F0026002AD7D0F0
:105CC8000120FFF773FC2368D2E7F31E012B05D9E7
:105CD8003146002017F08AFE2568DBE795F8593031
:105CE800012B14BF31460321F3E700BF540C0021F8
:105CF8006450030138B5174D00210320FFF788FAD7
:105D08000321286802F05AFD40B10121084617F026
:105D18006DFE2B68092283F8902038BD6B7B8BB908
:105D280028680023012100F1BB02A0F8BB3080F8ED
:105D380090108C30937001F041FE2868BDE838401F
:105D480003F010BD044617F0A7FD16F049FB6C736D
:105D5800E6E700BF540C002138B51C4C0C23012188
:105D6800206880F8903003F027FD00210520FFF718
:105D78004FFA0621206802F021FD58B1236801205E
:105D880093F8BA1017F032FE236801221B6D83F8CE
:105D9800A62038BD637B8BB920680023012100F160
:105DA800BB02A0F8BB3080F890108C30937001F0E3
:105DB80005FE2068BDE8384003F0D4BC054617F05E
:105DC8006BFD16F00DFB6573E6E700BF540C002170
:105DD800F0B52C4C83B0236893F8BD205F2A37D8E0
:105DE8005109294A575C1A6F002A35D1586F17F0A4
:105DF800A3FC256895F854309A0703D595F88220B6
:105E0800022A2ED05B0703D595F88230012B28D0C3
:105E1800D5F88C0002F038F923680646D3F88C00D0
:105E280002F038F9024605F186002568314695F8F2
:105E3800823095F8BA50009502F078FA236800216C
:105E4800052283F8BA70A17383F8902003B0F0BDDF
:105E58001A6F0027002AC9D00120FFF7A7FB236883
:105E6800C4E7FB1E012B05D93946002017F0BEFDFB
:105E78002568CDE795F85930012B14BF3946032121
:105E8800F3E700BF540C002164500301012910B549
:105E980015D1A0B91F4A136893F8901008292FD973
:105EA80093F890100C2930D893F8901092681A4BF8
:105EB80052680B44BDE8104052F823301847154C7F
:105EC800012120688C3001F0DDFD637B8BB92068EF
:105ED8000023012100F1BB02A0F8BB3080F890102C
:105EE8008C30937001F06AFD2068BDE8104003F023
:105EF80039BC17F0D1FC16F073FA00236373E6E798
:105F080041F28B413220FAF709FF41F28C413220ED
:105F1800FAF704FF540C0021F7FFFF3F30B5254D79
:105F280083B02B68D3F88C0001F01AFD00283CD010
:105F380004460A232868002180F8903003F03CFCCE
:105F48002A6823780520126D92F8A64004EA5314B3
:105F580004F001042146FFF75BF90421286802F0E8
:105F68002DFC28B12B681B6D83F8A64003B030BD0B
:105F78006B7B93B928680023012100F1BB02A0F8CC
:105F8800BB3080F890108C30937001F017FD2868B2
:105F980003B0BDE8304003F0E5BB019017F07CFC8E
:105FA80016F01EFA01986873E4E740F25B5132205C
:105FB800FAF7B4FE540C0021F0B55D4C83B02068AC
:105FC8008C3001F0FBFC256801F09AFC2368C5F8C9
:105FD8008C00D3F88C00002800F0A58001F0C0FCEC
:105FE8000546002800F09A80236893F8B030002B0B
:105FF80058D1206890F8983090F89020034493F88E
:10600800BE7080F8BA701AB190F89030012B62D146
:1060180090F89920474B1344187917F029F823680A
:1060280093F89820134493F8BE60022E51D032D9C9
:10603800F31E012B31D801F05DFC314616F094FEB9
:10604800284617F041FB3146012017F01FF8012FB1
:1060580037D0681D0CF002FC607348B1033F012F74
:1060680094BF5525502516F09FF9284617F008FCCF
:106078000022236808210320E2812274217383F817
:106088009110A3F8922083F8942083F8812083F854
:10609800900003B0F0BD012ECDD040F2EB7132205C
:1060A800FAF73CFE236893F8542093F8B100196D71
:1060B8000243C3F83C1183F85420002283F8B0202F
:1060C80097E7E81C0CF0CAFB60730028D0D0402585
:1060D800C9E70D20B1E7002102F070FB08B1206884
:1060E80096E7637B93B920680023012100F1BB0286
:1060F800A0F8BB3080F890108C30937001F05EFCF3
:10610800206803B0BDE8F04003F02CBB019017F005
:10611800C3FB16F065F901986073E4E740F24E415D
:106128003220FAF7FBFD40F24C413220FAF7F6FD37
:10613800540C00216450030108B50CF0C3FD044B56
:10614800187017F0A7F9BDE80840FFF735BF00BF82
:106158001000002110B50C4C0CF0B4FD0B4A637B09
:1061680010702BB917F096F9BDE81040FFF724BF5F
:1061780017F092FB16F034F90023637317F08AF9CD
:10618800BDE81040FFF718BF540C00211000002193
:1061980010B50F4C637BA3B961680020FEF7BAF90C
:1061A8000221206803F008FB20688C3001F006FC0F
:1061B80023680022A3F8BB2083F8BD2083F8902031
:1061C80010BD17F069FB16F00BF900236373E3E7C2
:1061D800540C002138B50446FEF700FD237A032B42
:1061E80063D0012B6AD051D84E4C4F49226892F89F
:1061F800993092F84B000133A1FB035C0CF4FF7556
:1062080005EB5C055B1B40FA03FCDDB21CF0010FDB
:1062180016D10133A1FB035C2CF0010505EB5C05ED
:106228005B1B40FA03FCDDB21CF0010F08D10133FF
:10623800A1FB035121F0010505EB51015B1ADDB209
:1062480082F8995092F9580016F002FF236800224C
:1062580083F88120FFF7B0FE256895F84830A3B190
:106268006FF00043D5E92A129A4208BFB1F1FF3F07
:106278000BD019F029F8D5E92A23904271EB0303D2
:1062880003D301200CF088FB18BB38BD023B012B5F
:10629800FBD8244C236893F8810090B9FFF7E4F900
:1062A8002368052283F8902038BD1E4B1B68186FA1
:1062B80090BBFFF77BF9237A012B94D1194C226804
:1062C800C0E70120FFF7D0F92368062283F8902061
:1062D80038BD25680CF076FA044618F0F5FF63011E
:1062E800E20E1B1B62F10002520242EAD3525B0229
:1062F8001B1942F1000C9A014FEA8C1ED21A4EEA81
:10630800936E6EEB0C0C13194CF100021B1842EB48
:106318000101C5E92A3138BD40F629113220FAF7C2
:10632800FDFC00BF540C0021ABAAAAAA2DE9F0413C
:10633800B34F86B03D6895F857305BB195F8923009
:10634800064663B13478012C14D0022C00F0DF80AB
:10635800002C57D00324204606B0BDE8F08195F8FC
:106368009320002AEED195F89420002AF2D03478B0
:10637800012CEAD195F8BA30022B737800F0FD8031
:1063880003F01803182BE5D195F85430590700F19C
:10639800FA809A0719D09B4A92F900307F2B00F0B7
:1063A800738102937F213B7B05F18C0001930023CD
:1063B800039395F8BA30009305F142031170FF2258
:1063C800314601F0DDFB0028C4D0B1690120FEF799
:1063D8007FFC0028BED001233A6882F882307369B6
:1063E800002B00F0E38059780224C1F3031182F8EE
:1063F800831059781B7801F00F0143EA0123A2F8B2
:106408008430A8E795F854209007A3D01BB995F8D5
:106418009430002B9ED0737813F0100FC3F300153F
:1064280014BF0822012232EA030393D10023B26881
:106438008DF815308DF816308DF81730002A00F0D9
:10644800E3800DF117030DF116010DF11502304629
:10645800FEF74EFE39689DF8153091F84180002B03
:1064680040F0FF804231B368B27C404620F0E7F943
:1064780090B93B6893F85530023B012B3FF66AAF61
:106488009DF81630002B3FF465AF9DF81530002BB2
:106498007FF460AF4FF0FE08002D00F0B880594B34
:1064A80093F900207F2A00F0EF8038680024397BB8
:1064B800029242460191039490F8BA1000917F210C
:1064C800197000F1420331468C3001F059FB002865
:1064D8003FF440AFB1690120FEF7FAFB00283FF412
:1064E80039AF3B6883F882407269002A00F0C780A0
:1064F80051780224C1F3031183F88310517812787C
:1065080001F00F0142EA0122A3F8842023E795F85D
:1065180054309B073FF41EAF737803F01803182B11
:106528007FF418AF374B93F900207F2A00F0AC8036
:10653800029205F18C003A7B3146019200220392C7
:1065480095F8BA2000927F221A7005F14203FF22C3
:1065580001F016FB00283FF4FDAEB1690120FEF7FB
:10656800B7FB00283FF4F6AE3A6882F882407369B8
:10657800002B00F08080597837E703F01903192BB6
:106588003FF402AFE6E67368E3B9B368002B7FF423
:10659800E1AEB3699B7813F0E0030CD195F849306C
:1065A800002B3FF4D7AE95F85430F2E6FF230224CF
:1065B80082F88330CFE6402BF5D195F84A30002B8E
:1065C800F1D1C7E605F15B0395F85A2005F19E0164
:1065D80095F8A40020F033F93D6895F89130082B20
:1065E80003D095F84E209A423ED095F85630012BAC
:1065F800CBD0002B7FF4AEAE00283FF4ABAEC4E79F
:10660800540C0021100000214FF0FF0844E71F4AF6
:1066180092F900307F2B37D038687F21117090F8BD
:106628009020032A05D090F89020062A0CBF032456
:10663800012442463146CDE902343B7B019390F870
:10664800BA30009300F142038C3001F099FA002827
:106658003FF480AE3868012103248C3001F0DAF968
:1066680079E648F0020817E795F85630012B8CD0E8
:10667800002B8AD06EE6FF2382F883306BE6FF2278
:10668800022483F8832066E6FDF7FEFF1000002150
:1066980030B505468BB00CF015FB414B2C78024603
:1066A8006946284604F00F041A7001F0A9FD3D4D13
:1066B800072C51D02B6893F8542012F0060210D101
:1066C80021466846FFF754F82B6893F8BA30042B34
:1066D8001BD8022B1ED903246B7B6BBB20460BB047
:1066E80030BD93F89820134493F8BE20012A52D065
:1066F800002221466846FFF73BF82B6893F8BA302A
:10670800012B0CD0023B022BE5D941F23321322078
:10671800FAF704FB012B02D0022BDCD0F5E7062C9C
:1067280002D012D8022C32D821466846FEF706F865
:106738006B7B0446002BD1D017F0AEF815F050FE55
:10674800002320466B730BB030BD072C1FD1684661
:10675800FFF7ECFD0446BFE72B68684693F8BA10CC
:1067680001F08AFD002221466846FFF701F82B68F0
:1067780093F8BA30042BC8D8022BE8D8012BE6D0FE
:10678800022BC2D19DF80030012BA4D1DFE70324EE
:1067980016F080FEA0E79621002016F035FEA7E748
:1067A80010000021540C00212DE9F04391B0A64CB3
:1067B8000D4606A901F024FD206806A9863001F0DF
:1067C800DFFD20689DF8182090F882309A4205D1A4
:1067D800032D18D09DF81930190754D401258C3091
:1067E800294601F04FF9637B1BB9284611B0BDE873
:1067F800F08317F051F815F0F3FD00232846637372
:1068080011B0BDE8F08390F88330FF2BE2D106A8E1
:106818002A460721FEF7ACFF2068B0F8923013B97A
:1068280090F894304BB30023089E8DF815308DF8FE
:1068380016308DF81730BEB306A80DF117030DF109
:1068480015020DF11601FEF753FC20689DF815801E
:1068580090F84170B8F1000F01D047F002079DF899
:1068680018509DF81690012D9DF8176023D0022D21
:1068780000F09180002D00F0978001218C300D46AA
:1068880001F000F9AFE70B9A90F883105378B1EB59
:10689800131FA3D1127803F00F0342EA0323B0F8C1
:1068A800842093429AD1B2E79DF81850B146B04679
:1068B800FF27012DDBD19DF8193090F8861003F0E1
:1068C8000902092A03D000296CD01A076AD590F862
:1068D80054305B071AD590F89330BBB1002900F00B
:1068E8002381089B002B00F01781B8F1000F40F0BE
:1068F80013815EB100F142019DF82A2090F8410011
:106908001FF09DFF002840F00681206890F8923023
:10691800002B47D090F854309E0743D09DF819308B
:1069280013F0020300F0D380B8F1000F0AD100F190
:106938004201089B9DF82A2090F841001FF07FFF34
:10694800002860D0414A92F900307F2B00F0A181E5
:1069580020687F21117090F89020032A00F0398177
:1069680090F89020062A0CBF0322012206A9CDE93F
:106978000232237B3A46019390F8BA30009300F133
:1069880042038C3001F0FCF860B1206801218C30A2
:1069980001F040F827E790F854309A0702D090F8B1
:1069A8009220E2B901251EE790F854309D07F9D0EE
:1069B8009DF81930990735D4FF2790F8943033B1F2
:1069C800234B1B681BB10D9808B10F99984739469E
:1069D80006A8FEF7BFF90028E4D0022503E79DF8D2
:1069E800192002F009010929DCD113F0020531D080
:1069F80012F0020100F0C680B8F1000F40F01A81D1
:106A0800002E40F00B81236893F85530023B012B90
:106A1800C8D8B9F1000FC5D0FE2106A80125FEF798
:106A28001FF9E0E6B8F1000FC7D100F14201089B59
:106A38009DF82A2090F841001FF001FF002800F07F
:106A480094802068B9E700BF540C00211000002191
:106A58000001002112F0020200F0BD80B8F1000F21
:106A68000AD100F14201089B9DF82A2090F84100C4
:106A78001FF0E5FE0028C6D0874A92F900307F2B28
:106A880000F0078120687F21117090F89020032A78
:106A980005D090F89020062A0CBF032501253A4618
:106AA80006A9CDE90235237B019390F8BA3000930B
:106AB80000F142038C3001F063F800283FF472AF14
:106AC800206801218C300D4600F0A4FF8BE6724946
:106AD80091F900207F2A00F0DC807F260E7090F864
:106AE8009010032905D090F89030062B0CBF032393
:106AF800012306A9CDE90223237BFF22019390F805
:106B0800BA30009300F142038C3001F039F80028C4
:106B18003FF448AF39E720689A301FF0E1FA0028BF
:106B28003FF4F3AE0C255EE600F15B0390F85A20C3
:106B380000F19E0190F8A4001FF081FE0346206832
:106B480090F89120082A04D090F84E10914200F055
:106B5800978090F85620012A3FF4C3AE002A7FF4AC
:106B6800D5AE002B3FF4D2AEBBE6206890F8553086
:106B7800023B012B3FF616AFB9F1000F3FF412AFFD
:106B8800FE271AE7444B93F900507F2D00F08180CF
:106B98007F2203201A70FEF73BFB01232068029531
:106BA8003A46039306A9237B019390F8BA300093E1
:106BB80000F142038C3000F0E3FF00283FF4F2AE0E
:106BC80020689A301FF08CFA00283FF479AF0B2523
:106BD80009E60022CAE6304991F900307F2B58D0E7
:106BE8007F250D7090F89010032905D090F890201B
:106BF800062A0CBF03220122039206A9227B0293D4
:106C080000F1420301928C3090F82E200092FF226E
:106C180000F0B6FF00283FF4C5AE51E700F142018D
:106C2800089B9DF82A2090F841001FF008FE0028D4
:106C38003FF4E9AE184B93F900507F2D29D07F22FD
:106C4800002103201A70FEF7E3FA01232068029559
:106C58003A46039306A9237B019390F8BA30009330
:106C680000F142038C3000F08BFF00283FF49AAE0D
:106C780020689A301FF034FA00283FF493AEA6E754
:106C880090F85630012B3FF42CAE002B3FF429AE80
:106C98003CE6FDF7F9FC00BF1000002110B50446E2
:106CA8000CF010F80A4A2378107003F00F03072B32
:106CB80005D120460121BDE81040FFF775BD054B01
:106CC800012118688C3000F0DDFE012010BD00BFE6
:106CD80010000021540C002110B504460BF0F2FFFF
:106CE8000A4A2378107003F00F03072B05D12046BA
:106CF8000321BDE81040FFF757BD054B0121186877
:106D08008C3000F0BFFE012010BD00BF1000002134
:106D1800540C002190F83E00003818BF012070473D
:106D2800007A003818BF0120704700BF036D10B506
:106D380083B10222FF21044642721A884FF6FF737C
:106D480080F8271003850649428120F03FFD002383
:106D5800236510BD40F257313220F9F7DFFF00BF3D
:106D6800194200012DE9F843012107460020FAF7EE
:106D780069FE012104460846FAF764FE05462046E6
:106D880001F084FC02E094F890301BB194F8903044
:106D9800012BF8D1002D41D0284601F077FC02E004
:106DA80095F890301BB195F89030012BF8D100F090
:106DB80095FD002140F201194FF007080E463F22C9
:106DC80020461BF0FBFB04F16400A4F84C9084F807
:106DD800546084F8996084F8587084F84B801FF0E8
:106DE8001DFD3F2231462846E6661BF0E7FB05F10C
:106DF8006400A5F84C9085F8546085F8996085F88A
:106E0800587085F84B801FF009FDEE66002384F862
:106E18008030E36784F8B030BDE8F88300F05EFDA9
:106E28003F22294620461BF0C9FB40F201120723E6
:106E380004F1640084F85450A4F84C2084F8995064
:106E480084F8587084F84B301FF0E8FCE566DDE7FD
:106E5800F8B503461C4E0F46002001217360FAF76F
:106E6800B3FD38B34FF4A472002104461BF0A6FB0F
:106E780001210846FAF7A8FD054688B14FF4A47227
:106E880000211BF09BFBB368CBB13846FFF76AFFC4
:106E9800204601F0DDFB2846BDE8F84001F0D8BBEC
:106EA800B36863B13846FFF75DFF2046BDE8F84098
:106EB80001F0CEBB40F67F013220F9F72FFF40F6F4
:106EC80089013220F9F72AFF540C0021014B024AAC
:106ED8009A607047540C00210401002103490448BA
:106EE800044B054A08601A60704700BF0001002182
:106EF800F94F00016C000021B14E0001036823B175
:106F0800054A916813600B68184740F65311322000
:106F180010B5F9F703FF00BF540C002110B5104C51
:106F2800012120688C3000F0ADFD637B8BB92068AF
:106F38000023012100F1BB02A0F8BB3080F89010BB
:106F48008C30937000F03AFD2068BDE8104002F0E4
:106F580009BC16F0A1FC15F043FA00236373E6E7B9
:106F6800540C002180F84B10704700BF11F001034A
:106F78001FD04FF0010C0222634680F8BEC011F00A
:106F8800020F0ED000EB030C490700B54FF0020EBC
:106F98008CF8BEE003D51044042380F8BE305DF8B9
:106FA80004FB4A0704D51844042380F8BE30704710
:106FB80070470122E3E700BF80F85710704700BF11
:106FC80038B5054690F84000A0F1020CBCF1010F5D
:106FD80098BF00290CBF0124002408D010F0FD0F31
:106FE800BDE8384014BF012000200BF0A3B912F00F
:106FF800FD0F194614BF012000201FF05AFC082875
:1070080001D0204638BD95F84000E7E790F84030B9
:1070180013F0FD0F14BF012000200BF08BB900BF47
:1070280090F8B0303BBB10B5044603F0FF0094F86D
:107038005430022B07D0012B08BF04290CBF0120B4
:10704800002002D010BD0429FCD1D4F83C31A3B9EA
:10705800236DBBB103F074F9216D04F5887001F05C
:1070680015FC03F073F9042384F8B130FF2384F886
:10707800B030012010BD0020704740F6D1113220F9
:10708800F9F74CFE40F6D2113220F9F747FE00BF5F
:1070980080F84010704700BF38B590F8403004467B
:1070A80000F1420113F0FD0F14BF0120002084F805
:1070B80041000BF027F994F84030023BDBB2012B7A
:1070C80094BF0123002384F8483000D938BD0BF061
:1070D80079FB054618F0F8F86B01EA0E5B1B62F1C4
:1070E8000002520242EAD3525B025B1942F1000CE1
:1070F8009A014FEA8C1ED21A4EEA936E6EEB0C0C74
:1071080053194CF100021B184FF0000042EB01012B
:10711800C4E92A310BF040FC0028D7D140F6F6111B
:107128003220F9F7FBFD00BFB1F1000C4FF0080168
:1071380010B504460CBF0120002084F856C084F81E
:107148004D0084F84E1009D112F0FD0F194614BFF6
:10715800012000201FF0ADFB84F84E0010BD00BFD9
:1071680008B5A2B180F85A10D2F800C0036DC0F873
:107178005BC090F841109288A0F85F205972D0F84F
:107188004220C3F80A20B0F84620DA8108BD40F64C
:1071980014213220F9F7C2FD80F84910704700BF6A
:1071A80080F84A10704700BF2DE9F041D0F8E85048
:1071B8009DF81840954203D190F840208A4202D0A9
:1071C8000020BDE8F08114F0020190F8425126D069
:1071D8000026B4463146324612E04EEA010100EB81
:1071E800820253F82C700CF1010E0136D2F8EC2013
:1071F8005FFA8EFC7632BA42E2D1F2B295422CD3D3
:1072080000EB020E0CF101089EF8BEE0AEF1030798
:10721800012FE2D841F004015FFA88FCDFE78E46CF
:107228000A4601E0954218D386180EF1010E96F829
:10723800BE60F71E012F53F8227088BF314300EB60
:10724800820698BF41F004015FFA8EF2D6F8EC602E
:1072580006F1760C6745E5D0B2E704F00500401A60
:10726800B0FA80F04009BDE8F08100BF90F85430D2
:10727800024659070DD413F0030000D1704792F865
:10728800550000F0FD00A0F10100B0FA80F04009BF
:10729800704790F85600A0F10100B0FA80F040095C
:1072A800704700BF012930B5044683B00CD094F86C
:1072B80054309B0718D10023A4F8BB3084F8BD30A4
:1072C80084F8903003B030BD0A4D6B7B002BEED0B4
:1072D800019116F0E1FA15F083F8002301996B7318
:1072E80094F854309B07E6D004F18C0000F0CAFBF8
:1072F800E1E700BF540C00219A301EF0FABE00BF2F
:107308000149363020F065BADD41000110B5012190
:1073180004460020FAF796FB78B3637880F8543077
:10732800227812F0010323D1012112F0020F05D0B7
:1073380000EB030C0B4602218CF8BE10520703D554
:107348000344042283F8BE20A37880F84030E37811
:1073580013F0FD0F80F855300CBF0123002380F88F
:107368004C30237980F84B30637980F8573010BD62
:107378000123022180F8BE30D7E740F6AB21322046
:10738800F9F7CCFC10B590F89030022B0BD10446DD
:107398008C3000F077FB0023A4F8BB3084F8BD30B4
:1073A80084F8903010BD40F6D7213220F9F7B6FCAA
:1073B80008B5002364301A4619460AF0E7FE00288B
:1073C8000CBF0C20002008BD10B501210446002088
:1073D800FAF738FB60B1034690F8802002F0FF000E
:1073E80022B9DC67FF2283F8802010BD0C2010BD75
:1073F80040F60C313220F9F791FC00BF08B50121A5
:107408000020FAF71FFB18B1002380F8803008BD70
:1074180040F61D313220F9F781FC00BF38B5012153
:107428000020FAF70FFBD0B1044690F880309BB1EA
:10743800002380F88030C06F0121503022F0EDF831
:10744800E36F93F8443003F0FF052BB9E06F12F0B7
:1074580047FE2846E56738BD0C25284638BD40F666
:1074680024313220F9F75AFC08B501210020FAF737
:10747800E9FA28B190F88000003818BF012008BD4B
:1074880040F647313220F9F749FC00BF2DE9F043B7
:1074980004468DB00D4600200121FAF7D3FA0028E2
:1074A80000F0F8810646C83001F00CF9002847D0F2
:1074B80096F85430042B43D0666A002E00F03781CA
:1074C800B34F07F10C039E4262D007F108039E42B6
:1074D8005ED006F137090AF0D3FD074602A94846EF
:1074E80000F08EFE002F40F02E81E37A05F11C009B
:1074F800DB0600F12E81002E00F0B5809DF80830E3
:10750800022B00F0B080014694F82E30E522484660
:107518001FF0DCFD94F82E3080464846434484F83A
:107528002E301FF0CBFD94F82E30181AB0FA80F0E8
:107538004009002F32D108F11803954FDBB29AE0C9
:107548003046FFF7E7FB0028B6D1914F07F1080551
:1075580007F10C060023626A002A00F00681616ABE
:107568000A68A94262620B704B708B70CB70F2D0C4
:10757800B142F0D038681CF086F8EFF3108272B68A
:107588003B790133DBB23B71002AE3D162B6E1E714
:107598000AF076FD00286AD04FF00008E37AD90691
:1075A80040F181815A0703D5E37EFE2B00F04A8122
:1075B800032108F10A032970A27A02FB03F3EA7097
:1075C80002336B70637B6B71D4F80E30C5F80630EC
:1075D800638A85F80C80A8446B81237E88F80D3077
:1075E800E37A13F0080700F00C81DFF8A881042380
:1075F800674F46452B715FD12B79022262F3461300
:10760800626A2B716AB1EFF3108272B6636A196805
:107618006162002A00F0A78000221A705A709A70DE
:10762800DA70A4F1080138681CF02DF8EFF3108225
:1076380072B63B790133DBB23B71002A00F09180CE
:1076480002264FF004088DF804808DF805609DF837
:10765800042000209DF8053062F3070063F30F2033
:107668000DB0BDE8F083002F40F01D81484F18236E
:107678004FF00008012004222A70A27A02FB03F3CB
:10768800EA7002336B70D4F80B20D4F80F30D4F8BA
:1076980013C0D4F817106A60AB60C5F80CC0296134
:1076A800D4F81B20D4F81F306A61AB6185F81B80C1
:1076B800DFF8E08046459FD008F104094E456BD0BD
:1076C800002E00F0908050B3636A63B1EFF310822C
:1076D80072B6636A1968616202B962B600221A70EA
:1076E8005A709A70DA70314638681BF0CCFFEFF3A5
:1076F800108272B63B790133DBB23B7102B962B6D4
:10770800636A0022434584F82E203FF475AF4B4549
:1077180000F0B4809DF80830022B00F088802B79A7
:1077280001264FF0040866F346132B718BE704F12A
:107738002F090AF0A5FC074602A9484600F060FD9B
:10774800002F3FF4D2AEE37A05F10D00DB067FF59A
:10775800D2AE9DF81880059942461AF0B9FE01206C
:10776800E7E662B66CE762B656E7A4F10801386846
:107778001BF089FFEFF3108272B63B790133DBB25D
:107788003B7102B962B64FF40073ADF804305EE79E
:10779800680C0021700C0021636A63B1EFF310825A
:1077A80072B6636A1968616202B962B600221A7019
:1077B8005A709A70DA70637D93BB2A794FF0040887
:1077C80063F346122A71A4F1080138681BF05BFFC5
:1077D800EFF3108272B63B790133DBB23B71EAB941
:1077E80062B602262FE794F80B8018F010083FF4D1
:1077F8002AAF2B79A4F10801386866F346132B7178
:1078080012E703F00302032A19D05B070BD4022AFC
:107818003DD0002A43D1264F297149E7022612E7B5
:107828004FF00008CFE70123214F2B7140E72B7958
:1078380001264FF0040823F068032B7103E72F712A
:107848001B4F35E711221A4F2A70A27AEA701201EB
:1078580002326A7001222A71627B6A71D4F80E20A2
:10786800C5F80620628A2B736A81E369C5F80D3072
:10787800238CA5F81130237EEB7419E72B7962F37A
:107888004613626A2B71002A7FF4BDAEC9E6084F21
:107898002A710DE740F2C1113320F9F73FFA9A2116
:1078A8003320F9F73BFA53213320F9F737FA00BFB1
:1078B800680C0021303270B5054692B20C461E465F
:1078C8001BF0A9FE35B1044A0023156014745674E0
:1078D8001471536170BD00BF680C002110B5044CD1
:1078E80020681BF0BAFE0022237C6261237110BD60
:1078F800680C0021014B587C704700BF680C0021C0
:10790800F8B5164D6E69F6B928681BF0ACFE04464A
:107918006861E8B12B7900F1080731463022013B54
:107928003846DBB22B711AF049FEE37C0120FF22B6
:1079380047F6FF7160F346133846E183627584F8B1
:107948002320E374F8BD40F23F113320F9F7E6F93C
:107958004FF4A1713320F9F7E1F900BF680C002159
:1079680008B5094B5B6933B103F10802904206D1AF
:1079780003F1370008BD3D213320F9F7CFF94FF463
:10798800AA713320F9F7CAF9680C002110B50A4C1E
:10799800606908B1373010BD20681BF064FE606173
:1079A80028B123793730013BDBB2237110BD40F297
:1079B8005F113320F9F7B2F9680C002138B5114C82
:1079C8000546616969B101F1080302689A4215D058
:1079D80020681BF058FE2379002201336261DBB274
:1079E8002371296849B1083920681BF04CFE2379B6
:1079F800002201332A60DBB2237138BD0023036003
:107A0800E6E700BF680C0021014B00225A6170476D
:107A1800680C002170B5056804460E468DB11749FB
:107A280028461FF0DFFE164B0022DA60EFF31082C3
:107A380072B6696A0C33E9B1A96A0B60AB6202B924
:107A480062B6012E02D00023236070BD0C4D696917
:107A580059B101F1080322689A4206D028681BF040
:107A680012FE2B790133DBB22B7100236B610023EB
:107A7800236070BD6B62AB62E1E700BF95740001E3
:107A8800680C00210129F8B50D4604463ED003686C
:107A9800002B2AD0364E5F7D47B30022B260EFF349
:107AA800108172B65A6A002A4DD0986A314A02602B
:107AB8009A6201B962B627688FB12F4938461FF01C
:107AC80091FE0023F360EFF3108272B67B6A002BFD
:107AD80031D0B96A294B0B60BB6202B962B6012D7D
:107AE80035D00023012D23600DD0F8BDA3F1080186
:107AF80030681BF0C8FD3379012D276003F10103BD
:107B0800DBB23371F1D100237361F8BD184E0268FE
:107B18007169A1B101F108039A4207D030681BF0DE
:107B2800B2FD327923680132D2B232710022726119
:107B3800002BB0D1E7E7114B7B62BB62CDE7134660
:107B4800002BA8D1DFE70B4A5A629A62B1E7716944
:107B580059B101F1080322689A4206D030681BF037
:107B680092FD33790133DBB2337100237361B8E7D7
:107B7800680C0021700C002195740001740C002120
:107B88002DE9F84F04680D469A469DF828109DF88F
:107B98002C309DF930E09DF83490002C00F01E81C7
:107BA800A14E904607463279002A00F0AF80D6F8F9
:107BB80014C0BCF1000F00F025818CF81190EA6820
:107BC8004AB195F810B0A28D5A4440F2726B5A45EA
:107BD80000F3D980A2850122013984F818E0C9B2DE
:107BE800A272B9F1000F00F0C380032900F20E81E0
:107BF8008E4A525C62756A691AB15278C2F30312EE
:107C0800A275EA6912B15288A4F8192095F800B053
:107C1800E17AABF10102A868B2FA82F2520962F382
:107C28000001BBFA8BF2C1F3400E5209BBF1020FFF
:107C380008BF4EF0010E6EF3410102EA510262F3F1
:107C4800C301E17218B1CAB242F00402E2722A6AB0
:107C580012B192F90020E2756A689AB1082B04F112
:107C68000E0200F0A580184604F10D010AF0B0FDDF
:107C7800002800F0D080637BD6F814C043F00203DC
:107C88006373A86860B1A8F1020304F11C02012B18
:107C980040F287800368E3618388938084F81B80BF
:107CA800B9F1000F17D000238CF800308CF80130A0
:107CB8008CF802308CF80330636A002B00F0828065
:107CC800A36AC3F800C0C4F828C0594920461FF069
:107CD80089FDD6F814C0AA6982B19378527803F066
:107CE8001F0352EA032309D1B360636A002B71D0E2
:107CF800A26A504B1360A36200233B60BCF1000FE3
:107D080071D0002301207361BDE8F88FB9F1030F2A
:107D180007D8DFE809F00E0E33020121FFF7B2FEA3
:107D28003C68002C69D17369002B61D10020BDE843
:107D3800F88F716979B101F108039C4247D0306826
:107D48001BF0A1FC337900223C6801337261DBB27D
:107D58003371002CEAD0A4F1080130681BF093FCC1
:107D680032790021736901323960D2B23271DBE7AE
:107D780003294BD82D4A525C22753CE70121FFF7B5
:107D880049FE3C68CDE70121FFF77CFE7369002BB3
:107D980045D13B68002BC9D040F247313320F8F772
:107DA800BDFFDAF80030E361BAF80430938075E774
:107DB8006B7C63736B681968C4F80E109B8893809A
:107DC800A8685FE7C4F824C0C4F828C07DE700238A
:107DD8000360B4E7174B6362A3628DE74FF4427107
:107DE8003320F8F79BFF40F2A1113320F8F796FFF4
:107DF8004FF44A713320F8F791FF40F227313320CE
:107E0800F8F78CFF3D213320F8F788FF40F217314F
:107E18000620F8F783FFB9213320F8F77FFF40F2F7
:107E280046313320F8F77AFF680C00216C500301C3
:107E380095740001700C00212DE9F843524E0F464D
:107E4800002504683179984605609DF820909DF8D2
:107E580024009DF9283081B9A4F1080130681BF08D
:107E680012FC33790133DBB233717369002B00F0F4
:107E7800818000237361BDE8F8830121C4F80950AB
:107E8800C4F80D50C4F81150C4F81550C4F819506E
:107E9800C4F81D50A4F82150A172062A65D8DFE85D
:107EA80002F02A3138643D640400E27A22F01202BA
:107EB80042F01202E27223760123082804F10E022E
:107EC800237547F6FF73E3822FD004F10D010AF002
:107ED8007FFC002853D0637B43F002036373E37A8B
:107EE8005B072DD4FF23E37600232372274920461E
:107EF8001FF06FFCB9E7E27A22F0130242F0130296
:107F0800E272D8E7E27A22F0150242F01502E27234
:107F1800D1E7E27A42F01002E272CCE7E27A22F08C
:107F28001A0242F01A02E272C5E77B7C63737B682F
:107F38001968C4F80E109B889380E37A5B07D1D543
:107F4800A9F1020304F11C02012B07D9BB681968C7
:107F5800E1619B88938084F81B90C5E7D8F80030CE
:107F6800E361B8F804309380F5E740F21941332013
:107F7800F8F7D4FE40F2A1113320F8F7CFFEB9216B
:107F88003320F8F7CBFE00BF680C00219574000180
:107F9800F8B53B4E84460025104632790F46DCF88A
:107FA80000409DF91810CCF8005072B9A4F10801EE
:107FB80030681BF068FB33790133DBB233717369C6
:107FC800002B53D000237361F8BDC4F8095008286A
:107FD8006289C4F81550217641F6012122F4DF5256
:107FE800C4F8115041EA032141F6FF3322F01F0281
:107FF800C4F80D5003EA0103C4F81950C4F81D5021
:1080080043EA0203A4F8215004F10E0263814FF001
:108018000103237547F6FF73E38214D004F10D01C1
:108028000AF0D6FB38B3637B43F002036373E37A49
:108038005B0713D4FF23E3760023237211492046FC
:108048001FF0C7FBBBE77B7C63737B681968C4F8C8
:108058000E109B889380E37A5B07EBD5BB68FF2201
:108068001968E1619B88E2762384E5E740F2A11173
:108078003320F8F753FEB9213320F8F74FFE00BF3D
:10808800680C00219574000118B1407BFF3818BFB7
:108098000120704720B1C07EFF3818BF012070470B
:1080A80040F27141332008B5F8F738FE20B1807DE1
:1080B800FF3818BF0120704740F27941332008B5D6
:1080C800F8F72CFE70B50C46164605461EF064FE01
:1080D8000346284663741EF06AFEA074062E13D861
:1080E800DFE806F004190412041204000023012139
:1080F800EA1C6170C4E901236B78063BDBB2237488
:108108003BB10935E56070BD002363702374C4E991
:108118000133E36070BD032100236A1809356170DB
:108128002374E360C4E9012570BD00BF70B50C4637
:10813800C17811F03F015CD005461EF02DFE0346C4
:10814800284663741EF033FEA0742B796370E878B8
:10815800830923702B7913F0010641D14FF0050CE8
:108168004FF00B0E624613F00201666002D005EB79
:108178000C017246A160590701D50132D2B213F041
:10818800080102D0961CA918F2B2616113F010011F
:1081980002D0D61CA918F2B2A16113F0200103D0B5
:1081A80002F11206A918F2B213F04003E16102D0FD
:1081B800AB180132D2B200F03F002362011D891AC8
:1081C80011F0FF0114BFAB180B4663626B78013BDB
:1081D8001B1ADBB2237453B10A441544E56070BD21
:1081E8004FF00B0C6E1D4FF0110E6246BBE7E360BB
:1081F80070BD20462822BDE870401AF0DFB900BFE4
:1082080070B5067806F00F06072E26D00C460546F0
:108218001EF0C2FD0346284663741EF0C8FDA07414
:10822800062E13D8DFE806F0041D04120412040019
:1082380000230121EA1C6170C4E901236B78063B25
:10824800DBB223743BB10935E56070BD0023637070
:108258002374C4E90133E36070BDBDE87040FFF7E3
:1082680065BF032100236A18093561702374E36030
:10827800C4E9012570BD00BF0378012B2FD0022B64
:1082880023D00339C9B2A3B1012908D94278002300
:108298006FF34512C3610374C3604270704743783B
:1082A800DA06F3D5437800226FF38613026243702F
:1082B800ECE7012923D94378DB06E7D44378002289
:1082C8006FF3C30342614370DEE74378002203394A
:1082D80023F003034260C9B282604370D4E7427856
:1082E800002302296FF3410283604270CED0D2B2DC
:1082F8000339436063F30002C9B24270C4E74278AD
:1083080012F0100FDAD022F00302C0E90133D306CD
:108318004270C7D4D2E700BF01230022594003703E
:1083280043700371C27042718170704710B4012BA1
:10833800124C9DF804C0C0F8024004D0022B17D09C
:1083480083B110BC7047ACF1020C4FF0000310BCB5
:10835800BCFA8CFC4FEA5C1C6CF307036CF30F232C
:108368000380704710BC017042700371C37070477E
:108378000022012310BC02804371704700010100F4
:1083880003782BB14B7800226FF300034A604B70DF
:1083980043782BB14B7800226FF341038A604B700E
:1083A80003792BB14B7800226FF34513CA614B70E8
:1083B80083782BB14B7800226FF3C3034A614B706B
:1083C800C3782BB14B7800226FF304138A614B708A
:1083D800437913B100230B74CB60704743780022B4
:1083E80023F022038260C26143707047042816D0CC
:1083F80003280DD0022840F2762240F2464340F688
:10840800480004BF13464FF48560184496307047FF
:1084180040F6A22341F2BE1018449630704741F648
:10842800067344F2902018449630704740F2A63103
:10843800212008B5F8F772FC70B50446FF2380F8D0
:10844800393190F8B80018F08FFE94F8B80019F098
:108458001BFA94F8B90018F087FE94F8B90019F0DF
:1084680013FA00212046FEF71DFF94F840313BB176
:10847800D4F8303153B104F5887001F03BFF09E0BE
:10848800D4F83C0110B1D4F8303133B304F5887016
:1084980001F092FE002684F8396194F84051204694
:1084A80015F0FF0518BF0C25FEF782FF84F8406120
:1084B800C4F83C6184F8386194F8B80018F0DEFA22
:1084C80080B1202694F8B90084F8B86018F0D6FA7C
:1084D80068B1284684F8B96070BD00F5007001F0F5
:1084E8006BFED3E740F2FB212120F8F717FC40F29E
:1084F800FF212120F8F712FCF8B5044616F0E4FE37
:1085080005460E46D4F83C21002A56D04FF0000C00
:1085180094F842016146634604EB83030CF1010CB5
:10852800D3F8EC205FFA8CF3763283421144F3D906
:10853800D4F8E870B94214BF01270227384619F069
:108548002BF83F2837D9431C5DD0D4E93E3219189F
:108558008A4298BFD01AD4F8C830D4F8CC205B1B14
:1085680062EB0606012B76F1000255DB00229842E9
:10857800B2415ADA41F28836864228BF0646C5F12A
:10858800900516F0A1FE0544B54214D83946304688
:1085980019F056F878B9D4F8F830D4E93F203344C4
:1085A80030449342C4F8F830C4F8000144D0BDE820
:1085B800F84018F0A3BF0020F8BDD4F8E8C007279A
:1085C80094F8420111461346ACFB07E704EB83031A
:1085D8000132D3F8EC3076331944D3B28342F5D95B
:1085E8008C451BD0D4F8E020D4F8D030D4F8E4106F
:1085F8009B1AD4F8D42062EB0102734572EB07038F
:1086080011D301279AE7D4E93E30C61A41F28833DC
:108618009E4228BF1E46B2E70026B0E75EEA07037F
:1086280001D003278AE7022788E741F2883083428E
:1086380028BF03461E46A2E7D4E94423C4E93823E9
:10864800B5E700BF014B1870704700BF110000214B
:108658000D4B002141F6690210B519601B68934261
:108668000CD8044690F8383123B190F838310BB162
:10867800FFF7E2FE0023A4F8343110BD40F62501CF
:108688002120F8F74BFB00BF800C002110B50446F1
:1086980090F8383113B190F838311BB90023A4F899
:1086A800343110BDFFF7C8FE0023A4F8343110BDE3
:1086B80090F8383103F0FF020BB910467047FFF706
:1086C800BBBE00BF90F87000003818BF012070478B
:1086D80030B585B090F83831002B56D103F0FF0241
:1086E8000B78CDE90122039213F001023ED19446A2
:1086F8000125964613F0020407D00DF1100C0CEB7F
:108708008E0EAC46CD684EF80C5C13F0040334D1E1
:108718000CF1FF3C5FFA8CFC80F842C14968C0F854
:10872800E810C0F8201140F27121A0F824111AB104
:1087380001997639C0F8EC105CB104A9551C00EB1E
:10874800820401EB8201EAB251F80C1C7639C4F8B4
:10875800EC104BB104AB00EB820003EB820353F83F
:108768000C3C763BC0F8EC3005B030BD8C689446C4
:1087780002254FF0010E0194BCE70DF1100E0D69B2
:108788000EEB8C0E4EF80C5CC6E740F2B9212120A6
:10879800F8F7C4FAD0F83C2108B552B190F838314E
:1087A80003F0FF020BB9104608BDBDE80840FFF70B
:1087B80043BE4FF43B712120F8F7B0FA70B590F83A
:1087C800393113B10025284670BD04460D4616F010
:1087D8007BFD94F8BA20062D50D8DFE805F029046F
:1087E80004073B0404000125284670BD033A012A0A
:1087F80094BF4FF461764FF45776D4F8D020D4F86C
:10880800F830801AA3F588730644B3428CBF01255B
:108818000025D8D82046FFF76FFE0028D3D0D4F81B
:10882800F850A5F58875AE422CBF00250125CAE78A
:10883800531EDBB2032B1DD81349042ACB5C0FD07F
:108848005E1D032AF6B211D0022A06D00536F600BC
:108858009836D2E74FF40276CFE70636B600F7E748
:108868005E1DF6B2B60106F5C876F1E7360106F5E3
:10887800BF76EDE7FD210520F8F750FA4FF4527165
:108888002120F8F74BFA00BF70500301F8B50C46E9
:1088980007460021D4F8080204F5007601F0E6FC4A
:1088A800B84205460BD00146304601F0A3FC002330
:1088B8003B628DB900220023C4E98023F8BD836898
:1088C800D4F80822934217D39342FD693E6238BF19
:1088D8001346BB60002DEDD001F03EFDB0B1A96894
:1088E800B5F92400D5E90032A4F824025B1842F156
:1088F8000002C4E98032F8BD81690029E4D001464C
:10890800304601F077FC00232B62E5E740F209715D
:108918002120F8F703FA00BF2DE9F04F04468FB085
:108928000F461E46BDF86080029216F0CDFCD4F8C2
:10893800ECB0039005910BF1760094F842110546CE
:1089480051B1012204EB82030132D3F8EC30D2B2E8
:1089580076338A421D44F5D9D4F8E8A0AA4567D1F0
:10896800002E65D094F83821002A40F0FD81029B42
:10897800002B40F069836FF00042D4E93201914244
:1089880008BFB0F1FF3F00F02F8294F84121224444
:1089980092F8BE00421ED2B2032A00F29C83BF495D
:1089A80004288A5C00F0428305320328D2B200F022
:1089B8004783022800F037830532D50015F0AEFA58
:1089C8004AF2A132B64905F588750244002608A87E
:1089D800A1FB0232039B8DF8206005EB921513F57D
:1089E800B272059B0C9243F1000209950D92022286
:1089F800ADF8282018F070F8002800F075830C995D
:108A0800D4F8C8200D98521AD4F8CC1061EB0001A4
:108A1800521B61F10002002A80F21B83B346012237
:108A28000696DDF81490D846039EDA460492A0E034
:108A3800029B002B40F03881002E40F09F81D4F833
:108A48001031039DD4F8142105F5B276ED1AB5FB63
:108A5800FAF50AFB05F5ED18A6EB050642F1000943
:108A6800B24594BFA6EB0A0AB246002900F0D882A4
:108A78008245C0F0AF82AAF1760A0122AAEB0B0A5E
:108A8800012919D0D4F8F03003F17600824505D3D6
:108A9800AAF1760A0132AAEB030AD2B202290BD054
:108AA800D4F8F43003F176018A4505D3AAF1760AA1
:108AB8000132AAEB030AD2B204EB82039046D3F840
:108AC800ECB004EB080191F8BE00411EC9B20329BD
:108AD80000F20183714B0428595C01F10503DBB2F4
:108AE80000F07A82032800F08C82022800F0A48229
:108AF8000533DB000693049215F010FA4AF2A1310F
:108B0800049A01446648A0FB01300AF58871069B67
:108B18000B4403EB90135B4500F2398204EB8803A6
:108B2800D3F8EC30A3EB0A0BBBF1000FC0F2ED82D7
:108B38007619D4F81031D4F8D01049F10009D4F8D6
:108B48001451CA1A00F1DF82D4F8E800B2FBF0F23F
:108B580000FB02F2D21845F10005B6EB020AC4E99F
:108B6800442500F1D0820123BAFBF0FA06930023D2
:108B7800049304EB080292F8BE00421ED2B2032A04
:108B880000F2A982454904288A5C02F10505EDB284
:108B980000F09C81032800F0BF81022800F0F281D8
:108BA8000535ED0015F0BAF94AF2A13205F58875D8
:108BB80002443B48A0FB023205EB9215D4F8C820CA
:108BC800911BD4F8CC2062EB0902012972F1000351
:108BD800C0F2798100208B4570EB020300DB8B46E5
:108BE80004EB8808D8F8EC305B4528BF5B46C4F82E
:108BF800FC30BAF1000F03D0069A002A40F09281A7
:108C0800D4F83C21029929B1D4E94401C4E9346972
:108C1800C4E938010021C4F8F850C4E9366979720A
:108C2800002A00F0578194F842C108460A4604EB2E
:108C380082020131D2F8EC2076321044CAB294454F
:108C4800F5D2D4F8E820904214BF012202223A72E9
:108C5800049A7D60002A00F03281012203993A705B
:108C6800D4F8C820D4F8CC00521A059960EB01005A
:108C7800012A70F10001C0F253810A49002491428F
:108C880074EB000000DA0A46521B3A619D428CBF21
:108C9800002001200FB0BDE8F08F00BF7050030125
:108CA800D34D62100040420F012306930023049322
:108CB800039B059A13F5FA6604F5887342F10009D7
:108CC800079301F03DFB01F0C5FA024604F58870F0
:108CD8001146079201F08EFAD4F83C11079A21B197
:108CE80004F58870FFF7D2FD079A1AB1B2F924107B
:108CF800A4F83411AA450CBFD4F81851D4F8E85098
:108D0800002A00F0658111689068401851682A4669
:108D180041F10001CDE9006901F0D0FA85428246AF
:108D2800C0F0DD81861949F1000901F00FFBD4F884
:108D3800E80000F2CF7101EB0A02B2FBF0F200FB8F
:108D480002F2B21AC4F8102169F10002C4F8142121
:108D5800B8F1000F3BD14FF0FF306FF000414FF0FA
:108D6800010AC4E9320104E7B4F93421002A3FF4C6
:108D7800FEAD029B002B97D1D4F8E8A0039B4FF0DF
:108D88000008D4E944021E1A10EB0A01B6FBFAF6F1
:108D98000AFB06F642F100097618A6EB030249F130
:108DA8000009B2F5B27F28D2D4F8D8200123CDF833
:108DB8001080121A0693B2FBFAF20AFB0200301A6C
:108DC8001AEB0606B0FBFAFA49F10009D1E642F2BD
:108DD8001072304649464FF0010AE8FB02014FF095
:108DE8000008C4E93201C4E69A469846069301236E
:108DF800039EDDF814900493BBE694F8BE008DF84A
:108E08002080421ED2B2032A00F26581C14904289B
:108E18008A5C02F10505EDB200F0FE80032800F03F
:108E28004481022800F045810535ED0015F076F8FB
:108E3800D4F81061D4F8D82005F58875D4F8E8106E
:108E4800921BB2FBF1F201FB02F292194AF2A1362F
:108E58000644B1480C92A0FB06364FF0000005EB23
:108E68009615D4F83C618DF829000995D4F8145169
:108E780045F100050D95002E00F0F48094F842614C
:108E88000546024604EB82020130D2F8EC30C2B249
:108E9800763396421D44F5D2A9420CBF022501251E
:108EA80008A84FF000088DF828501DF052FD012346
:108EB8008246CDF810800693DDE90C6959E63A70D0
:108EC800C7E90469E2E64FF0000B89E6AD0105F554
:108ED800C87567E6D4F8E8A00720114694F84281DF
:108EE8009646AAFB00C004EB82020131D2F8EC20BE
:108EF80076329644CAB29045F5D2F2455BD0D4F8A2
:108F0800E020D4F8E410B21A69EB0101624571EB74
:108F180000023AD301229AE62D0105F5BF7541E614
:108F28000022B1E64FEA4A0AB4F934011FFA8AF17D
:108F38001EF03EFDB4F83431D4F83C211B1A1BB2A4
:108F4800A4F8343162B1A2F82432D2F800321B18E6
:108F5800C2F80032D2F8043243EBE073C2F80432AC
:108F6800C117D4F81031361841EB09091818D4F88C
:108F78001431C4F8100141EB0303C4F81431D4F8D8
:108F8800FC303FE60635AD000CE602225FE694F8B9
:108F98004231934225D9D4F8E83002F101089E42C3
:108FA8005FFA88F880F0A58004EB8803D3F8ECB06A
:108FB8000BF17606B8E5D4F8D020D4F8D410B21A5C
:108FC80069EB0101624571EB0002DED203223EE645
:108FD8009246AAE6002253E59B0103F5C87306935F
:108FE80089E5D4F8E8309E4210D3B6EB430F4FEA38
:108FF800430280F0838004EB88031646D3F8ECB074
:1090080092E51B0103F5BF73069374E51E4604EB56
:109018008803D3F8ECB087E5AD0105F5C87505E719
:109028000A4688464DE506329500C7E40532D2B2B5
:10903800920102F5C875C1E406339B0006935AE510
:10904800120102F5BF75B9E40023069301230493C6
:109058002EE6B24601220696DDF81490D046039E0D
:10906800049286E5B446072694F84281A1FB066976
:10907800E646604604EB80000CF1010CD0F8EC30B9
:109088005FFA8CF0763380459E44F3D2714515D053
:10909800D4F8E000121AD4F8E40065EB0000B242FC
:1090A80070EB090308D30125FAE62D0105F5BF7514
:1090B800BCE60635AD00B9E60225F1E6D4F8D000E5
:1090C800101AD4F8D42065EB0202B04272EB0903FF
:1090D800F2D20325E4E6FD210520F7F71FFE40F252
:1090E80069312120F7F71AFE40F295412120F7F760
:1090F80015FE40F229412120F7F710FE40F24641C3
:109108002120F7F70BFEFFF791F940F24F4121209C
:10911800F7F704FE70500301D34D6210F0B5044612
:1091280089B0072900F2AC80DFE801F03D09092584
:10913800AA2A07A52046FEF7E3F809B0F0BDB0F863
:10914800BC30C3F30C03002B40F0918000220123B4
:1091580002A920460092FFF7DFFB0028EAD002A907
:1091680094F8B80017F0A4FD0028E6D140F23D714C
:109178002120F7F7D3FD09B0BDE8F04014F084BC16
:1091880090F8393153B9B0F8BC30C3F30C03002B55
:1091980067D090F8BA30033B012B7ED909B0BDE8FF
:1091A800F040FDF7BBBE90F8393103F0FF054BB135
:1091B8000121FEF777F814F0FDF909B0BDE8F04099
:1091C80017F0E6BA17F074FCD4F81031B0EB030CC2
:1091D800C4E9340100F1828094F84261D4F8E8705F
:1091E80002940595B6B1BCFBF7F207FB02332A4699
:1091F800C01A2B4604EB8303D3F8EC3003F1760155
:10920800814203D876380135C01AEDB20132D3B2A3
:109218009E42EFD2B4F8BC3084F84151C3F30C033A
:109228008DF818508BBBBC4538BF0123BC4534BFF3
:10923800002701278DF8103002A88DF81970FDF766
:109248005DFED4F8F800A0F58070C4F8000118F0AD
:1092580055F900287FF471AF40F295112120F7F7F6
:109268005DFDFFF749F900287FF467AF96E7002115
:10927800FEF788F86AE740F2CB112120F7F74EFD98
:1092880040F2CF112120F7F749FDD4F80421032338
:10929800002703928DF81030CEE790F80831002BA4
:1092A8007FF47CAF012144F2365084F8081118F09D
:1092B800C7F900287FF472AFD4F8F83044F2365278
:1092C800D4F8000113441044C4F8F830C4F800017D
:1092D80018F014F900287FF430AF5FE7FFF7A6F81D
:1092E80030B589B090F83821002A45D1044602F0FB
:1092F800FF03FF2280F8382180F8393190F8425175
:109308009C4680F84131A0F83431184604EB8303B9
:109318000CF1010CD3F8EC205FFA8CF376329D4205
:109328001044F3D2D4F8E830984220D0D4F8EC2096
:1093380002F176034DB1EC32D4F8F030012D13442C
:1093480003D07633D4F8F4201344C4F818310091CC
:109358000023012202A92046FFF7DEFAB0B102A9D4
:1093680094F8B80017F0A4FC58B109B030BD41F228
:109378008833C4F81831EAE74FF41B712120F7F756
:10938800CDFC40F282212120F7F7C8FC40F2812170
:109398002120F7F7C3FC00BF38B590F838318BBBF4
:1093A8000D4651B3044601461B4817F03BFB2028E5
:1093B80084F8B8001AD02146174817F033FB202844
:1093C80084F8B9000DD0C4F83C5195F8283203F060
:1093D800FF01E3B984F840112046FFF781FF01201F
:1093E80038BD94F8B80017F049FB08B1002038BD23
:1093F80040F291212120F7F791FC40F29D21212094
:10940800F7F78CFC4FF427712120F7F787FC40F21F
:10941800A6212120F7F782FC2591000138B50446E2
:109428000D461148214617F0FDFA202884F8B800A7
:1094380012D021460C4817F0F5FA202884F8B90014
:1094480005D020462946FFF74BFF012038BD94F888
:10945800B80017F013FB08B1002038BD40F2912185
:109468002120F7F75BFC00BF2591000190F8BD3083
:109478005F2B2DE9F04F044689B047D85909B44A03
:109488000A4492F80490B9F1040F00F0108194F99D
:10949800BB2003F01F0394F8BC50002A94F8BB20AB
:1094A80045EA0325ACBF1E234FF49673D20903FB8C
:1094B80005F514BF4FF496771E2713F0CBFBA5EBE9
:1094C800000813F0EDFB94F8BB30461908EB070AC7
:1094D80013F0400F14BF32254FF4FA751CF00FFE3D
:1094E800B8F5D87F28449B4D0AFB00559A48A0FB45
:1094F80005354FEA95456ED394F839314BB114F0E0
:1095080059F809B0BDE8F04F17F042B94FF000091B
:10951800BDE74846DFF844A214F0F8FC8C4B03EB97
:109528008903D3F808804AF2A1334344AAFB0323F2
:1095380007EB9317AB3707EB45070744484614F08A
:10954800E5FCA7EB000B484614F0E8FC94F854102F
:10955800A8EB00080BF5887B0129AAFB083A4FEA1B
:109568009A1A00F0E0804846FEF740FFD4F8D03061
:10957800ABEB0A0BD4F8D420843B834442F1FF328E
:109588009B19CDF80CB042F100025D1B62F100039B
:10959800734A10780022FE288DF808208DF81120D3
:1095A800CDE9065300F0AF804A0740F1AC808DF852
:1095B800100002A994F8B800C4F8F8B0C4F804710F
:1095C800C4E9365317F074FB002898D14FF4D761DB
:1095D8002120F7F7A3FB4846DFF880A114F096FC9A
:1095E8005B4B0246484603EB8903D3F8088008F230
:1095F800E733AAFB031307EB9317203737442F44AD
:10960800174414F083FCA7EB000B484614F086FCC3
:1096180094F85410A8EB00080129AAFB083A4FEA6D
:109628009A1A75D04846FEF7E1FE0BF5887BD4F808
:10963800F890ABEB0A0303EB000AD1454ED2484B36
:1096480093F80080B8F1FE0F37D04B0735D5404668
:1096580017F0A2FFAAEB09034146402B38BF40236D
:10966800984228BF1846804617F0EAFF48B3012100
:109678002046FDF787FE94F8392102F0FF03002AFF
:109688007FF43DAF1A4602A920460093FFF744F93C
:10969800002853D002A994F8B80017F009FB002855
:1096A8007FF42DAF40F224712120F7F737FB002219
:1096B8004FF0030980F80821E9E615F017FE804607
:1096C800C5E7D4F8F8004044C4F8F800A0F5807065
:1096D800C4F8000117F012FF0028C8D0103E94F813
:1096E800411102220023751B02A88DF81810059558
:1096F8008DF810208DF81930CDE90247FDF7FEFBF3
:1097080009B0BDE8F08F15F0F1FDDDE906534EE72D
:10971800B9F1030F16D0B9F1020F40F6480008BF9F
:109728004FF4856081E7B9F1030F0ED0B9F1020F4C
:1097380040F6480008BF4FF4856017E72046FDF75C
:10974800DFFDDCE641F2BE106FE741F2BE100DE727
:10975800705003013F420F0083DE1B43D34D62105C
:109768001100002110B588B090F8392172B902F0C3
:10977800FF0302A904461A460093FFF7CDF860B12B
:1097880002A994F8B80017F093FA80B113F012FF09
:1097980008B0BDE8104016F0FBBF2046FDF7B0FD4D
:1097A80013F008FF08B0BDE8104016F0F1BF40F212
:1097B80024712120F7F7B2FA01292DE9F0470E4666
:1097C80082B0054624D8D0E9347813F061FA95F8C8
:1097D800BA90044606F0010049461DF012F9824687
:1097E800484614F09BFB7D3F48F1FF38012E40D1DD
:1097F800B9F1040F00F0B580B9F1030F00F08480CF
:10980800B9F1020F0CBF4FF4A6724FF4FC7232E0AC
:10981800022940F0B780D0F83C31002B00F0AD8031
:109828000024224683F8284290F8BA1061F3070210
:1098380061F30F22A3F87C20FF2683F87E600339AA
:10984800D0F83C01012900F144008CBF002101211E
:1098580009F00AFDD5F83C0100F028FBC5F83C41A9
:1098680085F8406113F0A6FE02B0BDE8F04716F097
:109878008FBF4FF4FC724B4BE419D5F83C7103EBE6
:10988800490348F1000614EB0A04D7F81C809B8BA7
:1098980046F1000603F2E73303444348A0FB0313F1
:1098A8009B09E41A66F10006A41846F1000600F0C8
:1098B800CBFC05F5887383423AD04246D7E980014C
:1098C800CDE9004600F0FAFC804565D3374BD5F862
:1098D8003C111B68CD69834219D92B180246CD6308
:1098E80041F64B5085428CBF41F66A004FF4FA703E
:1098F8009042A1F840004AD91B1946F10006C1E977
:10990800803602B0BDE8F08740F28642B3E741F600
:109918004B539D4228D9264AA2FB003240F2E2432B
:10992800920A03FB1202821ACA630346821AD7E715
:1099380097F881000028C9D0D5E9449A00F00CFDB9
:1099480038B9B7F92432A7F8240213EB09094AEB0E
:10995800E37A424648465146CDE9004600F0AEFC5F
:10996800B4E740F6E83286E7124AA2FB00326423E5
:10997800520903FB1202821AD6E740F2A571212090
:10998800F7F7CCF940F609012120F7F7C7F940F2BB
:109998009A712120F7F7C2F940F27D312120F7F7BB
:1099A800BDF900BF70500301D34D6210800C002137
:1099B8005917B7D11F85EB512DE9F0430123DFF883
:1099C800808083B000254FF6FF77202688F8003086
:1099D8001DE0009BEBB193F82822D2B11888B84259
:1099E8001DD02146F8F72EF88146F0B190F82902EB
:1099F80017F04AFF99F8290289F8284217F03EF82B
:109A0800C0B109F5007089F8296200F0D5FBCDE9ED
:109A180000556846F8F750F804460028D9D00023C6
:109A280088F8003003B0BDE8F08340F2BF1135205C
:109A3800F7F774F94FF4D7713520F7F76FF900BFCE
:109A4800840C00212DE9F84F91F89E600C460546DC
:109A580017460E3E9846F6B2002B40F00B8194F85C
:109A68002832032B00F23B81DFE813F0A800040042
:109A7800E6000400D4F81C90DFF86CA2DAF8003095
:109A8800002B00F0C78041462046984700FB099705
:109A980000F062FC002800F0C38000200346D4F8E0
:109AA8000022D4F80412BA1841F10001121843EB4D
:109AB8000103C4E98023C5E9042300232B7094F82B
:109AC8009E3003F0FD020C2A00F0BC80A3F1260BA7
:109AD800BBFA8BFB4FEA5B1BBBF1000F40F0B28077
:109AE80020461FF048FA002800F0E18094F8283258
:109AF80004F1440085F809B0012B18BF02232B722A
:109B08001DF0A7FE012E686056D9B8F1000F53D09A
:109B1800494628461CF01DFF86B220461FF02BFA46
:109B28008046464515D3002307FB08F22B72D4F86C
:109B380000329B18D4F8042242F100022B616A61BA
:109B4800002F00F0C780494628461CF002FF404419
:109B580086B2314620460FF03DF9DAF8003073B18D
:109B68000121204698472B6909FB00F9304413EB83
:109B7800090386B22B616B6943F100036B6100F046
:109B8800EBFB00287BD0D5E90430D4F88420C4E965
:109B980080308AB1B4F8CE20B4F898309B1A1BB242
:109BA800002B09DDB4F888100B44013BB3FBF1F33B
:109BB80003FB0123A4F8CE30BDE8F88F002F00F096
:109BC8008480012394F87C2094F87D9084F82832CE
:109BD800464B4846A9F10309DFF80CA133F8127087
:109BE80014F09CF9B9F1010F414907F29D774FF044
:109BF800000907442046A1FB073794BF282100210C
:109C080001EB9711FF311DF0C1FEDAF80030002B8F
:109C18007FF439AF4F4600F09FFB00287FF43DAF3B
:109C28000221B4F924021DF0C3FEB4F824321B1A31
:109C3800A4F82432C31732E70323D4F8309284F807
:109C4800283219E720461FF096F9002304F1440052
:109C58002B811DF0FEFD012E6860ADD9B8F1000F13
:109C6800AAD0494628461CF074FE86B220461FF04A
:109C780082F96EE7012120460FF0ACF8EFE6760096
:109C8800B4F92402B6F5803FB4BFB1B24FF6FF7104
:109C98001DF08EFEB4F824222B69121AC318A4F8FA
:109CA80024226A692B6142EBE07068616DE72881C4
:109CB80004F144001DF0CDFD012E68607FF67CAFF5
:109CC800B8F1000F7FF424AF76E740F22321352066
:109CD800F7F724F840F2A7213520F7F71FF840F2EC
:109CE8005D213520F7F71AF82C010021985003015F
:109CF800D34D62102DE9F04387B000287BD004468D
:109D080007296DD8DFE801F02A0404146C192167CB
:109D18000146012368460022FFF794FE694694F83D
:109D2800290216F0C5FF00286DD007B0BDE8F08302
:109D380007B0BDE8F04313F0A7BE012015F0C6FA3E
:109D480007B0BDE8F043F9F76DB890F82832042B56
:109D5800EBD04FF491713520F6F7E0FF90F82832F8
:109D6800002B4CD00EF076FF0028DED094F87D3022
:109D780040F22119DFF8A080033B98F80120012B5D
:109D880088BF4FF0F90982B3E66904F144001DF079
:109D980060FD00F176070220F61B17F0FDFB02219B
:109DA80026EAE675854228BF0546284617F048FC8E
:109DB80000B92F444A46394620461DF0D4FD0346D3
:109DC800E069C8F8043017F099FB08B307B0BDE89C
:109DD800F0431FF08CB840F227113520F6F79EFFAC
:109DE80040F22B113520F6F799FF666CE569AE4213
:109DF80028BF2E46C9E7F4213520F6F78FFFFC214E
:109E08003520F6F78BFF40F2E2213520F6F786FF82
:109E1800EE213520F6F782FF840C0021024B002248
:109E2800C3E90022FFF7C8BD840C0021FFF7C4BDB9
:109E3800014B5870704700BF840C0021C0F808120D
:109E4800704700BF40F2BF1108B51DF0A7FDB0F57F
:109E5800296F28BF4FF4296080B208BD38B5A0B17A
:109E680090F82832044603F0FF05C3B990F8293268
:109E7800202B0FD101460C4816F0D4FD202884F879
:109E8800290214BF28460D2038BD40F29111352013
:109E9800F6F744FF40F293113520F6F73FFF4FF4F1
:109EA800C9713520F6F73AFFFD9C000170B586B000
:109EB800002800F0978090F828320446002B40F0E4
:109EC800A08090F82932202B00F0968090F8283254
:109ED800032B00F29B80DFE803F039025902C569C1
:109EE8004D4B1B6823B100212046984700FB0555C0
:109EF80000F032FA002866D000200346002294F8C9
:109F08009E108DF80020D4F80022AD18D4F8042251
:109F180042F100022D1843EB020301F0FD02C4F8E0
:109F280000520C2A0495C4F80432059334D026292B
:109F380032D020461FF01FF888B394F82832012B3E
:109F4800DAB24CD002238DF808302BE090F87C1060
:109F58000123324A90F87D6032F8115084F8283293
:109F6800304613F0DBFF033E05F29D712C4D012EA8
:109F78000144204694BF28230023A5FB0121002586
:109F880003EB9111FF311DF001FDA9E70323D0F880
:109F9800305280F82832A3E720461EF0ECFF002359
:109FA8008DF80830002304F144008DF809301DF0C5
:109FB80050FC0346694694F82902019316F078FE8E
:109FC800A8B106B070BD0221B4F924021DF0F0FC5E
:109FD800B4F824321A1AC317A4F824228EE78DF88D
:109FE8000820DFE74FF4D0713520F6F797FE4FF4DD
:109FF800D3713520F6F792FE4FF4D1713520F6F77C
:10A008008DFE40F2A1113520F6F788FE40F25D2161
:10A018003520F6F783FE00BF2C010021985003017C
:10A02800D34D621008B512F033FE054B5A688242D0
:10A0380003D3187880F0010008BD002008BD00BFD8
:10A04800840C002170B5044686B0042900F286808D
:10A05800DFE801F0680D03124900042384F8283270
:10A0680013F0A8FA06B0BDE8704016F091BB0323C0
:10A0780080F8283206B070BDC269D0F85032C0F8F6
:10A0880030229A4204D0283020F0E6F8D4F8503232
:10A09800D4F84C2294F87C00334994F87D60E3614D
:10A0A800E263D4F85432B4F8482231F810503046FC
:10A0B800A4F84020033E636213F030FF05F29D715F
:10A0C8002A4B012E01442046A3FB013194BF2823CB
:10A0D800002303EB9111FF311DF058FC022384F893
:10A0E800283206B070BD90F87C201F4B90F87D6038
:10A0F80033F812503046033E13F010FF05F29D71FD
:10A1080002461A4B012E20461144A3FB013194BF8D
:10A118002823002303EB9111FF3106B0BDE87040FE
:10A128001DF034BC124B1A7802F0FF03002A94D1B8
:10A13800014601226846FFF785FC694694F8290222
:10A1480016F0B6FD28B1B4F898300133A4F8983069
:10A1580086E740F2E2213520F6F7E0FD40F23D3196
:10A168003520F6F7DBFD00BF98500301D34D621090
:10A17800840C0021024B0022C3E90022704700BF73
:10A188008C0C0021034A13680BB10C207047184649
:10A19800536070478C0C0021C3690BB101207047D4
:10A1A8008369002BFAD1034B1B68181AB0FA80F0A8
:10A1B800400970478C0C0021C36993B18168D0F8BD
:10A1C8000CC0DA686144114482699A618269D96075
:10A1D8002AB1D36100220023C0E906237047DA6060
:10A1E800F8E7826902490A60002AF2D1F2E700BF63
:10A1F8008C0C002108B5C161A1B18B6988618361AC
:10A2080073B1D861C1690023C36041B1CB6823B180
:10A218008268934211D39B1AC3600023CB6008BDA8
:10A22800C360F3E7074A136883611BB1D861106004
:10A23800C169E8E71060C36008BD2D213720F6F733
:10A248006DFD00BF8C0C0021014B1868704700BFE2
:10A258008C0C0021044B1B6823B118469B69002B0A
:10A26800FBD17047184670478C0C0021124B1B68B5
:10A27800CBB14FF0FF3C00B58646002000E0134606
:10A28800DA68964503D8624501D2184694469A6919
:10A29800002AF4D1B0FA80F2520911B9002A18BF85
:10A2A80018465DF804FB1846012219B9002A18BFA0
:10A2B80018467047704700BF8C0C002130B585B038
:10A2C8001546DDE90834C01A61EB0404002C0DDBE7
:10A2D800214603AA02AB00922A4617F089FF002CF8
:10A2E800039801DA00B1281A05B030BD404264EB8A
:10A2F8004401EEE7036A2DE93048DBB182689C68C7
:10A30800A24217D3D0E90615D0E906BCC3E906BCBA
:10A318004DB1AB61996951B1C068CB610244121B60
:10A32800DA60BDE83088054D2B600029F4D1D9608A
:10A33800BDE83088CD213720F6F7F0FC8C0C0021E1
:10A34800014B01221A7170478C0C0021014B00222D
:10A358001A7170478C0C0021014B1879704700BFA7
:10A368008C0C002138B52B4B864608461B6863B316
:10A378004FF0000C64461D690CB1A54204D22C466E
:10A38800002D42D0B3F814C09B69002BF3D1E4B17F
:10A39800A0421BD30EF1FF3E0EEB0401B0FBF4FC10
:10A3A800B1FBF4F18C4510D304FB0CF3B3FBF4F5CB
:10A3B80004FB153525B9B3FBF2F502FB153505B3DA
:10A3C8000CF1FF3C1B1B8C45F0D238BD431E2344C7
:10A3D800B4FBFEFEB3FBF0F37345F6D8B4FBF3F51C
:10A3E80003FB154149B9B5FBF2F102FB115121B943
:10A3F800B5FBFCF10CFB115129B101337345EDD9C3
:10A4080038BD184638BD284638BD4FF496713720F8
:10A41800F6F784FC8C0C0021F0B5574C012385B06D
:10A4280062682370127A002A6ED1A36BFF2093F81A
:10A43800E01012F099FC94F83C30032B60D0012B0B
:10A4480026D0A06B217AD0F8D02090F8D430009193
:10A4580013F0B0FE6064002800F0848000F120054D
:10A46800237A6E78012B1AD994F83C302846032BAE
:10A4780071D010F035FF63681B7A0BB1002E60D1E4
:10A48800284613F021F905B0BDE8F04012F008B9EC
:10A49800A36B207A197F13F073FE6064DBE7A76C67
:10A4A8002B78D7F898009DF80C20C3F3C00100F072
:10A4B8000100C3F3001E63F30102C3F3801C97F885
:10A4C8009C7060F3820261F3C3026EF304126CF3B2
:10A4D80086128DF80C20520606D4A26BD2F8D01042
:10A4E80092F8D42001F0010103F0030343EA80034A
:10A4F80043EA0E1343EA8C1343EAC1032B70BAE70D
:10A508000023256C6364ABE7217AA26B31B3012980
:10A5180084F8283018BF022192F8E030D2F8D050E1
:10A52800013B92F8D400DBB2032BC4E908501ED8D3
:10A538001248FB220091C35C0020114911F0E4FF8E
:10A5480073E7E06C13F0C0F82946E06C05B0BDE88D
:10A55800F04012F043B810F0E1FE8CE784F82810C0
:10A568001946D9E74FF4C9714720F6F7D7FB40F2EF
:10A578002B410620F6F7D2FB980C0021A4500301CA
:10A58800A80C002130B54E4C022283B063682270BB
:10A598001B7A002B4DD194F83C30032BA36C29D0A7
:10A5A800987D93F8A81012F0DFFB94F83C30023B3A
:10A5B800012B21D8002323656368256C1B7A002BA7
:10A5C8002DD0E06C13F080F8E16C284612F006F804
:10A5D800237A03F0FD03012B29D1A36C93F8A8304B
:10A5E800033B012B94BF2820002003B0BDE8304076
:10A5F80013F008B90820D4E7A06C1FF0DEFE206530
:10A608000028D9D0A36C00F12005D3F8982093F83E
:10A618009C308260C36063681B7A002BD1D12846C6
:10A6280013F052F8237A03F0FD03012BD5D003B0C1
:10A6380030BD217AA26C01292AD0012384F8283060
:10A64800D2F8983092F89C002362606292F8A830A1
:10A65800927D1B2A38BF1B22022934BF0121022107
:10A66800013BDBB2032B25D816480091C35C0120BF
:10A67800154911F049FF94F83C306268032BA36C2C
:10A68800127A15D0987D002A8BD00430C0B288E7A2
:10A69800002384F82830D2F8983092F89C0023627E
:10A6A800606292F8A830927D1B2A38BF1B22D7E738
:10A6B8000820E8E740F22B410620F6F72FFB00BF01
:10A6C800980C0021A4500301A80C002110B5104CCF
:10A6D800206D20B1A16C1FF07DFE00232365636C03
:10A6E8000BB10023636494F86430022B03D194F80F
:10A6F8006800C30708D512F0CDFE002384F8643043
:10A7080011F0CEFF94F86800E36EBDE810401847DA
:10A71800980C002110B5134C94F86830206D43F064
:10A72800010384F8683020B1A16C1FF053FE0023A8
:10A738002365636C0BB10023636494F86430022BC7
:10A7480003D194F86800C30708D512F0A3FE0023CC
:10A7580084F8643011F0A4FF94F86800E36EBDE853
:10A7680010401847980C002170B5424C82B094F8FC
:10A778003C30032B59D0626C002A71D0012B06465D
:10A7880031D100256564002E3DD1237A5BB1032BBE
:10A7980009D0012B69D1FFF7F5FE94F86430012B3D
:10A7A80050D002B070BD206D38B1A16C1FF012FE00
:10A7B8000023626C236502B1636494F86430022B51
:10A7C80003D194F86800C30708D512F063FE00238C
:10A7D80084F8643011F064FF94F86800E36E02B006
:10A7E800BDE870401847A36F0025226F616FA06B0A
:10A7F8009A1841EBE37300F1D001009120F040FC7E
:10A808006564002EC1D094F86830206D43F00103D0
:10A8180084F868300028D0D0A16C1FF0DBFD636C91
:10A828002565002BC9D06564C7E7206D20B1A16CF0
:10A838001FF0D0FD00232365636C002BBDD00023DF
:10A848006364BAE712F06AFA616D02233246014482
:10A85800094884F8643002B0BDE8704013F036B897
:10A8680040F2D1214720F6F759FA40F2F12147206A
:10A87800F6F754FA980C0021F00C00212DE9F04F5E
:10A88800054685B0002865D0B84C0E46206D0028D6
:10A8980000F0D68000F12002217A1378012952783D
:10A8A80040F28980022900F0108163681F7A002F26
:10A8B80000F0C8800192002A40F06E8112F0F0F991
:10A8C800019A0146C4F88000E36F082017469847AC
:10A8D800236D002B00F02D81D4F88410226F5218BC
:10A8E8001A61626F42EBE172A16C5A61B4F8882078
:10A8F800003A18BF01221A7600221A705A709A700C
:10A90800DA704A6B002A00F011818A6B13608B633E
:10A9180091F83130002B00F039810022E36FD4F830
:10A9280080101020226598471FB12020D4E91F31DC
:10A938009847002E40F09E80237A002B40F0B1808B
:10A94800FFF76AFD94F86450012D00F0118105B0FD
:10A95800BDE8F08F854C94F83C30032B00F0DF8085
:10A96800A26C536E01335366E66F12F099F90146F3
:10A978002846B047206D20B1A16C1FF02BFD0023A5
:10A988002365636C0BB10023636494F86430022B75
:10A9980003D194F86800C30708D512F07BFD0023A3
:10A9A80084F8643011F07CFE94F86800E36E05B01A
:10A9B800BDE8F04F1847A76CC3F3C00CD4F838E0D3
:10A9C800C3F3801AD7F8980097F89C7000F001003C
:10A9D800DEF8D0709EF8D4E0ACEB000987EA930764
:10A9E8008445B9FA89F907F001074FEA59194CD09B
:10A9F800BAF1000F49D1636893F808A0BAF1000FC3
:10AA080040F0E380D0464FF0880B11F0FD0F57D08F
:10AA180012F046F90146E36F5846C4F8801098478B
:10AA2800B8F1000F76D1BAF1000F7FF47DAFB9F11C
:10AA3800000F7FF44DAFA26CD36E0133D36673E77A
:10AA4800226C29E712F02CF9E36F0146C4F8800064
:10AA580008209847236D002B7FF43EAFA36C9B6DB5
:10AA6800002B7FF466AF1020D4E91F319847002EE1
:10AA78003FF462AF94F86830206D43F0010384F826
:10AA8800683000287FF478AF7BE763681B7A1BB1D6
:10AA9800BAF1000F00F0BE804FF000084FF0080B2D
:10AAA800B3E7013B012B00F2B080206D00283FF492
:10AAB80068AFA16C1FF08EFC266562E7A946574671
:10AAC80012F00AF9C4E91C01A2E794F83C1003F05B
:10AAD800030CC3F38207C3F34013032933D09DF853
:10AAE8000C806CF3010867F3840863F345188DF84C
:10AAF8000C8018F0200814D14FF0080B636893F805
:10AB080008A0BAF1000FD9D0002A6BD1D146174658
:10AB18009246D5E7206D00287FF42EAF31E7402517
:10AB280022E74FF000084FF00C0BE7E74B638B630D
:10AB3800EEE6A36C9B6D002B7FF4F6AE1020D4E9F3
:10AB48001F319847F0E69DF80C106CF3010167F38C
:10AB5800840163F345118DF80C1001F003010329FA
:10AB680029D14FF040084FF0480BC7E7980C002157
:10AB780012F096F8616D02232A460144274884F8AA
:10AB8800643005B0BDE8F04F12F0A0BEA06C2449B7
:10AB980029301CF01EFEC0E64FF000084FF0080BED
:10ABA800474611F0C1FD11F0A3FDE8B1A946217A8D
:10ABB8004FF0000A29E794F8683043F0010384F85D
:10ABC800683000287FF4D8AEDBE64FF0880B12B966
:10ABD8009046924619E784454FF00008E1D0C246F6
:10ABE800C14612E70027DCE794F86820019042F09C
:10ABF8000302206D84F8682000283FF4C2AEA16CDF
:10AC08001FF0E8FB019B2365BBE640F2B921472012
:10AC1800F6F784F84FF0080BD9E700BFF00C0021D5
:10AC28009BA40201024A936F03449367704700BFD5
:10AC3800980C0021054B002210B4054C83F86420C1
:10AC4800C3F88C40186410BCD9647047980C002174
:10AC5800A8AF0001034B0246D3F88C00DA67D96627
:10AC680012F01CBD980C0021024B002283F86420CE
:10AC7800704700BF980C00212DE9F041534C82B079
:10AC880015462272BDF824200C9FA4F888200022C3
:10AC9800089E84F868209DF82820C4F8843084F839
:10ACA8003C200D9A3B7AA2640E9AA6679DF82C80E8
:10ACB8000F9E94F864E06760A263C4E91C01002B4E
:10ACC80041D1BEF1020F1CD1032D79D8DFE805F080
:10ACD8000A020A02FFF7A0FB207A012807D902B06E
:10ACE800BDE8F081FFF74EFC207A0128F7D800284C
:10ACF8005ED0A36C93F8A81002B0BDE8F04112F042
:10AD080075BE386812F0AAF9404612F0B1F96368C6
:10AD1800586812F0BDFCA36B93F9E10012F098F9A2
:10AD2800237A03F0FD03012BD4E91C6714BF01202B
:10AD3800002039D1A36B93F8E030009332463B46AC
:10AD480012F03AFBC0E7B26904F1100C306971697E
:10AD5800F369ACE80F0096F820203B685A4084F865
:10AD6800292096F8212082EA132284F82A2096F8CE
:10AD7800222082EA134284F82B2096F8232082EAC4
:10AD8800136384F82C3096F8243084F82D3096F824
:10AD9800253084F82E3096F8263084F82F3096F82F
:10ADA800273084F830308CE7A36C93F8A830C4E7D8
:10ADB800A36B93F8E01002B0BDE8F04112F016BEA4
:10ADC80040F249314720F5F7A9FF00BF980C002150
:10ADD800074B00211A7883F86410022A00D07047C4
:10ADE800D3E91C21801841F1000112F0D3BC00BF47
:10ADF800980C002110B5134C94F86830206D43F07E
:10AE0800010384F8683020B1A16C1FF0E3FA002335
:10AE18002365636C0BB10023636494F86430022BE0
:10AE280003D194F86800C30708D512F033FB002358
:10AE380084F8643011F034FC94F86800E36EBDE8DF
:10AE480010401847980C002130B40F4C93F816C0E6
:10AE580065682D7A1DB10CF1040C5FFA8CFC93F82F
:10AE6800A830156860655068002284F861300123B5
:10AE7800A56584F86010E06584F862C084F86320F2
:10AE880084F8643030BC7047980C002130B4147AD0
:10AE980093F80EC01CB10CF1040C5FFA8CFC0B4C3F
:10AEA8001568606550680122A56584F8642093F8E8
:10AEB800E02093F9E13084F86010E06584F862C01E
:10AEC80084F8612084F8633030BC7047980C002106
:10AED80030B58C4693F9E1E000F19001124DD2E9CA
:10AEE800004093F8E020114B03EB42039B8803F5E5
:10AEF800FA73A5FB035301EB93110D4BC3E91640FD
:10AF080083F860C0FF204FF0020C83F8612083F8BB
:10AF18006200002283F863E003F1580083F864C0FC
:10AF2800BDE8304012F0D2BCD34D6210A4500301EA
:10AF3800980C002110B59DF808408E460CBB93F87C
:10AF480016C0117A19B10CF1040C5FFA8CFC93F855
:10AF5800A83001460C48D2E9002480F860E04FF0A0
:10AF6800000E80F861300223C46558300260012267
:10AF780080F80AC080F80BE00373BDE8104012F0B7
:10AF8800EDBC4FF0080CDCE7980C0021034B186D62
:10AF980008B120307047186C704700BF980C00212A
:10AFA800D5A6000185A8000171A700011DA7000111
:10AFB80070B50E460C210446F6F744FD18B1034659
:10AFC8000020336070BD0B212046F6F73BFD08B129
:10AFD8000C2070BD09212046F6F734FD03460028F1
:10AFE800EED1022070BD00BF70B50E460B2104469D
:10AFF800F6F728FD18B103460020336070BD0C2118
:10B008002046F6F71FFD054608B10C2070BD092142
:10B018002046F6F717FD20B100F1B003284633604B
:10B0280070BD022070BD00BF40F21731062008B580
:10B03800F5F774FE23211A2008B5F5F76FFE00BF57
:10B0480038B505460C4691F8FB3113B191F8053235
:10B058008BB9002D50D02B7873B194F8F0318BB3A5
:10B0680004F1B00020F067F8002100220023C4F8A2
:10B07800A811C4E9682338BD94F8F2316BB90221EC
:10B08800B4F8AC01F6F7DEFC38B104F2152100F58E
:10B098009C7018F084FA00283ED00921B4F8B00159
:10B0A800F6F7E6FC002844D16B6F002BE3D10821AA
:10B0B800B4F8AE01F6F7DCFC0028DCD060211A20D9
:10B0C800F5F72CFE94F8F23103F0FF017BB9B4F8E0
:10B0D800AC01F6F7B7FC50B104F2152100F59C70ED
:10B0E80018F05DFA18B92B211A20F5F717FE4FF65C
:10B0F800FF73A4F8AC31B3E794F8F23173B90221C5
:10B10800B4F8AC01F6F79EFC40B104F2152100F545
:10B118009C7018F044FA08B9FFF78CFF0921B4F8BD
:10B12800B001F6F7A5FC0028A5D04E211A20F5F7A6
:10B13800F5FD53211A20F5F7F1FD00BF70B5002881
:10B1480000F0968004460B46002200F80D2C0A20D9
:10B158006FF4FE7504F8E52C66198A7018700821DA
:10B1680034F84D2C34F84F0CA3F8032096F8062237
:10B178005A71F6F767FC054614F8023CA3B9C5B145
:10B188002B785BB314F80D3C002B4CD06FF4A673EE
:10B19800E0185D3C1FF0CFFF002100220023C6F815
:10B1A800A811C4E9002370BD237A002BFBD1002D20
:10B1B800E6D114F80B3C002B4FD10221B6F8AC01B4
:10B1C800F6F740FC002848D004F1180100F59C70FF
:10B1D80018F0E5F9002840D1FFF72CFF14F80B3CD4
:10B1E8006BB90221B6F8AC01F6F72CFC38B104F1C2
:10B1F800180100F59C7018F0D2F90028ECD009214C
:10B20800B6F8B001F6F734FCB8BB6B6F002BCAD1A7
:10B218000821B6F8AE01F6F72BFC0028C3D0602150
:10B228001A20F5F77BFD14F80B3C03F0FF017BB9FE
:10B23800B6F8AC01F6F706FC50B104F1180100F5B8
:10B248009C7018F0ACF918B92B211A20F5F766FD97
:10B258004FF6FF73A6F8AC3198E70921B6F8B001AC
:10B26800F6F706FC00289ED04E211A20F5F756FD69
:10B2780040F251111A20F5F751FD53211A20F5F724
:10B288004DFD00BF10B54FF408720021044617F0B9
:10B2980095F94FF6FF732046A4F8AC311FF078F803
:10B2A80004F1B000BDE810401FF02DBF38B50025EF
:10B2B8000446282200F5E4702946C4F89850C4F8DA
:10B2C8009C50C4F8A050C4F8A450C4F88051C4F8E5
:10B2D8008451C4F88851C4F88C5117F06FF984F878
:10B2E800F25184F8F15120461FF052F804F1B000F1
:10B2F800BDE838401FF007BF10B50C4601F1B0009B
:10B308001FF022FF2046BDE810401FF073B800BFB1
:10B3180090F8F23123B90221B0F8AC01F6F792BBEC
:10B328000020704790F8F23103F0FF011BB9B0F824
:10B33800AC01F6F787BB0020704700BF38B528B3CB
:10B3480090F89F3004462A2B1ED142B92B2380F84F
:10B358009F3094F9E030002B1CDB002038BD1F2300
:10B368000D4680F82A2180F82B31322380F89F304F
:10B378000029EED00821B5F8AE01F6F763FB68B1F5
:10B388002946FFF75DFEE4E70C2038BDB3211A20FB
:10B39800F5F7C4FCDA211A20F5F7C0FCD5211A20EC
:10B3A800F5F7BCFCF8B5002800F0B1806FF4F9732C
:10B3B8000C4607460821C51824232370437A95F8BC
:10B3C8009821E370B5F8B0316272A38095F899318D
:10B3D800A37295F89A31E37295F8B531B5F8AE01D4
:10B3E8002375F6F72FFB95F8FC310646002B46D15E
:10B3F800002800F090800378002B4AD12B7B237320
:10B408006B7B6373AB7BA37395F8B430E37395F8E8
:10B41800B530237495F8B630637495F8A830013BBD
:10B42800DBB2032B71D83E4AD35CA37495F89031F4
:10B43800013BDBB2032B68D8D35CE374EB7D637507
:10B4480095F8BF30A375AB7DA4F8193095F8BE30D8
:10B45800A4F81B307368327C3249A271A1FB031334
:10B46800727C9B0AE271B27C2272B6F81520A4F8AD
:10B478001D300123A4F8172085F81831F8BD10B144
:10B488000378012B32D029463046BDE8F840FFF753
:10B49800D7BD95F8B430237395F8B530637395F834
:10B4A800B630A3732B7BE3736B7B2374AB7B637422
:10B4B80095F89031013BDBB2032B26D8184AD35CB0
:10B4C800A37495F8A830013BDBB2032B1DD8D35CDD
:10B4D800E37495F8BF306375EB7DA37595F8BE30BE
:10B4E800A4F81930AB7DA4F81B30B3E717F8033C78
:10B4F800002BC8D0162307F10A000B4985F806323D
:10B508001CF064F94423E370BDE7FFF78DFDE121EA
:10B518001A20F5F703FCF3211A20F5F7FFFB00BF0B
:10B52800B45003015917B7D145B10001F0B583B044
:10B53800002800F0D380A0F22E23DA7B2A2A40F0DC
:10B5480092800C46A0F5CA7241F61071118093F9E9
:10B5580050203221002AD973C0F2C580A0F2BE2043
:10B56800D0F83871002F00F0C2806FF40573002204
:10B578000821FD18102385F8C821242285F8FC31FC
:10B588002270E37095F89831B5F8B021637295F898
:10B598009931A280A37295F89A31E37295F8B53182
:10B5A800B5F8AE012375F6F74DFA95F8FC31064665
:10B5B800002B49D1002800F0A1800378002B55D03A
:10B5C80095F8B430237395F8B530637395F8B630B1
:10B5D800A3732B7BE3736B7B2374AB7B637495F84A
:10B5E8009031013BDBB2032B00F28680454AD35CE5
:10B5F800A37495F8A830013BDBB2032B7CD8D35C4D
:10B60800E37495F8BF306375EB7DA37595F8BE308C
:10B61800A4F81930AB7DA4F81B3073680420327C81
:10B628003949A271A1FB0313727C9B0AE271B27CB7
:10B638002272B6F81520A4F81D300123A4F81720AB
:10B6480085F8183103B0F0BD30B10378012B03D170
:10B6580017F8253C002B36D130462946FFF7F0FC79
:10B66800042003B0F0BD002003B0F0BD2B7B237392
:10B678006B7B6373AB7BA37395F8B430E37395F876
:10B68800B530237495F8B630637495F8A830013B4B
:10B69800DBB2032B30D81B4AD35CA37495F89031E6
:10B6A800013BDBB2032B27D8D35CE374EB7D6375D6
:10B6B80095F8BF30A375AB7DA4F8193095F8BE3066
:10B6C800A4F81B30A9E71623A7F118000F4985F83D
:10B6D80006321CF07BF84423E370BDE740F22B11DF
:10B6E8001A20F5F71BFBDA211A20F5F717FB4FF4A0
:10B6F800A1711A20F5F712FBFFF796FCF3211A2027
:10B70800F5F70CFBB45003015917B7D145B1000147
:10B7180040F26521062008B5F5F700FB40F26521E7
:10B72800062008B5F5F7FAFA2DE9F041847B002CDC
:10B7380000F08A80474B002184461D688E4617E03A
:10B74800012E62D0022E40F083800F32920003F562
:10B75800977301319CF810700CF10E0C9BB2CEB2AD
:10B768001344AB4238BF2B46B44207FB03EE59D90A
:10B77800C1EBC1029CF81980CE0000EB420218F020
:10B78800040FB2F8153025D118F0010701D108F0DF
:10B798000207761A9CF81A8000EB460618F0040F88
:10B7A800B6F8172034D118F0010626D118F0020691
:10B7B80033D1DBB24FF0FD08012F23D0022F47D140
:10B7C8009B003C33B8F1010FD2B2B9D1920102F516
:10B7D8007472BCE79CF81A70B2F817207E0729D457
:10B7E80017F0010622D117F0020628D1DBB24FF07C
:10B7F800FD089B0103F57473E4E7012FDBB24FF0FA
:10B80800FE08DBD1DB007033DCE70E32D2009EE7A6
:10B81800DBB24FF001080426CEE7DBB24FF0FF0899
:10B828000226C9E7AEF19600BDE8F081DBB24FF021
:10B83800FE08DEE7DBB24FF001080426D9E7DBB2E9
:10B848004FF0FF080226D4E76FF09500BDE8F081BD
:10B85800FFF75EFF280D00212DE9F843099F97F8AF
:10B868000080B8F11F0F4BD01D4608F101030646B2
:10B8780089463B701446FFF757FF089B98423AD811
:10B88800D4B1B1787378B6F8092043EA012340F2BD
:10B89800E241747B01FB02F2F17843EA0141F3795A
:10B8A800A4BB03FB02035B1AB9F80A204FF47A71B0
:10B8B80001FB02F29A421ED32DB3727940F2E241A3
:10B8C8003379747B43EA0223B6F8092001FB02F2BC
:10B8D800B17943EA0143317AE4B101FB023202440F
:10B8E800B9F80C304FF47A7101FB03F3934202D399
:10B8F8002846BDE8F883002087F80080BDE8F88373
:10B908000020BDE8F8830120BDE8F88303FB02139B
:10B918000344C9E701FB0202D21AE1E738B504463D
:10B928000D4602F0CFF829462046BDE83840FFF71B
:10B9380081B900BF0020704710B578220021044665
:10B9480016F03CFE02F0C6F800232462A06263678A
:10B9580010BD00BF10B501F120000C461DF07FFEA0
:10B96800B8B92378012B636F01D0B3B910BD002B90
:10B97800FCD01A68092133F8610C6267F6F778F889
:10B9880018B9636F002BF4D110BD4B211120F5F7C6
:10B99800C5F940211120F5F7C1F953211120F5F718
:10B9A800BDF900BF054B984205D800F53473044A29
:10B9B8000020136070471220704700BF00093D0047
:10B9C8001400002110B5002382B008220446CDE9F6
:10B9D80000338DF8062003E0009B1B7DA34208D0AE
:10B9E8006846F6F769F80028F6D04FF6FF7002B0FF
:10B9F80010BDBDF8040002B010BD00BF406F18B9FB
:10BA080009E0D0F8110230B16FF40473184490F8CB
:10BA1800B4318B42F5D1704770B50468CCB10E468D
:10BA2800154602E0D4F815429CB16FF405731C4426
:10BA380094F8B431AB42F5D10821B4F8AE01F6F769
:10BA480001F80028EED0037DB342EBD1B4F8B00181
:10BA580070BD4FF6FF7070BD2DE9F04F85B000281E
:10BA680000F0DF816FF43E7805460F468044D8F831
:10BA780038611EB936E0D6F815629EB36FF4057EBC
:10BA880008217644B6F8AE01F5F7DCFF15F8613CFD
:10BA9800027D9A42EFD1436F0446002B47D06FF4E2
:10BAA800047C15F8601C634406E0D3F81132002BBF
:10BAB8003DD06FF40470034493F8B4218A42F4D162
:10BAC800072200214046FFF739FC0346002840F0D2
:10BAD800A3810022104663F3070062F30F2005B02C
:10BAE800BDE8F08F08210DF10A00F5F735FF04468F
:10BAF8000028E5D07822002116F060FD04F1200628
:10BB080001F0E8FF0023A0623046246263670DF06D
:10BB18008FFD002800F044810821BDF80A00F5F7E0
:10BB2800A7FF0028CCD0CF211120F5F7F7F840F275
:10BB3800E24235F8483C02FB03F362689A42BFD1FF
:10BB4800627D15F84A3C9A42BAD1A27D15F8493C63
:10BB58009A42B5D115F85C2CE37DB3EBD21FAFD177
:10BB680015F8582C15F8593C43EA022315F8572CB8
:10BB780002F00F0243EA0243A2689A42A0D115F8E4
:10BB8800552C15F8563C43EA022315F8542C02F0BC
:10BB98000F0243EA0243E2689A4291D1092103A8BD
:10BBA800B6F8AE91F5F7D8FE0646002888D0FFF71C
:10BBB80069FBA6F8AE91BDF80C30A6F8B031B8F81C
:10BBC8000030A6F8AC31012386F8C831EFF31080B5
:10BBD80072B66FF4E07106F215236A181168C6F898
:10BBE8001512136000B962B615F861CC40F2E24252
:10BBF80084F814C035F8483C02FB03F3636015F879
:10BC08004AEC84F815E015F8499C84F8169015F864
:10BC1800581C15F8592C15F8550C42EA012215F84C
:10BC2800571C01F00F0142EA014215F8561C41EA7F
:10BC3800002115F8540C00F00F0041EA004115F8F6
:10BC48005C0CA260C0F3C010A364E160E07515F855
:10BC58005F4C14F0040F40F0A08014F0010A01D1E9
:10BC680004F0020A86F8A8A015F85E4C14F0040F38
:10BC780040F0908014F0010A01D104F0020A86F81D
:10BC880090A115F85A4C15F845BC04F00F0415F8A6
:10BC98005CAC00940AF00F0A15F8464C44EA0B24F1
:10BCA80015F842BC019415F8434C44EA0B2415F8E6
:10BCB8005DBC4BEA0A2ADDF800B0A6F814A015F816
:10BCC8005BAC4AEA0B2ADDF804B0A6F8BCA015F86C
:10BCD80044AC4BEA0A4AC6F8A4A115F841AC44EAB8
:10BCE8000A4415F84DACC6F8A04115F84E4C15F8A5
:10BCF8003FBC44EA0A2415F840AC4AEA0B2AA6F8E5
:10BD0800B2A115F84CAC44EA0A44C6F89C4115F8AF
:10BD1800604C86F8B44115F84FAC86F8240086F8D4
:10BD2800B5A186F8CC0015F84B0CC0F30300F075EC
:10BD380015F84B0CF261C0F30310C6F8C410336257
:10BD480086F8BF00C6F8C83035F8533CB37535F8E7
:10BD5800513C86F8C19086F8BE3086F819E098F80C
:10BD6800A420B6F8AC3186F8C021D8F83820C6F837
:10BD7800BC21B8F82620A6F8B621B6F8B021A7F855
:10BD880003300423A7F8052025223C7287F807C052
:10BD98003A709EE64FF0040A71E74FF0040A61E733
:10BDA800092103A8BDF80AA0F5F7D6FD814648B3D6
:10BDB800FFF768FAA9F8AEA1BDF80C30A9F8B031C0
:10BDC800B8F80030A9F8AC31012389F8C831EFF38D
:10BDD800108172B66FF4E07209F21526AB181A6872
:10BDE800C9F815221E6019B16FF405731E44FBE6ED
:10BDF80062B6D8F83861002EF6D140F2351111201C
:10BE0800F4F78CFF30461DF02AFC00283FF484AE7E
:10BE1800CD211120F4F782FF4FF4B3711120F4F70C
:10BE28007DFFFC211120F4F779FF00BF20B10098B5
:10BE3800184401FB020070470098C01A01FB020079
:10BE4800704700BF014B1860704700BF280D0021E4
:10BE5800044B1B6823B1181AB0FA80F040097047E8
:10BE680001207047280D0021024B1868003818BFC0
:10BE780001207047280D0021A1F1030CBCF1010F2E
:10BE880010B52AD901291DD002292DD10F308000E3
:10BE9800D91E92B201291CD9012B22D0022B23D101
:10BEA8000F329200029B114C591C00F597734808F9
:10BEB80021689BB28842134438BF0846984238BF6D
:10BEC800184610BDD91E0E3092B201294FEAC000A3
:10BED800E2D8920102F57472E4E7800100F574700B
:10BEE800D6E70E32D200DDE7FFF712FC280D00215D
:10BEF8002DE9F04F05468DB010461E4695F800B066
:10BF08000C46049281F800B00593AA786B78697999
:10BF180043EA02232A7942EA0122E9786370E17050
:10BF280043EA01411B0AA370AB792271A37142EA6B
:10BF38000343120A627140F6C312914215D8934224
:10BF480040F27C81C44AA2FB0323980ADDE904235A
:10BF58009A4200F0F683002B40F079810120C31C3F
:10BF6800B3FBF0F303FB00F074E1BB4E9342A6FB76
:10BF780001014FEA91200BD9A6FB0323990ADDE9B9
:10BF88000432934200F05F81002A18BF08465EE140
:10BF9800DDE904239A4200F0D783002B00F0578193
:10BFA80004231846A4F80930EB79E3722B7A23733B
:10BFB8006B7A637395F80EA084F80EA04BBB049BB4
:10BFC80093B1A37840F2E241627842EA032283B255
:10BFD80001FB03F3E17842EA0142B3FBF2F102FB11
:10BFE8001133002B40F0AA83059B93B1637940F28B
:10BFF800E241227942EA032283B201FB03F3A179E9
:10C0080042EA0142B3FBF2F102FB1133002B40F08C
:10C018009283BAF1000F00F0B8801FFA80F840F25E
:10C02800E24305F1100C04F1110603FB08F80020A7
:10C038001CF8012C00EBC003C10006F8022C2B44AD
:10C04800DCF800701A8A5B8A37609CF8047017F075
:10C05800020F40F0188117F0010E01D107F0040E0D
:10C0680086F808E09CF8057017F0020F40F0088188
:10C0780017F0010E01D107F0040E86F809E0002A36
:10C0880000F0F780754F02F1FA0994F801E0A7FB78
:10C098000979A7784EEA072E02EBD9174FEAD91982
:10C0A800013FB7FBF9F794F80390BFB24EEA094E87
:10C0B80094F80D90B9F1000F08D0F04502D102F1C3
:10C0C8000D07BFB2C64501D90537BFB2FB2F0EF128
:10C0D800FF3928BFFB27C1443A44013AB2FBF7F2C3
:10C0E800B9FBFEFE92B20EFB02F2A1EB000E0F2A84
:10C0F80004EB4E0E28BF0F22AEF81570B272002B5B
:10C1080000F0B080554A03F1FA0E2779A2FB0E2EF3
:10C11800627947EA022703EBDE124FEADE1E013A94
:10C12800B2FBFEF294F806E092B247EA0E4794F8A2
:10C138000DE0BEF1000F08D0B84502D103F10D02A1
:10C1480092B2474501D9053292B2FB2AA1EB000110
:10C1580028BFFB2204EB41011344A1F81720013B3F
:10C16800B3FBF2F37A1E9BB24244B2FBF7F707FB2C
:10C1780003F30F2B28BF0F23F37201300CF1090CC6
:10C188000E36C3B29A453FF653AF0023CDE90A33C2
:10C1980008238DF82E3004E00A9B1B7D5B4500F0D8
:10C1A80096800AA8F5F788FC0028F5D094F80EC008
:10C1B80000262B4B40F201121B68A4F80720BCF1A3
:10C1C800000F63D0B4F8097040F2E2420CF1FF307E
:10C1D80002FB07F7C0B2BB4234BFFB1A0023069329
:10C1E800C0EBC00304F10E0000EB43002346DA7EE7
:10C1F8000E33997B8A4238BF0A4683429A70F6D139
:10C208002046FFF791FA049B002B47D0A278637869
:10C2180043EA0223E27843EA0243627B002A40F0C1
:10C228008782FB1A03446A894FF47A7101FB02F290
:10C238009A4233D211200DB0BDE8F08FB0427FF49E
:10C24800AFAE012001461BF01EFC94F800B0032895
:10C258007FF685AE83B2A5E65917B7D1BFBF8C82EA
:10C26800140000210A1A04EB4202D3751376F37204
:10C2780083E70F1A04EB47077A75BA75B2723EE77F
:10C288004FF0020EF9E64FF0020EE9E6637B002B51
:10C2980040F0AE8200200DB0BDE8F08F059B002B6A
:10C2A80051D06279237943EA0223A27943EA02430F
:10C2B800627B002A40F03982FF1A3844AB894FF478
:10C2C8007A7202FB03F38342B4D300273CE0BDF843
:10C2D8002C304FF6FF72934231D018460821F5F7FB
:10C2E800B1FB064660B3476F57B3A6466FF40479AF
:10C2F80023461EF80ECF4F44644697F8B4019C4677
:10C30800D4B1611E6346C9B2C1EBC1010EEB410154
:10C3180003E00E33994200F01982DA7B8242F8D1A9
:10C32800D7F81172002F00F044826FF40478474464
:10C3380097F8B401002CE4D10124002309E2064651
:10C3480094F80EC035E71F46002305F10908DDF80B
:10C358001490C3EBC301AA7BD80004EB4101C97B4D
:10C36800002A00F01E81013A5FFA82FC2A460CEB93
:10C37800CC0CC44403E00932624500F0128192F803
:10C388000FE08E45F7D1C2182A4492F816A092F809
:10C3980017E0A0EB030C217A04EB4C0C9CF81C2052
:10C3A8009CF810C0002A00F0E98001FB0CF1BCFBEE
:10C3B800F2FB013A02FB1B129645C0F2DF80C31A5A
:10C3C800069A2946204604EB43030092049A103348
:10C3D80001934B46FFF740FA013794F80EA0FBB2E1
:10C3E8009A45B6D805F1090B2046FFF79DF90123B8
:10C3F800D9460022B34608900793924540F2B4808C
:10C408000132D2B2531EAE7BDBB2C3EBC30004EBE6
:10C418004000C77BD800002E00F08A80013E2946E4
:10C42800F6B206EBC6064E4402E00931B1427FD0AF
:10C4380091F80FC0BC45F8D1C118294491F816C02D
:10C44800CF7DC11A04EB41010E7F097C8E4233D2A5
:10C4580096B306F1FF3EB1FBF6F8267A039606FB83
:10C4680001F60EFB1866B74226DB66794FF47A7838
:10C47800277947EA0627AE8908FB06F6DDF80C801F
:10C48800099608F10108A67947EA064640F2E2470C
:10C49800B646B4F8096007FB06F6677B002F00F084
:10C4A8009C8008FB06E6089F3E44039FFF2F03D0AD
:10C4B800099FB74280F09780C31A04EB4303DB7EE1
:10C4C80099429AD9002B98D0E079B1FBF3F6013B59
:10C4D80000FB01F103FB16118C458EDBA17840F2BD
:10C4E800E24763786E8943EA01234FF47A7194F83E
:10C4F8000DC001FB06F6E17843EA0143B4F80910E0
:10C5080007FB01F1471CBCF1000F60D007FB0133AA
:10C5180008990B44FF283FF470AF9E42FFF46DAFBB
:10C52800E77192456AD901320023D2B2079369E7CD
:10C53800BBF1000F00F07E81DBF8741019B90EE032
:10C54800D1F8111259B16FF40476314491F8B461FD
:10C55800BE42F5D191F8CDC091F8257071E74FF43E
:10C5680027711120F4F7DAFB079B002B4DD1BAF1A4
:10C57800000F4AD001230022079341E7C21A04EBB7
:10C588004202D27E002A3FF427AFE179BCFBF2FEDB
:10C598000CFB01F1013A02FB1E129245FFF61CAF9B
:10C5A8000DE7002E00F04681726F22B9D7E7D2F866
:10C5B8001122002AD3D06FF4047C624492F8B4C1EB
:10C5C8008C45F4D192F8CDA092F825E0E1E6DDF8AB
:10C5D80020C007FB01C1CB1A9CE7089F08FB067621
:10C5E8007746F61B61E7C31A84F8088004EB430317
:10C5F800DB7E994295D90020079063E7012300224A
:10C608000793BAF1000F7FF4FBAE5E4694F80EC0B4
:10C6180000274FF0010905F10908674544D2C7EB27
:10C62800C702AB7BF80004EB4202D17B002B59D048
:10C638005A1E2B46D2B202EBC202424402E0093330
:10C6480093424FD093F80FE08E45F8D1C3192B448D
:10C65800997D93F817E0C31B94F808B004EB4303E3
:10C668001A7F93F810A05AB30BFB0AF3BAFBF2FB3C
:10C67800013A02FB1B32964522DBC01BDDF818C0CD
:10C68800294604EB4000CDF800C01030DDE9042352
:10C6980001902046FFF7E0F800283AD194F80EC040
:10C6A8000137FFB26745BAD3B9F1000F40F0858072
:10C6B800BCF1000F3FF4EAAD4FF001090027AEE7E7
:10C6C800C31B04EB4303DB7E002BE9D094F807E09F
:10C6D800BAFBF3F2013B0AFB0EFA03FB12A39942E1
:10C6E800DEDBCAE7002E00F0A580736F2BB936E7B2
:10C6F800D3F81132002B3FF432AF6FF404721344B5
:10C7080093F8B4218A42F3D193F8CD1093F825E039
:10C71800A1E7013794F80EC04FF00009FFB2674552
:10C72800FFF47DAF8146002777E71F443844C5E50D
:10C738003B44034477E5012363736AE4012363738D
:10C7480052E4014601207EE501217CE5621C234676
:10C75800D4B2C3EBC3030CEB4303D87397F8B521EA
:10C768001A74B7F8BC20A3F81120BA8AA3F81320CA
:10C7780097F8BE20A3F81520BA7DA3F8172097F8DC
:10C788009021D11E012998BF04225A7697F8A82033
:10C79800D11E012998BF04229A7697F8BF20DA762D
:10C7A800FA7D1A778CF80E40D7F81172002F7FF4B3
:10C7B800BCAD6346A4461C46FBE4637B002B3FF4F8
:10C7C80069ADBCF1000F13D00022C2EBC20304EB29
:10C7D8004303B3F811100833F6293FF62BADB3F82D
:10C7E8000B30F62B3FF626AD0132D3B26345ECD3BE
:10C7F80040F2E243B4F80920A17803FB02F263781F
:10C8080043EA0123E17843EA01439A4203DD049BAA
:10C81800002B7FF40FAD23796079A17943EA0023D7
:10C8280043EA01439A427FF735AD059B002B3FF45D
:10C8380031ADFFE440F29A211120F4F76FFA00BFFE
:10C848008B7B7BB1013B01F10902DBB203EBC30334
:10C85800134401E0994205D0CA7B09318242F9D1DB
:10C86800012070470020704710B58C7B94B10023DD
:10C878009C4603E05FFA83FC644509D991F80FE010
:10C8880001330E318645F5D1012082F800C010BD74
:10C89800002010BD204610BD436F0BB11A680AB1C5
:10C8A800C06E70476FF4047253F8751CC06E134461
:10C8B80093F8BF20DB7D9A4238BF1A46012A1346F7
:10C8C80038BF0123B0FBF3F303F508738B4200D3A1
:10C8D8007047013A01FB02F2904288BF801AF7E7DD
:10C8E800FEF788BA006810B5072930D8DFE801F0EC
:10C8F8000D0404192F132A25002301780377B1B9F1
:10C908002030BDE810400CF0D7BF134B1B68BDE8C2
:10C9180010409B681847104B1B68BDE810401B6906
:10C9280018470D4B1B68BDE810405B69184719464E
:10C938002030BDE810400CF09BBF40F287514220E8
:10C94800F4F7ECF940F284514220F4F7E7F940F2A9
:10C958008A514220F4F7E2F9300100214FF4D771EF
:10C96800422008B5F4F7DAF9F8B50446000731D5DE
:10C978003A4E01230D4677683370737097F8C831C3
:10C98800022B58D0B36842F21071F268EB18B7F86E
:10C99800B60142F10002E0FB01323069C7E97632A4
:10C9A80003788BB9426F037F002A54D02946D7F801
:10C9B8009C5152F8792C203005FB03F3D7F8985195
:10C9C8005B1B1A441CF08CFD210603D473680122FA
:10C9D80083F8C921E20620D4A30600D4F8BD1F4C71
:10C9E800636893F8BF1003F5C070D3E9626502F07D
:10C9F800CBF8226913784BB96368D3E962018642A0
:10CA080075EB010103D25068FEF70CF96368D3F89F
:10CA18007021013AC3F87021F8BD104D6868C17DD6
:10CA2800983002F0B1F86B680022996D83F8C9213B
:10CA380071B12A75D0E7032307F2F310084987F884
:10CA4800C831002387F8FC311AF0C0FE776899E7EF
:10CA580001232B75C0E7FFF781FF00BF300D0021D0
:10CA6800ADB3000140F27B41422008B5F4F756F916
:10CA780070B5254E33691A7832B15B6800205B08BF
:10CA8800984228BF184670BD1D6D1C6C641B5D6CF8
:10CA98005B6D65EB0303251843F10003012D73F16A
:10CAA800000026DB4FF0FF30A84272EB030325DBC2
:10CAB800B9B919F024FB336993F862300B2B13D8FA
:10CAC800124A112432F81310014489B228461EF084
:10CAD8008BFB336920445B685B08984228BF184683
:10CAE80070BD64210224F1E740F2C1310620F4F759
:10CAF80015F940F241114220F4F710F94FF4A171F1
:10CB08004220F4F70BF900BF300D0021B8500301A3
:10CB180038B50378044623BB856C12F0D5FB636FE8
:10CB28002BB36FF4047403222344E5FB020193F84A
:10CB3800C821022A0AD00BD8D3F81132BBB16FF43E
:10CB48000472134493F8C821022AF4D1012038BD95
:10CB5800032A0ED1D3E97642A04271EB0202EBD34D
:10CB6800F4E7056D12F0B0FB636F002BD9D10220FA
:10CB780038BD4FF49A714220F4F7D0F8013270B5FD
:10CB8800D2B290F8B541944221D9C47D6CB1D0F8A5
:10CB9800A060D0F8E0C190F8E451D0F8A440B445C2
:10CBA80075EB040401D31A7070BD90F8BF405CB1F6
:10CBB800D0F88861D0F8E0C190F8E451D0F88C4101
:10CBC800B44575EB0404EED20C78012C46D0D0F8AD
:10CBD800112272B3022612F849CC6FF40475BCF125
:10CBE800010F02EB0500ACF1020E24D0BEF1010FDB
:10CBF8001BD812F8202C02F0FF0EB2B9B1F932207E
:10CC0800B0F9D2414D8E121BD0F8E01190F8E4C172
:10CC180092B2A0F8D2518A184CF10001C0F8E02174
:10CC280080F8E41183F800E070BDD0F81122002AE2
:10CC3800D1D1002070BD0C78002CF6D14C8EB0F804
:10CC4800D451641B2404F0D4D0F8E04180F8C861C2
:10CC58000634A0F8D251C0F8D441CAE790F8C941C7
:10CC6800002CB4D11A709FE738B5264D2B695C6F3C
:10CC780034B36FF404731C44D4F8E03104F1B00009
:10CC880094F8E411013394F8C12094F8BFC041F13D
:10CC980000019B1A01F0FF0161F10001013341F12C
:10CCA8000001A3FB0C230CFB0133002B01DA00224B
:10CCB800134611F0D7FAD4F81142002CD9D12B69B8
:10CCC800002403F120001C771CF054FC58B9286993
:10CCD800037820301BB9BDE838401CF08DBCBDE896
:10CCE80038401CF079BC286901210378203000F80D
:10CCF800044C1BB9BDE838400CF0DEBDBDE8384037
:10CD08000CF0B6BD300D002190F8C01108B590F8B0
:10CD1800BE3090F89021A1B1D11E012938D9012A3D
:10CD280048D0022A58D190F8A8100F33827DC81E27
:10CD38009B00012835D89001963300F5747018448B
:10CD480008BDD11E012911D9012A36D0022A43D1A2
:10CD580090F8A8100B33827DC81E9B0001280ED8BE
:10CD68009001963300F53470184408BD9B0103F513
:10CD7800347390F8A810827DC81E0128F0D90129C3
:10CD880024D0022928D1900096332C30184408BDAD
:10CD98009B0103F5747390F8A810827DC81E0128C2
:10CDA800C9D901290CD0022916D1900096333C30FC
:10CDB800184408BD0E33DB00EDE70A33DB00D8E783
:10CDC800D200963302F17000184408BDD2009633A1
:10CDD80002F15000184408BDFEF7A0FC00287FD0DF
:10CDE8008446F0B500244FF0020EDCF8110230B38F
:10CDF8006FF4047500EB050C9CF8C80101282CD0D1
:10CE080002380128F1D89CF8F1010028EDD1002A58
:10CE18004FD09CF81700A8B3DCF8E061DCF8A070EC
:10CE28009CF8E451DCF8A400BE4275EB000029D35D
:10CE38009CF8B5019042D8D960461A70F0BDFCB98B
:10CE4800486FE8B16FF40474013200EB040CD2B2FD
:10CE580001249CF8C8010128D2D108780028C4D13F
:10CE6800BCF8D451488E401B0004BED4DCF8E00165
:10CE78008CF8C8E10630ACF8D251CCF8D401C2E73E
:10CE88000020F0BD9CF8BF0058B1DCF8E061DCF888
:10CE980088719CF8E451DCF88C01BE4275EB000007
:10CEA800C6D208780128A0D19CF8C90100289CD1D5
:10CEB800BEE74C8EBCF9D201B1F93210ACF8D241C0
:10CEC800091ADCF8E00189B241186046CCF8E01193
:10CED8009CF8E41141F100018CF8E4111A70F0BDDE
:10CEE800002070472DE9F04FD24D8DB0044688469A
:10CEF8002B691B78002B40F08881FEF709FA06465B
:10CF0800002800F0CB812B6906F1A60094F8CF2108
:10CF18001F7FD4F8E09101371FFA89F3FFB2BA42B4
:10CF280005D194F8D011DAB2914200F0AF810097A0
:10CF380004F5E571D4F8B82119F078FE824684F832
:10CF4800CF7184F8D09184F8CE010D21B4F8AC01EA
:10CF5800F4F778FD0746002800F0638194F8900103
:10CF68000FF0D8F907EB40077B7E84F891312B69E5
:10CF780004F19801204604F1B00B1B7F0093637EF7
:10CF8800E27D01F03FFD2B6904F5C07128751B7F18
:10CF98002046009394F8BF7094F8C1303A4601F0E7
:10CFA80031FDD4F8E03194F8E4115846013341F1E9
:10CFB8000002A3FB073102FB07115A1E61F10003AF
:10CFC800DBB21EF05AF8E37D002B00F0F780D4F8AE
:10CFD800A030D4F8E071D4F8A42094F8E4119F426A
:10CFE80071EB0202C0F0EA8094F8BF20002A00F03A
:10CFF8005981A7EB030ED5F810C0D4F89C219CF8F2
:10D008001C30BEF1FF0FD4F8880103FB02F2D4F8FC
:10D018008C9100F267818742DCF804304FF0010000
:10D0280003FB0E2371EB0901C3F10003C0F0E2809A
:10D03800D4F88811791AFF2900F25481D4F898712C
:10D04800BA1ADCF81070D21BDCF8047007FB112741
:10D05800002200284FF000014046099308BF022231
:10D06800697029780892FFF703FD2969814691F8CC
:10D0780000C0BCF1010FDDE9082300F0E180D1E92F
:10D08800100118EB000041F10001B0EB090061F15B
:10D09800000106F58076CDF818B00097079604F5DC
:10D0A800DC76059404960026CDE9022A01966246AC
:10D0B800FDF7E2FD2B696C601B78012B00F0AF8057
:10D0C80094F8A8004FEA490910F020FF94F8A82026
:10D0D800594B03EB82035E6A584B06F2E736A3FB13
:10D0E800063609EB96163044FDF772FE2F6968681C
:10D0F8003B7E39463A7F012B0DF12F0300F09680D5
:10D10800FFF73CFD0446002C55D07A6F9DF82F3070
:10D11800002A00F0EC8052F8796C2046D4F89C2163
:10D1280002FB03F3D4F898219B1A1E44FFF7ECFD89
:10D13800AB69304498423ED83B782046EC61002BDE
:10D1480000F0A780FEF7EEF8002864D09DF82F7055
:10D15800A6EB080694F8CF21A6300137D4F8E08171
:10D16800FFB21FFA88F3BA4205D194F8D011DAB2A7
:10D17800914200F0B480D4F8B82104F5E571009725
:10D1880019F054FD84F8CF71074684F8D08184F8EB
:10D19800CE012B691B78012B00F096806421304664
:10D1A8001EF022F80230234604F5DC7280B23946BC
:10D1B800301AFDF749FE0DB0BDE8F08F94F8BF00B6
:10D1C800002859D0D5F810C0D4F89C31D4F8E071B3
:10D1D800D4F888119CF81C2094F8E4018F4203FBD2
:10D1E80002F2D4F88C3170EB03034FF000000346D1
:10D1F800BFF41EAFDCF80470DCF81010BF1AD4F8C6
:10D208009821174401227F1A23E7FEF78BF8064678
:10D2180000287FF478AE8E214220F3F77FFD304658
:10D2280062E796F8803084F89131A0E6FFF7D6FDE2
:10D23800044668E7300D0021B8500301D34D621051
:10D2480094F890E12B4800EB4E00DFF8ACE0008B3F
:10D2580000F5FA70AEFB00E04FEA901ED1E910012C
:10D26800903041F1000110EB080041F100011EEB84
:10D27800000041F100010CE7D5F810C00346D4F8CE
:10D288009C719CF81C2007FB02F2B3E794F8CEA12E
:10D298005BE6FEF73DF800287FF458AF8521422071
:10D2A800F3F73CFDFF1AD5F810C0D4F89C319CF870
:10D2B8001C20FF2F03FB02F214D8DCF804300120F5
:10D2C80003FB07277B4295E704F1B00304F5DC7202
:10D2D80039463046FDF7DAFD0DB0BDE8F08F94F819
:10D2E800CE7156E740F2EB114220F3F717FDFFF736
:10D2F80035FB00BFB8500301D34D621083072DE9F9
:10D30800F0479A4D8AB003D56B683D2283F8F12126
:10D318002E696C6896F81C8094F8B53108F1010202
:10D3280095F814909A4274D010F001006CD1337EB5
:10D338000DF1100A8DF810004246012B3146534674
:10D34800204673D0FFF71AFC9DF810300746337754
:10D35800002F56D006F120001CF00CF900287BD1D4
:10D368002A69536F167F002B00F0F88053F8791C58
:10D378003846D7F89C3103FB06F6D7F89831F61AE9
:10D388000E44FFF7C1FCAB69304498423CD8EB69C6
:10D398009F425DD0FDF768FC10F07CF831463846B6
:10D3A800FFF7A0FDB9F1000F08D04FF0000994F87D
:10D3B8003130002B43D0B9F1000F25D194F8B531A5
:10D3C8004246D4F88051D4F8E00194F8846194F886
:10D3D800E411029394F8BF30019394F8C13000939C
:10D3E80004F5C07301F0DEFA10B1013546F100060C
:10D3F8002A46334604F1B0000AB0BDE8F04710F001
:10D4080031BFB9F1000FD2D10AB0BDE8F047FFF73C
:10D418002BBC3378002B87D194F85231002B83D161
:10D42800D4F878310133C4F878317DE7FFF7D6FCBA
:10D438009DF8103007463377002F8BD1E1E74C4930
:10D4480004F129001AF0C5F9B9F1000FB6D0DBE7ED
:10D458006B78002B9ED0A1E72E6911F047FF97F853
:10D46800BF300021FA7DD7F89C71934238BF13462C
:10D478002A69013BD26E049107FB03F3CAF8141022
:10D48800934238BFD21A02F58873CAE90111CAE972
:10D4980003118DF8180005933378012B3ED1AB6842
:10D4A80002F5D072DB1905920893EB6843F100038B
:10D4B8000993514696F82400B26313F0F9FB00284B
:10D4C8004ED010F077F813F063F994F8B531D4F82A
:10D4D8008051424694F88461D4F8E00194F8E4114C
:10D4E800029394F8BF30019394F8C130009304F587
:10D4F800C07301F057FA10B1013546F100062A460B
:10D50800334604F1B00010F0ADFEB9F1000F02D0BF
:10D5180094F83130D3B10AB0BDE8F087337F03FB0C
:10D5280007F73846FFF7A4FA336C00F1C902503008
:10D53800FF18736C43F10003BF1A059A63F10003E7
:10D54800089702EB400209930592B2E7084904F1F3
:10D5580029000AB0BDE8F0471AF03BB9FFF7FEF919
:10D5680040F2B6514220F3F7D9FB00BF300D00213D
:10D578009BA40201F8B55F4D0023446F2B7028610E
:10D58800002C7DD06FF4047C0221644494F8C831E7
:10D59800012B62D0023B012B55D894F8F131002BB6
:10D5A80051D1B0F93230B4F9D261D4F8E0219B1BE3
:10D5B80094F8E411408E9BB2A4F8D201D31841F13B
:10D5C8000002C4F8E03184F8E4212E69736F13B1C6
:10D5D8001A68002A5FD0F26E0220AA6113F0DCFFFD
:10D5E8000221D6E91B73DF1B874228BF0746402F5D
:10D5F80038BF4027384614F023F8002844D00FF0ED
:10D6080019FCFDF731FB3C493C48FDF723FB13F0BF
:10D618004FFA2B695A6F1B7FC5E90201002A66D0B1
:10D62800D4F89C0152F8791C00FB03F3D4F8982134
:10D6380020469B1A1944FFF755FC2869BDE8F840B5
:10D6480020301BF0BCBFD4F81142CCB16FF4047683
:10D65800344494F8C831012B9CD10378002BF2D1C3
:10D66800B4F8D421438E9B1A1F04ECD4D4F8E031CB
:10D6780084F8C8110633A4F8D221C4F8D4318CE751
:10D68800BDE8F840FFF7F0BAAB693B44AB61B36B58
:10D698003B44B363B3E76FF4047153F8750CF26E4F
:10D6A8000B4493F8BF10DB7D8B4238BF0B46012B30
:10D6B80038BF0123B2FBF3F303F5087383428BD21F
:10D6C800337F002B88D106F120001BF053FF10B1E7
:10D6D8002E69F26E80E7286920301BF046FF00288B
:10D6E800F6D12869064920301BF0CFFF87E7FFF7FE
:10D6F80035F900BF300D002105D3000171C90001C3
:10D70800EDC800012DE9F041037E0546002B58D0F5
:10D71800436F002B00F0A5806FF4047100260B44C2
:10D72800304693F817C01C4693F8BF20944538BF7D
:10D73800944693F8B521824201D310461E46D3F889
:10D7480011326BB16FF404721344DA7D93F8BF1091
:10D758008A4238BF0A469445EBD894461C46E8E707
:10D76800002E00F082802B78002B67D120464FF0E6
:10D778003908FFF7C9FA94F8BF30E27D934238BF01
:10D788001346013BDAB26B6F53F8797CD4E9663102
:10D79800FB1A01FB0233434418442B78E8666BBB41
:10D7A8003046FFF7B1FA96F8B5313930013BDBB2B4
:10D7B8003844D6E96612401A02FB03002867BDE820
:10D7C800F081743015F00BFF002852D06FF4047408
:10D7D8002B78041926468BBB4FF039082046FFF7F3
:10D7E80093FAE37D94F8BF20934238BF1346013B78
:10D7F800DAB26B6F002BC7D1FFF7B0F896F890211B
:10D808001E4B96F8A80003EB42031C8B10F086FB16
:10D818000746304604F24554FFF776FA184BE219EA
:10D82800A3FB023296F8B53100EB9210013B6A6F08
:10D83800DBB2002AE0D052F8797CB9E794F890215D
:10D848000E4B94F8A80003EB42031F8B10F066FB05
:10D858000B4B07F245570744A3FB07234FEA9318DE
:10D86800BCE7E6214220F3F759FAE7214220F3F713
:10D8780055FAC2214220F3F751FA00BFB85003010C
:10D88800D34D62102DE9F04F426F85B0D1E904897C
:10D898000291002A00F0E8806FF404750021044624
:10D8A800DFF8DCA12A440E460125DFF8D8B1D2F80A
:10D8B80098311746019397F8C831032B00F2DB80A3
:10D8C800DFE803F039774002D7E97623904579EB12
:10D8D800030316D2D7F8983097F89C30180603F04F
:10D8E80080020ED4D7F8803197F8843103F0800392
:10D8F8001A4306D197F8E42102F08002134300F09E
:10D90800878097F8F131002B6BD1082387F8C8611D
:10D9180087F80632237843B907F2112104F174001D
:10D9280015F028FE002800F09A80514607F2FD10F5
:10D9380019F04CFF0121D7F81172F7B16FF4047395
:10D948001F44B8E7D7F8D42197F8F13103F0FF0066
:10D95800002B35D1D7F8E03113F1010C97F8E431F9
:10D9680043F10003944503F0FF0373F1000341D230
:10D97800D7F811720546002FE0D1B5B92378A3B9BD
:10D98800636F002B70D053F8793C019AD31A6DD489
:10D99800226993425ED202980269D21802614269F2
:10D9A80042EBE3734361002950D1284605B0BDE836
:10D9B800F08F97F8F13103F0FF020BB91546BAE77B
:10D9C80097F8F13103F0FF027BB9032387F8C831D8
:10D9D800594607F2F31087F8FC2119F0F7FE0121E8
:10D9E800A9E797F8F131DBB290E72378CBB187F854
:10D9F800C861EDE7237803B33E23594607F2F310D5
:10DA080087F8C86187F8FC3119F0E0FE012192E738
:10DA180097F8F13103F0FF02002B7FF472AF15463F
:10DA280089E707F2112104F17400039215F0A2FDB1
:10DA3800039A0028DBD1FFF715F807F2112104F14A
:10DA4800740015F097FD0028D6D1F4E72046FFF7BB
:10DA580059FEAAE740F24F514220F3F75FF940F22E
:10DA68008D414220F3F75AF9FEF778FF40F24E5104
:10DA78004220F3F753F940F23E514220F3F74EF9B2
:10DA880045B10001ADB30001436F0BB11A680AB18B
:10DA980000207047C26E6FF4047053F8751C03447D
:10DAA80093F8BF00DB7D984238BF1846012838BF7D
:10DAB8000120B2FBF0F000F5087088422CBF00206E
:10DAC80001207047014B024A1A607047300100215B
:10DAD800E8DA0001014B1868704700BF30010021E7
:10DAE800A1C8000119CB00017DD50001E9C80001DA
:10DAF800E9C8000191DA01018DD800012DE9F84F3C
:10DB080005460469D1F8980198466B6C0E46241AAC
:10DB1800286C91469DF828A0241843F1000B12F0B8
:10DB2800C7FFA04271EB0B0380F0838013340246D9
:10DB38004BF10003201A6FF0004463EB0103A0428D
:10DB480073F1000470DAD9F81C400027844277EB9F
:10DB5800030C35DBB9F898E0BC46BAF1210FBB4697
:10DB6800F444A8F800C03ED0B0F5FA7F73F1000481
:10DB780039DA6C682D692018D6F89841A4EB0505A8
:10DB880043F1000315F1290C4FEAE57545F100054D
:10DB98001CEB020241EB0501D7194BEB01043F18BE
:10DBA80043EB0404C6E97A74012873F1000245DBEB
:10DBB8006FF07F42904273F1000330DABDE8F88FCE
:10DBC800B0FBF4FC1FFA8CFCACFB047EC01BACFB66
:10DBD800047B63EB0E03B9F898E0BAF1210FF44423
:10DBE800A8F800C0C0D12D69D6F89841651B15F179
:10DBF800290C4FEAE57545F100051CEB020241EBE3
:10DC08000505D7194BEB05053F1843EB0505BAF198
:10DC1800210FC6F8E871C6F8EC51C9D0C4E740F244
:10DC280073411320F3F77AF840F23C411320F3F7DD
:10DC380075F840F239411320F3F770F840F271415A
:10DC48001320F3F76BF800BF2DE9F041446894F80E
:10DC58009F501DB101252846BDE8F0810E4604F00D
:10DC680031FACA0715D41A261F22322384F82A61EA
:10DC780084F82B2184F89F3094F8E030002228465D
:10DC88000133A4F8DE20A4F8BC2284F8E030BDE813
:10DC9800F08104F526773046394619F063FC94F88C
:10DCA800A430002B40F09A8094F8A330002B40F069
:10DCB8009580B4F89880E66904F00AFA94F89A32E4
:10DCC800022B07D843B91E2623223846002114F018
:10DCD80075FCC9E7042BF6D1C0431842C2B240F024
:10DCE800848094F89B32022B74D9042BEBD11A420E
:10DCF8007BD194F89D3203F0C003C02B75D0B4F8E3
:10DD0800A632002B73D194F8AE321B07DBD1B4F8DE
:10DD1800A832002B6ED194F8AE3213F0F00FD2D1A6
:10DD280094F8AA325A1E1E2ACDD894F8AC22012B98
:10DD380094F8AB3243EA022394F8AD2243EA024353
:10DD480002D0B3F5C87FBED3B4F8B11240F2E242B4
:10DD580001FB02F29342B6DA94F8AF32002BB2D04C
:10DD680094F8B032002BAED00B1F40F67C429BB229
:10DD78009342A8D894F8B42294F8B33243EA022321
:10DD880094F8B52243EA0243B3F5FA7F9BD39E4247
:10DD980099D994F8B71294F8B62242EA012294F875
:10DDA800B81242EA014293428DD8B4F8B932A3EBD3
:10DDB80008031BB2002BB8BF5B429BB2B3F5804F80
:10DDC80081D22A230D4904F2F92084F89F3019F0F2
:10DDD80000FD51E7002B3FF476AF88E71DF036FAD7
:10DDE80000287FF466AF25266EE720266CE7FB2B1C
:10DDF8008DD968E7FB2B93D965E700BF61BA0001AD
:10DE0800FDF79CBA4B682DE9F041D3F8385182B040
:10DE180025B940F2DB111320F2F780FF0C466FF4AE
:10DE280005730821074635F8670C1D44F3F70AFE09
:10DE38006368DE6903F14408D5F8A031013E9E42CB
:10DE480028BF1E4618F05BF96268014692F8003256
:10DE58000B2B2CD8D069184A32F81330194489B2E0
:10DE68001DF0C2F90446404619F0F3FC0346C6F318
:10DE78000F2238461C44D5F8A43169461134640091
:10DE8800B44228BF34469C4238BF1C46009B64F30A
:10DE980017030093B5F8B2318DF80360ADF804208C
:10DEA800ADF8063019F0D3FB02B0BDE8F08140F2BE
:10DEB800C1310620F2F732FFF05003010B4600B5DE
:10DEC8005B6883B093F85BC101A993F85A2193F872
:10DED8005C318DF804C08DF805208DF8063019F0F6
:10DEE80017FC03B05DF804FB202901D0022070471D
:10DEF80030B590F89F3083B004462C2B07D1D0F86A
:10DF080038513DB94FF4FF711320F2F707FF022093
:10DF180003B030BD082135F8670C0192F3F792FD84
:10DF280094F8E03000216FF40572013B84F89F10EB
:10DF3800A818A4F8DE105BB2019A8B4284F8E0308E
:10DF48000BDB80F8FC210AB180F8C811A5F122008A
:10DF5800044919F03BFC0020DAE740F203211320C2
:10DF6800F2F7DCFEADB3000190F89F302A2B00D009
:10DF7800704790F80133002BFAD190F8C632002B85
:10DF8800F6D1C2690139B0F8BC32B0F80EC21144FA
:10DF98006344B1FBF2F19BB28B42A0F8BC32E7D3E9
:10DFA800024900F2BE2019F014BC00BF35B50001CB
:10DFB80008B5436893F89F202B2A0AD1002193F9CA
:10DFC800E0202C208A42A3F8DE1083F89F0005DBAE
:10DFD80008BD40F22E211320F2F7A0FE40F23121B5
:10DFE8001320F2F79BFE00BF08B50A794979FDF7BF
:10DFF80013FD4FF6FF73984200D108BD0921F3F7CE
:10E0080021FD18B1162380F8F13108BD40F23D21F9
:10E018001320F2F783FE00BFD0F8883270B5002BCA
:10E0280047D013F8512C6FF406710446022A03EB0B
:10E03800010503D01B68C4F8883270BD0821B5F803
:10E04800AE01F3F7FFFCB4F89830B5F8B2216FF0E1
:10E05800004CE6696FF0020ED21A13B242F3C031D7
:10E06800A3FB063206FB0122D5F8A8115B184FF076
:10E07800000142F1000213EB0C0C42F10002E645EC
:10E0880071EB02021AD3002B41680BDB0622D4F88D
:10E098008832C5F8D421002BCCD14FF45771132006
:10E0A800F2F73CFEDA430A44B2FBF1F292B20632CE
:10E0B800EDE74FF455711320F2F730FE40F2E521F9
:10E0C8001320F2F72BFE00BF2DE9F04F45688BB007
:10E0D80095F89F302C2B05D04FF0020948460BB01D
:10E0E800BDE8F08F084606A919F0F8FAD5F8388186
:10E0F800B8F1000F04D140F26F311320F2F70EFE91
:10E10800082138F8670CF3F79DFCBDF82520B5F811
:10E1180098306FF4057E0446D31A08EB0E071BB23D
:10E12800002BB8BF5B429BB2B3F5804F80F00581EE
:10E13800BDF8203042F2107C9DF81F604FF00009B6
:10E14800E98CBDF8220046EA03269DF824300CFB32
:10E1580001F140EA0340079BE165C3F31703069901
:10E16800C7F8B81126616168C7F89801C7F8A831DF
:10E17800A7F8B221A368627DE07D0096FDF756FE00
:10E188002669F860E368A27D6168E07D0096FDF786
:10E198004DFEB5F89820BDF82530079E9B1AD5F896
:10E1A8001CC0C6F31701C7F8B4001EB243F3C0334E
:10E1B8006FF07F42A6FB0C6076180CFB0303B14896
:10E1C80043F10003B21843F10001904279EB0102D8
:10E1D80097F8242038BF4FF02009002A40F0A38088
:10E1E800617DD7F898C10139D4F804E00EFB01C16C
:10E1F800D5E9A02B396116EB020A21694BEB030024
:10E20800BAEB010160F1000011EB0C0140F10000D4
:10E21800C7F8E811C7F8EC01B9F1000F40F0958094
:10E22800002BC0F2C680049604F1200A05925046DD
:10E238001BF038F9059A0646002800F0C780616F80
:10E24800002900F00F81D7F898016FF4047C51F889
:10E25800793C8C44984240F29B80434643F8041D25
:10E26800636720460592FFF74DFA636F002B00F0B5
:10E27800038153F8790CD7F89831049AA0EB030C72
:10E288006245059A80F0D4804FF000080592BEB12F
:10E29800002150461BF0C1F994F8240012F064FFE5
:10E2A800059A002800F0D4800021049E5B46504661
:10E2B800CDE90111616801FB186100910BF04AFA80
:10E2C800638E01339844A7F8D481237E012B00F094
:10E2D800A080636F002B00F0CA806FF404729A1854
:10E2E8001B68002B00F0B98053F8791CD2F89831DC
:10E2F800D2F89C215B1A934280F08B800123002284
:10E30800237695F8E03085F89F20013BA5F8DE20BC
:10E318005BB2934285F8E030BFF6E0AE40F2F631EA
:10E328001320F2F7FBFCD7F898C1A168D4F804E0F1
:10E338006144627D0EFB02115AE7EB8C42F21072C7
:10E348004FF01E0902FB03F3C36595F8E030002285
:10E35800013B85F89F20A5F8DE205BB2934285F843
:10E36800E030DBDB87F8FC919146A8F122004649B2
:10E3780087F8C82119F02AFA48460BB0BDE8F08F93
:10E3880056F8791C6FF4047E8842B6445AD8F4468D
:10E39800DCF81162002EF3D108F8046CA8F1040827
:10E3A80088F8016088F8026088F80360CCF8118268
:10E3B80057E7F34387F8E4917344B3FBFEF399B24C
:10E3C8000EFB0163C7F8E01104932DE7636F404625
:10E3D800059240F8043D60672046FFF793F9012451
:10E3E80004995B46A7F8D4415046059A0091CDE9B7
:10E3F80001660BF0AFF995F8E03085F89F60013BB6
:10E40800A5F8DE605BB2002B85F8E030BFF666AE9B
:10E4180084E795F8E0300022013B85F89F20A5F8B5
:10E42800DE205BB2934285F8E030BFF657AE75E761
:10E43800A3EB0008049B60689844B8FBF0F81FFA47
:10E4480088F823E748F8046D0026CCF8118208E71D
:10E4580040F2C9311320F2F761FC40F2CF211320BA
:10E46800F2F75CFC40F292211320F2F757FC4FF4CC
:10E4780033711320F2F752FC40F2F5211320F2F722
:10E488004DFC00BFFF869304ADB30001F0B50B4609
:10E4980083B0476801A9184619F041F9D7F83841FF
:10E4A8001CB39DF805509DF8046002E0D4F81542AD
:10E4B800DCB16FF405731C4494F8B431AB42F5D168
:10E4C8000821B4F8AE01F3F7BDFA037DB342EDD1EC
:10E4D8009DF8063084F8F13197F856312BB197F84A
:10E4E8005A219DF805309A4202D0002003B0F0BDB1
:10E4F80097F85B219DF804309A42F6D197F83231AB
:10E50800222BF2D0002387F85631EEE7704700BF80
:10E51800D0F8A8308BB190F8312003F8242CFF21D3
:10E5280003F8231C1B6843B190F8312003F8242C0E
:10E5380003F8231C1B68002BF6D170472DE9F04720
:10E54800D1F804808CB0D8F88892B9F1000F00F0A7
:10E55800DF800746082139F86B0CF3F773FA6FF47C
:10E568000673054609EB0304002800F0CC8098F8F0
:10E57800A43084F8C031D8F83830C4F8BC31B8F8C1
:10E588002630A4F8B631FFF7BDF8D4F8A461002E00
:10E5980000F0A280D4F8A0310DF10C08B4F8B2C193
:10E5A80094F89001002294F8A810A0F1030EBEF18F
:10E5B800010FA1F1030ECDE90422CDE9062298BF8F
:10E5C8000420CDF81F20BEF1010F95F814E098BF84
:10E5D80004218DF80CE094F8B4E18DF80F108DF853
:10E5E8000E008DF80DE0B4F8BC0095F81790C0F354
:10E5F8000B00D5F80CE0D5F808A040EAC930BDF802
:10E608001090BDF8181009F4E04921F47F6140EA40
:10E618000900B4F8149021F00F01ADF8100010466D
:10E628006AF3130005908DF817E0CEF30B2E41EA3C
:10E638000E01ADF81810BDF8121069F30B01ADF812
:10E64800121094F8BE10ADF81A10A17DADF81C1088
:10E6580094F8B51101298DF81E1003D0D4F89C2127
:10E6680022F07F428DF81F203846C2F30727120C8C
:10E6780041468DF820708DF8212094F8BF20E47D64
:10E6880002F00F0242EA0412244C8DF82220B5F859
:10E698001520ADF823206A688DF82760A4FB024294
:10E6A8008DF82A30920AADF82DC0ADF82520C6F3B2
:10E6B8000722C6F307468DF82820C3F30722C3F3C1
:10E6C80007438DF829608DF82B208DF82C3018F031
:10E6D800DCFE0CB0BDE8F08742461F230DF10C08A4
:10E6E8002146009328464346ADF80C60FFF706FA2A
:10E6F800BDF80CC049F8790C064649F8750C034674
:10E70800A4F8B2C14CE740F281411320F2F706FBAE
:10E7180040F27F411320F2F701FB00BF5917B7D130
:10E7280008B5436893F89E201AB92D2283F89E20D5
:10E7380008BD40F2B6411320F2F7F0FA10B544686C
:10E7480082B094F89E302D2B02D0022002B010BD6A
:10E758000846694618F08DFFBDF80630B4F89820D1
:10E768009B1A1BB2002BB8BF5B429BB2B3F5804F1C
:10E77800D4F8883237D2D3B313F8292C02F0FF002B
:10E78800F2B14FF0000C2021322284F82D11002123
:10E7980084F89E20A4F8D81013F8292C02F0FF0062
:10E7A800AAB14420D4F8882284F82C0122B3126834
:10E7B800C4F88822162203F8282C084602B010BD97
:10E7C8002E23A4F8D80084F89E3002B010BDD4F8E7
:10E7D800882284F82CC17AB11268C4F8882203F818
:10E7E80028CC02B010BD13B14FF01E0CCBE740F29D
:10E7F800E3411320F2F792FA4FF4B7711320F2F7BE
:10E808008DFA00BF08B50022D0F8883280F89E2023
:10E8180080F8DC2033B11A68C0F888221A2203F87D
:10E82800282C08BD40F20A511320F2F777FA00BFEE
:10E838002DE9F043D1F8048087B0D8F88842002C3D
:10E8480064D06FF406730746082134F86B0C1C4437
:10E85800F3F7F8F80546002853D0D4F8A861A6B312
:10E86800B4F8B2010DF1080894F8243043BBD5F888
:10E878000CC06B68D4F898212D69B3FBFCF3511BCD
:10E88800013B0CFB1311D4F8B831216141460293C6
:10E89800ADF81220C2F30742039BADF815003846C5
:10E8A80066F317038DF81420C5F30F220393ADF810
:10E8B80010208DF80F5018F0ECFE07B0BDE8F0837B
:10E8C8002D69D4F89821511BDDE7424621230DF12B
:10E8D800080821460093B1464346ADF80860FFF7A3
:10E8E8000DF96B8E0646C4F8A8010133BDF808007F
:10E8F800C4F8E091A4F8D231A4F8B20184F8E49104
:10E90800B2E740F216511320F2F708FA40F2145118
:10E918001320F2F703FA00BF426808B592F89E3058
:10E928002E2B1CD10021D2F8883282F89E1082F852
:10E93800DC107BB113F8512C6FF40671012A0B44DB
:10E9480000D008BD4FF0FF310222C3F8D41183F87C
:10E95800C82108BD40F23B511320F2F7DFF940F21D
:10E9680034511320F2F7DAF91F29034610B509D0FC
:10E978000220D3F8881281B10C68C3F8884201F8E4
:10E98800282C10BD90F89E102D29F1D100210846A1
:10E9980083F89E1083F8DC10EBE740F26A511320ED
:10E9A800F2F7BCF9F0B59DF814C09D681CF1FF3C66
:10E9B800DC689DF81C606EEB0E0E1CEB050C44EB3E
:10E9C8000E0E60459DF8184071EB0E0718D3BCB1C8
:10E9D80084457EEB010111D3A4FB055119681B790D
:10E9E8004D1BB6FBF4F0EDB2013C641B04FB106454
:10E9F800E0B2824234BF00200120F0BD0120F0BD0A
:10EA08000020F0BD2DE9F04F85B09DF83840002A70
:10EA180000F08780D0F8E07190F8E48190F8B5E1D3
:10EA2800002C51D0581E8E680D686CEB0C0CD1F878
:10EA38000CA0A6FB029B0B7902903318CDF80CC0F2
:10EA48004AEB0C0CB5EB090502FB0ABBEDB2BEFBA9
:10EA5800F2F00090501E451B0190BEFBF2F005FB42
:10EA680010E5EDB2A54256D1E04508BF9F4252D10C
:10EA78000D6848460B79013543F100030D600136F6
:10EA88004D6803F0FF034AF1000A121863F3070503
:10EA98004BF1000B4D600D680B795B4508BF954243
:10EAA80067D00B680A79B3EB0900019BC0B2013447
:10EAB800181A009B00FB13E0C0B2201AB0FA80F0CD
:10EAC800400905B0BDE8F08FF81A68F1000CBCF1F8
:10EAD800000F47DB0130D1F800900E794CF1000CA3
:10EAE800A2FB00AB02FB0CF5D14500FB04555D44CD
:10EAF800AE411AD3013BD1E90205BEFBF2F66CEB3D
:10EB08000C0C1B18A2FB000B02F1FF3245EB0C0C9E
:10EB1800009681460192E04508BF9F420A6809793C
:10EB280024D0002005B0BDE8F08F0CF0FF06C1F836
:10EB380000A005F0FF05D1F804C0013B65F3070C00
:10EB4800C1E90206C1F804C06CEB0C0C1B18A2FB4F
:10EB5800000B814646EB0C0CBEFBF2F0013A00902C
:10EB68000192D8E74FF0FF308446B3E7B2EB0900D3
:10EB78009BE7029B9146039AF3188E60C1F80CA09C
:10EB88004AEB020CC7E700BF30B5046802790134CC
:10EB9800836842F1000204604468013302F0FF0216
:10EBA80062F30704C268446042F10002A1FB03E477
:10EBB800056890F804C001FB02418C4508BF754503
:10EBC80008BFC0E9023230BD10B5044614F0C4FED7
:10EBD80008B9002010BDE04314F0BEFE0028F8D0AC
:10EBE800E31683EAA4635A1E1A42F2D0E3B25A1E0D
:10EBF80013405A1E1342ECD0A0B218F02DFF0B2878
:10EC0800E7D8204618F024FF1828E2D8A3B2B3EBBF
:10EC1800144F04D184EA142313F0FF1FD9D0044BF6
:10EC280063405A1E1A4214BF01200020D2E700BFD9
:10EC3800D6BE898EF0B5070C164BA7F5AA4203EA93
:10EC48009023543A012A20D927F4004042F6AA22F8
:10EC5800801A18BF0120002216211F24164687EAB1
:10EC6800060562EA0505013511D0DD0301394FEAD1
:10EC78005303ADB245EA56064FEAC4354FEA540489
:10EC8800ADB245EA5202EAD1F0BD0020E3E7002028
:10EC9800FAE700BFE0FF3F00F8B58D1F40F67A4C59
:10ECA8000746BDF82460ADB21046BDF8182065458A
:10ECB8003BD8841FA4B264458CBF00240124254698
:10ECC800AFBB1D4F3F796FB15CB96FF450654D19FB
:10ECD800062D06D86FF450640419062C8CBF002446
:10ECE80001242546FDB1814224D803FB0666B6F50A
:10ECF800FA7F1FDCA2F10A0340F676449BB2A342D6
:10ED080018D814F0A7FF42F2107300FB06F15A431B
:10ED1800B2EB410F0ED9BDF81C50BDF8200085425A
:10ED28008CBF002501252846F8BD0024C7E797F8C1
:10ED38008170C8E70025F6E7500D0021F0B502788C
:10ED48000346DFF894C001F10C060A7000254278EA
:10ED580040F2712E4A7082788A70D0F80320C1F888
:10ED68000320B0F80720A1F80720427A4A729407D6
:10ED78009CF8200001F1240481F8490002F0010008
:10ED880048BF0130520744BF0130C0B2EAB29042D6
:10ED980007D89CF8393081F84830002381F84A3088
:10EDA800F0BD03EB0512013557890EFB07F746F84E
:10EDB800047B97890EFB07F7B760D78924F8027B95
:10EDC800178AA780578A6781978A2782D78AE78216
:10EDD800128BA283DAE700BF500D00212DE9F7431B
:10EDE8000F460F21804616461D46F2F72BFE0446B5
:10EDF80000283AD06946404617F071FD20B140F22C
:10EE0800D3413920F1F78AFFDDF8048098F8F5300E
:10EE18009B072CD5284619F093FF04F15B01A8B194
:10EE2800144B1B6813B940F2DF41EAE72A46304623
:10EE3800984740B9A4F85860A4F85B7084F85A5011
:10EE4800FF2388F8543103B0BDE8F0830A4BD3F8A8
:10EE58000090B9F1000F02D140F2E541D1E72B460D
:10EE680004F17D023046C847E3E70220EBE71A20A9
:10EE7800E9E700BF5C01002160010021012821D8D9
:10EE8800022B0DD1A2F57A70104B98421CD8A1F52F
:10EE98007A70984218D88A428CBF12200020704796
:10EEA8000B48824210D8012B07D140F252739A4284
:10EEB8000AD9A1F6C410074BEBE7042BF9D140F6A9
:10EEC800C313F4E71220704730207047A7F9700287
:10EED8008FFD7002CBF370020138C0B2032808B569
:10EEE80004D940F217310620F1F718FF014B185CDE
:10EEF80008BD00BF085103010138C0B2032808B596
:10EF080004D940F217310620F1F708FF014B185CCD
:10EF180008BD00BF725103010138C0B2032808B50B
:10EF280004D940F217310620F1F7F8FE014B185CBE
:10EF380008BD00BFF051030110B504460A48F8F7B0
:10EF4800E5F90A492046F9F7C3FB2046F8F75EF8C9
:10EF580038B12046F8F7A0F82046F8F7CDF9002098
:10EF680010BD1220FCE700BF6C0D0021740D0021BC
:10EF78002DE9FF4106788046012E40F09880314601
:10EF88000020F2F75FFD054620B940F6C56139203B
:10EF9800F1F7C4FEB8F80430002B40F08280F7F790
:10EFA800B9FE00287FD195F83831002B7DD128464D
:10EFB800FFF7C2FF044600286FD1584F314630464C
:10EFC800F2F740FD97F83810064619B110B940F627
:10EFD800E161DCE73A7F0023CDE9023312F0010357
:10EFE8001CBFF86A0290520741BF04AA02EB8303D0
:10EFF8007A6B43F8082C002945D096F83831002B55
:10F0080041D0B8F80230002B3DD13B7F3046BA6A78
:10F01800009302ABB97FF8F7C7F8A0B33046F9F709
:10F02800B9FB06F14003804605F14002703653F8FB
:10F03800041BB34242F8041BF9D12846FFF77CFFB2
:10F04800024610B140F60371A1E7B8F10C0F07D1E1
:10F0580001462846FAF7E2F9F8B940F6077196E74B
:10F06800B8F1000F02D040F60C7190E77B7F28467C
:10F07800296D43F0040385F85430FAF78DF960B927
:10F0880040F60E7183E7B8F804202846B8F8021055
:10F09800FAF7C4F9002808BF0724204604B0BDE8E1
:10F0A800F0811124F9E73A24F7E70C24F5E7012168
:10F0B8000020F2F7C7FC054610B940F6217166E753
:10F0C800F9F7F6FA04460028E7D195F8543095F890
:10F0D800B02022B195F8B120134385F8B000053B64
:10F0E800012BDAD82B6D13B940F631714FE70121A6
:10F0F8000846F2F7A7FC29464FF4A472064613F017
:10F10800E7F90423316D304686F85430FAF744F9AC
:10F118000028C2D140F6367139E700BF500D0021F2
:10F12800114BF7B59C7E0646DD7E9F8B14B902F025
:10F13800CFFF0446A5B902F0CBFF054614B9092054
:10F1480003B0F0BD0028FAD0304601A98DF804407C
:10F158008DF80550ADF8067017F04FFC0020EFE76A
:10F16800002CF1D1EBE700BFD41100212DE9F043C9
:10F178009946694B044685B018680F461B790021EB
:10F18800029020461646654D8DF80C3003F030FD90
:10F19800634B20462780C4F83832AB6840F8443FB8
:10F1A800FAF750FE804602F08DFF2B7C10F0200FFE
:10F1B800A4F84E8084F84C305A4B0EBF1B22AA8804
:10F1C80069881B6814BFA4F86E10A4F86E20A4F810
:10F1D80070201BB194F9801038469847524F3B79FC
:10F1E800003B18BF012384F88130504B1B681BB1CA
:10F1F80007F10801208898474D4B1B6813B14D490A
:10F208002088984704F1280840461BF025F8494B08
:10F21800D7F83A00424659681B8903C2697804F155
:10F2280014001380AB886A8803330191033229786C
:10F238009BB2009192B204F11801F2F787FC63695E
:10F2480023B941F243113920F1F768FDA36913B9D5
:10F2580041F24411F7E714F05BFC2062B9F1000FAA
:10F2680004D004F0ABF820F07F40A06396F84A2061
:10F2780006EB4202508D14F0EDFC41F64B5301466B
:10F28800984246D9908C40F2E24214F0E3FCFBF736
:10F2980069F840F2E2430146E1612046C4F81012E1
:10F2A800A4F8143296F84A20E96806EB4206338E31
:10F2B800A384F38EE384FAF7C1FD02A904F1A60042
:10F2C80017F00BFCFF2384F83C32FB6C23B10122BE
:10F2D80004F5A171204698472046FFF721FF05460F
:10F2E80004F06CF80C230121B0FBF3F202FB1303CA
:10F2F8002046DBB25A1DD2B2082A96BF0D3384F8D5
:10F30800B22084F8B23003F073FC284605B0BDE89B
:10F31800F0834FF47A73BFE72C5A0301D41100210C
:10F32800940D002144010021500D002158010021B5
:10F33800540100218A0D0021034B044A1A60044B32
:10F34800044A1A60704700BF500100214596010128
:10F3580038010021B1920101014B024A1A6070473D
:10F368003C010021A59C010110B503210020F2F702
:10F3780069FB044670B90321F2F726FB044620B95D
:10F3880040F23D313920F1F7C9FC034B93F9501095
:10F3980019F0CBF9204610BD500D002138B517F0F3
:10F3A8004DFA002503F02EF91C4C02F09FFE18F0D0
:10F3B800EEF903F0AFFC04F0F7FE03F0DFFC0120E8
:10F3C80002F058FE164B174A29465D831A601B2225
:10F3D800DD839A80F9221D841D76134B2283586899
:10F3E800124A1B8922601422E06104F1240023845C
:10F3F800A576A580A57513F0E1F8012342F21072F5
:10F4080004F13A0084F8445084F8243084F8393000
:10F41800C4E90A22BDE838401AF024BF500D002183
:10F42800D411002103021B00085103011B004801ED
:10F43800044B41F64C521B215A611974C3E902224C
:10F44800FFF7ACBFD411002173B5384D0446AB6843
:10F4580040F8443FF4F7BCFC064602F033FE2B7C30
:10F4680010F0200FA4F84E6084F84C30304B0EBFDB
:10F478001B22AA8869881B6814BFA4F86E10A4F818
:10F488006E20A4F870201BB194F98010208898474A
:10F4980028490B79003B18BF012384F88130264B9B
:10F4A8001B6813B108312088984794F881302046AA
:10F4B800002B41F64C5318BF4FF47A73E361FFF702
:10F4C8002FFE064648B102212088F2F7D1FA40B350
:10F4D80040F2B9513920F1F721FC184B1B6813B1E0
:10F4E80001462088984704F128001AF0B5FE69788B
:10F4F800AB8804F114006A88019103332978033238
:10F508009BB2009192B204F11801F2F71FFB6369F4
:10F5180013B940F2CE51DDE7A3691BB940F2CF51D0
:10F52800D8E70926304602B070BD00BFD4110021CB
:10F5380044010021500D00215801002154010021EF
:10F548002DE9F34105460E4619F034F9002800F07C
:10F55800AE80284619F0C4F930B1B6F80130013B45
:10F568007F2B01D9122404E0284619F0BDF920B9EF
:10F578000C24204602B0BDE8F0812846F4F70CFEC2
:10F588000028F5D1284619F0BAF880460028EFD1AE
:10F59800284606F0C9FA0028E4D042F21073B6F8FB
:10F5A8000170F17828465F4319F082F90421307818
:10F5B800F2F748FA044606213078F2F743FA002CAD
:10F5C80077D038B141F661113920F1F7A7FB04462D
:10F5D80090F8BD80404E3368002B6CD040342046F4
:10F5E80019F0A4FF002866D0204619F05BFF002818
:10F5F80061D1B8F1000F08D0384B20461B689847F6
:10F60800002858D041F67511DEE73549424633687F
:10F6180020464969984700284DD041F67A11D3E72A
:10F62800284619F05DF940B902210DF10600F2F7FC
:10F6380093F9064658B90D249BE7284619F062F954
:10F648000028F1D1274B1B79002BEDD18AE7002147
:10F6580003F07CFABDF8063028463146338019F0AD
:10F6680066F9284619F04EF9A0B9284619F054F958
:10F6780001463046FFF7E8FE044600287FF479AFDC
:10F688003A4631462846F4F78BFA044620B141F64B
:10F69800A61199E70121ECE7124BDB6C002B3FF434
:10F6A80068AF024606F5A1713046984761E74224E3
:10F6B8005FE700288BD1284619F006F90146002893
:10F6C800AED13A462846F4F76BFA044600283FF4D0
:10F6D80050AF41F6831177E7500100214C0100211A
:10F6E800D4110021500D00210378032B9DBF03F096
:10F6F8000103034A0020112098BFD377704700BF49
:10F70800D4110021064B01889A88914206D3B0F89B
:10F71800032091B211B100201A847047112070475C
:10F72800D41100212DE9F3411C4F0646FB7F93BB02
:10F738000C2002B0BDE8F08106EB85036946B3F8FA
:10F748000380B3F801004444A4B217F0C8F8F0B934
:10F75800019BB3F8B62042451BD3A2EB0802A3F8DD
:10F76800B62093F8C02042B993F8C1202AB1B3F863
:10F77800B63013B9684604F01DFA01353278ABB2D9
:10F788009A42D9D83B8C00201C443C84D1E7022003
:10F79800CFE71220CDE700252C46EFE7D411002152
:10F7A800014B93F950007047500D0021B0F900202B
:10F7B800F8B514B292B202F5A0639BB2B3F5206F0C
:10F7C80036D8B0F902301DB29BB203F5A06189B2F8
:10F7D800B1F5206F2CD802F2F64140F2BE5089B242
:10F7E800814227D803F2F64189B2814222D8002CFF
:10F7F8004FF00A00C4BF093214B2002DC8BF093344
:10F8080094FBF0F4C8BF1DB203F08CFA0A2167B26A
:10F81800064695FBF1F1384649B203F075FA074BF5
:10F828001B684BB1A01B40B208B198470020F8BD37
:10F838003020FCE71120FAE71846F8E748010021D4
:10F84800034B5A8802801B7883700020704700BFE2
:10F85800D41100217FB5837806461A2B09D8042BCA
:10F8680005D9012202FA03F3314A134205D11225C0
:10F878001AE0292B01D03B2BF9D13088B0F5706FF5
:10F88800F5D2694617F02BF888B9019B93F8402107
:10F8980002F0FF05C2B9B27883F84121FF2283F84C
:10F8A8004021684617F04CFF284604B070BD092176
:10F8B8003088F2F7C7F80446002837D002A9B0F814
:10F8C800AC0117F00CF808B10C25EDE70821B4F8E5
:10F8D800AE01F2F7B7F820B940F6E8013920F1F7A0
:10F8E8001DFA03781BB994F8C831032BECD1039B9C
:10F8F80093F85621002AE7D194F8F02102F0FF0589
:10F90800002AE1D1B4F8B021A3F8582194F8B42121
:10F9180083F85A21027D83F85B21B27883F85C2151
:10F9280084F8F021FF2283F85621BDE70225BBE7C2
:10F938002000380438B50478427804F0010385784B
:10F9480004F0020452EA030101D1112038BDBCB908
:10F95800002DFAD0002B08BF144601E000242546EC
:10F96800204614F0ECFA0028EFD0284614F0E7FA05
:10F978000028EAD0054B00209C76DD769883E5E7E1
:10F98800002BEBD114461D46EAE700BFD411002135
:10F9980013B50088694616F0A2FF18B10224204664
:10F9A80002B010BD9DF8003001984BB914F05FF912
:10F9B8000028F3D0019890F8523123B13A24EEE7A9
:10F9C80014F063F9F4E790F8EC3003F0FF04002B2F
:10F9D800F4D190F8E3309B0706D1FF2380F8523129
:10F9E800684617F0ADFEDAE70249E43017F0F7FE93
:10F9F800D5E700BF218102012DE9F84303780446C9
:10FA0800032B03D912252846BDE8F8834378032B36
:10FA1800F8D8437E85780BB9012DF3D115F0F80F8E
:10FA2800F0D1A80751D5022DECD1504B5B79002BB2
:10FA3800E8D002F04DFB35EA000340F0928094F8DC
:10FA4800029019F0010506D001232269A168E07827
:10FA5800FFF714FA054619F0020F07D002232269AE
:10FA6800A168E078FFF70AFA0543EDB219F0040F30
:10FA780007D004232269A168E078FFF7FFF905435E
:10FA8800EDB2002DBFD1B9F1050F0FD194F8049054
:10FA98000423E16862694846FFF7F0F900285ED15F
:10FAA800E3784B455DD1A36899425AD1237E013B47
:10FAB800062BA7D801210020F1F7C4FF814638B9E9
:10FAC80040F6C6513920F1F729F969079AD0B0E70D
:10FAD800C830F8F7F7FD18B199F854309A0742D1B1
:10FAE80094F819C0E278BCF1000CA178A06818BF9E
:10FAF8004FF0010C012AB4F8009014BFB2FA82F258
:10FB0800022294F818E018BF5209CB071ED54B07FC
:10FB180027690BD56669BB19984207D243089F42EB
:10FB280028BF1F46C31B9E4228BF1E460F4B19778E
:10FB38005A77A3F81E9083F820E083F821C083F851
:10FB48002410C3E90A07C3E90C865CE7022902D13D
:10FB5800D4F81080EAE74B0748BF2669E6E7054670
:10FB680051E711254FE70C254DE700BF500D002147
:10FB78002DE9F041044688B0002002F07BFA237892
:10FB88008DF8043063788DF80530A37803F001050B
:10FB98008DF806305B0748BF013502F099FA9DF8E9
:10FBA800063083434AD10DF1070003A904F1030885
:10FBB80040F2712E0E468446DAB2954219D8214B8E
:10FBC80093F8202093F839308DF81C20A2788DF80E
:10FBD8001D3032F0050333D112F0050F30D01A4C26
:10FBE800DAB2954217D801A8FFF706FF08B0BDE8BA
:10FBF800F08103EB8302013318F8027022440CF8F9
:10FC0800017B9788D2880EFB07F70EFB02F246F8B5
:10FC1800047B7260D0E710F8012B012A10D88A689B
:10FC28000E46A2F6C412A24206D832680431013345
:10FC3800A2F6C412A242D3D93020D7E71120D5E7C3
:10FC48001220D3E7500D0021CBF3700200B589B024
:10FC5800437940F271218DF8043083798DF80530AD
:10FC680001238DF8063003788DF80730B0F801309D
:10FC78004B430393B0F803204A430D4991F82010F1
:10FC88000592A2F6C4128DF81C1000218DF81D10E3
:10FC980008498A4209D8A3F6C4138B4205D801A89B
:10FCA800FFF7AAFE09B05DF804FB3020FAE700BFB1
:10FCB800500D00213C369C002DE9F04F437A044654
:10FCC8008FB0980705D5924A127912B943F001030B
:10FCD8006372657A690704D1122630460FB0BDE811
:10FCE800F08F15F0F80FF7D102F0F2F935EA0003BA
:10FCF80040F0928094F8483053B9012DECD1A369B3
:10FD0800844AA3F25373934200F26A81012602E007
:10FD180015F00106F3D1AA0745BF731CB2464FF090
:10FD2800FF0ADEB26B070AD5B31D7B4A54F82330AD
:10FD3800A3F6C413934200F253810136F6B204F1DC
:10FD4800080704F122054FF000095FFA89F84645D3
:10FD58002BD823789A1E022A5ED9012BBCD813B956
:10FD6800A378012BB8D86378032BB5D894F8493019
:10FD7800013B062BB0D8664E01210020F1F762FE48
:10FD880096F838300546002B5FD101210846F1F777
:10FD980059FE002818BF054605F1C800F8F792FC7F
:10FDA800074600286BD00C2697E7C24536D07B68FB
:10FDB8000493049A3B6993428ED8012069882A8962
:10FDC800EB89B5F814B00390288C05910290688BE4
:10FDD800CDE900B00020CDE90623FEF75DFF00283D
:10FDE80000F0FE80B8F1000F2AD0288805998842D3
:10FDF8007FF472AFE988069A91427FF46DAFAA89C1
:10FE0800079B9A427FF468AF6B8A5B457FF464AFC7
:10FE18003B68049A9A4213D011265EE7012E0FD14F
:10FE28003A693E48A2F57A73834200F2D9807B682A
:10FE3800A3F57A71814200F2D3809A423FF64CAF23
:10FE480009F10109043702357FE7C830F8F73AFCB1
:10FE580000289AD06FF00043D5E932129A4208BFC1
:10FE6800B1F1FF3F91D1637A2846E268009304F12B
:10FE780018036178F7F798F90746002885D02846CF
:10FE8800F6F74EFF08B13A2627E72846F6F742FF6D
:10FE98000028F8D1B37E43B9CDE9093306238DF89C
:10FEA8002A3009A8F1F708FEB8B100210DF12200A7
:10FEB800F1F752FD8046002800F090800123224689
:10FEC800BDF82210FFF752F9064620B94046F9F767
:10FED800C5FF47B168B10646C7E0099B93F8A5304E
:10FEE800802BDED05FE70028F5D161782846F7F748
:10FEF800CFF804F1030AA278217828465346F7F789
:10FF08005FF800286ED1002F66D11220E3E700BF0A
:10FF1800500D00213CF67002CBF37002A7F9700275
:10FF2800637A8DF8247013F00102E16818BFA069A4
:10FF38000A911EBF0B9001208DF824009F070DD554
:10FF4800022B09D1901D54F820000C909DF8240034
:10FF580040F002008DF824000132D2B2580709D5CA
:10FF6800063254F822200D929DF8242042F0040213
:10FF78008DF8242003F00503052B0ED10B980D9A5C
:10FF88008318994209D24B08834228BF0346C91AED
:10FF98000B93914294BF0D910D9209A92846F8F749
:10FFA80097FB94F848102846003918BF0121F7F745
:10FFB80003F894F849102846F6F7D4FF2846F7F7CF
:10FFC8009BF941462846F9F7E7F900287FF485AE02
:10FFD80007264AE00B2648E0122646E00D267CE676
:10FFE80030267AE617B92846F7F756F85346A27826
:08FFF80021782846F7F798F87C
:020000040101F8
:1000000094F80990B9F1020F05D002F065F809EAF9
:10001000000909F0050949462846F6F7ABFF17B96C
:10002000042385F85430C5F850805246A07813F068
:1000300004FE01462846F7F797F8237833B952466D
:10004000A178404613F0D6FE0028C7D101212846EA
:10005000F7F7A6F801212846F7F7A6F8002F3FF496
:1000600063AF04212846F6F7DFFF00287FF439AE9E
:100070000C26B8F8000002F0BDF80021B8F8000026
:10008000F1F7FAFC00283FF42CAE41F20A41392086
:10009000F0F748FE10B5437994B0032B57D823F0FE
:1000A000020302798DF80630D0F806308DF804206E
:1000B000CDF807304389027BADF80B3001238DF872
:1000C000052040F271228DF80D30038853430493CC
:1000D00041884A430792A2F6C412847B417B41EADD
:1000E0000421ADF82810047CC17B41EA0421ADF85D
:1000F0002E10847C417C41EA0421ADF83410047D4B
:10010000C17C41EA0421ADF83A10417D847D41EA89
:100110000421ADF84010C17D007E41EA00210E4867
:10012000ADF8461000218DF84C108DF84E100B499B
:1001300090F820008A428DF84D000AD8A3F6C41327
:100140008B4206D801A8FFF7BBFD14B010BD1220EA
:10015000FBE73020F9E700BF500D00213C369C0042
:1001600030B5044695B0002001F088FF01A9204673
:10017000FEF7E8FD054601F0AFFF9DF80D4034EABB
:10018000000302D0112015B030BD14F0050F1ED0B1
:1001900014F0F80F1BD101F09FFF8443F2D104ABA0
:1001A0000C49E2B2954203D801A8FFF789FDEAE7BE
:1001B000DA681846A2F6C4128A4206D802680433E6
:1001C0000134A2F6C4128A42EBD93020DBE71220B8
:1001D000D9E700BFCBF3700273B506230024CDE945
:1001E00000448DF806306846F1F76AFC58B10026E5
:1001F00001210020F1F72AFC054698B941F23C4163
:100200003920F0F78FFD009C94F8A530802BEAD0C0
:1002100094F80931002BE6D194F8A430002BE2D1F8
:100220000126E5E7C830F8F751FA244B93F8383047
:1002300083B3F0B195F85430053B012B19D828460B
:10024000F8F7ACFA044610B141F24741D8E7284626
:10025000F6F770FD95F854302246214623F004034A
:10026000284685F85430F9F7DDF880B941F24C4161
:10027000C6E701210846F1F7E9FB054610B941F24E
:100280005341BDE7C830F8F721FA68B90C2420467D
:1002900002B070BD30B9002EF8D0FF2384F8A4302E
:1002A0000024F4E7002EF8D12846F8F777FA044640
:1002B0000028ECD12846F6F73DFDE8E7500D002177
:1002C0002DE9FF41077804460D46EF2F01D912258D
:1002D000A5E0B0F80130ADF80C309DF90C209DF888
:1002E0000C30002AF3DB9DF80D209607EFD1D806DD
:1002F0006CD4990603F0030265D5002AE7D11A07EA
:1003000003D503F06703012BE1D163781E0711D4F5
:100310002179E278E07942EA0122617942EA0142F8
:10032000A17941EA0021207A41EA00418A42CED8EF
:100330001F2ACCD9627A013A062AC8D8A27A032A9F
:10034000C5D813F0040102D1023A012A03D8E27A97
:10035000012ABCD811B9A27C032AB8D813F0100125
:10036000227D44D0012AB2D1237E012BAFD80029AF
:100370004DD06378D80703D501F080FD00284DD01B
:100380006378227D03F0180108295AD1022A45D149
:100390001B0709D4E279A37943EA0223227A43EACC
:1003A0000243B3F5804F39D81FFA87F8032140463E
:1003B000F1F74CFB0646002849D0F3F7F1FE002880
:1003C00051D00C252BE0032A99D180E713F0600F60
:1003D0007FF47DAF03F00F0203F00703052B94D0E9
:1003E000931E012B91D9002A7FF471AF8DE7022A69
:1003F00004D103F06F03092B7FF469AFA37D013BA8
:10040000022B3FF664AFE37D0F2BADD95FE701F020
:1004100063FE81070AD4237D022B04D111252846CF
:1004200004B0BDE8F081A37D022BF7D001F054FEAB
:1004300042079ED4237D032BF0D0A37D032B98D1BC
:10044000ECE7022AA4D0A27E002AA1D0E6E703218D
:100450004046F1F7BDFA0646002840D0214B93F9FB
:10046000501018F066F90021384618F0ECFD18BB62
:10047000304618F02AFA21462870E074304605F01C
:10048000AFFB637E0546002BC9D00028C7D10246CA
:10049000F16C6846F1F73AFC2A46F06C012113F042
:1004A0003EF9F16C68460422F1F730FC2A462946F1
:1004B000F06C13F034F9B2E7403019F03BF8002843
:1004C000D6D0637813F0330F7FF401AFA77D3046A9
:1004D00018F026FAFEF704FD8742C9D071E7072518
:1004E0009DE700BF500D002130B502798BB0034667
:1004F000042A58D84488B4F5804F54D82B4800219A
:100500001044ADF804108DF80C10827C457B42F04D
:1005100010028DF8211042EA4502C57D007F42EAB3
:10052000850242EAC00202F01F028DF80420BDF8E5
:100530000420ADF80D201A888DF81240240A8DF899
:100540000F20120A8DF811108DF814108DF810205C
:100550008DF813405A7BD3F807008DF815205A798F
:10056000069003A88DF816209A798DF81720B3F815
:100570000B209B7BADF81C208DF81E307F238DF85F
:100580001F3001238DF820308DF822308DF8231094
:100590008DF824108DF825108DF8261001A9FFF78D
:1005A0008FFE0BB030BD1220FBE700BF08510301E6
:1005B000F7B5B0F801200546B0F803309A4202D9E9
:1005C000122003B0F0BD052AFAD9052BF8D9B0F8EE
:1005D0000530002B40F09C8003210078F1F736FABB
:1005E0000646002800F0968018F076F90028E7D13A
:1005F000304618F08BF90028E2D1304618F068F93F
:100600000028DDD1304618F06BF901460028D7D11B
:10061000287818F018FD0446002852D106212878C1
:10062000F1F714FA0746002852D1BCB92F780620FA
:1006300012F061FFBFB200285DD006213846F1F705
:10064000C7F9002857D080F8BD400446354B2046F6
:100650001B68984706F12803C4F88830E28D94F8A7
:10066000300094F834104FF6FF7301F0FF070029B3
:1006700054D19A4294F8351046D0002814BF3B2735
:100680002327A06813F0D9F8B5F80320014640F2FB
:10069000E240737942432046009718F020FD00287D
:1006A0003AD004F14001284613F094FB73793046A8
:1006B000237418F00AF90146204618F022FD0020A4
:1006C0007FE7403018F0F2FE0028A7D00C2078E732
:1006D00090F8BD303BB10146287818F0FCFF114B73
:1006E00038461B68984706F12803C7F8883000236E
:1006F00087F8BD3099E704213846F1F769F90446D7
:100700000028A3D107205CE7002918BF0927B8E714
:10071000112056E7422054E7452052E79A42ACD1D7
:100720000927AEE7380100212DE9F74307460321E9
:100730004078F1F78BF90546002800F0B8800421D5
:100740007878F1F783F9044606217878F1F77EF995
:1007500006462CB1C0B14FF4D9513920F0F7E2FA76
:1007600018B90C2003B0BDE8F083044690F8BD90A2
:100770003B7804F14008DB07404640F18B8018F0DD
:1007800095FE18B10020EDE78146F1E7284618F004
:10079000A3F80028E5D1284618F0B8F80028E0D1E1
:1007A000284618F095F80028DBD1284618F098F86C
:1007B0000028D6D13B78C3F34003A373B9F1000FEF
:1007C00032D06B794046627B237495F846301B0922
:1007D00063F30712627308F029FF0028C2D156B1F3
:1007E000B9F1000F07D013F097F9344BC6F8900019
:1007F0001B7E86F8A33013F08FF9206002F0E2FD33
:1008000020F07F4060602846F3F7CAFC0028B9D08A
:10081000B9F1000F32D02A4B40461B689847002898
:10082000B0D041F6733198E7A06812F0DEFF0028DF
:1008300097D1E28D94F8300094F834104FF6FF739E
:1008400001F0FF07002934D19A4294F8351011D0F5
:10085000002814BF3B272327A06812F0EEFF6B7916
:10086000014600972046226F18F039FC0028A8D1D5
:10087000452077E7002918BF0927EDE7114B4A46C5
:100880004046596908F0DEFE00283FF47BAF41F690
:10089000783162E7B9F1000F04D003B0BDE8F0434E
:1008A00018F01BBF03B0BDE8F04318F0DCBE4220D7
:1008B00058E79A42CCD10927CEE700BF500D00215E
:1008C0004C010021D4110021037813F0F80F73B507
:1008D000044640F0AA8013F0010307D142780F2AA2
:1008E00000F2A5808278012A00F2A180B4F80920E4
:1008F000B2F5FA7F80F09B80B4F80B2043F6F671D6
:100900000A3A92B28A4200F29280627B1F2A00F277
:100910008E8002F01702172A03D10C24204602B061
:1009200070BD4BB9E51CCDE9003305238DF80630C9
:100930006846F1F7C5F838B105216846F1F710F8B7
:10094000054688B90724E9E700986378827A9A42D5
:10095000EED100F10C012B46A278C07A15F073FF9E
:100960000028E5D00B24D9E7324B0146BDF8000042
:1009700005F150061B689847BDF8003030462B81C2
:10098000237883F00203C3F34003EB742378C3F3AB
:1009900080032B756378AB72A378EB722378C3F373
:1009A0000003AB75637B2B76D4F80330EB60B4F8AF
:1009B00007302B82A27A637A43EA022342F2107252
:1009C000A5F88830B4F80B305343C5F88C3008F0E4
:1009D00033FE58B10521BDF80000F1F74DF80028AD
:1009E000B0D041F6B1613920F0F79CF92846F6F70E
:1009F000EFFC044680B1304618F035FE10B141F6E8
:100A0000B761F0E70521BDF80000F1F735F80028DF
:100A100083D041F6B861E6E7074B1B68002B3FF433
:100A20007DAFBDF80000984778E7112476E71224DF
:100A300074E700BF3C01002140010021014913F08F
:100A400036B900BF580D002113B50378044653B1E1
:100A5000002301A801930DF0EBFF019B9B0702D03F
:100A60000C2002B010BD22780020014B1A71F8E76B
:100A7000500D00210278034672B1427862B142887B
:100A80001A2A09D982881A2A06D90068034A1060EE
:100A900000209B889380704712207047D41100215A
:100AA00002680020014B9A60704700BFD4110021FA
:100AB00002680020014BDA60704700BFD4110021AA
:100AC0000378A3F10A02112A9BBF024A00201220D8
:100AD00013747047D41100210378FF2B16D143788B
:100AE000FF2B13D18378FF2B10D1C378FF2B0DD1AF
:100AF000037923F0E0021F2A08D113F0E00F05D09C
:100B00005B09034A002082F82030704712207047AA
:100B1000500D00210378012B9DBF03F00103034A10
:100B20000020122098BF82F839307047500D002104
:100B300002680020014B5A61704700BFD4110021A8
:100B4000014B187600207047500D0021014B58765C
:100B500000207047500D00212DE9F04F04468BB066
:100B600000780491FAF732FFA37B08210393F0F792
:100B70006DFF0646002842D0466F002E3FD06FF42E
:100B800004714FF000084FF00E09771846460DF13A
:100B90002602214697F8B401FBF76AFEA0B9039D2F
:100BA0000135EBB2039397F8BF30002BFB7D18BFE4
:100BB0000126002B18BF4FF00108D7F81172FFB1C2
:100BC0006FF404721744E2E79DF8263009FB0342F4
:100BD000B2F8112052B109FB0343B3F81330002BD4
:100BE000EBD197F82830002BE7D003E097F8D0201E
:100BF000002AF0D00C2630460BB0BDE8F08FB0468E
:100C0000039B1F2B00F2EA802378EF2B00F2E68093
:100C1000B4F8092040F67C41131F9BB28B4200F2CE
:100C2000DD8094F80EE000230E20D9B28E4554D812
:100C30007EB1A178637843EA0123E17843EA014376
:100C4000944903F18073FF3B23F07F438B4200F212
:100C5000C580B8F1000F0FD06179237943EA0123F1
:100C6000A17943EA01438B4903F18073FF3B23F0F1
:100C70007F438B4200F2B280E379002B00F0AE801C
:100C8000237A002B00F0AA80E37A072B00F2A680DB
:100C9000237B012B03D9BEF1010F00F29F80637B00
:100CA000022B059355D000F2998040F2E243A04612
:100CB00026464FF000095343069304F10F030793B0
:100CC0005FFA89F2964517D801F006FA039B0646AB
:100CD0000E2B40F29B8009268DE700FB0341013378
:100CE000B1F81170B1F81310002F18BF01260029B8
:100CF00018BF4FF0010898E7F07BEF286ED800236B
:100D0000D9B28E4527D896F810A00AF1FF331E2BD2
:100D100064D80E2303FB0941B1F81120B2F5805FBE
:100D20005CD2B1F81330B3F5805F57D2B1F815003B
:100D3000FB2853D8B1F81710FB294FD896F81BC0E1
:100D4000BCF10F0F4AD8377F0F2F47D852EA03055F
:100D50000BD111264FE7914205D00E21079D594333
:100D6000695C81423AD00133CAE750EA0105F0D00C
:100D70005CEA0705EDD042EA000B5BEA0C0506D001
:100D8000002AE6D00028E4D0BCF1000FE1D043EA0D
:100D9000010B5BEA070505D0002BDAD00029D8D07B
:100DA000002FD6D0BC45E34638BFBB46DA45D0D38A
:100DB000059D3DBBA0B1024494F802A0069D013AF6
:100DC000B2FBF0F0627842EA0A2294F803A042EA09
:100DD0000A42B5FBF2F25043604501D912260AE7F8
:100DE00081B10B446279013BB3FBF1F1237943EA12
:100DF0000223A27943EA0243069AB2FBF3F3594372
:100E0000B942EBD809F101090E3659E70DF090F916
:100E100005460DF02DFC94F80EE000214FF00E0C6D
:100E2000CBB29E450CD840F2E243B4F809005843D7
:100E3000E37A0B2B30D940F2C1310620EFF772FF75
:100E400098F819200F46002A83D0531E134280D1F0
:100E500098F81A30002B3FF47CAF03F1FF3919EA00
:100E6000030F7FF476AF16423FF473AF1E423FF498
:100E700070AF0CFB0143B3F8113083423FF669AF0A
:100E80000CFB0743013108F10E08B3F81330AB42F5
:100E9000C6D95EE700FF0F00A04A00274FF0960872
:100EA00002EB4303BA46B9463D46598C1AF0A0F905
:100EB0008346A37BFEB2B34231D82078FAF786FD91
:100EC0000821F0F7C3FD00284FD0466F002E4CD00C
:100ED0006FF404730DF1260221461E4496F8B40106
:100EE000FBF7C6FCC0B959460390304612F0ABFF81
:100EF000039B07463046194612F0A5FF07F19603FB
:100F0000B9441B1A984538BF984696F8B5319A45AA
:100F100003FB075538BF9A46D6F81162D6E70E2371
:100F2000594601375E4306F10F02224410460592EE
:100F300013F00AF90390FAF78FFF00283FF44EAF41
:100F4000059A00212644104613F0FEF8039B03F196
:100F500096029944121A904538BF9046327C9245C9
:100F600002FB035538BF9246A3E7237B012B08BF42
:100F70000AFB09F5B8F5FA7F38BF05F5AF75FAF742
:100F800077FF38B9B4F8093040F2E2425343AB423C
:100F9000FFF4DFAE2078FAF719FD0821ADF8240040
:100FA000F0F754FD0546D8B9082109A8F0F7D8FC98
:100FB000054608B907261EE6FAF7C2FC05F120002F
:100FC00008F034FB064660B10821BDF82400F0F7B4
:100FD00053FD00283FF40FAE42F2D66139202DE7D1
:100FE000012695F86870002F7FF404AE09204FF0B9
:100FF0000E0A12F080FA94F80E808146A27BFBB2B2
:101000009A420AD8C14580F08580002ED2D10821AD
:10101000BDF82400F0F730FDCCE70AFB0343284677
:10102000D97BFAF7EFFC18B108F1FF385FFA88F8BE
:101030000137E3E709FB0648284698F80F10FAF74E
:10104000E1FC8246002850D109210DF12600F0F77D
:1010500087FC824610B94FF41C51BFE7FAF716F926
:10106000BDF82430AAF8AE31BDF82630AAF8B03168
:1010700098F80F308AF8B4316B6FCAF811320AF25F
:1010800011236B67049B013703EB4606BAF8B031B6
:101090007380A17BFEB2B142CCD801232B702378A0
:1010A0002B75A2786378E67843EA0223627943EAF3
:1010B0000646237943EA0223A279AE6043EA02435B
:1010C000EB60E2796A75227AAA75627B002A14BF06
:1010D00001200020E8753FD140F2E240B4F80970E9
:1010E0004FF00E0C4743104625E0B0F8B031D0F871
:1010F00011B20393FAF7CAF8039BBDF82420AAF8AB
:10110000B031AAF8AE2198F80F30CAF811B28AF8B7
:10111000B431B7E700274FF00E09BAE708510301D1
:101120000CFB0042B2F8132022B1B7FBF3F203FB31
:1011300012727AB90130C2B291420DD90CFB004251
:10114000B2F81120002AEBD0B7FBF6F206FB1272C0
:10115000002AE5D00123EB75B4F8093040F2E242F1
:101160004FF000080E275343A5F854202B656B6001
:10117000237B2B76A37B5FFA88F6B34229D8E37AE8
:10118000286D0B2B3FF657AE6C4A02EB4303598C8C
:101190001AF02EF82B7E80466E6F002B40F09B805D
:1011A000002E67D06FF4047906EB09071E46384617
:1011B000414612F048FE97F8B531C7F89C01D7F8C0
:1011C000117200FB0366002F54D06FF4047E774445
:1011D000EDE707FB0646284608F10108F17BFAF720
:1011E00011FC014610B942F25571F7E6337C80F8E4
:1011F000B531B27C737C43EA0223A0F8BC30327D67
:10120000F37C43EA02238382EB7D80F8CC3080F8C4
:101210002430B6F8153080F8BE30B6F81730837534
:10122000707E12F010FD81F89001B07E12F00BFD7F
:1012300081F8A800F37E81F8BF30337FCB75A278A8
:10124000637843EA0223E27843EA02436279C1F811
:10125000C430237943EA0223A27943EA0243CB61F3
:101260006B68C1F8C8300B626B7D81F8C130AB7D13
:101270004B767FE76B6F2E616BB16FF4047C634438
:1012800093F8B521D3F89C11C3F8986101FB12665D
:10129000D3F81132F0E7DEB92B696A7DE87D00935F
:1012A000D5E90113FAF7C6FD2B69AA7D0646E87D4C
:1012B0000093EB686968FAF7BDFD6B6FB3B36FF429
:1012C00004721344C3F8B460D860D3F81132F5E760
:1012D00042F2897182E6AEB16FF40477F719002605
:1012E000B1463846414612F0AEFD97F8B531D7F811
:1012F000117281449E4238BF1E4627B16FF40470BC
:101300000744EEE7B14609FB06F66F6F2E61002F2A
:10131000C2D06FF404710F444146C7E9666938468C
:1013200012F091FDD7F81172361AF0E723780026F3
:10133000049A1370A37B53705DE400BF085103014E
:101340002DE9F0470446BEB000780F46FAF73EFBA1
:10135000082194F80E80F0F779FB054608B3456F35
:10136000FDB16FF40472AE180025A946214696F827
:10137000B401FBF769FA68B996F8BF3008F10108C3
:10138000002BF37D5FFA88F818BF4FF00109002B9E
:1013900018BF0125D6F8116226B16FF404731E44FC
:1013A000E4E7A946B8F11F0F4FD82378EF2B4CD8AC
:1013B000E379072B49D8237A012B02D9A37B012B90
:1013C00043D8637A022B04D1112528463EB0BDE8EC
:1013D000F0873AD894F80EC0264622460023D9B2A8
:1013E0008C4534D8B9F1000F15D0A278637843EA60
:1013F0000223E27843EA0243604A03F18073FF3B31
:1014000023F07F43934220D8638940F69B72053BCB
:101410009BB2934219D8002D00F0A78062792379FE
:1014200043EA0223A27943EA0243544A03F1807358
:10143000FF3B23F07F43934207D8A38940F69B727A
:10144000053B9BB2934240F290801225BDE7D17BD1
:10145000EF29FAD803EBC3012144B1F810E0BEF53F
:10146000805FF2D2498AB1F5805FEED292F814A083
:10147000BAF1070FA8D8507DBAF1000FA4D00138F7
:101480000628A1D8BEF1000F05D100299CD0012566
:1014900001330932A3E74FF001090029F8D0F6E73C
:1014A000317D1A4608428FD0717D08428CD003EB03
:1014B000C3012144098AFB2986D802EBC202013309
:1014C00009362244528AFB2A3FF67EAFDAB29445AF
:1014D000E6D82B464A4609A92046FAF70DFD0546EF
:1014E00000287FF472AF01A909A8FFF735FB054674
:1014F00000287FF46AAF2078FAF768FA4FF6FF7396
:10150000984204D142F2E0413920EFF70BFC082168
:10151000F0F79CFA804620BB42F2E241F4E706EB8A
:10152000C606404609F101092644F17BFAF76AFA3A
:1015300010B942F2E741E7E7B37D80F8CD30F37DA3
:1015400080F82530A27B5FFA89F69642E7D32378AC
:101550000DF106017A70B81C52003B7010F0BCFF10
:1015600033E7A946EEE709252FE700F0B5FDB8F10E
:101570000E0FF8D894F80EC00023A7E700FF0F0065
:10158000024B1B6803B1184711207047340100213A
:1015900038B5038804469AB20B80B2F5706F3ED21C
:1015A0008278012A3BD8C078FF2838D021790329D6
:1015B00001D1237B9BBBA57A637A43EA0523E57AB5
:1015C00043EA0543184DAB4229D850BB032928D123
:1015D00082F0010505F0010572B109212088F0F7BC
:1015E00035FA78B90B212088F0F730FA78B129461E
:1015F000BDE8384014F022B90DF02AF80028ECD1EB
:101600000C2038BD2946BDE8384014F0CDB80C2177
:101610002088F0F71BFA0028E9D10220F1E7122018
:10162000EFE71120EDE700BF00093D0037B50025C9
:1016300004460DF106010DF105008DF80550ADF8D9
:1016400006500DF00DF8074B28465A8822801B786B
:10165000A370BDF80630A4F803309DF8053063711F
:1016600003B030BDD41100212DE9F04F03788DB0C7
:101670000546EF2B04D9122738460DB0BDE8F08F90
:101680004378EF2BF7D88378013B1E2BF3D80279F0
:10169000C37843EA0223427943EA02435E4A03F1F4
:1016A0008073FF3B23F07F439342E4D8C38840F626
:1016B0007C42043B9BB29342DDD8037A013B1E2B54
:1016C000D9D8B0F8093040F6FE72013B9BB2934284
:1016D000D1D8B0F80B30013BFA2BCCD8467B002E8A
:1016E000C9D0731E3342C6D100F0F6FC864301D048
:1016F0001127C1E7AB7B012BBDD8EB7B022BF7D0C9
:10170000B9D82B7C013B062BB5D86B7C013B0E2B4B
:10171000B1D8AB7C0F2BAED8EB7C012BABD8002B18
:1017200072D12B7A287CB3FBF0F100FB1133DBB2D2
:10173000002BA0D16C7CCAB2A1429CD3AB7C01D05F
:10174000002B98D0121B5343DBB2142BD0D8EB7B69
:10175000002B5FD140F2E243EA88E9785A432B79C3
:1017600041EA03216B7941EA0341B2FBF1F301FB4A
:101770001322002A4ED1B5F80B10B5F809200A44FF
:10178000013A92FBF1F253439BB29842B0D301214C
:10179000687817F058FC8046002800F00082C28D5F
:1017A0004FF6FF739A4240F0FA81EB7C002B90F8E1
:1017B0003420806814BF3B24232412F03EF898F8AC
:1017C0001030014600944046D8F8702017F087FC8E
:1017D000002800F0E681B5F80930B5F80B00019358
:1017E000AB7CC0B22A7C0093297A6B7C18F06CFA2F
:1017F000074600283FF47CAF0B2011F07CFEAB784D
:1018000083420BD90D2737E719F024FD002888D132
:10181000252731E70123B8E700FF0F000A212878C8
:10182000F0F714F9002840F0BE810A212878F0F77B
:10183000CFF804460028E5D018F0A4F9032384F873
:1018400030302B7884F831300123A97884F8343093
:1018500084F8321084F833102B7A84F8363084F808
:101860003530EB7C003B18BF012384F84F302B7CD4
:1018700084F84C30AB7C84F84D306B7C84F84E306F
:10188000B5F80B3084F850302A79EB7843EA02231C
:101890006A7943EA0243E365A87A6A7A42EA002257
:1018A000A4F85220E87B48B940F2E24CEA880CFBED
:1018B00002F2B2FBF3FC03FB1C2313B9071E18BF93
:1018C000012784F86470687B12F0BDF9012984F85F
:1018D000650003D9AE7B003E18BF01264FF0FF33F1
:1018E00084F89460002640F2E2422361FF23A4F8CA
:1018F000D26008462375E681EB88A4F8F4205343B0
:10190000C4F8F03012F050F9C4F8980001F05AFD14
:10191000A4F89C006B783146D4F8980084F89E3087
:10192000667512F019F93146C4F80C01B4F89C0040
:1019300018F0C7F994F84F30C4F8100194F8651006
:1019400094F8500084F814312676E67503B104301B
:1019500012F0B1FA04F1540394F83220064694F8D8
:10196000361094F89400029304F15803CDE9006313
:10197000EB8818F0DEF994F8361094F832000096EF
:10198000D4E9153218F050F994F8642094F8363000
:101990002066039294F84D20029294F84E20019212
:1019A00094F84C200092D4F8F020E16D18F074F90E
:1019B000A06404A801F0C6F920B942F6EB51392021
:1019C000EFF7B0F904A9204615F08BF894F84F30E2
:1019D0006BB304F1380705F1140305F124013A460D
:1019E00053F8040B8B4242F8040BF9D1182108AECE
:1019F0000DEB0100EFF7ECFC06AB04F1A0020DF1DA
:101A0000300E03CB9446C4F88800C4F88C103346DB
:101A1000083203CB734542F8080C42F8041C1E46FA
:101A2000F5D104F17802614638460AF041FC94F899
:101A30004F3094F8362094F8321094F894000293C2
:101A400094F865300193636D0093A36D18F0FCF872
:101A5000D4F8F03000F5617A9A4509D90A2128783E
:101A6000F0F70AF800283FF443AE42F62B61A6E7F0
:101A700004F1C00B584607F0D9FD074648B10A21CA
:101A80002878EFF7F9FF00283FF4F6AD42F632610F
:101A900095E795F8029009F1FF394FFA89F9B9F104
:101AA000000F0ADA01225146584607F0CBFD0746DF
:101AB000002865D042F6576181E70B2106A8EFF7B1
:101AC0004FFF064610B942F63B6178E75FFA89F9A5
:101AD00018F061F9BDF8183009F10101A6F8FA30E3
:101AE000C9B286F8F81094F84F3086F8F4302B78A5
:101AF00086F8FC30D4F8980012F02EF896F8F8101A
:101B0000C6F8EC00B4F89C0018F0DBF8C6F8F0005A
:101B100094F8653030464FF0FF3206F5807606F8CF
:101B2000203C98F80F3046F8307C06F81F3C56F8F9
:101B30002C3C67F3070346F82C3C94F8643006F815
:101B4000E43CB4F8523026F8F43C94F8503006F8EF
:101B5000F23C94F84C3006F8F13CE36D46F8EC3C6E
:101B6000D4F8F03006F8EF7C46F8E83C4FF0FF334D
:101B700019F087FAD4F890303360C4F890608AE79F
:101B8000D4E93832293342F10002C4E90A3294F828
:101B90004F3088F830302B78A8F82E306CE542278B
:101BA0006AE5452768E50C2766E500BF0279C3783A
:101BB00043EA0223427943EA0243224A03F1807353
:101BC000FF3B23F07F43934230B504468BB002D9EC
:101BD00012200BB030BD038940F69B72053B9BB2CF
:101BE0009342F5D8837A1E2BF2D8C28840F6FE7154
:101BF000531E9BB28B42EBD8F72A01D91120E8E79C
:101C0000C57A15F0F80FF9D100F066FA35EA00034D
:101C1000F4D1A378013B1E2BDAD8237B012BD7D834
:101C2000637B022BEAD0D3D8A37B012BD0D801A9A8
:101C300020460AF031F90028E0D001A8FFF714FD92
:101C4000C7E700BF00FF0F0008B5012001F096FBB9
:101C5000182000F01FFA07F011F9034B034A1A602D
:101C6000034B044A1A6008BD5C010021097A010196
:101C700058010021A58D020108B5012001F07EFB6D
:101C8000182000F007FA05F0D1FB034B034A1A6055
:101C9000034B044A1A6008BD5C010021097A010166
:101CA00058010021A58D020108B5012001F066FB55
:101CB000192000F0EFF917F00EF801F077FF07F0A8
:101CC000CBFF024B024A1A6008BD00BF5801002139
:101CD000A58D020108B5012001F050FB192000F08C
:101CE000D9F917F04AF901F061FF07F0B5FF024B8F
:101CF000024A1A6008BD00BF58010021A58D0201EB
:101D000008B5054A0120054B1A6001F037FBBDE814
:101D1000084005F097BB00BF3D410201340100219E
:101D200008B503F0EFFDF1F733FF0248BDE80840C6
:101D300003F0D2BDA40D002108B5F8F71FFAF8F79B
:101D400071F8FDF731FD01460248BDE80840F5F79E
:101D500083B800BFA40D002108B5034807F08AFA34
:101D6000BDE80840FDF7ECBAA40D0021044808B511
:101D700000F58471F9F7D6FDBDE8084001F00EBF0B
:101D8000A40D0021054808B500F58471F9F7CAFDD6
:101D900001F004FFBDE80840FFF7B2BFA40D002129
:101DA000044808B500F5847117F0DFFEBDE808406F
:101DB00007F076BAA40D0021054808B500F5847136
:101DC00017F0D3FE08F0AAFCBDE8084007F04CBFAE
:101DD000A40D002108B514F033FD064800F5847108
:101DE000F0F70CFE022011F09BFB0020BDE808403C
:101DF00011F096BBA40D002108B50122064B83F813
:101E00000A2203F087FD04F00DFDFFF7E3FFBDE8B4
:101E1000084001F0B7B900BFA40D002110B5064C71
:101E2000064904F5037014F049F804F504700449F8
:101E3000BDE8104014F042B8A40D00216401002157
:101E40006C01002110B5094C094904F5037014F028
:101E500035F804F50470074914F030F804F50570FE
:101E60000549BDE8104014F029B800BFA40D0021B9
:101E7000FC01002104020021F4010021014B93F830
:101E80000A027047A40D002110B5094C094904F558
:101E9000037014F013F804F50470074914F00EF8F9
:101EA00004F505700549BDE8104014F007B800BFFF
:101EB000A40D0021B4010021BC010021CC010021AE
:101EC00010B5094C0D2000F0E5F8084904F5037041
:101ED00013F0F4FF04F50470054913F0EFFF24201C
:101EE000BDE8104000F0D6B8A40D0021D4010021B7
:101EF000DC01002110B5084C0D2000F0CBF807499B
:101F000004F5037013F0DAFF04F504700449BDE82A
:101F1000104013F0D3BF00BFA40D0021E401002145
:101F2000EC01002110B50A4C1D2000F0B3F809495E
:101F300004F5037013F0C2FF04F50470064913F0B2
:101F4000BDFF04F505700549BDE8104013F0B6BFAC
:101F5000A40D0021A4010021AC010021C401002135
:101F600010B50A4C1C2000F095F8094904F50370DF
:101F700013F0A4FF04F50470064913F09FFF04F565
:101F800005700549BDE8104013F098BFA40D00216D
:101F9000940100219C010021C401002110B50A4CCC
:101FA0001E2000F077F8094904F5037013F086FF4E
:101FB00004F50470064913F081FF04F50570054926
:101FC000BDE8104013F07ABFA40D00218401002168
:101FD0008C010021C401002110B50A4C1F2000F023
:101FE00059F8094904F5037013F068FF04F504700B
:101FF000064913F063FF04F505700549BDE810407C
:1020000013F05CBFA40D0021740100217C010021AC
:10201000C401002138B5094C0D4601F087F8D4F809
:102020000C02C4F8045113F041FFFDF705FA01F06A
:10203000E1F9012384F8183238BD00BFA40D002156
:10204000014B93F818027047A40D002110B50A4CFB
:10205000D4F8100213F02AFFD4F8140213F026FF6C
:10206000FDF7A0F9202000F023F8262000F020F84A
:10207000002384F8183210BDA40D0021014B83F811
:1020800019027047A40D0021014B93F81902704703
:10209000A40D0021C2080549012300F0070003FA3E
:1020A00000F08B5C18438854704700BF1800002173
:1020B000C208054900F0070001238340885C20EA3C
:1020C00003008854704700BF18000021014BD3E97A
:1020D0000001704718000021054B1868C0F3C022AA
:1020E000C0F30020400040EA820040F00100704749
:1020F0001800002108B519F081F80023074A32F8CA
:102100002310814205D302EB83039B78044A1370AA
:1021100008BD01330C2BF2D10023F7E74251030134
:10212000BE0F0021024B1878072828BF07207047F0
:10213000BE0F002110B54468238884F8A711A4F8C5
:10214000A83194F87C00FCF7DBFE84F8AA0194F82F
:102150007D00FCF7D5FE054984F8AB0104F5CF708E
:1021600015F041FB002384F84C3110BD0B610201D6
:10217000406807490388A0F89A3190F8743080F8D5
:102180009C3190F8753000F29110037315F025BB67
:102190004361020130B504460568084651B115B1E6
:1021A0002179994215D1FF216171237122600023A9
:1021B000637130BD002DFCD0FF23637101222379B0
:1021C000216002FA03F30449C1F808356071104632
:1021D000EFE70020EDE700BF00F00041044B0022D4
:1021E00083F832204FF6FF729A86DA861A87704794
:1021F000C00F0021054B9A8E824201BF002283F856
:1022000032204FF6FF729A86704700BFC00F002140
:10221000014BD886704700BFC00F0021094A034612
:102220004FF6FF71908E884206D192F83210012944
:1022300005D001201A607047002018607047002008
:10224000704700BFC00F0021064B93F83220012ACF
:102250001BBF0120DA8E002083F8320018BF9A8657
:10226000704700BFC00F0021014B1887704700BFA7
:10227000C00F0021064B0246198F988E884205D167
:1022800093F8320018B101201360704700207047A6
:10229000C00F0021094B998E1A8F914201D0002066
:1022A00070474FF6FF729A8693F83220002AF6D0D4
:1022B0000022012083F83220704700BFC00F0021A8
:1022C000054B998E1A8F914203BF93F83200B0FAF2
:1022D00080F0400901207047C00F002150B90A4A20
:1022E0000120134603F8010B0868C2F801008A8830
:1022F0009A807047012805D1034B0A68D8719A600B
:102300008A889A81704700BFFA0F002148B90A4BAA
:10231000187880B1D3F80120B3F805300A608B80BB
:102320007047012806D1044BD87920B19A689B895F
:102330000A60F4E700207047FA0F002120B9054B2E
:10234000187800F00100704701280ABF014B0020F7
:10235000D879F6E7FA0F0021F7B58B8800228DF8BF
:102360000600ADF8043008680B4B8DF807200146D5
:102370001C7803F5AC73019DD0B2844201D80820CB
:1023800007E0D3E9007601320833AE4208BF8F423E
:10239000F2D103B0F0BD00BF08100021084B014688
:1023A000002230B55C7803F58173D0B2844201D845
:1023B000082004E013F8015B01328D42F5D130BDF5
:1023C00008100021F8B52D4C63782218013B92F8D3
:1023D0000251DBB28342637030D01A010101961CB6
:1023E0008F1C2644274406F1100C56F804EB664572
:1023F00047F804EBF9D1823282312244214402F1C0
:10240000100652F8047BB24241F8047BF9D1E1187E
:10241000221891F8026182F8026106267343704324
:1024200003F5857300F58570E618E35827182350E7
:10243000B388BB8091F83A3182F83A312846FFF7E9
:10244000ADFF082818D12378013BDBB29D422370F1
:1024500012D02B3305F12B0204EBC30304EBC202B1
:1024600093E8030082E803002078FFF797FF08282D
:102470001CBF241884F80251F8BD00BF08100021C9
:10248000F0B5254D89B095F8984105F29911684647
:10249000224610F021F82146684614F0F2F904466D
:1024A000B8B300EB400102A8C9B2EEF791FF601E7D
:1024B00095F8A1610124C0B295F8982105E0731C3C
:1024C000B3FBF2F102FB1133DEB206F120030DEB98
:1024D000030111F8203C002BF1D100EB400201F880
:1024E000204C06EB460320322B446A4412F8187C39
:1024F00083F8A27112F8177C12F8162C83F8A371D6
:1025000083F8A4210138AB19C0B283F89941FF28A0
:10251000D2D109B0F0BD00BF0810002170B5064649
:1025200088B00C46002A4FD02A4A92F8A131D01820
:1025300090F8991121B94FF480712820EEF7F2FB41
:1025400003EB43010133114491F8A251E57091F876
:10255000A35191F8A41125716171002180F899119E
:1025600092F89811B3FBF1F001FB103382F8A1311E
:1025700092F8C23123B9184902F5DD7015F030F92F
:1025800065790D220021684605F03F0545F04005BC
:10259000657110F017F8E37804AA69468DF80F30DA
:1025A000304623798DF80D508DF80E3004230FF04E
:1025B00011FD9DF81F3023709DF81E3063709DF84B
:1025C0001D30A37008B070BD03216018EEF700FF46
:1025D000D6E700BF0810002181240101044B5A787E
:1025E000824286BF1B1893F84A010020704700BF43
:1025F00008100021044B5A78824286BF1B1893F8BA
:1026000042010020704700BF08100021064B002245
:102610004FF461711A8083F8C32183F8C421A3F8B1
:10262000C61183F8C221704708100021014B83F8BE
:10263000C401704708100021014B93F8C401704792
:102640000810002110B51446FFF786FE082803D1B4
:10265000012000F0010010BDFFF7A0FE064B5A78E4
:102660008242F5D904B12070184490F83A31012B18
:10267000EED090F84A01ECE7081000212DE9F04770
:102680008246894617469846FFF766FE08280546A3
:10269000064603D0FFF782FE082863D1334C6378E7
:1026A000072B61D8082D18D12678731C072E2370AC
:1026B00003D96B212820EEF735FB06F12B03D9F85F
:1026C0000000DAB204EBC30344F8320004EBC201A9
:1026D000B9F804208A8083F806A0657807F1100213
:1026E0006B1C290163704B1C234412F8010DBA4284
:1026F00003F8010FF9D1813108F11003214413F8D7
:10270000012D984501F8012FF9D1254410214046AB
:1027100014F017F9102185F84201384614F011F928
:10272000002385F80261667885F84A0185F83A3118
:1027300031460F4814F0A5F8054631460D4814F00F
:10274000A0F8012D03D8002818BF0135EDB284F898
:1027500098510025284684F8A151FFF791FE28469C
:10276000BDE8F0871220FBE70720F9E708100021F9
:102770004A11002152110021064B10B5587801383A
:1027800040B2002800DA10BDC4B22046FFF71AFE9E
:10279000601EF5E708100021014B83F8C301704764
:1027A00008100021014B93F8C30170470810002165
:1027B000431E4AF2B7129BB293429DBF024BA3F84D
:1027C000C60101200020704708100021014BB3F81A
:1027D000C6017047081000210A4B30B55C7884426E
:1027E0000ED9184490F802012B3003EBC004A579F0
:1027F0000D7053F8300010600120A388938030BD25
:102800000020FCE70810002170B506460D460BF0CD
:1028100047F809F0E9FD0A4B93F8C3415CB15978D8
:1028200059B1981C82333246002D08BF184609F072
:10283000A7FD09F0FFFD204670BD0C46FBE700BF79
:102840000810002108B5064B024603EB01130121D5
:1028500003F1820009F094FDBDE8084009F0EABDEB
:10286000081000210246074810B590F8C34124B172
:10287000417821B1023009F083FD204610BD0C469D
:10288000FBE700BF0810002108B5084B5A788242C8
:102890000AD91A1892F8422132B903EB001082309B
:1028A000FFF73CFE012008BD0020FCE708100021D6
:1028B00008B5084B5A7882420AD91A1892F84A2168
:1028C00032B903EB00100230FFF728FE012008BDEB
:1028D0000020FCE7081000212DE9F74F2F4C9A4605
:1028E000804689466378834256D9231893F842512B
:1028F00085F00105F9B193F84A31E3B945F00207D3
:102900000135BAF1000F18D1FA070AD5062104EBF8
:102910000810524601FB0841823001F58571FFF72E
:10292000FDFDBB0734D504EB081052464946023082
:10293000FFF7F4FD2CE02F46E3E794F8A1614FF098
:10294000010B002DE0D0A31993F89911019399B9C7
:102950000092DAB100F01EFD019B06EB4601009AE1
:102960004FEA102C83F899B1214481F8A201000CA0
:1029700081F8A3C181F8A401013694F89831013D92
:10298000B6FBF3F103FB1166F6B2DAE747F0040792
:10299000384603B0BDE8F08F0027F9E708100021A2
:1029A000F8B50646174C48B3617804F5A17013F0EA
:1029B00068FF94F89851074604F29910294613F0DD
:1029C00060FF2D1AEDB2AF421AD8002506270FE09E
:1029D000E21892F8422152B907FB034104EB0313BA
:1029E000324601F5857103F18200FFF797FD01354D
:1029F0006278EBB29A42EBD80120F8BD0546E5E7D4
:102A00000020FAE708100021F0B51B4E89B00746F8
:102A10000D46737883422CD9331893F8424144BB56
:102A20000D22214668460FF0CDFDEB7806EB07102E
:102A300004AA8DF80F3069462B7982308DF80E305C
:102A40006B798DF80D3004230FF0C4FA2A789DF8C5
:102A50001F309A420AD16A789DF81E309A4205D1F9
:102A6000AC789DF81D00231A5C425C41204609B0F9
:102A7000F0BD0020FBE700BF08100021074B5A788B
:102A8000824209D91A1892F842212AB9062202FB79
:102A9000003000F585707047002070470810002155
:102AA000064B5A78824281BF1B1893F83A01B0FA5C
:102AB00080F0400998BF0020704700BF0810002137
:102AC000F8B50E46074606211546304613F039FF85
:102AD000044640B10A482946427800F59D700FF03F
:102AE00071FD2046F8BD3146384613F0E6FE082851
:102AF0001FBF034B0124C01880F83A51F1E700BF13
:102B00000810002130B5002442F21075A0F84240B0
:102B1000B0F846404C43B4FBF2F4A0F84640541ED3
:102B200005FB0343B3FBF2F3A0F84430084BB3FBBF
:102B3000F2F30133A0F84A30838F05FB0344436B63
:102B40005943B4FBF2F4B1FBF2F28463426330BD4B
:102B5000005A620270B504460D4649BB4FF44272FA
:102B60000FF030FD012384F8F85084F8A6306FF0A0
:102B7000360384F8F95084F8F330042384F8F430F1
:102B80006FF03B0384F8F5306F2384F8F6306FF074
:102B90003F0384F8F7302B2384F8F230FE2384F8C7
:102BA00032317F2384F89D30202384F85C3270BD5D
:102BB000012917D10023A0F81C3280F813320D4BE5
:102BC000C26913441146B3FBF2F3C0F8C83040F6B3
:102BD000B833A0F8CC30C38C04F19000BDE870404D
:102BE000FFF790BF0229E2D1B0F8E232D0F8DC2240
:102BF000C169F1E77FC3C90170B504460D4649BB01
:102C00004FF426720FF0DEFC012384F8F85084F8AC
:102C1000A6306FF0360384F8F95084F8F3300423BB
:102C200084F8F4306FF03B0384F8F5306F2384F8B8
:102C3000F6306FF03F0384F8F7302B2384F8F2303E
:102C4000FE2384F832317F2384F89D30202384F8DA
:102C5000293270BD012912D1C2690D4B11461344AE
:102C6000B3FBF2F3C0F8C83040F6B833A0F8CC306C
:102C7000C38C04F19000BDE87040FFF743BF022908
:102C8000E7D1B0F85632D0F85022C169F1E700BF61
:102C90007FC3C901034B80F880101B680BB100880B
:102CA000184770470C020021074B93F90030184475
:102CB000142804DC10F17F0F03DB40B270471420AE
:102CC00070476FF07E007047D01100217F2307B559
:102CD0000DF107008DF807300AF0F0FD9DF907307F
:102CE00068B10A4A5078404240B21844142808DCBF
:102CF00010F17F0F07DB40B203B05DF804FB18460C
:102D0000FAE71420F8E76FF07E00F5E7D011002114
:102D1000014B187059707047D0110021024B0022EE
:102D20001A705A70704700BFD0110021014B93F9FF
:102D300000007047D0110021014B93F9010070474A
:102D4000D0110021054B1B7833B9054B1A681B794C
:102D5000026003710120704700207047D2110021EA
:102D600020000021054BFF221A70054A01681160FE
:102D70000179117100221A70704700BFD211002131
:102D800020000021064B07B518681B7900906846A3
:102D90008DF80430FFF7E6FF03B05DF804FB00BFD9
:102DA0002C5A03010346407848B1DB783A2B05D80A
:102DB000034AD35C1B1A58425841704701207047A0
:102DC000765103013A2908B5C17003D8064B5B5C04
:102DD000437008BDFF2904D04FF489612A20EDF724
:102DE000A1FF0123F4E700BF765103012DE9F04371
:102DF00085B089461446984602A913F074FD05462D
:102E000000283DD1039E34B9012486F8A540204610
:102E100005B0BDE8F08377692146384610F081F9A6
:102E2000014678B3194B5B88A3422DD301AA3846DB
:102E300010F0D0FA96F8A5300198002B0CBF494647
:102E4000022114F0F8F901982246414603300FF0B0
:102E500043FB2146384610F0A9F9044618B97A21F7
:102E60002B20EDF75FFF9DF808302BB102A814F07E
:102E70006BFC039BA3F80A52002386F8A530C6E733
:102E80000124C4E70446C2E72C46C0E7D411002160
:102E9000024B987FC04300F001007047D41100211D
:102EA00083230B70014B1B78CB707047F811002106
:102EB0007FB505460C4621B94FF48B711020EDF714
:102EC00031FF03888B8000234B728669304610F0F7
:102ED00073FA014610B940F21F11EFE701AA30461C
:102EE00010F078FAE08010B94FF49271E6E7FB2811
:102EF00002D94FF49371E1E7019814F0A4F9012885
:102F000001D0022805D12072206828B940F23D1175
:102F1000D4E74FF49B71D1E70199E28803310FF0B8
:102F2000DBFA304610F05EFA10B94FF4A171C5E734
:102F30000021304610F09DF910B940F24711BDE76D
:102F40000A4BDA7F82B11A8C02A92888013A1A84C6
:102F500013F0C9FC10B14FF4A871AFE7039AB2F8AF
:102F6000B6300133A2F8B63004B070BDD4110021E0
:102F70002DE9F34706460D464FF005080027DFF818
:102F800050912B693BB11B7A2BB12C699CB9002065
:102F900002B0BDE8F0876C68237A012BF7D0EFF31D
:102FA000108372B66A6812686A6003B962B6237ADF
:102FB000002BE6D02C6194F808A05FFA8AFA84F816
:102FC00008800AF1FF330B2B74D8DFE803F070069A
:102FD00012266D3D4C3D3D3D3D60636823B94FF485
:102FE000EE711020EDF79EFE3146204698470420F2
:102FF0001BE0636813B940F2E511F2E73146204661
:1030000098470346ADF80400C0B2C3F30723012B71
:1030100053D0022B09D12F6151E0636813B940F2FC
:10302000EF11DEE7204698470020EFF3108372B6D9
:10303000227A052AD1B201D0002944D127722F610A
:10304000002B3CD162B63AE0D9F80030002BEBD02F
:103050005246314660689847BAF10A0FC7D100233B
:103060002B61042094E763680BB9DB21B9E70D22DB
:1030700000243270012219885869A6F803102146ED
:10308000B2707271B47110F0F4F82C61E9E7606805
:1030900010B940F21A21A4E70E4B31461B6898473D
:1030A000002302202B6173E740F2232199E740F2CD
:1030B000262196E740F2292193E703232372002873
:1030C0003FF45FAF64E7002B7FF45BAF62B658E775
:1030D000140200211002002170B5134C14260021A7
:1030E000231D324618460FF06DFA0346012525745C
:1030F00004333246002104F11800C4E901330FF013
:1031000061FA84F8245004F11C03C4E90633002357
:10311000E362236384F83430C4F83530C4F83930BE
:1031200084F83D3070BD00BFF811002110B5084C87
:103130002378FF2B04D04FF4B7711020EDF7F2FD88
:103140000EF090FF2070BDE81040FFF7C5BF00BF34
:103150002500002110B5034C20780EF09FFFFF23BF
:10316000237010BD25000021014B18780EF0A6BF7A
:1031700025000021014B024A1A607047100200210D
:10318000B12E0101014B024A1A6070471002002162
:10319000B12E010138B50B4D044605F11801FFF7BA
:1031A000E7FE70B9AB681B7A0C2B04D1064BDA7FB3
:1031B0000AB11B8C2BB120460449BDE83840FFF70B
:1031C000D7BE38BDF8110021D4110021FC11002117
:1031D000134610B5027A22B140F2C9211020EDF752
:1031E000A1FD0A4601460248BDE8104014F0D5BAD8
:1031F000FC110021044890F834301BB903492C30ED
:1032000014F0E8BA704700BFF81100218D77020171
:103210000346064890F83E203AB190F83D2022B986
:10322000034900F8353B14F0D5BA7047F811002176
:10323000A12E01010A4610B5037A23B140F2D12133
:103240001020EDF76FFD014607230248BDE810404E
:1032500014F0A3BA101200211346027A0AB10372C5
:1032600070470A460146014814F097BAFC11002144
:103270001B234FF01B128384038482618382C2600C
:10328000038541B94FF4A473094AC3844384C261DE
:10329000C382026170474FF429634FF4A472C38460
:1032A000438403F12963C282C3610361704700BF95
:1032B0004801480103460846B3F86820B3F85C109B
:1032C000B3F852C08A42F0B493F87D4028BF0A4652
:1032D000B3F86060B3F86A10033CB3F85870B142B9
:1032E000E4B2B3F8565028BF3146012CA3F852205F
:1032F0008BBFB3F85A604FF429660C464FF429642B
:103300009742A3F8564038BF17468E4238BF0E4644
:103310009445A3F85870A3F85A6026D12C1B18BF07
:103320000124B3F86420B3F85E50B3F850609542BE
:10333000B3F8541028BF154693F87C20033A012AAD
:1033400015D9B3F86220B3F86670BA4228BF3A467E
:10335000AE42A3F85050A3F8542002D1914200D1BC
:1033600044B10549F0BC14F03EBA0124D9E74FF44A
:103370002962EDE7F0BC7047F9770201014B187044
:10338000704700BF37120021014B1878704700BF0B
:1033900037120021094AD2E90003434083EAB01101
:1033A00081EA43214FEAF34311605360044B5843D1
:1033B0004FEAF06000EB8000704700BF3812002138
:1033C000BB79379E094AD2E90003434083EAB01132
:1033D00081EA43214FEAF34311605360044B5843A1
:1033E0004FEAF06000EB8000704700BF280000212A
:1033F000BB79379E10B50A4C08210948EDF7E8FF64
:10340000D4E900231343F7D0064CFFF7DBFF20601D
:10341000FFF7D8FF236860600343F6D010BD00BFFC
:103420002800002138120021174B184A9A60184AC8
:10343000DA62184A1A61184A5A61184A9A61184A97
:103440001A63184A5A62184ADA64184A9A64184A7F
:103450009A63184B184A9A60184A1A62184A5A60B6
:10346000184A1A60184A9A62184ADA62184ADA60E8
:10347000184A9A61184A1A63184A9A64184ADA6410
:10348000184A5A62704700BF18020021DD7B020112
:10349000357E0201FF7D0201C37D0201E13C010195
:1034A00001400101C53E01015980020181800201F4
:1034B0004D3E010104030021FF7B0201EB7F02016D
:1034C0006B7C0201877D02017F7F0201517E020138
:1034D000A17F0201617F02013F810201DF800201C1
:1034E000C380020105800201174B184A9A60184AEE
:1034F0005A60184A1A60184A9A62184ADA62184AD8
:10350000DA60184A9A61184A1A63184A1A62184A05
:10351000DA64184A9A64184A5A62184B184A9A6030
:10352000184A5A62184ADA62184A1A61184A5A61E5
:10353000184A9A61184A1A63184A9A64184ADA644F
:10354000184A9A63704700BFF0030021DD7B020137
:10355000137C0201A57C0201757E0201E77E020157
:10356000453D0101FD7E0201014001014D3E010189
:103570005980020181800201C53E0101DC04002165
:10358000FF7B0201058002011F7F0201C37E020151
:10359000437F0201ED3D01013F810201DF80020115
:1035A000C3800201EB7F02010C4B0D4A0D491A60EA
:1035B0000D4B0E4A1A600E4B0E4A1A600E4B0F4A04
:1035C000DA670F4AC2F880100E49C3F884100E491A
:1035D000C3F888100D4BC2F888307047CC05002125
:1035E00045E5000145E70001C805002139E8000173
:1035F000D4050021C5DE00010403002129E70001F4
:103600001802002121E9000115E5000195E40001FF
:103610000B4B0C4A0C491A600C4B0D4A1A600D4BAF
:103620000D4ADA670D4AC3F884200D4AC2F88010AB
:103630000C49C3F888100C4BC2F88830704700BFA3
:10364000D00500210DDE0001B9DF0001D405002105
:10365000C5DE0001F003002151DC0001D1E00001D2
:10366000DC04002195E4000115E50001054B064A44
:103670009A65064ADA65064B064A9A65064A1A664C
:10368000704700BF18020021A963020131650201E1
:1036900004030021C761020199670201054B064A34
:1036A0009A65064A1A66064B064A9A65064ADA651C
:1036B000704700BFF0030021896402019365020195
:1036C000DC040021C76102010568020110B5084B46
:1036D000084C09485C6798670849094B094A5967CB
:1036E0009A67094BC3E91D40084BC3E91D1210BD81
:1036F0000403002107A1020121A1020167A1020127
:1037000018020021C1A10201DC040021F003002104
:10371000024B034A1367034A13677047A1770101FD
:1037200018020021F0030021024B034A1367034AE9
:1037300013677047997B020104030021DC04002118
:103740002A2A73B505460C462ED82A2A2FD8DFE838
:1037500012F0330074007E008A00A2008800880006
:10376000B100B300B90088008800BE00C900B300F2
:103770002E002E00CD0088008800E800E800EF0051
:10378000F60002012E002E0021013E014B015101E5
:103790005701620164016601680173017B019201B6
:1037A00094012E002E008301FF2A00F0688140F270
:1037B000FE315120EDF7B6FA416841F64B50D1F891
:1037C0005032B1F84822834294BF642040F2E24074
:1037D000B2FBF0F241F64B50D2B283422271D1F8E3
:1037E0004C2294BF642040F2E240B2FBF0F292B26D
:1037F000A3F57A706271120AA27141F2707290425E
:10380000204695BF4FF47A7240F2E242B3FBF2F3E6
:10381000B3FBF2F398BF03F550639BB2E3711B0A4D
:103820002372B1F8543263721B0AA372B1F85612B4
:1038300002B0BDE8704013F02ABD43682046D3F8BB
:103840003812013102B0BDE8704013F054BD027867
:103850004368012A02D193F8343101E093F84131F1
:10386000237102B070BD4568204605F51F7113F045
:1038700051FD05F52171204613F056FD05F5177130
:10388000204613F057FD05F59071204602B0BDE8C3
:10389000704013F05DBD4168204601F2262113F00F
:1038A0005FFD6968204601F5927102B0BDE8704085
:1038B00013F05ABD4368CEE7084602B0BDE8704039
:1038C00000F054BB02B0BDE8704000F061BB0E23B5
:1038D0000B7159234B7100238B716B23CB71202308
:1038E0000B72BEE7436893F82A31B9E7037846685C
:1038F0007BB996F8343163B196F82D11204613F058
:10390000C0FD96F82C11204602B0BDE8704013F0BF
:10391000BCBD96F82B11204613F0B3FD96F82A1182
:10392000F1E74168204602B0BDE8704014F03EB9AE
:10393000436893F84E21227193F84F3109E04368B0
:1039400093F84C21012AF4D093F878200A7193F867
:103950007930637185E7456895F8430212F0FFFC02
:103960000146204613F074FD95F84202C31E012B58
:1039700007D895F87C30DA1E012A02D8984218BF81
:10398000002012F0ECFC0146204602B0BDE8704079
:1039900013F05ABD45680023204601218DF80430FC
:1039A00013F055FC2A7C01A96B7C2046032A03F006
:1039B0001F0308BF002243EA82139DF8042002F08F
:1039C000200213438DF8043013F04AFC49E74368A2
:1039D0000F211888EEF73AF800F15B01204602B09B
:1039E000BDE8704013F0DCBC084602B0BDE8704092
:1039F00016F079BB084602B0BDE8704016F07BBBFC
:103A0000244B1B68002B3FF42CAF2946204602B004
:103A1000BDE870401847204BF3E7204BF1E7204BFF
:103A2000EFE7204B1B68002B3FF41BAF024623201F
:103A300002B0BDE8704018471A4B1B68002B3FF4DA
:103A400010AF02462420F3E7164B1B68002B3FF40F
:103A500008AF02462520EBE743680F211888EDF7F1
:103A6000F5FF00F17D0200F15B01204602B0BDE8E8
:103A7000704013F0A1BC0C4BC3E70C4BC1E743688B
:103A8000204693F8CF22D3F8D01202B0BDE87040A0
:103A900013F0E9BBCC050021D0050021C8050021A9
:103AA000D4050021E0050021DC050021D805002116
:103AB0003A289ABF024B53F820000020704700BFFD
:103AC000180200213A289ABF024B53F82000002028
:103AD000704700BFF00300213A289ABF024B53F809
:103AE00020000020704700BF040300213A289ABF3D
:103AF000024B53F820000020704700BFDC04002177
:103B000030F8023CF7B504460D467BB100238DF832
:103B100004308DF8053000209DF8043063F3070071
:103B20009DF8053063F30F2003B0F0BD184B30F85B
:103B3000B86C1B680BB128389847164B1B680BB143
:103B4000304698470A230027A5F803602B70AF7012
:103B5000637A54F8A00C6B710FF0A7FB18B9B2216F
:103B60006320EDF7DFF83046FEF744FB3946304678
:103B7000EDF782FF02213046EDF77EFF18B9064BC4
:103B80001B6803B1984704238DF804300023C0E775
:103B9000E4050021EC050021E8050021014B024A63
:103BA0001A607047E405002119E50001014B024A43
:103BB0001A607047EC050021118D0201F7B54568C8
:103BC00004464FF6FF776E690DF102010DF1010217
:103BD0003046ADF802700FF005FB01A930460FF03A
:103BE00023FB40B101980FF0FBFB616800220272D9
:103BF000FFF720FBE8E7044905F1B80003B0BDE892
:103C0000F04013F0EABD00BF013B0101F0B50446EE
:103C100085B00D46FF2600F8B56C10F8B63CF3B140
:103C2000174F3B781BB148211F20EDF77BF80C2183
:103C3000381DEDF7CDFB3E70002304F8B53C092399
:103C40002A4602F8033BD4F80930C5F80330D4F80B
:103C50000D305360D4F81130936005B0F0BD01A869
:103C60000C21EDF7B5FBA4F5E073039A1A6001ABE4
:103C700003CB44F8BE0C44F8BA1C04F8B66CDBE77E
:103C80004012002110B5054C23782BB90C21201DC2
:103C9000EDF79EFBFF23237010BD00BF40120021F3
:103CA000024690F82E32BBB990F82F3203F0FF0194
:103CB0000BB100207047094B18780028F9D0197013
:103CC000D9680433C2F8241103CBC2F82602C2F823
:103CD0002A12FF2382F82E32012070474012002161
:103CE00038B54368044693F89E201C2A24D100224C
:103CF00083F8E12083F8DC2083F88622436893F878
:103D0000E21003F5F3701D8869B10C4983F8E220D5
:103D1000A3F8F05183F8EF2113F05CFD63680020F5
:103D200083F89E0038BD012283F8EF11A3F8F0510B
:103D3000034983F8F221EFE70220F3E7AF7D0201A8
:103D4000A17D0201426838B592F89F3004460D46C5
:103D50003BB1142B05D0123B0B2B94BF0820012044
:103D600038BDD2F8383183BB92F8E23013B920461F
:103D700013F0A4FE6168284601F21E2113F0E1FA57
:103D80006168284601F5907113F0E6FA61682846EB
:103D90000B8801F2EF2121F8023C13F0C0FA6168B0
:103DA000284601F2F72113F0C2FA6368002583F870
:103DB0002E5260680C4900F5397013F00BFD6368F2
:103DC0001622284683F89F20CAE70C2203212046AA
:103DD00013F08DFE63683222204683F89F2013F093
:103DE0006DFE0020BCE700BF0D3C010138B5436803
:103DF000044693F89F201D2A04D040F2BB111F20D7
:103E0000ECF790FF002293F8E2101D8803F5F370A1
:103E100083F8E12069B10B4983F8E220A3F8F0515F
:103E200083F8EF2113F0D6FC6368002283F89F200B
:103E300038BD012283F8EF11A3F8F051024983F84D
:103E4000F221EFE7AF7D0201A17D0201034610B52B
:103E500000785B6820B993F89F202AB1012021E007
:103E6000D3F89020D207F9D44C688968144A21F419
:103E70001E51224021F01001C3F8F220C2F3076264
:103E8000090442F00802090C83F8F520C3F8F61083
:103E90000021A3F8DE1030B9012283F8E0200422CB
:103EA00083F89F2010BD93F8E0200846013283F884
:103EB000E020D3F8902042F00102C3F89020F1E70F
:103EC0002FC904F7436870B593F89E20042A34D1B3
:103ED0004E688C681B4A24F41E540578324024F046
:103EE0001004C3F8F220C2F30762240442F008026F
:103EF000240C83F8F5200022C3F8F64083F8DC2078
:103F000083F89E2015B9426882F8535193F8B42182
:103F100002F0FF049AB91A8803F5D67083F8B54108
:103F2000A3F8B6214A68C3F8B8218A680649C3F8DD
:103F3000BC2113F04FFC204670BD0124FBE7002498
:103F4000F9E700BF2FC904F7C97F0201406890F864
:103F5000B43143B9038800F5D670034943811A236D
:103F6000437213F037BC7047C97F020110B5044695
:103F7000FEF7ACF821F41E51044B21F01001034070
:103F800009046360090CA16010BD00BF2FC904F7CC
:103F900037B50C464568FEF799F80A4B21F41E51D7
:103FA00095F8F220034021F010010093134009041A
:103FB0008DF800306B46090C019103CB6060A16065
:103FC00003B030BD2FC904F7DB0410B5144604D587
:103FD000037D13B10023436310BD436B013343637F
:103FE00014F08EF8D0E90D239A42F5D3002303494B
:103FF00043632046BDE8104013F0F5BB4B8002013F
:1040000070B544680D46067894F89E30012B09D0AF
:1040100026B994F89F302BB1012042E0D4F89030BB
:104020009807F9D494F8E330990719D4284613F087
:10403000A1F984F8ED00B5F80530A4F8EE30B5F834
:104040000730A4F8F03094F8E33043F0020284F82B
:10405000E320DA0710D51D4904F1E40013F0C3FB97
:1040600094F8E330DB0713D4E6B994F89F3043B1FA
:104070004E214020ECF756FE94F85231002BEAD145
:10408000EEE70123A4F8DE6084F89F3084F8E03086
:1040900094F89E300020012B03D184F89E0084F810
:1040A000DC0070BDD4F8903013F0020201D055212D
:1040B000DFE743F00203A4F8DE20C4F8903094F860
:1040C000E030013384F8E030E2E700BF21810201F3
:1040D00070B545680446FEF7F9FD054B014685F8C5
:1040E0009D001B681BB12046BDE87040184770BD9D
:1040F000F4050021024B1B6803B11847704700BF4D
:10410000F0050021F0B5204E0546002430781470EB
:1041100080B1431E7768DBB2181B01280BDC07EB6C
:10412000C40057F834604068884208BFAE4212D1DC
:1041300014700120F0BD18194610C0F3470057F85D
:1041400036C007EBC60EAC45DEF804608E412CBFCE
:1041500003460446E0E7B54271EB000002D214705A
:104160000020E7E707EBC30057F833404068884278
:1041700008BFAC4201D11370DBE7A542814128BFE3
:1041800001331370ECE700BF6012002110F007024A
:1041900008B503D063214820ECF7C4FD18B1034BE8
:1041A000197258601A70C80008BD00BF6012002163
:1041B000014B00221A70704760120021014B187ADF
:1041C000704700BF601200212DE9D34313F0EAFFCE
:1041D0000DF1070207460E46FFF794FF98B9114C00
:1041E0002278237A93420ED0616813466FF0604EB6
:1041F0009DF80700984209D301EBC003013201206A
:104200002270C3E9007602B0BDE8D08303EB0E0054
:10421000013B01EBC000DBB2D0E90089C0E90289B3
:10422000E6E700BF6012002137B513F0BBFF0DF1C8
:104230000702FFF767FF0446A0B10C4A9DF807008C
:1042400013785568411C013B05EBC101DBB21370CB
:104250001A1AD2B2D200834238BF002205EBC00046
:104260000EF0F4F8204603B030BD00BF601200210C
:104270000A460648822302F8033B0368C1F803306C
:104280004368536083689360704700BF69120021E0
:104290001622002101480EF095B900BF69120021D5
:1042A00017B402AB03E903001B48437D83B30B46FD
:1042B0009DF8001009BB93F87C10184A32F81120C1
:1042C0004FF47A7102F23F62B2FBF1F2D3E980144B
:1042D0007D3144F100045218198844F10004426011
:1042E00001808460B3F8983002220D490C3020F828
:1042F0000A3C03B010BCFEF7AFBF520608D51A88BF
:104300000280D3F880224260D3F884228260E9E7F9
:1043100003B010BC704700BF69120021B251030105
:10432000714201010F4B4FF47A72042933F81130B6
:1043300010B503F2E73300F1FF34B3FBF2F34FEAB9
:10434000C41409D003290AD002290CBF6022F0222C
:10435000234400FB023010BD4FF4D262F8E740F274
:10436000BE22F5E7BC510301274B1A6810B5D2F8FD
:104370000F3041F64B540362537D117D1B0443EA19
:104380000123D17C0B4383636FF45063B2F819109F
:10439000CB18062B96BF4FF47A7340F2E243A1F597
:1043A00050615943A142C161937D8ABFC3EB43145D
:1043B00003EB830303EB840341F64B5495BF03EBFC
:1043C000830303EB83039B005B0088BF9BB2A14286
:1043D000A0F8403098BF6421B2F8173088BF40F28F
:1043E000E2414B43C363B2F81B308384B2F81D3003
:1043F000C38492F8243003F01F025B0980F8B220D6
:1044000080F8003210BD00BF80120021042913B5CE
:1044100017D19B0103F53473417990F84440013979
:10442000C9B203291AD81A480144887AD101CA317D
:1044300003FB0213174A934215D940F262712D20F3
:104440000FE0032903D11B0103F5E773E4E7022919
:104450000BBF0B330A339B00DB00DDE740F2613119
:104460000620ECF75FFC1E2204F03F01B3FBF2F3E1
:104470001A0A41F04001DBB242EA4012002061F327
:10448000070063F30F20D3B263F3174002B010BDEF
:10449000BC510301C3BF030038B5074D044600F10A
:1044A0006901286812F05EFC94F868102868BDE87D
:1044B000384012F06CBC00BF80120021F7B50446F2
:1044C000803012F0B6F9D4F888300BB101221A60AE
:1044D0006388DB0727D50023256A144E05F10A07F8
:1044E000CDE9003302238DF80630FF2386F8203013
:1044F0006846EDF7E5FAB0B9009CA542F8D03B4616
:104500006A7A04F10A01607A12F09DF90028EFD06E
:10451000A37886F82030D4F80330C6F82130044B55
:10452000B4F807209A8003B0F0BD00BF80120021CC
:10453000A112002138B5084D044600F16901062397
:104540002868002212F043FD94F868102868BDE83E
:10455000384012F01CBC00BF8012002107B512F0D9
:1045600086FA8DF807000548012306220DF10701A0
:10457000006812F02CFD03B05DF804FB80120021EE
:1045800008B5044B986910B1403014F08FFF00F06B
:10459000010008BD8012002108B5044BD86910B194
:1045A000403014F083FF00F0010008BD80120021AC
:1045B000F8B504460E461346C07F6588324615F0AE
:1045C000040118BF04F17701FEF786F9C20705461A
:1045D0000BD50123E07F84F86830FEF74FFA0368BB
:1045E000C4F869308388A4F86D30AB070CD5012777
:1045F000084E04F17701306884F8767012F0C0FB41
:104600003946306812F0D0FB85F00400C0F380001A
:10461000F8BD00BF8012002110B50446084694F88A
:10462000E0306BBB2378082904F1E30284F8E13021
:1046300016D004F1E201FEF7CFF820B940F6FB6195
:104640002D20ECF76FFB94F8E23043F0020384F87E
:10465000E23004F1D8000B49BDE8104013F0BAB8BD
:10466000094B1868034613F8031BC1F3801184F843
:10467000E210D0F80310C4F8E3109B889380E8E7B9
:1046800010BD00BF658202018012002170B5044692
:104690000E461546FDF7F8FC98B92378A4F8C960D2
:1046A00084F8C830637C84F8C7500BB194F8483064
:1046B00004F1BE0084F8CB300249BDE8704013F02D
:1046C00089B870BDB186020110B504460E49943018
:1046D00013F080F80D4904F1CC0013F07BF894F846
:1046E0009D20B4F89E102046FFF7D0FF084B002213
:1046F0001A71084B1B682BB12146206A0222BDE8C3
:104700001040184710BD00BF598502014F820201B9
:10471000801200210006002138B5B0F84830044668
:10472000184D0133A0F84830AB7C2BB109F0B8F834
:1047300007F05AFE0023AB7400232B7194F89130DC
:104740002BB101212046BDE83840EFF7BDBC637CAA
:10475000B3B1B4F848209A4212D301212046EFF7B2
:10476000B3FC63882046DB0747BF236A432243220A
:104770004FF6FF7148BF1988BDE83840FFF786BF84
:104780000021DFE78012002110B5094C2379012BAD
:1047900002D02379022B05D1A37C1BB109F080F84C
:1047A00007F022FEA06ABDE81040FFF7B5BF00BFCA
:1047B000801200210346074A906A03B909B9FFF73E
:1047C000ABBF1379D26A03F180431269033B52F8FD
:1047D000233018478012002103292DE9F0430546B4
:1047E00085B090467BD090F890300529DBB202D19D
:1047F0004288D60760D5002B5ED10127DFF8E8900C
:1048000099F81260B6B112F062F8082888F8000032
:1048100014D002AA0DF10701FDF7DEFF20B940F622
:1048200085612D20ECF77EFA02A99DF8070013F0B0
:10483000C5FC064698F80030082B08D1D9F80010BE
:1048400011F8030BC0F3801013F0B8FC0646D9F83A
:10485000001005F1700395F86F2011F8030BC0F3F9
:10486000801011F0F0FFD9F80010044611F8030B86
:10487000C0F3801012F021F88146FEF711F90146CD
:1048800040B1B9F1080F1BD04846FDF7A7FE80F0F4
:104890000101C9B298F80000082815D094B9EB7F3F
:1048A0001C1A604260416B885A0706D421B996B938
:1048B0006B7D93B1BB4210D0002005B0BDE8F08302
:1048C0000021E7E70120EEE714B181F00104E4B232
:1048D00004F00100E7E73046EFE70120EDE7438809
:1048E0009B07E9D5022789E7801200212DE9F341D2
:1048F000444C2379012B07D02379022B04D040F6B6
:104900003C412D20ECF70EFAA26A176A0FB197F816
:104910008170A8B90125A37C1BB108F0C1FF07F085
:1049200063FD002D6BD0A06AEFF728FA002860D055
:1049300008F0B4FDE36A9B6802B0BDE8F041184797
:10494000216802F1690392F8682011F8096BF009F7
:1049500011F079FF0028DDD006F00F062068052E43
:104960002CD190F8243003F01F03102B26D9D4F853
:10497000288098F813500DB308230DF10702314633
:1049800040468DF80730FFF727FF0028C3D098F87E
:10499000F130002BBFD1226808F1F201D31C233281
:1049A00053F8040B934241F8040BF9D11B8808F12A
:1049B000E9000B80144912F00DFFACE7394612F004
:1049C0001BFA0028A6D02379A06A012B05D02379F1
:1049D000022B02D040F6154193E723793146E26A73
:1049E00003F180435269013B52F823309847054652
:1049F00091E7A06A02B0BDE8F041FFF78DBE02B0BA
:104A0000BDE8F081801200217D820201032973B587
:104A1000044604D0052927D0012002B070BD082328
:104A20000DF107028DF80730FFF7D6FE0028F3D00E
:104A3000237C23B19DF807102046FFF7EDFD0F4DB5
:104A40000622042620462B685A701E70FFF724FDAC
:104A500094F85C20A16D286812F0BFF928682E71C7
:104A600008F036FE0020D8E7054B1B6823B19847B5
:104A700080F00100C0B2D0E71846CEE780120021D6
:104A8000FC050021F8B504460F4619B300F13005C6
:104A9000284613F0D9FFA0B963881A072ED52846F7
:104AA00013F0E7FF0646284613F0CEFF301AC0B2D7
:104AB00014F020F8444A936803442846936013F0A6
:104AC000A2FF284613F0A4FF08F0D6FA217925208A
:104AD00008F04EF93C4D002394F8762028680370C6
:104AE00043706388103B0D2B5ED8DFE803F0595DFF
:104AF000550C5D405D5D5D5D5D5D5D402046BDE8E2
:104B0000F840FFF709BE06234370202303702046B8
:104B1000FFF7C2FC638823F008039BB2152B05D076
:104B200094F85420216D286812F048F9286808F09C
:104B3000CFFD0323217900202B7108F0ABFA064644
:104B400007B9E86063881B0704D513F0D0FF06445B
:104B5000C4F828616388103B0D2B30D8DFE803F0E0
:104B6000322F29292F292F2F2F2F2F2F2F290C2399
:104B700043702123037042B104F1770112F000F970
:104B80000121286812F010F9C1E704F1700112F058
:104B9000F7F894F86F10F4E7062303704370B6E754
:104BA000022303700623F9E740F226612D20ECF77B
:104BB000B9F821790120BDE8F84008F01BBF40F6A4
:104BC000AA41F3E7F8BD00BF8012002138B5438841
:104BD0000446102B04D10121BDE83840FFF752BF35
:104BE0000B4DAB7C23B107F0E3FB402008F04CFEFB
:104BF000286808F06DFD608810F0040002D121796A
:104C000008F0F8FE002008F001FE01232B7138BDEA
:104C10008012002103292DE9F743044605D0052918
:104C200000F08680FFF778FD7CE008230DF1030299
:104C30008DF80330FFF7D0FD002877D0237C23B117
:104C40009DF803102046FFF7E7FC0123B4F802802B
:104C50003C4E00251F464FEA98123068294662F301
:104C6000861707224370C8F380180270C57012F0CF
:104C7000D8F92A463946306812F0DAF92046FFF7AB
:104C800059FC306812F03EFAB4F85C30C0F1FE0511
:104C9000AB42B4BFDDB2EDB2AB422AD947F0100748
:104CA00000223068A5F10309394612F0C1F93068D5
:104CB00012F0B3F9A91E5FFA89F9014420464D4666
:104CC000C9B213F080FC0422C0F307238DF804005E
:104CD000C0F307400DEB02018DF8053003238DF87A
:104CE0000600306812F073F900223946306812F07D
:104CF0009FF9B8F1000F06D094F9142094F84410ED
:104D00006079FFF72BFC2A46A16D306812F0C4F9D8
:104D1000FF203582617908F02BF807233068337162
:104D200008F0D6FC002003B0BDE8F083204679E708
:104D3000054B1B6823B1984780F00100C0B2F2E731
:104D40001846F0E780120021F80500212DE9FF4701
:104D500008230DF10702052104468DF80730FFF7FF
:104D60003BFD002800F08580444D206AFFF7FCFAE7
:104D70002B68D3F81F0093F8232002908DF80C20A5
:104D8000226AD3F80310C2F80310B3F80710A2F890
:104D900007101B78206AC3F380138370384B1B689D
:104DA00013B1012221469847266A0E2328684FF046
:104DB0000808B7780021437080F8008012F031F9BC
:104DC00000224FF00301286812F032F92046FFF765
:104DD000B1FB3946286811F0E7FF06230122F11CD8
:104DE000286812F0F4F86179FF2007F0C1FF286805
:104DF00008F06EFC266A67790DEB080106F1A60043
:104E000094F914A011F06DFE86F87C7086F87D7020
:104E10004FF0FF0986F87E90F91E06F14400012943
:104E20008CBF00210121FEF723FA51463046FDF7E1
:104E300031FF216A00239DF80720204684F89D3029
:104E40000B8884F8BB90A4F89E304FF6FF73A4F84B
:104E5000BC3013F0C6FB236A1A8885F80480A4F8D6
:104E6000D52093F8A63084F8D730012004B0BDE8EF
:104E7000F0872046FFF750FCF7E700BF80120021C3
:104E8000000600212DE9FF4708230DF10702052147
:104E900004468DF80730FFF79FFC064620B9002630
:104EA000304604B0BDE8F087414F396807F121036F
:104EB00097F8202011F8030BC0F3801011F0C3FC09
:104EC00005460028EBD13A68216A104691F8A630D1
:104ED00010F803CB03EA5C1303F0010381F8A6305A
:104EE000D2F80330C1F803308388A1F807301346A5
:104EF000D4F820C013F81F1BC1F380118CF80210E6
:104F0000D2F81F001B79029060468DF80C30FFF735
:104F10002BFAD4F8208002A994F914A008F1A60075
:104F200011F0DFFD40F20113A8F87C304FF0FF09CB
:104F300088F87E90294608F14400FEF799F9514619
:104F40004046FDF7A7FE216A84F89D5020460B8855
:104F50009DF80720A4F89E304FF6FF7384F8BB90AD
:104F6000A4F8BC3013F03DFB124904F1940012F098
:104F700031FC236A104904F1CC001A88A4F8D5202A
:104F800093F8A63084F8D73012F024FC236A2A461E
:104F900020461988FFF77AFB084B3D711B68002BF0
:104FA0003FF47EAF2A462146206A984778E700BF43
:104FB00080120021598502014F8202010006002162
:104FC00010B5154CA37C1BB108F06AFC07F00CFA75
:104FD000A06AEEF7D3FE20B1A06A438803F018035D
:104FE00023B9A06ABDE81040FFF796BB2379012BD7
:104FF00007D02379022B04D040F643312D20EBF764
:1050000091FE2379E26A03F18043D268013BBDE857
:10501000104052F823301847801200212DE9F04F3C
:10502000B0F802B08BB0044616461BF0030701919E
:1050300008D0012F06D0022F04D040F253612D205A
:10504000EBF770FE0BF00703052B08D1002E72D092
:105050004FF000094FF0010A4D46012209E0022BF2
:105060005DD1002E67D04FF000094FF0010A4D4688
:105070004A464FF001081BF0400B04D0002E00F010
:10508000FE804FF0010B48EA4202DFF86C820121FA
:10509000072042EACA03002243EA051343EA4919FA
:1050A00049EA8B1B0BF07B030093D8F800309DF886
:1050B00000B05A7018705970002E40F00381B1464C
:1050C000DE703946D8F8000011F0ABFFD8F80000C8
:1050D0004A469DF8001011F0ABFF009B9DF8007050
:1050E000D80702D52046FFF725FAB90710D5019B4E
:1050F000D8F80000002B00F0F68004F177010623B9
:10510000012211F064FF0121D8F8000011F04CFEDB
:105110000023002B00F0F28040F635018FE7002BD2
:1051200047D15EBB0BF02303B4F85420134309D0DE
:105130001BF0200913D04FF0000901254A46AA466A
:10514000C84698E7FFF71CFA0028F1D1FFF724FAC8
:1051500002460028ECD1B1463546B24689E794F8BC
:1051600004800125A8F10308AA46B8F1010F94BFF5
:105170004FF000084FF001084A467CE7FFF700FABD
:10518000A8B9FFF709FA1BF0200500F001096CD15E
:1051900094F804804FF0010A2A46A8F10308B8F1F8
:1051A000010F8CBF4FF000084FF0010863E70120AA
:1051B000E9E7012B17D194F8048056B9A8F102054C
:1051C000B1469A463246D5F1000848EB05081D461F
:1051D00051E7B8F102084FF000099A4618BF4FF0A6
:1051E00001084D46C8E7062B3FF430AF042B39D1F8
:1051F00026BB0BF02303B4F85420134311D02279BB
:105200004FF000090125033A012A94BF0022012230
:105210001BF0200F0CBF90464FF000084FF0010A22
:1052200029E7FFF7ADF90028E9D1FFF7B5F9824684
:105230000028E4D14FF000094D460EE7FFF7A0F932
:1052400070B9FFF7A9F9227900F00109033A012AA0
:105250008CBF002201221BF020050CD19046DDE717
:105260000120F0E740F2F661E9E600254FF0010A7F
:105270002A46A846FFE600254FF0010AF9E7B4F8F0
:10528000541059B194F804B0ABF1030BBBF1010F0A
:1052900094BF4FF0000B4FF0010BF4E6618801F072
:1052A00023010029EED10092FFF76AF9009A002845
:1052B000E8D1FFF771F9009A0028E3D1002F3FF4FD
:1052C000E0AEDFE7DA70FFF767F950B1D8F81C30CD
:1052D00093F8BD30002B0CBF4FF000094FF00A09C6
:1052E000EFE68146EDE604F170010623012211F09C
:1052F0006EFE94F86F1007E7801200213A0716D56A
:10530000626C05A9D8F80000C2F30B2262F30B030C
:1053100094F84620ADF814301209C3F3072362F362
:10532000071303228DF81530022311F050FEBF063B
:1053300040F1B580D4F85831D8F81C700293D4F8F5
:105340005C3103930FB9D8F81870D7E918A301930B
:10535000FFF722F980B1D8F81C3093F8BD305BB16B
:1053600007F1400014F0CDF930B93B6F13EB0A0A96
:10537000019B43F100030193397C4FF0000CA34BD8
:10538000D8F8142033F811004FF47A73DDF808E0F0
:1053900000F2E730B0FBF3F0D2F1900361EB0101D2
:1053A000B3EB0E03DDF80CE061EB0E01C3180198BE
:1053B00041F1000113EB0A0340EB0101D4F84C0169
:1053C000B3F5161FA0EB020E9DF8150071F1000257
:1053D0004FEAEE7A00F0BF000ADB6CF345108DF85F
:1053E0001500BDF814306FF30C03ADF8143026E04F
:1053F000B3F5703F71F1000208DB9E457AEB0102C4
:10540000EBDA40F020008DF8150007E09E456CF3C4
:1054100045107AEB01028DF81500E2DA9DF81520AF
:1054200012F0200FBDF8142014BF4FF4967A4FF0FD
:105430001E0AB3FBFAF363F30C02ADF814203B6FC2
:1054400040F2E242B3FBF2F3ADF81630D7F8173072
:10545000FA7E06939DF81C3062F304038DF81C302D
:10546000FCF760FE9DF81C3060F347138DF81C308C
:105470009DF815306FF3C7138DF815303B68CDF8E4
:105480001D303B798DF821307B798DF82230BB7946
:105490008DF82330B7F852300133ADF82430012EA7
:1054A0004FD1B4F85430002B4BD06388980748D4C0
:1054B000DFF85CA1DAF8000011F0AFFD421CB4F88F
:1054C00054100346D2B2BAF81070C2F1FF00CF1BDD
:1054D0008742A8BFD743FFB2B94227D96288D10714
:1054E00024D401934A46009B033FD8F800000125CD
:1054F00043F01001FFB28B4611F09AFD019B20464C
:10550000191D3944C9B213F05EF8C0F307238DF8B2
:105510001000C0F307408DF8113004228DF81200FE
:10552000032304A9D8F8000011F051FD3A46216D7B
:10553000DAF8000011F0B0FDBAF810301F44AAF8F4
:10554000107065F3041B1BF0200F5FFA8BF506D07B
:105550002F481223052205A9006811F038FD6A06BC
:105560000CD5002E4AD104F13000267913F08CFAC4
:10557000014694F914203046FEF7F0FFFFF70CF8CF
:10558000002836D0224CE36993F8BD308BB3072155
:10559000206811F03BFD092340F2E2410370322301
:1055A0004370E369D3F890308370E369D3F89030A7
:1055B0001B0AC370E369B3F892300371E36993F88F
:1055C00093304371E36993F8A1308371E369D3F8B1
:1055D0009420B2FBF1F2C2717D22E369D3F89830D6
:1055E000B3FBF1F30372E369D3F89C30B3FBF2F33E
:1055F00043722B0606D540F69A0120E5667994F8A9
:105600004410B6E70BB0BDE8F08F00BFBC510301FA
:10561000801200212DE9F74F04460F4690F8440010
:1056200007F02AFD6179FF20744D07F0A1FB002FE0
:1056300048D1286811F094FB94F80480064604F1E0
:10564000300013F016FAB8F1040F2CD1B60106F5AC
:105650003476EB6803EBC013CA3306FB003663886D
:10566000002019076E6142BFAB68F6186E6162795F
:10567000696907F08FFE63889A072AD05FBB61795A
:10568000012008F0B7F9012294F876102046FFF7C0
:10569000C5FC286808F01CF806232B7101236B71E8
:1056A00003B0BDE8F08FB8F1030F03D1360106F562
:1056B000E776CEE7B8F1020F0BBF0B360A36B6001D
:1056C000F600C6E762794FF4A571002007F0A0FE4E
:1056D000D1E7002FD7D066884FF0000A286806F07F
:1056E0000203C6F380165146002B4FF007030EBF8E
:1056F0004FF001094FF00009D4F858804FEAC9096A
:1057000012BFB4F85C70D4F85080B4F8547049EA11
:10571000861B0370012380F803A0D946437011F063
:1057200080FC52465946286811F082FC1BF0080F95
:1057300017D0626C01A9BDF80430C2F30B222868AF
:1057400062F30B0394F84620ADF804301209C3F35A
:10575000072362F3071303228DF80530022311F0AB
:1057600036FC286811F0CEFC2B8AC0F1FE06FA1A2E
:10577000B242B4BFD6B2F6B233449F422ADD002211
:1057800049F01001286811F053FC286811F0BAFCA8
:105790002E8ABF1BC0F1FE062868B742B4BFFEB216
:1057A000F6B211F03AFC811920460131C9B212F06B
:1057B0000AFF0422C0F307238DF80400C0F307405A
:1057C0000DEB02018DF8053003238DF806002868E3
:1057D00011F0FDFB63885B0606D594F9142094F85C
:1057E00044106079FEF7BAFE298A3246286841449F
:1057F00011F052FC288A06442E824AE780120021CA
:1058000010B5084CB0F85C30228A9A4205D00121CC
:10581000FFF700FF0723237110BDBDE81040FEF71E
:105820007BBF00BF8012002138B5438804461E4D5F
:1058300013F0020F0FD1DB070DD42A8AB0F85430D1
:105840009A4203D1BDE83840FEF766BF0121BDE8AA
:105850003840FFF7DFBE0020617908F0CBF863889D
:10586000617913F0020F14BF0C20222007F080FA98
:1058700002232B71AB7C4BB106F09AFD6379033B9D
:10588000012B94BF4520402007F0FEFF6379033BC6
:10589000012B94BF2820002007F0B8FF2868BDE83E
:1058A000384007F015BF00BF80120021094810B52D
:1058B000037903F0FF0453B92422214604300CF08D
:1058C00081FE07F0EDFF06F08FFD204610BD0C2491
:1058D000FBE700BF8012002110B50023084C2371A4
:1058E0002060FFF7E3FF20B140F2F6212D20EBF717
:1058F00019FAE36A13B940F2F921F7E710BD00BFC6
:1059000080120021014B024ADA62704780120021A6
:105910004C600101044B054A1A60054B054A1A60A8
:10592000054B064A1A607047FC050021854E0101AF
:105930000006002151400001F80500214D4D0101F4
:105940002DE9F34704460E4600297BD000F13005CF
:10595000284613F079F828B9638818076CD52846CB
:1059600013F051F8284613F053F807F085FB21791E
:10597000252007F0FDF9364D28680379D90623D58F
:10598000C3789A0620D011F0EBF9074604F13000F5
:1059900094F8048013F058F8421C3B464146D2B2BA
:1059A0002046FEF733FD0422C0F307238DF80400E0
:1059B000C0F307400DEB02018DF8053003238DF88D
:1059C0000600286811F003FB46B304F1300A28688A
:1059D000D5F80C8011F0C4F98146504613F049F80F
:1059E00007465046013F13F02FF81FFA89F2391A83
:1059F0002079C9B213F065F8638880441B0708D585
:105A0000AB6801212046984412F0DDFE4044C4F802
:105A1000280122794146002007F0BCFC286807F0E5
:105A200057FE26B92179304607F034FBE86005239C
:105A30002B7102B0BDE8F087204602B0BDE8F04708
:105A4000FEF76ABE0A4690F87610FFF7E7FA92E78B
:105A50008012002170B5174E012504463030B57113
:105A600012F0F2FFF8B96388DA0604D52046BDE8E3
:105A70007040FEF751BEB279002AF7D003F023033D
:105A8000B4F85420134305D020460021BDE87040EF
:105A9000FFF7C0BDFEF774FD0028F5D1FEF77CFDD1
:105AA0000028F1D1E2E729462046BDE87040FFF723
:105AB00047BF00BF8012002170B5114D00260121A3
:105AC00004462E826E7112F07EFEAB680344AB601A
:105AD000B4F848300133A4F84830FDF75BFC4FF4CC
:105AE0007F7394F87610B0FBF3F202FB1300AB68FF
:105AF00032461844A8602046BDE87040FFF78EBAD1
:105B00008012002110B5094CA06A4388092B07D1E7
:105B1000FFF7D2FFA06A0121BDE81040FFF710BFD8
:105B20000121BDE81040FEF7ADBF00BF801200218B
:105B3000F8B5867D0446B31EDBB2012B8CBF00276F
:105B4000012796B3023E18BF0126012B2DD800F184
:105B5000700190F86F0010F0B0FE054663889B0658
:105B600005D4082D2CD02846FCF744FD40BBE57732
:105B7000A77784F86860FCF729FE054609F0A8FBC2
:105B8000164B0022A5FB033584F876201B1820460F
:105B900045EB01051146C4E91835FEF709FD70B95A
:105BA00040F293412D20EBF7BDF80825D6E704F12C
:105BB00069013046FCF7AAFB0028D8D10020F8BDC7
:105BC000002EF4D0637F002BF8D0D4F81730C4F83F
:105BD0006930B4F81B30A4F86D30C8E740420F00BC
:105BE0002DE9F04F07469BB00C4605460EAE95F8E2
:105BF00012900FCF0FC60FCF0FC697E80F0086E8A1
:105C00000F0006A86E7912F0E4FEA37A6178029381
:105C1000237801F07F080393237D013BDBB2022B45
:105C200000F28180684AC90613449F7B06D4A37D95
:105C3000013BDBB2022B76D813449E7BB9F1010FF6
:105C400005D1042F08BF0327042E08BF0326617A5D
:105C500006A812F0C5FE237DA27E06A8022B02F143
:105C600001020CBF617D0121D2B204BF0131C9B272
:105C700012F0B8FE18F0080F6CD106A812F0F9FE69
:105C800063788246DA0653D4ECF728F88146394621
:105C90005046FEF747FB0123014632464846CDF801
:105CA000008012F0FAFA40F27121227900F5397081
:105CB000E378B0FBF1F043EA02236279484343EA18
:105CC00002434B43984238D84FF0000B94F818A089
:105CD0000593A37CE86C04930AF1FF33D3F1000A27
:105CE0004AEB030A0DF0A9FD8146E86C0DF0B5FD05
:105CF000059B484538BF48460DF1180980B260B38E
:105D000008A9CDF82090ADF824808DF830708DF87A
:105D10003160CDE90A3B12F0F0FB059BE8B9452064
:105D20001BB0BDE8F08F40F229310620EAF7FAFFF8
:105D30002822414600F096F9B5E7E379A27942EAD4
:105D40000322237A42EA034201FB02F3984298BFFE
:105D50000346B9E700239B46B8E7CDE9103B049B17
:105D6000039A8DF84D308DF83C700EAF029B8DF884
:105D70003D602E468DF848A08DF84E308DF83820C5
:105D8000ADF83A800FCF0FC60FCF0FC697E80F00C0
:105D900086E80F0099E8030028630020A986E37ACB
:105DA00013F0FD0F14BF0123002385F86F30E36863
:105DB0002B67238AA5F8743095F84630E27D62F3AC
:105DC000071385F84630ABE7BC5103012DE9FF41CD
:105DD000564E0446327902F0FF0312B90278FF2AC8
:105DE00004D140F6A9112D20EAF79CFF3382B3605D
:105DF0007371B37180F891304D4B684604F13005F2
:105E000000934C4B01934C4B0293F36A5B680393F2
:105E100007F048FC07F012F807F042FD06F0E4FA3C
:105E2000464807F01FF9464807F036FC284612F0AE
:105E3000EAFD284612F0ECFD07F01EF92179252035
:105E400006F096FF94F9140007F006F904F15001EA
:105E5000E06C0DF081FC074604F15801E06C0DF098
:105E6000A2FC80461FB194F82430002B38D1B8F141
:105E7000000F37D094F82550A37F13B963885B07D0
:105E800009D56FF00043D4E918129A4208BFB1F166
:105E9000FF3F29D185BB002F08BF474694F89330B8
:105EA00003B9AFB1638813F0100511D1606CC0F372
:105EB0000B2012F037FD94F8463084F84500C0F30B
:105EC000032023F00F03184384F8460084F893500E
:105ED00030680330FCF7C6FCB07404B0BDE8F08154
:105EE0000125C9E74546C7E709F0F2F9D4E91823C7
:105EF000904271EB0303CDD30122204605EA020153
:105F0000FEF756FB68B1FCF761FC054609F0E0F9C5
:105F10000C4BA5FB03351B1845EB0105C4E91835EF
:105F2000B9E7002DB7D040F6DE115CE78012002102
:105F3000C14F0101ED480101B5470101D6BE898E6F
:105F40005555550040420F0037B504461C4DFFF72C
:105F50003DFF04212078EBF779FD0621A861207828
:105F6000EBF774FDAB69E8612BB120B140F6162167
:105F70002D20EAF7D7FE204612F017FB618811F0BA
:105F8000100118D000212046FEF77CFD94F89230D5
:105F90005BB16846FCF7D6FE38B1694604F13600BD
:105FA00010F09FFD002384F89230204603B0BDE836
:105FB0003040FEF783BA2046FFF7C2FCE6E700BF99
:105FC00080120021024B9862DB6A1B68184700BFF1
:105FD0008012002143881A0710B504460ED5036AC3
:105FE0003C220F49943042721B884381FF2380F882
:105FF00027304FF6FF73038511F0ECFB63882046D2
:10600000DB0747BF236A3C223C224FF6FF7148BFA3
:106010001988FEF73BFBFF2384F8913010BD00BFC9
:10602000598502010D4A0101154C0101CD4B0101B9
:1060300003870201555A0101295801010158010144
:10604000C9460101FD86020113880201495F010171
:1060500089470101055B0101446001012C600101D8
:10606000246001010138022808B503D9C3212F207B
:10607000EAF758FE13290A4B05D811290CD8102924
:1060800007D0D121F3E71529FBD103EB4003D888D2
:1060900001E033F8100008BD03EB40039889FAE7EC
:1060A000CE510301F8B52F4B40281A8842EA00026E
:1060B0001A8005D104219868BDE8F840EDF720BFAB
:1060C000802801D10521F6E700F00302032A04D15C
:1060D00040F6CA113120EAF725FE10F0020418BF7D
:1060E000D960C50705D5CA781961062A0DD00B2AD3
:1060F00018D02CB1DA68D278052A1FD00B2A2AD002
:10610000820644BF08221A75F8BD9A6892F89F105B
:106110001929EED1002600270121C2E9406782F843
:10612000A310E6E79A6892F89F10132901BF002197
:1061300082F8A310012182F8E210DAE79A6892F857
:106140009F101729DCD1002400250121C2E9424516
:1061500082F8A410D4E79A6892F89F101229CFD140
:106160000021F5E7B012002113B5044601A8FCF7A1
:1061700055F820B940F2CA713120EAF7D3FD322236
:10618000002101980CF01EFA0321019811F053F838
:1061900001982146037823F010030370FCF712FEE8
:1061A000224601990548FDF7CBFAFCF74DF810B9E6
:1061B00040F2D471E0E702B010BD00BFB41200217C
:1061C00070B5274CA36893F8D66293F8D752002E87
:1061D0003FD193F87C10002D3DD193F87D2083F8BA
:1061E0007C1083F87D20FF2283F87E201D4B1B68E6
:1061F0000BB1A0689847A36893F84C31012B02D0EB
:1062000056EA050303D000211748FBF793FFA06867
:10621000443011F022FB0546A06800F27511FDF72D
:1062200049F8A0680621EDF76BFEA068443011F034
:1062300014FB8542044610D209F05CF80146601B4D
:10624000402838BF40200BF0FFF9B0FA80F0400939
:1062500070BD3146BFE72A46C1E70120F8E700BF1D
:10626000B012002118060021B41200210029A0F16B
:106270000E0308BF1F2110B5182B22D8DFE803F04A
:106280000D2121210D210D21120D21212121213648
:1062900021213C21212F2F2F47000021BDE8104054
:1062A00012F02CBC1E4CA36893F89E20222A0AD11F
:1062B000201DFBF73FFFA368002283F89E2083F890
:1062C000DC20002010BD2F2AFBD193F89F30A3F1D2
:1062D0002102062AEFD92F2BEDD02A21E8E7114B16
:1062E0001B68002BEDD0BDE8104018470E4B1B6813
:1062F000002BE6D01D20F6E70C4B1B68002BE0D0EE
:1063000007480A4620218068BDE810401847084B1E
:106310001B68002BD5D00748BDE81040184700BFC8
:10632000B0120021140600212C06002108060021CD
:106330003C060021B4120021134B024609799868EB
:1063400090F89E30222B13D02F2B11D0292B11D057
:10635000042B11D0102B11D01E2B11D090F89F00C0
:1063600024280FD0302B14BFFE202620FFF77EBF3D
:106370001620FBE72320F9E70E20F7E71220F5E7C8
:106380001420F3E71720F1E7B01200210A46014676
:10639000044808B513F04CFF10B9024811F085FB12
:1063A000002008BDB412002108B50C4B9B6893F87F
:1063B0003221FE2A04D040F2D9713120EAF7B2FC32
:1063C00083F8320111B9A3F8DE1008BD0022A3F84A
:1063D000D820012283F8DC20F7E700BFB0120021AB
:1063E000104B1A7DCAB970B99B6841F64B52D969F6
:1063F000914215D9B3F86C10B3F8502091420FD8E0
:106400001846EDF7D3BC1A88120708D59B6893F895
:10641000A000083818BF01207047002070470120F5
:10642000704700BFB0120021164BDB6810B5197918
:10643000436893F89E200A2A09D193F829218A42B9
:1064400005D1002283F89E2083F8DC2010BDD3F80C
:10645000902012F0080407D022F00802BDE8104096
:10646000C3F8902011F034BBFF2905D1342283F802
:10647000CC4283F89E20E9E740F2DE413120EAF782
:1064800051FC00BFB012002110B5044608796268C3
:10649000262892F89E303BD8112807D80E2839D1EB
:1064A00022460121BDE8104012F028BBA0F11202E3
:1064B000142A2FD80FF2040C5CF822F0A164010119
:1064C00015650101A164010115650101196501014D
:1064D000A164010115650101156501011565010141
:1064E000156501011565010167650101156501016A
:1064F00015650101156501011565010115650101AC
:106500005565010115650101156501016F65010101
:10651000FF2833D0002010BD222B01D02F2BF9D122
:10652000204611F0C2FA636893F89F20232AF1D025
:1065300093F8F3201A21204622F0010283F8F32079
:10654000626892F8F33023F0080382F8F330FBF727
:10655000F1FDDFE7292BDDD10C4B1B68002BD9D0D7
:1065600020469847D6E7332BD4D1094BF5E7094BA2
:106570001B68002BCED020469847CBE7064B9B6983
:10658000002BC7D0012382F8CE32C3E71C060021BE
:106590003006002134060021B0120021F7B505466F
:1065A000924C002840F0DD8023881F0752D5A36855
:1065B00093F83221222A13D02A2A01D01C2A05D18D
:1065C000002283F854218A4811F06FFAA36893F8E7
:1065D0003221FE2A11D14FF4AA613120EAF7A2FB41
:1065E00083F85601834B1B68002BECD0A06800F5A4
:1065F000AB7100F59C709847E5E7FE2283F83221E5
:1066000093F89F201B2A08D10026794883F8E1607F
:1066100011F05EFAA36883F89F60A36893F89E2048
:10662000342A3AD0402A41D0212A0AD193F89F2017
:10663000A2F12101062901D92F2A2CD12F2283F87A
:106640009E20A36893F8A020082A02BF0222227786
:1066500083F832212388DE0757D5A368276993F88A
:106660009F30123B0B2B0DD8FB78023BDBB2092B82
:1066700000F2B780012202FA03F340F233321342F0
:1066800000F0AF803846FCF78DFB98B93946584882
:1066900011F05CFA89E02222D1E7012283F8CD22B1
:1066A000002283F89E2083F8DC20CAE7504811F0CE
:1066B000FCF9C6E7FE78012E01D9162E0FD1A3688A
:1066C00093F89E0011F019FA48B1A36893F89E2040
:1066D000212A04D0222A40D12F2283F89E20112E75
:1066E00067D058D8072E66D00D2E66D03046FDF7FD
:1066F000E9F90346002855D1FF2EC7D1A369002B25
:10670000C4D0A368012283F8CE222388580706D577
:10671000A26892F8A020072A04BF012222779907D5
:106720000FD5E368DE780D2E49D0112E49D0072E03
:1067300049D03046FDF7DAF90346002845D02C4809
:1067400098472388DA060CD5A36893F89F200B2A74
:1067500007D10C2283F89F2003E0162E0CBF2025C2
:106760000225237D1B0713D5A36893F89F30123BA6
:106770000B2B38D9002601A903200196ECF77CFBEE
:10678000019B2BB11E720C22A1680198FCF720FD21
:10679000284603B0F0BD142EA8D1174B1B68002B60
:1067A0003FF474AF2169124898470028ADD00546E0
:1067B000D7E7124BF6E7124BF4E7124BF2E7124B16
:1067C000BDE7124BBBE7124BB9E7FF2E06D1A2681B
:1067D000342182F8CC0282F89E10B2E740F2445194
:1067E000FBE60825BDE70825D2E700BFB01200216F
:1067F000B41200210C060021280600213D8C020164
:106800008964010139630101AB8B0201C98B02016B
:1068100029640101024B002098611862704700BF93
:10682000B012002108B50022044B9A611A62FCF7ED
:106830005BFEBDE80840FDF725BA00BFB01200219D
:10684000024B9869003818BF01207047B012002130
:106850002DE9F043814C0E4687B00746B4F800801E
:10686000A16818F4007F01F190050CBFB1F8D220A7
:10687000002328460DBF0132A1F8D23081F817322B
:10688000A1F8D22012F0B8F928B1434601F5B6724A
:106890002846FDF799FB238803F4C06343B1A06841
:1068A00090F8A230002B00F0AF80032B00F0B280F4
:1068B000A168238891F8A220012A04D11D0544BFB4
:1068C000022281F8A220002F40F07C81580657BF99
:1068D000B1F830223A46013292B2A1F8302203F0E8
:1068E0000A020A2A0DD1E268D278022A09D123F0DD
:1068F000080330462380FFF751FE06430823F6B213
:1069000023803046FFF74AFEA3690643F6B2002B08
:106910005FD01422002101A80BF054FEA36893F865
:106920007D0007F0FFFAA368054693F87D0007F0A5
:10693000F1FA05F5FA754FF47A71A268B5FBF1F535
:106940001388054441F27070ADF80430B2F8983005
:10695000ADF80A50ADF80830D369A3F57A758542D1
:1069600095BFB3FBF1F340F2E24103F55063B3FB93
:10697000F1F39BB2ADF8063092F8CE3233B1206914
:10698000C31C049310F055FC8DF81400A26801A8F4
:106990009DF80C3092F8CD2262F300038DF80C3094
:1069A000A3699847A3680022049983F8CE2283F84C
:1069B000CD2271B193F8CC225AB993F89E20342A93
:1069C00007D09DF8142022B10878FF2827D11B2A70
:1069D0002CD9A36893F83221FE2A4FD1002E4DD135
:1069E00093F8A020073A012A48D993F840312BB3F5
:1069F000A3680121022093F84121A3F8D66083F80F
:106A00003421FFF7D1FC39E0012180F8A210EDF725
:106A100077FA4DE70223012180F8A230F7E7072833
:106A2000D7D1022AD5D14878FF28D2D10120C3F886
:106A3000D01283F8CF2283F8CC02CAE7A06890F87E
:106A40009F30A3F11105EDB20C2D40F27B81D0F8FF
:106A50009030DA0704D531460920D2E7B012002180
:106A6000990740F10E8131460C20FFF79DFCA2688A
:106A700092F8E33043F0010382F8E330A568B5F8FB
:106A8000103295F814820133A5F81032B8F1000FD6
:106A900000F0B182ECF7E2F910B10023A5F8103252
:106AA000A16891F8A230012B40F2F18291F8A03058
:106AB000082B40F0C182B1F8D230022B40F2E782BD
:106AC000B1F8D4500135ADB2B1F89830DFF8A082FA
:106AD0002B44A1F80832D8F80030002B00F0DB82FC
:106AE0004B8E012B40F2D782ECF7AEF90246A0683C
:106AF000D8F80080B0F89810C047A36800F10108EA
:106B0000B3F832901FFA88F8A36893F81522002A88
:106B100052D1012D50D993F89F200AB10C2A4BD1A4
:106B200093F89E20002A47D193F8A020002A43D151
:106B300093F8A220022A3FD193F81722002A3BD1D2
:106B400058690CF0B2FB002836D0A36893F83221C4
:106B5000FE2A31D1B3F80A22012A2DD9B3F8101236
:106B60009A8C914228D2B3F82E0128BB013D521ACB
:106B7000ADB292B2B5FBF9F5954228BF154605FBBB
:106B800009881FFA88F893F88B307BB9A268D2F88D
:106B900084305BB1B2F8CE30B2F898209B1A9AB22A
:106BA0001BB2002B02DD9845A8BF9046003DA368AC
:106BB00018BF012583F81252A368B3F898008044E7
:106BC000A3F80C822288A368550657BFB3F81C228D
:106BD0000022B3F80E125218A3F81C2293F8403189
:106BE0002BB9A36893F8A030073B012B07D8A36803
:106BF000B3F8D620B3F80E120A44A3F8D620A26840
:106C000092F8DC0030B1B2F8D830B2F80E120B4472
:106C1000A2F8D83092F9E0100029C1BFB2F8DE30F6
:106C2000B2F80E525B19A2F8DE3092F8C1305BB9AF
:106C3000002F40F07B82237F022B40F0308292F8BD
:106C40003431062B18BF1623A26892F8C0202AB947
:106C5000A268484882F8C130FCF7B0FFA06812F083
:106C60002BF8454B1B681BB1444AA0681168984734
:106C7000A368002283F8132207B0BDE8F043FBF7B6
:106C800009BB5A0702D531461320BAE6190706D5C3
:106C900090F82831314680F834310720B1E61A06E1
:106CA00002D500211B20ACE613F030013FD090F854
:106CB0004331002B40F04082A36893F84231F3B196
:106CC000A06890F89F3000F5A17100F2D622262B23
:106CD0002BD090F89E30A3F1260CDCF1000343EB9F
:106CE0000C0310F0C3FDA268D2F8903023F020030B
:106CF00043F01003C2F89030002382F84231A068BC
:106D0000D0F89030DA0640F1178200F27511FCF7E6
:106D1000D1FAA36800211520B3F86620A3F8342126
:106D2000B3F86A20A3F836216BE60123D9E713F004
:106D3000400201D0242064E6DB0540F1FD811146CC
:106D40001E205EE6123B0B2B54D8DFE803F00653FF
:106D50005353091953535353534400210B2050E606
:106D6000FCF79EFF00283FF489AE0021042048E68E
:106D700038060021B4120021040600213000002151
:106D800090F8C832012B08D100210520FFF70CFB39
:106D9000A368002283F8C82270E6A36893F8C8327B
:106DA000022BD8B27FF46AAEA368062293F8E250B1
:106DB0001DB1002183F83421E8E79B48032110F03E
:106DC00096FEA368294693F8F23013F0040F14BF1F
:106DD00011200D20DAE70021062012E60021112003
:106DE0000FE693F84C21012A04D193F84D31002B82
:106DF00000F0B381A36893F89E2082B993F89F2096
:106E0000113A0C2A40F2B08193F8D020002A00F009
:106E1000AB8101211220F4E500212020F1E50A2AAE
:106E200040F09E8193F82921012183F8342134E731
:106E3000A36893F852319BB1A36893F8E33013F041
:106E400003050DD101210C20FFF7AEFAA36893F8DA
:106E5000E32042F0010283F8E32083F852519BE7DC
:106E6000A36893F8423153B3A36893F8433133BB1B
:106E7000A06890F89F3000F5A17100F2D622262B71
:106E80001BD090F89E30A3F1260CDCF1000343EBFD
:106E90000C0310F0EBFCA368002283F842210121CF
:106EA0001420FFF781FAA368B3F86620A3F8342111
:106EB000B3F86A20A3F83621E0E50123E9E7A368E7
:106EC00093F84C21012A70D193F84D31002B6CD1ED
:106ED000A06890F89F50A5F12103062B65D92F2DAE
:106EE00063D090F87C104B1EDBB2032B09D890F8CE
:106EF0007D20DFF838E1013A1EF803C0D2B2032A40
:106F000004D940F217310620E9F70CFFBCF1020F5B
:106F100090F84E3110D0BCF1030F0FD0BCF1010F2F
:106F200004D1012B14BF002301234BB90B3D042DC9
:106F300023D90121162064E5022BF3E7042BF1E7A6
:106F40001EF8022090F84F31022A24D0032A24D0C0
:106F5000012AEBD1012B14BF00230123002BE5D024
:106F6000B0F8983000F53572B0F850010FF0E4F940
:106F70000146A8B92C48FBF7DDF8A36893F89E20DA
:106F8000002A7FF47BAD93F8CC32002B3FF476AD32
:106F90000121FF2035E5022BDDE7042BC6D1DFE719
:106FA000A368282283F89E2068E5A36893F85631E9
:106FB00013B10121222024E5A36893F854313BB199
:106FC0001B4B1B6818489847FE28D6D0012118E5AE
:106FD000A36893F85E3113B101211D2011E5A36868
:106FE00093F8603113B1012126200AE5114B1B688B
:106FF000002BE7D1C1E7EBF721FF08B1A5F810821C
:10700000EBF734FF00283FF44BAD95F8173201330E
:10701000DBB2022B85F8173282BF0023A5F81032AD
:1070200085F817323CE500BFB4120021EC51030192
:10703000400600212006002191F8D0301BB191F8C4
:107040009E30102B23D1B1F8D45001F19000B1F84B
:10705000D22001354B8EAD1A4FEA8308A5EB83058C
:1070600011F0CAFDA8B1D1F8C820531CD1F8C42032
:107070009B1AA3EB0803AB42B1F82E21A8BF2B4605
:10708000151F9D42B8BF1D46012D3FF71CAD0125C0
:107090001AE52B46EFE74FF00109C84634E5012B0E
:1070A00009D192F8A130002B7FF4CEAD0021A06869
:1070B000ECF726FFD5E55EB1F00635D4310735D4BF
:1070C000B20635D4B30735D140F64C1131201BE759
:1070D00038B1B2F8D800B2F8DA30984201D322239E
:1070E000B2E5002905DDB2F8DE10B2F8DA309942D7
:1070F000F5D2B2F8D610B2F8D43099420BD2A368C8
:1071000093F8A210B3F8D22051B1B3F8D43093421F
:10711000CCD8082398E592F84031002BDFD1EEE778
:10712000052AC3D93E238FE51E238DE53D238BE53C
:10713000232389E52A2387E5A36893F89F202B2A38
:107140003FF46AAE322A3FF449AE232A7FF452AEAE
:1071500093F84C21022A7FF444AE0021172050E41A
:107160000C2D3FF60AAF89E40C2D7FF687AC93F81F
:107170005331002B3FF45CAE01210E20FFF714F9D0
:10718000A368002283F8532106E600BF73B56C4D57
:1071900000240126A8602E712C802C752C77FF23EB
:1071A00080F81332AB681888FBF732F8AB681888A0
:1071B000FBF75AF8AB68B3F80A22EAB193F8322128
:1071C000FE2A19D193F84031B3B1AB6893F8A020EF
:1071D000073AB24210D993F841210220A3F8D640D1
:1071E000314683F83421FFF7DFF8AB68022083F8DB
:1071F0001242FEF7B9FF04E0AB6893F83201FE28B3
:10720000F7D1AC68638E04F19000B4F80E12012B34
:10721000B4F8102201F1FF3138BF012389B2B1FB6C
:10722000F3F31344A4F81032B4F8D2300B44A4F8AA
:10723000D23011F0E1FC20B1D4F8C4300B44C4F8D2
:10724000C430B4F80A320026012B9CBF0133A4F8E5
:107250000A3209B184F8176294F89F3084F81262F8
:10726000A3F10B02012A1FD8B4F89830B4F8D42245
:107270009B1A190432D404F2D62104F1A6000FF0AF
:1072800030FCAB6883F89F60FF2283F8FA20A9687E
:10729000B1F80E2201F190000FF06AFCA0B340F6A5
:1072A000D7013120E9F73EFD262B17D1B4F8D422BF
:1072B000B4F898309B1A1A0410D484F89F60FEF733
:1072C0007FFFAB68014630B983F84C0102B0BDE8DE
:1072D0007040FFF7BDBA83F84C61D8E794F89E3050
:1072E000262B01D0282BD2D1B4F89830B4F8D42270
:1072F0009B1A1B04CBD4002384F89E30FEF760FF5A
:1073000001460028C3D1E1E70E4B0F4900930F4A15
:107310000F4B03C9EBF7AEFB296A19B195F82400AE
:1073200006F098FAAB6893F89F30123B0B2B04D809
:1073300002B0BDE87040EBF795BB02B070BD00BF76
:10734000B012002151680101B4120021A5600101B1
:10735000E163010138B50446084694F8C83213B118
:107360000C25284638BD94F89F30163B012BF7D8E2
:1073700094F8EC3203F0FF05002BF1D1A1B194F8A1
:107380002E3223B940F6A1113120E9F7CBFC074B8F
:107390009968052301F5887201F21E210AF01AFE90
:1073A000012384F8C832DCE70223FAE7B012002197
:1073B000D0F8DC32C269934210B5044604D1D0F84B
:1073C000E012426A914223D02288A3F57A7104F533
:1073D000E070A4F8CA2141F270729142124995BF3F
:1073E0004FF47A7240F2E242B3FBF2F3B3FBF2F3F2
:1073F00098BF03F550639BB2A4F8CC31B4F8E032E7
:10740000A4F8CE31B4F8E232A4F8D03110F0EBF9A0
:1074100002212046FBF79EFB002384F89F300323C4
:1074200084F8A23010BD00BF857C020108B5FCF7CE
:107430007BF9024B024A1A6008BD00BF40060021DA
:10744000698D020108B5FCF7E3F8054B054A1A609F
:10745000054B064A1A60064B064A1A6008BD00BF73
:1074600008060021F1DE00010406002171DF0001A1
:107470000C060021F1DF0001014B1868704700BFC6
:1074800030000021014B1860704700BF3000002120
:1074900008B5FCF71BF9034B034A1A60034B044A77
:1074A0001A6008BD2C0600218D6301013006002101
:1074B000998B020138B521220B46044603F8022BB2
:1074C00000F109021D3052F8045B824243F8045B6C
:1074D000F9D11088188092789A708A78122A03D885
:1074E0000F4BD340DB0717D4B1F8075005212846CE
:1074F000EAF7ACFA18B996217720E9F713FC503077
:1075000012F0B1F808B19921F6E705212846EAF70B
:10751000B3FA08B19A21EFE7002304F8053C38BD1F
:107520008100040003784268A3B992F87C100B4BE9
:1075300003EB410398884FF47A7300F23F60B0FB8D
:10754000F3F0D2E980317D3341F10001C01841F1FF
:1075500000017047D2E9A001704700BFF05103015C
:1075600010F8023C2DE9F043044689B023B900F835
:10757000053C09B0BDE8F083002300F11206CDE917
:10758000063305238DF81E3006A8EAF799FA05465A
:1075900080B105210DF11600EAF7E2F9BDF81630C9
:1075A0000546E381E0B907237A492046637210F06B
:1075B00011F9DEE70698237C827A9A42E4D1637C53
:1075C00000F10C01C07A13F0FD0F334614BF012205
:1075D00000220FF038F90028D6D004F8055CC8E77F
:1075E0000146184602F05EFB14F8043C6A4FEB7447
:1075F00014F8033C2B7534F8083CA5F8883054F88F
:107600000C3CC5F88C3014F8063C2B760023AB7587
:107610003B680BB30721BDF81600EAF7D9F9064617
:10762000D0B101463B68BDF816009847237F40F271
:10763000E2411A1E18BF01226A7654F8102C86F80F
:1076400035303260627F4A4372607D22A37F4B43B4
:10765000B360E37F5343F36005F15006304601F019
:10766000EBFF58B10521BDF81600EAF705FA00282E
:1076700099D040F207117720E9F754FB237C04F1FD
:10768000340105F11E0040F2E249AB72637C13F055
:10769000FD0F14BF01230023EB72D4F81230EB600E
:1076A000E38A2B8201236B750FF01BFAB4F81900E3
:1076B000E36A09FB00F92B60236BC5F878906B60D7
:1076C000E37E85F8923094F8423085F89830E38F65
:1076D000A26AA5F8A030638F5343C5F89C30A37A03
:1076E000E17A43EA0123A5F8A230237E013BDBB215
:1076F000022B0BD829490B449B7BEB7594F8463041
:1077000043B1012B3BD040F2873101E040F22931F7
:107710000620B1E74FF01E08B4F93C00B4F84470FD
:10772000C317A0FB020102FB031194F847304FF48A
:107730001612534308FB0733C71A61F10001012FEA
:1077400071F100031EDA4A4638460AF061FDB4F8CA
:107750004030034409FB00F09BB2C01B5A1E0633A5
:10776000A5F862209BB26A7D85F893200090304690
:10777000CDE90183D4E9082301F0F0FFF9E64FF4E5
:107780009678C9E7781E4A4661F100010AF040FD8B
:107790000130DCE7B574010148060021F051030116
:1077A0002DE9F04F834687B008460E460FF0F4FDF2
:1077B000DBF8049005460F21B9F80000B9F898A04D
:1077C000EAF744F9837B0446002B00F0ED80C37A8E
:1077D000002B40F0E9806F7E7B1E012B02D9042F25
:1077E00040F0E280FAF778FC37EA000340F0DC80F2
:1077F0002B7E05F11A0713F0100FC3F3001118D0F8
:10780000EB7F03F0C003402B13D13846FAF7FCFF9F
:1078100078B10FF05CF8082880460AD004AA0DF170
:107820000F01FAF7D9FF88B940F28D117720E9F7F7
:1078300079FA2B7E4FF00808D5F81A00C3F300132D
:1078400004908DF80F30BB88ADF81430F3782A2BF4
:1078500040F0AE8030460FF0A1FD0646002800F053
:10786000A78003682360037984F82C30437984F877
:107870002D30837984F82E30C37984F82F30AB7A99
:107880005846D5F80670C3F304030193FFF74AFE88
:10789000D9F81C20019BA263C4E90C01AA8A84F8D0
:1078A0004470AAEB020284F84830A4F84C203A0A4B
:1078B00084F845203A0C3F0E84F8462084F847703F
:1078C000D5F80B302A7CE363EB7B43EA02236A7C26
:1078D00043EA024323642B7EC3F3421384F85230FD
:1078E000EA7DAB7D43EA0223A4F84E30EA7CAB7C10
:1078F00043EA0223EA78A4F8503002F01F02AB7882
:1079000043EA0223A4F85430EB78C3F3401384F81D
:107910005630EB780498C3F380139DF80F7084F809
:1079200057302B8CC4F82200AAEB030384F8217093
:10793000A4F84A30BDF81430E384AB7AC3F34213A1
:1079400084F82B306B7E99073CD413F0010001D1F1
:1079500003F00400F7F7E4FA84F828002B7EB8F16E
:10796000080F51462846C3F3030318BF47F0020728
:1079700084F82030AB88A4F82930B9F8003063834C
:107980002B8818BF84F82170A3834FF0FF33A377AF
:10799000E3770FF01DFD034604F11000A3B9122395
:1079A000174963760FF016FF002007B0BDE8F08F8F
:1079B000002684F82C6084F82D6084F82E6084F80A
:1079C0002F605CE70220C5E7A6B133795A1E120684
:1079D000E5D47279052AE2D9B779791EC9B2FD29B1
:1079E000DDD8F1790129DAD95343A9888B42D6DC55
:1079F000BA42D4D9FF23E37202490FF0F1FED3E774
:107A0000B574010161750101012A70B50C46064685
:107A1000114605D9931E012B68D940F27B2106E05F
:107A20000521EAF713F8054618B940F21D21772021
:107A30004AE0503011F09DFD002840F0A680237EE2
:107A4000AA7A62F303032376AB7C13B9EB7A03F0D3
:107A50000103227E63F304122276FAF763FB237E8E
:107A600060F347132376E87DF7F75AFA0138C0B27E
:107A7000022826D8464B05F10C011B5C6376AB7CD3
:107A800023BBEB68C4F81A308B88E383E37840F2B9
:107A9000E2426FF3C713E370AB6FB3FBF2F395F8F9
:107AA0009220A380A37A62F34713A3722B6800206D
:107AB000C4F80B302B79E3736B792374AB7963745F
:107AC0000AE040F23B310620E9F72CF9E87A0EF0A3
:107AD000F4FE082801D1122070BD04F11A01FAF752
:107AE000E7FE0028D2D140F23E21A0E711F0F5F8E0
:107AF000054603213046E9F7A9FF064615B940F2CD
:107B0000552194E710B940F2562190E7837D6A7BB6
:107B1000003B18BF01231B0143EA1213227E22F00F
:107B20001F0213432376FAF7FDFAA37A00F0070049
:107B300060F34713A372237E60F347132376287CF8
:107B4000F7F7EEF90138C0B20228BAD8104B04F1A9
:107B50001A011B5C6376B37F7BB1F07FFAF794FE6A
:107B60000028B8D0E37840F2E2426FF3C713E37025
:107B70002B6FB3FBF2F3A38098E7D6F86930C4F813
:107B80001A30B6F86D308B80ECE74220A4E700BFD6
:107B9000FE5103012DE9F74F037806468A46D0F8D7
:107BA000049033B1B9F8D2301BB1012003B0BDE865
:107BB000F08F3046FFF7B6FC88469AF85A10074611
:107BC000012904D98B1E012B58D90220EEE705218B
:107BD000BAF85800E9F73AFF0028F6D090F82C30B0
:107BE000002BE2D1856F7B1EB0F87E1000F11F0BD9
:107BF0002B44AAF87110D0E920401B1BB3FBF5F30E
:107C00009BB201EB030CA3FB05351FFA8CF21C1988
:107C1000AAF86DC0A2EB010245EB0005002AB8BF2F
:107C20005242012A04DD002B24DA4E4A9342BCDB87
:107C3000B9F8D220A742B9F89830A3EB0203AAF80A
:107C40007B307368B3F89820AAF86F20DBF8001037
:107C50009BF80400CAF861109AF8651060F30401FB
:107C60008AF8651078EB05013FD340F2FF217720B9
:107C7000E9F758F83C4A9342DADD96E7BAF858003B
:107C800011F02BF8024600289FD090F83530002BD9
:107C90008BD1B0F8523000F1170BAAF871300133D4
:107CA000AAF86D30314B017C03EB41039C884FF403
:107CB0007A7304F23F64B4FBF3F4D0E918359033DF
:107CC00045F10005E4189AF85A3045F10005032BF8
:107CD000AED14030019211F014FD0028A8D1019AD4
:107CE000136F1C1945F10005A2E7E41BB4F5960FCC
:107CF0000CD9D969A1F59603013B2344B3FBF1F3F9
:107D00001A449BB201FB1344AAF86F20B4F5161F66
:107D1000174F9AF85E204FF0000094BF0021012118
:107D2000BC4294BF00230123B4F5161F4FEA43134E
:107D300043EA81118CBF4FF416130023E31ABC42AF
:107D40008CBF4FF496741E24B3FBF4F402F080034E
:107D50008AF85D40C4F304240B431C438AF85E4058
:107D600024E700BFC1B4B3FF3F4B4C00F051030107
:107D7000C3BF0300154B5B6893F8DC0028B1B3F870
:107D8000D810B3F8DA2091421ED293F9E0202AB13C
:107D9000B3F8DE10B3F8DA20914214D2B3F8D4204D
:107DA000B3F8D61091420ED2B3F8D20093F8A230B5
:107DB00023B9052894BF00200120704782428CBF60
:107DC0000020012070470120704700BFD812002119
:107DD000144B1B285B6883F8320116D8124AC24044
:107DE000D2071ED4112806D193F8342152B10022B3
:107DF000A3F8D8207047072813D0092811D01528D8
:107E000005D10022A3F8DE207047242809D01E28BF
:107E100007D0022881BF0022A3F8D820012283F8CE
:107E2000DC207047D81200210010080970B5204DE1
:107E30006B6893F8421209B993F87C1093F84322C7
:107E40000AB993F87D2083F87C1083F87D20FF2207
:107E500083F87E20174B1B680BB168689847002198
:107E60001348FAF767F9686844300FF0F6FC0646E5
:107E7000686800F27511FBF71DFA04216868F2F7D3
:107E8000E5F8686844300FF0E8FC864204460CD2FE
:107E900007F030FA0146A01B402838BF402009F007
:107EA000D3FBB0FA80F0400970BD0120FCE700BFB1
:107EB000D8120021640600210A460146044808B58C
:107EC00012F0B6F910B902480FF0EFFD002008BD1E
:107ED000D8120021104B0246187AC8B9012A0DD1D8
:107EE0005B6841F64B52D969914214D9B3F86C20C2
:107EF000B3F850309A420ED8F2F798B85A89520720
:107F000008D55B6893F8A000073818BF01207047B8
:107F10000020704701207047D8120021C278012A42
:107F200007D10D4A5268B2F83E224272120A82729A
:107F300070473AB9084A5268B2F846224273120AA8
:107F400082737047182A05D1034B5B68B3F840125F
:107F50000FF082BA704700BFD812002138B590F8F0
:107F60009E3004460E3B012B37D8B0F89830B0F85D
:107F7000462201339BB29A422FD1038841F270729C
:107F8000002500F5E0704381D0F890304572A3F5EC
:107F90007A719142114995BF4FF47A7240F2E242F0
:107FA000B3FBF2F3B3FBF2F398BF03F550639BB25C
:107FB0008381B0F89430C381B0F8963003820FF01B
:107FC00012FC84F8445202212046FAF715FE0321E0
:107FD0002046F2F73BF884F89E5038BD857C0201BC
:107FE000394A034608465189194370B5518103F057
:107FF0000301032904D140F618113620E8F792FE58
:1080000013F0020118BFD060DC0748BF106121B136
:10801000C178062923D00B292ED0990644BF082108
:108020001172DB054ED5536841F64B51C478DE69B9
:108030009D8C8E42B3F8982096BF4AF6C8710621EF
:10804000B1FBF6F129445D8E012C01FB052292B2B1
:1080500019D1A3F83E22BDE87040FFF75FBF516819
:1080600091F89E401A2CD8D100240025C1E9424540
:10807000012481F8A440D0E7516891F89E40142C67
:10808000CBD10024F5E714B9A3F84622E3E7182C76
:10809000E1D1B3F8421299B193F84242E11E0129AD
:1080A0000BD893F87C10CD1E012D06D88C4204D03D
:1080B00093F84312002908BF0022A3F84022CAE720
:1080C0000A46FAE770BD00BFD812002110B502467B
:1080D00008795168A0F1120491F89E30112C16D83D
:1080E000DFE804F0091509150915151515151517FB
:1080F000151B1515150E0121BDE8104010F0A2BE8C
:10810000292B04D1094B1B680BB11046984700205E
:1081100010BD332BFBD1064BF5E72D2BF7D1054BCB
:108120001B68002BF3D00846F0E700BF680600216B
:108130005C06002154060021002908BF1F212528C4
:1081400070B535D8112803D803283CD0002433E07B
:10815000A0F11203132BF9D801A454F823F000BFA7
:10816000BD8101014D810101BD8101014D810101EF
:10817000BD8101014D8101014D8101014D8101014F
:108180004D8101014D8101014D81010133820101C8
:108190004D8101013F8201014D8101014D810101AC
:1081A0004D8101012382010123820101238201010A
:1081B000FE2814BF00240224204670BD0021BDE823
:1081C000704010F03FBE254D6B6893F89E20182A32
:1081D00001D0152A3FD193F8E220002A3BD183F841
:1081E000E12083F8DC2093F8EE3103F0FF0423B1A3
:1081F0004FF458713620E8F795FD6B681A8883F8BC
:10820000EF11A3F8F02183F8F24183F88642686801
:10821000134900F5F3700FF0DDFA6B6883F89E40A8
:10822000CAE7104B1C68002CC6D02346BDE870403E
:1082300018470D4B1C68002CBED01D20F5E70B4BDA
:108240001C68002CB8D0054B0A461F2158682346ED
:10825000BDE8704018470224AEE700BFD8120021E5
:10826000A17D020160060021580600215006002170
:108270000E4B024609795B6893F89E30A3F111001A
:108280000C280BD9292B0BD01E2B0BD0052B0BD078
:10829000212B14BFFE201620FFF74EBF0320FBE763
:1082A0002320F9E71420F7E71220F5E7D812002180
:1082B0002DE9F341944C0E460746B4F80A806168F4
:1082C00018F4007F01F190050CBFB1F8D220002313
:1082D00028460ABF0132A1F8D230A1F8D22010F00E
:1082E0009CFC28B1434601F5B6722846FBF76CFEAC
:1082F000638903F4C06343B1606890F8A23023B986
:10830000012180F8A210F1F7A1FE002F40F0938127
:10831000002E40F090816289550711D5636893F86B
:108320009E10032904D140F2D4413620E8F7FAFC2C
:1083300093F8A010072902BF012183F8A0602175DE
:1083400090070FD5E368D878072808D0112821D0E6
:10835000FBF7C2FB034618B94FF4A561E5E76B4B89
:10836000694898476389190740F19D80606890F8D3
:1083700032312A2B06D81B2B0ED8012B3AD0032BD7
:108380004CD06BB3636893F83221FE2A75D140F26A
:108390003451CAE75E4BE3E71C3B0E2BF2D801A237
:1083A00052F823F0358401018583010185830101A1
:1083B0008583010185830101438401014F8401010B
:1083C0008583010185830101858301018583010185
:1083D0006F840101858301018583010135840101D9
:1083E000B0F89820B0F84612521A1204CAD480F895
:1083F0004432C7E7B0F89830B0F83E229B1A1D040B
:10840000C0D4D0F83822137813B940F229218CE770
:10841000013B1370002380F89E30B3E790F89E3044
:10842000152BAFD003F0FD03182BABD0002380F841
:108430008632DEE7002380F85431626882F8DC304F
:10844000A0E7344B1B68002B9CD098479AE7002389
:1084500080F85631304B1B682BB1606800F5AB716A
:1084600000F59C70984728480FF01FFB8AE72B4BBC
:108470001B68002B86D02448E7E7FE2283F83221D0
:1084800093F89E20262A34D027D80C2A2BD00E2AE7
:108490002DD0636893F8A020082A01BF022222751C
:1084A000002283F8A0206389D90749D5636825692C
:1084B00093F89E1093F8E20010F0B1FCD8B1EB787D
:1084C000023B0F2B71D8DFE803F0167016161670FA
:1084D00070707016701670707016402AD9D10A48E4
:1084E0000FF0E3FAD5E70D2283F89E20D1E70F22A3
:1084F000FAE72722F8E72846FAF754FC80B929461C
:1085000001480FF037FB1AE0D8120021CF8D02018D
:10851000EB8D02014C060021100600216C060021A3
:10852000E8780D283BD011283BD007283BD0FBF73B
:10853000BFFA03460028E2D02946A44898470646D9
:10854000237A1A0715D5636893F89E1093F8E20012
:1085500010F065FC054650BB009069460320EAF721
:108560008BFC009B2BB11D720C2261680098FAF7FE
:108570002FFE6068FFF7F2FC636893F83221FE2A51
:1085800059D193F8A020073A012A54D993F84031E1
:1085900003F0FF016BB10220FFF71AFC4BE08C4B9C
:1085A000CAE78C4BC8E78C4BC6E70826C8E7082605
:1085B000DFE7636893F89E2022B993F8D01059B191
:1085C0001220E9E7252A69D01ED8142A24D017D80A
:1085D000032A29D0132A21D0113A0C2A2BD993F837
:1085E0009F20062A7BD8002A7DD0013A052A7AD816
:1085F000DFE812F09C00AB0093001A0179001C0127
:108600001A2AE9D10620C7E7312A57D0322A4BD09F
:108610002E2AE1D12120BFE70B20BDE7D3F8582255
:108620000320C3F82021B7E793F8292183F83421E8
:10863000072283F83221656895F8403123B995F80F
:10864000A030073B012B04D8B5F8D6300133A5F88C
:10865000D63095F8DC1021B1B5F8D8300133A5F843
:10866000D83095F9E02022B1B5F8DE300133A5F815
:10867000DE30002F40F0DD82237D022B00F0D5821A
:10868000012B40F07882636893F8A130002B40F012
:10869000878200216068F1F7D9FCD2E21822A3F8A2
:1086A000D81083F83221C6E70122112083F8342143
:1086B000FFF78EFB636883F89E10BCE727206BE70B
:1086C000142A10D8DFE802F04A4A0F0F8C0F0F0F60
:1086D0000F0FB40F0F0F0F0F0F0FBBA8B9001F3AEA
:1086E000D1B21429ECD9636893F83221FE2AA2D1C1
:1086F00093F89E20002A40F0758193F84432002BB5
:1087000000F0A180636893F89F000FF0F6F900284D
:1087100040F09980FFF75CFB64E193F8282183F82F
:108720003421072283F83221002214E00C22002198
:1087300083F8322193F8E320A3F8DE1042F001021F
:1087400083F8E32083F89F10CDE7132283F83221CA
:108750000022A3F8DE2083F89F20C4E793F843317A
:10876000002BC0D1636893F84231C3B1606890F8C0
:108770009F3000F5A17100F24222262B2ED090F8F6
:108780009E30263B012B8CBF002301230FF06EF897
:108790006368202283F89F20002283F842216068CA
:1087A00090F89F30202B9ED100F27511FAF782FDD0
:1087B00063681520B3F86620A3F83421B3F86A2063
:1087C000A3F83621FFF704FB6368C1E7D812002144
:1087D00071820101C98E0201CD8001010123D5E71B
:1087E00093F84C21012A0ED193F84D315BB963689F
:1087F0005A6FD3F84E11AF480DF0BBFD63681822D5
:1088000083F832216FE7636893F84C21022A7FF4E2
:108810006AAFD3E91D21EEE70021112083F834115E
:10882000FFF7D6FA63688DE709227BE71B2279E719
:108830002420FFF7CDFA636876E71E20F9E72720AA
:10884000FFF7C6FA4FE7636893F886328BB1636827
:1088500093F8A3203AB193F8A43013B940F2F2513F
:1088600063E50A2056E7D3F858220320C3F82021F5
:1088700050E7636893F853310BB108204AE7626808
:10888000D2F88832BBB113F8512C012A02D040F241
:108890000A614AE513F8283C13B140F20B6144E544
:1088A000606890F8F5309B0601D51F2032E7824BB7
:1088B0001B68984796E092F8523183B1626892F84B
:1088C000E33013F0030140F08D800C2043F00103EE
:1088D00082F8320182F8E33082F8521182E0636854
:1088E00093F8423133B3636893F8433113BB606844
:1088F00090F89F3000F5A17100F24222262B17D08C
:1089000090F89E30263B012B8CBF002301230EF0F4
:10891000ADFF6368002283F8422163681420B3F836
:108920006620A3F83421B3F86A20A3F83621F1E6D3
:108930000123ECE763685F4D93F84C21012A40F076
:10894000A78093F84D31002B40F0A280636893F824
:108950009F000FF0D2F8002840F09A80606890F8ED
:108960007C104B1EDBB2032B09D890F87D20DFF87A
:108970004CE1013A1EF803C0D2B2032A03D940F2F7
:1089800017310620D2E4BCF1020F90F84E3109D025
:10899000BCF1030F71D0BCF1010F01D1012B07D045
:1089A0001620B7E6022B14BF00230123002BF7D0BB
:1089B0001EF8022090F84F31022A60D0032A60D0BE
:1089C000012AEDD1012BEBD1B0F8983000F51072EF
:1089D000B0F850010DF0B0FC0146002853D13548E5
:1089E000F9F7A8FB636893F83221FE2A7FF423AEDF
:1089F00093F89E20002A7FF41EAE93F83C32002BA1
:108A00003FF419AE636893F89F000FF076F80028E2
:108A10007FF411AE6368B3F898300A2B7FF60BAE83
:108A20006846FAF78FF900283FF405AE656805221D
:108A3000684605F1A70109F0E9FC002800F09880DC
:108A4000D5F83832194611F8012B002A00F0898038
:108A50000522684609F0DAFC00287FF4ECAD636873
:108A60000120D3F83822137801331370FFF7B0F9DF
:108A70006368002283F83C22DDE5042B93E7022B98
:108A8000A1E7042B9FE76B68282283F89E20A9E7C3
:108A9000636893F8543133B1094B1B680548984714
:108AA000FE289FD036E6636893F85E3153B11D20EF
:108AB00030E600BFD8120021540600210152030104
:108AC00044060021636893F8563143B36368092173
:108AD000B3F85801E8F7BAFF18B9636883F856018C
:108AE000FCE690F8F03103F0FF021BB9636883F8ED
:108AF0005621F3E690F8C831032B0DD8DFE803F0D8
:108B00000707020A6B6893F85C3180F8F1316B68F3
:108B10000022ECE72220FDE540F2DF5105E4636826
:108B200093F86031C3B1636893F84432A3B96368C2
:108B300093F8F6305D0608D5444B1B68002B3FF4D4
:108B400051AF434898472720E4E5424B1B68002B70
:108B50003FF448AF3E48ACE63F4B1B68002B9DD12D
:108B600040E70098C3F801009DF804300B7176E7E8
:108B700085F83C0280E75EB1F00658D4310758D43E
:108B8000B20758D1B30658D440F6A711FFF7CDBBB2
:108B900009B3B5F8D810B5F8DA3099421BD92223B9
:108BA0002B4885F8C130FBF709F8002302216068E3
:108BB000A5F89E3085F8A230F1F748FA636893F87B
:108BC0003221012A3DD1D3F838221378BBBB40F6BD
:108BD000D811FFF7AABB2AB1B5F8DE20B5F8DA3014
:108BE0009A42DCD8B5F8D620B5F8D4309A420FD2E4
:108BF000B5F8D620B5F8DA309A42D0D295F8A2204E
:108C0000B5F8D23052B9052B7FF643AD3E23C7E706
:108C1000636893F84031002BC1D1E9E7B5F8D4205F
:108C20009A423FF636AD0823BAE71623B8E71E236B
:108C3000B6E73D23B4E72A23B2E72323B0E7013B9D
:108C4000137002B0BDE8F041F9F724BB70060021B3
:108C5000D81200217406002124060021F0B500235B
:108C60005A4D85B004462B702E46686000886B8193
:108C70002B722B75F9F7CCFA6B681888F9F7F4FAB0
:108C8000B4F82A226968013201F1900092B20DF025
:108C90006FFF20B140F26D113620E8F743F894F8E9
:108CA0009F30A4F82A02262B13D1B4F89830B4F8D8
:108CB00040229B1A19040CD484F89F00FFF7B6F8E1
:108CC000B8B9002100240846FFF7F2FA204605B0A3
:108CD000F0BD94F89E30263B022B0AD8B4F840220F
:108CE000B4F898309B1A1A0403D4002384F89E30F9
:108CF000E4E794F89E300C3B012B20D8B4F8983070
:108D0000B4F83E229B1A1B0419D4D4F8381204F18B
:108D1000A60001310DF0E5FE94F89E300D2B0BD12D
:108D2000D4F83822137813B940F29511B4E7013B17
:108D30001370002384F89E30FF2384F8FA30FFF785
:108D400019F8044608B10124C0E76B6893F8327142
:108D5000FE2F25D003A8F9F761FA10B940F2C471CB
:108D60009AE732222146039809F02CFC032103984C
:108D70000EF061FA03983946037823F0100303706C
:108D8000FAF720F83A4603991048FAF7D9FCF9F7B0
:108D90005BFA10B94FF4FA617EE70398FFF7BEF86B
:108DA0000B4B0C4A00930C4B96E80300E9F762FE6C
:108DB0006B6893F89E1093F8E20010F030F80446C8
:108DC0000028C0D0E9F74EFE80E700BFD81200218E
:108DD000B1820101E17F0101D57E0101B0F82A32A3
:108DE0000B4470B5A0F82A3200F19006B0F8D230EA
:108DF00004460D460B44A0F8D23030460FF00DFF6C
:108E0000A0B1D4F8C43030460B442146C4F8C43075
:108E10000FF076F9D4E931239A4207D3002316499B
:108E200004F5B670C4F8C4300EF0DDFC94F8DC3004
:108E300023B1B4F8D8302B44A4F8D83094F9E030FA
:108E400023B1B4F8DE302B44A4F8DE3094F840317E
:108E500023B994F8A030073B012B04D8B4F8D630DE
:108E60002B44A4F8D6302046FFF778F8B4F89810D1
:108E70000D44A4F8985070BD4B80020108B5FAF774
:108E800053FC024B024A1A6008BD00BF4406002191
:108E9000698D020108B5FAF719FC034B034A1A6001
:108EA000034B044A1A6008BD58060021B97E01012F
:108EB0005C060021098E020108B5FAF775FB064B26
:108EC000064A1A60064B074A1A60074B074A1A609F
:108ED000074B084A1A6008BD540600211B8E020188
:108EE0005006002171E900014C06002121E000013B
:108EF00010060021F1DF000110B5044C206840305D
:108F000010F06EFB0023237110BD00BF2813002159
:108F1000024B1B790BB1FFF7EFBF704728130021FD
:108F20002DE9F04FA64C93B082460E46236893F885
:108F30002D503DB1D3F8882055786279954294BF81
:108F400000250125B3F82880E288D88DA8EB020817
:108F50009F7B5A6A4FF6FF731FFA88F89842019276
:108F60003CD00A21E8F772FD814607230021A06862
:108F70008AF8003001238AF803108AF801300EF0D5
:108F800050F886B1236893F8356056BBB9F1000FED
:108F900029D099F81630012B05D099F84F30002BC5
:108FA00014BF3B262326AD003246A06845EAC7051C
:108FB00005F00C0A5146D3460EF03AF815F00403BA
:108FC000009317D02368D3F888100B7813F0C00FE4
:108FD0000BD040F203110A20E7F7A4FE4FF000097E
:108FE000C3E70926DFE74E46DDE701230222A0683A
:108FF0000DF0EDFF21688B7B2BB1022303220C3196
:10900000A0680DF0E4FFA0680EF007F8C0F1FE07BD
:109010000546B845B4BF5FFA88F7FFB247450AD3A3
:10902000009B002B5CD022686379D2F88820013342
:109030005278934254DA4AF010013246A0684FF059
:10904000010A8B460DF0F4FFA0680DF0E6FFC0F1B9
:10905000FE070546B845B4BF5FFA88F7FFB2092E90
:1090600041D108238DF80C3028238DF80D3023686A
:109070009A6BCDF80E2093F83C20DB8E8DF81220F1
:10908000ADF813303346072203A9A0680DF09FFF07
:109090006AF3041B1BF0100F5FFA8BF171D0237B76
:1090A000226898440023107C08F03F08ADF808308F
:1090B0008DF80A30B8F1240F88BFA8F124080228DF
:1090C00084F80C80237B03F03F0343F040038DF8CA
:1090D000083027D014D8012861D040F25D117AE71A
:1090E0004FF0000ABBE7374B1B68002BD0D0232E74
:1090F00001D03B2ECCD1226803A948469847C1E74E
:10910000C31E012BE9D89DF80A30022666F34713E7
:1091100044F290268DF80A3041F2BE13042808BFAD
:10912000334608E09DF80A30012666F347138DF8B0
:109130000A304FF4856349070CD504283D4431D1EA
:10914000AD0105F53475D2F888301B78DB0003F0EB
:10915000F8032B4403F5A5751E23042202A9ADB222
:10916000A068B5FBF3F59DF80A308DF80950C5F3FA
:10917000042523F01F031D4303238DF80A500DF02F
:1091800026FFE1883A46019BA0680B4419460DF082
:1091900083FFE3881F44E78013B0BDE8F08F40F6FB
:1091A0004803C8E7032803D12D0105F5E775CAE791
:1091B00002280BBF0B350A35AD00ED00C3E700BF39
:1091C000281300217806002110B50A4C207B03F0FB
:1091D00053FFA0680021FFF7A3FE236800204FF48F
:1091E000A5711A7C04F014F9A068BDE8104004F0E1
:1091F0006FBA00BF2813002113B500B921B902B01E
:10920000BDE81040FFF778BE19494B790A68013371
:1092100092F82D00DBB24B71E0B1D2F888004478AF
:109220009C4217D90378002113F0C00F14BF9B098B
:1092300003238DF80430037801A8C3F30402DB0094
:109240008DF805208DF8063003F0C4FDFFF7BCFF54
:1092500002B010BD108DCB88984203D1B2F85230C5
:109260009382CCE702B0BDE81040FFF7ADBF00BF6E
:1092700028130021054B002298601A71044B054AFF
:109280001A60054B054A1A60704700BF2813002179
:109290007C060021CC95010180060021DC950101AE
:1092A000014B024A1A6070477806002131BC010167
:1092B0001FB504469022002109F084F9E8F7E2FC8A
:1092C00001220146A0606846E8F720FDA068002260
:1092D00001210AF024FA02A8F9F734FD20B94FF46D
:1092E000E5710A20E7F71EFD02A904F116000DF052
:1092F000F8FB054B2464A3640023A3824FF6FF739D
:10930000E38504B010BD00BFDC9501012DE9F041FB
:1093100017463B4A8846194632F817504FF47A727E
:10932000044605F57E550735B5FBF2F50FF09FFEB7
:1093300000EB0803FF2B04DD01288CBF0330043051
:10934000C0B2C14394F82D30C9B208EB0106013E0A
:1093500096FBF1F6F6B22BB1D4F8882052789642FB
:1093600038BF16464044002E35D0042F20D0032F9E
:1093700021D040F2725240F6921C022F18BF624672
:10938000013E042F06FB110002FB0652C0B215D1AC
:10939000800100F53470104443B1D4F8882013786C
:1093A0005278DB0003F0F80302FB0300BDE8F08114
:1093B00044F2DA32E4E741F20832E1E7032F03D165
:1093C000000100F5E770E6E7022F0BBF0B300A3013
:1093D0008000C000DFE7042F04D1800100F5347065
:1093E0002844D9E7032F03D1000100F5E770F7E720
:1093F000022F0BBF0B300A308000C000F0E700BF27
:109400000652030173B56E4C06462379206023B1E2
:109410004FF42C710A20E7F785FC0FF039FE00F5B8
:10942000D075B06D85420ED92D1A3046402D38BF0B
:1094300040250FF0E2FD0146284608F005F950BB33
:10944000B36D2B44B365256895F835307BB1EB8E51
:10945000B5F852209B1A1BB2002B12DC05F1380123
:1094600005F116000DF03DFB002385F8353095F829
:10947000343033B1AA6D2B6F9A4211D9002385F88D
:1094800034300023E38063712368D3F88830F3B964
:1094900040F2BD21BEE702B0BDE87040FFF72CBD31
:1094A00005F138063046F9F74DFC0028E9D00522D1
:1094B00005F11701304608F0A9FF0028DED001238E
:1094C00085F83530B5F852300A33EB86D6E703F02D
:1094D000B5FC3C4B186804F0E5F8236893F90F00DD
:1094E00003F0BAFD2368FF20197C03F041FC2368D8
:1094F000186803F0B7FD2068B0F8522050F8161B2A
:109500000DF007FB207303F0B7FDA06804F0E0F84E
:109510002368586804F0C0F8236803F124019868B0
:109520000AF01AF988B123689A7B4AB19889C0F386
:109530000B000FF0F7F923689A8960F30B029A8108
:109540002368002283F82C2004E0236893F82C3051
:10955000002BE8D10121A068FFF7E2FC236893F813
:109560002D20AAB1D3F88820002101A8137813F088
:10957000C00F14BF9B0903238DF804301378C3F385
:109580000402DB008DF805208DF8063003F022FC84
:10959000236800201A7C0C4B33F812104FF47A73B6
:1095A00001F5FA71B1FBF3F1903103F0F3FE20689D
:1095B000403010F008F80123237102B070BD00BFE5
:1095C000281300217C06002106520301F18F0201BD
:1095D000E78F0201F9910101118F010191900201C0
:1095E000FB8F020105940101F98E0101F98E010141
:1095F00091DA0101E38F020108B50022034B1A60E2
:1096000003F0DCFFBDE8084007F0C6B838130021BE
:109610000B2808B504D940F2C1310620E7F782FBD8
:10962000014B33F8100008BD1052030101490FF03F
:1096300058BE00BFC594020101490FF052BE00BFE1
:109640004D9502012DE9F043044689B00F4691463D
:10965000037C012B7ED102463F49007905F024FEB0
:1096600020B94FF4FA710B20E7F75CFB05F030FEF0
:1096700005460E46F0F768FE49463846A762F0F701
:10968000F9FD0146804604F12000F0F7B7FD40F6F1
:10969000B8302D1846F10006B9F1010F4BD1F0F7A3
:1096A000D7FD8269002A4FD0206B7B1E9046034471
:1096B000B3FBF0F34343DB1BD2E9000761EB01018D
:1096C000181841EB0701226BCDE90056F0F7FAFDBF
:1096D0000746B8F924000221A4F844000EF06CF902
:1096E000B4F844303F18A3EB0003A4F844304FEA29
:1096F000E07343F100037D1946EB0306F0F72AFE01
:1097000020460FF000FD0027A36803905B682068E7
:109710008DF8087098478DF811708DF81000CDE91C
:10972000065602232374204602A90FF019FD38467D
:1097300009B0BDE8F083B8F1000FDFD098E80B0066
:10974000181841F10001BEE7B8F1000FD6D0284645
:109750003146B8E70C20EBE7C59402012DE9F0474C
:1097600086B00446174698460E9D037C012B4CD1CB
:1097700002462749007905F097FD20B940F24F21B4
:109780000B20E7F7CFFAB7F1C906BDF840304FF02C
:10979000000A48F1FF39A3857619BDF83C3049F13C
:1097A0000009A4F84030C4E908780423237429464A
:1097B00020460FF04FFDA36805468DF800A02068F5
:1097C0001B68984700F5D870A36800EB45005B68FC
:1097D000019020689847761B8DF80800694669EB70
:1097E000E57320468DF809A0C4E90C78CDE904633F
:1097F0000FF091FC48B1049B059AC93342F1000275
:109800005B1942F10002C4E9083206B0BDE8F087F6
:109810004D950201024610B5072927D8DFE801F06F
:109820000426261417202923438A013343820FF08C
:109830003DFE936818B9DB68BDE8104018479B6887
:109840001068BDE81040184783685B69F4E7094B6E
:109850001B68002BF0D140F251110B20E7F762FAA0
:1098600083681B69E8E74FF4B171F6E740F26511D0
:10987000F3E710BD3813002138B504460D46037CCC
:10988000032B0AD1022303740C490246007905F028
:109890000BFD38B94FF4477101E040F219310B204C
:1098A000E7F740FA20462DB10FF09FFCBDE83840A5
:1098B000FFF7A2BEBDE838400FF05DBCC5940201C1
:1098C00038B504460D46037C062B0AD105230374E4
:1098D0000E490246007905F0E7FC38B94FF44D71A6
:1098E00001E040F231310B20E7F71CFA3DB1204690
:1098F00000210FF00BFDBDE83840FFF77DBE20468C
:109900000121BDE838400FF001BD00BF4D950201B7
:10991000418A10B50131848D091B09040CD5D0E9A9
:109920000810521A054963EB00038A4273F10003E1
:10993000ACBF0120002010BD0120FCE70140420F18
:1099400030B5D0E90C14C56B511A63EB04048D4299
:109950004FF00001A1410CD3D0E90810521A06497A
:1099600063EB00038A4273F10003ACBF01200020C7
:1099700030BD0120FCE700BF0140420F014B1874CD
:10998000704700BF3C13002110B5B0F8A2000C4690
:109990000F21E8F75BF830B1447610300249BDE89A
:1099A00010400DF017BF10BDB57401011A2337B573
:1099B00005460B7030F8340C0C4615F82A2CA1F82B
:1099C000030015F8323C4B7115F8313C8B7112B124
:1099D00043F002038B7115F8233C002B3FD0072185
:1099E000E8F734F818B940F2DF110D203EE090F8A6
:1099F000353040F2E241426863748368B2FBF1F2B1
:109A0000B3FBF1F3A2747D22E374C368B3FBF2F3FA
:109A1000237515F8253C2BB1013BDBB2032B22D873
:109A2000224AD35C637340F2E242EB6BB3FBF2F386
:109A3000E38195F85630237455F8303CC4F807306C
:109A400035F82C3CA4F80B306B7AA37053B305F1B6
:109A500014000FF008FE58B140F20921C5E7637405
:109A6000A374E374D4E740F217310620E7F75AF9FC
:109A7000052135F8340CE7F7FFFF10B140F20D2156
:109A8000B3E704238DF8043002238DF8053000205D
:109A90009DF8043063F307009DF8053063F30F2051
:109AA00003B030BD04228DF80420EEE750520301CC
:109AB000F8B5174B1B68DE7D9D6E93F83840F31E9A
:109AC000012B1ED82401032604F5E7743046A5F5C2
:109AD000887504F01FFA0F4B0544304603EB8603EC
:109AE0002C1B5F6804F01EFAC0F579704FF47A738E
:109AF00003303844B0FBF3F02044BDE8F84003F0F5
:109B00001FBE022E0BBF0B340A34A400E400DDE7B5
:109B1000501300215052030138B5104C0022236825
:109B200093F8375083F83720052D02D1188900F0BB
:109B3000D1FD206850300FF021FD08B1042D05D172
:109B40002068BDE8384050300FF05ABD2068012130
:109B50005030BDE83840FFF7B3BE00BF50130021BE
:109B6000034B1B6893F837300BB1FFF7D5BF704735
:109B70005013002170B5164D06462B68188900F069
:109B8000C9FC044618B9FFF7C7FF204670BD03F0B3
:109B900055F9104B186803F085FD2B68FF20D97D1F
:109BA00003F0E6F82B68186803F05CFA304603F01F
:109BB00063FA204603F08CFD2B68586803F06CFDB7
:109BC0002B680120C921DA7D03F0E4FB0120DDE7E9
:109BD00050130021A806002110B5447D4CB980F82F
:109BE00045103C3005490DF0F8FDBDE81040EDF79B
:109BF00009BC034BBDE810401B681847AD99010133
:109C0000A406002110B5134C236893F83A2052B9EA
:109C1000DA7D042A07D1012143F2D20083F83A10F9
:109C200007F012FD18B1BDE81040FFF775BF2268BC
:109C3000906E00F5435300F53F5012331230936697
:109C400007F060FC20B940F20A410D20E7F76AF8FE
:109C500010BD00BF50130021014B024A1A6070472B
:109C6000A406002189990101044B054A1A60054B9D
:109C7000054A1A60054B064A1A607047880600219B
:109C80002DB501018C06002115B5010184060021C6
:109C900009B50101014B024A1A607047A80600216C
:109CA0009406002138B50C460546A822002120461E
:109CB00008F088FC284600F015FC41F6FF7325816A
:109CC000A383024B2465A36538BD00BFF8A0010142
:109CD00070B5104D0C460721E7F7CEFE2B68C3B1D7
:109CE00094F83930ABB10C4B1B6823B940F27E219C
:109CF0000D20E7F717F898470A2180B2E7F7A6FE8C
:109D000010B940F28121F3E72B683E21BDE8704095
:109D1000184770BD8C060021840600212DE9F04310
:109D20005E4D074685B00C46286850300FF021FC88
:109D300078B1022138460DF069F92A680146107E93
:109D40000FF074FD014600283FD000211046FFF7B8
:109D500043FF394628680FF078FDF8F7B7FF022C6B
:109D6000814607D002F0A0FF01462868002250304B
:109D70000FF0BAFB2B68DE7CAEB1032138460DF044
:109D800045F9631E012B0ED92A68137D5BB160B3C0
:109D90004178037801F00F01968B43EA0123F61A0C
:109DA000938318BF01263E4B1A683AB32A6892F88B
:109DB00039201AB31B6838462968984780460EBB7D
:109DC00000BB631E5C425C410BE002F150000FF0EF
:109DD00028FC2868847D0CB1002402E01A21FFF7DA
:109DE000FBFE204605B0BDE8F0831E46DBE7022CF3
:109DF000F2D12B68188900F06DFCEDE7002EE0D061
:109E00004FF000082A680120B2F8623011890190F1
:109E1000CDE90268567E4A46464038467642F6B25A
:109E2000009600F089FB814630B1B8F1000F03D0F5
:109E30002B68002283F83920012CD2D00421384627
:109E40000DF0E4F80646B9F1000FD0D00028C3D0D9
:109E500082785F2A4FEA52112A6894BF114B00237F
:109E6000D27D9CBF5B181B7E9A42C2D102F0F6FEE7
:109E700096F90030B278002B737802F01F02ACBF65
:109E80001E214FF4967143EA02234B431A1AB2F58E
:109E9000877FAED39842ACD80424A2E750130021A8
:109EA00088060021505203012DE9F041354D074647
:109EB0000E462B68188900F02DFB044620B940F2AD
:109EC00053110D20E6F72EFF1FB116B90DF07CF9E6
:109ED00018B9BDE8F041FFF71FBE237803F00F0368
:109EE000072BF6D1E3789B09F3D1032120460DF02F
:109EF0008DF828B12B6842789B7AB3EB121FE8D11A
:109F00002B6893F83730032B05D0052B13D0022B89
:109F100013D1002100E001212046FFF7FFFE2B684E
:109F2000012883F837000BD004281BD00028D0D09C
:109F30004FF4CF71C5E70221EEE740F27F11C0E791
:109F4000114C226812B940F28D11BAE70721188925
:109F5000E7F77CFD10B940F28F11B2E72368BDE846
:109F6000F0411847014620460DF050F80146286898
:109F70000B78C3F3050380F83630BDE8F04100F0FC
:109F8000C9B800BF5013002190060021F8B52E4D2E
:109F900000232860503000F8163C0FF0EAFA20B198
:109FA0002B68FF2283F838202BE02868C67D042E1A
:109FB00008BF03260FF0FFFB074607F0F1FA032E58
:109FC00004463AD0022E0CBF4FF47F704FF4FF606E
:109FD0008442394628BF0446204607F035FB2B68EB
:109FE00080BB9A6E032E22449A6629D0022E0CBFA3
:109FF00004200820B4FBF0F4FF2C28BFFF2483F8D2
:10A00000384028680FF052FC2868B0F8622050F8F9
:10A010001E1B0CF07EFDFFF7ADFD28B1FFF748FDDC
:10A02000286850300FF0CFFA2B685A7E002A14BFF0
:10A030000322022283F83720F8BD4FF47F60C7E780
:10A040001020D7E70022ADE750130021002310B500
:10A0500080F83A30FF230A4C80F83830052320601E
:10A0600080F8373090F83600FFF784FD38B120686B
:10A0700050300FF0A8FABDE81040FFF719BD10BD31
:10A0800050130021002370B580F83A30FF23124EA0
:10A090000D4680F838300523306080F8373000896D
:10A0A00000F038FA044620B940F20A310D20E6F7F4
:10A0B00039FE336893F8360002F0DEFF3368294634
:10A0C0000120DA7D03F066F9204603F001FBBDE8CC
:10A0D0007040FFF7EDBC00BF50130021014946302E
:10A0E0000DF07BBB73970201442302493C3043725D
:10A0F0000DF073BBAD990101ED970201B797020115
:10A100008D9F0101199B0101059C010191DA01015B
:10A11000D79802012DE9F04F04468BB00F4690F816
:10A120006030072B02D10FF0F9FB7CE002F0BCFDA0
:10A13000814602F093FD97F900307D784FF00008DA
:10A14000002BBB78029003F01F03ACBF1E224FF41C
:10A15000967245EA03253B785543DA0914BF4FF45C
:10A1600096721E2213F0400F02EB050B019214BFF2
:10A1700032264FF4FA760BF0C6FF8119584689B2A1
:10A1800011F036F8039006F097FC19EB0006A36F68
:10A1900041F1000AD4E91C10691A60EB40008919EA
:10A1A0004AEB00008B4278EB0003039B01D2204670
:10A1B000B9E70298113348445A00039300F501703F
:10A1C000A84236D23D4904F1500002920FF061FAE4
:10A1D000A16D206D09688847019B029A03F5D87725
:10A1E000A16D8DF81080174449680744206D0597CC
:10A1F0008847039BC93E8DF81800A5EB030394F82C
:10A2000054004AF1FF318DF819809B1941F100018A
:10A21000CDE9083104A906F04FFD18B99F210C20A3
:10A22000E6F780FDA766A36DDB680BB0BDE8F04FD5
:10A23000184709F5D8739B44E37D042B21D0032BE9
:10A2400022D0022B40F6480008BF4FF485609344AB
:10A250008344A06E83451AD897F900302046BA7817
:10A26000002B7B7802F01F02ACBF1E214FF49671C9
:10A2700043EA022301FB03910BB0BDE8F04FFFF767
:10A2800001BF44F29020E2E741F2BE10DFE7ABEB02
:10A29000000B0121BBF1400F38BF4FF0400B584677
:10A2A00007F0D2F9002882D1A06E5844A066A0F52C
:10A2B000807007F027F90028CED178E731990201A4
:10A2C0002DE9F047DFF8988186B00C46D8F8007089
:10A2D000B8F80430C51BB5FBF3F5EDB203FB057709
:10A2E000384609F069F8064618B9E5210E20E6F768
:10A2F00019FD014605AA384609F06CF8304609F008
:10A300006FF80C23064605215D43D8F808302B442E
:10A310009888E7F79BFB002800F08F80F2791ABB42
:10A32000B179DFF84091D9F800A0BAF1000F1DD043
:10A33000737903B9D1B1D8F8082005991544B279D9
:10A34000A88800922246D047002210F47F4FC4B262
:10A35000C0F30723727179D1384609F043F8002819
:10A360006FD140F20D11C1E70021DAE7002A66D073
:10A370001C23DDF814A02370D8F808302B449B88E8
:10A380006380C37C002B69D07388A4F807303379CD
:10A390006372737CFF2B08D17F22A371A372002309
:10A3A00022716271E3720424D6E7062150460CF054
:10A3B0002DFE68B373785BB390F9003023710221EE
:10A3C0003378504663710CF021FE18B303789B0973
:10A3D000A371F422D8F8083004F10C0150462B4444
:10A3E0001B7A0CF077FED8F80830E0722B441A7A0A
:10A3F0001044187250460CF065FED8F808301D4421
:10A400002B7A834208D00123A372042401231DE088
:10A410007F23D3E7FF23DBE7737CA37200232B7238
:10A42000D9F80030002BBED02C2150460DF0E2FEB2
:10A430000028B8D001237371E7E704468CE714467F
:10A440008AE70021384608F014FF0023002064F357
:10A45000070063F30F2006B0BDE8F0871C467BE7DA
:10A4600054130021AC0600212DE9F84305460E46A1
:10A470004FF481701221914608F079FE041E2CDB06
:10A4800025B904F10C007043BDE8F88315F003070B
:10A4900004D04FF492710E20E6F744FC0C22DFF852
:10A4A000408006FB045039467243C8F80050C8F893
:10A4B0000800A8F8044008F085F8BE42E1D0B8F8DA
:10A4C00004504B46D8F8000012224FF4817107FB6C
:10A4D0000500013708F0F7FDEFE74FF0FF30D3E755
:10A4E0005413002138B50A4D0521E7F709FB04464E
:10A4F0002B68A88804FB003008F006FE0C20A96831
:10A50000002344430A190B51D380138138BD00BF87
:10A510005413002108B50521E7F7F2FA054B4FF473
:10A5200081719A881B6800FB0230BDE8084008F082
:10A53000FBBE00BF541300212DE9F04F87B08A46BF
:10A54000624C8146052150469DF84480CDE90123A7
:10A550009DF840300093E7F7D3FAA38805462668B4
:10A5600000FB0366009BFF2B09D1304608F0A4FED8
:10A57000012833D10025284607B0BDE8F08F4FF001
:10A58000000B01223CE0C14658E0BBF1000F06D1B0
:10A5900084F811B0A2F806B041F805B088E09BF845
:10A5A00002309BF8010003F01F0350EA03230BBFA6
:10A5B00002200123607463740BBFD3804C514B5154
:10A5C00082F8099074E0637C012BD4D000232374BB
:10A5D0003F4904F108000DF000F9CCE7042148469A
:10A5E0000CF014FD83460028CBD09BF802209BF88A
:10A5F000011002F01F0251EA02230CBF01220022C7
:10A600000C20A1680392454330464F5908F04DFE97
:10A6100018B9039A57EA0203ACD00DF1120205A94A
:10A62000304608F0F3FE059808F0DAFE0446B8F16B
:10A63000000FA8D048460CF045FD8146234940F262
:10A64000726E886800EB050CBCF806204A4472451F
:10A6500090DC019BB7FA87F7ACF806209DF84C20F8
:10A660007F092370029BA27163809DF84820009BA4
:10A67000677000272371E271425967714AB1507CBB
:10A68000012806D117748A681149505908300DF015
:10A69000A4F80E4A91684A19A2F804A0B8F1000F74
:10A6A0007FF473AFFF236374A2F8068041F805803E
:10A6B00001224FF48171304608F05FFE0546002804
:10A6C00081D173210E20E6F72DFB00BF541300212A
:10A6D000C1A2010170B50C240E4E0521E7F710FA56
:10A6E000B3684443185998B10379FF2B04D04FF451
:10A6F000EB710E20E6F716FB022343740025057468
:10A70000054908300DF069F8B3681A19D5801D5154
:10A7100070BD00BF54130021C1A20101014B024AC8
:10A720001A607047AC060021F5BA010138B5164C25
:10A7300023680BB1F0F79CFA01F0B6FFA06890F81F
:10A740003030022B04D1C030BDE838400EF058BF85
:10A750000269037D013290F84C1043F10005A2FB21
:10A76000012305FB0133DBB20FF09FF9A0680FF066
:10A77000D4FB10B1A3680122DA75A068BDE83840A7
:10A78000C0300EF02DBF00BF8013002138B5044645
:10A7900090F84C100FF068FA054694F8303094F8B1
:10A7A0006500022B0CD103F0BDFB00F521431833EB
:10A7B00003F2E7334FF47A70B3FBF0F0284438BD6E
:10A7C000034B33F8103003F56E532033F0E700BF2E
:10A7D000B05203010C4B30B59D6895F84C4095F88C
:10A7E0004E50B1FBF4F295420CD990F8F850187B1A
:10A7F000854207D104FB1211587BC9B2431A584253
:10A80000584130BD0020FCE7801300210A4B37B5CA
:10A810009C6894F83450A36D013D94F8362094F868
:10A82000321094F894005D43646D00940FF005FAC3
:10A83000401B03B030BD00BF8013002109B9FFF7F2
:10A84000E5BF054B9B6893F83420891AD3E915328C
:10A85000584302FB010070478013002170B5214E60
:10A86000B26892F83050022D39D1D2E93843D2E99A
:10A870003C12641A63EB0203241843F10003012C19
:10A8800073F1000204DA4FF4F7714D20E6F74AFA4B
:10A890004FF0FF32A2424FF0000272EB030302DAE4
:10A8A00040F2EF11F1E7B37BB3B90BF02CFCB368C6
:10A8B00093F802210B2A03D940F2C1310620E5E7C3
:10A8C000094B112503EB420359890144204689B203
:10A8D00010F08EFC284470BD32210846F5E70020B8
:10A8E000F9E700BF80130021B052030138B50446D8
:10A8F00090F865000D4603F00DFB94F865204FF4C9
:10A900007A71104B03EB82035B6A03F2E733B3FB0C
:10A91000F1F303EB4501451804F1C0000EF029FEE8
:10A9200058B194F8953033B1012B08D040F28731FB
:10A930000620E6F7F7F91E231D44284638BD4FF4DC
:10A940009673F9E7B05203012DE9F04110F01008B9
:10A9500005460E462F4C14D02069836D7BB1A56847
:10A96000237D95F84C1095F84E50B3FBF1F29542CB
:10A9700005D990F8F80001FB123320736373BDE82A
:10A98000F081A0680123C030A37363750EF0F1FD60
:10A9900015F008073AD018B14146A06800F0BAFD9A
:10A9A00015F0400814D0FFF731FF0246A068314689
:10A9B000C0300EF099FD002FE1D0B8F1000F14D097
:10A9C000F0F7E8FA0146A068BDE8F0410FF011BACF
:10A9D000236923B94FF4E6714D20E6F7A3F993F804
:10A9E000F810207DFFF72AFFDFE76B07C7D5A37DAF
:10A9F000002BC4D1F0F7CEFAA2680378517DC3F3DF
:10AA000082038B42BBD00123D375B8E70028B6D1AF
:10AA1000C6E700BF801300217FB5154B0E460546E3
:10AA20006846996891F84C4091F84E2091F84D3065
:10AA3000B6FBF4F4A24296BFC2F101020023A418AF
:10AA400032469CBFE4B263430FF0AAF900989DF828
:10AA50000420D5E90013884272EB030305D3314685
:10AA60002846FFF7B7FE04B070BD0120FBE700BF2A
:10AA7000801300212DE9F04116460546164F5DB1C1
:10AA8000013105F1E808CCB2BB6893F83520A24249
:10AA900006D8D5F80051DDB9FF230025337004E056
:10AAA00093F83030022B03D034702846BDE8F08193
:10AAB00021462846FFF7B0FF0028F5D02346013491
:10AAC000D5F8EC204146B868E4B20EF0E4FFDBE7CD
:10AAD000A5F58075FF21D2E780130021F8B5204F3E
:10AAE0000D461646BB6868B9D3F890400CB1A4F582
:10AAF0008074B86890F83530AB420FD8FF2300243B
:10AB0000337016E0D0F80041002CF0D1D3F890401B
:10AB10000CB1A4F580740135EDB2EAE724B94FF425
:10AB200081714D20E6F7FEF890F83030022B02D00C
:10AB300035702046F8BD29462046FFF76DFF0028F6
:10AB4000F6D0D4F8EC2004F1E8012B46B8680EF0FA
:10AB5000A2FFD4F80041002CC9D1BB68D6E700BFE2
:10AB6000801300212DE9F04F0C469B463F4D0023FA
:10AB700087B011462B60002C60D0AB680DF1170236
:10AB800093F89430BBBBFFF775FF0446A868ACBBD5
:10AB900090F818A0BAF1000F50D02346D0F80C213D
:10ABA00000F584710EF077FFAB680746D3F890404C
:10ABB0000CB1A4F580744FF0000803F5867983F892
:10ABC0001880FF238DF8173041469DF81700FFF7D6
:10ABD00035FEAB6806465146184603930EF076FFE5
:10ABE000AA693044904229D8039BB4B940F2DB21D2
:10ABF0004D20E6F797F8FFF771FFC6E7A1469DF8ED
:10AC0000173004F1E8014FF0000A59F8EC2F0EF06C
:10AC100042FF94F8F8800746D6E793F830309DF865
:10AC20001720032B2C602A7185F80580AF7108D19D
:10AC300023464A4639463046F0F74EF907B0BDE89C
:10AC4000F08FA6EB0B066421304610F0D1FA0230EB
:10AC5000864202D840F2F621CAE723464A463946E0
:10AC6000301ACDF800A0F0F769F9E7E7801300216A
:10AC70002DE9F04F944C00238DB007460D46014658
:10AC8000207D63750A92FFF7D9FD8046FFF7E6FD48
:10AC9000A668824696F83630022B97BFD6F8E83081
:10ACA000736D5B08963B98420FD306F1C0000EF01F
:10ACB00060FC28B13E21A06800F02CFC012079E066
:10ACC0000821A06800F05EFCF8E7B7FA87F130468B
:10ACD00049090EF0FBFEA36940449842EED8236870
:10ACE000002F7AD1002B68D13B46D6F80C2106F50F
:10ACF000847130460EF0CFFE8146A16801F586735F
:10AD000091F830E00A69087DBEF1030F91F84C100C
:10AD10000993A2FB012301FB003303F0FF034FD192
:10AD2000C5F8D0204FF0000BD5F8D42063F307020C
:10AD3000C5F8D4205E46A168236A91F83020D4F883
:10AD400024C0032A0B9340F0958091F865004FF4DE
:10AD50007A745E4B33F8100000F5FA70B0FBF4F42F
:10AD6000903444440B9B68310595E018099B00968C
:10AD7000CDE90651CDE903934CF100013346CDE90D
:10AD800001BEEFF77DFF0A9B002B00F09B804E4C2D
:10AD9000A06890F83030032B00F092805146FFF706
:10ADA000A5FDF0F719F828464346227D3946FFF7FE
:10ADB000D9FE00200DB0BDE8F08F94F806909CE716
:10ADC000C5F898204FF0000BD5F89C204FF0030EEB
:10ADD00063F30702C5F89C20ACE7002B3ED1237D2E
:10ADE00005F1E801D5F8EC2030460EF054FE81461E
:10ADF000A1687E1E227D91F84C3091F84E0091F8AA
:10AE00004DB0B2FBF3F3984297BF1B1A4FF0000B03
:10AE10000133DBB298BF03FB0BFB91F83030022B00
:10AE20005B460CBF05F1980005F1D0000EF0B8FFAD
:10AE3000A068217D826D436D564303FB016690F847
:10AE40003030022B0DD1D0F8E83003FB0BF39E1B02
:10AE500005F1EC034FF0000E09936CE794F80690AF
:10AE6000C6E70EF053FFA268ABEB0003D2F8F00088
:10AE70004343ECE7B8F1000F20D00B98D1E93843F9
:10AE8000241A63EB0C0314EB080443F10003B4EB46
:10AE90000A0463F10003002B04DA40F273114D2021
:10AEA000E5F740FF6FF00100A0424FF0000070EBAB
:10AEB0000303BFF657AF4FF4BA71F0E7C92451E767
:10AEC00000206EE70A9875E780130021B052030155
:10AED0002DE9F04F10F0020889B081468C4C11D05A
:10AEE000A068C0300EF045FB3D2138B1A06800F0ED
:10AEF00011FB09B0BDE8F04FFFF718BCA06800F0E7
:10AF000041FBF6E72769002F3FD0A368217D93F826
:10AF10004C0093F84E20B1FBF0F0013A904239D149
:10AF200093F83030032B1DD1D7F8D050BB4697F89B
:10AF3000D4A001354AF1000A0AF0FF0A19F001090C
:10AF40002CD0BBF1000F40F09480B8F1000FD0D0AE
:10AF500098F83130002BCCD16E4908F129000CF063
:10AF60003CFCC6E7D7F8985097F89C20D7E9000337
:10AF7000854272EB03030DD33846FFF72BFC0546E1
:10AF800040B9B84682468346D8E7BB46B8463D46F8
:10AF9000BA46D3E74546C246C346CFE7A06890F815
:10AFA0003030022B04D1C0300EF0E3FA0028C8D1B3
:10AFB000A36893F83020022A38D1DA7D82B3A27DCB
:10AFC00072BB93F84FC093F8362093F8321093F881
:10AFD0009400CDF808C093F865C0A669CDF804C008
:10AFE000D3F854C0CDF800C09B6D0EF02DFE861B2B
:10AFF00005900121304606F027FB059A58B9A06854
:10B00000A2610122D0F8D810C03000F8A82C0E445C
:10B0100086610EF0D8FA01230022A375A368DA75C1
:10B02000206818B1637D53BBEFF722FE2668002E1F
:10B0300069D1A3680DF11F02217D384693F8943041
:10B040007BBBFFF717FD9DF81F300646237558B3ED
:10B0500090F8F890314601224846FFF709FEB9F111
:10B06000000F00F1FF3308BF002626615E425E41FB
:10B070001EE02A465346584603F0F8F865E7637920
:10B08000002BD3D02179FFF7C7FC0028CED0EFF7F3
:10B09000EFFD02F003FA237927682375002323606C
:10B0A000C4E7FFF71BFDCEE7A3681A7E0ABB0126A3
:10B0B000A36893F83030022B02BFFF23237363731E
:10B0C000BBF1000F04D02A465346584603F0CEF891
:10B0D000B8F1000F07D098F8313023B90D4908F1C5
:10B0E00029000CF07AFB002E7FF403AF09B0BDE815
:10B0F000F08FFF22D3F8906018762275002ED6D0FC
:10B10000A6F58076A6E7237994F805902375A1E744
:10B11000801300219BA402012DE9F04190F830201A
:10B1200000216E4C86B0032AA060A173A175216036
:10B1300008D10269037DFF2B08BFB2F1FF3F01D1A7
:10B1400000F02CFAA068B0F8D220C389C281D31ACB
:10B150000269017D9BB2D318036141F1000290F8AE
:10B1600030300275022B02BFFF23237363730EF08E
:10B17000A4FEA56895F83030032B50D1AA7D002A93
:10B180004DD001272F76384606F00AFA95F84C1074
:10B19000804628460EF068FD95F83030A061032BFC
:10B1A00045D1AB7D002B42D095F84F3095F8362035
:10B1B00095F8321095F89400029395F86530019354
:10B1C0006B6D0093AB6D0EF03FFDA6693946861B93
:10B1D000464528BF4646304606F036FA38B9A369D8
:10B1E0003344A361D5F8D8303344C5F8D830A368C8
:10B1F00093F894200ABBD3F8900008B1A0F58070B2
:10B200000DF11702FF21FFF735FC9DF817300546B9
:10B210002375C8B9FFF78AFA06B0BDE8F081032BA1
:10B220004FF000020CBF012702272A76ABE795F802
:10B23000351028460EF018FDC7E700210DF1170262
:10B240000846FFF74BFCE0E701F0F8FDEFF710FDD3
:10B2500023492448EFF702FD05F02EFC0022C4E943
:10B260000801294695F8F800FFF702FD064680BB65
:10B2700095F8F810207D2561FFF7E0FA0546FFF705
:10B28000EDFA0146A06890F83030032B1FD0FFF78D
:10B290002DFBEFF7A1FDA06890F83030032B0AD109
:10B2A00090F84C100269067DA2FB012301FB0633D6
:10B2B000DBB20EF0FAFBA068C0300EF084F9206912
:10B2C0002B46227D90F8F810FFF74CFCA4E730469F
:10B2D000DFE70120FFF7FCFD9EE700BF80130021A0
:10B2E000D1AE010149A901010D4A03789268D17DCF
:10B2F00030B5447831B1517D00250131D57501F06B
:10B3000007015175517D03F00303127E01F007011F
:10B31000447043EA810343EA4213037030BD00BF27
:10B3200080130021024B014698680EF095BD00BFC6
:10B3300080130021014B024A1A607047B0060021B9
:10B3400050B30101014B1868704700BFB0060021DF
:10B350008DA701019B99020119B10101939A020184
:10B36000939A020191DA01019F990201282238B5CE
:10B370000A700346427A0024CA7010F87F0C0C75DC
:10B380000871002A54D113F8682C0A7213F8672C3C
:10B390004A7213F8662C8A7213F8502C4A7113F80B
:10B3A0004F2C8A7113F84E2CCA7113F84B2C013AAA
:10B3B000D2B2032A35D82348825CCA7213F87A2C99
:10B3C0000A7313F8642C4A7313F8632C8A7313F806
:10B3D000622CCA7313F8602C0A8213F8802C022A9C
:10B3E00024D19A6B40F2E240B2FBF0F24A8213F8A9
:10B3F0007E2C53F8203C0A7513B3A3F5807300220A
:10B400000124D0B2B3F8FA5001EB4000A0F8155077
:10B4100083F86840D3F8003193B1A3F5807301320B
:10B42000EFE740F217310620E5F77CFC1A6CD9E70C
:10B430000A21E6F721FB18B140F2AB114920F3E7EE
:10B4400038BD00BFE85203012A2238B50A7003460E
:10B45000427A002510F8800C02280CBF9C6B1C6CF3
:10B46000CA7013F87F0C0D740871A2BB13F8680C36
:10B47000487113F8670C887113F8660CC87113F8DB
:10B480007A0C087213F8640C487213F8630C887213
:10B4900013F8620CC87213F8600C53F8203C8881D2
:10B4A00040F2E240B4FBF0F4CC8163B1A3F58073C9
:10B4B00001EB4200B3F8FA400132D3F80031D2B2C6
:10B4C000A0F81140F1E70A74084BFF221A7000221D
:10B4D000074B1A7038BD0A21E6F7CEFA0028F3D0E0
:10B4E0004FF4A8714920E5F71DFC00BF340000218E
:10B4F000A8130021024B00221870024B1A707047EB
:10B5000034000021A8130021014B1878704700BFB8
:10B510003400002180F8B91090F8B8301BB9024906
:10B52000B0300CF057B9704749B40101F8B50E4678
:10B530002C210CF05FFE114D0446B0B92B7801337D
:10B54000DBB2052B02D82B702046F8BD0C4F0A2128
:10B5500028703878E6F77AFA3E21FFF7DBFFFF2301
:10B560002C703B7086F83940EEE7002301202B70E9
:10B57000D6E92023C5E90223E7E700BFA81300218D
:10B580003400002190F8B8302BB980F8B910B030F1
:10B5900001490CF01FB97047239B020180F8B910D4
:10B5A000B03001490CF016B96DB3010180F8B91043
:10B5B000B03001490CF00EB9479B02012DE9F04F64
:10B5C000DFF880B28DB005460E469BF800000A21D8
:10B5D0009046E6F73BFA0446002800F07A82EA7EBD
:10B5E0005F2A4FEA521197BF974B00275B181F79CC
:10B5F00090F84F30434504D025212046FFF78AFFBD
:10B6000061E22979CB0600F0708290F835301BB1E9
:10B61000B3EB511FC0F26982EA7812F0F80F00F024
:10B62000648211F0E00F00F06082AB7A13F0F00F4B
:10B6300000F05B8295F801C028780CF03F031CF005
:10B64000400F40EA032000F0FA8040F26563984220
:10B6500040F24B82AB7802F007025B0043EADC1356
:10B6600043EA422340F67C4203F6FC73C3F30B0328
:10B67000934200F23A82EB7A013BDBB2FA2B00F202
:10B6800034822B7DEA7C1B0153EA121300F02D82D9
:10B690006B7C02F00F02A87C43EA002343EA0243DA
:10B6A000FE2B40F222823F294FEA511210D90AABF9
:10B6B00095F82010E869019308AB01F07F01009331
:10B6C000002306F01DFEDDE90A23134340F00D823E
:10B6D0002B7903F01F025B09B2FBF3F103FB11238B
:10B6E000002B40F00282AB7AB1EB131FC0F2FD8158
:10B6F00004D0EB7913F0F00F00F0F781D5F8173094
:10B700000AA8EA7E190A8DF82830C2F304028DF8DF
:10B710002910190C1B0E8DF82C208DF82A108DF88D
:10B720002B300BF0F8F8002800F0DF8138460EF0DF
:10B73000E1F98146002840F0D881EB7894F8331085
:10B74000C3F3C402B1EBD30F00F2CF812B7984F89D
:10B750003220C3F3040384F836302B79C3F3421349
:10B7600084F84C30EB79C3F3031384F84D30AB7A93
:10B77000C3F3031384F84E30EB7A84F85030AA797F
:10B780006B79697A43EA0223EA79A87C02F00F0216
:10B7900043EA02432A7A42EA0122A97A636501F068
:10B7A0000F0142EA0142697C41EA0021E87C9342B0
:10B7B000A26500F00F0094BF0023012341EA00417D
:10B7C000E87CE165297D090141EA1011A4F85210D5
:10B7D00095F8201084F8657084F89430C1F3C01196
:10B7E0006B7884F864104946C3F3801384F84F8063
:10B7F00084F89530D5F80D0008F0AEF9C4F80C01C6
:10B80000B5F8153094F835201B0284F81481A4F89B
:10B810001690C4F81031FF2384F81890637594F8DB
:10B8200036300AB1934201D284F83530B8F1000FB6
:10B830001AD05EB94FF451714920E5F773FA132815
:10B8400006E700BF34000021E8520301336804F129
:10B85000780206F1080104F13800C4F888307368F2
:10B86000C4F88C3000F024FD2A7995F8201002F0FD
:10B87000E003E869C1F30601202B40F0AC800138F9
:10B8800041F1FF310023AE7801F07F0194F84F20A1
:10B89000A4F8D2307600E3816B78206146EAD316B3
:10B8A000EB78217503F0070394F8651094F85000C5
:10B8B00046EA432640F2E2435E43C4F8E8600EF0F5
:10B8C0002BF994F8322094F8363002F1FF3CA26D47
:10B8D000616D05925A1E4A43059901FB0C2294F8AA
:10B8E0004CC094F864101044E26DB3FBFCF394F880
:10B8F0004EC02066A3EB0C0394F84DC00CFB03F381
:10B9000003FB0663034400296DD013444FF0060C7B
:10B91000A364D4F8FC300CFB06FC63452CBFC4F8D0
:10B92000FC30C4F8FCC000295FD0324402EB0008B0
:10B93000D4F89060002E5AD016F8081CA6F5807630
:10B94000D5F80D0008F008F996F8F830C6F8EC00C4
:10B95000B5F8152095F8201043EA0223EA6986F825
:10B96000A870C6F89820C6F8F030C1F30603D6F8E0
:10B970009C0001F07F0161F30700C6F89C0094F879
:10B9800064C0B4F8521086F824C0B18294F8501004
:10B99000A87CB17594F84C10F17594F84E1031767E
:10B9A000697C41EA0021E87C00F00F0041EA004197
:10B9B000F161D4F8E810C6F810803162A16CC6E9D4
:10B9C0000023F160BCF1000F02D130460EF037FDCC
:10B9D000D6F80061AEE75209002306F039FC0138C1
:10B9E00061F100014EE79B1A90E78046A0E7D5F889
:10B9F00017302046EA7E190A8DF82830C2F3040277
:10BA00008DF82910190C1B0E8DF82C208DF82A109A
:10BA10000AA98DF82B300BF064F894F8651094F8AF
:10BA20004F2094F85000CDE906120EF075F894F806
:10BA300094A094F8327094F83690079A069905907D
:10BA40005046D4E9158602924A463346CDE9008134
:10BA500039460EF0F9F894F830309630022B3BD18D
:10BA6000D4F8E830984240D80598963080453CD3C9
:10BA700086423AD3BAF1000F31D108FB09F84645A6
:10BA800033D36878B4F8D2202B7810F0400F00F050
:10BA90003F0102F1070204F1C00043EA012118BF8F
:10BAA0004FF4967392B208BF1E23CDE9013294F889
:10BAB00034204B43013A06FB023300930C4BD3E98D
:10BAC0000223FDF74BFEFF2300228BF80030084BCA
:10BAD0001A700DB0BDE8F08FD4F8F030C2E7BAF1BB
:10BAE000010FCED17743B845CAE7112185E500BFE4
:10BAF000A81300212DE9F743804615461E469DF800
:10BB00002890084619B986214920E5F70BF90AB9AA
:10BB10008721F9E72C210CF06DFB0446A8B9B9F197
:10BB2000000F01D09121EFE700238DF804308DF84C
:10BB300005309DF80430002063F307009DF80530C0
:10BB400063F30F2003B0BDE8F08303783A2B0BBFFB
:10BB50000127002700F123010021B9F1000F03D0D4
:10BB60003A460230FFF72AFD002EDDD0627F5F2AC1
:10BB70004FEA521197BF2D4B00265B181E793046B5
:10BB80000DF0B8FF0028CFD12723A5F80380013E90
:10BB90002B706379F6B2C3F3C403032E6B71A379E0
:10BBA000C3F30403AB712379E2784FEA430343EA1A
:10BBB000D213627902F0070243EA4223A5F8073064
:10BBC000A379C3F342136B72637AC3F30313AB72AB
:10BBD000237BC3F30313EB72637B227DAB81E37C96
:10BBE00043EA0223627DAB734FEA1323EB7302F047
:10BBF0000F03627D2B74A37D4FEA031343EA1213F4
:10BC0000A5F811300ED8094B8DF805009B5DEB743B
:10BC100094F822306F75C3F3C0132B7504238DF88D
:10BC2000043086E740F2173106206EE7E852030140
:10BC30000346F7B520B940F2A7314920E5F772F87D
:10BC400090F84C500026DC89B0F8D2001F69001B28
:10BC50001C7D013780B244F10004C01944F1000496
:10BC6000A0FB05C004F0FF0405FB0400D2E9187432
:10BC7000D3F8E020D21BD3F8E47067EB0404012A68
:10BC800074F1000702DA40F2B731D6E76FF001072E
:10BC9000974276EB040702DA4FF46E71CDE7734FEB
:10BCA000BA4274F10007CF78ACBF4FF0010E4FF0ED
:10BCB000000E6EF38617CF706D4F974276EB04043B
:10BCC000ACBF1E244FF49674B2FBF4F2CC788A70A9
:10BCD000C2F3052224F03F042243CA7000228A7373
:10BCE0008A7993F8364064F3040265F347128A7147
:10BCF0004A7A93F84D4064F307124A720A7B93F82C
:10BD00004E4064F307120A7393F850204A7393F875
:10BD1000522002F00F044A7D02F00F0242EA0412A0
:10BD20004A75B3F85220C2F307128A7593F854206B
:10BD3000CA7193F855200A7293F8562002F00F0446
:10BD40004A7A22F00F0222434A7293F858208A72EC
:10BD500093F85920CA7293F85A2002F00F040A7B14
:10BD600022F00F0222430A7393F85C20CA7493F8FE
:10BD70005D200A7593F85E2002F00F044A7D22F0E0
:10BD80000F02224393F864404A7591F8222064F32D
:10BD9000C71281F822204A7993F8324064F3C7022F
:10BDA0004A71D3F89820C1F80F20B3F89C20C1F84D
:10BDB0001EC0A1F8172091F8222060F3060281F836
:10BDC000222093F86520013AD2B2032A34D82948B8
:10BDD0000244487FD27962F34710487740F2E2404C
:10BDE000D3F8F020B2FBF0F2C87802F0010400F0C2
:10BDF0007F0040EAC410C870C2F34700C2F3422279
:10BE00000871487920F0070002434A715A79D3F843
:10BE100001008DF80420C1F819004A7F019860F3F1
:10BE200004024A7793F84F2052B92323013B0B7049
:10BE30002C234B7003B0F0BD40F261310620FDE6CB
:10BE4000D3F8882001F12B00C1F82320D3F88C20EF
:10BE5000C1F8272003F1A002B03352F8044B9A42F4
:10BE600040F8044BF9D13B23E0E700BFC5BF030016
:10BE7000C4BF0300E8520301054B98429FBF00F581
:10BE80006170044B5860002088BF1220704700BFCB
:10BE900000093D00340000212DE9F04F03788BB0FC
:10BEA00007460C460B7043784B7090F8029081F86F
:10BEB0000290B9F1010F0279C37898BF002543EAD7
:10BEC00002234279CB704FEA13234A710B71C38866
:10BED000A1F8093088BF057B8D73827BCA744AB193
:10BEE00000F10F0314311F3053F8046B834241F803
:10BEF000046BF9D1FB7A990700F18A8013F00108ED
:10BF000001D103F00408A8F1030341F28736DBB244
:10BF1000022B2CBF4346042363733979FB7843EA31
:10BF20000123797943EA0143B34274D91E4640F2B2
:10BF3000E241B6FBF1F6E6804E43B6FBF3F103FBBC
:10BF40001161002977D1B34275D8797BE173F88804
:10BF5000FB2885BF00F1FA0C4FF0FB0E8446BCFBBA
:10BF6000FEFE81BF0EEB000C0CF1FF3CBCFBFEFCA7
:10BF70001FFA8CFCB3420CEB000AA4F80BC00AF1C8
:10BF8000FF3A9AFBFCFA03F1FF3C5FFA8AFEB444E5
:10BF9000BCFBF3FC9CBF0CFB0EFE5FFA8EFEBEF1F9
:10BFA000070F84F810E05ED94FF0010E1FFA8AF1F6
:10BFB000714584F80FE040D941F2883C634511D9BE
:10BFC00040F2E24EB3FBFCFC1FFA8CFC8C4528BF10
:10BFD0008C46B3FBFCF6B1FBFCF1B6FBFEFEA4F80D
:10BFE00006E02174217C07291CD8F6281AD8217C68
:10BFF000012917D8B34240F0C6800D30A4F80B00D9
:10C00000B4F80B30FB2B28BFFB23A4F80B302CE03B
:10C010004FF0020877E740F2E24093FBF0F100FBBB
:10C02000113119B100200BB0BDE8F08F1E44B6FBF2
:10C03000F3F65E437BE7012188E7D3D1FB21B1FB17
:10C04000F0F1614534BFC9B25FFA8CF121B940F219
:10C0500062414920E4F766FE01FB00FEBCFBF1F102
:10C06000A4F80BE0BDE70029BFD1012394F810A08C
:10C070004146B4F80B006374002384F808A0D21A78
:10C08000A37418BF01220DF047FD08AB4A46514684
:10C09000029309AB0590019300902846E3880DF0C8
:10C0A00048FE227A94F804C0607CE57894F81090F9
:10C0B00045EA0C25049094F805C094F812A045EACE
:10C0C0000C4C049DA178B2FBF9F0401B40F2E24514
:10C0D0000AFB00FAE088DDE908E36843551E0AFB25
:10C0E000000001F1FF3A0EFB05F503FB0A5505447C
:10C0F00005980544E07B00284CD06544B7F808A0BB
:10C100004FF47A7B0BFB0AFAAA458BD3E07CCDF87F
:10C1100000E0003818BF0120CDE90180A07BCDE907
:10C1200006120DF091FD604B03EB4808B8F80C3097
:10C1300003F2E733B3FBFBFB5C4B5B6803F5057372
:10C140009B4458448642FFF46DAF059B301A079A12
:10C1500003F196080699C2F11F03BF7A01FB09F1AA
:10C1600093FBF9F301FB08F8B0FBF8FBD8B2874268
:10C1700028BF07465F45384628BF58461E280CD9B9
:10C180004FF4986165E782BFB4F80B300533A4F82B
:10C190000B3035E7A5EB0C05B0E7AAEB0505049BD2
:10C1A000B5FBF8F1C3F10F03DBB28B4228BF0B469E
:10C1B000834228BF03460E2B02D940F2C74148E70D
:10C1C0000BB901202FE704994A44471E01F10101F0
:10C1D000D2B2C9B222726174F3D0A5EB080506EBA6
:10C1E000080A554507D2013BDBB2194409FB03227B
:10C1F00061742272E5E7B4F80B00C0B2E5F7C6FE41
:10C2000094F810C060456146FFF40CAF411A142346
:10C2100089B2B1FBFCF2B5FBF7F1A1EB0801B1FB70
:10C22000F6F1B3FBF7F6B2FBF7FE0F2E237A28BF29
:10C230000F26764528BF76468E4228BF0E4626B189
:10C2400007FB0C33A6742372BBE7B5FBFAF1142984
:10C25000A0EB0C0028BF1421B94228BF39469142F7
:10C2600028BF1146012201FB0C338842A274DBB2C5
:10C270002372A6DB607C01FB1A557F1AC0F10F0206
:10C28000B5FBF8F55FFA82F8B84528BFB846A8456F
:10C2900028BFA8465FFA88F8404408FB0C38607451
:10C2A00084F808808DE700BFE852030134000021C4
:10C2B0002DE9F041184B94B00024154608AF102228
:10C2C0000E460DF13008014600970DEB0200CDE956
:10C2D000043401330293013303930123CDE906446F
:10C2E0000DF061FE384610AF02A901230422CDF8FB
:10C2F00000800DF058FE4146304601231022009781
:10C300000DF051FE2346042203A9384600950DF096
:10C310004AFE14B0BDE8F081314749420138C0B24D
:10C32000032808B504D940F2CF217820E4F7FAFCBD
:10C33000014B185C08BD00BFFE520301038800F2E8
:10C34000F310C172A0F80930027301490BF04BBA27
:10C35000A3A0020108B500F047FC00F029FA00F0A4
:10C3600005F8BDE8084000F0CBB800BF034B002142
:10C370004FF480521970A3F801207047BC130021BC
:10C3800070B50646022014460D4600F02BFA064B07
:10C390000122033C1A70054BC3F81045C3F8086529
:10C3A000C3F8045570BD00BFBC13002100E000417C
:10C3B000022008B500F016FA084B002208484FF09A
:10C3C000010C084980F800C0C3F80021C3F804211B
:10C3D000C3F80821C3F8801008BD00BF00E0004189
:10C3E000BC13002103000080104B1A785AB1104989
:10C3F0000020C1F88000D1F800213AB910210020B6
:10C4000099705A701870002000F0ECB9D1F804212E
:10C41000002AF3D0D1F8082112B110210246EEE72C
:10C42000D1F800140122C9B2E9E700BFBC13002112
:10C4300000E00041022008B500F0D4F9064B0022CC
:10C44000012106480170C3F80021C3F80421C3F894
:10C450000821196008BD00BF00E00041BC130021A5
:10C46000184A1378002B10B5507818BF0220A0F19D
:10C470000204B4FA84F46409B3B1C823124A013B3C
:10C48000D2F80011DBB241B1D2F8040120B1D2F8E8
:10C490000801B0FA80F0400910BD0BB1002CEED1BC
:10C4A000F5213B20E4F73EFCC82300E01CB1013B32
:10C4B00013F0FF03FAD10228F2D0431E584258412C
:10C4C00010BD00BFBC13002100E000410A4B1A78E8
:10C4D0007AB10A4BD3F800214AB1D3F8042132B122
:10C4E000D3F808211AB9D3F80004C0B2704710205D
:10C4F00070479878704700BFBC13002100E00041EE
:10C50000024B00221A809A70704700BFC0130021AE
:10C510002DE9F843044601200E461D4690469DF83D
:10C52000209000F05FF904F00300284F40EA054036
:10C5300040F08070C7F80405C7F80865244E3571CF
:10C540000EF086FE38B9D7F8182522F0FF0242EA2D
:10C550000802C7F8182500221C4B4FF4805114F034
:10C56000FB0FC3F884201B4AC2F8081504D11A4AED
:10C57000C3F88021C3F88420B9F1020F21D8174AEB
:10C58000012C124B12F80920C3F8202506D00123F4
:10C59000022CF470737009D9BDE8F8830E4A104973
:10C5A000C1F8D021C3F88C207470F470074B0122BD
:10C5B00000213270C3F80011C3F800121A60BDE800
:10C5C000F8834FF4F1713C20E4F7ACFB00E000414C
:10C5D000C013002100F000410C000080045303014F
:10C5E000008000412B4B5A7870B5002A48D02A4A67
:10C5F0000125C2F80C15C2F81005DC789D701CB33B
:10C60000042C19D01978002935D01B790021023B60
:10C61000C2F80411012B05D820480323C0F850119B
:10C62000C2F81C351C494FF480521D481D4BC1F8FF
:10C630008400C3F8042570BD00211D70C2F80411E8
:10C64000C2F80052156070BD1B78F3B1C2F8044106
:10C650004FF48054134BC3F80445D2F8006116B16F
:10C660005560C3F808450B7803704B78043343706A
:10C670008B78837070BD40F20D113C20E4F752FBC3
:10C680004FF404713C20E4F74DFBE1213C20E4F73A
:10C6900049FB00BFC013002100E0004100800041C1
:10C6A0000500008000F00041104B1A78CAB100224A
:10C6B0000F49104810B44FF48054C1F88420C0F8DA
:10C6C0000845A0F5E040C1F88021C1F88420C0F8F9
:10C6D000D021C1F88C201A70002210BCA3F80120D0
:10C6E00070470022A3F80120704700BFC01300214B
:10C6F00000E0004100F0004108B50B4B1B784BB146
:10C700000A4BD3F8042152B1D3F80004003818BF03
:10C71000012008BD40F276213C20E4F703FB40F203
:10C7200077213C20E4F7FEFAC013002100E000412D
:10C73000F8B5184B1B783BB3174CD4F8043113BB36
:10C74000164B0222C4F804231F691A6907F0100768
:10C7500042F010021A61D4F8043153B9104E4FF46C
:10C760008045C6F880510EF077FDD4F80431002BD7
:10C77000F7D027B9094A136923F010031361064B58
:10C780000222C3F80823F8BD40F287213C20E4F7D9
:10C79000C9FA00BFC013002100E0004100ED00E035
:10C7A00000E100E0014B01229A60704700E0004187
:10C7B00038B54FF48042094BC3F88020BFF34F8F48
:10C7C000BFF36F8F064C0025C4F80055C4F8005520
:10C7D000FFF76AFFC4F8805038BD00BF00E100E0F9
:10C7E00000E0004170B5124D00260446C5F8006512
:10C7F000C5F80065FFF758FF012CC5F8806006D02A
:10C80000022C0BD04CB182213D20E4F78BFA02229E
:10C81000084BC5F80025C5F8143570BD0321054A3D
:10C82000054BC5F80015C5F81425C5F8803070BD56
:10C8300000E00041C813002103000080094B9B78F1
:10C84000012B0CD0022B09D1830706D40649002006
:10C85000064B0122C1F840051A6170477047420734
:10C86000F4D57047D814002100C000410080004179
:10C870001C4A431E10B582F82400032B2DD8DFE894
:10C8800003F027190A02184B0522C3F8102505F0FA
:10C8900063FC40B910BD144B0622C3F8102505F007
:10C8A0005BFC0028F6D0114A0F4BD2F88020C3F869
:10C8B000882510BD0C4C0423C4F8103505F04CFC41
:10C8C0000028E7D0094BD3F88430C4F8883510BD70
:10C8D000054B0322C3F81025D9E740F675513E20D9
:10C8E000E4F720FAD8140021008000410000FF0185
:10C8F0002DE9F04F0D4685B006461746002876D143
:10C9000004238DF80E000DF10C088DF80C3002F0A8
:10C91000F1FC01284FF0FF3088BF00208DF80D009A
:10C92000404605F0E5FE002840F0F080A54C4FF0B1
:10C93000010B3846DFF8909294F8261084F865B021
:10C940000191FFF795FF01993846DFF880A209EBC6
:10C9500001031B7ECAF8083502ABCAF8541594F9D6
:10C96000252001F07DFB9DF9080001F0E3FA9DF818
:10C97000090002F087F8002840F0FE80217884F852
:10C9800002B0012900F0FD8009EB4707904ABB89FE
:10C9900003F5FA73A2FB0323A5EB931511B98D4B95
:10C9A000CAF88030216B8C4B29448A4AC3F8401561
:10C9B000C3F8C0212378002B64D0012B94F85530A4
:10C9C00004BF43F0040384F85530DF0704D59D0706
:10C9D00060D4580700F19F807F4B0122DA64D3F8BE
:10C9E0004C35994268D8002005B0BDE8F08F02228E
:10C9F00000230DF10C088DF80C208DF80E3002F09C
:10CA000079FC01284FF0FF3088BF00208DF80D0021
:10CA1000404605F06DFE8146002877D10123694C20
:10CA20009E4284F8653040F0BE80384694F8267007
:10CA3000FFF71EFF644B3B441A7E644BC3F8082586
:10CA4000C3F854756378012B00F08480634BC3F8FE
:10CA500000955E4B0221D3F8002242F48872C3F89D
:10CA60000022D3F8682542F4C022C3F86825227852
:10CA7000A170012A96D0293D002A93D1554AC3F8C6
:10CA800084208FE794F8553043F00202DB0784F8E6
:10CA90005520A1D54D4BD3F8002242F00102C3F836
:10CAA0000022D3F8503503F0F603022B94D140F264
:10CAB0000D613E20E4F736F9238D952B0DD9002E1C
:10CAC00039D0012E74D101F1290345484549C3608D
:10CAD00001F0C6FF0130012860D8404605F014FE81
:10CAE00000286AD1A3789DF80C20012B53D0022B8B
:10CAF00008D1930706D438490020344B0122C1F8ED
:10CB000040051A61012005B0BDE8F08F40F6BC2158
:10CB10003E20E4F707F92D4B2E4AC3F8882003F591
:10CB20008043D3F84031002B3FF456AF40F21461FC
:10CB30003E20E4F7F7F801F1280329482949C360AA
:10CB400001F088FF01300128C7D940F235713E203D
:10CB5000E4F7E8F83946434694F92520E07801F0F7
:10CB60007FFA9DF90C0001F0E5F99DF80D0001F048
:10CB700089FF00283FF46DAF40F2DE513E20E4F71C
:10CB8000D1F839F81730124A03F5FA73A2FB0323E0
:10CB9000A5EB931506E75207ADD5B3E740F23F7119
:10CBA0003E20E4F7BFF84FF4FB613E20E4F7BAF80B
:10CBB00040F243713E20E4F7B5F840F6F4213E2000
:10CBC000E4F7B0F8D81400210853030100800041B5
:10CBD000D34D62100B00008000C0004100400041B6
:10CBE0003C0000214853030168220021094810B588
:10CBF00005F0E8FC41F21114074B00224FF082408F
:10CC0000AA21C0F8004EC3F8402EC3F8442EC3F842
:10CC1000001E10BDD814002100700041962808B5F0
:10CC200007D89528054B8CBF0022012218851A7061
:10CC300008BD4FF401713E20E4F774F8D8140021C8
:10CC4000024B0344187E00F5166070470853030139
:10CC5000014B93F848007047D81400210B4B0C4A45
:10CC600010B493F84810D3E9103002EB8102C01AD7
:10CC7000936ED16F03F2E733546D064A5B1A20447A
:10CC800010BCA2FB032300EB93107047D8140021C3
:10CC900008530301D34D6210024B586C1B6BC01A32
:10CCA000704700BFD81400210A490B4A086C10B421
:10CCB00091F84830094C02EB83020B6BC01A936E5B
:10CCC000526D03F2F313801AA4FB032310BCA0EBF4
:10CCD00093107047D814002108530301D34D6210FC
:10CCE0000D4A0E49106B10B492F848300C4C01EB11
:10CCF0008301136C1B1A886E496D00F2F3105B1AE6
:10CD0000A4FB0010D2E90E41A3EB9010001910BC57
:10CD100041F10001704700BFD814002108530301FE
:10CD2000D34D62100F4910B591F84820531EDBB265
:10CD3000032B11D8086C096B0B4C401A0B4901EB03
:10CD4000820201EB4303526DB3F89030801AA4FBCA
:10CD5000032300EB931010BD4FF42A713E20E3F73C
:10CD6000E1FF00BFD8140021D34D62100853030126
:10CD70000139134BC9B2032910B583F8540014D8F4
:10CD8000104A114C02EB8101104BD1F8982014434A
:10CD90000F4A0243C3F81445C3F81825D3F8503599
:10CDA00003F0F703032B05D010BD40F2E6213E202F
:10CDB000E3F7B8FF40F2FD213E20E3F7B3FF00BFE9
:10CDC000D81400210853030108011000008000411D
:10CDD0000000030208B5154A154BC3F8AC210278D0
:10CDE000032A1DD1D3F81425012990F801C022F49B
:10CDF000702210490CF03F0C0F4808BF42F400228B
:10CE00004CEA0000C3F814250A6A42F00302C3F892
:10CE10000029C3F8100901230A6281F8643008BDB3
:10CE200040F252313E20E3F77DFF00BF0600008054
:10CE300000800041D8140021803202003F4B4FF4A3
:10CE4000807270B5C3F88020BFF34F8FBFF36F8F30
:10CE500000223B4801213B4D13463B4CC0F8FC2FC0
:10CE6000C0F8FC1F05EBC3010133D1F800232240B9
:10CE7000824204D1D1F80023D1F804131160202B91
:10CE8000F0D12F4D012340F2031040F25B610322E9
:10CE90002E4CC5F83405C5F83815C5F83035C5F839
:10CEA000102584F8243005F057F920B1254BD3F82C
:10CEB0008030C5F88835224D40F201214FF48013AF
:10CEC000234AC5F850160026107CC5F8003201F040
:10CED000E9FD05F0E3FB1F491F4BC5F8A81102311E
:10CEE0001E4AC3F8C820C3F8C41041F6F8731C4AA0
:10CEF000C2F80435A4F84860666484F8556003F00D
:10CF0000DBFDC4E90E0103F0E5FD2670D5F800292C
:10CF100096210A4B22624FF48072218584F8646066
:10CF2000A16EC3F8802120631020C5F804031A60A5
:10CF300001B18847BDE8704001F080BD00E100E02C
:10CF4000008000410000FF0100F0FFFFD814002125
:10CF50003C0000210300008000C00041060000806A
:10CF600000F00041036870B51A0E354D1B02354EB6
:10CF7000C5F824250446C5F81C354368C5F83C357A
:10CF8000037A86F82630437A807A5A1E86F854004F
:10CF9000D2B2032A4ED82C4901EB8202D2F8981063
:10CFA0002A4A0A43C5F81425294A0243C5F8182518
:10CFB000D5F8502502F0F702032A36D0032B86F865
:10CFC00024302ED0042B21D0022B0FD00323C5F800
:10CFD000103505F0C1F828B11E4A194BD2F880204F
:10CFE000C3F88825E37A86F8253070BD0423C5F898
:10CFF000103505F0B1F80028F4D0164BD3F8843082
:10D00000C5F88835E37A86F8253070BD0523C5F864
:10D01000103505F0A1F80028DED1E37A86F8253036
:10D0200070BD0623C5F81035F3E740F2FD213E2020
:10D03000E3F778FE40F2E6213E20E3F773FE00BFFF
:10D0400000800041D814002108530301080110009A
:10D05000000003020000FF01014B83F82500704728
:10D06000D8140021034B020E0002C3F82425C3F894
:10D070001C05704700800041014B83F82600704773
:10D08000D814002100B583B001AB00F0E9FF03B074
:10D090005DF804FB2DE9F047A44C82B094F85530BC
:10D0A000DD0740F12E8100284FF0000205460E46B4
:10D0B0000CBF042302238DF806208DF8043002F003
:10D0C00019F901284FF0FF3088BF00208DF80500C6
:10D0D00001A805F00DFB002840F00E8194F85530B2
:10D0E0004FF00108924F43F0020384F8658084F802
:10D0F0005530D7F8003243EA0803C7F80032002D54
:10D100003CD0012D76D08B4BD3F84C75238D952BCD
:10D1100000F2018101A805F0F7FA002840F0F6803E
:10D12000A3789DF80420012B25D0022B14D0206B6E
:10D13000381A1DB1293002B0BDE8F0877E497F4A18
:10D1400001EB4606B38903F5FA73A2FB032300EB58
:10D15000931002B0BDE8F0879307E8D4754B002226
:10D16000C3F84025A3F5804301221A61206B381AC9
:10D17000002DDFD1E2E75207F0D5D8E794F82690EA
:10D180003046DFF8B4A1FFF773FB494630460AEB9F
:10D1900009031B7EC7F808356B46C7F8549594F908
:10D1A000252000F05DFF9DF9000000F0C3FE9DF812
:10D1B000010001F067FC002840F099805D4B84F885
:10D1C0000280C3F84C80C7F80080D3F84C75238DDB
:10D1D000952B9FD95A4807F128030AF14001C360F3
:10D1E00001F038FC0130012894D940F235713E201D
:10D1F000E3F798FD731E94F8267084F82460032BDF
:10D2000000F28E80DFE803F056474202484B0522C9
:10D21000C3F8102504F0A0FF002850D1464B3B4432
:10D220001A7E434BC3F80825C3F854756378012B65
:10D230004CD0444B0022C3F800253D4B01203D4912
:10D240000227D3F8002242F48872C3F80022D3F8F0
:10D25000682542F4C022C3F86825A770C8645860E6
:10D26000238DD1F84C75952B7FF654AF344807F1D8
:10D2700029033549C36001F0F3FB013001287FF633
:10D2800049AF40F23F713E20E3F74CFD284B0622A8
:10D29000C3F81025BEE7DFF898800423C8F81035DE
:10D2A00004F05AFF0028B9D0284BD3F88430C8F8CE
:10D2B0008835B3E71E4B0322C3F81025AAE7234B9A
:10D2C000D3F880201A4BC3F88825A7E7394601AB6D
:10D2D00094F92520E07800F0C3FE9DF9040000F0E9
:10D2E00029FE9DF8050001F0CDFB0028A5D040F2F5
:10D2F000DE513E20E3F716FD40F6BC213E20E3F769
:10D3000011FD4FF4ED613E20E3F70CFD40F6F421F2
:10D310003E20E3F707FD40F243713E20E3F702FDB4
:10D3200040F675513E20E3F7FDFC00BFD814002104
:10D330000080004100C0004108530301D34D62103A
:10D340003C00002100400041485303010000FF0160
:10D350000D4A92F8553043F0020382F855300B4BDA
:10D360000B4A40B9C3F88020D3F8002242F00802EB
:10D37000C3F800227047C3F88420D3F8002242F09B
:10D380000402C3F800227047D81400210080004135
:10D390000B00008010B5FFF7ABFA00B110BD0346DB
:10D3A000054C064A0121C4F8403502201161BDE850
:10D3B0001040F5F72DBF00BF00C0004100800041C4
:10D3C00038B5104C94469DF81020D4E90E1411F194
:10D3D0002C0544F1000E65457EEB030334BFACEB36
:10D3E00001012C21FFF784FA034600B138BD064C39
:10D3F0000121064A0220C4F840351161BDE83840D9
:10D40000F5F706BFD814002100C00041008000419C
:10D41000F8B51F4D95F84930A3B3044616460846A3
:10D420005CB1012C1DD00027296B32462046791AA9
:10D43000FFF75EFA034648B1F8BD012B6F6C95F813
:10D44000481017D000F08EFD0744EDE7114C012184
:10D45000114A0220C4F840351161BDE8F840F5F7E3
:10D46000D7BE012B6F6C95F8481007D000F0A8FDCF
:10D470000744D9E700F094FD0744D5E700F080FDAC
:10D480000744D1E740F64F013E20E3F74BFC00BFD5
:10D49000D814002100C000410080004130B5424A4C
:10D4A000102442494FF48070D2F804530023C2F88C
:10D4B000084383B0C1F880014FF480103C4905F067
:10D4C0001005C2F80002C1F84035C2F88830C2F831
:10D4D0008030C2F88430D2F85015364CC9B284F886
:10D4E000553059BB238D952B04D9A378012B50D0EF
:10D4F000022B44D000232C4A94F86410C2F8103157
:10D5000023712380A37091B1C2F8AC31D2F8141505
:10D5100084F8643021F47021236AC2F8141523F0D2
:10D52000030325492362C2F80039C2F810191DB15E
:10D530001D4B1022C3F8042303B030BDFF218DF82A
:10D5400007100121C2F8103111619DF807304BB965
:10D550000CE09DF80730013BDBB28DF807309DF8F9
:10D5600007301BB1D2F81031002BF2D09DF80730F4
:10D57000002BB7D140F68F013E20E3F7D3FB01F03B
:10D580007BFA01300128B5D940F6A6013E20E3F729
:10D59000C9FB01F06BFA01300128ABD94FF40A61E5
:10D5A0003E20E3F7BFFB00BF0080004100E100E048
:10D5B00000C00041D814002180320200F8B50022DA
:10D5C000304B314FC3F84825C3F84425C3F84025F4
:10D5D000C3F84C25FFF762FF01F036FA97F8653083
:10D5E0002BB105F08BF8002841D187F865000020A9
:10D5F00005F090F8044600283ED1224D234EC5F890
:10D60000C401C6F88800C6F88000C6F88400C5F8D2
:10D61000C800C5F8C40005F059F81D4B41F6F87272
:10D62000C6F8A8413C76C5F8C041C3F808250022D9
:10D630000023C5F84845C5F84445C7E91023154BF4
:10D640004FF48072C5F84045C5F84C45C5F84841CF
:10D65000C5F84441C5F84041C5F84C41C3F88020A5
:10D66000BFF34F8FBFF36F8FC3F88021F8BD40F237
:10D670005D513E20E3F756FB4FF4AC613E20E3F7EB
:10D6800051FB00BF00C00041D814002100800041C0
:10D6900000F0004100E100E0014BC3F83C05704799
:10D6A0000080004138B50446074805F033F828B932
:10D6B000064D94E80F0085E80F0038BD40F6F401F0
:10D6C0003E20E3F72FFB00BF3DC8010144150021B8
:10D6D00008B5174B174993F85520C1F8040542F0D7
:10D6E000010C1865900783F855C010D5D1F80032A9
:10D6F00043F00103C1F80032D1F8503503F0F603CE
:10D70000022B06D140F20D613E20E3F70BFB5307DD
:10D7100000D408BD084A094BC1F88820D3F840312D
:10D72000002BF6D040F214613E20E3F7FBFA00BF75
:10D73000D8140021008000410B00008000C000418F
:10D74000124B196B5A6C0844824210B518D201244E
:10D750000F4AD8615464D2F844151C764B1D83429D
:10D7600005D30C4BD3F8042102B91C6110BD002174
:10D77000094BC2F84411C2F84405C2F8C43110BDC7
:10D7800040F606113E20E3F7CDFA00BFD814002181
:10D7900000C000410080004109000080184A10B517
:10D7A000D2E90E43A04271EB030324D3136B516CF7
:10D7B0001B1B1844884219D90124124BD0615C64A8
:10D7C000D3F8441514764A1D824206D3A3F580434C
:10D7D000D3F8042102B91C6110BD00210A4AC3F824
:10D7E0004411C3F84405C3F8C42110BD40F6061126
:10D7F0003E20E3F797FA40F627113E20E3F792FA2E
:10D80000D814002100C000410900008010B50F4C61
:10D810000222034694F849C02276BCF1010F208D04
:10D8200094F8481094F824200BD000F0F9FBE06144
:10D83000636C0021064A0344C2F84411C2F844351F
:10D8400010BD00F0CDFBE061F2E700BFD81400216D
:10D8500000C0004130B4094A40F00044084D0123A3
:10D86000C5F8044103FA00F00C60D36C054903438A
:10D87000C1F80405D36430BC704700BFD814002140
:10D880000080004100F00041044BC3F86005D3F86C
:10D89000002242F04002C3F800227047008000419D
:10D8A000054B0021D3F8002222F04002C3F80022E9
:10D8B000C3F86015704700BF00800041044B02466A
:10D8C0000120D3F8483503F07F035B4213707047A3
:10D8D00000800041F0B5214C02250F460346B4F804
:10D8E00028C0164604F1080E2571BCF1950F83B0CF
:10D8F00007C88CBF4FF0000C4FF0010C676184F833
:10D9000000C08EE80700587AE07036B9A37801228B
:10D91000AB42627004D003B0F0BD657003B0F0BDDF
:10D9200001AB94F9252094F8261000F099FB9DF99D
:10D93000040000F0FFFA9DF8050001F0A3F838B9E3
:10D94000074AD2F8003243F48873C2F80032E2E7A3
:10D9500040F2DE513E20E3F7E5F900BFD814002184
:10D9600000800041F0B5214C01250F460346B4F874
:10D9700028C0164604F1080E2571BCF1950F83B03E
:10D9800007C88CBF4FF0000C4FF0010C676184F8A2
:10D9900000C08EE80700587AE0702EB9A378657051
:10D9A000022B05D003B0F0BD0223637003B0F0BDBD
:10D9B00001AB94F9252094F8261000F051FB9DF955
:10D9C000040000F0B7FA9DF8050001F05BF838B9E3
:10D9D000074AD2F8003243F48873C2F80032E1E714
:10D9E00040F2DE513E20E3F79DF900BFD81400213C
:10D9F0000080004110B51A4C82B0238DE170952B48
:10DA00008CBF00230123237030B9A3780122022B9D
:10DA1000627005D002B010BD0223637002B010BD69
:10DA20008C4601AB94F9252094F82610604600F04E
:10DA300017FB9DF9040000F07DFA9DF8050001F048
:10DA400021F838B9074AD2F8003243F48873C2F893
:10DA50000032DFE740F2DE513E20E3F763F900BF1A
:10DA6000D814002100800041024B0022C3F8402559
:10DA7000704700BF00C00041044B30B4D3E91645E5
:10DA80001B6EC0E9004530BC0B607047D814002104
:10DA90002DE9F043B44B0121B44C83B0226B94F8D0
:10DAA0005480D964D3F84C75BF1A03F077FD238DE9
:10DAB00000222766952BA065E26506D9A378012B85
:10DAC00000F0C281022B00F06E81A94B0022A9490F
:10DAD000C3F88820C3F88020C3F8842084F8552038
:10DAE000D3F80002227E0140C3F80012002A68D158
:10DAF000A378012B6FD0022B00F0868000259C4A72
:10DB0000D2F81011002940F03D81A3F1010C984A90
:10DB10000021BCFA8CFCC2F800114FEA5C1CC2F870
:10DB20000C11C2F81011C2F80411C2F80811C2F8A1
:10DB30006C118D4994F84900D1F848250228D1F894
:10DB40004415C4E9101294F8241000F0D180022B7F
:10DB500000F0CE80607884F8481084F849300028BE
:10DB600000F0DA8015F0110F40F07981B0F1010971
:10DB700094F804E0267818BF4FF00109BEF1010FB8
:10DB800000F01C81BEF1020F40F0A9807A48FFF737
:10DB9000E9F961690023012E2380A370237106D166
:10DBA0003B378F424AD8704A2670C2F84031484607
:10DBB000E278FEF79DFE0646002800F03A81002636
:10DBC0003EE003F58043D3F84421A378003A18BF20
:10DBD0000122012B8FD1664AD2F80C01002840F0B7
:10DBE000B980D2F81051002D8FD0C2F800019C46A8
:10DBF000C2F80C013025C2F81001C2F80401C2F8C5
:10DC00000801C2F86C0194E75949D1F80C010028C9
:10DC1000D1F8000407BF042500210221062510F0D9
:10DC2000010F18BF0D462AB105F00B0145F00105A3
:10DC300041F0010100297FF468AF60E74C4B1E61A1
:10DC400094F86430A3B14A4B0022C3F8AC2184F8A5
:10DC50006420D3F8142522F47022C3F81425226A14
:10DC600022F00302C3F800292262444AC3F81029B3
:10DC7000EF072CD4A80707D415F0280F6CD1EB06BA
:10DC800027D5A36F984724E0394BD3F85034D901F6
:10DC900040F1C38013F4706F0CBF0122002213F017
:10DCA000F00F08BF42F0010212B91A0740F0B58028
:10DCB0002F4AD2F85414C3F34252C3F30443022A46
:10DCC00098BF012B40F0A980012900F0A680E36EE7
:10DCD0009847A378022B25D003B0BDE8F083BEF1AE
:10DCE000000F00F08A8040F67F213E20E3F71AF80B
:10DCF000C81E01283FF62EAF1D496078D1F81414D4
:10DD000084F8493011F0060F0CBF0421032184F878
:10DD1000481000287FF426AF06462080A0702071AE
:10DD200020768DE7237E002BD6D0022B00F0A58035
:10DD3000012B40F0E180E369626C934240F2D780AE
:10DD4000094AC2F84435084B0D4AC3F8C42103B050
:10DD5000BDE8F0830825D8E685F02001636F3046E2
:10DD6000C1F340119847B4E700C00041D814002126
:10DD700000800041E2FEFFFFE0140021803202003B
:10DD800009000080002145F01005C2F800118C4602
:10DD9000C2F80C11C2F81011C2F80411C2F808112F
:10DDA000C2F86C11C5E600F067FE013001287FF66D
:10DDB0008CAE40F6A6013E20E2F7B4FF5148FFF7D3
:10DDC000D1F894F84930002B00F08280012B62D00A
:10DDD00094F848304C48216C00EB8300236B826E32
:10DDE000C91A436D02F2F312C91A484BA3FB02325F
:10DDF000A1EB921162691144CCE6B4F828E0002B43
:10DE00006BD00128019270462DD0BCF1000F3DD19E
:10DE100000F0D6F8019A81182CE0236D5B78434519
:10DE200032D885F00400C0F38000236F3146984754
:10DE30004FE7374B0122C3F84005A3F5804302208A
:10DE40001A61F5F7E5F9FBE600F010FE0130012854
:10DE50007FF63BAE4FF40A613E20E2F763FF0026F7
:10DE6000FFF71CFBECE6BCF1000F2CD100F07AF8B8
:10DE7000019A8118226B891A8CE6636CE169244A45
:10DE80000B44C2F844355EE70020CEE700F078F896
:10DE9000019A8118EEE794F84820531ED9B203295D
:10DEA00020D8194B03EB820203EB4103216B506D29
:10DEB000B3F89020236C591A144B091AA3FB0223C0
:10DEC00001EB931196E700F06BF8019A8118D1E706
:10DED00040F25F713E20E2F725FF40F64F013E2001
:10DEE000E2F720FF4FF42A713E20E2F71BFF4FF4C8
:10DEF00046613E20E2F716FF40F65F413E20E2F722
:10DF000011FF00BFE014002108530301D34D62103C
:10DF100000C00041024B03EB8003586D704700BF07
:10DF200008530301024B03EB8003D86F704700BF17
:10DF3000085303010028094B08DD01220338C3F808
:10DF40000025C0B2064BC3F80C0570470022C0B2D2
:10DF5000C3F80025024BC3F80C0570470040004190
:10DF60000080004110B504460846FFF7DBFF034B75
:10DF7000A3FB0030A4EB901010BD00BFD34D621086
:10DF8000054B0238054A33F8113003F2E733A2FBA0
:10DF9000032300EB93107047C4530301D34D621069
:10DFA000054B064A33F8113003F57A73A2FB0323BD
:10DFB00000EB9310704700BFC4530301D34D6210B0
:10DFC00010B504460846FFF7ADFF044B00F2E730FA
:10DFD000023CA3FB0030A4EB901010BDD34D6210A7
:10DFE00070B50D4E84461D46104636F8111006EBEE
:10DFF00082060535F4680C444FF47A7104F6B734A0
:10E0000001FB0C440549A1FB0434FFF783FFA4097D
:10E010002C44204470BD00BFC4530301D34D621093
:10E0200070B5064608461546FFF77CFF0A4B4FF4CD
:10E030007A710246284603EB8503DC68074B04F639
:10E04000B73401FB0644A41AA3FB0434FFF762FFB4
:10E050000530A409204470BDC4530301D34D6210A0
:10E060002DE9F04F244C83B0064698460D461746DE
:10E0700000F038FD23788146B34202D16378AB4289
:10E0800024D0731EDBB2032B31D81C4A2946D05C46
:10E090000DF107033A4600F02BFD824618BB9DF9AF
:10E0A00007B02846FEF7CCFD534602464146584687
:10E0B00000F0EEFCB8F8003026706570A380A07107
:10E0C000A77084F8039003B0BDE8F08F94F9023094
:10E0D000BB42D6D1E3788342D3D1A38894F906001A
:10E0E000A8F80030EFE73D217520E2F71BFE40F273
:10E0F0006B410620E2F716FE50000021E4530301B5
:10E1000038B50446002580F8285080F84D50C16D80
:10E1100021B1034B186805F0BAFAE56538BD00BFB8
:10E1200054150021014B1860998070475415002147
:10E13000014B9888704700BF5415002170B5114EEF
:10E140000446828AB3889A4202D90725284670BDC0
:10E150000CF000F905460028F8D120460CF0A1F893
:10E160000138A4F88800306805F081FAE0650028DD
:10E17000EBD0A4F88A5084F88E50FF2384F828301E
:10E18000E4E700BF54150021022808B504D14FF47C
:10E1900034714320E2F7C6FD0328074B0AD100295A
:10E1A00014BF0222012283F820200022024883F8B3
:10E1B000212008BD4022F6E75A1500210146F0B49F
:10E1C000D1E92E549DF8100095429C4106D20123BE
:10E1D000F0BC81F8A230097FFFF7D6BF4C6A002C53
:10E1E000F5D02768D4E90265964275EB030C38D365
:10E1F0009D4208BF96421AD1237C0133DBB22374BF
:10E20000237C012B0AD1D1F8C0300133C1F8C030D2
:10E21000002381F8A2302046F0BC7047237C012BFC
:10E2200082BFD1F8CC300133C1F8CC30F0E7B24234
:10E2300073EB050415D20328C9D0087F0022D1F85A
:10E24000C0309042084C03F1010381F8A22084F809
:10E250002120C1F8C03014BF0223012384F82030EC
:10E26000D9E73C46BBE700BF5A1500212DE9F84F1E
:10E27000044617461E46456A4FF0000B00F13E0863
:10E28000DFF8609025B1D5E90223BA42B34101D34A
:10E29000BDE8F88F636AD5F800A023B940F2662183
:10E2A0004320E2F73FFD616A0B688D42636281F8AB
:10E2B00000B081F801B081F802B081F803B0EDD16F
:10E2C0004946404609F095FA2B7C23B9D4F8C4306E
:10E2D0000133C4F8C4302946606D554605F0D7F9BE
:10E2E000D0E700BF7DB002010D230B7001238B70BE
:10E2F0004FF0FF33CB700B71034B5A7AA1F8052016
:10E3000000225A72704700BF801500212DE9F04F9E
:10E31000467E00F1180A8BB09C46360905460C462D
:10E32000002706F0040604360AEB0603099384F876
:10E330008070D4E91EE8D4E91C0194F88030002BE9
:10E34000F5D1D4F8A8300593D4F8AC300693D4E9CD
:10E350002C37C4E92A01BEEB030368EB0709A76960
:10E36000A3FB07B307FB0933D4F89070CDF81CB0BA
:10E370000293C3190893D4F89430C4E92CE841EB14
:10E380000308089B05995F1A069B68EB0309B7EB26
:10E390000B07029B69EB0309D4F898300393D4F878
:10E3A0009C3004936B7E5B06C4E924792DD53E4BEB
:10E3B0009B7A53BB039B9B18049941EB0C08616942
:10E3C000A1FB022001FB0C0CD219217F4CEB0907A9
:10E3D000002965D0D4E92A01C5E90027C5E9020171
:10E3E000D4E92C01C5E904010999C4E92427497835
:10E3F0001AF8062042EA0122A4F8A0202AF80630E2
:10E40000C4E926380BB0BDE8F08F00F061FF636906
:10E41000B4F8A0C001933AF80630A3EB0C039BB20A
:10E42000012B17D194F811E04FF0000C019ABEF1C6
:10E43000010F38BF4FF0010E02FB0EFEBEF57A7ED3
:10E440004CF1FF3B1EEB070E49EB0B0B704571EBDC
:10E450000B021FD3059B069A13F57A7342F1000C49
:10E46000079A9B18029A42EB0C0C089A9B1A6CEBC9
:10E47000080C181841EB0C01012871F100030BDBAB
:10E48000019A002303F0E4FE421C41F1000C039BBF
:10E49000D31891E71A46FAE701224FF0000CF6E78D
:10E4A000C5E90038A0E700BF8015002103480449F2
:10E4B000437A0133437209F096B900BF80150021F9
:10E4C000E9E2010110B5044698B1C16D29B10B4BC9
:10E4D000D86805F0DCF80023E36594F83D3004F1DA
:10E4E00034000749013384F83D30BDE8104009F09D
:10E4F0007DB9BDE81040FFF7D9BF00BF80150021EE
:10E50000A7B0020170B504460025074EE36A53B177
:10E51000E16AF0680B68E3620D704D708D70CD702C
:10E5200005F0B5F8F2E770BD80150021404B70B5DD
:10E530000546D86805F09BF8044620B940F20A2148
:10E540000720E2F7EFFB90F8213000F120020021D4
:10E5500008306FF386134376C3F3031303F0040309
:10E560000433D618D1540023002271702946FFF7D6
:10E57000CDFE2B7F002B41D0EB6C1A0A33717271E8
:10E580001A0C1B0EB271F37195F84830E96C012B2F
:10E5900037D0022B42D000231A1D01310836E9641E
:10E5A000C2F3052184F8222094F8232022F03F02B0
:10E5B0000A43022184F8232094F8212061F30512F4
:10E5C00016F8051C84F8212021F00F01C3F3032263
:10E5D00006F8063C0A4306F8052C042293421FD88D
:10E5E000002323706370A370E370EB6AEBB9EC62F5
:10E5F00028462C63BDE870400CF07EBBD5F89830FF
:10E60000BBE7AB89043B9BB233B1B1FBF3F203FB35
:10E61000121305339BB2BFE70423FBE7AB89BBE7CB
:10E6200006F8012B013292B2D8E72B6B1C60DFE7B2
:10E6300080150021024BD86019745A82704700BFC0
:10E6400080150021014BD86805F00BB8801500211A
:10E65000024BD868003818BF012070478015002190
:10E66000024B1A7C5B8A02700B8070478015002178
:10E67000034BD86810B1588A083880B2704700BF81
:10E68000801500212DE9F347DFF894820546D8F87C
:10E690000C3023B940F21E310720E2F743FB6B78C0
:10E6A0000022007801A903F00F03019240EA032041
:10E6B000ECF79EFC0646002840F02E81019C94F861
:10E6C0002030002B00F09F806978E26DC1F30017C5
:10E6D0009AB3002F00F0978092F821C04FEA1C10E7
:10E6E00000F004000430104490F822E090F8233049
:10E6F00092F8220092F8232003F00F0302F03F0269
:10E700004EEA032340EA02201CF0400218BF042214
:10E7100095F803E095F802C00EF03F0E4CEA0E2C7F
:10E72000B8F812E0F44576DC11F040011AD017B9C0
:10E73000BCF1070F1BD8122666E0002F63D10A092F
:10E7400002F0040204322A44D378907811F0400297
:10E7500003F00F0318BF042240EA03230CBF104646
:10E760003046D5E7BCF1030F01D8002FE3D0A789CD
:10E770009F42E0D3043360441A449042DBDC00291A
:10E780004DD098F80AA0BAF1000F48D1D4E9247905
:10E7900000F09EFD6B6810F1004241F1000C9A42BE
:10E7A0007CEB010C1FD20139DB1B61EB0901012B52
:10E7B00071F1000231DB62695008C0184FF00003AC
:10E7C00041F1000103F044FD82468946E36D53BBED
:10E7D000D8F80C0004F04BFFE06520BB51495248CB
:10E7E00009F001F813E010F1004C61F1000C9342C4
:10E7F00071EB0C02D8D24FF0004282427AEB010258
:10E8000038BF0131D0E70C262046FFF75BFE3046CB
:10E8100002B0BDE8F0871126F6E74626F4E74FF090
:10E82000000AD146D2E7EA78AB7802F03F02E76D02
:10E8300043EA02226B7807F12000DB0620D4043281
:10E84000294603F049FE97F8213003F03003202BCE
:10E8500057D152464B46214607F10800FFF756FDB7
:10E86000E36D0022E16A1A705A709A70DA7000291A
:10E8700044D1E36220462363E2650CF03DFAC6E72B
:10E8800097F8231097F8223001F03F0143EA012363
:10E89000B8F8121003EB020C8C4504DD204611265B
:10E8A000FFF710FEB3E70433291D184403F014FEEC
:10E8B00097F82330E97803F03F0297F822C001F07F
:10E8C0003F0123F03F034CEA022CAA7842EA0122DE
:10E8D000944487F822C0CCF3052C43EA0C0C87F84B
:10E8E00023C06B7803F03003302B01BF97F8213041
:10E8F000022262F3051387F82130A4E7216B0B6035
:10E90000B8E794F83D3004F134000849013384F845
:10E910003D3008F06BFF7AE7FFF7C8FD77E700BFEF
:10E92000801500219FB0020194150021A7B00201BB
:10E93000C36A10B504463BB1C36A1A68C2620022BA
:10E940001A705A709A70DA70994204D040F26631A7
:10E950000720E2F7E7F9084BD86804F098FE94F82E
:10E960003D3004F134000549013384F83D30BDE801
:10E97000104008F03BBF00BF80150021A7B0020186
:10E98000F8B50446DDE90650FF2684F820601C4EE9
:10E99000A789768A073EBE422FDD00260027C4E9FC
:10E9A0002267267FE6B9551B63F100060027C4E9FC
:10E9B0002456A1FB00050026121A63EB0503494209
:10E9C000C4E91C2360EB0000C4E92A23636DC4E999
:10E9D0002667C4E91E10C4E92C1023B10020F8BD3D
:10E9E00015461E46E2E7A07BE3F7D8FA60650028EB
:10E9F000F4D184F8200084F850000720EFE700BF2E
:10EA000080150021C16D10B5044629B1074BD868A7
:10EA100004F03DFE0023E3652046FFF773FD00236D
:10EA200084F8203084F8503010BD00BF80150021DC
:10EA3000014B1B681B681847B4060021014B1B687B
:10EA40005B681847B4060021014B1B689B68184798
:10EA5000B4060021014B1B681B691847B40600214E
:10EA6000014B1B685B691847B4060021014B1B680A
:10EA70009B691847B4060021014B1B68DB691847E6
:10EA8000B4060021014B1B68DB6A1847B40600215D
:10EA900010B4034C2468E468A44610BC604700BF6F
:10EAA000B406002100220E4938B50446134644FA44
:10EAB00002F0D5B20132C00742BF581CCD54C3B2D8
:10EAC000042AF4D1C3F10402042B054D4FF0FF01D9
:10EAD000D2B288BF0022E81803F074FD2C7138BD53
:10EAE000641A0021014B187D704700BFA01500215A
:10EAF000042810B511D883B104280CBF1024282491
:10EB0000A1420AD2064C54F8200018B141568A425C
:10EB1000A8BF0A4600201A7010BD6FF01500FBE771
:10EB2000A01500210228034610DC10F1270F0FDB8F
:10EB30002830084A40B2105C024492F92C209A42D4
:10EB400007D0002918BF0130C0B270470F207047AE
:10EB500000207047E8530301022808B506DCFFF7E0
:10EB6000E1FF034B034493F92C0008BD0320FCE7AD
:10EB7000E8530301014B01221A6070470050004125
:10EB8000044A012353600023C2F80031024A137083
:10EB9000704700BF00500041B5150021014B012214
:10EBA0001A707047B5150021054BD3F8003123B911
:10EBB000044B187800F0010070470120FAE700BF0D
:10EBC00000500041B5150021024BD3F8080400F0B5
:10EBD0000100704700500041024BD3F8140400F0CC
:10EBE0000100704700500041024BD3F81C0400F0B4
:10EBF000030070470050004107490246D1F818044D
:10EC0000D1F8181410F4803005D0D0B201F003030D
:10EC10001B1A5842584170470050004170B5094DC9
:10EC2000012604462E70FFF7BFFF28B9064B6E7011
:10EC30006C60C3F8046370BD002CFCD0A0470023B7
:10EC40006B60F8E7B815002100500041024B00222C
:10EC50001A705A705A607047B815002110B5034CED
:10EC6000208100F007FB608110BD00BFB8150021B6
:10EC7000014B9889704700BFB8150021014B1889D6
:10EC8000704700BFB8150021014B5889704700BF7D
:10EC9000B815002108B509B3F8B14FF0FF331A4693
:10ECA000E0FB01320E498A4204D940F2D3116D20B3
:10ECB00003F01AF8180D4FF22441C3F30F1340EA82
:10ECC0000230B0FBF1F203EB0040064B03FB1200F5
:10ECD000B0FBF1F040EA0240013008BD0846FCE715
:10ECE0003F420F00000024F410B5EFF3108472B619
:10ECF000064A937B0133DBB29373937B012B01D1E3
:10ED0000FFF738FF04B962B610BD00BFB815002187
:10ED100008B5FFF7E9FFFFF747FF084A084B30B196
:10ED2000012111610422DA7300221A7408BD032143
:10ED3000D9730121C2F80413F6E700BF0050004167
:10ED4000B815002110B5EFF3108472B6094A937B11
:10ED500023B94FF4F8716D2002F0C6FF937B013B9D
:10ED6000DBB29373937B0BB9FFF70AFF04B962B66A
:10ED700010BD00BFB815002137B5184C637C63B9CE
:10ED8000E06900F00300FFF737FF30B1EFF31083C5
:10ED900072B6E27B1AB103B962B603B030BD01228C
:10EDA000E27303B962B680230D4DC5F808334FF402
:10EDB0002073ADF80630BDF806309BB25A1E92B2F1
:10EDC000ADF80620002BF6D1C5F81C3184F82030B0
:10EDD000FFF79EFF8023C5F80433DEE7B815002156
:10EDE00000500041F8B5264C94F82130002B45D056
:10EDF000244BD3F80071D3F8046157B10122C3F852
:10EE0000082363782BB10025636865700BB19847C0
:10EE100065601C4D3EB10023C5F804310223C5F8DE
:10EE20000833FFF7A9FFD5F81C3194F82060F6B23B
:10EE300037B1E27B032A01BF0422E27301222A6177
:10EE40007BB1104B0022C3F81C21E37B042B04D0C0
:10EE500040F2AA216D2002F047FF0223E373FFF77F
:10EE600071FF5EB1002384F82030E37B022B01D1D7
:10EE7000FFF74EFFBDE8F840FFF764BFF8BD00BFE5
:10EE8000B81500210050004110B5044CE06900F0B5
:10EE90000300FFF7B1FE0028F8D010BDB81500211F
:10EEA000F8B5054650B10278022A07D8437842B92E
:10EEB000013B1F2B02D88378212B07D96FF0150057
:10EEC00068E0002BFAD18378002BF7D1674B202222
:10EED000C3F88020BFF34F8FBFF36F8F644EC3F82A
:10EEE00080214FF0FF33634CC6F808330023C6F887
:10EEF0000031C6F80431C6F81C31A373AB88A38176
:10EF0000FFF762FE10B101232370A373D6F80C241F
:10EF1000D6F80C34D60303D5D80701D5FFF73EFE4B
:10EF20004FF4AF60FFF79AFE0123AA78E3612B78D4
:10EF3000A2740022012B637422742CD0022B2DD0DA
:10EF4000002B38D1FFF748FE00283ED0FFF74CFEDB
:10EF5000E36903F00303984237D1AB7983BBFFF732
:10EF600093FFA37C63B12B7853B9FFF71DFE0546D1
:10EF700003F03AF86FF00043002D74D0C4E90503A4
:10EF800001232022002084F82130384BE073C3F89D
:10EF900080211A60F8BD0223E361D3E7FFF7A4FEE6
:10EFA000334BD3F80C14D3F80C24C903F9D5D2078A
:10EFB000F7D50323F0E74FF47F716D2002F094FE44
:10EFC0002B4B0222C3F80423CBE7294E0123F36025
:10EFD0000023C6F80431237FC6F818350CF032F947
:10EFE00088B10123C6F84C350123B3600223C6F86B
:10EFF0000433AB79002BB4D1D6F804339B070FD47C
:10F0000040F2B331D9E70CF01FF90028E9D10CF038
:10F010001DF90028E5D10CF01BF90028E1D1E3E748
:10F02000154B1F691A6907F0100742F010021A61A8
:10F03000D6F804310BB90CF010F90D4ED6F80431A6
:10F0400073B1FFF721FF27B90B4A136923F01003AF
:10F0500013610223C6F808330023C6F8043180E7A1
:10F060000CF0FAF8EAE7C4E9053089E700E100E0CE
:10F0700000500041B815002100ED00E0064B1A7861
:10F0800010B5044632B901221A70FFF72DFE204652
:10F09000FFF7C4FD002010BDDB15002110B5054CA5
:10F0A00023782BB1FFF7D2FD00232370FFF74AFE30
:10F0B000002010BDDB150021014B1879704700BFFF
:10F0C000E0150021044B1A79824283BF1B6830226D
:10F0D00002FB003000207047E015002143F6095282
:10F0E000C0F30803400A02FB03F302FB00F003F540
:10F0F000807300EB532070470346C0F30800C3F34E
:10F100004E221B0E43EA0123090E10B54FEA411CA3
:10F1100043F609544FEA431E4CEAD36C04FB00F05B
:10F12000BEEB030E04FB02F200F580706CEB0104F1
:10F1300002EB50204FEA841C4FEA8E124CEA9E6C80
:10F14000B2EB0E026CEB040C4FEACC0C4CEA527C96
:10F15000D200D31841EB0C01DA03C903801841EA4D
:10F16000534141F1000110BD48F2376C430B0CFBD9
:10F1700003F300B54FEA134C43F6095E0F4B0EFB49
:10F180001C0000FB03F35B0D0EFB03FE03EB4C23A3
:10F1900043F6085CF444B0EB5C2F08D80EF5807E93
:10F1A0000B60A0EB5E20C0B210705DF804FB013371
:10F1B00000200B6010705DF804FB00BF6F0C0100B5
:10F1C00070B5274DA94246D84FEA507C254C43F6EE
:10F1D000095E43F608564CEAC10CC0F34F3101EB0F
:10F1E0000C41A4FB0C5C204D4FEA9C3C05FB1C1120
:10F1F000A4FB01411D4C890B41EA0C4148F2376CDC
:10F2000004FB1104600B0CFB00F04FEA104C184893
:10F210000EFB1C4505FB00F0400D0EFB00FE00EB55
:10F220004C207644B5EB562F11D80EF5807EA5EB19
:10F230005E2E5FFA8EFE049D85F800E00D06090A39
:10F24000281841F1000118605960146070BD013048
:10F250004FF0000EEFE796219B2002F045FD00BF26
:10F26000FF7F841E83DE1B43000024F40080841E85
:10F270006F0C010048F23761420B43F6095C094B01
:10F2800001FB02F2120C0CFB1201500201FB0333D2
:10F29000013B5B0D0CFB03FCB1EB5C2F88BF013025
:10F2A000184470476F0C01001F280CD800EB400376
:10F2B000012010B4DB00054C04EB030CE15010BC42
:10F2C000CCF8042070470020704700BFE8150021EB
:10F2D00000F054BA08B5064B93F80023202A02D058
:10F2E00083F8280308BD2D21022002F0FDFC00BF99
:10F2F000E815002108B5064B93F80023202A02D018
:10F3000093F8260308BD3321022002F0EDFC00BF74
:10F31000E8150021094A92F80033202B08D003EBAE
:10F320004303032102EBC30052F83330406818470F
:10F330003E21022010B502F0D7FC00BFE8150021E5
:10F3400030B43E494FF0FF344FF0FF350023FF2229
:10F350003B480B700B618A70C1E902454FF4805441
:10F36000C0F88040BFF34F8FBFF36F8F354A4FF027
:10F37000FF35C0F8804101240B755460C2F8085372
:10F38000C2F84035C2F840314FF40033C0F8803045
:10F39000BFF34F8FBFF36F8F02F5A042C0F88031EB
:10F3A00054609460D2F80435002BFBD188694FF487
:10F3B000E024254D2349C2F80853C2F84843C2F857
:10F3C00040311F4CC2F84431C2F84831C2F8043110
:10F3D000C1F800324FF40033236060B34FF00043B4
:10F3E00001241A4DC1F8C031C0F88030C2F8803015
:10F3F0000523C5F80445C1F840350C60D1F840310B
:10F40000002BFBD00122114C0023C4F8082504F581
:10F4100000544A60CA60C1F84031C1F84035C1F8B3
:10F42000C031C0F88030C4F88030094B022230BCB3
:10F43000C3F80423704701231360F6E72019002165
:10F4400000E100E000C000410200070000F00041C0
:10F4500000100141014B9861704700BF2019002145
:10F46000B1F1FF3F08BFB0F1FF3FF8B500F09E805B
:10F47000B44CD4E902538B4208BF85426FD0B24BE3
:10F480000522C3F808252378012B69D0AF4B4FF430
:10F49000E0224FF4803520F07F47C3F84823C3F8BB
:10F4A00008230022C3F84021C3F84421C3F80853BD
:10F4B000C3F84853C3F84021D3F80425BA1A22F000
:10F4C0007F46B6F5000F6CD8A14E1640002E68D0CE
:10F4D000C3F84075C3F8445300229E4E4FF4805742
:10F4E000A270C6F88070BFF34F8FBFF36F8F9A4B37
:10F4F00001254FF0FF3CC6F880715D60C3F808C37A
:10F50000C3F84025C3F840212275D3F8042522F022
:10F510000302C3F80425D3F8082542F00302C3F818
:10F520000825102292FAA2F2B2FA82F2092A00F316
:10F530000481C3F81025DD60844AC6F88071376005
:10F54000864E2570C2F8C061C3F8806004237E4EE9
:10F55000C6F804356370C4E90201C2F84853F8BD27
:10F560007A4A4FF4C0234FF4803720F07F4CC2F822
:10F570004833C2F808330023754EC2F84431C2F84C
:10F580000873C2F84873C2F84031D2F80435ACEBC6
:10F590000303334205D023F07F43B3F5000F40F25D
:10F5A000B7804FF43F716C2002F09EFB674BD3F89D
:10F5B0000011002977D0644A0521624CC2F8081571
:10F5C0002278012A00F0AF804FF4E0210022C3F836
:10F5D0004813C3F80813C3F84021C3F8442100209E
:10F5E0005C4A4FF48051A070C2F88010BFF34F8F77
:10F5F000BFF36F8F584D4FF0010C4FF0FF33C2F83F
:10F600008011C5F804C0C5F80833C5F84005C5F831
:10F610004001D5F80435207523F00303C5F80435FF
:10F62000D5F8083543F00303C5F80835102393FADD
:10F63000A3F3B3FA83F3092B7FDCC5F810354FF041
:10F640000043C5F80CC0C2F8801111603F4AC2F8EF
:10F650000001C2F88031C5F880303B4BC3F804C5C7
:10F66000EFF3108772B6D2F80415D2F8043173B9EB
:10F670002669002F39D162B6D2F80031002B38D07C
:10F68000C2F80001C5F804C0C5F80CC0E8E723695A
:10F6900001332361C2F80401D2F80415D2F8043111
:10F6A000002BF4D1E4E7EFF3108072B6D3F80455E1
:10F6B000D3F80421234C62B9236900B962B64FF034
:10F6C000807203200021E3FB0201401941F1000197
:10F6D000CFE6226901322261C3F80411D3F8045540
:10F6E000D3F80421002AF4D1E6E7D2F80031002B48
:10F6F000C6D101314FF000034FF0807243F1000397
:10F70000E6FB02134FF60272C4E902132280F8BD31
:10F71000C2F840C5C2F84473D2F80435EB1A33423C
:10F720007FF4DAAEF8E74FF4C0220021C3F8482393
:10F73000C3F80823C3F8441151E740F29131084857
:10F7400002F0C8FA2019002100F000410010014128
:10F75000FEFFFF0000E100E000C000410200008069
:10F7600070570301014BD3E90201704720190021B2
:10F77000014BD3F8040570470010014138B5EFF391
:10F78000108572B60E4A0F49D2F80405D2F804313A
:10F790005BB100240B6901330B61C2F80441D2F85C
:10F7A0000405D2F80431002BF4D10C6905B962B616
:10F7B000FFF794FC044B0021E4FB030138BD00BFBC
:10F7C00000100141201900210080841E30B4EFF3A5
:10F7D000108572B60E4A0F49D2F80405D2F80431EA
:10F7E0005BB100240B6901330B61C2F80441D2F80C
:10F7F0000405D2F80431002BF4D10B6905B962B6C7
:10F8000000214FF0807230BCE3FB0201704700BF63
:10F81000001001412019002138B580B3031FDBB26D
:10F82000022B4ED8294A1178B9B94FF48031284AB1
:10F8300003F5A8709940C2F80813C2F8481352F8AB
:10F840002000D2F804452349001B014021B19B0050
:10F85000002103F5A073995038BD54788442E4D157
:10F860001D4805240129C0F8084512D000244FF096
:10F87000FF304FF0FF311470C2E90201D5E7174B9A
:10F880004FF48032C3F80823C3F84005C3F84001A1
:10F8900038BD13484FF48054C0F88040BFF34F8FF9
:10F8A000BFF36F8F4FF0FF35C0F880410B48002445
:10F8B00041601475C0F80853C0F84045C0F8404195
:10F8C000D4E740F295316C2002F00EFA20190021A5
:10F8D00000100141FEFFFF0000F0004100C00041A8
:10F8E00000E100E010B5002836D0031F5FFA83FC6A
:10F8F000BCF1020F57D8334B197811B15B788342B2
:10F900005BD04FF480314FEA8C032F4C002001FA7A
:10F910000CF103F5A07322F07F42C4F80813C4F879
:10F9200048131851D4F80405284B101A034020F04E
:10F930007F40B0F5000F8CBF00200120002B08BFD6
:10F94000002000B910BD0CF5A87344F82320C4F8BA
:10F950000413C4F8441310BD1A4BD3E90201B1F1EA
:10F96000FF3F08BFB0F1FF3F15D00AB3184B4FF46B
:10F97000803101200024C3F80413C3F840255864E3
:10F98000D3F84415C3F844458A42DBD82046FFF734
:10F9900043FF204610BD1B7D002BE6D14FF44A717A
:10F9A0006C2002F0A1F94FF454716C2002F09CF924
:10F9B0004FF44B716C2002F097F94FF453716C20A7
:10F9C00002F092F92019002100100141FEFFFF0012
:10F9D00000C00041124B1B78012B16D0114B4FF485
:10F9E000E0210022C3F84813C3F80813C3F84021EC
:10F9F000C3F844210C4B00224FF0FF31C3F8081329
:10FA0000C3F84025C3F840217047064B4FF4C0228D
:10FA10000021C3F84823C3F80823C3F84411E9E7D9
:10FA2000201900210010014100C0004120B1154BF8
:10FA30000122C3F84423704730B40121114C124B0A
:10FA40004FF48052C4F84813C3F88020BFF34F8F9F
:10FA5000BFF36F8F4FF0FF34C3F880210B4B4FF093
:10FA6000FF350B4A59601075C3F808434FF0FF3457
:10FA7000C3F84005C3F840011070C2E9024530BC2C
:10FA8000704700BF0010014100E100E000C00041EC
:10FA90002019002108B5394BD3F80423D00303D52E
:10FAA000D3F84021002A35D1344BD3F804239103F5
:10FAB00003D5D3F84421002A46D1304BD3F8042390
:10FAC000520302D5D3F848215AB92C4BD3F804215C
:10FAD00032B12B4A0021C3F80411136901331361B9
:10FAE00008BD00222749C3F84821D3F84825D3F898
:10FAF0000435D31A194021B123F07F43B3F5000F29
:10FB0000E3D91E4B4FF480220620C3F8082301F0EE
:10FB100037FCDAE70022C3F84021D3F84025D3F8B8
:10FB20000435D31A23F07F42B2F5000F03D8154AEB
:10FB30001A40002AB8D1114B4FF480320420C3F888
:10FB4000082301F01DFCAFE70022C3F84421D3F8DD
:10FB50004425D3F80435D31A23F07F42B2F5000FC1
:10FB600003D8084A1A40002AA7D1044B4FF40032A8
:10FB70000520C3F8082301F003FC9EE700100141B3
:10FB800020190021FEFFFF0010B5204CA378FF2BA9
:10FB900019D0237873B10122022B22751DD11C4B81
:10FBA0000021C3F808254FF0FF324FF0FF332170DA
:10FBB000C4E90223174BD3F80423D20302D5D3F8A8
:10FBC0004021AAB910BD134BD3F80433002BF9D050
:10FBD0000720BDE8104001F0D3BB022360782370FA
:10FBE000FFF71AFE0B4BD3F80423D203EAD5E6E75E
:10FBF00000204FF48031FF22C3F80813C3F84001FE
:10FC0000A270BDE8104001F0BBBB00BF201900216D
:10FC100000F0004100C000412DE9F04F1C4693B0B8
:10FC200004EB440404920CAECDE90201FFF79AFD07
:10FC30000191E200C049054601EBC404083204F119
:10FC4000080354580A4424F07F4B92F80C905768EC
:10FC500092F80D80CDF814900FCB86E80F0058462F
:10FC6000FFF73CFA4B46B54A01339042034400F299
:10FC70007E81934200F3DD80002BC0F2B9809A466A
:10FC8000FEF792FFB8F1010F034608D0AC4ED6E95B
:10FC900002210A40013202D1002800F0DE800793E1
:10FCA0000BF0B0FA019BAC42069005EA030977EB32
:10FCB0000303079BA9F1FF39B9FA89F94FEA5919EA
:10FCC00003D3B9F1000F00F0B880029A0321A21A01
:10FCD0008A42C0F2A880002B00F08E80029BE31ABB
:10FCE0000293039B67EB03060BF08CFA029B09302F
:10FCF000C217834276EB020380F0CB80049B012B7A
:10FD000000F09E80B9F1000F00F0CF804FF00009A5
:10FD100020463946FFF7A4FBB7F1FF3F08BFB4F117
:10FD2000FF3F00F02981254601975846FFF7D6F995
:10FD3000844AAAEB00039342C0F0B580A0EB0A000E
:10FD40009042C0F0F3807D4A934200F2F1809042ED
:10FD500040F21C817C4A121AD3170020FFF7C2FD23
:10FD6000824600285FD0764EB8F1010FD6E9022313
:10FD700000F0D580B9F1000F40F0A680B3F1FF3F4D
:10FD800008BFB2F1FF3F00F0EB800120FFF74EFE0D
:10FD9000337C002B40F0DE80621E4FF0060067F1DE
:10FDA0000003FFF79FFDB369002800F0B580002233
:10FDB0001A60059B08AD4FF0FF320C948DF83C3073
:10FDC00000230D978DF8403008934FF0FF338DF8E6
:10FDD0003D805E4CCDE90A230FCD0FC40FCD0FC47B
:10FDE00095E8030084E80300504613B0BDE8F08FA7
:10FDF000DFF85CA19A4443E7514ED6E90232B2F1F2
:10FE0000FF3F08BFB3F1FF3F3FF468AFE31A069925
:10FE100067EB02028B4272F10003BFF45FAFB8F1EF
:10FE2000010F3FF45BAF4FF0000A504613B0BDE83E
:10FE3000F08FDFF814A19A4422E72A46494646E7A4
:10FE4000019BB3F1FF3F08BFB5F1FF3F00F0998080
:10FE500025F07F4B4FF0000967E70BF0D3F9019ACB
:10FE6000069005EA0203013303D0AC4277EB0203AC
:10FE700003D2069BDA1C029B05E0337C0246002B72
:10FE80002B4618BF0022E31A9A42CCDC4FF001093E
:10FE9000B3E7B8F101092046394618BF4FF0010910
:10FEA000FFF7DEFA38E71A4656E72A1B019B63EB99
:10FEB0000703042A73F1000129DA012A73F1000310
:10FEC000B1DA25F07F4B30E7B3F1FF3F08BFB2F165
:10FED000FF3F0BD00BF090F94FF0FF324FF0FF33A4
:10FEE000C6E90223B9F1000F3FF452AF069B05208B
:10FEF000EA1A019B63F10003FFF7F4FC00284AD0E3
:10FF0000337C002B7FF448AF0123337444E7204651
:10FF10003946FFF7A5FAFFE601221A6049E7B3F177
:10FF2000FF3F08BFB2F1FF3FDCD0D3E7424213E707
:10FF300001321A4410E700BFE8150021FF7F841E3C
:10FF4000401900210040420F00807BE1F0180021A1
:10FF50000080841E0520FFF75FFC002333741BE73D
:10FF60000BF048F9FFF732FCC6E902010DE740F259
:10FF70000F41702001F0B8FE40F21B71702001F0BB
:10FF8000B3FE40F27F61702001F0AEFE40F2D4710A
:10FF9000702001F0A9FE40F22121702001F0A4FEA2
:10FFA0002DE9F04F904F83B07C7C04EB44033B443D
:10FFB0005D78202D46D08D4BE6B26400002B00F01A
:10FFC00089808B4BDFF82C92002B61D005EB461219
:10FFD0004FEA461807EB420A9AF81C30013BDBB2A5
:10FFE000052B32D8844A12F803B0BBF1080F2CD08D
:10FFF000AFF30080EFF3108372B634449AF81D20FB
:020000040102F7
:100000003C446270A278AA4200F0E68013B9AFF3D4
:10001000008062B6A84405EB4505594609EBC502C8
:1000200059F8353007EB48085068012288F81C2041
:1000300098477C7C04EB4403E6B23B4464005D7863
:10004000202DC3D103B0BDE8F08F40F24A6170208B
:1000500001F04AFE4FF02002A270002B00F0BA809F
:10006000A84405EB4505594609EBC50259F835305A
:1000700007EB48085068012288F81C2098477C7CD0
:1000800004EB4403E6B23B4464005D78202DD9D0F4
:1000900005EB46124FEA461807EB420A9AF81C3065
:1000A000013BDBB2052BD0D8534A12F803B0BBF1A9
:1000B000080FCAD0AFF30080EFF3108372B6344458
:1000C0009AF81D203C446270A2789542C2D0002B61
:1000D000C6D17FE0464B4FF02009DFF81CB1DFF8B6
:1000E00014A1002B4DD005EB46124FEA461807EB42
:1000F0004202137F013BDBB2052BA6D81BF803108D
:100100000829A2D0EFF3108372B63444527F3C44E6
:100110006270A278954208BF84F80290002B50D0FC
:10012000A84405EB45050AEBC5025AF8353007EB44
:1001300048085068012288F81C2098477C7C04EB12
:100140004403E6B23B4464005D78202DCBD179E7CF
:1001500062B6A84405EB45050AEBC5025AF83530EE
:1001600007EB48085068012288F81C2098477C7CDF
:1001700004EB4403E6B23B4464005D78202D3FF479
:1001800061AF05EB46124FEA461807EB4202137FB8
:10019000013BDBB2052B3FF658AF1BF803100829D3
:1001A0003FF453AFEFF3108372B63444527F3C44B4
:1001B0006270A278954208BF84F80290002BC8D1E3
:1001C000C6E70191AFF3008062B6A844019905EB40
:1001D0004505A8E762B643E74FF02002A270002B66
:1001E0007FF418AF13E700BF4019002100000000A2
:1001F00000000000E8150021245403012DE9F04F10
:10020000DFF82CA1994601EB41034FF0200E85B099
:1002100093461AF803400391744582F800E000F019
:1002200082804A01CDF804900646DFF80881D9465D
:1002300011460FE0737B012B02D0437D012B57D079
:100240000B1989F80040A6460AEB43035B7F202B7D
:100250005DD01C4604EB440035684FEA440B08EBC4
:10026000C000D0E903238768DB1942F100029D42F8
:1002700073689341DED2DDF804905D46039B89F8F4
:1002800000E04FEA431B28193768D6E9012308EB41
:10029000C00013EB070CD0E9023142F100026345C4
:1002A00071EB020211D3427D012A02D0727B012A36
:1002B00003D0012005B0BDE8F08F01930AF0A2FF42
:1002C000019B0130DB1B8342F3DA254489F80040AF
:1002D000B27B0BEB040308EBC5050AEB4303A97DD6
:1002E00091421CD95C7F202C4FEA4405CBD1E0E73A
:1002F0000291ED1B0AF086FF0130029985429FDAD8
:100300005D46CB46DDF804909BF800E0B6E7DDF8EB
:100310000490012089F8004005B0BDE8F08F00206E
:1003200005B0BDE8F08F012089F80040C2E700BFAA
:1003300040190021E81500212DE9F04F0C46154623
:1003400083B01E469DF83070FEF794FF2268451971
:10035000636846F10006954276EB030342D3DFF86B
:100360008C8005E05D4576EB09033BD3C4E900B919
:100370000DF107030DF1060239462046FFF73EFF57
:1003800088BB9DF80730617B03EB430308EBC30395
:10039000D3E902A01A691AF1030B40F1000012EB35
:1003A0000B0B40F100090129DCD05B7D012BD9D179
:1003B0000AF028FFABEB0A0301308342D2DA9DF842
:1003C000073003EB430308EBC303D3E902B90AF098
:1003D00019FF013010EB0B0B49EBE0795D4576EB33
:1003E0000903C3D2002003B0BDE8F08FE815002157
:1003F0002DE9F0471C46177A92F809C0002388B00F
:10040000154612780646E3609DF84080A7730F46B4
:1004100084F80DC0A360E273C4E90033002A3AD126
:10042000FEF76AFE3D4BD5E9042CC31841F1000EDE
:100430009A427CEB0E030AD3013E4FF47A7347F1E4
:10044000FF372660C4E9017308B0BDE8F0872C309F
:1004500041F1000182427CEB0103EDD3501E04F117
:100460000C0304AA6CF10001009306ABFEF7A8FE92
:10047000049B68680DF10F02023305A91844FEF7CA
:1004800073FE0799DDE9053261609B1A226023F053
:100490007F43A360D8E704F10C0206A92048FEF7C9
:1004A00063FE204B1B78202B24D01F490B69D1E918
:1004B00005210A3342F1000A13EB01094AF1000A4F
:1004C0006B6805AA207B04F108011844C4E9009A6E
:1004D0000230FEF749FE286932463B462146CDF8F8
:1004E0000080FFF729FF0028AED1C4E9006708B0FB
:1004F000BDE8F08716F10A09637B47F1000A012B7A
:10050000DED0FEF751FB0028DAD10AF07BFE10EBBB
:10051000090399464AF1000AD2E700BF0040420FA2
:10052000FF7F841EE8180021F01800212DE9F0411A
:1005300000EB40030646314D4700DFF8C480EC5C19
:10054000FFF716F94FF0200C4FEA461E04E04B7FF0
:10055000A446202B1C464CD004EB44030EEB0401B4
:1005600008EBC30305EB41019A681B699B18121A3B
:100570001B1A22F07F4223F07F43B3F5000FE6D829
:10058000B2F5000FE3D8BCF1200F02D12046BDE840
:10059000F081BA190CEB461371014FF0040E15F8F7
:1005A000028005EB430344465B7FAB540B192246A4
:1005B000204605EB430394455C7F83F81CE0F5D1AE
:1005C000BB192B4493F802E0BEF1200F5FFA8EFCBA
:1005D00011D08C4405EB4C0C8CF81D800A443E4431
:1005E000202305EB420235445377A8702046BDE82E
:1005F000F0811C46C7E783F80180EFE7401900212E
:10060000E81500212DE9F04101EB4103434D0C4673
:100610008046EE5C4F00202E38D1414B0BB1AFF33A
:100620000080FFF7D3F8AB7C202B0AD03D4B10F1B4
:10063000020CD3E904E241F10003E64572EB030347
:1006400029D3202E08D042463346FFF7E5FAB0B34F
:100650000220AE74BDE8F081D5E90223B3F1FF3F7B
:1006600008BFB2F1FF3F19D12B7C13BB0420FFF769
:10067000D3F8FFF7AFF90020FFF7D8F92021AB69D5
:100680000022A97401201A60BDE8F0810846FFF736
:100690004DFF8642C1D00020BDE8F0810AF0ACFDDC
:1006A0004FF0FF334FF0FF32C5E902232B7C002BC4
:1006B000DCD00520FFF7B0F800232B74D6E706EB5B
:1006C00044133A196101042005EB430315F802E0D5
:1006D0005B7FAB5473469C46CA18664505EB4202E5
:1006E000537F1077F7D13B192B4498782028C2B25A
:1006F00010D00A4405EB420282F81DE03C446144FC
:100700002023002005EB410125444B7785F802C0EA
:10071000BDE8F08183F801E0F0E700BF4019002157
:1007200000000000F0180021F8B52022154D00232C
:1007300015494FF0FF364FF0FF37AA7042F2200004
:10074000AA741C4605F11C022B7428806B740B6084
:1007500081F82030C1E90267C5E9026702F8143068
:100760000134202CFAD1094801F07CFC084B094ADD
:100770001C70107001F0F8FCA861FEF7E1FD012388
:10078000EB74F8BD40190021F0180021A1FF010110
:10079000E8180021181900212DE9F04F83B0DFF887
:1007A0007082FFF713F806460C46FFF713F94FF077
:1007B000FF334FF0FF32C8E9022398F82030D3B955
:1007C000D8F81800934AD8F8103000F5DF610233EA
:1007D000A2FB0121D8F814204FEA912142F1000236
:1007E0001B1842F100025B1842F100029E4274EBBA
:1007F000020380F0F7804FF0FF304FF0FF31FEF73B
:100800002FFE854A92F800B0BBF1200F00F0FA806D
:10081000824D202313700022AB746B7CC8F800203B
:1008200003EB43025FFA83F9AF5C5B00202F009378
:100830000AD0DFF8ECA107EB47037A000AEBC30309
:10084000D97D012900F0A480009B4FEA4917DFF809
:10085000D4A103EB09062E443478202C04D048465A
:10086000FFF764FE8442F7D1BAF1000F01D0AFF375
:100870000080FEF7ABFFAB7C202B09D010F1020EFD
:10088000D8E9042341F1000C724573EB0C03E3D368
:10089000202C18D023460122FFF7BEF9002852D0A1
:1008A00007EB0B03AC7405EB43031A7F022A31D02C
:1008B000FF23AB71009B4B441D446B78202B78D1F8
:1008C00003B0BDE8F08FD5E90223B3F1FF3F08BFC5
:1008D000B2F1FF3F07D00AF08FFC4FF0FF324FF02C
:1008E000FF33C5E902232B7C002B4BD10420FEF7FC
:1008F00093FFFFF76FF80020FFF798F8AB6900222D
:100900002021A9741A6007EB0B0305EB43031A7F40
:10091000022ACDD1009A06214A4419772A449178B7
:100920002029CBB25BD03B4405EB430383F81DB0D9
:10093000009B5F444B4405EB47072B4483F802B010
:1009400020237B77B4E73B193078042105EB430380
:1009500002465B7F33701346BA189C4205EB420295
:100960001177527FF7D1B1782029CAB228D03A4402
:1009700005EB42025077B3703B44202205EB430362
:100980005A7769E70520FEF747FF00232B74ADE790
:100990005B7D012B16D1033644F1000417440AEBAA
:1009A000C70ADAE90223B242A34128BFCAE90264B6
:1009B0004AE71D4B187803B0BDE8F04F01F07EBB4D
:1009C0007070D8E70192FEF7EFF8019A0028E2D1A3
:1009D0000AF018FC8619019A44F10004DEE782F857
:1009E00001B0A5E70C4B18210D4A1B7801FB03F35E
:1009F0000721D018D3584068984740F2A6217020AC
:100A000001F072F940F2B121702001F06DF900BFE0
:100A1000F01800219300DC92E81800214019002111
:100A2000E8150021000000001819002138B50C4617
:100A300005460AF0EDFB11494B7C01F11C0C5FFAF5
:100A400083FE0CEB831C002302E00133202B13D028
:100A50001CF81320D8B2002AF7D103EB4E1E084A27
:100A600003EB430301EB4E0142F8335002EBC303A7
:100A700001225C600A7738BD184638BD4019002154
:100A8000E81500211F28034608D80A494A7C00EBD4
:100A9000421201EB4202107F012801D00020704772
:100AA00091F811C0002203EB4C1301EB43031A77BA
:100AB000704700BF4019002110B5054CD4E904016E
:100AC000FEF71AFB237F0133181841F1000110BD16
:100AD000F0180021014BD3F84005704700C00041D9
:100AE0000378002B40F0CF806C4A5368C3F30803AF
:100AF0002DE9F04F814689B0002B40F0B480684D5D
:100B0000684E05F11C0ADFF8A0B126B1002140F2C1
:100B10003C40AFF300806F7CFFB24FF00003AB713D
:100B200026B1002140F24140AFF3008007F10108F7
:100B30000AEB871C08F00108BCE80F000AEB8814D8
:100B40000FC4BCE80F000FC4BCE80F000FC49CE842
:100B50000F0084E80F0026B100214FF47370AFF34B
:100B6000008007EB470708EB4803E95BEA19927836
:100B7000E9522B449A7056B100214FF47470AFF3D0
:100B8000008026B1002140F24640AFF30080FEF71E
:100B90001DFE04AB4A46CDF8008004460F46FFF721
:100BA00027FC26B1002140F24D40AFF300803F4BBF
:100BB0001B78202B3FD0DBF81030DBF814200A33F1
:100BC000DBF8181042F100025B1842F10002CDF888
:100BD0000080DDE90401984271EB020C22D3224629
:100BE0003B4604A93248FFF7A7FB98B1DDE90401B1
:100BF000FEF782FA9DF81C3001331B1841F1000109
:100C0000C9F81030C9F8141026B100214FF48C60D7
:100C1000AFF30080AB79002B7FF477AF012009B0F0
:100C2000BDE8F08FCDE9043204A922463B462048B6
:100C3000FFF782FBDAE714F10A039DF81D1047F174
:100C400000020129C3D0CDE90232FDF7ADFFDDE995
:100C500002320028BBD10AF0D5FA029B039AC318CE
:100C600042F10002B3E7103B59B200290DDB114BF2
:100C7000585C40090028D2D0094D0A4E05F11C0AE3
:100C8000DFF824B041E70020704703F00F03043B76
:100C90001344187E40090028EED1C0E700ED00E0C3
:100CA0004019002100000000F0180021E818002180
:100CB0000040420F00E400E0B74A53682DE9F04FCE
:100CC000C3F308038FB003900591002B40F04781D8
:100CD00008230493059B1B78012B00F23782AF4D4C
:100CE00025B1002140F22E50AFF3008000260127ED
:100CF000AB4C25B1002140F23B50AFF3008027B947
:100D0000A84B0BB1AFF3008062B694F811B05FFA54
:100D10008BFB4FF00003A371049B002B40F0CF80AE
:100D2000D84625B1002140F24F50AFF30080FEF7C6
:100D30004DFD0AAB059A8246CDF800B0FFF758FB8F
:100D400025B1002140F25750AFF30080039B4FEADA
:100D5000481703EB481904EB490999F81C30013B8B
:100D6000012B00F281802AF07F4A0A998E4EA1EB76
:100D70000A020C9B164022F07F42003E18BF01265B
:100D8000B2F5000F88BF00265B18A3EB0A0323F01F
:100D90007F43B3F5000F8CBF002606F00106002E3E
:100DA00065D108EB480304224FEA4800234489F840
:100DB0001C2099782029CAB200F0A1813A44039BF3
:100DC00004EB4202537740441F444FF0010A204491
:100DD00004EB4707837020237B7725B1002140F285
:100DE0005C50AFF30080714B0BB1AFF30080EFF3B9
:100DF0001088474672B6A379002B7FF47AAF039B25
:100E00006B4F03EB430307EBC3070AAB08370FCB6A
:100E100087E80F00BAF1000F0BD0049B3BB1002E06
:100E200040F03881637CDB4303F001036374FF23EC
:100E3000A371B8F1000F04D15A4B0BB1AFF300808E
:100E400062B625B1002140F29350AFF30080BAF1B1
:100E5000000F72D125B1002140F29F50AFF3008006
:100E600050460FB0BDE8F08F4FF0000AB5E70DF126
:100E700027030DF1260259460AA8FFF7BFF982465B
:100E8000002800F09F809DF826609DF827C06645E9
:100E900040F0B580202E00F04281BB1904EB4303E3
:100EA0005B7F89F81D303E44039B04EB4606737755
:100EB00000261F44032304EB47073B778DE73D4B98
:100EC0000BF1010903EB8B1E09F0010903EB891CEF
:100ED000C846BEE80F00ACE80F00BEE80F00ACE863
:100EE0000F00BEE80F00ACE80F009EE80F008CE892
:100EF0000F0025B100214FF47370AFF300800BEBAE
:100F00004B0B09EB490334F80B1004EB0B029278FE
:100F1000E15223449A7055B100214FF47470AFF33D
:100F2000008025B1002140F24550AFF30080A37945
:100F3000002B7FF4DEAECB46F3E6637C03EB43038A
:100F40001C446378202B85D025B1002140F29A50B3
:100F5000AFF30080184B187801F0B0F87AE7103B37
:100F600059B20029C0F2CF80144B5B5C5B0904933B
:100F7000002B7FF4AFAE124B1B78202B00F0EB80E0
:100F8000059B1B780493002B3FF4A9AE40F2275138
:100F9000702000F0A9FE00BF00ED00E0000000009E
:100FA0004019002100000000FEFFFF0000000000CB
:100FB000E81500215C1900211819002100E400E067
:100FC000E818002108EB480304224FEA48002344B4
:100FD00089F81C2099782029CAB200F09C803A44F4
:100FE000039B04EB4202537740441F44B246002661
:100FF000204404EB4707837020237B77EDE6BCF1A8
:10100000200F00F0AD8007EB0C03202E04EB430310
:101010005A7F00F08C80BB194FEA480004EB430371
:10102000597F5A7706914FF005097B180A468E467C
:1010300004EB43039445597F83F81C90F5D100EBF2
:1010400008030792234493F80290B9F1200F5FFA46
:1010500089FC74D0BC44069B04EB4C0C8CF81D300E
:1010600000EB0803079A4FF0200C23443A446645EE
:1010700083F802E004EB4202039B82F81DC03B446C
:1010800004EB430359777FF40EAF4044039B56466D
:1010900023540EE7354B1B78202B7FF4C3AE594603
:1010A0000220FFF7AFFA00287FF4BCAE637C042077
:1010B000DDF80CE003EB43010EEB431221445FFA31
:1010C00083FC04EB42028F7810775A01202F4FEAFD
:1010D0004303F8B236D0111804EB410181F81DE04A
:1010E000714663440A44B246234404EB42029970B9
:1010F00020235377B8F1000F7FF4A3AE9CE6039A48
:101100005A7013465FE603F00F03043B13441B7E43
:101110005B0904932CE7039A5A70134664E708EBC3
:1011200048034FEA4800E35C89F81D30ADE708EB5F
:1011300048034FEA4800E15CE254069173E7069ADF
:101140005A708DE781F801E07146CAE740F22B51F1
:10115000702000F0C9FD40F22451702000F0C4FD61
:1011600040F2CB11702000F0BFFD00BFE818002155
:101170002DE9F84F7C4C4FF0010ADFF8F08105466D
:10118000B8F1000F04D0002140F2B150AFF300805D
:10119000BAF1000F04D1764B0BB1AFF3008062B609
:1011A0004FF00003A371B8F1000F04D0002140F20A
:1011B000B650AFF30080667C6E4B771C5FFA86F901
:1011C00003EB861607F0010703EB871C0FCEACE894
:1011D0000F000FCEACE80F000FCEACE80F0096E882
:1011E0000F008CE80F00B8F1000F04D000214FF47D
:1011F0007370AFF3008009EB490307EB4702E15A34
:10120000E0184FEA47098378A15222449370B8F15D
:10121000000F04D000214FF47470AFF30080A37965
:1012200003F0FF01002B7ED1B8F1000F03D04FF483
:10123000B860AFF3008005EB47137E0104EB430376
:101240001B7F032B40F08D8009EB070314F803B0DC
:101250005D4518BFBBF1200F14BF012200226CD0E6
:101260005B46F218194604EB42035B7F9D4218BFB0
:10127000202B14BF01220022F3D1202B69D09B45E3
:101280005FD03344314404EB430304EB41015B7F03
:101290004B77B8F1000F0CD0002140F23E30AFF395
:1012A0000080B8F1000F04D0002140F2C550AFF328
:1012B00000802E44012304EB46063377B8F1000F7B
:1012C00004D0002140F2CE50AFF300802A4B0BB186
:1012D000AFF30080EFF3108A72B6A379002B7FF48E
:1012E0004FAF5D4503D1254B1B78202B33D0637C5A
:1012F000DB4303F001036374FF23A3714FF0010983
:10130000BAF1000F04D11A4B0BB1AFF3008062B6F3
:10131000B8F1000F04D000214FF4BE60AFF300809D
:101320004846BDE8F88FB8F1000F3FF431AF002117
:1013300040F2BC50AFF3008022E7BBF1200F08D091
:101340005B463344B94404EB43035B7F04F8093044
:101350009FE79146D4E739460220FFF753F900286A
:10136000C5D14FF00009CBE7401900210000000073
:10137000000000005C19002100000000E8180021B6
:1013800070B586B0072809D8DFE800F02C080808F7
:101390000819040A574B01229B691A6006B070BDF8
:1013A000554B0421554A1B7803EB430302EBC30062
:1013B00052F83330406806B0BDE8704018474D4CD5
:1013C000237C002B46D0D4E90223B3F1FF3F08BFB2
:1013D000B2F1FF3F78D00120FEF728FB00232374F1
:1013E00006B070BD434CD4E90223B3F1FF3F08BF00
:1013F000B2F1FF3F4AD0404E0120FEF717FB337891
:10140000202B4AD03E4D6A7F012A30D0FDF7CCFB1D
:10141000034658BB94F89C200132D2B2312A84F89A
:101420009C2062D84FF47A7230786946CDE9003258
:10143000CDE90233CDE90433FFF73EFC00284FD05D
:1014400095F82040012385F82030FFF7A5F985F8AD
:101450002040A3E72A494FF0FF34274B4FF0FF35D8
:10146000264A1B78C1E9024505219DE73378234AC6
:1014700003EB4303002102EBC30052F8333084F83E
:101480009C10406806B0BDE87040184709F0B2FEF5
:10149000FEF79CF9C4E90201ADE7637C03EB43016D
:1014A000DAB2635C202B16D003EB421204EB42024B
:1014B000507F6054FF21A1710221114D33701177CB
:1014C000002285F820209EE709F094FEFEF77EF9C1
:1014D000C4E902017FE740F24221702000F004FCE1
:1014E00040F21961702000F0FFFB40F2156170209E
:1014F00000F0FAFB40190021E8180021E81500214E
:10150000F0180021224B70B51A7886B0202A35D009
:10151000204CD4E90213B3F1FF3F08BFB1F1FF3F04
:1015200031D102EB42021C4E054606EBC206D6E95B
:101530000201FDF7E1FD337D00225B1952410133C9
:1015400042F10002181804AB42EB01010DF10B024D
:10155000009203AAFDF734FE9DF80B2005200F2A08
:10156000DDE9041394BF00220122521843F1000365
:10157000A260E360FEF7B6F906B070BD40F2AF714D
:10158000702000F0B1FB4FF4F661702000F0ACFB6E
:10159000E8180021F0180021E8150021FEF7E8B84E
:1015A00038B5254B93F800E0BEF1200F3FD0234D16
:1015B0006B7C95F811C003EB43035FFA8CFCEB5C8A
:1015C000202B25D04FEA4C1C1D4C05E0634405EB55
:1015D00043035B7F202B1BD003EB430204EBC202CF
:1015E000917D8142F2D80EEB4E0E04EBCE04D4E98D
:1015F000021320694018D2E9021243F10003C41C0F
:1016000043F10003A14272EB030304D2002038BD72
:101610004FF0FF3038BD0B4B081A1C680338FDF73C
:101620005DFD04F140038342F0D8001B38BD40F259
:10163000E471702000F058FBE818002140190021E7
:10164000E8150021F01800218B4B2DE9F04F1D7893
:1016500087B0202D019000F00981DFF82092064626
:10166000DFF81C820DF1130299F811308B46D8F87F
:10167000000005A903EB4303304419F80340D8F8F0
:1016800010300393D8F818300293FDF76DFDA6F1E2
:1016900040027C4B9A4268D805EB4505DFF8E8A18B
:1016A000059B0AEBC5018A6808699B18D8E90456AE
:1016B0001818401B20F07F43B3F5000F55D899F858
:1016C0001120202CC8F81800D2B288F81EB000F003
:1016D000C0805201DC462021934604EB44024019AD
:1016E0004FEA44070AEBC20246F1000ED2E9026358
:1016F000864273EB0E0346D3537D012B03D098F83B
:101700001D30012B35D005200091FEF785F800999A
:1017100099F811004FF0FF324FF0FF332029C0B28B
:10172000C8E9022340F0938000EB4000202419F820
:101730000030514A99F81110127802EB411209EB6E
:1017400042025377D8F80030019A1344C8F80030A9
:10175000FF2389F80630202C35D04C4B187800F048
:10176000ADFC002007B0BDE8F08F012007B0BDE858
:10177000F08F0091751B09F045FD013000998542FD
:10178000C1DA98F81EC027440AEBC707BB7D634542
:101790000DD90BEB040309EB43035B7F202B16D021
:1017A0002146D8F818001C46D8E9045695E7DDE92B
:1017B000023202209B18D8F810209B1AC8F8183063
:1017C00007B0BDE8F08F002007B0BDE8F08F05201E
:1017D000FEF722F899F811004FF0FF324FF0FF3377
:1017E000C0B2C8E9022304EB40134FF0050C00EB34
:1017F000400209EB430319F802A046005B7F410158
:1018000009F802305346CF181A461D4609EB470720
:1018100094427B7F87F81CC0F5D137184F4497F866
:1018200002E0BEF1200F5FFA8EFC0DD08C4409EB74
:101830004C0C8CF81DA00A443044202109EB4202D4
:1018400048445177857074E787F801A0F3E70C46A8
:10185000C9E70520FDF7E0FF4FF0FF324FF0FF33FF
:1018600099F81100C8E90223C0B25DE740F60D0106
:10187000702000F039FA00BFE8180021401900215B
:10188000F0180021C03F420FE8150021181900216F
:101890002DE9F84F944C637C00EB431304EB4303B6
:1018A0001B7F002B00F01B81667C05468F4FF6B234
:1018B00027B1002140F64C00AFF300804FEA4618F4
:1018C00005EB461604EB4606002F40F0AC8008EB13
:1018D000050604EB4606337F012B09D01A1F022AA6
:1018E00000F29A8008EB0503012204EB43031A7708
:1018F0004FF0010ADFF8F89127B1002140F66300AC
:10190000AFF30080BAF1000F04D17A4B0BB1AFF303
:10191000008062B64FF00003A37127B1002140F6AA
:101920006800AFF3008094F811C00CF101065FFA73
:101930008CF809EB8C1C06F00106BCE80F0009EBE3
:10194000861EAEE80F00BCE80F00AEE80F00BCE852
:101950000F00AEE80F009CE80F008EE80F0027B1E3
:1019600000214FF47370AFF3008008EB480806EBDA
:10197000460334F8081004EB08024FEA460B92784D
:10198000E15223449A7027B100214FF47470AFF3F1
:101990000080A37903F0FF01002B58D11FB140F65E
:1019A0007200AFF300800BEB060323445878202825
:1019B00010D0854200F08480804671014246C246C4
:1019C0008B1804EB430393F81D80454548D0B8F1CC
:1019D000200FF3D127B1002140F67600AFF300804D
:1019E000454B0BB1AFF30080EFF310839A4672B60C
:1019F000A279002A80D16674FF22A27123B93D4BDF
:101A00000BB1AFF3008062B627B1002140F6880029
:101A1000AFF30080BDE8F88F09F01EFC337F012B87
:101A20007FF45CAF64E7337F012B3FF461AF1A1F93
:101A3000022A36D9002140F65800AFF3008009F0A1
:101A40000BFC002140F65C00AFF300803CE7002F68
:101A50003FF458AF002140F66E00AFF300804BE733
:101A6000B8F1200FB6D0404530D00A44414404EBD1
:101A7000410104EB42024B7F537727B1002140F232
:101A80003630AFF300800BEB060323449B78984578
:101A90000AD0002FA4D0002140F23E30AFF30080E6
:101AA00098E701233377CCE727B1002140F23930A2
:101AB000AFF300800BEB0603234483F802A0E8E7B2
:101AC000202887D080464FF0200A710141440BEB5B
:101AD000060304EB410123444A7F5A70CDE740F6E8
:101AE0004301702000F000F94019002100000000BF
:101AF0005C190021000000000000000070B586B0F5
:101B00005BBB054610460C460DF10B06FDF7E6FAE9
:101B10000246214604AB1446284603AA0096FDF768
:101B20004FFB039A1249A31A8B4209D3121B8A4214
:101B30000CD310498B420BD88A4213D90E4B9B1AF7
:101B40000A9AA2F10F00C01A06B070BD5342F7E71F
:101B500003F1F45303F59023F2E740F68E01702071
:101B600000F0C2F840F2D471702000F0BDF800BF60
:101B70000040420FFF7F841E00807BE1BFF34F8F48
:101B80000549064BCA6802F4E0621343CB60BFF319
:101B90004F8F00BFFDE700BF00ED00E00400FA0535
:101BA000094B01225A604FF0FF32C3F808234FF46B
:101BB0000052064BC3F88020BFF34F8FBFF36F8FE7
:101BC000C3F88021704700BF00D0004100E100E071
:101BD000094B01225A604FF0FF32C3F808234FF43B
:101BE0008032064BC3F88020BFF34F8FBFF36F8F57
:101BF000C3F88021704700BF0000014100E100E010
:101C000010B5134900230122124CC1F8FC3FC1F862
:101C1000FC2FDA00013302F1FF7202F58032D2F8B4
:101C200000032040884202BFD2F80003D2F8042308
:101C30000260202BEDD1084B4FF48072C3F8802056
:101C4000BFF34F8FBFF36F8FC3F8802110BD00BF6C
:101C50000080004100F0FFFF00E100E0F8B51B4EFE
:101C600005460C46174633786BBB00F06BFA09F05B
:101C7000BAFA174B7760002D08BF1D463472FFF784
:101C8000BFFF2846FFF7A4FFFFF78AFF09F0BCFA61
:101C90000546B0B9FEF748FD09F0B8FA09F0BFFAF9
:101CA000002C0CDB04F01F0264090123A400934004
:101CB00004F1604404F56144C4F8803123600123D9
:101CC00033702846F8BD4FF0FF35FAE7E0190021E0
:101CD0002A54030108B572B6024B5B6803B19847FA
:101CE000FFF74CFFE01900211FB572B6134B5D687A
:101CF0008DB9FFF743FFB4FBF6F4D3B20132002CE9
:101D0000F9D103F110026A4402F80C4C0A2233B9EB
:101D100001A8A847EDE7044600220A26EDE7013BAB
:101D2000DBB203F110040DEB0406B0FBF2F402FB8E
:101D30001400303006F80C0C2046E8E7E0190021CA
:101D4000074B93F90830002B09DB5A09012103F0F6
:101D50001F03403201FA03F3024941F82230704771
:101D6000E019002100E100E0014B1878704700BF46
:101D7000E01900212DE9F84FDFF8C4A00126314C0D
:101D80000746314DDFF8C4909AF800805FFA88F872
:101D9000FF238AF80030B8F1000F01D08AF8013033
:101DA000EFF3108272B600236660C4F80031C4F805
:101DB0000431C4F8047526603AB962B605E0D4F877
:101DC000043133B92B69DB0620D4D4F80031002B61
:101DD000F5D0D4F80431002BE2D1B8F1000F13D1C3
:101DE0009AF80130DBB28AF8018003214FF40052E7
:101DF000C4F80813C4F80481C4F80081C9F880212C
:101E00008AF80080002BBFD1BDE8F88F4FF4005353
:101E1000C9F88031EFF3108B72B60323C4F8043392
:101E2000D4F8003113B9D4F804311BB1BBF1000F61
:101E3000CBD1C2E709F010FABBF1000FC5D1BCE766
:101E4000EC19002100D0004100ED00E000E100E0CD
:101E500070B51546DA078CB01C4686468C4640F1B4
:101E6000A280C37B6E4642788DF80030837B8DF86C
:101E70000E208DF80130437B8DF80230037B8DF806
:101E80000330C37A8DF80430837A8DF80530437AB5
:101E90008DF80630037A8DF80730C3798DF8083055
:101EA00083798DF8093043798DF80A3003798DF8FC
:101EB0000B30C3788DF80C3083788DF80D300378B3
:101EC0008DF80F30CB7B4A788DF810308B7B8DF8F6
:101ED0001E208DF811304B7B8DF812300B7B8DF866
:101EE0001330CB7A8DF814308B7A8DF815304B7A0D
:101EF0008DF816300B7A8DF81730CB798DF81830B5
:101F00008B798DF819304B798DF81A300B798DF863
:101F10001B30CB788DF81C308B788DF81D300B780A
:101F20008DF81F303046FFF725FFA30731D59DF808
:101F30002F009DF82E109DF82D209DF82C30287034
:101F400069709DF82B009DF82A10AA70EB709DF81F
:101F500029209DF82830287169719DF827009DF887
:101F60002610AA71EB719DF825209DF82430287267
:101F700069729DF823009DF82210AA72EB729DF8F9
:101F800021209DF8203028736973AA73EB730CB07D
:101F900070BD0DF1200CBCE80F0028606960AA60DC
:101FA000EB600CB070BD6E46DEF80410DEF8082061
:101FB000DEF80C30B6460068AEE80F00DCF8000032
:101FC000DCF80410DCF80820DCF80C30AEE80F0078
:101FD000A8E700BF10B5002482B0CDE90044FFF7A8
:101FE00037FF02B010BD00BF1B4B4FF4803270B5FD
:101FF000C3F88020BFF34F8FBFF36F8F174D0021C1
:10200000174CC5F80011C3F880212669236906F032
:10201000100643F0100323610123C5F804332B603D
:10202000D5F80031A3B11EB9236923F01003236151
:102030000A4B0122D3F808055A60C3F8082300228E
:10204000C3F800214FF48032034BC3F8802170BDE8
:1020500009F002F9E4E700BF00E100E000000141FF
:1020600000ED00E002460C49052038B50138C0B249
:10207000FF2803D148216920FFF736FE01EBC0039A
:102080001D7905F0FF04002DF0D141F83020012228
:102090005C719C711A7138BDF0190021042808B5D3
:1020A00003D94F216920FFF71FFE034B03EBC0004C
:1020B0000023037108BD00BFF0190021042808B5F2
:1020C00003D958216920FFF70FFE094B03EBC0002D
:1020D0000379012B01D05921F4E743798279013347
:1020E000DBB29A4218BF4371BDE80840FFF728BE33
:1020F000F019002170B50625114C0026013D15F0A0
:10210000FF0500D170BD94F8281004EBC1031A79C3
:10211000012A09D158799A79904205D05A79D2B2D8
:102120009A7154F83130984794F828300133DBB273
:10213000042B94BF84F8283084F82860DEE700BFC1
:10214000F0190021024BD3F83021024B1A6070477E
:102150000000FF011C1A0021024B1868C31F5842DF
:10216000584170471C1A0021004870470007084179
:10217000914270B53BD2B2FA82F33BB1C3F1200475
:1021800099409A4020FA04F498402143160C1FFA13
:1021900082FE030C85B2B1FBF6FC06FB1C14240482
:1021A00004EB10400CFB0EF4844206D9201A904236
:1021B0008CBF02200120ACEB000C03EB01410CFBB7
:1021C00012114FEA0C4CB1FBF6F006FB101100FBAC
:1021D0000EFE05EB01418E4506D9AEEB010E96458C
:1021E0008CBF02220122801A40EA0C0070BD7321CC
:1021F0009620FFF779FD00BF70B5044616461D46D0
:10220000FFF7B6FF049B00FB164428601C6070BDFE
:1022100008B50B1E0EDB002A04DBFFF7A9FF002820
:1022200012DB08BD5242FFF7A3FFB0F1004F0BD8FD
:10223000404208BD404263EB4301002AF3DA5242B8
:10224000FFF796FF0028ECDA99219620FFF74CFD66
:102250002DE9F8431C4652EA040348D007461546C8
:102260000E4694B3B4FA84F9B9F11F0F43DC4FF072
:10227000010808FA09F220FA08F0A2FB05C340EAB7
:10228000C17021FA08F102FB0432FFF771FFC9F1B6
:102290001F030021D84028D0431E8C46804661EBA6
:1022A0000101184605FB01F203FB0422A5FB033ED6
:1022B000FB1A72441F4666EB0206AF4276EB04033C
:1022C00011D340466146BDE8F883914208D32146C8
:1022D0003046FFF74DFF04462A46384604FB156199
:1022E000FFF746FF2146BDE8F8838446E5E7CA21AB
:1022F0009620FFF7F9FCE7219620FFF7F5FC00BFD9
:102300002DE9F84F9A4652EA0A03DDE90A8774D0AC
:10231000814614460E46BAF1000F3ED0BAFA8AFB47
:10232000BBF11F0F6DDC012505FA0BF3E840A3FBA1
:1023300002C240EAC170E94003FB0A22FFF718FF1E
:10234000CBF11F030021D84052D0431E8E46844655
:1023500061EB0101184604FB01F203FB0A22A4FB16
:1023600003351544B9EB030366EB0502A34272EB98
:102370000A051DD304FB0EF2714660460CFB0A23CE
:10238000A4FB0C421A44B9EB040366EB0202C8E951
:102390000001C7E90032BDE8F88F91420ED2FFF785
:1023A000E7FEA4FB00425146B9EB040366EB0202D0
:1023B000C8E90001C7E90032BDE8F88F5146304650
:1023C000FFF7D6FE8246224648460AFB04F5711BFB
:1023D000FFF7CEFEA4FB00425146B9EB04032A44AA
:1023E00066EB0202C8E90001C7E90032BDE8F88FD8
:1023F000AC464B4632468646B8E7CA219620FFF7E0
:1024000073FCE7219620FFF76FFC00BF92B1013A01
:1024100017D0034600EB020C10B501E09C450BD031
:102420008E461C4611F8012B13F8010B9042F5D093
:10243000801A10BD1046704760789EF80120801AFF
:1024400010BD00780A78801A704700BF10B5441A92
:1024500094422BD34AB34B1CC31A022B31D9531EBF
:10246000072B2ED922F003048C4686460C445CF8D8
:10247000043BA4454EF8043BF9D122F0030302F0DB
:1024800003049A4200EB030C01EB030E0DD0CA5C6F
:10249000012CC25409D09EF80130022C8CF8013076
:1024A00003D09EF802308CF8023010BD002AFCD018
:1024B0008B18024413F801CD8B4202F801CDF9D1FB
:1024C00010BD4B1E0244014613F8014F01F8014BA9
:1024D0009142F9D110BD00BF81EA00039B072DE9AD
:1024E000F0415CD187075ED0002A56D0034601E058
:1024F000002A52D011F801CB013A03F801CB9E0714
:10250000F6D1032A28D941EA0305141F6D074FEAC3
:10251000940E4AD12B2C48D90EF10108A1F10805DF
:102520001C464FEA580C03EBCC0CF5E90267E4E8D3
:1025300002676445F9D118F0010F28F0010403D0B7
:1025400051F8245043F824500EF1010402F0030224
:1025500003EB840301EB8401FAB1541E022C20D951
:1025600022F003058C469E460D445CF8044BAC45B6
:102570004EF8044BF9D122F0030402F00305A24205
:102580002344214409D00A78012D1A7005D04A78D5
:10259000022D5A7001D08A789A70BDE8F081034606
:1025A000DAE71546EFE70346ABE70EF101071D1F1B
:1025B0000C4601EB870754F8046BBC4245F8046FE6
:1025C000F9D1C1E72DE9F04184075FFA81FE5FD0C0
:1025D000002A59D0034601E0002A55D003F801EB48
:1025E000990702F1FF32F7D14EEA0E24032A44EA9A
:1025F00004443ED9151FC3F38001AE08172D06F120
:10260000010647D99846002940D048F8044B771A6C
:1026100003EB810C79080CEBC101CCE900440CF10F
:10262000080C6145F9D127F0010C08EB8C016745D6
:10263000CCEB8C7805EB880517D02F1F0C60032F8F
:1026400013D9A5F108074C60032F0ED9A5F10C078B
:102650008C60032F09D9A5F11007CC60032F04D992
:10266000143D0C61032D88BF4C6102F0030203EBA3
:1026700086034AB1013A83F800E005D0012A83F8C5
:1026800001E018BF83F802E0BDE8F0811546BEE71F
:102690000346A9E719461546CFE700BF094B0A4A8A
:1026A000C3F880210132C3F884210132C3F88C21A0
:1026B0000132C3F890210132C3F8EC210132C3F892
:1026C000902070470080004104000080074B0022EA
:1026D000C3F88021C3F88421C3F88C21C3F890216A
:1026E000C3F8EC21C3F89020704700BF0080004180
:1026F000014B1B681B681847FC060021014B1B6837
:102700005B681847FC060021014B1B689B68184753
:10271000FC060021014B1B681B691847FC060021C1
:1027200038B505460C46DEF7D5FE30B13E2D04D156
:102730002046BDE83840DEF70DBF38BD1FB5014665
:1027400001A800F006F801A805F00AF805B05DF848
:1027500004FB0B880022C3F30B0383804B88427277
:10276000C3804B78C3F30113012B02D0022B18BF97
:10277000134604310372016070478B88043010B532
:1027800000F8043C0C4610F8033C03F0F00300F89A
:10279000033C8A88C2F30322134300F8033C03F08E
:1027A000CF03CA8800F8022CCA8800F8033C120A3A
:1027B00000F8012C0A7A120102F03002134303F0F0
:1027C0003F0300F8033C4A7A43EA821300F8033CD3
:1027D0000968814205D0E288FB2A28BFFB22FFF767
:1027E0007BFEE0880430C0B210BD8B880A460430FE
:1027F00010B400F8043C10F8033C03F0F00300F8B8
:10280000033C8988C1F303210B4300F8033C03F028
:10281000CF03D18800F8021C10F8011C01F0C001A0
:1028200000F8011CD48800F8033CC4F305242143BC
:1028300000F8011C01F03F01147A240104F0300477
:10284000234303F0BF0300F8033C547A00F8011C53
:1028500043EA841303F07F0300F8033C11688142CC
:1028600003D0D28810BCFFF737BE10BC7047FBF70F
:1028700009BF2DE9F8430B7805460C46013B822B36
:1028800000F26A82DFE813F099009D00A100520176
:1028900068021A01200126012C013201360138019B
:1028A00048014E0183006802A6006802AA003C01AC
:1028B00042015C01620156016802680168027B0105
:1028C000AB01B101B7016802BD01C901CF01FF0130
:1028D00005022D020B021F022702110219026202D9
:1028E0003302390251023F0268026802680268023C
:1028F0006802680268026802680268026802680288
:102900006802680268026802680268026802680277
:102910006802680268026802680268026802680267
:102920006802680268026802680268026802680257
:102930006802680268026802680268026802680247
:102940006802680268026802680268026802680237
:102950006802680268026802680268026802680227
:102960006802680268026802680268026802680217
:102970006802680268026802680268026802680207
:102980006802680268026802680245024B020E2370
:10299000B1F803200B7042F283039A4209D1062357
:1029A000637066782146284602363246FFF794FD6A
:1029B0005AE03121C720DEF7B5F90C230B7008234C
:1029C000EEE71A230B700123EAE73E230B70022384
:1029D000A370E6E73E230B700B23F9E72920DEF70F
:1029E000B9FD28B13E232370222363702923EFE72A
:1029F0000A20DEF7AFFD3E2305F1080204F10801CD
:102A00002B70A0B30A23AB70E378EB70A3882B7113
:102A1000A3881B0A6B71A379AB71E379EB71A3688F
:102A2000AB608B8893801F22D4F80E30C5F80E302F
:102A3000638A6B8263696B61238B2B83638BAB76B9
:102A4000638B1B0AEB76A38B2B77A38B1B0A6B770D
:102A5000E38BAB77E38B1B0AEB7794F8203085F898
:102A600020306A70023296B23046BDE8F883012306
:102A7000AB70E378EB70A3882B71A3881B0A6B7192
:102A8000A379AB71E37903F00103EB71A368AB6049
:102A90008B8893801322638BAB73638B1B0AEB735E
:102AA000A38B2B74A38B1B0A6B74E38BAB74E38B2C
:102AB0001B0AEB7494F820302B75D2E73E230B7081
:102AC00004234B70142383E73E230B700C234B70BD
:102AD00004237DE73E230B700A234B70032377E723
:102AE0003E230B700D234B70052371E705232370E4
:102AF000042355E70823FAE730230B7003234FE73D
:102B00003E230B700B234B70072361E73E230B70B2
:102B100006234B700C235BE713230B708B789B0011
:102B200001333DE757230B70022339E73E230B7037
:102B30000D234DE73E230B7001234B70112347E714
:102B40003E230B7006234B70122341E73E230B708C
:102B500009234B7013233BE73E2303702420DEF749
:102B6000F9FC002815BF24230E2313260F26324616
:102B7000A11CE81CAB70FFF7AFFC721C71E73E2391
:102B800003702520DEF7E6FCC0B125230A26AB70D2
:102B9000D4F80230C5F80330D4F80630C5F8073051
:102BA0006389A5F80B30F01CE27A04F10C0128448B
:102BB000FFF792FCE27A0132324452E70F230726F4
:102BC000AB706388A5F8033023796B716379AB71BF
:102BD000A379EB71A37A2B72E37A6B72E3E73E235E
:102BE0000B7003234B701023F2E63E230B7005237A
:102BF0004B702023ECE63E230B7009234B702123FE
:102C0000E6E63E2303702620DEF7A4FC002815BF6D
:102C10002623182317261326A9E73E230B70042327
:102C20004B702723D4E63E234FF000088146037003
:102C3000282346468370D1F8023049F8033FAA7929
:102C40005FFA88F39A4205D8721D92B2002A3FF4C7
:102C5000A8AE06E7B21D331D08F10108A118A2585D
:102C600009EB030049F80320063131F8023C063035
:102C700020F8023C10F8017C3A460637FFF72CFC9E
:102C80003E44B6B2DBE73E230B701D234B70192385
:102C90009EE63E230B7007234B701A2398E63E23D3
:102CA0000B7014234B70222392E63E230B700B7C97
:102CB0005B000F334B701D238AE63E230B7003230A
:102CC0004B701E2384E63E230B700B7D5B00133399
:102CD0004B701B237CE63E230B7003234B701C239D
:102CE00076E63E230B7005234B701F2370E6FF230F
:102CF0000B700B234B70A2236AE6FF230B70052396
:102D00004B70A32364E6FF230B700D234B708023CD
:102D10005EE6FF230B700D234B70822358E6FF23E2
:102D20000B7002234B70832352E6FF23C21C0370F7
:102D300081238370D1F8033003F1280153F8040B89
:102D40008B4242F8040BF9D129228AE63E230B700C
:102D50000C234B7023233BE640F232212AE608B5D0
:102D600010B1FFF7EBFC10B96FF0150008BD0020A3
:102D7000FCE708B5B0B1FFF77AFD12280BD8102890
:102D800010D8022811D00C280FD0002814BF6FF0E3
:102D90000D00002008BD462814BF6FF00D006FF035
:102DA0002200F7E76FF01500F4E74FF0FF30F1E78E
:102DB00010B50C4648B141B1DEF718FB0028207071
:102DC00014BF00206FF0220010BD6FF01500FBE76C
:102DD00008B5DEF79DFB002008BD01F043BBECF712
:102DE00087BCECF793BCECF7A1BC08B5DEF7A2FBFF
:102DF000002008BD02F0ABB902F0CDB902F061BC11
:102E000002F06ABC0346022200201A7003225870A6
:102E10009A702D22D8705A71792218719A716FF0B8
:102E20005E02DA716FF037021A726A225A72402219
:102E30009A726FF04802DA72704701F073BB10B5F6
:102E40000446FFF7D1F8B0F5007F09DA10F5007FEE
:102E500008DD031EB8BF03339B100020237010BD94
:102E60007F23FAE76FF07E03F7E7EDF7EDBD1FB5BF
:102E7000002341F64B524178CDF80A30D0F80230A9
:102E8000934295BF4FF47A7240F2E242B3FBF2F301
:102E9000B3FBF2F398BF03F5506302789BB242EAAA
:102EA0000122ADF80230ADF80020ADF80430C2794F
:102EB000837943EA0223ADF80630427A037A684602
:102EC00043EA0223ADF8083001F03EFC05B05DF89E
:102ED00004FB02F0E5B90078003818BF012001F0CA
:102EE0001DBCEDF7DDBDEDF723BE8178008802F053
:102EF000A2B902F0BEB9EDF7DBBD37B505460C4609
:102F000000880DF1060101F00EFC2B882380BDF82E
:102F10000630638003B030BDEDF7D2BD02F014BEC1
:102F20000068F8F7A9BFEDF7D7BD0068E8F73EBD28
:102F3000006808B5E8F78AFF002008BDEDF7EABD94
:102F400002F0A2BF01F078BA01F0E1BA08B5DEF7ED
:102F5000F9FA002008BDECF777BC01F0F5BAEDF7FF
:102F6000C3BA01F0C0BA02F072B801F057BE02F065
:102F7000A1B8ECF76FBE01F0B7BBEDF78BB8EDF77A
:102F80002BB901F0A0B901F0A5B901F0EEB901F03B
:102F90000ABA01F0D9BB01F02FBC01F0E3BA01F08D
:102FA00080BC01F0ABBA01F057BA01F0A0BC0388B5
:102FB0000B8002F0B1B803880B8002F0BBB801F0BF
:102FC00097B901F0B8B901F025BA01F031BA01F0B2
:102FD00011BA01F006BA01F001BBECF7AFBC01F089
:102FE00035BB01F0F7BF01F0C2BC02F045B801F0FB
:102FF0002ABE01F05BBE01F044BE01F04CBE01F000
:10300000E2BC01F0EEBCEDF7D3BA01F08BBEEDF7F8
:103010008BBBECF7B1BD01F044BBEDF7A1B8EDF708
:1030200053BC01F01ABF01F01FBF01F039BF01F01E
:1030300046BF01F056BF01F05FBF01F033BA01F0A7
:1030400042BAECF7B7BB01F0B2BA01F05CBF01F0D5
:103050006DBF01F0AEBF01F086BFEDF7EFBCEEF73C
:10306000E5BA02F050BDEEF76BB9EDF775BD02F0B1
:103070003FB902F03BBA02F064BAEEF781BA02F04F
:103080007DBD02F08DBEEEF791BDEEF7EDBA02F018
:10309000CCBE01F0CEBF02F058BAEEF779BA02F01A
:1030A00093BC02F0C0BC02F0C6BA02F026BB02F02C
:1030B000E8BA02F085BA02F003B9ECF7CFBBECF73F
:1030C0006BBC02F0A9B8F8B5941C0E46054617462D
:1030D0000C446343B3F5004FA8BF4FF0FF3310F02B
:1030E00003019CB203D0AD211420DDF71BFEB4F523
:1030F000004F01D9AE21F7E710220430FFF762FA42
:10310000EF746C802E80F8BD0188C27C8B1C134448
:1031100010B49BB24488B4FBF3F310BCDBB2FFF7EE
:10312000D2BF70B50688C58803898E42C5F30E02EA
:10313000C3F30E0403D2CF211420DDF7F3FD5D406D
:10314000C5F30E030BB92D0409D4A24209D2C37CE6
:10315000A41A0233E41AA14203DD00238374184643
:1031600004E01432012381528374104470BD023193
:1031700001444A43B2F5004FA8BF4FF0FF3290B26E
:10318000173020F00300B0F5004F34BF00B24FF00D
:10319000FF3070474088173020F00300B0F5004F33
:1031A00034BF00B24FF0FF3080B2704738B50388AB
:1031B0008B4204D240F207111420DDF7B3FD857C69
:1031C00065B1C388C3F30E031433C25A8A4207D3CE
:1031D000C152811DDEF786FA00238374284638BD6C
:1031E0000025FBE703461430F0B59C88A5B2C4F374
:1031F0000E06DC88AC4202D10020D881F0BD5F8988
:10320000DC7C855B3C44ED1B0234ADB2344420448D
:103210000C88AC4288BF0D805C89B4FA84F46409E0
:1032200014700A88DA81E9E7F8B582880026C38934
:1032300004460D4692B20E60CBB14189C2F30E0234
:103240000B4414329BB28718825A4381934204D9AB
:103250004FF4AA711420DDF765FD04D1011DDEF7DE
:1032600041FA46812F6000230120E381F8BD184612
:10327000FCE770B504460846A38804F114062289C9
:103280009BB2C2F30E059A420DD021B1A91CE27C7B
:103290003144FFF721F904F108012046755BDEF7A0
:1032A00021FA284670BD0025FBE78388C0889BB2C1
:1032B000C31A584258417047C288018910B5C2F3F9
:1032C0000E044A40C1F30E031204A3EB04035CBFD7
:1032D00042889B180288C07C0232104480B293FB63
:1032E000F0F080B210BD828873B595B2C488C2F385
:1032F0000E02AC4202F1140212D04189C689835AEF
:10330000314499420EDB0DF10601ADF80650DEF7AF
:10331000E9F9BDF80600001B18BF012002B070BD1E
:103320000020FBE70120F9E770B505890346C48852
:103330001430C5F30E02C4F30E066C40C4F30E0540
:1033400025B9240402D50020188270BDB2421C8821
:1033500006D9DD7C921B0235521B9442A8BF14464D
:103360009D890DB1825BA41AA142ECDCDA7C354464
:10337000198202322A441044E7E738B5038ACBB1F8
:103380008B4217D3C3888489C3F30E031433C51843
:103390000CB9C4546C700C448481C45A2144C15289
:1033A00022B1811DDEF79EF9002383810023038271
:1033B000012038BD0020FCE78388C2889BB29A4276
:1033C00006D0428922B9C3F30E0314331844704760
:1033D00000207047C37C088802330B441360704799
:1033E0000230704738B58388C2889BB29A4209D0B0
:1033F00043893BB9C5893DB9011DDEF773F9C58124
:10340000012038BD0020FCE71846FAE70388138046
:10341000C388C3F30E031433034480890B607047E1
:103420000368002223B9C0E90132031D036070471D
:1034300059681B680A44F5E7072938B5034604D8DC
:103440004FF4EC711520DDF76DFC0068A8B1D0E9F0
:1034500000248C4212D02AB901F10805AC4204D2F2
:1034600010460AE003461046F1E7425045181A6834
:10347000641A12686C6042501D6038BD1A60FCE727
:103480000023C1E9003203680B600160704730B56A
:1034900090B18478B1FBF4F304FB131300EB430207
:1034A00052898A4201D1D8B230BDC27822B900F126
:1034B0000A03D0B2844201D8FF20F5E733F8025B5B
:1034C0000132A942F5D1EFE78278038805324B43F8
:1034D00003EB420318447047002307B5CDE90033DE
:1034E0008DF806006846DEF7EBFAB0FA80F0400986
:1034F00003B05DF804FB73B500240546CDE9004434
:103500008DF806006846E6B2DEF7DAFA01340028E4
:10351000F8D02846DEF71AFA801BC0B202B070BDA0
:1035200013B500230446CDE900338DF80600684644
:10353000DEF7C6FA08B102B010BD2146BDF804009E
:10354000DEF79AFA0028F2D040F215211720DDF7B5
:10355000E9FB70B51E460D460921FFF708FE04463B
:10356000324609212846FFF702FE002C03DB002823
:1035700001DB204470BD4FF0FF30FBE702460846F8
:1035800013688B4203D121B10B68136070470BB9EC
:10359000184670471A461B68002BF9D08342F9D1B0
:1035A00003681360704703460068884209D1EFF34F
:1035B000108272B6186808B10168196092B962B6D3
:1035C000704758B97047884208D1EFF3108272B63D
:1035D00018680028F2D001681960EFE70346006818
:1035E0000028F0D17047006820B103460068002829
:1035F000FBD1184670470346006830B558B10468DF
:10360000014622460AB91C6005E0156825B908681C
:1036100008B103680B6030BD11462A46F2E7D31D9E
:1036200023F0070370B5083390B110F0070403D0FE
:1036300058212220DDF776FB04604FF6FF75C2802B
:1036400000F108040A468180013A92B2AA4203D1ED
:1036500003FB01F0083070BD0668266004601C445E
:10366000F2E718B1C2888188FFF7D9BF70470346D7
:10367000EFF3108272B6006830B101681960002360
:10368000037043708370C37002B962B67047EFF382
:10369000108372B602680A60016003B962B67047AF
:1036A000EFF3108372B6006818B10068003818BFD5
:1036B000012003B962B67047012303707047F8B563
:1036C000054608461E461146002814BF0024022461
:1036D000FF23AB702B191B7D012B04D001342B1958
:1036E0001B7D012B19D105EB44073B8B3A8C9819B4
:1036F000904204DD00202C4438832075F8BD05EB92
:103700008404324660681844FEF7E6FE3A8B16449D
:103710003E830023AB700120F0E70020EEE7002994
:1037200010B514BF00230223FF218170C1180C7D46
:10373000012C07D10C3320F8132002230B75002332
:10374000837010BD0133C1180C7D012CF2D04FF4F1
:103750008C710920DDF7E6FA024630B5837803F074
:10376000FF00F3B9137D022B19D0537D022B19D121
:103770000346012089B10024D5180C332C7522F89A
:103780001340131803241C7502EB80035B680B6065
:1037900000F10C0332F813308B80012002E001238A
:1037A000E8E7002030BD30B58378E3B9837D022B94
:1037B00017D0C47D022C16D1032381B10022051934
:1037C0000C342A7520F81420C2180324147500EB59
:1037D00083020C33526830F813300A608B8001206A
:1037E00002E00324E9E7002030BD037D012B01D175
:1037F000008B7047437D012B0CBF408B002070472E
:10380000837D012B01D1808B7047C37D012B0CBFC1
:10381000C08B00207047038B23B9408B003818BF42
:103820000120704701207047838B23B9C08B00387B
:1038300018BF0120704701207047027D022A01D184
:10384000008B7047437D022B01D1408B7047032AC8
:10385000F6D0032BF9D000207047827D022A01D1D7
:10386000808B7047C37D022B01D1C08B7047032A28
:10387000F6D0032BF9D00020704708B5DEF7B0FA78
:1038800020B103786FF300030370012008BD08B571
:10389000DEF7A6FA003818BF012008BD10B50446AF
:1038A00001F11B0200200121FFF7B9FE083C083896
:1038B000B4FBF0F080B210BD2DE9F0410646069849
:1038C00098460D46430711469DF81C7002D010F033
:1038D000030003D025214C20DDF724FA4FF48B722E
:1038E000FFF79DFE002F06AB044600FB08F114BF56
:1038F00000201846DDF718FF17B9069B33602C60CF
:10390000BDE8F0812DE9F041064615460F4619B98C
:1039100000242046BDE8F08111463846FFF78CFDB3
:1039200004460028F4D0314606F11B082846FFF76C
:10393000B5FF0646014642460020FFF770FE0EB175
:10394000854205D22A4621463846FFF799FDDFE732
:10395000424631462046FFF762FEDAE7DEF740BB1B
:1039600000EA400303EA430303EA430303EA430391
:1039700003EA430313EA43030CBF0120002070470E
:1039800008B5034610468B4209D03AB183EA0100DC
:1039900004F01CF801288CBF0020012008BD012084
:1039A000FCE737B5002304460D46CDE900336846F1
:1039B000DEF786F830B10023CDE9003302238DF81D
:1039C000063011E0009B2A462046196AFFF7D8FF0F
:1039D0000028ECD003B030BD009B2A462046196A6F
:1039E000FFF7CEFF0028F5D16846DEF769F800281A
:1039F000F2D00023CDE9003304238DF8063007E030
:103A0000009B2A4620461968FFF7BAFF0028E1D13B
:103A10006846DEF755F80028F2D00023CDE90033E0
:103A200005238DF8063007E0009B2A4620461968DA
:103A3000FFF7A6FF0028CDD16846DEF741F8002841
:103A4000F2D00023CDE9003309238DF8063008E0D9
:103A5000009B2A462046D3F8B811FFF791FF0028B3
:103A6000B8D16846DEF72CF80028F1D00023CDE964
:103A700000330B238DF8063007E0009B2A462046D2
:103A8000D3F8EC10FFF77CFFE8B96846DEF718F8CA
:103A90000028F2D000224FF44023CDE900236846ED
:103AA000DEF70EF830B10023CDE900330A238DF89C
:103AB000063014E0009B2A462046D3F8EC10FFF7AE
:103AC0005FFF0028EBD0012084E7009B2A462046B8
:103AD000D3F80C11FFF754FF00287FF47BAF684642
:103AE000DDF7EEFF0028F0D0002073E738B523257E
:103AF000EFF768FC0446EBF76BF820B10121204694
:103B0000FFF74FFF30B1013DF2D140F23A210F20D3
:103B1000DDF708F9204638BD70B523260025EFF7FC
:103B200051FC0446EBF754F840B100212046FFF762
:103B300038FF68B925462046EBF780F8013E01D0F2
:103B40000028ECD035B940F215210F20DDF7EAF856
:103B50000020F3E7284670BD01EB8101C1EBC101F4
:103B600089B270B501F12A0511F0010F05F07F044B
:103B700014BF4FF47C46002615F0020F4FEA840272
:103B800005F030054FEA540318BF4FF4207102F4DA
:103B9000807208BF002103F0060313432B43334315
:103BA0000B4380EA034070BD2DE9F341064623250F
:103BB000EFF708FC20F0327410F4004F24F4803446
:103BC00014BF44F4080444F441042046EBF700F821
:103BD00060B300212046FFF7E4FE38BB0A23A7B2FA
:103BE000CDE900008DF806306846DDF769FFA8B121
:103BF0000027F9B22046FFF7AFFF8046EAF7E8FF5B
:103C0000A0B100214046FFF7CCFE78B90137FBB2E6
:103C10009E42EED2204602B0BDE8F081009BB3F890
:103C20009800784003F0EEFE0128DDD8013DBFD1B9
:103C300040F29F210F20DDF775F810F0FD0F14BF43
:103C40000120002070478207034605D410F00100D0
:103C500003D103F004007047022070476FF45063F3
:103C6000C318062B9ABFA0F550604FF47A7340F248
:103C7000E2435843704790F82832DBB290F8C020F6
:103C80002AB913F0FB0F14BF012000207047002059
:103C9000704790F84432DBB290F8C0202AB913F094
:103CA000FB0F14BF0120002070470020704770B543
:103CB000B0F80140A3B2B3F5FA7F2DD2B0F80320DB
:103CC00043F6F675A2F10A039BB2AB4224D84379BE
:103CD0001F2B21D813F008051ED103F01706172E4D
:103CE00018D00078032817D8002814BF0126002612
:103CF0008E730ED042F210768B720C8172434A6042
:103D0000421E18BF01220A73C21E5042504148731E
:103D1000284670BD0C20FCE71220FAE713B50121FC
:103D20000020DDF793FE044688B901210846DDF73F
:103D30008DFE0446C0B90023CDE9003303238DF87E
:103D400006306846DDF7BCFEC8B100200AE0C83086
:103D5000E4F7BCFC0028E8D02046E3F78BFA002803
:103D6000E3D0012002B010BDC830E4F7AFFC00285A
:103D7000E1D02046E3F77EFA0028DCD0F1E7009C92
:103D80002046E0F70DFA0028DBD0204604F06DFD58
:103D90000028D6D0E5E7002307B5CDE9003303239B
:103DA0008DF806306846DDF78BFE08B1002004E090
:103DB0000098E0F7F5F90028F4D003B05DF804FBB3
:103DC00007B5002340F6881201A9FAF761FE03B097
:103DD0005DF804FB38B540F2E2450C46B0F803103C
:103DE000B0F801002A4669436843E6F7BFFAA586A2
:103DF000206338BD2DE9F341002304460E461746E3
:103E000000F10A08CDE900336846DDF759FE08B134
:103E1000002015E0009DA542F6D03046EB1CFFF7D0
:103E20000CFF3946AA7802F00EFD0028ECD005F10F
:103E30000A036A7A4146607A02F005FD0028E3D061
:103E400002B0BDE8F08107B5009190F8A830827DFE
:103E500090F8901190F8BE00E8F712F803B05DF802
:103E600004FBF0B585B00C460646154603A99DF83F
:103E70003870E7F7BDF818B9039BDA7B12B9112047
:103E800005B0F0BD93F820309BB903988389032BCC
:103E900001D8002FF3D10D9B80F8487006800C9953
:103EA000C0E9055400930194DDE90A2307F01AF9EB
:103EB000E6E70C20E4E708B5CB1E012B04D880010F
:103EC00000F5347080B208BD012902D10A30C0006B
:103ED000F8E7022902D10B308000F3E740F26521B8
:103EE0000620DCF71FFF08B5CB1E012B04D880018C
:103EF00000F5347080B208BD012902D10A30C0003B
:103F0000F8E7022902D10B308000F3E740F2652187
:103F10000620DCF707FF08B5CB1E012B04D8800173
:103F200000F5347080B208BD012902D10A30C0000A
:103F3000F8E7022902D10B308000F3E740F2652157
:103F40000620DCF7EFFE10B5044638B1EEF7C4F8F2
:103F500034EA00030CBF0120002010BD0120FCE763
:103F600007B501210020DDF771FD20B3C830E4F76B
:103F7000ADFBE0B1012009E0C830E4F7A7FB00B3D6
:103F8000F8E70098403005F091FA18B303B05DF8F7
:103F900004FB009B586F503005F088FA0028F5D1DB
:103FA0006846DDF78DFD0028F3D00020EEE7E3F74B
:103FB0005FFA0028DED101210846DDF747FD002821
:103FC000DAD1FFF7E8FE0028D4D10623CDE90000BE
:103FD0008DF806306846DDF773FD0028D1D0002348
:103FE000CDE9003307238DF80630D9E770B50546D3
:103FF0000C46E0F7D5F8F0B9284604F084FBD0B9B8
:1040000004212046DDF722FD064678B90621204628
:10401000DDF71CFD054680B903212046DDF72CFDA8
:1040200088B141F299713920DCF77CFE403005F00F
:104030003DFA0028EAD00C2010E0403005F036FAB6
:104040000028E9D0F7E73EB104212046DDF714FD52
:1040500010B14FF4BD51E6E70DB9002070BD062147
:104060002046DDF709FD0028F7D041F2A771DAE715
:1040700038B505460C462AB11F2901D8002038BDA5
:104080001220FCE7DDF72AFEA04211D3284604F0F7
:104090003DFC08B11F2CF3D8284604F08FFB48B133
:1040A0002146284604F0C3FB0028E7D14520E6E777
:1040B0000720E4E74220E2E738B5054604F07EFB3E
:1040C000E8B12846E0F76CF808B9002038BD28466A
:1040D000DFF7E4FC04462846DFF720FE88B9002C11
:1040E000F3D02088EEF786F802212088DDF7C4FCA3
:1040F0000028EAD041F6C9113920DCF713FE42202E
:10410000E4E70C20E2E738B504460D46EDF7DEFFA4
:10411000830001D40C2038BD20460921DDF796FC30
:10412000044648B1E7F7F8F80028F3D02A462146BC
:10413000BDE83840E9F768BE0220ECE703880B8051
:10414000817898B2FFF7DFBF034637B59A7A0D46FC
:10415000C0885107C0B213D412F0010101D102F09E
:104160000201DC7A1A896307D2B20BD414F001037E
:1041700001D104F002030095E7F782FE03B030BDE1
:104180000421EEE70423F6E710B50446FFF703FE2B
:1041900058B901210020DDF759FCE8B90121084692
:1041A000DDF754FCF0B9012013E0EDF76DFF68B1C5
:1041B000EBF7DEF8044604F08FFB58B9204604F014
:1041C00087FB80F00104E4B204F00104002CE0D18C
:1041D000002010BD0024F7E7C830E4F777FA002884
:1041E000DCD0F5E7C830E4F771FA80F00100C0B226
:1041F000EFE72DE9FF4107468846008802A902F053
:1042000072FB064618BB039C94F8993103F0FF0635
:104210001BB1B8F1020618BF012694F89F30232B7A
:1042200094F8F33043EAD3030CBFC6F10102002235
:1042300003F0010313433CD0BD7815B9EDF74CFFF3
:104240000546F878B8BBEDF747FF25B90926304693
:1042500004B0BDE8F0810028F8D094F8812032B194
:1042600015F0020500F00200F0D00028EED0FF2289
:1042700084F84D21DEB994F84C2102F0FF06B2B962
:1042800084F84F0101A984F84C8184F84E51BA8812
:104290008DF805002046A4F850218DF80450ADF8A3
:1042A000062002F0AEFB002384F84D31CFE73A261A
:1042B000F9E71A26CBE7002DCFD1C7E708B5EDF710
:1042C000C5FE002008BD10B50446EFF777FF20704B
:1042D000002010BD10B5FFF721FD044630B9EFF7FF
:1042E00067FF2046EEF7A2F9204610BD0C20FCE740
:1042F00010B503780446012B01D9122010BDFFF739
:104300002FFE60B92078FFF798FC01280DD004F14A
:104310001703E21D611CBDE81040EEF7AFB9EEF7E0
:1043200041FA0028EED00C20E8E7A37903F0C0039F
:10433000C02BECD0E1E710B503780446012B0AD876
:10434000FFF70EFE48B9214611F8010BFFF775FC87
:1043500002F0A4FA38B9122010BDEEF723FA0028B3
:10436000F1D00C20F8E70020F6E738B50546FFF756
:10437000D5FC0446A8B92878012803D9FF280BD01A
:10438000122038BDFFF759FC691CEFF71DFF00280C
:1043900014BF00200720F4E70120EEF747F920467C
:1043A000EFE70C20EDE738B50546FFF7B7FC04460C
:1043B000A8B92B78012B03D9FF2B0CD0122038BDC4
:1043C0001846691CFFF739FCEFF72EFF002814BFD1
:1043D00000201220F3E7EEF729F92046EFE70C2042
:1043E000EDE708B50088EEF7E3F900280CBF3020B0
:1043F000002008BD38B50546FFF7B2FD044638B9C0
:104400002878003818BF0120EEF7C6F9204638BDDD
:104410000C20FCE708B5FFF7A3FD18B9EEF7ACF9DF
:10442000002008BDEEF7BEF90028F7D00C20F8E711
:10443000082303700020704703466B21202210B52B
:104440000E2404700020DC70592459709A701C717D
:1044500058719971DA7110BD082108B5DCF7B8FF01
:10446000002008BD73B506460C460088694602F078
:104470003AFA0546A0B9B3786BB9019B93F880303E
:10448000A370338894F902002380EEF70DFCA0702E
:10449000284602B070BD7F20FFF792FCA070F0E7C5
:1044A0000225F5E710B504466FF07F00FFF788FCA2
:1044B000EEF7FAFB20707F20FFF782FCEEF7F4FBAB
:1044C0006070002010BD10B50446EEF72FFC00EB25
:1044D00080035B002380EEF72FFC00EB80030020BD
:1044E0005B00638010BD10B50446EAF741FF04F09D
:1044F000ECF9EEF7D9FB2070002010BD0A4600F160
:10450000100108B50723FDF765FD002008BD10B5B3
:10451000014604460020EDF7F9FE08B92060A080AE
:10452000002010BD10B50446EDF78AFD28B9002023
:104530002146EDF7D3FE002010BD0020FFF724FE3A
:104540000028F4D10C20F7E710B504460120FFF74E
:104550001BFE28B101202146EDF7C0FE002010BD52
:104560000C20FCE7F7B50C4605466946008802F0CA
:10457000BAF9A21C034690B9019901F1A70781F885
:10458000FA3038681060387910712888208091F8E6
:10459000FA6006F0FF00002EF1D103B0F0BD002359
:1045A0000220C4F80230137123706370F5E710B570
:1045B0000446FFF7D5FC58B92078611CFFF73DFB96
:1045C000E279EEF77DFA002814BF0020022010BD2A
:1045D000EEF7E8F80028EFD00C20F8E7F7B506462C
:1045E0000C460088694602F07EF90546A0B9019F95
:1045F00087F87E5097F87C00EAF772FCA07097F875
:104600007D00EAF76DFCE07097F87E3003F0FF0064
:10461000002BEDD13388238003B0F0BD10B5838823
:104620000446022B10D8C078FFF78DFC08B9112082
:1046300010BDA078FFF787FC0028F8D020460121A4
:10464000BDE81040FFF7D5BD1220F1E713B5837820
:10465000C17803F00104027903F0020351EA040C6B
:104660001DD052EA030C1AD0002C18BF0021002BD9
:10467000037818BF00228DF802108DF803204278CD
:1046800043EA0223ADF8003043798279684643EA71
:104690000223ADF80430FFF7C1FF02B010BD1120B6
:1046A000FBE710B504460020EDF7E8FC2378012B6A
:1046B00013D16378012B03D9022B0CD1A38853B1FA
:1046C000628862B1A38853B10A214A434FF4A061C2
:1046D0004B439A4203DB122010BD002BFBD1204636
:1046E000BDE81040EAF748BC07B5037800214278DE
:1046F000012B8DF800308DF80120ADF80210ADF8D7
:10470000041007D1012A07D86846EAF735FC03B040
:104710005DF804FB002BF7D01220F8E708B5DEF7B0
:1047200087FB002008BD13B50C46694602F0DBF894
:1047300030B9019B9DF80020B3F8983012B923805E
:1047400002B010BD0133FAE77FB5054600210088AD
:10475000DDF77CF9044610B9022004B070BDFFF704
:104760008AFA0028F8D0AA881046FFF777FAE3699A
:1047700006466988984220460CBF638E0123039346
:10478000AB8902936B8901932B890093EB88EAF73D
:1047900087FA48B394F8443203F0FF0033BB41F684
:1047A0004B539E4209D8642E22D9B4F87C2040F2A3
:1047B00002239A421ED1642301E040F2E243A4F8AE
:1047C00048320023C4E99336EA79AB7943EA0223FD
:1047D000A4F854322B7A6A7A43EA0223A4F85632B8
:1047E000FF2384F84432B8E73020B6E73A20B4E734
:1047F0001220B2E70C20B0E713B5044602F08BF8A4
:1048000000284CD02046FF24EEF7ACFA0023CDE977
:1048100000336846DDF754F950B300244FF44033B9
:10482000CDE90043FF246846DDF74AF920B30020B4
:104830004FF48023FF24CDE900036846DDF740F9FB
:10484000F0B100214FF4C023FF24CDE900136846E6
:10485000DDF736F9C0B100224FF42023FF24CDE963
:1048600000236846DDF72CF990B1002002B010BD9E
:10487000009B83F83C42CCE7009B83F89240D2E750
:10488000009B83F83440D8E7009B83F83440DEE790
:10489000009B93F83020032AE3D19C77E1E71220B4
:1048A000E4E713B50088694602F01DF80146D8B95F
:1048B0009DF80030019C8BB19DF80030012B03D195
:1048C0000198FFF7E6F970B194F8533103F0FF0255
:1048D00053B9FF2384F85331114605E02046FFF712
:1048E000CAF90028E8D10221084602B010BD70B50F
:1048F000002105460088DDF7A9F8044688B3FFF7D4
:10490000BAF910B90C26304670BD94F8863203F01F
:10491000FF0643BB94F8F230DB0726D5D4F83831D4
:10492000002BEFD1D5F8023004F51B72C4F87C32AD
:10493000D5F80630C4F880326B89A4F8843205F1CA
:104940000C031C3553F8041BAB4242F8041BF9D18D
:104950000C2104F51670DCF73BFDFF2384F886324A
:10496000D1E70226CFE73A26CDE71A26CBE7F0B506
:1049700089B0044600200E46EDF780FB01AA2346CD
:1049800004F1180C17461868083353F8041C154630
:10499000634503C52A46F6D11B782B7000238DF89A
:1049A0001D308DF81E30237D022B0AD0637803F072
:1049B0001803082B05D031463846EBF781FC09B0C7
:1049C000F0BD1220FBE710B5032104460078DDF7A7
:1049D0003DF820B12178BDE81040FFF707BB422029
:1049E00010BD13B500200024EDF748FB0323CDE9EB
:1049F00000448DF806306846DDF762F810B12046B5
:104A000002B010BDBDF804100098FFF7EFFA0028BF
:104A100018BF0446EFE72DE9F341054690F8018001
:104A200003210078DDF712F80446002800F08780A3
:104A3000EDF72AFB08B3204603F025FFEE78864207
:104A400028BF0646B6B2B8F1040F5DD0E06CFEF7A1
:104A5000CCFE8719BFB2EDF717FBB8B9EB7873B985
:104A6000204603F010FF874210D9204603F04EFF86
:104A700050B9072002B0BDE8F081EE78E3E72046A8
:104A800003F013FF0028EBD11220F3E7EDF7FCFA57
:104A9000394602462046FFF7EBFA0028EAD1A8F192
:104AA0000303012B2DD8204603F030FF6B78032B36
:104AB0002DD108F0FD07012F3AD1204603F026FF43
:104AC000002833D1B8F1010F08BF02273A46E16C44
:104AD0006846DDF71BF933466A680121E06CFEF792
:104AE000EEFD0028C5D06B78023B012B07D8E06CA7
:104AF000FEF77BFE01210246E06CFEF710FE00206F
:104B0000B8E7002ECFD1BFE7002ECCD0BCE70028FD
:104B1000BAD1042BCDD12046DFF742FB0028B3D019
:104B2000E06CFEF778FE0028C3D1ADE70027CDE7A3
:104B3000B8F1040FCFD1204603F00FFFDFE742208A
:104B400098E72DE9F3470746467890F8039003214C
:104B50000078DCF77BFF044600283BD0EDF794FAA1
:104B600030B1204603F0B8FE002808BF4FF000091E
:104B7000E06C1FFA89FAFEF743FE00EB09081FFA02
:104B800088F8EDF781FA60B1EDF77EFA414602460A
:104B90002046FFF76DFA054668B1284602B0BDE829
:104BA000F087FB78002BEFD0204603F095FE00281D
:104BB000EAD11225F1E7042EFBD0032E10D0B9F173
:104BC000000FF6D02046DFF7EBFA38B10C25E4E70A
:104BD00004220EE04225E0E70725DEE7012E0CD196
:104BE000204603F093FE0028F2D1012E0CBF0622CE
:104BF0000522E16C6846DDF789F853467A680021A2
:104C0000E06CFEF75CFD0028E6D0023E012EC4D821
:104C100042460021E06CFEF782FDBEE713B5044674
:104C2000EAF7A6FB4FF440736846ADF80030002366
:104C30008DF8023014F8013B8DF803300194FFF732
:104C400080FF02B010BD13B504460020EDF716FA40
:104C5000E378FB2B13D82278043468468DF80330B0
:104C60008DF8002014F8022C8DF8022014F8032C83
:104C700001948DF80120FFF764FF02B010BD1220EF
:104C8000FBE710B504460020EDF7F8F9DDF726F84C
:104C90002080002010BD10B504460020EDF7EEF98D
:104CA0000320DCF753FE2070002010BD73B50446CE
:104CB0000020EDF7E3F96378F3B10025EBB20321AF
:104CC0009E0004EB83039878DCF7C0FE40B32378A2
:104CD000012B0AD1B11C2144EAF736FC38B9013561
:104CE0006278EBB29A42E9D801E013B1122002B027
:104CF00070BDFFF7E1F9F1E72378002BF6D1CDE99C
:104D0000003303238DF806306846DCF7D9FE08B17E
:104D10000020ECE70098FFF7CFF90028F4D0E6E791
:104D20004220E4E72DE9FF41064603210078DCF745
:104D30008DFE0746002800F0888004213078DCF7DB
:104D400085FE044668B906213078DCF77FFE04460C
:104D500018B90C2004B0BDE8F08190F8BD30002BEC
:104D6000F7D17378042B17D104F1400004F09EFBB7
:104D700008B91220EEE7A068FEF74DFD0028F8D034
:104D8000B378002BF5D17378033B012BF1D87378FE
:104D9000012B0ED102220FE0B278002AF3D0033BA0
:104DA000012BF4D904F1400004F080FB0028EED080
:104DB000CFE7032B04D10122A16802A8DCF7A6FFEC
:104DC0007378042B3DD0B378F21C0121A068FEF764
:104DD00076FC00283BD0A068FEF707FDE28D8046F8
:104DE00094F8300094F834104FF6FF7301F0FF058B
:104DF00079BB9A4294F8351012D0002814BF3B2595
:104E000023257B79414600952046226F04F067F9FF
:104E1000024648B9A0680121FEF781FC452099E7C8
:104E2000002918BF0925ECE77B7923747378023BCE
:104E3000012B04D842460121A068FEF770FC002037
:104E400088E7204604F059F9F9E7422082E7072075
:104E500080E79A42D1D10925D3E708B5E2F7E2FA13
:104E6000002818BF0C2008BD38B50521054600886C
:104E7000DCF7ECFD88B1503004F0F5FB044620B1BE
:104E800041F6DA613920DBF74DFF05212888DCF790
:104E9000F3FD18B141F6DB61F4E74224204638BD4A
:104EA00010B50446E2F7E4FA38B92146E27911F880
:104EB000010BBDE81040DCF7E3BF0C2010BD10B5BE
:104EC0000446E2F7D5FA50B92146E27911F8010B10
:104ED000FEF7D3FC002814BF0020422010BD0C2098
:104EE000FCE710B5E2F7C4FA044618B9DCF7AAFFEC
:104EF000204610BD0C20FCE710B50446DCF79CFFF3
:104F00002070002010BD10B5052104460088DCF794
:104F10009DFD48B1A378C3F30003C374A378C3F322
:104F200040030375002010BD4220FCE7038810B544
:104F30000B80044605218088DCF788FD88B10721B5
:104F4000A088DCF783FD034620B190F83530003BA4
:104F500018BF0123A28861882088BDE81040E9F7C6
:104F600041BF422010BD038870B50B800446042168
:104F70000079DCF76BFDB0B906212079DCF766FD1E
:104F800098B190F8BD30002B14BF032502254030A6
:104F900004F08CFA58B12B46227961882088BDE84C
:104FA0007040E9F71FBF0225F1E7422070BD0C20D9
:104FB000FCE710B50446008808800F2180B2DCF7BA
:104FC00045FD014620B1A01CBDE81040FEF76FBEB4
:104FD000022010BD38B5032105460078DCF736FD08
:104FE0000446A0B1DFF7DCF828B92046691C03F0BD
:104FF00041FC002038BD204603F06EFC08B10C20B7
:10500000F8E7204603F064FC0028F8D1EDE74220E1
:10501000F0E708B51A20EDF73DF8BDE80840F3F7D2
:1050200039BF08B51A20EDF735F8BDE80840F2F7AA
:105030002FBA07B50088694601F055FC28B96846C3
:1050400005F03FF803B05DF804FB0220FAE713B562
:105050000446EAF78DF9684614F8013B8DF80330F1
:105060004FF440730194ADF8003000238DF8023006
:10507000FFF7D1FC02B010BD13B504460020ECF7D9
:10508000FDFFE378FB2B13D82278043468468DF8B3
:1050900003308DF8002014F8022C8DF8022014F84B
:1050A000032C01948DF80120FFF7B5FC02B010BD70
:1050B0001220FBE773B50546EAF75AF904462B7848
:1050C00063B100230DF1010101208DF80030EDF7EF
:1050D0001DF918B16846FFF77DFFA0B900262046EC
:1050E0008DF8006003F000FCB0428DF8036014BF3F
:1050F00080233346ADF801302B78012B05D169466A
:105100002046EAF721FA02B070BD1BB92046FEF72F
:10511000D3FFF8E71220F6E710B502210446008815
:10512000DCF794FC20B1A11CBDE81040F2F712B9E5
:10513000022010BD08B502210088DCF787FC20B1F1
:105140000021BDE80840F2F705B9022008BD37B5D7
:1051500004460D4600880921DCF778FC10B10C20CC
:1051600003B030BD0B212088DCF770FC0028F6D19D
:105170000C212088DCF76AFC0028F0D169462088E1
:1051800001F0B1FB0028EBD123882B80019BB3F801
:10519000CC306B80E4E737B504460D460088092122
:1051A000DCF754FC10B10C2003B030BD0B2120887B
:1051B000DCF74CFC0028F6D10C212088DCF746FCFB
:1051C0000028F0D1238898B22B8063880BB9122075
:1051D000EAE7694601F087FB0028E5D1648842F2DE
:1051E0001071019AA3B2D5694B43518E6943958CD6
:1051F00005FB01118B42EAD3D569D169A942FBD1E4
:10520000013B0025A2F8CC400B44C2F8C450B3FBCC
:10521000F1F3C2F8C830C7E713B500880C46088020
:10522000694680B201F05FFB18B9019B93F89D308D
:10523000A37002B010BD10B50C460221DCF706FCCD
:1052400088B1022C11D804F00103C4F3400480F8A3
:10525000153280F8144223B190F812323BB1DEF7D8
:10526000C7FD002010BD0220FCE71220FAE7184617
:10527000F8E710B504460078FF280AD00321DCF7D0
:10528000E5FB58B16378A27843EA0223C384002087
:1052900010BDB4F80100DEF789FFF8E74220F7E718
:1052A00010B504460078003818BF0120E4F7C4FDAB
:1052B0002078003818BF0120DEF75AFD002010BD0D
:1052C00010B50446ECF7E0FE50B1EAF751F861780A
:1052D000C1F3400201F0010103F043FB002010BDC7
:1052E00003212078DCF7B2FB0028F0D14220F6E75A
:1052F0002DE9F84F03780646013B1E2B02D91220F8
:10530000BDE8F88FECF7E2FEC80701D40C20F7E700
:1053100030780023D9B288420FD800274FF6FF78A3
:105320003378FDB2AB421CD84FF0000933785FFAF6
:1053300089FB5B4548D80020E2E706EB8302B2F820
:1053400001500022D4B2A04201D80133E2E78C42DE
:1053500005D006EB8204B4F80140AC42CFD0013254
:10536000F0E706EB85050021B5F80300DCF76EFBDE
:10537000044608B90220C3E790F88632F3B990F8E2
:10538000A430DBB990F8A330C3B90921B5F8010006
:10539000DCF75CFB0028EDD0D4F88832002BB5D1C7
:1053A000B0F8AC31434540F09F8094F8F5301907D0
:1053B00002D4FF2384F853310137B1E705F04AFFE7
:1053C0000028E2D125209BE706EB8B0B0921BBF8D7
:1053D0000100DCF73BFB08210446B0F8AE01DCF726
:1053E00035FB05460021BBF80300DCF72FFB8046A8
:1053F00025B94FF421513920DBF794FC10B942F65E
:105400004101F8E70123204685F86830E5F752FFAF
:10541000EFF3108372B6D8F83821C4F8152204F2DD
:105420001522C8F8382103B962B605F1200A5046A2
:1054300004F03CF8002842D16F6F2FB16FF4047272
:10544000BA1807461AB977B942F67101D3E74FF097
:105450000003D2F81112174682F8C83119B16FF45F
:105460000473CA18EEE70122284684F8C82187F899
:10547000C021E8F74BF92846E8F70AFBD8B1D7F87E
:105480009C016A68B2FBF0F100FB11229AB997F80F
:10549000BF10EA6EFD7D02F23A22A94238BF2946CA
:1054A000013900FB112101225046F4F7CBF848B135
:1054B00042F6BC019FE7296901F23A21F3E7012393
:1054C00084F8C831FEF712FBBBF80330C4F8B8010A
:1054D00004F2192424F86D3C09F10109D8F8883246
:1054E0002360C8F8884221E70B2009E738B5007827
:1054F0004FF6FF750870E6F769FAA84204461CD01B
:105500000821DCF7A3FA20B942F6E1013920DBF7E4
:1055100009FC436F4BB16FF404721344B3F8AC2130
:10552000AA420CD1D3F81132F4E708212046DCF767
:10553000A3FA18B142F6EF01E8E7022038BD0C20CB
:10554000FCE700210088FEF7DEBD70B54378054614
:10555000012B01D9112026E00378262B24D02F2BF4
:1055600027D0202BF6D1ECF7B1FD0446ECF7AEFDC9
:10557000010F41EA547101F001016B78012B01D157
:105580000029E7D00020FDF7A7FF06460220FDF71F
:10559000A3FF044696B988B96B782878012B0AD105
:1055A000ECF778FD204670BDECF790FDC1F340119B
:1055B000E3E70021E1E7ECF77BFDF3E70C20F2E7FE
:1055C000038873B5064698B20C460B80B0F5706F31
:1055D0002DD201A9E5F7F0FC694605463088E5F7CC
:1055E00007FD80B9009BD3F8C020C4F80220D3F88F
:1055F000C420C4F80620D3F8C820D3F8CC30C4F8AF
:105600000A20C4F80E3065B9019B5A6EC4F8122006
:105610009A6EDB6EC4F81620C4F81A30284602B021
:1056200070BD022D05D1022818BF0025F6E712250E
:10563000F4E70025F2E7038813B5044698B20B801F
:10564000B0F5706F19D2A378022B16D801A9E5F72F
:10565000B3FC18B9019BDA7D12B9112002B010BD5C
:1056600093F828305BB90198A178838A032B01D87D
:105670000029F2D104F07EFEF0E71220EEE70C20C4
:10568000ECE7038813B598B20C460B80B0F5706F49
:1056900013D201A9E5F790FC68B9019B93F84D304E
:1056A0006BB1019B1A6CC4F802205A6C9B6CC4F855
:1056B0000620C4F80A3002B010BD1220FBE711200A
:1056C000F9E710B50446F1F7D7FE40F27123B0FBBD
:1056D000F3F02080002010BD02884BF23F5108B546
:1056E000531E9BB28B4206D840F271205043F1F713
:1056F000C9FE002008BD1220FCE7038873B50546EB
:1057000098B20B800023B0F5706F0C468B70CB7095
:105710000B714B718B71CB710B724B728B72CB72A5
:105720000B734B733BD26946E5F762FC01A9064651
:105730002888E5F741FC054610B146B1022015E086
:105740002EB10023019AAAB942F60F2103E0009B73
:1057500023B942F605213920DBF7E4FA93F85030FB
:10576000FBB10098F9F74EF915B1002002B070BDF9
:105770000123E7E792F84D206AB1019804F0F8FDA3
:10578000019B1A6CC4F802205A6C9B6CC4F806206A
:10579000C4F80A30E9E7002BE7D11120E6E7122030
:1057A000E4E7002DF9D1CCE737B504460D46B0F853
:1057B000AE010821DCF74AF920B942F6242139204C
:1057C000DBF7B0FA5DB194F8D03004F1B402003BDD
:1057D00018BF0123D27A52B90C2003B030BD94F81F
:1057E000283004F10C02003B18BF0123F2E7002B24
:1057F000F2D103784BB1B4F8B03165B920462381BA
:1058000003B0BDE83040F8F799BC203003F04EFEFD
:105810000028F0D1E0E7A4F8B030002104F1B00096
:10582000D4E931230193B3FBF2F3DBB2013B5343E1
:105830000093D4E97A23F9F7A3F8CEE773B50446C9
:105840000D4690F8FC000A21DCF700F9064620B965
:1058500042F65C213920DBF765FA90F83030032BF3
:1058600003D185B90C2002B070BD022B09D1002DE7
:10587000F8D194F8283004F10C02003B18BF012342
:1058800007E0002DF5D094F82030221D003B18BF12
:105890000123D27A002AE5D0002BE3D106F1C00023
:1058A00003F004FE0028DDD0B4F8FA30C5B123803F
:1058B0003046D4E90535B5FBF3F5EDB204F026FA30
:1058C000A36900FB0555014601932046013D63692C
:1058D000ADB25D430095D6E90A23F9F751F8C2E766
:1058E0002046238102B0BDE87040F8F727BC38B5E8
:1058F00004460D4662B390F828300BB90C2038BD31
:1059000090F84D30002BF9D141B194F8D030002BF4
:10591000F4D094F80031002BF0D1A2B10821B4F8F2
:10592000AE01DCF793F820B942F6D2213920DBF73B
:10593000F9F9203003F0BAFD0146204604F070FD6D
:105940000DB90020DBE704F1B000F9F75BF8F8E7E8
:105950000029DAD1F5E770B504460D4690F8FC0051
:105960000A211646DCF772F820B942F6E221392006
:10597000DBF7D8F92EB394F828300BB90C2070BDA2
:1059800094F84D30002BF9D190F83030022BF5D13E
:1059900065B194F82030002BF0D094F85030002BF3
:1059A000ECD190F83030032BE8D136B101212046FC
:1059B00004F036FD0DB90020E1E72046F9F722F8A2
:1059C000F9E7002DE5D1F6E7038870B5054698B2F2
:1059D0000B80B0F5706F24D2AC78631E022B20D8F8
:1059E000092104F00106C4F34004DCF72FF828B1C4
:1059F00022463146BDE87040FFF779BF0B21288869
:105A0000DCF724F828B122463146BDE87040FFF7A4
:105A1000A2BF0C212888DCF719F80028F3D1022056
:105A200000E0122070BD0388F0B5054698B287B03B
:105A30000B80B0F5706F60D2AB78022B5DD80C2173
:105A4000DCF704F800285AD109212888DBF7FEFF8B
:105A500004460B212888DBF7F9FF07463CB320B149
:105A600042F65D313920DBF75DF90821B4F8AE016B
:105A7000DBF7ECFF10B942F66231F3E7D0E902320E
:105A80000178002918BF1A464168AB780493B1FB2E
:105A9000F2F3DBB2013B5343CDE90273D4E97A67F9
:105AA000CDE900672888FEF7DCF907B0F0BD40B308
:105AB0000A2190F8FC00DBF7C9FF064610B942F650
:105AC0007631CFE7C36DD0F8F040B4FBF3F4E4B225
:105AD00004F01CF9AB7800FB04440493013C7B699F
:105AE000A4B2A4FB0343CDE90204D6E90A23CDE91D
:105AF0000023F26DD6F8F010D4E71220D5E70C2081
:105B0000D3E70220D1E713B500880C46088001A92D
:105B100080B2E5F76DFA98B9019B93F82020998936
:105B2000D2B279B172B1D3E922120A430AD0B3F8E2
:105B30009820D3F89030628020726072A072636007
:105B400002B010BD0C20FBE713B500880C4608809E
:105B500001A980B2E5F74CFA60B9019B93F82020C7
:105B60009989D2B241B13AB1B3F89820D3F89030C4
:105B70006280636002B010BD0C20FBE72DE9FF4797
:105B8000C3780446012B05D94FF01208404604B0F3
:105B9000BDE8F087002B4CD1237D1F2BF4D8B4F83F
:105BA000153043F6F6720A3B9BB29342ECD8237849
:105BB000EF2BE9D8B4F80130B3F5706FE4D2E17D92
:105BC0004B1E1E2BE0D86FF0170504F118020023BE
:105BD0002D1B184612F8013B5E1E1E2ED4D88342A0
:105BE000D2D9A8188142F4DCF5F78EFCFF283BD10E
:105BF0000521B4F80100DBF729FF0646002800F074
:105C0000CC80437E002B40F0C88000F10C05CDE92C
:105C100002330A238DF80E3002A8DBF751FF78B16A
:105C20000C20FDF768FCE37D834220D94FF00D087E
:105C3000ACE705F00FFB0028AED14FF02508A5E733
:105C4000029890F83030022BE6D190F89820B37A81
:105C50009A42E1D100F19A012B46F27A90F899002C
:105C600000F0F1FD0028D7D04FF00C088EE70A2194
:105C70002078DBF7EBFE0028F6D10A212078DBF74D
:105C8000A7FE05460028D1D003F07CFF022342F294
:105C9000107285F83030B4F815305343C5F8FC3035
:105CA000237885F83130E37D2344DB7D85F833307C
:105CB000237E85F83430237D85F83530E378002B5A
:105CC00014BF0123002385F84F30B37A85F898304C
:105CD000F37A85F8993096F8923085F80231F368B6
:105CE000C5F89A30338AA5F89E300AD0231D05F1F5
:105CF000380204F1140153F8040B8B4242F8040BF0
:105D0000F9D105F1C000F3F797FC804658B10A219C
:105D10002078DBF7B1FE00283FF438AF42F67A4135
:105D20003920DAF7FFFF94F8179004F1190A09F106
:105D3000FF394FFA89F919F0800F06D02078F5F76E
:105D4000D9FBFF2386F8393020E70C210DF106003E
:105D5000DBF706FE09F1FF39074610B942F6834129
:105D6000DEE704F018F8384604F016FBBDF80630FC
:105D700007F5807727F8063C1AF8093007F8083C41
:105D800095F84F3007F80C3C237807F8043CD5F819
:105D900090303B60C5F89070CDE74FF04208F5E6D3
:105DA00037B50446007808700A21DBF74FFE054638
:105DB000B8B390F83030022B35D1F5F7A5FBFF28AA
:105DC00025D00023CDE9003305238DF80630684641
:105DD000DBF776FE30B9009B93F83920002AF6D025
:105DE00083F83900FF20F5F785FB05F1C00003F0CB
:105DF0003AFC044620B142F6BA413920DAF792FF64
:105E000044212846F5F786FB204603B030BD2078B4
:105E10000A21DBF731FE04460028F5D042F6C241E4
:105E2000EBE74224F0E70C24EEE710B50A21044624
:105E30000078DBF70BFE034690B190F83020032A80
:105E400001D00C2010BD827D022AFAD0827E02F0A1
:105E5000FF00002AF5D16278DA76FF229A76F1E720
:105E60004220EFE708B50120EDF788FABDE80840C9
:105E7000F3F722B80820ECF70DB90B20ECF70AB9BC
:105E800003F079B802F025BF08B5C3780246013B9C
:105E9000D8B2042801D9FE2806D11378042B03D1E7
:105EA000E2F7D4FB002008BD1220FCE710B5044641
:105EB00004B910BD236898476468F9E703680BB913
:105EC000016070471A465B6813B18A42FAD1704785
:105ED0008A4218BF5160704708B5E3F7ABFFE9F796
:105EE00063FCE0F743FFBDE80840E4F74FB908B5AD
:105EF000FE20E2F7ABFBBDE80840FFF7EDBF002353
:105F000007B5CDE9003305238DF806306846DBF789
:105F1000D7FD28B103F097FC68B140F2DD1107E02E
:105F20000098503003F09FFB0028EFD04FF4ED7144
:105F30000120DAF7F7FE0520FDF7F2FADBF782FF22
:105F400003B05DF804FB08B5F3F7A4FEE0F7CAFF61
:105F5000BDE80840E9F704BAF8F774BB002313B5AD
:105F6000CDE9003308238DF806306846DBF7A8FD3D
:105F700058B10920FDF7D4FA0820FDF7D1FAE5F76A
:105F8000DDFC78B14FF40A7107E0009C04F12000B9
:105F900003F069FB20B140F21B210120DAF7C2FEB9
:105FA0006067E2E702B010BD08B5DDF77BFDEFF7F3
:105FB0007DFC20B14FF495710120DAF7B3FE032088
:105FC000BDE80840FDF7ACBA08B50220FDF7A8FA15
:105FD0000020FDF7A5FADBF70FFEECF7FFF8DCF782
:105FE0002FFD20B14FF485710120DAF79BFE08BD2B
:105FF000FFF7EABF08B5FFF7D7FFF0F70BFC20B1BA
:1060000040F23F110120DAF78DFE08BD08B5FFF719
:106010006EFF02F0ACFF20B14FF4C6710120DAF739
:1060200081FE08BD002307B5CDE9003304238DF8B8
:1060300006306846DBF744FD38B102F0EDFF48B1A9
:106040004FF4E3710120DAF76DFE0098403003F061
:106050000AFBEEE70420FDF763FA03B05DF804FBEA
:1060600008B50A20FDF75CFA0B20FDF759FA0C2061
:10607000FDF756FA03F084FD20B140F233210120F0
:10608000DAF750FE08BDFFF79FBF08B5E0F722FF23
:10609000EBF752FEEBF79EFE02F06BFFBDE8084007
:1060A000EDF768B810B5C378044691B163B90388B9
:1060B000012B01D95B082380EDF76CF92388B0FB35
:1060C000F3F202FB1300A070E37883F00103E370A6
:1060D00010BD002BF8D10388FE2BEDD85B009BB2DE
:1060E000FF2B88BFFF23E6E783780BB1013B83706A
:1060F0008078B0FA80F0400970470123038040F2B5
:1061000001134380704705F079B80B46152203F858
:10611000032BD0F80920C1F80320427B1A71704785
:10612000012804D1012914BF002001207047022852
:1061300001D10229F7E7042801D10429F3E700205F
:10614000704730B585B004460D46ECF7A1FE80B32C
:106150006FF4C87302A91C442088ADF8000000F059
:10616000C2FB18B12E217E20DAF7DCFD039B022151
:10617000684693F878208DF8022093F87920B3F8D8
:106180007A308DF80320ADF80430FEF732F808B10C
:106190004421E8E78DF808009DF808308DF80900E3
:1061A000002063F307009DF8093063F30F2005B06A
:1061B00030BD2E232B70D4F80930C5F803300423EA
:1061C0008DF80830E8E708B5436893F89E201AB1C7
:1061D00085217E20DAF7A6FD212283F89E2008BDC6
:1061E000034610F0010005D19A0702D403F0040021
:1061F00070470220704730B5C1F3072285B0CCB29A
:10620000C0F30723C5B2019011462046FFF788FF6F
:1062100020B919462846FFF783FFF0B12B402340F1
:1062200002EA03010B4688071BD411F0010201D1D9
:1062300001F00402990716D413F0010001D103F014
:106240000400042A04D1BDF80630012B08BF032244
:10625000D2B242EA002005B030BD05EA0201234077
:10626000E1E70222E6E70220EBE72DE9F84F894655
:1062700005460846904601F0E9F88246484601F096
:10628000E9F88346FFF7ACFF06465046FFF7A8FF44
:1062900046EA00070446FFB2003F18BF0127EBF7AC
:1062A0001BFF00EA0B00C0B2002808BF0026EBF776
:1062B00013FF00EA0A0095F87C20C0B2002808BF4E
:1062C0000024B24214BF3346002388F8003095F80A
:1062D0007D20A24208BF0024234388F801400CD14E
:1062E000484601F0BDF8B5F89830DB43184447F64E
:1062F000FD7380B2984288BF0027BEB995F87C0034
:10630000E8F7FEFD03280ED195F84C31012B0AD198
:10631000B5F8502195F87C30012A09D1032B09D01A
:10632000032388F800303846BDE8F88F042EEAE7EA
:10633000042BF8D00423F4E7042905D101280CD15B
:106340000321138051807047032906D1012804D00E
:1063500004210120138051807047002070470128DC
:1063600006D0022804D0033801288CBF0020042066
:1063700070477FB54468CDE900211146019894F833
:106380007C6094F87D50FFF736FFC3B2C0F307205E
:10639000B34208BF0023854208BF002084F8423280
:1063A00084F8430204B070BDF7B5446806460F4652
:1063B00094F89F50002D65D194F89E30253B022B18
:1063C0002DD901A8EBF756FFE8B1019B0DF10301B0
:1063D000DB788DF803300DF10203162294F89E004D
:1063E00001F09AFB88B19DF802201621304601F099
:1063F0007EFB322384F89F30012384F8E0300023B1
:10640000A4F8DE300CE02946E5E7384601F00FF845
:1064100048B93946304601F0ADFB054600E020257D
:10642000284603B0F0BD3B7903F0070384F87430CD
:106430007B7903F0070384F8753094F84D31DBB9AC
:1064400094F84C31012B17D094F87D3094F87420D7
:10645000D91E012998BF04239A420FD194F87C30A9
:10646000DA1E012A94F8752098BF04239A4205D1B8
:106470007368022283F84C212323BBE73046EBF7F5
:1064800077FEF9E70125CBE7F8B5446806460F46E5
:1064900094F89F50A5F12103062B47D92F2D45D005
:1064A000002D41D194F89E30262B3FD0084600F0B5
:1064B000BEFF28B939463046BDE8F84001F046BB7A
:1064C0007B7903F0070384F875303B7903F0070309
:1064D00084F8743094F84D31D3B994F84C31012BD1
:1064E00016D094F87D3094F87420D91E012998BFF5
:1064F00004239A4214D194F87C30DA1E012A94F8CD
:10650000752098BF04239A420AD1022384F84C31A3
:106510002323304684F89F3001F0D0FA2846F8BD96
:106520003046EBF725FEF3E70125F7E72025F5E7F1
:10653000436837B593F89E3004460D46212B26D18B
:10654000084600F07FFF616868B9A1F842026368FD
:106550000122002083F8DC202522A3F8D80083F84C
:106560009E2003B030BD2A7900206B7902F007022B
:10657000ADF8060003F00703D1F84E118DF80420A2
:1065800020468DF80530019AFFF7F3FEDFE7012082
:10659000E7E72DE9F743456804460F4695F89F3035
:1065A00095F89E80242B2CD19F35384600F05AFF59
:1065B00000284DD0384600F049FF8146384600F0AB
:1065C00049FF0146FFF70CFE666848B396F87C3039
:1065D000984225D096F84C21012A0CBF96F84E21FE
:1065E00096F87820114233D0B8F1220F18D096F8DF
:1065F0007520114214D153B940F203210620DAF775
:1066000091FBB8F1220F40F0C3809E35CDE7032BFC
:1066100001D0032832D1984294BF00200120B8B99C
:106620004846FFF7DDFD00284BD096F87D308342C9
:1066300047D096F84C31012B0CBF96F84F3196F8A5
:10664000793019EA030F14BF01230023002B38D13E
:10665000636893F84C21012A19D11E212046EBF7DB
:1066600069FDB8F1220F20D1FA786368182A83F8FF
:10667000292110D040F269217E20C0E7042BCAD026
:106680000428C8D098422CBF00200120C7E7002270
:1066900083F84C21E5E70A2283F89E2093F8DC304A
:1066A000002B3CD140F27121E6E7002320462B70FD
:1066B00001F00EFA3946204603B0BDE8F04301F080
:1066C00045BA304601AA3946FFF7CFFD666880BB60
:1066D00096F84C31012B29D1B6F8983006F5357271
:1066E00096F87C10B6F85001FFF726FE0646C0B9B2
:1066F00001462046EBF71EFD2E70636803F19F02F2
:10670000954202D1002283F89F20636803F19F0223
:1067100095424FF0000538D1204601F0D9F900200C
:1067200037E06368282283F89E20E6E786F84C016C
:10673000E3E7384600F094FE6368A6F8D402B3F8A5
:10674000D422B3F89810013A521A47F6FD7192B26A
:106750008A4206D92822204683F8C120EDF72EFA76
:10676000D3E793F89F200E2A02D00B3A012A01D8D2
:106770002A22F0E79DF8042083F8D6229DF8052010
:1067800083F8D72226232B70BFE783F8DC50C6E7B7
:10679000022003B0BDE8F083436810B593F89F2052
:1067A0000446B3F84212232A15D181B983F89F1009
:1067B00093F84C31012B01D1EBF7BCFC636800224C
:1067C00083F84C216368002283F8E02010BD262264
:1067D00083F89F20F6E793F89E20252A0DD141B932
:1067E00083F89E10EBF7A6FC6368002283F8DC2098
:1067F000ECE7262283F89E20F6E740F27D317E20EA
:10680000DAF790FA08B5436893F89F20232A05D059
:1068100022B14FF461717E20DAF784FA242283F8E2
:106820009F2008BDFF234371002303710360437160
:10683000704743791BB903680BB101221A60704796
:10684000EBF7CCBC704730B542400C7818785D78D7
:106850004440487868409D78044488786840DD78F2
:106860000444C87868401D795B7904440879497903
:1068700068404B4004442344D3420CBF0120002015
:1068800030BD034600200139C9B2FF2900D170474D
:106890005A5C82F001021044C0B2F4E708B5EBF78D
:1068A0005BFD082807D0EBF779FD082803D0EBF74C
:1068B00089FD012008BD0020FCE708B5EBF74CFD81
:1068C000082803D0BDE80840EBF768BD08BD08B54F
:1068D000F5F7C6FD18B1BDE80840F5F7F7BD08208B
:1068E00008BDF5F7BDBD70B50D4600210646DBF7C6
:1068F000ADF80446686010B10020287070BD022118
:106900003046DBF7A3F8686018B1012320462B70EE
:10691000F4E70220F2E770B5047934F01F040ED1D9
:10692000461E051D16F8010F01F085F80444AE421D
:10693000E4B2F7D1012C94BF0020012070BD0020EB
:10694000FCE701440023884203D1B3FA83F04009F5
:10695000704710F8012B1343F5E7F8B505460C46D0
:10696000D0E90476FAF7BCF820B94FF481712920F8
:10697000DAF7D8F9F4B1D5E90431DA1B61EB060393
:10698000012A73F100014FF0000115DB6FF00100E7
:10699000904271EB030302DA4FF48671E7E7631E5E
:1069A0001344B3FBF4F35C43E41946F10006C5E974
:1069B00004461C462046F8BD0C46FBE7CB1E012BC7
:1069C0000FD8032915BF4FF41673962340221022C7
:1069D00003F5BC73984212D9C01A90FBF2F080B252
:1069E0007047022905D13C2809D93C38C0F38F00F3
:1069F0007047702803D97038C0F3CF00704700206B
:106A0000704703460868986770470229024608B530
:106A100015D006D801290AD040F27D112920DAF7D5
:106A200081F903390129F7D840F6A66008BD40F680
:106A3000C41340F2E240002A18BF1846F6E740F6B9
:106A4000C410F3E76FF4B37C6044884294BF091A22
:106A5000491A1868012900EB5100186098BF0020FE
:106A6000136888BF0120A3EB51031360704708B57A
:106A7000F6F708FBBDE80840ECF716B9C3B293FA85
:106A8000A3F3000A90FAA0F01B0E000E43EA0020C8
:106A900070470131821DF8B5C9B20023012512F8F3
:106AA000010B884216D312F8066C002405FA04F78D
:106AB000E0B237421CBF01F1FF31C9B269B1013404
:106AC000082CF3D10133DBB2052BE8D19921462004
:106AD000DAF728F9091AC9B2F4E700EBC300C0B22B
:106AE000F8BD0B6870B5C0F8013004460B79451C41
:106AF000861D03F01F0343710023C37215F8010BB9
:106B000000F099FF2871B542E37A1844E072F5D19C
:106B100070BD81EA114189B270B50446C57A032679
:106B200082EA0100FFF7AAFF013E00EB001016F019
:106B3000FF0601EB000290B2F4D141402522B1FBE7
:106B4000F2F302FB1313C3F3C402D8B203F007033A
:106B500022445678012202FA03F31E4207D1694308
:106B60002046C1F30741BDE87040FFF792BF70BDFA
:106B7000F8B590F8215004466B1E242B56D8002AF5
:106B800056D0807D18B1012846D01F2019E094F816
:106B90002310012694F8223002FB03132522B3FBB5
:106BA000F2F102FB1133DBB204EBD30284F82330A1
:106BB000D17D03F0070206FA02F2114202D084F8F6
:106BC0002430F8BDB3FBF5F205FB123304F11C01D0
:106BD00002460133D8B211F8013B834219D311F8B0
:106BE000067C002306FA03FCDDB21CEA070F1CBF7B
:106BF00000F1FF30C0B220B905EBC20284F82420B6
:106C0000DFE70133082BEDD10132D2B2052AE2D100
:106C1000BBE7C01AC0B2F7E7228904F11600096A7F
:106C2000FFF777FF84F824000020CAE71220C8E7A6
:106C30001046C6E72DE9F04105469DF8180082EAA6
:106C400012420E460128E97A94B240D183EA040048
:106C50000327FFF713FF7B1E00EB001013F0FF0765
:106C6000204480B2F5D1444025233080B4FBF3FCAE
:106C700003FB1C4CCCF3C4031FFA8CF25FFA8CF8B4
:106C80000CF0070C2B445878012303FA0CFC10EA93
:106C90000C0F13D01F2AD5F80100697950D8934002
:106CA000013B0F40184000F091FE0446384600F0CA
:106CB000C2FE04444046B470BDE8F0814C43241445
:106CC000B470B1782846BDE8F041FFF7E2BE08296C
:106CD000B77827D84B1FA1F10A0202EBD2725210EB
:106CE0009A421046B8BF1846012825DD9A421DDD9C
:106CF000212923D8D2B23088FFF7C0FE00EB001064
:106D0000A1EB42033A44204480B24440308003FB6C
:106D1000044402EB2442D2B2B2FBF1F301FB132292
:106D2000B270CEE7212909D80323D4E708290A46FF
:106D300028BF0822053ADDE70122DCE70B22DAE76B
:106D4000203A9340013BDFB24FF0FF33A9E70346FF
:106D500012EA010003D013F03F0018BF0120704772
:106D6000407870470B68C0F803308B88A0F8073074
:106D70007047D0F803300B60B0F807308B80704755
:106D80000B68C0F809308B88A0F80D307047037885
:106D9000890123F0400301F040010B430370704769
:106DA0000078C0F380107047037803F07F0343EA54
:106DB000C113037070470078C00970471F2A38B5A7
:106DC0000546144603D9BF212A20D9F7ABFF063464
:106DD0000930FBF781FB6C7038BD1F2A38B50546BA
:106DE000144603D9E1212A20D9F79CFF0634093043
:106DF000FBF772FB6C7038BD30B50378024603F0C8
:106E00000F03032B40D0052B1FD1C37F90F8200028
:106E1000034392F82100034392F82200034392F8BF
:106E2000230020F01F0018432DD05378222B0CD1C3
:106E3000B2F81930B2F81740907D41B1B3F5506FF8
:106E400005D940F607518B420ED900201BE0991F4F
:106E500040F67A4589B2A942F7D8411E0729F4D8ED
:106E60008342F2D9A342F0D3B2F81B30B3F5FA7FD4
:106E7000EBD2B2F81D0040F676430A3880B2984251
:106E80008CBF0020012030BD4078A0F10C03584297
:106E90005841F8E72DE9F04190F8038005460E4689
:106EA00018F03F0700F09180072900F28E80DFE89C
:106EB00001F004101A242E38424C01790122404678
:106EC000FFF745FF00280CBF344605242046BDE8E7
:106ED000F081017902224046FFF739FF044600287D
:106EE000F4D0052462E0017904224046FFF72FFF29
:106EF00004460028EAD0052450E0017908224046E3
:106F0000FFF725FF04460028E0D005243EE0017984
:106F100010224046FFF71BFF04460028D6D0052468
:106F20002CE0017920224046FFF711FF044600289B
:106F3000CCD034461AE0017940224046FFF707FFE3
:106F400004460028C2D0052408E0017940224046CA
:106F5000FFF7FDFE00280CBF052406242022297916
:106F60004046FFF7F4FE08B11234E4B2102229794A
:106F70004046FFF7ECFE08B10334E4B20822297959
:106F80004046FFF7E4FE08B10234E4B20422297956
:106F90004046FFF7DCFE08B10134E4B20222297951
:106FA0004046FFF7D4FE08B10634E4B20122297945
:106FB0004046FFF7CCFE08B10634E4B2072E85D177
:106FC000231F9F42B8BF002480E700247EE770B5EE
:106FD0000C46064611461D4624B940F2E9212A20F6
:106FE000D9F7A0FEFFF756FF10B940F2EA21F6E705
:106FF000031F2B443F2B02DD40F2EB21EFE72A4633
:1070000021463044BDE87040FBF766BA10B504462F
:10701000FFF740FF00B1204410BDC07800F03F00F2
:107020007047C37803F03F0343EA8113C37070478E
:10703000C1F3800330B5C1F38014C1F3400523448C
:10704000C1F3001404EB44042344C1F3401404EBE3
:10705000C40403EB4403C1F300042C44C1F3C00592
:10706000134404EB44042C4403EB440313F0FF03E8
:107070001CBF01330171C17818BFDBB221F03F01A1
:1070800003F03F042143C170591C41701AB104330D
:107090009B1A013AC25430BD70B5C47806461546F5
:1070A00004F03F041319FE2B04DD40F247312A207F
:1070B000D9F738FE0135201D2C443044FBF70CFA7B
:1070C000747070BD4378C078013B00F03F00181A1F
:1070D000C0B27047F8B50E4619460746FFF7F2FFF3
:1070E000451AECB2944228BF14464EB1FA783046A5
:1070F00002F03F020432114422463944FBF7ECF916
:107100002046F8BD2DE9F047C678012201793046C6
:10711000FFF71DFE022205463046FFF718FE20222B
:1071200082463046FFF713FE082207463046FFF737
:107130000EFE102281463046FFF709FE0422044667
:107140003046FFF704FE402280463046FFF7FFFD41
:1071500005EB0A0307EBC707404404EB44044F4424
:1071600003EB430320443B4400EB430010F0FF00DB
:107170001CBF0130C0B2BDE8F08738B5C578044601
:10718000AB09032B1ED005F03F054378AB4219D95C
:10719000FFF7B8FFA84215D895B12379DB060FD5C4
:1071A00004212046FFF732FF48B1037803F03F0384
:1071B000242B07D880785F288CBF0020012038BDA1
:1071C0000120FCE70020FAE70278437802F00F0282
:1071D000072A12D8DFE802F0080408111111080E7E
:1071E0000C3B584258417047063B1F2B8CBF002078
:1071F000012070470BB1FFF7C0BF00207047027835
:1072000002F00F02072A0AD0082A0AD0042A0ED157
:10721000407806381F288CBF002001207047FFF7F8
:10722000ACBF4078A0F10E0358425841704700208F
:10723000704740787047037801F0030123F003039F
:107240000B4303707047007800F003007047037829
:10725000490123F0200301F020010B430370704724
:107260000B78837070471B2A08B504D940F252414D
:107270002A20D9F757FD42700330BDE80840FBF7DC
:107280002BB9B0F807007047B0F809007047C17219
:10729000090A01737047B0F80B00704770B5B0F879
:1072A0000730B0F80950B0F805600479B0F80B0069
:1072B00091B1B3F5506F0FD940F60752934218D8E9
:1072C000B5F5FA7F15D20A3840F6764380B2984277
:1072D0008CBF0020012070BD9A1F40F67A4192B207
:1072E0008A4206D8621E072A03D89C4201D29E42D7
:1072F000E5E70020EFE70B6843600B790372704706
:1073000043680B60037A0B717047B0F8090070474F
:10731000007970470B6843604B688360704743682F
:107320000B6083684B6070470B888381704783894B
:107330000B8070470B68C0F80E304B68C0F81230F5
:107340007047D0F80E300B60D0F812304B607047A9
:107350000B68C0F816307047D0F816300B607047D5
:10736000FFF7D8BFFFF7DBBF0B68C3607047C36888
:107370000B607047007970470171090A41717047CD
:107380008171090AC17170470172090A417270471F
:107390008172090AC1727047043070472630704705
:1073A000043001F1200351F8042B994240F8042BDA
:1073B000F9D10B880380704738B515460446FFF7AE
:1073C000EFFF2B68C4F826306B68C4F82A3038BD4C
:1073D000C37803F06003402B10B524D08288052ABF
:1073E00021D9837AD0F80640C3F3040323431AD08B
:1073F000838ACB1A1BB2002BB8BF5B429BB2B3F59A
:10740000804F10D2438AC08A181A00B20028B8BF31
:10741000404280B2012808D95043B0F57A6FCCBF02
:107420000020012010BD0020FCE70120FAE70379CD
:10743000024613F0070004D0507910F0070018BF7F
:1074400001207047FFF7F3BF017170470079704763
:1074500041717047407970478171090AC171704765
:10746000C08870470279437902F0070203F00703EE
:10747000511E0A40591E0B4013430CBF012000202F
:1074800070470171704700797047417170474079CA
:1074900070470B7803714B7843718B788371CB788D
:1074A000C3710B7903724A7910B513020C7902F09B
:1074B0000F0203F4404344EA022213431B124372B7
:1074C0008B798372CB7903F00F03C3720B7A03734A
:1074D0004B7A43738B7A03F00F038373CB7AC373B6
:1074E0000B7B03744B7B03F00F034374CB898374D2
:1074F000CB891B0AC3740B8A03750B8A1B0A43755D
:107500008B7C8375CB7CC3750B7D03764B7D43767B
:107510008B7D03F0F002C3F3030313438376CB7D2B
:10752000C3760B7E0377B1F819304377B1F8193081
:107530001B0A8377CB7EC3770B7F80F820304B7F8D
:1075400080F821308B7F80F82230CB7F80F8233089
:1075500091F8203080F82430B1F8213080F82530BF
:10756000B1F821301B0A80F8263010BD03790B706A
:1075700043794B7083798B70C379CB7003890B711E
:10758000C3F303224B7923F00F0313434B71038999
:107590004A799B0B63F386124A71D2B20389DB0BE3
:1075A00063F3C7124A7143898B71C3F30322CB790A
:1075B00023F00F031343CB71837B427B10B5047B15
:1075C0004A7203F00F028B7A0C7223F00F031343FD
:1075D0008B72027C437CC47BCC720A7303F00F0273
:1075E0004B7B23F00F0313434B73438ACB81838A76
:1075F0000B82837D8B74027E437EC47D4B75CC747D
:107600000A758B7D827E62F303038B75837E8A7D90
:107610001B0963F307128A75C37ECB75037F0B7654
:10762000B0F81D30A1F8193090F8202090F82130E2
:10763000C47F0A77CC764B7790F8243090F82320DB
:1076400090F82240CA778C7781F82030B0F8253046
:10765000A1F8213010BD0B7803714B7843718B7802
:107660008371CB78C3710B7903724B794372CB88EA
:107670008372CB881B0AC37270474279837910B535
:1076800004794A700C708B70437A027AC4790A715B
:10769000CC704B714389CB8010BD0B6803710B68B4
:1076A0001B0A43710B681B0C83710B681B0EC371A3
:1076B0000B7903724B7943728B798372CB79C372E6
:1076C0000B7A03734B7A43738B7A8373CB7AC373CE
:1076D0000B7B0374B1F80D304374B1F80D301B0A05
:1076E00083747047436810B50B60427A837A047ADA
:1076F0004A710C718B71027B437BC47A0A72CC7124
:107700004B72037CC27B847BCA728C720B73B0F8A1
:107710001130A1F80D3010BD0B7803714B78437117
:107720008B788371704703790B7043794B70837941
:107730008B707047FB2908B504D940F2E6712A2006
:10774000D9F7F0FA417008BD037843B1406890F86A
:10775000123223B1002380F81232DCF749BB7047A4
:1077600008B5017A19B101290DD0002008BD0368C0
:107770000221C2888088EBF739FB0028F6D1EBF7AD
:1077800039FD0120F2E70368C288F3E702230B709A
:1077900001238B707047EBF79FBC10B521B94FF4F4
:1077A0001C711020D9F7BEFA4A600B72EFF31084F7
:1077B00072B6031D0B6042681AB1127A012A08BF23
:1077C000036003681960016004B962B6BDE8104047
:1077D000EBF7CABC0222EBF7FBBC0322EBF7F8BCC9
:1077E0000422EBF7F5BC0222EBF736BD0322EBF7E0
:1077F00033BD0422EBF730BD14230B706FF4BA7362
:1078000018440388A1F80330B0F85030A1F80530CF
:10781000B0F85430A1F80730B0F85230A1F8093070
:10782000B0F85630A1F80B30704708B5CB1E012BCD
:1078300004D8800100F5747080B208BD012902D11E
:107840000E30C000F8E7022902D10F308000F3E7C4
:1078500040F265210620D9F765FA40687047033980
:1078600001298CBFC08A4FF42960704770B590F829
:107870007C608D88033E0C89012E04D943B11678B3
:10788000033E012E04D8B5F5296F38BF4FF42965A2
:1078900090F87D60033E012E04D943B15378033B39
:1078A000012B04D8B4F5296F38BF4FF42964CB8875
:1078B0004A88A0F86830A0F86420A0F86650A0F8C4
:1078C0006A4070BD38B5CB1E0446012B10D9C38B5E
:1078D000458C9D4228BF1D46207AFFF7A6FF63898D
:1078E000AB4228BF2B46984238BF184680B238BDFD
:1078F0004FF42965F0E72DE9F041064690460C4625
:10790000B0F8500011461F46FFF78FFF054641466D
:1079100006F14400FFF7D6FF85423946A7F1030779
:1079200028BF0546B6F85800FFF77FFF012F034632
:10793000ADB28CBFB6F85A004FF42960834228BF1D
:107940000346A01D9BB280B22B441844BDE8F081D1
:1079500010B441F64B51C46990F87D308C4294BF0D
:107960004D21962190F87C2010BCFFF7C4BF70B564
:1079700041F64B53C6690C4615469E428CBF96266F
:107980004D26FFF7E5FF30442844A04294BF201A5B
:10799000002070BD38B50D460446FFF7D9FF2844D6
:1079A000A06438BD006801F19C03984283BF401A6F
:1079B0009C38400800207047002803DB814204DC2B
:1079C00008B202E049428142FADC704700F05533C8
:1079D000400800F05530034403F033329B0803F0B5
:1079E00033331A4402F00F33120902F00F321344FA
:1079F00003F0FF101B0A03F0FF13034403EB1343D0
:107A0000D8B2704745F2555300EA030203EA50002A
:107A1000104443F2333200EA020302EA90021A44AD
:107A200040F60F7302EA030003EA1213184400EB56
:107A30001020C0B2704700F05503400800F0550018
:107A4000184400F03303800800F03300184400F0BD
:107A50000F0303EB1010704780EA6000FFF7B6BF1A
:107A600040F34E039BB25840FFF7CCBF0346084695
:107A70000BB108B91846704783428BBFB3FBF0F2D5
:107A8000B0FBF3F200FB123303FB1200F0E710B57A
:107A90000C4600B119B96F217920D9F743F9444355
:107AA000FFF7E4FFB4FBF0F010BD4368002283F859
:107AB0009E2083F8DC20A3F8D8207047436800227A
:107AC000A3F8DE2093F8E020013283F8E02070472D
:107AD000426808B592F8E030013B5BB2002B82F8B7
:107AE000E03003DA34214A20D9F71CF908BD436895
:107AF00083F82B1183F82A217047A0F10B03042B84
:107B000008D9A0F12103062B04D9A0F12F03584274
:107B10005841704701207047162A10B504460846A0
:107B200012D1A4F10C02032A03D82A2201201A70D0
:107B300010BD212C01D12322F8E70029F8D00A78C2
:107B4000012AF2D9162AF6D00020F1E74268D2F8CD
:107B5000903010B513F008040AD143F00803C2F8BE
:107B60009030CB7882F82831FFF7A8FF204610BD6F
:107B70000120FCE7436893F89F0058B9CA78A3F83E
:107B8000DE0083F82821032283F89F20012283F856
:107B9000E02070470120704708B5436893F89E3095
:107BA0001BB1C6214A20D9F7BDF808BD38B5054636
:107BB0000C46B1F86810FFF7DFFBB4F83611284621
:107BC000FFF7DEFBB4F864102846FFF7DDFBB4F8DE
:107BD00034112846BDE83840FFF7DABB10B54468D9
:107BE00094F8A030073B012B07D90846FFF790FB1C
:107BF000072384F8A10084F8A030002010BD42685B
:107C000092F8A030073B012B84BF082382F8A030F4
:107C10007047F8B5476804460D4697F89F6016BB55
:107C20000846FFF772FB6168A7F8D402B1F8D432B6
:107C3000B1F89820013B9B1A47F6FD729BB2934224
:107C400007D92823204681F8C130EBF7B7FF30462B
:107C5000F8BD01F2D6212846FFF752FB63680B22DC
:107C600083F89F20F3E70126F1E708B5436893F80E
:107C70009E201AB12A215520D9F754F80C2283F8F6
:107C80009E2008BD0B46082203F8032BD0F80920DC
:107C9000C1F80320D0F80D205A60427C1A720023EC
:107CA000CB707047F8B5436806460D4693F89F4081
:107CB000002C66D193F881102846FFF7EFFA28B917
:107CC00029463046BDE8F840FFF740BF7268B5F876
:107CD0000D30B2F89810A2F8D432C9430B4447F6DD
:107CE000FD719BB28B4207D92823304682F8C13000
:107CF000EBF764FF2046F8BD2846FFF7C2FA6FF4A1
:107D00005063776841F64B52C3189BB2062B96BF5F
:107D10004FF47A7340F2E243A0F55060584390422A
:107D2000C7F8DC022B798ABFC3EB431203EB830352
:107D300003EB820341F64B5295BF03EB830303EB46
:107D400083039B005B0088BF9BB29042284694BF90
:107D5000642240F2E242A7F8D632B5F80530534328
:107D6000C7F8D832FFF790FAA7F8E00228467768FC
:107D7000FFF791FA73680E22A7F8E20283F89F20BA
:107D8000B8E70124B6E708B5436893F89E201AB116
:107D90005C215620D8F7C6FF0E2283F89E2008BD2E
:107DA0000B230B70D0F80930C1F8023070470B4636
:107DB0000C2203F8022BB0F809204A80C27A9A708C
:107DC000704710B50446406890F89E30182B14D1C7
:107DD00000F5887200F51771052300F51B70FAF79E
:107DE000F9F8636801220020002183F8A3201A22F9
:107DF000C3E9400183F89E2010BD0220FCE738B59E
:107E00000D464168044691F89E30152B10D101F5BE
:107E100019712846FFF7A6FA6168284601F59271A4
:107E2000FFF7A5FA63681822002083F89E2038BD6A
:107E30000220FCE7436893F89E20112A05BF00202A
:107E40001422022083F8A30008BF83F89E20704705
:107E500008B5436893F89E20142A04D040F20B1111
:107E60001F20D8F75FFF012283F8E220132283F856
:107E70009E2008BD38B54368054693F89F4034B14D
:107E8000123C0B2C94BF08240124204638BD93F8E3
:107E9000A420002AF9D0D3F8383133B9FFF70EFE09
:107EA0006B68122283F89F20EFE70C220A21FFF76C
:107EB0001EFE6B683222284683F89F20FFF7FEFDE6
:107EC000E3E708B5436893F89F20162A04D040F2F0
:107ED00079111F20D8F726FF012283F8E12017220D
:107EE00083F89F2008BD436893F89F20132A05BF9D
:107EF00014220020022083F89F207047436810B5A9
:107F000093F89F300446192B07D1FFF7E1FD636812
:107F10001D22002083F89F2010BD0220FCE708B539
:107F2000436893F89F20122A04D04FF4D1711F2088
:107F3000D8F7F8FE012283F8E120132283F89F206E
:107F400008BD08B5436893F89F20172A04D04FF462
:107F5000D5711F20D8F7E6FE192283F89F2008BDAF
:107F600008B5436893F89E201A2A04D04FF4ED71A7
:107F70001F20D8F7D7FE1C2283F89E2008BD08B525
:107F8000436893F89E2022B14FF4F0711F20D8F778
:107F9000C9FE012283F8E120112283F89E2008BD4A
:107FA00008B5436893F89E203AB193F8E22022B9CD
:107FB00040F2E7111F20D8F7B5FE012283F8E12037
:107FC000152283F89E2008BD0B46072203F8032BD9
:107FD000D0F80920C1F80320D0F80D205A60B0F87D
:107FE00011201A81C27C9A72704708B5436893F8D1
:107FF0009E201AB1BC211C20D8F794FE042283F8DD
:108000009E2008BD08B5027843684AB993F89F20BE
:108010001AB1C4211C20D8F785FE83F8E02008BDE2
:10802000D3F89010CA0701D4C921F3E793F8E020F0
:10803000013A52B2002A83F8E02001DACB21E9E7C5
:1080400021F00101C3F89010E9E70E23A0F5B67006
:108050000B7003884B8070474368017893F89E202B
:1080600061B9052A08BF00224FF0000002BF83F863
:10807000D02083F8DC2083F89E207047102AF1E797
:1080800038B5037845682BB995F89F00012380B176
:10809000012015E0D5F8903013F00404F8D1FFF773
:1080A0000DFDD5F89030204643F00403C5F890301C
:1080B00006E085F8E0300223A5F8DE0085F89F3061
:1080C00038BD0378426813B982F8E0307047D2F8BF
:1080D000903023F00403C2F89030FFF7F9BC08B5E4
:1080E000436893F89E201AB171214B20D8F71AFEED
:1080F0000278002A0CBF0522102283F89E2008BDBA
:1081000010B5D0E90D42A24206D38B8C121B498ECA
:1081100005334B43934202D3012380F8403010BD16
:1081200001230B7000238B7030F8E43CA1F803307E
:10813000437A4B714389CB8083890B81704708B5A3
:10814000436893F8E32091070ED493F89E201AB168
:1081500074214020D8F7E6FD0121A3F8D82083F848
:108160009E1083F8DC1008BD027842B993F89F2076
:108170000AB983F8E020002283F85221F3E7D3F80C
:1081800090108A07F7D593F8E020013A52B2002AFE
:1081900083F8E02001DA8621DBE721F00201C3F851
:1081A0009010E8E710B50B7901284C790A6843EA8A
:1081B0000421104608BF41F4803110BD07B5FFF718
:1081C000F1FF0DF10702EBF79DFF03B05DF804FB33
:1081D00038B50546FEF721FF044608B9002038BD32
:1081E00007212846FEF756FE0028F7D00434201A4F
:1081F000C0B2F4E770B506460D460721FEF706FF4C
:1082000004463046FFF7E4FF014674B1A0B10023F5
:108210005A1CE018D2B2A65CE25CAE4211D12C2D01
:1082200005D0322D0BD0282D07D0002004E0222AC3
:1082300002D03A2A18BF002070BD082AFAE7092A9E
:10824000F8E701321344DBB29942E1D8EDE70B467F
:10825000062203F8032BB0F80920A1F80320C27A04
:108260009A7070470B46172203F8032BD0F80920A9
:10827000C1F80320D0F80D205A607047312301F86F
:10828000033B00F10903293053F8042B834241F8E2
:10829000042BF9D11B880B807047F0B50646BDF85A
:1082A000147001F5A571D92E344607F0010507F0C9
:1082B000020028BFD9243034A4B2FF2C28BFFF24E9
:1082C000BF0700F0AF8048B3042A21D0032A22D090
:1082D000022A0CBF4FF496744FF414740C44D11E50
:1082E000C9B29C34022934BF28200020012904444B
:1082F00040D804F535649834002D48D0042A40D085
:10830000032A41D0022A0CBF6421C0210819F0BD04
:1083100041F2D024E2E740F2CE54DFE783B1042AF1
:1083200008D0032A09D0022A40F6480408BF4FF4B7
:108330008564D3E744F29024D0E741F2BE14CDE740
:10834000042A05D10534A4B2A40104F5C874C5E714
:10835000032A05D10534A4B2240104F5BF74BDE796
:10836000022A0BBF0B340A34A4B2A4B20CBFA4007F
:10837000E400B3E7022A0CBFB4204FF4B070044409
:10838000B9E74FF4CA61C1E740F2AE21BEE793B14D
:10839000042A0AD0032A0BD0022A40F648000CBF58
:1083A0004FF485610146601812E044F29021FAE72B
:1083B00041F2BE11F7E7F12E354628BFF125042A18
:1083C0001ED105F1130080B2800100F5C87528198F
:1083D000D92E9CD9D93EF721B6B2002B56D0F6360D
:1083E000042AB6FBF1F64BD0032A4CD040F272536C
:1083F00040F69211022A18BF0B4603FB060086E7DF
:10840000032A05D11335ADB22D0105F5BF75DEE7A1
:10841000022A0BBF19351835ADB2ADB20CBFAD0095
:10842000ED00D4E78BB1042A09D0032A0AD0022A2E
:1084300040F648000CBF4FF485640446B3E744F2AD
:108440009024B0E741F2BE14ADE7042A05D105340B
:10845000A4B2A40104F5C874A5E7032A05D1053424
:10846000A4B2200100F5BF749DE7022A0BBF0B34B4
:1084700004F10A05A0B2ADB20CBF8400EC0092E793
:1084800044F2DA33B9E741F20833B6E7B6FBF1F369
:10849000042ADBB21CD0032A1DD040F2725140F6F0
:1084A0009214022A18BF214601FB0300C3EB4311BB
:1084B000C3EBC103F61AB3B2002B3FF428AF083365
:1084C000042A9BB20AD19B0103F21A4318441EE707
:1084D00044F2DA31E8E741F20831E5E7032A03D153
:1084E0001B0103F54673F1E7022A0BBF9B00DB007B
:1084F00003F5BB7303F5CD73E8E78B88F7B513F08D
:10850000180607460C4625D1086820B940F2DA3132
:108510002D20D8F707FC00F0ACFA217C657C0329FC
:1085200008BF0421032D08BF0425EBF7FBFEA38839
:1085300001462A46384600933346FFF7AEFECC305C
:10854000D4E90223824273F100032CBF01200020F2
:1085500003B0F0BD0120FBE738B513220B460C46F3
:1085600003F8032B00F10902293052F8041B824260
:1085700043F8041BF9D1127802211A700123A5884F
:10858000A3712846D9F762FA70B1E37863B1008825
:10859000E9F730FE02212846D9F76EFA20B140F201
:1085A00027212D20D8F7BEFB38BD10B50446EAF7C9
:1085B000F1FE82B204F1690104F13600FEF7A9FA76
:1085C00084F8440010BD37B504460D46FFF7EDFFB3
:1085D00001222B466179204603B0BDE83040EBF71D
:1085E00015BF38B5CB690446104641F27072A3F549
:1085F0007A75954295BF4FF47A7240F2E242B3FB2E
:10860000F2F3B3FBF2F398BF03F5506304F1A80251
:108610009BB2A4F8B4308B8CA4F8B630CB8CA4F801
:10862000B83091F8003284F8BA30A37F63B394F87D
:108630006830012B28D194F86E3003F0C003402B32
:1086400022D1D4F86930C4F8A830B4F86D309380E2
:108650000828236A04F1AE019A7803F1030584F82F
:10866000A12004F1A202D3F8033018D0C4F8AE3030
:10867000AB888B8004F1A101EAF7AEF840B940F66F
:108680009B312D20D8F74EFB0023C4F8A830DEE73D
:1086900094F8A13043F0020384F8A13038BDC4F847
:1086A000A230AB8893800023C4F8AE308B80F5E70E
:1086B0000B46162210B503F8032BD0F80920C1F899
:1086C0000320427B1A71CB78BBB130F8BC3C1B074E
:1086D00013D4B1F8054002212046D9F7B7F960B1AB
:1086E0000088E9F787FD02212046D9F7C5F920B1B6
:1086F00040F26D212D20D8F715FB10BD0121ECF7BC
:10870000C1B9FFF7FBBF08B590F89C300BB1012051
:1087100008BD90F8D430002BF9D190F8C63003F0A2
:10872000FF00002BF4D0E9F7AFFC80F00100C0B2ED
:10873000EEE730B54FF4B87285B00D46002104461F
:10874000F9F740FFFF2323701323638042F2107375
:10875000E384D9F797FA00220146E0646846D9F726
:10876000D5FA00220121E06CFAF7D9FF0422E16C6E
:108770006846D9F7CBFA0022E06C1146FAF7CFFF32
:1087800004F13000257500F024F902A8EAF7DAFABE
:1087900020B940F212312D20D8F7C4FA02A904F111
:1087A0003600FEF79EF904F18000FEF73BF805B0B5
:1087B00030BDFF23C86C0B70FAF77EBF0078FF381E
:1087C00018BF01207047F7B5044630300E4600F060
:1087D00050F961880746CA0605D52822EDF742FC04
:1087E0008C3003B0F0BD8B07E06C0FD5FBF735F88C
:1087F000054621793846EBF795FD63880146627995
:10880000009328463346FFF748FDE9E7FBF715F8E4
:10881000EEE74388092B10B5044607D1EDF74CF974
:1088200020460121BDE81040EDF78AB810BD03468F
:1088300008465A8812F0180F30B587B010D103F1EE
:108840003001ADF80420D3E902459B8800916946C8
:10885000ADF81030CDE90245FFF74FFE07B030BD4F
:108860000120FBE7D0E902017047407D003818BFC6
:10887000012070470B68C0F817308B88A0F81B30B8
:10888000012343777047438813F0100005D013F09D
:10889000040F14BF00201F2070479A0704D4DB0781
:1088A00001D4D9F71BBAEE20704708B5FFF7EBFFEC
:1088B000003818BF012008BD0023A0F848304388C5
:1088C0001D2B08BF00214174704790F914007047B8
:1088D000408800F0010070474088C0F340007047B6
:1088E0004088C0F3401070474088C0F3C000704714
:1088F00010B54488C06CE30654BFC4F340040024A0
:10890000FAF792FF002C08BF012010BD4088C0F389
:10891000001070474088A0F1090358425841704741
:108920004079704710B50446EAF734FDC0F30B00F8
:10893000A042F9D010BD90F8683001624B72D0F8B7
:108940006930C1F80A30B0F86D30CB81704770479C
:10895000EBF7E2BE80F890107047FF2380F8933069
:10896000704780F8241080F825207047C0F340023B
:10897000C0F3800300F0010013441844704702283C
:1089800008B507D0042807D0012807D039212E20A8
:10899000D8F7C8F9262008BD2720FCE72520FAE7EC
:1089A0008278034612F0010002D0D978C9070FD5AA
:1089B000900702D5D978890709D512F0040007D0AD
:1089C000DB7813F0040F14BF00200420704702204E
:1089D00070470023C0F802300123437003707047D2
:1089E0008170704710B54270144601708078FFF7AF
:1089F000BDFF484304FB00F2FE2A03DD5C212E206C
:108A0000D8F790F910BD0023C3704371037170470C
:108A100010B50446FFF7C4FF637962780133DBB217
:108A20009A4263710CD1E3780022A178034362710A
:108A3000DBB29942E37001BF2379E2700133237105
:108A4000BDE81040FFF79BBF38B504468078FFF7BC
:108A50008DFF0146E078FFF789FF2378227965785A
:108A60009B1A6B4359436379C91A00FB1510C0B2B6
:108A700038BD014608B58078FFF778FF4A780B7853
:108A800053435843C0B208BD08B5427903462AB1E2
:108A9000FFF786FFBDE80840FFF771BFC078810788
:108AA0000BD410F00100F5D19B785A0707D413F0CE
:108AB000020F0CBF01200220ECE70220EAE70420AD
:108AC000E8E7042806D1920102F53472803201FBF6
:108AD00002F07047032803D1120102F5E772F5E7AF
:108AE00002280BBF0B320A329200D200EEE740F2AE
:108AF000EF20704740F25A335843704738B50E386C
:108B0000536814460D4693F89E2009283FD8DFE8A5
:108B100000F0053E3E3E0F3E173E3E26042A05D19C
:108B20002046FEF7C2FF2046EBF710FA002038BDC2
:108B3000102AFBD120460021BDE83840FFF78CBA4F
:108B40001E2AF3D12046FEF7B0FF002DEED062685A
:108B500092F8F23023F0200382F8F230E6E793F83F
:108B60009F20242AE2D10025204683F89F50FEF75B
:108B7000AFFF636893F84C31012B03D1294620469F
:108B8000E9F7D8FA6368002283F84C21CEE74FF466
:108B90000F713120D8F7C6F810B50446FEF785FFEF
:108BA0002046BDE8104001F02FBB08B5436893F89C
:108BB0009F20172A04D040F2E4413120D8F7B2F8C0
:108BC0001B2283F89F2008BD08B5436893F89F20B7
:108BD000322A06D1002283F89F20BDE80840FEF724
:108BE00077BF172A03D11B2283F89F2008BD40F2CC
:108BF000F9413120D8F796F8037D63B9C37B90F82B
:108C00005200A3F11102032A05D928B11D2B8CBFF4
:108C100000200120704701207047037D63B9837BEA
:108C200090F85200A3F11102032A05D928B11D2B97
:108C30008CBF00200120704701207047426870B54A
:108C400092F8F2300D460446084643F0040382F8D9
:108C5000F230FEF71CFC06462846FEF714FC2246BE
:108C60003146BDE87040EDF701BB38B50C4605460E
:108C7000D1E90501D8F7ACFF94F85C0220280BD0AD
:108C8000F8F706FE94F85C02F7F7FCFE20B940F610
:108C900039013120D8F746F80D212846D8F7ECFEE7
:108CA0000E212846D8F7E8FE28460F21BDE83840B7
:108CB000D8F7E2BEDAF792B80022A0F89E2080F83A
:108CC000A22090F8133213B10221DBF719B9032166
:108CD000FBE7EAF7E3BCEAF71BBD022910B504463F
:108CE00003D003290BD079210EE00421D8F7AEFE82
:108CF00068B920460621BDE81040D8F7A7BE062176
:108D0000D8F7A4FE18B970217720D8F70BF810BD5A
:108D100010B50F21D8F79AFE0446C37A9BB10521FE
:108D2000C08BD8F793FE70B1503000F09CFC18B1A6
:108D3000B4217720D7F7F6FF0521E08BD8F79CFE0A
:108D400008B1B521F5E710BD08B5032805D8DFE85F
:108D500000F009020902002008BD40F20E21772030
:108D6000D7F7E0FF0120F7E770B5466805460F2109
:108D70003088D8F76BFE044601462846EEF70AFF16
:108D800018B102280AD0FE2007E094F85A00FFF735
:108D9000DBFF002814BF1C202A2070BD002386F8AA
:108DA0005431F0E738B50D460F21D8F711FE0446CF
:108DB00020B940F277317720D7F7B4FF882200211D
:108DC000F9F700FC95E80F0084E80F0038BD436810
:108DD00093F89E20032A4FF0000206BF83F8DC20A0
:108DE00083F89E2083F8E0207047436893F834218D
:108DF0002AB1002283F89E2083F8DC20704783F894
:108E00009F2083F8E020704710B50446FEF74DFE22
:108E10002046BDE8104001F0F7B9E5F7F7BCA1F135
:108E20001303012B0AD910B9172902D87047132947
:108E300006D91C298CBF00200120704701207047F3
:108E40000020704738B5142853680D46144693F82F
:108E50009E300BD0162819D0122830D1052B13D1F3
:108E600000211046BDE83840FFF7F6B81E3B022B44
:108E70000AD81046FEF719FE35B1626892F8F23052
:108E800023F0200382F8F230002038BD212BFBD1E3
:108E90001046FEF70AFE6DB1626892F8F33023F0D7
:108EA000010382F8F330626892F8F33023F008038C
:108EB00082F8F3301A212046E9F73CF9E4E740F262
:108EC000FA313620D7F72EFF426870B592F8F230AB
:108ED0000D460446084643F0040382F8F230FEF7DC
:108EE000D6FA06462846FEF7CEFA22463146BDE8B7
:108EF0007040EFF721B908B5EEF73CFF18B9BDE8AF
:108F00000840D9F76BBF0021BDE808400846EFF7DD
:108F1000CFB938B50C460546D1E90501D8F758FE5A
:108F200094F8290220280BD0F8F7B2FC94F8290213
:108F3000F7F7A8FD20B940F66A013620D7F7F2FE10
:108F400004F500742046E1F72BF910B12046E1F753
:108F500037F90D212846D8F78FFD0E212846D8F77E
:108F60008BFD28460F21BDE83840D8F785BD00208D
:108F70007047EAF759BAEAF779BBEAF7C9BB014685
:108F8000408E38B591F8A2308500B1F8D20003BB0D
:108F9000C0F1060091F8D030441B1BB191F89E300F
:108FA000052B1AD101F19000FFF737FEB8B1D1E9D6
:108FB0003103181A401BB1F82E31A042A3F104036B
:108FC000A8BF204623EAE3739842B8BF184680B290
:108FD00038BDB1F8D440201ADCE70020EBE720468A
:108FE000E9E70020704782210A2008B5D7F79AFEEA
:108FF0007A210A2008B5D7F795FE90F835304BB99D
:10900000B0F85230828A9B1A9BB2032B8CBF01208E
:1090100002207047012070470020704710B50C46B1
:109020000A21E08DD8F712FD10B1FF2380F89E30A1
:10903000A06820B940F2E3110A20D7F773FEBDE81B
:109040001040FAF739BB70B50E4604210546D8F733
:10905000FDFC044648B906212846D8F7F7FC20B1A4
:1090600016B190F8BD3003B90446204670BD90F8A3
:109070002D20034652B901319B7BC8B20BB102309F
:10908000C0B2012884BF0130C0B270470231F3E79B
:10909000C28D70B5044690F8300094F834104FF645
:1090A000FF7301F0FF05B1B99A4294F835100ED064
:1090B000002814BF3B252325A068FAF7BEFB2B46EA
:1090C0000146227C2046BDE87040F0F71FB9002918
:1090D00018BF0925F0E79A42EAD10925ECE710B557
:1090E00014461A469DF80830F0F710F900F5D070D4
:1090F000A0428CBF0020012010BDFF2380F82C303F
:109100007047C173704708B5836800681B6898474B
:1091100000F5D07008BD836870B59B69044600688F
:109120000D46984780F00106F6B250B96B682946A3
:109130002079A361F7F7C0FD60B9AB210B20D7F709
:10914000F1FD237C022B07D104F12000E1F738F870
:1091500001232374304670BD237C032BF8D1F3E741
:1091600038B504460D46FFF7D6FF18B1D5E90423FC
:10917000C4E9082338BD70B5044686B0FFF7C3FFC5
:109180000025A36801905B6820688DF8005098471F
:10919000216B8DF8080068468DF80950D4E9082342
:1091A000CDE90423FDF7D9FB638A86B23344638299
:1091B000E1F7D6F8B8B97100B4F9440089B2FEF706
:1091C000FBFBB4F844301B1AA4F84430049B6946F6
:1091D000059A1B1842EBE070CDE904302046FFF7FA
:1091E000BFFF06B070BD2846F0E72DE9F041044608
:1091F00086B0FFF788FF0746256BD4E90836ED18DF
:1092000046F10006E1F7ACF810BB0221B4F94400C6
:10921000FEF7D2FBB4F844301B1AA4F844304519C9
:109220004FF00008A36846EBE0768DF800805B689D
:1092300020680197984769468DF8080020468DF808
:109240000980CDE90456FFF78BFF06B0BDE8F08139
:109250000020E4E72DE9F84390F8436007460C4608
:1092600046B10368B3F86240B3F8A010611A9C6F6E
:1092700001FB0444FCF747FF054697F84200F0F76E
:10928000C7F92918204689B201F0B2FF044606B397
:109290003B6893F8985093F89280D3F89C90FCF731
:1092A00032FF06462846F0F7B3F9054640463544F6
:1092B000F0F7AEF980464846ADB2294601F098FF76
:1092C00008EB05010646201889B201F091FF06441B
:1092D0003444B86A11344008A04228BF2046BDE893
:1092E000F88338B504460846237C03F0FF054BB9E4
:1092F0002146F7F79BFB2028207105D0012323741A
:10930000284638BD0025FBE70725F9E7F0B5836857
:1093100087B00025044600680F468DF800501B6892
:109320009847A36800F5D8705B680190206898475B
:109330008DF809508DF8080087B36846D4E90823F2
:10934000CDE90423F7F7CCFB18B9E7210B20D7F7B9
:10935000E9FCD4E90801049A059B121A63EB0103A6
:10936000002B01DAEA21F1E76FF00106964275EB76
:10937000030301DAEB21E9E7A36A5D1E1544B5FB9F
:10938000F3F2AB4288BF013253431B1841F1000195
:10939000CDE90431638A1A44628231E0A36AE16B49
:1093A000228FB1FBF3F0551C821EAA42A8BF2A46A9
:1093B000012AB8BF0122D4E90805534313EB000E7C
:1093C000D4E90C0645F10005BEEB000065EB06068E
:1093D000012876F1000301DA8B21B7E76FF0010C69
:1093E000844577EB060301DA8C21AFE7814230D266
:1093F000A16AD4E908325B1842F10002CDE90432D7
:10940000D4E90C200499059B891A63EB0003012918
:1094100073F10002E0DB6FF001028A424FF00002BC
:1094200072EB0303E0DB237C2046042B04BFB4F87B
:109430004030C918FFF70EFF0546DDE90432D4E9D4
:109440000801181A62EB010100290ADA4FF495713C
:109450007CE7217C0429CBD0638ACDE904E5013B7C
:1094600099E76FF00046B04271F1000102DB40F273
:109470002B116BE705F1C90120465B1A694662F1C1
:109480000002CDE90432019B03EB45030193FFF792
:1094900042FE48B1049B059AC93342F100025B19B0
:1094A00042F10002C4E9083207B0F0BD037C0BB9F9
:1094B00000207047037C012BFAD0007C073818BFCE
:1094C0000120704708B54B1E0246012B07D8FFF755
:1094D000EDFF40B11046BDE80840FFF74CBEBDE8C7
:1094E0000840F0F797B908BD70B504460D4616461A
:1094F000FFF7DCFF38B9237C072B04D040F27B2137
:109500000B20D7F70FFCF7F7D7FA2D1841F1000120
:10951000AE1B61F10003C4E90863638AE38500239D
:10952000C4E90C5184F84330237C042B01D105237A
:10953000237470BD08B5027C012AD3B204D0FFF7B2
:10954000B5FF00F0010008BD1846FAE708B54B1E4C
:109550000246012B08D8FFF7A9FF48B101211046A8
:10956000BDE80840FFF7D2BEBDE80840F0F752B9A9
:1095700008BD007C031F584258417047037C032BF1
:1095800004D0007C831F5842584170470120704727
:10959000D0E9083210B5D0E90C14581A62EB040374
:1095A000002B04DA4FF42B710B20D7F7BBFB6FF0C5
:1095B000010282424FF0000272EB030302DA40F232
:1095C000AD21F1E710BD806908B5A0F58070F7F70F
:1095D00099FF20B94FF42E710B20D7F7A3FB08BDDC
:1095E00008B50246FFF762FF30B11046FFF7C6FF2D
:1095F00010B91046FFF7F9FDBDE80840EFF7FCBFD2
:1096000008B50246FFF752FF38B11046FFF7B6FF24
:10961000014610B91046FFF779FEBDE80840EFF7A4
:10962000EBBF38B50446FFF785FFD8B1237C022B8A
:1096300016D0257CEB1E5D425D41012907D1072331
:1096400023742079F7F794FD2079F8F721F90123A5
:1096500023743DB104F12000BDE83840E0F7B0BD0F
:109660000125EAE738BD10B50446FFF763FF70B186
:1096700020460121FFF7D5FF2079F7F703FA20B93B
:109680004FF4F2710B20D7F74DFB00232374002019
:1096900010BD024608B5037C022B08D103231374C6
:1096A0001079F5F701FEA8B940F20E310FE0037C06
:1096B000052B01D10623F2E7037C032BF0D0037CBA
:1096C000062BEDD0037C072BEAD04FF443710B201F
:1096D000D7F728FB08BDFFF7A1BC70B504460668A4
:1096E000FFF728FF05462046FFF7BDFF044635B1CA
:1096F00096F8A2301BB106F1D000E0F761FD2046DC
:1097000070BD007DA0F1FF035842584170474FF4EF
:10971000D5710D2008B5D7F705FB38B50546C07DD6
:109720000C46F4F7FFFBEA7D00F523434FF47A7013
:10973000A133042AB3FBF0F310D164B94FF4E770FE
:1097400007E0032A07D0022A40F6480008BF4FF47A
:109750008560184438BD41F2BE10FAE7002CF0D104
:10976000032AEBD0022A0CBF2C205020F1E7F0F79F
:10977000D3B91D2313B50B70044630F83E3C0A30B4
:10978000A1F80330FFF76FFF20B140F2BF110D20A9
:10979000D7F7C8FA052134F83E0CD8F76DF910B1A7
:1097A00040F2C111F3E7042363F30700022363F3DC
:1097B0000F2002B010BD10B5044690F86030042BA5
:1097C00010D090F86030062B0CD05030FFF7E0FE40
:1097D000A36F984208D903EB4303D4F88C200344C9
:1097E000934201D3012010BD0220FCE710B50446CE
:1097F0005030FFF7BEFE88B994F8373013F0FD0FF4
:109800000AD12046FFF7D7FF431E5942594120464F
:10981000BDE81040FFF781BF0121F8E70121204694
:10982000FFF77BFFB4F89030184410BD31B10B78CE
:109830009B091841C04300F00100704780F0100000
:10984000C0F3001070470020704737B50546084642
:109850002821FEF7CFFC044630B383788DF8003022
:10986000C3788DF8013003798DF8023043798DF893
:1098700003308379684603F01F038DF80430FDF749
:109880004AF888B1B4F80720B5F86230D31A1BB291
:10989000002B09DD01230098EA8585F82C309DF81E
:1098A0000430286385F8343003B030BD90F82C3094
:1098B00010B5044673B1C38DB0F862209B1A1BB279
:1098C000002B07DC00F130011E30FDF70AF9002300
:1098D00084F82C3010BDF8B500F150040546D1E9EC
:1098E00004672046FFF745FE32463B4660B12046FE
:1098F000F0F70EF8044610B900242046F8BD3E21CA
:109900002846F0F769F9F8E72046F0F719F8044619
:109910000028F1D02846F0F7E1FBEEE790F8373069
:10992000042B04BF002380F837300089F0F7D2BE43
:1099300070B50446056807292CD8DFE801F0041348
:1099400013202B242D2705F15000FFF7AFFD20B980
:10995000A368DB68BDE8704018472846BDE8704042
:10996000F0F774BB2846FFF7D9FF2046FFF79EFDAE
:1099700090B120460021BDE87040EFF7A1BFBDE8DF
:109980007040F4F785B883681B69E3E75D210C201C
:10999000D7F7C8F96021FAE770BD012070472DE9BB
:1099A000F04DB0F8D2400F46C3890546013490F817
:1099B0001480E41A0369A4B2E41848F10008A1B2C3
:1099C00000F090FA064608F0FF0808BB284600F0B1
:1099D0009DF9013495F84C3048F10008241895F8A9
:1099E000302048F10008A4FB0340013C03FB0808B9
:1099F00048F1FF38032A22D1D5F890205AB1C3EBA1
:109A0000C303DB43A3424FF07F0373EB080307D389
:109A10003046BDE8F08D40F2FE414D20D7F782F987
:109A2000AB7D022B05D0AB7E1BB90823EB76FF2361
:109A3000AB76B8F17F0F94BF00260126E8E7D7E99F
:109A400004AB05F1C0073846FFF793FD52465B466D
:109A500058B13846EFF75CFF04460028D8D03E21C5
:109A600028462646F1F756FDD2E73846EFF768FF5D
:109A700028B1082128460126F1F784FDC8E7D5F86A
:109A800090301BB1B8F17F0FC2D9F2E740F22C51F0
:109A9000C3E7E1F7B3B937B55C1C058AE4B22B46DE
:109AA0000094FDF7C7F803B030BD70B515461E46EB
:109AB000D0F890404CB1A4F580742A463346204635
:109AC000F4F7D4FBD4F80041F4E770BD0A4608B5BA
:109AD00090F84F3090F8651032B11BB10C20FAF7B6
:109AE00002FA08BD0820FAE790F85000002BF6D0E3
:109AF0000430F4E710B50446E8F7EEFA631E012BD4
:109B000006D9042C06D180F00400C0F3800010BDFB
:109B10000020FCE70120FAE70AB1043080B2FAF72E
:109B2000FAB908B52B230B70437A0B7110F87F0C30
:109B3000C8700A21D7F7A0FF20B14FF4B8714920AF
:109B4000D7F7F0F808BD08B529230B70437A0B71DD
:109B500010F87F0CC8700A21D7F78EFF20B14FF4A0
:109B6000E2714920D7F7DEF808BD38B504460D4646
:109B7000F1F7E0FB29462046BDE83840E1F75EB842
:109B80000020704710B54FF48C7200210446F8F79E
:109B900019FDF1F7D7FB0023C4F8C800C4F8C04092
:109BA000C4F8903010BD38B591F830300D46032B15
:109BB00008D1002195F89E00FFF745FA10B14FF645
:109BC000FF73C38505F1C000FFF74DFD18B1E92112
:109BD0004920D7F7A7F8D5F8904024B32368C5F8F3
:109BE000903095F83030032B0DD1A4F580742046C9
:109BF00001F0AEFA0B21B4F8FA00D7F73DFF0028C8
:109C0000E9D0F421E4E7022BE5D1A4F580742046E5
:109C100000F0F4FB0C21B4F8FA00D7F72DFF002870
:109C2000D9D0F921D4E738BD10B50139029C0138EB
:109C300003FB014402FB004010BD10B903FB01F01F
:109C4000704700985043704710B550B903FB01F4BA
:109C50009DF8102008209DF80C10FFF75DFF2044B0
:109C600010BD029C5443F3E770B5044690F83300EE
:109C70000E4694F8345094F86510013E401BA56DD3
:109C800094F84F20454394F85000FFF745FF616D6D
:109C900001FB0655284470BD30B59DF80C509DF869
:109CA0001840B3FBF5F39DF810505B1B9DF8145062
:109CB0006B4303FB022210440CB1084430BD401A30
:109CC000FCE741EA0020704770B515461E460C4679
:109CD000D8F75CF906FB05F19DF81020C9B2A14246
:109CE00036BF641A0024E4B2012E98BF012504FB9C
:109CF0000254844208DCF4F7BBFCBDF814309842EF
:109D000034BF0020012070BD0020FCE790F84C100B
:109D100090F84E3090F836204B4390F84D00DBB26F
:109D20009A4289BFD31A002393FBF1F3DBB2584365
:109D3000704702292DE9F04780460D469146DDE93E
:109D400009761ED940F6C41A0AFB03FAFCF7DBF9C0
:109D50000146504601F04CFA04464FF4FA71504661
:109D600001F046FA2318203308989630B8F1000F16
:109D700009D1834238BF034633606B433B60BDE883
:109D8000F0870023F0E7386000FB09F098422CBF11
:109D900030603360F3E74FF484720021F8F712BCAF
:109DA0002DE9F04188460646084614461F46FFF74F
:109DB000ADFFD8F8103098F81450DB1998F84C70B3
:109DC000B4FBF7F245F1000507FB1242A7FB034184
:109DD00005F0FF05D2B207FB0511121941F1000190
:109DE0001B1A326065F100053171C6E90235BDE824
:109DF000F08170B50C460546A8B1A1B1837D93B939
:109E00000B784A78C3F382034375CB78012B0BD1CF
:109E1000032A08D9022383750B79C3764B798A7993
:109E200043EA0223838370BD002BFCD1072AFAD9B1
:109E30000E1D3046FCF76FFD0028F4D00123AB75F2
:109E4000637AA27A43EA0223AB846368C5F81F30C1
:109E5000237A85F82330E6E713B50346427D807DFB
:109E600002F00702012810D0022822D1D87E012456
:109E70009B8BCC70A1F805300423087192004B70C5
:109E800042F003020A7002B010BD9C8CD3F81F0090
:109E900093F82330ADF805408DF804300023486076
:109EA000CB70BDF804009DF8063008818B72082342
:109EB000E4E760215020D6F735FF837D012B10B5F4
:109EC00004460ED1838C0269013B9B1A47F6FD7252
:109ED0009BB2934205D900F11F01FCF702FE00235B
:109EE000A37510BD08B5837D022B14D1CB43818BA4
:109EF0000B4447F6FD719BB28B420CD990F8303081
:109F0000022B04D1C17EF1F73DFB012008BD1621D3
:109F1000F1F74CFBF9E70020F8E7F8B5827D04463D
:109F200012B100252846F8BD837E03F0FF073BB140
:109F30000369073383830223837582760125F1E762
:109F4000837F002BEDD000F11F063046E8F7FAFEC4
:109F500005460028E5D0A7770522611C3046F8F7B2
:109F600055FA0028DDD023690733A3840123A375A4
:109F7000D8E770B590F90F30041F0D1F0C30DB11BE
:109F80000022DBB254F8046F42EA4602844245F8EC
:109F9000042F22684FEAD272F4D10A7823F07803B2
:109FA00053400B7070BD2DE9F04111F0030498B0DF
:109FB00006460D4690461F4603D0B7215220D6F7DD
:109FC000B1FE5022214604A8F8F7FCFA1E9B10228D
:109FD000214608A816938DF85D7010AF8DF85C804F
:109FE000CDE91465F8F7EEFA30460CAE07236A4661
:109FF00008A9F7F7EFFF31466846FFF7BAFF394681
:10A000003046FFF7B6FF102221460DEB0200F8F7AD
:10A01000D9FA9DF85C30A3F11008159D102B45442A
:10A0200014D92B1F04AA0C3553F8041F52F8040B43
:10A03000AB4281EA0001D160F6D1072304AA08A946
:10A040001498F7F7C7FF5FFA88F3E4E7C3F110034A
:10A0500004AA13F0FF0318BF3E4603F1FF3CE1B230
:10A0600099421CD264450CBF80210021375D013428
:10A0700012F8010B102C80EA070081EA0001D1736D
:10A08000EDD19DF85D3008A9169A002B149814BFE5
:10A0900007230523F7F79EFF18B0BDE8F081295D7F
:10A0A000E4E708B518B9F3212420D6F73BFE2623B0
:10A0B0000B70B0F809308B80037BCB70C37A8B7147
:10A0C00008BD436893F8F520520708D593F85E2140
:10A0D00002F0FF002AB9FF2283F85E2170471A20A0
:10A0E00070473A2070471D2310B50446C370E8F747
:10A0F00019F8207110BD1E2310B50446C370E8F78F
:10A1000011F8207110BD08B5436893F89E201AB16C
:10A110006E212420D6F706FE332283F89E2008BD48
:10A1200008B5027843684AB993F89F201AB179219B
:10A130002420D6F7F7FD83F8E02008BDD3F890106F
:10A14000CA0501D47E21F3E793F8E020013A52B228
:10A15000002A83F8E02001DA8021E9E721F4807108
:10A16000C3F89010E9E70278436862B993F89F203A
:10A17000012022BB332283F8E00083F89F200020D7
:10A18000A3F8DE007047D3F89020D00516D40979E3
:10A1900007298DBF4FF4E95242F4807283F8001210
:10A1A000A3F82A218ABF3222C3F8902083F89F2087
:10A1B00093F8E020013283F8E020E0E720207047A8
:10A1C00010B5446894F89E30332B1BD1037809797D
:10A1D0001BB1072998BF84F8001294F85E314BB187
:10A1E000072940688CBF1E220022F2F7A7F800233F
:10A1F00084F85E31002084F89E00A4F8D80084F82A
:10A20000DC0010BD0120FCE710B5446894F8F5307F
:10A2100023F0040384F8F53094F85E313BB1112249
:10A22000FF214068F2F78AF8002384F85E3110BD00
:10A230001D29034610B511D1446894F89E103329A6
:10A240000CD194F85E1101F0FF0031B1FF21586884
:10A25000F2F774F8002084F85E0110BD0220FCE7DC
:10A26000012343810023C3818381704701234380FD
:10A27000038000238380C3804FF4486303817047C9
:10A280000346006860B1EFF3108272B61868016887
:10A29000196002B962B60023037043708370C37003
:10A2A0007047F8B590F824301BB9B0F892402046BA
:10A2B000F8BD90F88E70B0F8884090F88D30B7B146
:10A2C0000BB9013411E0D0E91C31C269D0E91E5646
:10A2D000581B4FEA520361EB0601C0184FF0000310
:10A2E00041F10001F7F7B4FF0444A4B2DFE7002B0B
:10A2F000DDD0D0E920C6D0E90031D0E90725B3EBA5
:10A300000C032A4461EB06016FF001069E4277EBD5
:10A31000010104D240F293312620D6F703FDC17D1E
:10A32000B3FBF1F36B439A42C1D2CAE770B504465E
:10A330000025666BA06D1EB9D7F74AFEA66570BDF5
:10A34000616B0B6863630D704D708D70CD70F9F7A4
:10A350009EF9EEE7836D10B504460BB1002010BDE9
:10A36000807DD7F723FEA0650028F7D10720F6E708
:10A37000F3F7C6BE38B504460D461822002140301A
:10A38000F8F720F9204684F84C50F3F7D7FE10B9BF
:10A39000FF2384F84D3038BD0021002200237030A7
:10A3A00040F83C1C40F8381C00F8581C40F80C1CC5
:10A3B00040F8081C40F8041C40E91C232822F8F748
:10A3C00001B9034690F8282002F0FF0012B1986D01
:10A3D000F9F74DB9FF2283F8602070470B4601461C
:10A3E000986DF9F754B910B50446E06B28B10368CD
:10A3F0002146E363FFF7F2FFF7E710BD10B504460F
:10A4000090F828300BB1F3F77BFEA36D3BB12046EB
:10A41000FFF7E9FF2046BDE81040FFF787BF10BDFA
:10A4200038B50D460446F3F76BFE3DB92046FFF7FD
:10A43000DAFF2046BDE83840FFF778BF38BD2DE988
:10A44000F041054686B019464FF00008EC7D04AB9C
:10A450001046019302ABD5E90776009343467C434F
:10A46000B4FBF6F4A4B22246F7F74AFFBDF8102079
:10A4700085F89080A41ABDF80820B6FBF7F39BB2CC
:10A48000A5F89440A5F89220B2FBF3F103FB112349
:10A49000A5F8963006B0BDE8F0812DE9F04F0F46E3
:10A4A00087B0044620B940F23B512620D6F73AFC4B
:10A4B000D4F80B50A0F1290850F8290CD8F8041052
:10A4C000002D00F0C580D5E90269494508BFB042BA
:10A4D00008D104F10B00FFF7D3FE854266D040F2AD
:10A4E0004C41E2E7864279EB010356D395F818B068
:10A4F000BBF1000F48D114F8113C012B32D8D4F82D
:10A500003F300133C4F83F3014F8013CDBB2029312
:10A5100054F8293C0093D8F804300193DDE9003267
:10A52000134307D114F8053C23B900220023404609
:10A53000FFF785FFD4F8135045B1D5E90223DDE9D3
:10A540000010984208BF914218BF0025029B002BC3
:10A5500000F00F83D4F83330002B40F086804FF4A6
:10A560007671A2E714F8122C5B460092F7F770FEA2
:10A570008246009A5B46304649461FFA8AFAF7F748
:10A5800067FE80B28245BAD104F10B00FFF778FE76
:10A5900085422BD040F2574187E704F10B00FFF7CB
:10A5A0006FFE854234D040F26E417EE7D4F813103E
:10A5B00000220B4623B982B113682B601560A3E714
:10A5C000D3E902C0814508BF66450AD0664579EBEC
:10A5D0000000F0D31A461B68ECE72960C4F813505A
:10A5E00092E741462846FFF7F9FE8DE7D4F81310AD
:10A5F00000220B4673B9D2B113682B601560D4F8F2
:10A600002F00F9F74DF8D0B904F11300F8F7F3FF74
:10A61000414612E0D3E90270814508BFBE420AD02C
:10A62000BE4279EB0000E6D31A461B68E2E72960D8
:10A63000C4F81350E3E741462846FFF7CFFE002257
:10A64000D4F80B309B1A8DF8142018BF0123EFE2C9
:10A65000D4F81330002B3FF452AFD3E902239942D0
:10A6600008BF90427FF44BAF4EE7002D00F0D7803B
:10A6700014F805CC05F1200995F8201095F8210073
:10A68000BCF1000F08D011F0020F0CBF0322002212
:10A69000012823D8032640E001F00302022A00F03B
:10A6A0009280890700F1D68294F8676012B92EB9BA
:10A6B00001260CE026B1012AFAD118B1022209E0E4
:10A6C000012AF5D1B4F86B20012A18BF0126C6F182
:10A6D0000106F2B2B4F86160064418E094F863E051
:10A6E00005F1230A0AEB0E0149780EEB01061AF870
:10A6F0000EE01EF0010F06F102065ED10229C9D953
:10A700008642C7D80339B4F86160C9B20E4434F840
:10A71000150C8642D4BF00260126964238BF164645
:10A72000012E34D8BCF1000F4FD005F1230E94F860
:10A7300063C01EF80C20D20729D454F8191CF44425
:10A74000D5E904029CF803E0081842EBE1729CF89A
:10A750000410090441EA0E219CF802E04FF0000CBD
:10A7600041EA0E01884272EB0C0E10D3401A62EBE4
:10A770000C01D4F84FC0D4F8532084458A4106D246
:10A780000122C4F8470084F86520C4F84B10404605
:10A790000393FFF786FDB4F85F108246039B401ACF
:10A7A00082B200B2012840F06681002E40F01D8187
:10A7B0003A68BABB40F24F2177E694F865E0BEF103
:10A7C000000F9DD166E7032284E7B4F86120002AD8
:10A7D000DDD154F80DCC14F8122C54F809EC0CFB14
:10A7E00002F2B4F86B10B2FBFEF292B29142CED1FB
:10A7F00054F8190CD5E90421821841EBE071F445B5
:10A8000007D2B4F86D000CFB00FC1CEB020241F116
:10A8100000010120C4F8472084F86500B5E7A94687
:10A820000326B4E714F8052C05F12301002A47D0CC
:10A8300094F86320885C01EB020CC0F3400B9CF899
:10A840000190C00757BFA9F10309023205325FFA30
:10A8500089F94CBF84F8632084F863200833B4F886
:10A86000610094F863C04A46184403936144F7F7C3
:10A8700033FEB4F8612094F863104A44894492B2DC
:10A8800084F86390A4F86120BBF1000F70D0D4F875
:10A890004B30A4F12901D4F84700C4F85330C4F870
:10A8A0004F00039BD5E902BCC1E920BCB4F85F109E
:10A8B000AAEB010189B201291FD04FF42071F4E500
:10A8C0009DF8142095F820C095F821906CF30102B2
:10A8D0008DF8142092070AD184F86700B4F86BB0A1
:10A8E0000BF1FF32D2F1000B4BEB020BB6E794F801
:10A8F0006720002AF2D1B346B0E70832A4F85FA07F
:10A9000084F8641034F8211CFA804FF48172B98005
:10A910003A813A681060FA883968083A81F804A0E8
:10A920004FEA1A2A92B281F805A08A71C2F3032273
:10A93000CA7119463868B4F861200830F7F7CCFDC1
:10A9400094F82430002B4ED094F82320B4F86130D2
:10A95000012A1CD0022A16D06ABB63B3D4F81F3078
:10A960000133C4F81F300023A4F8613084F8653047
:10A97000374695F8212094F863309A4280F0D780CA
:10A9800040F2075191E534F8152C9342E6D1032BA0
:10A99000E4D93B689F6814F8053CA3B194F82B30C8
:10A9A0007BB1D4F827300133C4F82770FF2284F834
:10A9B0002B20BB42D2D1D4F817300133C4F8173062
:10A9C000D1E73B46F0E754F80D1C14F8122C4A432B
:10A9D00054F8091CB2FBF1F2D5E9020192B2F7F783
:10A9E00037FC8742E6E70826BDE7022E0CBF4FF092
:10A9F000010A4FF0020A0131002394F865C0A4F166
:10AA000029001FFA81FBA4F8613084F86530A4F8AE
:10AA10005FB0BCF1000F4BD194F864C0BCF1000FE3
:10AA20005AD054F80D3CD0E91E219B1841F1000189
:10AA3000C0E91E3194F82420002A4FD094F82B301E
:10AA400023B1D4F827300133C4F82730D4F81B30B1
:10AA500000270133C4F81B30A4F12901D1E90023F8
:10AA6000C1E92023D6B1B9F1000F17D099F8013010
:10AA700084F8633012E018DCB9F1000F00F0E880D0
:10AA800014F8053C73B16EB994F8633099440233FD
:10AA900099F804201344002784F86330002D7FF4D4
:10AAA00068AF45E099F80130F5E74FF0020AA2E7F8
:10AAB000D2B254F80D1C013AD317A2FB012E01FBB0
:10AAC00003EE036F9B1A426F62EB0E010122C0E995
:10AAD0001E3184F86420ADE76346ABE734F8212CDF
:10AAE000BCF1000F87F809C0BA8018BF08214FF0E9
:10AAF000020204BF042100233A7288B218BF3A68E8
:10AB0000A1F10401F88018BF13603A68FF88531858
:10AB100002F801B03F1A4FEA1B22BFB25A709F7071
:10AB2000C7F3032747EA8A17DF70082794E769D13C
:10AB3000009B5A1C019B43F1000344F8292C44F864
:10AB4000253C14F8053C63BB54F80D0C14F8122C8A
:10AB500054F8091C4243B4F86B30B2FBF1F2013BEC
:10AB600092B29BB29342A4F86B3004D340F21351DB
:10AB70009BE4029FDCE7A3B9A4F86B20B4F869203A
:10AB800084F867300132B1FBF0F1A4F8692089B292
:10AB9000B4F86D20013292B2914218BF1346A4F866
:10ABA0006D30002384F86330B5B1D4F8133013B995
:10ABB00040F2725179E4D3E90212DDE900069642CF
:10ABC00008BF8842F4D11A689D42C4F81320EFD11F
:10ABD00041462846FFF702FC029B9BB994F83730A8
:10ABE0005BB1D4F82F302BB14046FFF7FCFB404659
:10ABF000FFF79CFB002384F837300023A4F8613072
:10AC000084F86530D4F8133054F8295C54F8251CC6
:10AC100033B1D3E90202914208BF854218BF002335
:10AC2000D4F80B2092B9003B18BF01238DF81470A3
:10AC30008DF8153000209DF8143063F307009DF85F
:10AC4000153063F30F2007B0BDE8F08F0123EDE767
:10AC50004F4623E762463DE500238365D0E9223273
:10AC6000013342F10002C0E9223290F8633013B19F
:10AC7000013B80F86330704700230B704B708B7082
:10AC8000CB70EFF3108372B6026822B901604160A5
:10AC900003B962B6704742681160F8E770B50446C0
:10ACA0000025666A16B9A16D59B970BD616A606DFB
:10ACB0000B6863620D704D708D70CD70F8F7E7FC16
:10ACC000EFE7606DF8F7E3FCA665EEE7436D10B5BE
:10ACD000044633B1FFF7E2FF606DD7F771F9002347
:10ACE000636510BD0346807828B15B785B0654BF6E
:10ACF00004380838C0B270472DE9F04F044685B0DB
:10AD0000A56D65B9606D50B1F8F7B1FCA06530B1C3
:10AD100018222946083084F86250F7F753FCA56DD5
:10AD2000002D00F0A881B4F86010277FB1B994F825
:10AD300063309BB197B90126294604F12400D4E978
:10AD4000222385F8206085F82170C5E90223FFF7EA
:10AD500093FF6E742046FFF77FFFD1E7E66A002E6F
:10AD600000F0898106F1200396F82180019308F014
:10AD70003003202B04D040F2EF114320D5F7D2FF4F
:10AD80004FEA181806F1200308F0040808F1040837
:10AD9000984408F10403019300296CD1D6E90239E3
:10ADA000002F51D0D6E90402D6E906CA1B1A69EB76
:10ADB0000202012B72F100002CDBB3F1004F72F1A3
:10ADC000000201DBD221D8E7A26902F1FF3E734401
:10ADD000B3FBF2F3E27B13EB0C0CD4E922B94AEBA0
:10ADE000E37AACFB02C302FB0A33DC4573EB0902D6
:10ADF00094F862203CBFDC464B46DAB1D5E902E06C
:10AE0000984208BFE64515D06B7C002BA2D140F2DA
:10AE10000121B2E753EA02000AD0B3F1004F72F108
:10AE2000FF3201DAD721A8E7A26993FBF2F3D1E759
:10AE30000123CFE7C5E902C3A37B9B1ADBB2042B36
:10AE400015D840F20A2198E7D4E9052094F80FC0FC
:10AE5000B0FBF2F2BCFBF2FAD2B2AAFB033EBCFB9F
:10AE6000F2FC0AFB09EEC5E9023E84F863C0D5E9AD
:10AE70000223C4E9222305F12309002F00F0DA8020
:10AE8000E27BB369A3FB02C3D4F88830A3EB0C03C5
:10AE9000B3FBF2FCA269D6E90473ECFB02739A4699
:10AEA00094F8623003B1A9BB09EB0302D6E902CEE4
:10AEB0006266002229F803209A1CD2B284F862202C
:10AEC000002940F0B08067457AEB0E0302D240F2D1
:10AED0009D1152E7A7EB0C0313F07F4F02D04FF404
:10AEE000D1714AE7039309EB0203BDF80CE09DF82A
:10AEF0000EC029F802E083F802C094F862300333F0
:10AF000084F86230636E5A7803325A701A7861F3AB
:10AF100000021A7006F12000D4E92223C5E90223B9
:10AF2000FFF7E0FEB4F860108346A27B94F862005D
:10AF3000ABEB0103121A4844DBB2D2B29A4228BFEB
:10AF40001A4608F104030B4401921946F7F7C4FAB4
:10AF500094F86210019AB4F86030114494F81CC05F
:10AF60001344C9B29BB284F86210A4F86030BCF1FB
:10AF7000000F18D0606E90F801E07244427098F8AB
:10AF800003E098F802200EF00F0E42EA0E22A2EB28
:10AF9000030EDEF1000242EB0E0290F800E062F3D5
:10AFA000410E80F800E098F8030098F8022000F0C5
:10AFB0000F0042EA0022A07B884201D0934229D1AF
:10AFC000687C002838D0EFF3108372B62A7C0AB967
:10AFD00085F8211003B962B6237F0BB96A7CB2B938
:10AFE00094F862C0A07B844511D02A7C7AB98BB1D9
:10AFF0006369D6E902125B1842F100029F427AEBC4
:10B00000020304D3A0EB0C00C0B2082802D82046EB
:10B01000FFF722FEB4F860301FFA8BFB5B451FD9A7
:10B020004FF41671A9E619F8032042F0010209F85D
:10B0300003206FE7BA466DE7BCF1000F0ED19B1AF3
:10B0400018BF012385F8203004F1240085F8211071
:10B05000A16DFFF711FE01236B74BDE70223F1E739
:10B060007FF44EAE31462046F3F762FC4FF000030A
:10B07000A4F8603044E605B0BDE8F08F3E38FFF735
:10B080003BBEC0E92E237047C0E91C23009BD3E9D7
:10B090000223C0E91E23FF2380F88030704702237B
:10B0A0000B708B70704790F8343007B513B943724A
:10B0B000002010E0037F03F0FF027BB90D230B702B
:10B0C00001238B7030F8343CA1F80330437AA1F8A7
:10B0D00005304272042003B05DF804FB3438F3F706
:10B0E00025FAE5E737B50446FF2580F850500025DE
:10B0F000C564079D0195069D0095F3F741FC054643
:10B1000010B92046F3F712FA284603B030BD38B51F
:10B1100004460025406DF8F7A4FA294665626022CE
:10B1200004F15800A562E5622563F7F74BFA29465A
:10B1300004F1C0001022BDE83840F7F743BA10B55B
:10B140000446F3F7DFF92046BDE81040FFF7A6BD3F
:10B1500010B5044690F820300BB1F3F753FC2046AD
:10B16000BDE81040FFF7B2BD08B5F6F7EBFFBDE84C
:10B17000084000F038B8801A00F3070038B50D46D3
:10B18000144659B240B2F3F7E7FC0023287020447C
:10B190006B7040B238BD00230360704770470020D9
:10B1A00070474FF0FF3070474FF0FF3070477047E7
:10B1B000002070474FF0FF3070470020704700209C
:10B1C00070470023037070470022FFF7D4BF0020B0
:10B1D00070474FF0FF3070474FF0FF3070474FF02F
:10B1E000FF30704770477047F4F734B9FFF7FCBF82
:10B1F000F3F750BDF3F778BDF3F7A4BDF3F738BD0F
:10B20000F3F73CBDF3F740BDF3F74ABEF3F7B4BD27
:10B21000F3F73ABE08B5F3F721FD002008BD70B57D
:10B220000024F3F749FF05462646E0B2854200D8E0
:10B2300070BDF3F747FF0134868480F82660F4E799
:10B24000F6F758BF00207047002070470020704775
:10B250000020704701207047704720BF70470028CA
:10B260000CBF6FF0150000207047002070470723C7
:10B27000037000207047002070470020704710F8CE
:10B28000012B11F8013B012A28BF9A42F7D0D01AAE
:10B290007047034613F8012B002AFBD1181A013816
:10B2A00070470000014805F0D9BB00BF70080021BD
:10B2B00038B5094D4FF0FF324FF0FF33284605F007
:10B2C0009BFB044601F0CEFC10B1204601F012FBBE
:10B2D00006F052F8EEE700BFA00800210346F7B5DC
:10B2E000054613F8010B4A1E02282DD0052845D02B
:10B2F00001284FD1022A4DD9EA780C1F944249D136
:10B3000003220020CDE900320022002301F072FC6C
:10B31000064600283ED000F10C07384607F05CFFD7
:10B32000844205D9304603B0BDE8F04001F0E2BAEE
:10B330002246291D384607F03DFF3146164803B026
:10B34000BDE8F04009F00EBA032A23D9B5F803206E
:10B350004C1F94421ED1042201920093002200232C
:10B3600001F048FC0646A8B100F10C07384607F08A
:10B3700033FF8442D6D82246691DDBE7032A09D968
:10B38000B5F803204C1FC2F30D02944202D10420F1
:10B390000190E2E703B0F0BDA008002108B50A481B
:10B3A00001F06CFC70B9094807F04BFC002802DA88
:10B3B00010F1780F06D1BDE80840054A0549034859
:10B3C00007F04DBC08BD00BF88080021D04E030126
:10B3D00004070021F871002170B54FF0FF324FF0E3
:10B3E000FF33154805F05EFB144D154E4FF0FF324C
:10B3F0004FF0FF33284605F0FFFA017E044603298B
:10B4000006D0052905D0012910D001F073FAEDE727
:10B41000022104F10C0007F0D6FE3046228AE168D2
:10B4200007F031FC002803DB2046EEE70421F0E7BB
:10B4300005F0A2FFF1E700BF700800218808002195
:10B44000F8710021014B1B68184700BF1C07002141
:10B45000014B1860704700BF1C07002130B585B054
:10B4600004460D4610220021684609F09BFC022389
:10B470008DF80230044B2A4621466846019306F0B7
:10B48000C9FD05B030BD00BF45B4020180B5054619
:10B490000E461746984606F00FF8034609F08AFC58
:10B4A0000446DFF81890424649F8003039463046E5
:10B4B000A84754F8090000F0EFFD00BF08000000A5
:10B4C0002DE9F047058B04462807904611D4022940
:10B4D00005F0070540F0CC80204607F0CBFA78B1A4
:10B4E0000138218B042811D8DFE800F0C2106D85E7
:10B4F000950001290CBF45F0100545F02005258376
:10B5000088F31188BFF36F8FBDE8F08701F0070A59
:10B51000AA4500F0A5800027B9463E46A368002B47
:10B5200000F0BC8041F00801218388F31188BFF34B
:10B530006F8FA168002900F0BA800D68002900F023
:10B54000B680334652462046D1F80480C047002DCD
:10B5500076D02B6829461D46F0E701F007035A1FF5
:10B56000012A1BD8002221F00701062B276889B287
:10B57000C4E9002209D13B4603E0628B01326283B9
:10B580001B68002BF9D141F002012046218307F00E
:10B5900071FA00287AD041F0200176E0042B0AD11C
:10B5A00021F0070189B22046218307F063FA10B128
:10B5B00041F020012183218B01F0070AAA454FD0D9
:10B5C0000027B946AAE7236921F0070141F00601E7
:10B5D000062DD3F8009021832DD1B9F1000F3FD073
:10B5E00041F00801218388F31188BFF36F8F204653
:10B5F0003949C84729E021F00701236941F00401D6
:10B6000089B2042DD3F804902183E6D000274FF0AF
:10B61000040A3E4682E721F00701236941F0050153
:10B6200089B2052DD3F808902183D6D000274FF09A
:10B63000050A3E4672E700274FF0060A3E466DE7D0
:10B640002B4687E7B9F1000FD1D1EFF311884023E2
:10B6500083F31288BFF36F8F238B23F008032383B8
:10B66000258BEA062ED525F01003238305F0070568
:10B670006669218B002EBFF670AF00232768C4E9EE
:10B68000003321F0070141F001012183218B4FF0AC
:10B69000000901F0070AAA457FF440AF002F9CD0B3
:10B6A00041F00801218388F31188BFF36F8F002FC9
:10B6B000C8D03D68394633465246204607F006FA60
:10B6C0002F46F4E7AB067FF51BAF25F0200323835D
:10B6D00005F0070500E700BFF92A030130B50C4665
:10B6E0000E4985B00291D0F8D4110546CDE900315C
:10B6F00000F1F0014FF0FF33204604F0EBFC50B9AD
:10B70000012384F86C30D5F8D03123B1204605B040
:10B71000BDE83040184705B030BD00BFA92D03017A
:10B7200038B50C461146054607F040FB034638B9CC
:10B730002846044907F03AFB03460020236038BD41
:10B740000120FBE7D85903012DE9F04F0123814681
:10B750000569466887B005F56377D7E8EF2F002ABB
:10B7600003D1C7E8E13F0029F7D10CBF1A460022F8
:10B7700040F0B480B368B16A05F5F8781C1F104634
:10B7800007F098FB844272D8013A00F0A180B2FA27
:10B7900082F24FF00044D44072682046073222F013
:10B7A0000302C5F88822B16A07F084FBC5F88C0251
:10B7B000B36A40466343033323F0030302EB4302BF
:10B7C000230103EB4403093323F0030303EBC40316
:10B7D000C5F880221A440832C5F87C227368C5F87F
:10B7E0008442C5F878323F4BC5E9B363D9F80030DD
:10B7F000C5F82432316800F0DFF90446002834D15E
:10B80000D9F810B0D9F804A0D9F800300BF53A797E
:10B81000059004934846DAE90734012B08BF103C31
:10B8200009F01FF8DAF824002F4904AB01EB80215E
:10B830004FF4806248460093234605F0B5FA2B4941
:10B840000BF5367008F0C6FFDAE9050183685C681D
:10B850004CB15B46264AA047044630B9DAE90501F7
:10B8600083681B692BB96FF05704002129E001326E
:10B8700085E70122984704460028F6D11D4B28464B
:10B88000C5F8D0311C4BC5F8D4311C4B0393D5F807
:10B8900038320293D5F83032CDE90083D5F89032B2
:10B8A000B26AD5F8881300F04FF904460028DCD1BD
:10B8B00005F1F00004F0B4FC0028C5F890030ADBA1
:10B8C0000221384607F0A6FA204607B0BDE8F08FFF
:10B8D0006FF00B04C9E76FF01504C6E76FF077044B
:10B8E000F2E700BFFF2D0301007D0021E52D0301DC
:10B8F000D92D030101B902018B2F0301452E03014C
:10B9000013B5044640B100230122CDE90032074BB4
:10B91000D0E9091204F08EFB236F1B6823B1606F1E
:10B9200002B0BDE81040184702B010BDD85903015D
:10B9300013B504460846216901F56371D1E8AF1FCC
:10B94000022910D193B1A0B10121CDE900311346F4
:10B95000D0E9091204F06EFB074B984208BF6FF064
:10B960000B0002B010BD6FF00F00FAE76FF04C0053
:10B97000F7E76FF00100F4E72EF8FFFF2DE9F7433A
:10B9800088461546066906F56373D3E8AF3F022B78
:10B990005FD1136823B96FF0150003B0BDE8F083E1
:10B9A0001B78002BF7D0D6F88893B9F1000F33D16C
:10B9B00006F5EC774FF0FF324FF0FF33384604F0D6
:10B9C00067FF30462A6801A9FFF7AAFE019C1CB94F
:10B9D000384607F01DFADEE705F1080323676B69B7
:10B9E00084F86C906367646460B1384607F010FABD
:10B9F00021463046A36E2A68FFF770FE0020C8F883
:10BA00000040CAE72022296804F1480009F04BF9F8
:10BA1000384607F0FDF9F1E730460F4907F0C6F95F
:10BA200004460028B7D005F1080303676B6940643A
:10BA30004367002380F86C3020222968483009F0E1
:10BA400032F922460121304600F060F80028D5D0B6
:10BA5000A1E76FF00F00A0E7D859030110B50C461D
:10BA6000006900F56373D3E8AF3F022B0FD189B1B2
:10BA70000A4900F5367008F0D9FE204608F087FA2A
:10BA800078220021204609F08DF9002010BD6FF0CA
:10BA90000F00FBE76FF00100F8E700BF0072002124
:10BAA0002DE9F04F05460E4690460027D0F8C4A079
:10BAB00085B0AAF5BE7421463046FFF7E0FBE0B939
:10BAC000114BA4F1480B0293DAF810303246CDE95D
:10BAD000008329464FF0FF335846AAF5E27904F077
:10BAE000F9FA60B97823012203FB079383F86C20ED
:10BAF000DAF80C300BB158469847783417B105B0D6
:10BB0000BDE8F08F0127D6E7B92F03011FB5144612
:10BB100090B18AB1012912D10A4B00F1F0010293D0
:10BB2000D0F8D431483201934FF0FF3320460093D0
:10BB300004F0D0FA04B010BD6FF01500FAE7002051
:10BB4000F8E700BFB92F03012DE9F04387B00E4697
:10BB5000DDE90E811446DDE910251F4630B329B317
:10BB6000DFF850C000F1F009002D08BF65469EB90E
:10BB7000CDE9034400F5E2742046059608F0A1FCE7
:10BB800003ABCDE900432A463B464146484604F014
:10BB9000C1FB07B0BDE8F083002241460E92484643
:10BBA0002A4607B0BDE8F04304F00ABD6FF0150067
:10BBB000EFE700BFA1BA0201F0B50E46044689B016
:10BBC000002872D0436B0BB9394B436301232246E3
:10BBD000E3630023D4F8981004F1400042F8301FCA
:10BBE000CDE901334FF0FF330093D4F89C3007F0D8
:10BBF000A2FE304A06AB92E8030083E80300184631
:10BC000004F01EF90546D8B904F1340004F0FAF83E
:10BC10000546A8B9616B284805AA07F068FE0546E5
:10BC200070B9059B9A6872B10C33D4F89400C4F8CB
:10BC3000A03007F0F2F9C4F8D40030B96FF00B056A
:10BC4000284609B0F0BD0346EFE7D4F8940007F0AA
:10BC5000E4F9C4F8D8000028F0D0D4F88C30D4F837
:10BC6000A010C4F8A8300423C4F8AC30C4F8C43021
:10BC70000223A362114BB4F89420D4F8D470C4F812
:10BC8000B810C4F8D010D4F89010236204F1A403C3
:10BC9000A4F8B020C4F8A470C4F8C010A4F8C82058
:10BCA000C4F8BC00A661E362CAE76FF01505C7E7F8
:10BCB000BF57030120500301C957030184540301F6
:10BCC000014B036000207047B054030108B50448DD
:10BCD00006F0C3FEBDE80840024806F0BEBE00BF45
:10BCE000D15703010658030130BFFFF7FDBF00BF66
:10BCF0002DE9F04105460B4EDFF82C80324606EB6D
:10BD00000807CC1B2046094909F03FF8A019424614
:10BD10000021083C09F046F86C6707F10800BDE80F
:10BD2000F08100BF00000000040000001850030173
:10BD3000074A936893F90E10002907DB5269934272
:10BD40001FBF044A536843F080535360704700BFDD
:10BD50004C74002100ED00E0154B9A6A12F0007F50
:10BD60009A6A14BF1E201D2012F0807F9A6A18BFA5
:10BD70001F2012F4801F9A6A18BF022012F4002FAD
:10BD80009A6A18BF212012F4802F9A6A18BF2220C5
:10BD900012F4003F9A6A18BF232012F4803F9A6A77
:10BDA00018BF24206FEA02426FEA12429A6270477B
:10BDB00000ED00E010B5164B9A6A9C6A12F4805FA1
:10BDC00014BF1722162214F4006F9C6A18BF1822A1
:10BDD000A40509D59A6B9A6A120404D518B19A6A17
:10BDE00022F400429A621922094B986A10F4806F7B
:10BDF000986A18BF1A2210F4807F986A40F47F4036
:10BE000098624FF000030CBF10461B200B7010BD52
:10BE100000ED00E010B5154B0246986A9C6A10F0E0
:10BE2000100F14BF1120102014F0080F9C6A18BFC7
:10BE30001220A40709D5586B986A000604D51AB1D8
:10BE40009A6A22F080029A621320084B9A6A12F0D2
:10BE5000010F9A6A18BF1420D20658BF9A6A9A6ACC
:10BE600042F0FF029A6200230B7010BD00ED00E06B
:10BE7000F0B5474B04465B6800258BB0C3F308035D
:10BE800085F31188BFF36F8F02F07F40B0F17F4FD1
:10BE900011D102F00C0008280DD010074CBF0C4641
:10BEA00001250022033B8DF80720032B05D8DFE88E
:10BEB00003F02462665F2C46F3E700239DF8072019
:10BEC000CAB902AE04F1200732462068616808341E
:10BED00003C2BC421646F7D1099A002D53D0C2F3D3
:10BEE000080121B96FEA52226FEA422209921846EC
:10BEF00002A907F0D0F80BB0F0BD254BDA6A910724
:10BF0000DBD4DA6A002AD8DBDA6A5200D5D55A695E
:10BF1000A16942F480725A61BFF34F8FBFF36F8FF4
:10BF20005A6931F8021C22F480725A61BFF34F8FB4
:10BF3000BFF36F8F4DF60272914209D09A6AD2B266
:10BF400042B101200DF10701FFF764FF0346B5E799
:10BF50002368B3E79A6A12F47F4F05D001200DF1F0
:10BF60000701FFF727FFF1E79B6AB3F5803FA4D3F2
:10BF7000FFF7F2FEEAE700200DF10701E4E70020F9
:10BF80000DF10701EDE722F4FF7222F00102ADE7A7
:10BF900000ED00E0064B5A6942F010025A615A69FE
:10BFA00042F480625A615A6922F008025A6170476D
:10BFB00000ED00E0EFF30880EFF3098101B5724670
:10BFC000FFF756FF01BD00BF002080F31488BFF3C8
:10BFD0006F8F002080F30A8880F30B8803F078F9D4
:10BFE00000200E490860BFF34F8F0D4880F308888A
:10BFF00000F02CF8402080F311880A484FF40061CB
:10C00000401880F30988EFF314800221084380F37D
:10C010001488BFF36F8F00F007F9000094ED00E083
:10C020000096002100850021002318460649D1F81A
:10C030009020C2F30722934200DB7047C1F898308A
:10C04000C1F8A0000133F6E700ED00E010B572B6CC
:10C05000002484F31388FFF7E7FF23464FF0FF30F7
:10C060000C4A03F120010133102B42F82100F8D1D2
:10C0700000234FF0FF30074A03F160010133102B1A
:10C0800042F82100F8D162B6BFF34F8FBFF36F8F34
:10C0900010BD00BF00E100E0084B9B6883420BD15C
:10C0A000EFF3058343B1064B5A6842F080525A6061
:10C0B0005A6A22F400425A6208F0B3BC4C74002160
:10C0C00000ED00E06FF00A01084A9368D96708495B
:10C0D00098674B6843F080534B60002383F31188CB
:10C0E000BFF36F8F9368D86F704700BF4C74002107
:10C0F00000ED00E0EFF31183402383F31288BFF3D8
:10C100006F8F4FF00061084A53699360074A51608E
:10C11000596F074A116000219A6F996782F311885D
:10C12000BFF36F8F704700BF4C74002100ED00E03B
:10C13000287200210E498A684FF030001044EFF356
:10C14000098C80E8F01F74467046FFF7D3FFA646BF
:10C1500007498A6802F1300090E8F01F8CF30988E3
:10C1600002F1000004B506F0ABFFBDE804407047E3
:10C170004C7400211EF0040F0CBFEFF30880EFF3A6
:10C180000980816911F8021C0229FFD001B506F06F
:10C1900088FF01BD40B2002807DB01234109034AA3
:10C1A00000F01F00834042F82130704700E100E0BA
:10C1B00040B200280CDB01220649430900F01F00B1
:10C1C0008240203341F82320BFF34F8FBFF36F8F9E
:10C1D000704700BF00E100E0054B420953F8222000
:10C1E000012300F01F0003FA00F01040704700BF69
:10C1F00000E100E0D30748BF002140B258BF023140
:10C200000028ACBF00F16040064A4FEA4113DBB2A0
:10C21000ABBF00F5614000F00F0080F8003313540D
:10C22000704700BF14ED00E008B5084B084A23F042
:10C230007F039360BFF34F8FBFF36F8F04F066FAF5
:10C2400005F0D8F900F04CF804F0A0FA0000000165
:10C2500000ED00E042F8203C009B0B4942F81C3CFA
:10C26000019B21F0010142F8183C029B42F8081C96
:10C2700042F8143C4FF0807342F8043C0023203A0B
:10C2800002658367704700BF8DB4020100B50D4B96
:10C2900015469860426F0C4B0E461A60436E83F34E
:10C2A0000B882C4686F309884FF00000074B98470F
:10C2B00020464FF000014FF000024FF00003044C05
:10C2C000204700BF4C74002128720021C9300301AF
:10C2D0008DB402011022014B1A61704700ED00E09D
:10C2E000002340210348C21801331E2B82F800139B
:10C2F000F9D1704700E100E008B5EFF30583064A85
:10C30000103B02EBC30152F8330049688847BDE88F
:10C310000840FFF70DBD00BFF84E03011FB5094CE3
:10C32000094A23460121094800F0FAF80023039343
:10C33000074B0121E41A01A80193029400F0FAF8D6
:10C3400004B010BD0000012100000021B054030121
:10C350006809002110B50C7A0B6804F01F0223F065
:10C360001F031A43CB68640923F01F03054943EAFE
:10C37000440343F00103C1F89800C1F89C20C1F8C0
:10C38000A03010BD00ED00E010B5074BD3F89030A1
:10C39000C3F30723013B984202D8FFF7DBFF10BD30
:10C3A0006FF01500FBE700BF00ED00E02DE9F04F56
:10C3B0000F46144606464FF000084D4D85B0B8456F
:10C3C00080F29280D6F80490B9F1000F36D0B9F11E
:10C3D0001F0F40F2878019F01F0F40F08380D6F8BE
:10C3E00000A01AF01F0F7DD1504606F0ADFE834627
:10C3F00009EB0A00013806F0A7FE834572D11BF154
:10C40000160F6FD05C456DDDC5F898B0D5F89C105F
:10C41000C5F898B0D5F8A03021F01F0143F01F0AED
:10C42000D6E900321A44994202F1FF391ED1CA45B9
:10C4300008D131465FFA8BF006F08FFE08F1010853
:10C440000C36BCE73146C5F898B0D5F89C3022F0E0
:10C450001F0203F01F031343C5F89C30E0B206F03F
:10C460007CFE10F1160F3DD0441CE7E7C5F898B0EC
:10C47000D5F8A020013B23F01F0302F01F02134355
:10C48000CA453146E0B2C5F8A030E8D006F065FEF6
:10C4900010F1160F26D0C5F898B0D5F89C209DF85D
:10C4A00008300AF1FF3A62F304038DF80830D5F83A
:10C4B000A0309DF808205B0863F347128DF8082030
:10C4C000D6E900321344009323F01F035344A3EB37
:10C4D0000903013023F01F036946C0B20393FFF73D
:10C4E00053FFBEE76FF01504204605B0BDE8F08F9E
:10C4F00000ED00E00522044BC3F89420BFF34F8FFA
:10C50000BFF36F8F704700BF00ED00E0BFF35F8F98
:10C510000022024BC3F89420704700BF00ED00E0FA
:10C5200010B5034C2278FFF741FF207010BD00BF0B
:10C53000847400212DE9F74F294D8A4606464FF0B5
:10C540000008AB46274FD0451BDAD6F80490B9F166
:10C55000000F3FD031680846019106F0F5FD0199C2
:10C56000044609EB0100013806F0EEFD84424FF06D
:10C5700014021D4B08D002FB08F36FF015024BF8B4
:10C58000032003B0BDE8F08F14F1160F2C60F8D033
:10C590001978A142F5DD02FB08B0C7F89840C7F84A
:10C5A0009840D7F89C4000F10801007B64F3040038
:10C5B0000871D7F8A0000C79400860F347140C719B
:10C5C000D7F89C1021F01F016960D7F8A01021F066
:10C5D0001F01296108F1010814350C36B3E700BFCB
:10C5E0002C72002100ED00E084740021F0B5414977
:10C5F000414CD1F890302568C3F307239D4287B0A2
:10C6000075D80020FFF782FF3C4BC1F8C03085424F
:10C6100016D13B4C01A82570FFF752FB00250646BA
:10C62000384FAE4213D1002023783249D1F8902000
:10C63000C2F30722934254DBFFF75CFF00202FE098
:10C64000616801EB0011FFF785FE0130DFE701991A
:10C65000280101EB0513DA683A40B2F5001F21D03A
:10C66000B2F5800F2BD0B2F5801F38D15A689B6885
:10C670000958013B22F01F0003440120844623F0A7
:10C680001F0340EA4C10CDE902218DF8100002A9E9
:10C6900020780593FFF778FE00281DDA6FF015006B
:10C6A00007B0F0BD5A689B680958013B22F01F0093
:10C6B00003444FF0020C012023F01F03E1E75A6806
:10C6C0009B680958013B22F01F0003444FF0000C07
:10C6D000062023F01F03D4E72378013323700135AC
:10C6E0009FE7C1F89830C1F8A00001339EE74FF0F2
:10C6F000FF30D5E700ED00E0BC540301AAFF440081
:10C70000847400210000F0FF08B5024B1B689847B5
:10C71000002008BD40720021034B044A1860937842
:10C7200043F0020393707047407200214C070021D0
:10C7300008B50649064821F00701C1F1045202F587
:10C74000803206F030F9002008BD00BF6BD7002111
:10C750004472002170B541690446867A0A4D59B188
:10C76000437ADB0706D42C2303FB06535B6A1B6862
:10C770009B689847002363612C20214600FB0650EC
:10C78000BDE8704007F0F9BFB80800212C21827A7B
:10C79000054B01FB02339A6A1B7F801A1B3323F07F
:10C7A0000303B0FBF3F07047B808002138B52C2420
:10C7B000827A064B04FB02335B6AD3E901240C60E6
:10C7C0001568FFF7E3FF04FB005038BDB8080021EF
:10C7D0002DE9F04F85B00546684691461C469046C7
:10C7E0009A46039108F07AF9DDE90067EFF3118BBF
:10C7F000402383F31288BFF36F8F698B002942D0E7
:10C800002B8B8B4226D900220023284604F0F4F813
:10C810000446F8B18BF31188BFF36F8F039B002B95
:10C820004FD032463B46684608F07CF92C21A27A6C
:10C830002C4B204601FB02335B6A03A91B681D6871
:10C84000DDE90023A847606100283BD12046FFF7BF
:10C8500081FF31E0698B4B1E6B838BF31188BFF333
:10C860006F8F2B7F2A8BAC6A1B3323F00303521A82
:10C8700002FB03441B4B1C4AEB1A9B105343A3724D
:10C880002B7FE372CAE78BF31188BFF36F8F54EAF3
:10C89000090409D008F08EFA144A154B12589A422E
:10C8A0000ABF8846C846C24642465346284604F058
:10C8B000A3F804460028B1D10024204605B0BDE805
:10C8C000F08F6361012300252381039B2946638246
:10C8D000E27A656004F1180008F064FA6369258261
:10C8E000E360EAE7B8080021A38B2EBA0800000035
:10C8F000B870002170B52C250B4C00B970BD037ABF
:10C900004668013BDBB20372002BF7D1C360436082
:10C91000837A05FB03431B6A13B198473046ECE763
:10C92000FFF718FFFAE700BFB8080021064AD2F85F
:10C93000AC3123F00043C2F8AC310022034BC3F802
:10C940004C21D3F84C317047002001410060014177
:10C950000122024B0020C3F8402570470000084127
:10C960005023142213B51F4C0DF10700C4F80C35E9
:10C970001D4BC3F820214FF400621C4BC3F8BC25AB
:10C980004FF48062C3F8382502F04CFD184B9842F2
:10C9900025D118499DF8070006F019FF16499DF8A2
:10C9A000070006F019FF15499DF8070006F00FFF74
:10C9B00021469DF8070006F00FFF01209DF8073083
:10C9C000984002F029FD4FF4002200200C4BC3F8E0
:10C9D0004423C3F84C01D3F84C3102B010BD6FF0C2
:10C9E0000B00FAE700B00041003020410020014177
:10C9F0000000AD0B4C610141282001412C21014177
:10CA00000060014173B5354BD3E84F3F00233449F3
:10CA1000CDE90033334BD3F80445BFF35F8FD1F832
:10CA20000465BFF35F8FD3F804259442F3D16B46BE
:10CA3000224601212B4806F0D7FB324605460F213E
:10CA4000274801AB06F0D0FBE0B1019B0DB9009384
:10CA500002E0009A9342FAD3009B22481C44013C16
:10CA6000D0F84C3524F07F449C421F4932D0FFF768
:10CA70005DFFC0F84C451D4B009A9A4218D901231E
:10CA80000B7001E0002DE7D1194AD2F8AC3143F028
:10CA90000043C2F8AC31134BD3F84C2132B9012119
:10CAA000144A5160D3F84C3103B1116001230DE0F9
:10CAB000BFF35F8FD0F80435E41A24F07F440E4BA7
:10CAC000033C9C42DBD900230B7000230B4A1370FC
:10CAD00002B070BD0B78002BF7D0D5E78974002128
:10CAE000001001410060014187740021FEFF7F00BA
:10CAF0000020014100B00041FBFF7F00887400214D
:10CB0000F8B51E490023C1E8423F52BB1C4B1D78BB
:10CB10003DB305231B4E1C4F34780134B4FBF3F3B3
:10CB200003EB8303E41A06F03BFD184A137823B1A4
:10CB300057F82430C01A072813D9154BD3F814110D
:10CB400041B10021C3F81411D3F8143134700CB979
:10CB500001231370347806F023FD47F8240028469B
:10CB6000F8BD0C4A0025D2F8AC3123F00043C2F8DE
:10CB7000AC310122084B5A60F1E700BF89740021F3
:10CB80008874002186740021507200218574002170
:10CB9000005000410020014100B0004120B1034B92
:10CBA000800143F001031847704700BF5054030150
:10CBB00008B5034B186807F0D5FD002008BD00BF7D
:10CBC00064720021052838B5054608D82A21C140DD
:10CBD000C90704D5064806F0DFFA044610B9002458
:10CBE000204638BD01210C3006F0DAFA2576F7E749
:10CBF0003C0900212DE9F04102280546DDE90687C0
:10CC00000BD004280BD020B9134806F0C5FA04460F
:10CC100038B900242046BDE8F0811048F5E71048F7
:10CC2000F3E700F10C060121304606F0B9FA25764B
:10CC3000B8F1000FEED0002FECD0304606F0CCFA61
:10CC4000874203D92046FFF755FEE2E73A464146C0
:10CC5000304606F0AFFADDE7E4080021B80800210D
:10CC600010090021038A014623B1034B1868836829
:10CC70009B681847122070475C07002110B5084BCD
:10CC8000084C1860206807F04AFC30B1206806495B
:10CC90008368BDE810401B6818476FF0120010BD94
:10CCA000647200215C070021B1CB0201084B70B512
:10CCB000C31A0D4607499B100446594340220648B3
:10CCC00006F0D1FA2B4601462046BDE870401847D1
:10CCD0007C720021B76DDBB6584E0301402373B55B
:10CCE0000B4C0093041B0B460D460A49A4106143EC
:10CCF0000646094A094806F0E2FA011E05DA3046FE
:10CD00002B4602B0BDE87040184702B070BD00BFAE
:10CD10007C720021B76DDBB629330301584E030145
:10CD200010B5EFF31184402383F31288BFF36F8FA4
:10CD3000074A136823F00201DB07116002D40120C7
:10CD400006F03AFD84F31188BFF36F8F10BD00BF6A
:10CD5000CC72002170B50022012104460520FFF7A6
:10CD600049FA0F4802F0ACFA0E4B984215D106F082
:10CD700028FD26690C49304605F0CBFE00280BDB68
:10CD8000012535642469084904F11C0005F0C1FE41
:10CD9000002801DB0020E56470BD6FF00400FBE7B4
:10CDA000B1CE02010000AD0B305503017FB500226A
:10CDB0000123CDE9022304ABCDE90433094A6B46D4
:10CDC000CDF800D0CDF804D006F0A7FA002805DB96
:10CDD0004FF480420023684603F064FE07B05DF81C
:10CDE00004FB00BF473303010C22104B014602FB3A
:10CDF0000033002030B4D3E90E529863EFF3118072
:10CE0000402484F31288BFF36F8F1C6C04F0C004BD
:10CE100044F002041C6480F31188BFF36F8F1DB1CE
:10CE20002B4630BC0248184730BC70477C7200214A
:10CE3000584E030110B4EFF31182402383F312889C
:10CE4000BFF36F8F1748016841F002040460C80700
:10CE500007D482F31188BFF36F8F012010BC02F05A
:10CE60001FBA1149D1F80C04D1F80C14C907F0D538
:10CE7000EFF3118083F31288BFF36F8F0B490B6CB4
:10CE800003F0C00343F002030B6480F31188BFF387
:10CE90006F8F82F31188BFF36F8F002010BCFFF7F4
:10CEA000A3BF00BFCC720021005000417C72002162
:10CEB00010B1012804D07047034B1B6C5B0701D1F4
:10CEC000FFF792BF704700BF7C7200212DE9F0414F
:10CED000012207463449D1E8EF3FC1E8E02F00289E
:10CEE000F9D133B9314932484B60CB608A6005F0E3
:10CEF00023FE7B1E012B28D8012F06D12D4BD3F802
:10CF00001C3403F00303022B1FD007F0B0FC0546CE
:10CF1000E8B9294B1B78D3B102220646254BC3F84A
:10CF20000823244CDFF89480D4F81824D4F818345B
:10CF3000D20315D503F00303022B01D0012F0FD12B
:10CF40006DB386F31188BFF36F8FBDE8F081EFF307
:10CF50001186402383F31288BFF36F8F0125E0E72A
:10CF6000C5B1304606F0D2F8D4F81835DBB2012B43
:10CF7000DAD1D4F80421002AD6D00022C4F8042142
:10CF8000D4F804210222C4F818252022C8F88021F0
:10CF9000A360C9E70021212004F070FAE4E702222F
:10CFA000044BC3F80423D0E7787200216872002193
:10CFB0009872002100500041F876002100E100E065
:10CFC00008B5074807F0ABFA38B10648FFF7A4FBED
:10CFD0000448FEF73DFA002008BD6FF01200FBE7A1
:10CFE000A84E0301E9CF02010A2838B50446074DCF
:10CFF00004D1AB680D2128465B689847AB680348AD
:10D000005B68E1B29847204638BD00BFA84E0301D7
:10D01000EFF31182402383F31288BFF36F8F0A4B23
:10D02000D3F8001161B10021D3F80805C3F800114D
:10D03000D3F80031C0B282F31188BFF36F8F70470D
:10D040006FF00A00F7E700BF009000410346F0B51B
:10D0500010469C7893F803C0EFF31182402585F3C6
:10D060001288BFF36F8F1F7893F801E0E41B04EA86
:10D070000C04A04288BFA0B23E180CEA06063D464A
:10D080001E7082F31188BFF36F8F0A188A4216D17F
:10D0900077450CD1EFF31182402181F31288BFF361
:10D0A0006F8F1978597082F31188BFF36F8F1B79D6
:10D0B000241AA34222BF0122054B1A60F0BD5E195B
:10D0C0007679013501F8016B05EA0C05DEE700BF52
:10D0D00000900041DB432DE9F04713F001050E46B7
:10D0E000144604D02248FFF7B1FFBDE8F0879AB399
:10D0F000EFF31188402383F31288BFF36F8F092069
:10D10000FFF76AF807460920FFF752F888F31188FD
:10D11000BFF36F8FDFF85CA04FF40079CAF80051BD
:10D12000DAF8003101232546DFF84C80CAF80030D8
:10D13000C8F88091DAF8003183B1FFF769FF031E68
:10D14000C8F88091F6DB013DADB27355002DF1D1E9
:10D1500017B10920FFF71EF82046C6E7EFF311804C
:10D16000402383F31288BFF36F8F05F0CFFFE1E711
:10D17000007300210090004100E100E02DE9F04142
:10D180000D461446114F07F1450814B92046BDE875
:10D19000F0814FF0FF334FF0FF32384603F082FC4E
:10D1A000224629464046FFF751FF0646384603F01F
:10D1B00055FC3EB94FF0FF324FF0FF33044803F007
:10D1C00071FCE6E7A41BA4B23544DEE7D07200216F
:10D1D000E872002138B50122184C1146204607F0AC
:10D1E000D6FA0122002104F1180007F0D0FA40F22B
:10D1F0000743A4F848304FF0706323630C230025E5
:10D20000012184F834300E4B84F84550A4F8465080
:10D21000D3F80425092022F00102C3F80425C3F83D
:10D220000051D3F80021C3F804132A461960FEF711
:10D23000E1FF0920FEF7AEFF284638BDD07200217D
:10D240000090004110B5FFF7E3FE002820DB174BEC
:10D25000C0B293F8322093F8314093F83310141B86
:10D2600031EA04040DD193F8472093F8464093F82F
:10D270004810141B31EA04040BD101220C4B5A60F4
:10D280000EE09C180132114084F8350083F832100A
:10D2900010BD9C180132114084F84A0083F84710F1
:10D2A0000448BDE8104003F0D9BB00BFD072002194
:10D2B00000900041E8720021F0B5406801F01F04C1
:10D2C000057B87B044EA45140569002D63D0B2F5AB
:10D2D000001F00F1100506D12146284606F005FB87
:10D2E000002007B0F0BD0027B2F5800F01AE019716
:10D2F000776039D1B3F1007F14BF052304238DF883
:10D3000004300023CDE904630393836823FA01F119
:10D3100011F001011AD1B2F1A07F17D104F01F035F
:10D32000620903F180032AD0012A3AD11E4A52F839
:10D330002330DB070AD40DF1030632462146284686
:10D3400002F0DCFA194B98421BD00296214628467F
:10D3500003AA02F08FF9164B98421FD101222146F1
:10D36000284602F02DFBBBE7B3F1C06F05D0B3F147
:10D37000007F14BF01230223C1E70323BFE70D4A47
:10D38000D5E73146284602F015FB094B9842DCD020
:10D390006FF00B00A5E76FF08500A2E76FF01500B6
:10D3A0009FE751F82330FFDE00088C410400AD0BED
:10D3B0000000AD0B00058C4138B545682B69B3B151
:10D3C0001035284602F0E6FA044680B901462846A0
:10D3D00002F0AEFA084B98420BD122462846074984
:10D3E00002F086FA224605210A20FEF703FF0020FC
:10D3F00038BD6FF00400FBE70000AD0B01D4020163
:10D400004209034670B502D0012A17D070BD0D4EF7
:10D41000326951680029F9D0012503F01F030C6817
:10D420009D400029F2D08A682A4002D030464B68DD
:10D4300098472CB1236821461C46F2E7024EE7E7E5
:10D440002346F8E7804E03016C4E03012DE9F043BB
:10D4500040F206354668D00648BF0320337B02EA17
:10D46000050558BFC2F3401087B001F01F07B5F59E
:10D47000837F144647EA43178DF8030044D00FD842
:10D48000062D18D007D8B5B1022D3FD06FF015008A
:10D4900007B0BDE8F083B5F5807FF7D101250AE03C
:10D4A00040F20222954233D0B5F5407F32D0B5F537
:10D4B000007FEBD102250123220303FA01F12BD5D2
:10D4C00073689960326972BB07F01F037F0928D027
:10D4D000012F75D13C4A02EB830284F48033D2F8E9
:10D4E0000012C3F30043C4F3404444EA430421F46C
:10D4F000706144EA800421F00F0144EA05230B43E4
:10D50000C2F800320020C3E70725D4E70425D2E79C
:10D510000525D0E70325CEE7630344BF7368D960D0
:10D52000D0E72A4AD7E71036394630460DF10202D5
:10D5300002F0E4F914F4403F80460CD139463046FD
:10D5400006F0D1F9224B9845DCD130469DF8021007
:10D5500002F02AFAD6E74FF0000901AB394630460F
:10D5600003AACDE90439CDE90199CDF80C9002F078
:10D5700081F8174B984289D114F4003315D09DF8E7
:10D58000033084F48034C4F300448DF80E303946FF
:10D590004B46304603AA8DF80C508DF80D4002F032
:10D5A00025F90B4B9842CDD070E7CDE904333946CD
:10D5B0000DF10303304603AA039302F05BF8F0E792
:10D5C000803352F82330FFDE00088C4100058C4187
:10D5D0000000AD0B10B504460269A2B0C2F880008D
:10D5E0001649002002F01CFB002201211220FEF748
:10D5F00001FE8422002101A8646807F0D3FB002308
:10D60000012001AA61680432D940C90744BF00FA69
:10D6100003F142F8041C2168D940C90748BF00FA49
:10D6200003F103F1010348BFD163102BEAD101A834
:10D6300002F00EFB002022B010BD00BFE733030153
:10D640002DE9F04F8C46002640F2FF1EDFF8E48003
:10D65000DFF8E490DFF8E4A0F3B29C4502D80020A4
:10D66000BDE8F08F50F82610C1F3C324082CC1F395
:10D67000080350D8090E734508BF4FF0FF3318F860
:10D68000044003294AD8DFE801F002083033C2F829
:10D690000C35591C2FD10136DEE7C2F814355D1C5C
:10D6A000F9D0002550F8261001F40047002F0EBFD6
:10D6B000AB464FF0010B002503F01F075B0928D094
:10D6C000012B31D1534603EB8707C1F341212402DB
:10D6D000D7F8003244EA81042C4303EA090344EA00
:10D6E0004B042343C7F80032D5E7C2F80835D0E72A
:10D6F000C2F81035D3E7590909D0012911D10F4FCC
:10D70000012503F01F0105FA01F1B960CAE70C4FCA
:10D71000F6E70B4BD7E76FF01500A1E76FF0850038
:10D720009EE700239B60FFDE0023803753F82730FD
:10D73000F9E700BF8C580301F0F0FCFF00088C41B2
:10D7400000058C412DE9F04104460D46476807F07D
:10D750008EF84FF0400888B9264B1B7873B16426C9
:10D76000606805F0E0FEF0B9012006F02EF8013EF9
:10D77000F6D10021212003F081FEF0E7EFF31186BE
:10D78000314688F31288BFF36F8F606805F0CBFED7
:10D79000A8B986F31188BFF36F8FEFE786F311887E
:10D7A000BFF36F8FE5E7EFF31186314688F31288F8
:10D7B000BFF36F8F606805F0B6FE0028EED0FB69FE
:10D7C00000201D706368FA691B68C3F844250122B4
:10D7D000C3F84825C3F82001D3F82041C3F8580105
:10D7E000D3F858019A6081F31188BFF36F8FBDE8B9
:10D7F000F08100BFF8760021F7B50546002201212F
:10D800001320FEF7F7FC1320FEF7C4FC6B681A69BF
:10D810001868C0F82425997D5A7D0A43198B1B7D11
:10D820000B431343C0F86C356E68D6E9004313F020
:10D83000010348D02F6907F1080001F0F3FD304BD8
:10D8400098425AD1387A04F10C0204F5907105F02F
:10D85000C8FF387A012707FA00F001F0DDFD082340
:10D86000C4F80035F369C4F844350023C4F84835DA
:10D87000A760D4F85831002BFBD00021C4F8001564
:10D880006B6801AADC68204605F020FE002805DB55
:10D89000019B226819791868FFF7D2FE08216A688F
:10D8A0001368C3F80015117A51B9126AC3F8342508
:10D8B0000122C3F83825C3F81011D3F810111A60EB
:10D8C000002003B0F0BD0822C4F80025F269C4F8B6
:10D8D0004425C4F848350123A360D4F82031002B37
:10D8E000FBD00023C4F82031D4F820310123E360B9
:10D8F0004FF48073C4F80433BBE76FF00400E0E733
:10D900000000AD0B0123834070B5DC430B4AD2E825
:10D91000EF1F01EA0405C2E8E65F002EF7D14FF4DD
:10D92000803282400648C0F80823BFF35F8FBFF300
:10D930006F8F0B4214BF0120002070BDD4730021F3
:10D940000060014170B40E4922F07F46D1E90034F5
:10D95000D01AC31844F10004C1E90034A6F500133D
:10D96000B3F5400F09D2074B1B681A0A1B069C1916
:10D97000054B42F10005C3E9004570BC03F014BF3C
:10D98000981E0021D8730021A01E0021D9B10123C7
:10D990000D4A8340D2E8EFCF4CEA030CC2E8E1CF56
:10D9A0000029F7D14FF48033084A8340C2F804338A
:10D9B000074BD3E8AF3FC340DB0742BF4FF48002C1
:10D9C000044BC3F800217047D4730021006001416B
:10D9D000D073002100E100E00D4B1868010A000639
:10D9E000BFF35F8F0B4BD3F80435181841F10001DA
:10D9F000B3F5801F0AD2084BD3E90023904271EBA4
:10DA0000030303D210F1807041F10001704700BFA1
:10DA1000D873002100600141A01E00212DE9F04FC4
:10DA200085B016461F4604469DF840A0FFF76AFFE2
:10DA30000190FFF7D1FFB04271EB070352D23B4B8D
:10DA4000301A67EB0101984271F100014DD2384B59
:10DA500003EB0413D3E902239F4208BF964258D038
:10DA60004FF48038334908FA04F8204626F07F4BFB
:10DA7000C1F8488305F088FD4FF00309584604F1CA
:10DA80005005AD00ADB205F1824504F5A87305F56A
:10DA9000B0350293029A20F07F4341F82230C1F85A
:10DAA0004483D1F80435244AC01A033820F07F405B
:10DAB00090422ED9286868B1D1F80435A3EB0B0049
:10DAC00020F07F40B0F5000F039322D9204605F0E7
:10DAD0005BFD039BBAF1000F07D109EB030009F1CD
:10DAE0000109D7E7BAF1000F09D06FF015052046FC
:10DAF0000199FFF74BFF284605B0BDE8F08F0123E1
:10DB00000E4AA340D2E8EF0F1843C2E8E10F002904
:10DB1000F8D107490E982301C8500F9B01EB04125E
:10DB20000025C2E902675360E1E700BF0100800001
:10DB3000881E002100600141FDFF7F00D07300219D
:10DB40007FB500254FF0FF304FF0FF31194C1A4BD5
:10DB50000226C4F80833C4F84833184BC4F80855F3
:10DB6000C3E902014FF480334FF48002C4F8043358
:10DB7000134B0121C4F804631620C3F880212A4600
:10DB8000FEF738FB1620FEF705FB01230D4AA360C4
:10DB9000236013600C4B0D4A009328460023CDE907
:10DBA0000155FFF73BFF3046FFF790F9284604B0D8
:10DBB00070BD00BF0060014103000F00881E0021FE
:10DBC00000E100E0D473002145D90201FFFF7F008E
:10DBD0002DE9F74305F039FB2A4BD3F804239007CE
:10DBE0000BD5D3F8042142B10022C3F80421264A00
:10DBF000D3F80431136801331360224AD2F8043396
:10DC0000D90320D5214BD3E8EF1F21F00100C3E851
:10DC1000E40F002CF7D1CB0702D4D2F8403193B1F6
:10DC20000025184CC4F84051D4F84031FFF7D4FE19
:10DC3000EFF3108272B6164BD3E90267B042B941D6
:10DC400004D282F3108803B0BDE8F0834FF0FF38B0
:10DC5000D3E900104FF0FF391D60C3E902894FF48A
:10DC60008033C4F84833C4F84051D4F8403182F3CB
:10DC700010880029E7D0009032463B462846884766
:10DC8000E1E700BF00600141D8730021D07300219B
:10DC9000881E002130B5431C124C85B005D084424B
:10DCA000A8BF0446012CB8BF0124FFF795FE0E4B18
:10DCB0000C4DD3E90013401AB0F5000F0FD2221813
:10DCC000AA4228BF2A46002052180849CDE901007F
:10DCD000009143F10003FFF7A1FE05B030BD2A46D5
:10DCE000F1E700BFFFFF7F00981E002145D9020128
:10DCF00008B5FFF771FE024B1B68C01A08BD00BFD4
:10DD0000981E002102460B46014802F0C1BD00BF2B
:10DD10005C080021014802F033BE00BF5C0800210E
:10DD200070B5064688B036480D46364906F052FDB5
:10DD300001F0E8F903A8D3F7A7F9334806F0EFFBA1
:10DD4000002856D0314B01A80193D3F739FB0028A6
:10DD500052D14FF0FF304FF0FF31FFF7D3FF0446B1
:10DD600038B92B492B48D3F74DF9044620B1FFF7BA
:10DD7000D1FF204608B070BD40F6C41302A802933C
:10DD8000F5F7B1F820B1FFF7C5FF6FF08504F0E7B4
:10DD90004FF4C86302A80293F5F7C2F80028F2D145
:10DDA00040F2145302A80293F5F7BFF80028EAD115
:10DDB000029002A8F5F7BCF80028E4D102A802946A
:10DDC000F5F78FF80028DED1012368468DF8003082
:10DDD000F5F77FF80028D6D147F2305302A8029316
:10DDE000F5F789F80028CED1FFF794FF33691D605D
:10DDF000BFE76FF01204BCE76FF01504B9E700BF8E
:10DE0000E07300215B360301944E030185E00201BB
:10DE1000A81E002175E002017FB59448D2F7E4FF07
:10DE2000D3F744F918B16FF0850004B070BDD3F793
:10DE3000BBF90028F7D1D3F74DF90028F3D1D3F778
:10DE4000C7F90028EFD1D3F759F90028EBD1D3F760
:10DE500073F90028E7D1D3F78BF90028E3D1D3F782
:10DE600095F90028DFD1D3F75BFA0028DBD1D3F78F
:10DE70006BFA0028D7D1D3F77BFA0028D3D1D3F798
:10DE80008BFA0028CFD1D3F765F90028CBD1D3F78F
:10DE90006FF90028C7D1D3F779F90028C3D1D3F798
:10DEA000B9F90028BFD1D3F7C3F90028BBD1D3F704
:10DEB000CDF90028B7D1D3F7E3F90028B3D1D3F7D0
:10DEC000FBF90028AFD1D3F711FA04460028AAD1F4
:10DED0000226012101AA8DF80460D2F7D1FF0028A3
:10DEE000A3DB01253146204601AA8DF80450D2F764
:10DEF000C7FF002899DB08260721204601AAADF8B4
:10DF00000460D2F7BDFF00288FDB594B0321204668
:10DF100001AA0193D2F7B4FF002886DB0421204632
:10DF200001AA8DF80450D2F7ABFF0028FFF67DAFB1
:10DF3000FB230621204601AAADF80430D2F7A0FF4A
:10DF40000028FFF672AF3146204601AA8DF8045032
:10DF5000D2F796FF0028FFF668AF0323052120467D
:10DF600001AA8DF80430D2F78BFF0028FFF65DAFD1
:10DF70000921204601AA8DF80450D2F781FF00281C
:10DF8000FFF653AF03250A21002001AA8DF80450A3
:10DF9000D2F776FF0028FFF648AF0B21204601AAF2
:10DFA0008DF80440D2F76CFF0028FFF63EAF012346
:10DFB0001021204601AA8DF80430D2F761FF002815
:10DFC000FFF633AF02261121204601AA8DF8046026
:10DFD000D2F756FF0028FFF628AF1221204601AAEB
:10DFE0008DF80460D2F74CFF0028FFF61EAF142115
:10DFF000204601AA8DF80460D2F742FF0028FFF600
:10E0000014AF1321204601AA8DF80460D2F738FF1F
:10E010000028FFF60AAFFB23ADF80C30F7238DF88C
:10E0200004500425CDF80540ADF8063040F2034316
:10E03000152120460DEB05020294ADF808308DF84D
:10E040000A50D2F71DFF0028FFF6EFAE45F270032D
:10E05000984208DD84F31188BFF36F8F284602DFF2
:10E060006FF00B00E1E62046DFE600BFA9350301B3
:10E070001B1B03020149024806F0C8BBE0730021E4
:10E08000186F002110B403460A46034881680C68E3
:10E090001946234610BC1847944E030173B54FF040
:10E0A000FF304FF0FF31FFF72DFE002875D13C4DBA
:10E0B0000DF10701284600F041FF0446FFF72AFE54
:10E0C000002C6AD19DF80730042B36D128783E28E1
:10E0D00017D0FF2825D04FF0FF324FF0FF332146F5
:10E0E00005F0B5F8044600283ED06A782C49023283
:10E0F0000C3005F05FF821462A4B1B682A489847E8
:10E1000032E0AB78022B08D00D2BE4D1EE78012E53
:10E11000E1D1A98811F0100109D0002200230124C7
:10E12000DDE7AB7803F0FD03802BD4D1F5E74FF0AA
:10E13000FF324FF0FF330C46D1E7022B19D14FF0DD
:10E14000FF324FF0FF330320FEF73CFD064658B187
:10E150006A880432B2F5847F16D984F31188BFF33C
:10E160006F8F0423184602DF02B0BDE87040FFF74E
:10E1700081BF082BF8D14FF0FF324FF0FF3305205D
:10E18000FEF720FD0646E3E7294606F10C0005F000
:10E1900011F8044B31461B68B0E702B070BD00BFF8
:10E1A0008C740021DC730021E44E030142F264030D
:10E1B00098423FD02ED842F2260398421ED842F20F
:10E1C0000C03984214D840F20643984232D040F2F1
:10E1D0001D43C01A18BF01207047A0F50150283810
:10E1E000154B80B2C34003F0010383F00100704778
:10E1F000A0F500500D38114B80B2F3E742F2320324
:10E20000984217D0A0F501500338012894BF002090
:10E210000120704742F28503984206D842F2670314
:10E220009842DAD842F26603D3E74FF6025320F061
:10E230000800CEE7002070472F80402041120003E5
:10E240002DE9F341B14D07882A7804463BB2002AF4
:10E2500040F06D8642F24A018B424BDC42F23501BE
:10E260008B422FDC42F207018B425AD03BDC40F656
:10E2700003418B425DD042F20602934238D0042320
:10E280008DF80730A24B2688D3F80080B8F1000F34
:10E2900079D00DF1070220469E490DF10603C047D3
:10E2A000012802466FD09DF80630002B40F05481C3
:10E2B0009DF807300E21AB7001236970EB70AE80C2
:10E2C000AA7147E0A7F50053373B122B1CD8DFE8B3
:10E2D00003F01919191F1B191919191919191919E5
:10E2E000191919191900A7F50053083B052BC6D8B1
:10E2F000042218E042F25C0293420DD042F25D0229
:10E300009342BCD1042201E0EA71052202230BE012
:10E31000EA712A720622F9E7B0F80330A5F807304F
:10E32000F8E7EA71052201237B48017821B90370DF
:10E33000A5E7794B1A70A2E79942A0D03846FFF7BB
:10E3400035FFA8B10E236B700123EB700C23AA706C
:10E35000AF80AB7101232B7040F635439F4203D150
:10E36000AB79002B00F0E085002002B0BDE8F08121
:10E370000F236B700423AB700C23EB700123A5F803
:10E3800005702B71E6E7B6F5105F4FEA96230DD2C4
:10E390007BB1013B072B0CD8DFE813F00D000B001D
:10E3A0002C009C0002010B000B0013013F2B00F01E
:10E3B00087840122D0E0204640F2064230F9033B38
:10E3C000934207D040F21D429342F2D1F4F777FE18
:10E3D000024602E0F4F771FE02463046FFF7E6FE21
:10E3E00080F00100C0B2002840F0B680012A7FF41E
:10E3F0005FAFDEE7204640F6354130F8032B13B21D
:10E400008B4229DC40F62C418B420BDC40F601426A
:10E41000934231D040F603429342CAD1D3F7B0F8C9
:10E420000246DAE7A2F62D43082BC2D801A252F821
:10E4300023F000BF81E40201B3E30201B3E3020170
:10E44000B3E3020195E40201B3E302019DE402019A
:10E45000B3E30201A5E4020140F67B42934225D0DA
:10E4600040F67C4293422BD040F663429342A0D1C7
:10E47000F4F7BBFC0246B0E7F4F7AAFC0246ACE7AF
:10E480009DF80730254903338DF80730F4F7A5FCD4
:10E490000246A2E7F4F7A3FC02469EE7F4F7A1FCCC
:10E4A00002469AE7F4F79FFC024696E79DF807308C
:10E4B0001A4904338DF80730F4F79CFC02468CE7C8
:10E4C0009DF80730154902338DF80730F4F794FCB6
:10E4D000024682E72388A3F58053013B082B3FF6D1
:10E4E00068AF01A252F823F021E5020135E50201EF
:10E4F0006DE50201B3E30201B3E30201B3E30201FC
:10E50000B3E30201B3E302018DE502019575002139
:10E51000F073002196750021947500219C750021EF
:10E520009DF80730E64808338DF80730F4F70AFD08
:10E53000024652E79DF80730E14840338DF8073036
:10E5400005F08DF83046FFF731FE80F00100C0B2D3
:10E55000002200283FF4ACAE0F236B700423AB7095
:10E560000123EA702B71A5F80560F3E600229DF8FF
:10E57000073008338DF80730D14B1A605A60EB7AB8
:10E5800023F0600343F06003EB72DBE79DF8073094
:10E59000CB4806338DF80730F4F7D6FC02461CE76B
:10E5A00041F2054322889A427FF403AF9DF8073079
:10E5B000C3490333E01C8DF80730F4F782FD0246AF
:10E5C0000BE7204642F27C0130F8033B1AB28A4244
:10E5D0003FF7EFAEB2F5005F0DDC40F615439A420F
:10E5E00000F0B68240F616439A427FF4E2AEF4F7AA
:10E5F00007FC0246F1E6A3F50053013B7B2B3FF6F7
:10E60000D8AE01A252F823F0F9E7020101E80201B5
:10E6100015E80201B3E3020127E802012FE8020135
:10E6200037E802014BE8020153E802015BE802010E
:10E630006BE8020173E802017BE8020183E8020152
:10E640008BE802019FE80201A7E80201AFE802019E
:10E65000B7E80201C5E80201CDE80201E1E80201E4
:10E66000E9E80201FDE8020111E9020119E90201EC
:10E670002DE9020141E90201B3E30201B3E3020122
:10E68000B3E30201B3E30201B3E30201B3E3020126
:10E69000B3E30201B3E3020151E9020159E90201C6
:10E6A00069E9020171E9020179E9020181E90201E6
:10E6B000B3E30201B3E3020195E902019DE902011E
:10E6C000B3E30201A5E90201B9E90201C1E90201CE
:10E6D000B3E30201B3E30201C9E90201D1E9020196
:10E6E000E5E90201EDE90201F5E90201FDE90201B6
:10E6F00011EA020125EA02012DEA020135EA0201CE
:10E700003DEA020145EA02014DEA020155EA020131
:10E710005DEA020165EA02016DEA020175EA0201A1
:10E720007DEA020185EA02018DEA020195EA020111
:10E73000A9EA0201CDEA0201E1EA0201BDEA020111
:10E74000B3E30201B3E30201B3E30201B3E3020165
:10E75000B3E30201B3E30201B3E30201B3E3020155
:10E76000B3E30201B3E30201C5EA0201E9EA0201EF
:10E77000FDEA020111EB020125EB020161E9020150
:10E78000B3E30201EDEB020103EC020165EB0201D0
:10E790007FEB020199EB0201A1EB020135EB0201D3
:10E7A0003DEB0201D1EB0201D9EB0201E3EB0201E7
:10E7B000B5EB0201BDEB02012DEB02015FEC0201A2
:10E7C00075EC02011DEC020133EC020149EC02017F
:10E7D0008BEC0201B7EC0201A1EC0201B3E30201F0
:10E7E000B3E30201B3E30201B3E30201B3E30201C5
:10E7F000B3E3020163E80201F4F7A8FB0246ECE58B
:10E800009DF807302E4803338DF80730F4F7A3FB4B
:10E810000246E2E59DF80730294808338DF80730B5
:10E8200004F063FF8EE6F4F798FB0246D5E5F4F7B3
:10E8300096FB0246D1E59DF80730214801338DF85B
:10E840000730F4F78EFB0246C7E5F4F78CFB02466F
:10E85000C3E5F4F78AFB0246BFE5F4F788FB0246FE
:10E86000BBE5F4F728FC0246B7E5F4F782FB024665
:10E87000B3E5F4F780FB0246AFE5F4F77EFB024612
:10E88000ABE5F4F77CFB0246A7E59DF807300C48A2
:10E8900001338DF80730F4F774FB02469DE5F4F779
:10E8A00072FB024699E5F4F770FB024695E5F4F732
:10E8B0006EFB024691E5F4F76CFB02468DE500BF66
:10E8C0009C750021F4F767FB024686E59DF807304A
:10E8D000D14907338DF80730F4F75FFB02467CE53A
:10E8E000F4F75DFB024678E59DF80730CA4910331E
:10E8F0008DF80730F4F755FB02466EE59DF80730BA
:10E90000C54808338DF80730F4F74DFB024664E53F
:10E91000F4F74BFB024660E59DF80730BE49023331
:10E920008DF80730F4F743FB024656E59DF80730B3
:10E93000B94902338DF80730F4F73DFB02464CE548
:10E940009DF8073008338DF80730FF23EB711BE685
:10E9500000F0E0FB024640E504F0EAFE02463CE53A
:10E9600004F0E9FE024638E5F4F729FB024634E5F7
:10E97000F4F727FB024630E5F4F725FB02462CE5C9
:10E980009DF80730A44801338DF80730F4F71DFBDC
:10E99000024622E5F4F71BFB02461EE5F4F719FBDD
:10E9A00002461AE59DF807309B4904338DF807307D
:10E9B000F4F711FB024610E5F4F70FFB02460CE5F5
:10E9C000F4F70DFB024608E5F4F70BFB024604E5FD
:10E9D0009DF80730904901338DF80730F4F703FBB9
:10E9E0000246FAE4F4F701FB0246F6E4F4F7FFFA14
:10E9F0000246F2E4F4F7FDFA0246EEE49DF8073031
:10EA0000854802338DF80730F4F7F5FA0246E4E45E
:10EA10009DF80730804801338DF80730F4F7EDFAA0
:10EA20000246DAE4F4F7EBFA0246D6E4F4F7E9FA40
:10EA30000246D2E4F4F7E7FA0246CEE4F4F7E5FA48
:10EA40000246CAE4F4F7E3FA0246C6E4F4F7E1FA50
:10EA50000246C2E4F4F7DFFA0246BEE4F4F7DDFA58
:10EA60000246BAE4F4F7DBFA0246B6E4F4F7D9FA60
:10EA70000246B2E4F4F7D7FA0246AEE4F4F7D5FA68
:10EA80000246AAE4F4F7D3FA0246A6E4F4F7D1FA70
:10EA90000246A2E49DF807305F4801338DF8073045
:10EAA000F4F7C9FA024698E49DF807305A48023351
:10EAB0008DF80730F4F7C1FA02468EE4F4F7C3FA92
:10EAC00002468AE4F4F7C1FA024686E49DF807306C
:10EAD000514804338DF80730F4F7B1FA02467CE46C
:10EAE000F4F7AFFA024678E49DF807304A4902335A
:10EAF0008DF80730F4F7ABFA02466EE49DF8073064
:10EB0000454902338DF80730F4F7A5FA024664E46C
:10EB10009DF80730404902338DF80730F4F799FA31
:10EB200002465AE4F4F799FA024656E4F4F7B1FAC9
:10EB3000024652E4F4F79FFA02464EE49DF807308D
:10EB4000354902338DF80730F4F797FA024644E46A
:10EB50009DF80730304802338DF80730F4F74EF94E
:10EB600002463AE42C49F4F77EFA297A9DF80730F8
:10EB7000013103EB410302468DF807302DE42649AD
:10EB8000F4F773FA297A9DF80730013103EB41035A
:10EB900002468DF8073020E4F4F769FA02461CE4D7
:10EBA0009DF807301C4901338DF80730F4F761FAFE
:10EBB000024612E4F4F763FA02460EE49DF80730C9
:10EBC000154901338DF80730F4F75BFA024604E487
:10EBD000F4F759FA024600E4F4F757FA0246FFF751
:10EBE000FCBBF4F754FA0246FFF7F7BB9DF8073079
:10EBF000094806338DF80730F4F731FA0246FFF77B
:10EC0000ECBB9DF8073004490B338DF80730F4F75F
:10EC100028FA0246FFF7E1BB9C7500219DF80730FA
:10EC2000C54902338DF80730F4F73BFA0246FFF787
:10EC3000D4BB9DF80730C04902338DF80730F4F794
:10EC400032FA0246FFF7C9BB9DF80730BA490E33C6
:10EC50008DF80730F4F72BFA0246FFF7BEBB9DF89C
:10EC60000730B54902338DF80730F4F716FA02463B
:10EC7000FFF7B3BB9DF80730AF4902338DF807307B
:10EC8000F4F70DFA0246FFF7A8BB9DF80730AA4932
:10EC90000E338DF80730F4F708FA0246FFF79DBBF4
:10ECA0009DF80730A4491E338DF80730F4F701FAB8
:10ECB0000246FFF792BBF4F7EEF90246FFF78DBB71
:10ECC00020464FF60B4230F8033B934222D8B3F56F
:10ECD0007C4F7FF66EABA3F57C43013B0A2B3FF6DE
:10ECE00068AB01A252F823F0A9ED0201BFED0201C9
:10ECF000B3E30201B3E30201B3E3020117EE020141
:10ED0000B3E30201B3E30201EBED020101EE020104
:10ED100021EE020103F5407292B21D2A3FF649AB83
:10ED2000A3F57D431D2B3FF644AB01A252F823F01F
:10ED300037EE020167EE020171EE02017BEE020185
:10ED400085EE02018FEE0201B3E30201B3E302019B
:10ED5000B3E3020199EE0201B3E30201B3E302015E
:10ED6000A3EE0201B3E30201B3E30201B3E3020144
:10ED7000B3E30201B3E30201ADEE0201B3E302012A
:10ED8000B7EE0201B3E30201CDEE0201D7EE0201BC
:10ED9000EDEE0201F7EE020101EF02010BEF0201BD
:10EDA00015EF02011FEF02019DF8073062480C3396
:10EDB0008DF80730F4F726F80246FFF70EBB002265
:10EDC0009DF8073040338DF807305B4B1A80EB79A4
:10EDD00023F0230343F02303EB712B7A23F0070383
:10EDE00043F007032B72FFF7ADBB9DF80730524885
:10EDF00017338DF80730D2F7D1FB0246FFF7EDBA93
:10EE00009DF807304C4820338DF80730D2F718FCB6
:10EE10000246FFF7E2BAF4F710F80246FFF7DDBA50
:10EE20009DF80730444801338DF80730F4F707F8B0
:10EE30000246FFF7D2BA00229DF8073040338DF822
:10EE400007303D4B1A60EB7923F03F0343F03F035B
:10EE5000EB712B7A63F05F032B726B7A63F0010323
:10EE60006B72FFF76FBBF4F700F80246FFF7B5BA15
:10EE7000F3F7FDFF0246FFF7B0BAF4F72AF80246AF
:10EE8000FFF7ABBAF4F727F80246FFF7A6BAF4F794
:10EE900028F80246FFF7A1BAF4F727F80246FFF771
:10EEA0009CBAF4F726F80246FFF797BAF4F723F86E
:10EEB0000246FFF792BA9DF807301F4904338DF8D8
:10EEC0000730F4F71AF80246FFF787BAF4F724F888
:10EED0000246FFF782BA9DF80730174908338DF8CC
:10EEE0000730F4F71BF80246FFF777BAF4F718F883
:10EEF0000246FFF772BAF4F718F80246FFF76DBA48
:10EF0000F4F716F80246FFF768BAF4F70CF8024671
:10EF1000FFF763BAF4F712F80246FFF75EBAF4F7A8
:10EF20000FF80246FFF759BA2B70FFF71DBA4FF0E2
:10EF3000FF30FFF71ABA00BF9C75002138B5094CA5
:10EF40000D4623781BB9BDE83840F3F731BFA278EE
:10EF5000611C023205F019FF0020042320702B7081
:10EF600038BD00BF9575002170B505460E46084CAA
:10EF7000204605F0D4FA38B1A36829462046B2B23B
:10EF80001B68BDE8704018476FF0120070BD00BFED
:10EF9000944E0301F8B51C4D1C4905F120020028D0
:10EFA00008BF2946104602F0E1FC4FF0FF3200286E
:10EFB0004FF0FF334FF0010014BF12270027FDF779
:10EFC00001FE00F10C0602210446304604F0ECF884
:10EFD0003E230370222301214370304604F0E4F8FD
:10EFE000092321210370304604F0DEF800F8017B8C
:10EFF0002FB12022FF2105F0D5FE2046F8BD05F1F6
:10F00000200104F088FBF8E798760021AE58030150
:10F010002DE9F041364BD3E8AF2F022A1F4660D0CE
:10F02000042A63D0012A48D1324C334E2021204695
:10F03000FFF79AFF002849D120223146204605F0EB
:10F0400010FE0028F2D021462C4802F07BFC054639
:10F050000028EBD14FF0FF324FF0FF330120FDF7D6
:10F06000B1FD00F10C0602210446304604F09CF884
:10F070003E230370422301214370304604F094F88C
:10F08000082341210370304604F08EF8064600F84C
:10F09000015BEDB14022002105F084FE0023D7E89A
:10F0A000EF2FC7E8E13F0029F9D16CB114482146A0
:10F0B000BDE8F04103691B6818470022D3E8EF1F41
:10F0C000C3E8E02F0028F9D1BDE8F0811F25C1E792
:10F0D0000A4904F020FB203106F1210004F01BFB5B
:10F0E000DCE70020FFF756FF0446D7E70120F9E7E9
:10F0F0000474002198760021AE580301B8760021EF
:10F10000E44E03010149024805F064BB2B370301BB
:10F11000F4730021012208B5084BD3E8EF1F002942
:10F1200003D1C3E8E02F0028F7D105D104490548F1
:10F1300005F06CFB002008BD0C20FCE704740021E6
:10F14000F4730021186F0021002910B508BF0222B6
:10F15000044618BF04220D4BD3E8EF1F002903D14A
:10F16000C3E8E02F0028F7D10ED12146084804F06B
:10F17000D2FA084804F1200104F0CDFA0649074804
:10F1800005F044FB002010BD0C20FCE704740021B6
:10F19000B8760021D8760021F4730021186F002181
:10F1A0000A4608B50146074803F057FC064803F035
:10F1B00054FC002383F31188BFF36F8F0323184699
:10F1C00002DF08BDCE580301D759030137B510221D
:10F1D000164B1748C3F82025FCF708F83223012501
:10F1E000ADF8043000231A216846124A8DF8063023
:10F1F000ADF800508DF80230F2F730FD044690B9BA
:10F200004FF4AF60FCF706F82A4621460C20FCF7C5
:10F21000F1FF2A4621461120FCF7ECFF2A46214641
:10F220000820FCF7E7FF204603B030BD0020014175
:10F2300010200141A1F102010149024805F0E6BA9E
:10F2400008740021186F002137B500240C4D6FF0B1
:10F2500009034FF4806228460A49009401F0A4FD96
:10F260000949284605F009FB0849094805F0B2FAA2
:10F27000224604211A20FCF7BDFF204603B030BD12
:10F28000186F002100810021E35803016137030159
:10F2900008740021014B00201B68184718740021D6
:10F2A00020B1012806D10448EFF7E8BE034B012046
:10F2B0001B681847704700BF95F2020118740021BF
:10F2C000014B186001487047187400210000AD0B15
:10F2D0000022D30003F1FF7303F58033D3F800134A
:10F2E000013107D0D3F800130132D3F80433202AB8
:10F2F0000B60EED1224BD3E94C32072B26D1023AD8
:10F30000032A204B28D9D3F80024D10732D41C4B30
:10F31000D3F83021072A19D1D3F83431023B032B1B
:10F3200002D8194AD35C8BB17F23184A1849C2F816
:10F3300018310023C1F8043EC1F8083EC2F8243158
:10F34000C2F82C3102F57F22C2F81031114B1A6835
:10F35000114BC3F84425704710498A5C002AD2D06B
:10F36000D3F80024D207CED50022C3F81421C3F865
:10F370001821C8E76FF00102C3F80024C7E700BFF7
:10F380000000FF0100500041ED5803010020004142
:10F39000000008410080FF0100600041F1580301B6
:10F3A00030B50468ACB1B4FA84F30122C3F11F0391
:10F3B000DBB29A4024EA0202D0E8EF5FA54204D112
:10F3C000C0E8EC2FBCF1000FF6D1EAD102480B7077
:10F3D00030BD0248FCE700BF0000AD0B0200AD0BE2
:10F3E00010B50368CB40DB0710D401238B400268C3
:10F3F00043EA0201D0E8EF4F944204D1C0E8EC1F89
:10F40000BCF1000FF6D1F2D1014810BD0148FCE774
:10F410000000AD0B0400AD0B014BC3F804057047B1
:10F4200000F000410146014800F002B868070021E1
:10F430000079024B03EB0010FFF7B2BF7007002109
:10F44000036803F01F025B09026004D0012B03482C
:10F4500018BF002070470248704700BF00088C4169
:10F4600000058C41034A4309D35C00F01F00184497
:10F47000C0B27047F558030170B50546FFF7F2FFBB
:10F480000C4C083034F810300E46DA0508D5C3F3BA
:10F49000432304EBC302284654F83330526898479C
:10F4A000A3682BB131462846E268BDE87040184792
:10F4B00070BD00BF8007002108B5FFF7D3FF034BE5
:10F4C000083033F81000400B08BD00BF8007002152
:10F4D00008B5FFF7C7FF034B083033F81000C0F33F
:10F4E000400008BD8007002108B5FFF7BBFF034BB4
:10F4F000083033F81000C0F3401008BD8007002129
:10F50000034611F0010010B5CCB20BD1A207C4F331
:10F5100040000DD5074A106A58601062003818BFC5
:10F52000012005E004490A6A1A600A62002AEDD047
:10F5300010BD00BF00088C4100058C4110B5FFF7DD
:10F5400091FF124A083032F81030D9051CD5C3F3A8
:10F55000432123F4F85322F81030002002F10E0466
:10F5600034F8023F13F4807F03D0C3F3432399425E
:10F570000AD001303028F3D1002342F8313004485A
:10F58000BDE81040FFF72CBF10BD00BF8007002171
:10F59000F8070021F0B5054600200126044607467D
:10F5A0008C420BD1114BD3F87C2132B10022C3F82D
:10F5B0007C21D3F87C3140F00040F0BDE3B29B00E9
:10F5C00003F580729B0806FA03F31D420BD002F18B
:10F5D000824202F52042D2F800C0BCF1000F02D0F6
:10F5E0001760126818430134DAE700BF00A0004139
:10F5F000F7B506460846FFF735FF1A4F00F1080534
:10F6000037F815300C46DB0729D5304604F048F9A9
:10F610002046FFF769FF50B12046FFF74DFF00235A
:10F62000316801EB8000C0F81035C0F81035204675
:10F63000FFF784FF002301A827F815300194FFF796
:10F64000FFFE019B00EB8300D0F80022064B134025
:10F6500043F00203C0F80032044803B0F0BD044890
:10F66000FBE700BF80070021F0F0FCFF0000AD0BBE
:10F670000400AD0B2DE9F0431646804685B00846E0
:10F68000FFF7F0FE0D463168044609B32846FFF740
:10F690001FFF18B12846FFF727FF10BB00230DF10D
:10F6A0000F02CDE900338DF80E308DF80F3028466B
:10F6B0000B460DF10E0104F09BF8484A04F10801D5
:10F6C00032F8113023F0020343F0010322F8113025
:10F6D00073687BB328461F785968FFF7F9FE10B1AD
:10F6E000E9B13F4829E03D4A04F1080032F8103002
:10F6F00023F02003DB04DB0C22F8103079B1032F58
:10F70000EFD87168496891F800C0D8F800104FEA46
:10F710008C094944A7B9C1F81075C1F810752F4A72
:10F7200004F1080132F8113023F01C0343EA870387
:10F7300022F81130B3683BBB2A4805B0BDE8F0831E
:10F74000D1F810E543EA4C332EF0030EC1F810E572
:10F75000D8F8001043F0200301EB090EDEF8101575
:10F7600022F8103021F44F3121F44071CEF81015F9
:10F770002902DEF8108501F47C5141EA074141EA93
:10F780000801CEF81015CAE72846D3E90067FFF74D
:10F79000D5FE002ED0D0114DD5E90023964203D1DD
:10F7A0009F4201D1002209E00F480DF10F01FFF740
:10F7B000F7FD0C4B9842C0D19DF80F2005EBC2031A
:10F7C00008345F6035F8143045F8326043EA42236C
:10F7D00043F4807325F81430AEE700BF80070021A2
:10F7E0000400AD0B0000AD0BF80700212DE9F0433C
:10F7F0000C46804685B0204611461E46FFF732FE75
:10F80000054629B32046FFF763FE18B92046FFF7E7
:10F810006BFE18BB334F05F1080937F8193013F0A8
:10F820001C0F02D04B78012B18D001238DF80F301C
:10F8300000234A1CCDE9001320468B1C0DF10F015B
:10F8400003F0D6FF37F8193043F0030327F81930D7
:10F85000002E44D02046FFF73BFE18B9224805B0E1
:10F86000BDE8F083002296F800C0D8F800301D4FA4
:10F8700003EB8C03C3F81025C3F8102505F108022B
:10F8800037F812104FEA8C0E21F02001C904C90C80
:10F8900027F81210757815B3D8F80000B6787044C0
:10F8A000D0F810352D0423F4991323F4F853C0F83D
:10F8B0001035230203F47C5305F440353605D0F8A7
:10F8C00010E52B4306F48016334341EA4C3143EAFA
:10F8D0000E0341F02001C0F8103527F8121003483C
:10F8E000BDE700BF800700210400AD0B0000AD0B99
:10F8F000014BC3E9021270478007002110B508468A
:10F900001446FFF7F1FD50B10846FFF7ABFD054B7C
:10F91000083033F8103004485B0B237010BD0348E7
:10F92000FCE700BF800700210000AD0B0400AD0B19
:10F9300070B5154D064695F880401CBB21466022E7
:10F9400005F1100005F02EFA214630682E6F8E4228
:10F950000ED10023C0F87C31D0F87C3140F3073061
:10F96000FCF718FC0123094885F88030AB6770BDAF
:10F97000CBB29B0003F580727C2B04BF845083586C
:10F980000131E4E70248F2E7800700210000AD0BF7
:10F990000C00AD0B034B93F88000003818BF01201A
:10F9A000704700BF800700210148FFF719BD00BF65
:10F9B000F40700210148FFF7F3BC00BFF407002162
:10F9C00073B503681646D3F804230546002AA8BF7A
:10F9D0004FF000420846A8BFC3F804230C46FFF7C7
:10F9E00083FDE8B10846FFF773FD0146C0B9204624
:10F9F000FFF762FD2C68820002F58073E150E35846
:10FA00002B681344D3F8102542F00102C3F81025E7
:10FA100026B101232A688340C2F8043302B070BDC6
:10FA20002046FFF71FFD0F4B083033F81030C3F3AB
:10FA30008203042B11D0052B11D001A80194FFF7EC
:10FA4000FFFC019A0369D34003F00103991C20468F
:10FA500002B0BDE8704003F014BF0321F7E70221B4
:10FA6000F5E700BF800700212DE9F04F684BDFF874
:10FA7000A481D3F80403D8F87010C0B289B040F064
:10FA80000040FFF787FD051E2FDAC24600235AF813
:10FA90007C1F06A8CDE90633FFF732FD4FF0000BBF
:10FAA0005D4B0DF118090193019A12F8013B019287
:10FAB000DA081AF8022003F0070322FA03F3DA0740
:10FAC0001CD409F10409BBF1000F14D0D8F8701050
:10FAD0004FF00040FFF75EFDD8F87C1006A8FFF756
:10FAE0000FFD0028DAD125F000450124002D76D144
:10FAF00009B0BDE8F08F4FF0010BD5E7474B5B44F1
:10FB00000293D9F800100029DBD091FAA1F1B1FAE3
:10FB100081F1029B1C7841EA44142046FFF7A2FCC5
:10FB2000083038F81070C808BB080393012319F88F
:10FB3000002001F0070103FA01F122EA010209F8AD
:10FB4000002005A80594FFF77BFC059A039B8032F3
:10FB500050F82220C7F382065B073746C2F3014202
:10FB600022D520463946D6B2FFF786FC05A8059473
:10FB7000FFF766FC059B803350F82330C3F3014345
:10FB80009E4207D10021204603F07BFE31462046ED
:10FB900003F077FE05A80594FFF752FC0122059BB0
:10FBA00002FA03F30362ACE7022A0CD103212046D8
:10FBB00003F067FE06F00503012BEBD13946204622
:10FBC000FFF75AFCE6E702212046039203F059FEB4
:10FBD000032EF3D0039A032ADCD1022EEDE795FA27
:10FBE000A5F3B3FA83F304FA03F29B0003F1824313
:10FBF00003F52043D3F81005D3F81015C0F3052002
:10FC0000C1F3014125EA0205FFF736FC6EE700BFAC
:10FC100000A0004180070021055903010559030197
:10FC200070B5084C0E462379154643B91220FCF7EF
:10FC3000B1FA0123044823712660A56070BD034812
:10FC4000FCE700BF1C7400210000AD0B0C00AD0BE5
:10FC5000002330B50D4A50F8234003F5A27101335B
:10FC6000102B42F82140F6D10023084A00F13C0154
:10FC700003F5B27451F8045F0133102B42F824509D
:10FC8000F6D1D0F88030C2F8043330BD00200141F5
:10FC90000123024A8340C2F8043370470020014127
:10FCA0000123024A8340C2F8083370470020014113
:10FCB000F8B5012600270B4B0B4DD3F80C4304B9C4
:10FCC000F8BD94FAA4F0B0FA80F006FA00F324EA42
:10FCD0000304064B82009F502B68002BEFD0A968CD
:10FCE0009847ECE7002001411C74002100210141EC
:10FCF0002DE9F0410E4617460C4D55F81C4FAC420D
:10FD000003D16FF01200BDE8F081314654F8440C85
:10FD1000A4F14408FBF7B3FA30B9C7F800804046B5
:10FD2000BDE8F04103F0D7BE2468E8E7287400215D
:10FD300010B5D0E909124A60416A00F1240311604C
:10FD4000C0E909334368044603B19847054A9368FC
:10FD500033B11279062A03D907202268024998474D
:10FD6000002010BD28740021075903012DE9F0413E
:10FD700007460D460B4E56F80C4FB44202D16FF0B9
:10FD800001000AE0394654F8240CA4F12408FBF7DA
:10FD900076FA20B91DB1C5F80080BDE8F08124686D
:10FDA000EBE700BF2874002138B5044600B30068B3
:10FDB000F0B10378E3B10021FFF7D8FFD8B104F127
:10FDC0001C03C4E907330D4B04F12402196903F144
:10FDD0000C00A16260621A610A609D6835B11B79EE
:10FDE000062B03D9072022680549A847002038BD03
:10FDF0006FF01500FBE76FF01000F8E728740021A2
:10FE00000959030110B5036893B11B7883B1836866
:10FE1000012B0DD8084B00F144014360074B1A6ACF
:10FE200003F11C048264446400201962116010BD57
:10FE30006FF01500FBE700BF0408002128740021C3
:10FE400038B5114C0546216819B1002001312160F7
:10FE500038BD2422204604F0A5FF2B682846A36065
:10FE60002B79237104F10C03C4E9033304F1140367
:10FE7000C4E9053304F11C03C4E9073300F018F8A2
:10FE80000028E5D12168E0E72874002138B5074D46
:10FE90002C68013C2C6044B900F012F82146284639
:10FEA000BDE83840242204F07DBF38BD287400210D
:10FEB00008B50248FFF778FF002008BD04080021BC
:10FEC0000148FFF735BF00BF040800210EB4431EF0
:10FED000062B33B588BF0020094B05AC54F8045BF2
:10FEE00053F82010074802F0B8FD21462846019437
:10FEF000FBF7B4FA02B0BDE8304003B0704700BF72
:10FF0000385603011C5903012DE9F04F87B01746FD
:10FF10009B460446DDF840A000284BD0056A35B169
:10FF20002D6825B1AC4607B0BDE8F04F6047A36A25
:10FF30009F4242D80026BE4203D1002007B0BDE850
:10FF4000F08F182303FB06F8D4F82C90A26909EB74
:10FF500008052B1D0593CAB9686969680368B5F877
:10FF60000CC0C91AAB680CF1030E5D1E05EB0C1535
:10FF70005B4205EB4E051D4005EBCC03856806335F
:10FF8000A94228BF4FF0FF3103F072FD59F8083045
:10FF900020460293236AB1B29B6A01935AF8263035
:10FFA00000935BF82620059B03F0B3FD0028C5D124
:10FFB0000136C0E76FF01500C0E70148BEE700BF9B
:10FFC00040F4FFFF10B5044690B1028D43899A4278
:10FFD00009D0084A936833B11279032A03D94268D9
:10FFE0000549042098472046BDE8104004F02EBE85
:10FFF00010BD00BF28740021B759030130B54489F2
:020000040103F6
:100000008C4212D9436A013C5D882C4003EBC40347
:1000100059609A60BFF35B8F426A53880133538003
:10002000438D01334385002030BD0148FCE700BF0C
:1000300041F4FFFF70B4039E144660B1006A50B1F2
:100040004BB1013407D0002E05DBD0F8844014B149
:10005000A44670BC6047014870BC70472DF8FFFF94
:1000600070B4039E144660B1006A50B14BB10134C4
:1000700007D0002E05DBD0F8944014B1A44670BC24
:100080006047014870BC70472DF8FFFF70B50C4603
:1000900011461E460E4B05462022002908BF194670
:1000A000204604F028FA0123E362049B6662A362FF
:1000B000059B25626363069BA363079B63646A6871
:1000C00004F13C03C4E90F526B60226C136070BDF5
:1000D000D85903012DE9FF47DDF834800E469146DB
:1000E0009A460546002876D0002974D0B8F1000F52
:1000F00071D001F16407384603F09BFEBAF1FF3F6F
:1001000049D1346E06F1500204F18000844204F0BB
:100110001F0C07D2C4F3411152F8211021FA0CF13F
:10012000C90736D4012104F07F04600952F8203059
:1001300004F5806A01FA0CF104F201440B4304F067
:100140007F0442F8203034666B6C4A4603930E9B62
:100150002946CDE901830C9B304600935346FFF7B7
:1001600095FF384600F07AFC2C7874B196F8A440DC
:100170005CB1AB6A013330D10021284603F098FE10
:10018000044610B1284603F069FE204604B0BDE8DD
:10019000F0870134BAE7BAF5806FD5D3AAF580634A
:1001A0007F2B06F150010FD8580951F8204003F079
:1001B0001F0324FA03F2D2070BD4012202FA03F33D
:1001C000234341F82030BFE7054C384600F046FC99
:1001D000DBE7044CF9E7024CD7E70024D5E700BF82
:1001E0002DF8FFFF29F8FFFF08B583681A0C0AD124
:1001F000094A93682BB11279022A02D903200749D0
:100200009847002008BDA3F5803383601B0C0CBF0A
:1002100001200020F6E700BF28740021D95903010E
:1002200038B50446E0B100F16405284603F0DFFE6E
:10023000D4F8B4309B6953B9D4F8A840103C002CD2
:1002400000DC084C284603F0D0FE204638BD012BC8
:10025000F7D1D4F8BC0003F0D4FDA0F11004EEE710
:10026000014CF2E72EF8FFFF2DF8FFFF38B50446EA
:10027000E0B100F16405284603F0B9FED4F8B430CB
:100280009B6953B9D4F8AC40103C002C00DC084CFE
:10029000284603F0AAFE204638BD012BF7D1D4F83A
:1002A000B80003F0AEFDA0F11004EEE7014CF2E758
:1002B0002EF8FFFF2DF8FFFF2DE9F04385B00F4624
:1002C000904603A90D9A0546994604F053F8044652
:1002D000E0B10C9E039BD5F8C0009E42A8BF1E460D
:1002E0000168D0F808C0611A33464A46614528BF04
:1002F0004FF0FF3103F082FB234642463946284641
:10030000009603F0D7FF05B0BDE8F0830048FAE798
:100310002EF8FFFF2DE9F0438BB00E46DDE9128980
:1003200015461F46044620B9954D28460BB0BDE83A
:10033000F0830029F8D0002BF6D00021A822C0F8C5
:10034000D01004F02FFD012204F16400114604F0E6
:100350001EFA8C4BC4F8B460E5677462C4F884304C
:10036000894BD4F8B450C4F88830884BC4F88C302A
:10037000874BC4F89030874BC4F89430864BC4F850
:100380009830864BC4F89C30854BC4F8A030AB69DC
:1003900043B9B9F1000FC7D099E8070004F1A803E9
:1003A00083E80700AB69012B07D0D4F8B400E0B9AB
:1003B0006FF01505B9E74307F7D4D4F8B400002867
:1003C000F6D0036A002B00F0D8809B68002B00F069
:1003D000D48098474206EED50021D4F8B40003F04B
:1003E000F4FD05460028E8D09FE7036A002B00F0E3
:1003F000C4801B69002B00F0C080984700F001000A
:1004000084F8A400D4F8B4008369E3B999F80830FB
:10041000002B00F0858008F10C03C4F8C430B8F15B
:10042000000F81D0D8F80820002A00F0A4809B6833
:10043000002B00F0A0805B4B04935B4B05935B4B60
:1004400006935B4B07938369012B07D1564B0493AB
:10045000544B0593564B0693544B0793002104F1DC
:10046000C803C4E9323306ABC4F8C070022200935B
:10047000019104ABFFF748FD054600287FF455AF16
:10048000D4F8B4309A693AB9F26A1268C4F8B8205C
:10049000F26A9269C4F8BC209B69012B07D1F36A08
:1004A0009B69C4F8B830F36A1B68C4F8BC30D4F850
:1004B000BC0003F041FCF36A1B68DF62F36A9B69CE
:1004C000DF62D4F8B430D3F81890B9F1000F07D137
:1004D000D4F8AC300993D4F8B8305B894B4521D8B7
:1004E00094F8A430C4E9004463B100230293314B73
:1004F000204601933523304A0394009304F1080108
:10050000FFF7C4FDD4F8B4008369002B7FF40DAF6E
:10051000042103F05AFD064600283FF406AF24E00C
:1005200043467AE74046D4F8AC1003F014FF064681
:10053000D0B139680890411AB8680022814228BFBA
:100540004FF0FF31D4F8AC30384603F091FA009602
:1005500001230022D4F8B80008A903F007FB0646DF
:1005600018B909F10109B6E7144ED4F8B40003F044
:1005700025FD3546D9E6114DD7E66FF00505D4E6E1
:100580002DF8FFFFB902030143400301B541030108
:1005900075430301B5420301FB3F03016D020301F3
:1005A00021020301FA590301005A0301E141030149
:1005B000E93F030167400301065A03012EF8FFFFDC
:1005C000F0B505460E46174687B0074A03AC07CA82
:1005D00084E807000C9A3146009228463A46019476
:1005E000FFF798FE07B0F0BD2850030138B5EFF3D0
:1005F0001185402383F31288BFF36F8F064B9C68ED
:1006000003F0A0FF85F31188BFF36F8F2046BDE88C
:100610003840FBF741BD00BF4C74002138B5094B91
:1006200053F82040013053F82050A54200D838BD7F
:10063000636823B1204603F088FF0834F5E7236898
:100640009847FAE758560301012270B52A4B032058
:1006500086B01A70FFF7E2FFFBF738FB03F091FF5B
:100660000420FFF7DBFF254C254D2646AE4204F162
:10067000300410D300F044FE204C224EAC4226D36E
:1006800000F052FE01F029FF1F4A137B23F0010303
:10069000137306B070BD54F80C3C059354F8103C2D
:1006A000049354F8143C039354F8183C029354F800
:1006B0001C3C019354F8203C009354E90A2354E96C
:1006C0000C0100F0EBFB54F8303C5E65CDE7D4E95B
:1006D0000A23B3F1FF3F08BFB2F1FF3F05D052EA52
:1006E0000301206803D104F0CBF83034C6E731466B
:1006F000183000F0DFFFF8E7F8760021E84F03013B
:1007000018500301AF4903013870002108B50348B0
:10071000034A0021121A03F030FF08BD68090021C6
:10072000FC7600210023012270B586B0CDE90423B8
:100730000F220193CDE9023214230F4D0F4E03FB1C
:1007400000550F4906EBC016044601EB00214FF49B
:10075000807230460B4B009500F0A0FB737B2C742D
:1007600023F004037373084B013403EBC423EE60DE
:100770006B6006B070BD00BF4C740021B86F0021E3
:10078000008D00214F46030100850021BFB50020E8
:10079000FFF744FF2D4B03F5006282F3088883F3D3
:1007A0000A88E0232A4D002485F822302023EB77A5
:1007B0002C766C76AC7685F820406B6A254E43F437
:1007C000E0236B6285F82340FBF7E4FBFBF782FD37
:1007D0004FF0FF33AB62EB62FBF708FFFBF79EFDC8
:1007E00040F201131C4D1D4F2846AB81C5E9194449
:1007F00001F08AF8B56003F091FE0120FFF70EFFCB
:100800000220174DFFF70AFF00F0AEFD154B756192
:100810000593012314494FF40062CDE903432846B0
:100820003B46CDE90144009400F038FB06466A7B64
:10083000284622F004026A7304F05EF82046FFF7AF
:1008400071FF3A4631462846FBF720FD008500211E
:1008500000ED00E04C7400215871002149060301AD
:1008600038700021095A0301008E002138B5064C6A
:10087000064DAC4201D3002038BD2046D4E9011218
:1008800003F080FE1434F4E7480800215C080021DE
:100890002DE9F341044617461E46EFF31188402325
:1008A00083F31288BFF36F8FC368334A7BB18068CC
:1008B0009168884219D057EA060318D188F3118845
:1008C000BFF36F8F6FF00F0002B0BDE8F081916849
:1008D00091F90E100133E36093682161A36088F3FE
:1008E0001188BFF36F8F0020EEE72169F2E791F9DD
:1008F0000E1090F90E306FF07E029942A8BF194693
:100900009142B8BF11468B422DDD03F0ABFE054688
:1009100022464146CDE90076184800F03DFC00280B
:10092000E1D0EFF31186402383F31288BFF36F8F7A
:10093000A068D0B1236821699C420AD04BB193F9D9
:100940000E309942A8BF19466FF07E039942B8BF96
:10095000194603F087FE40B13146084800F08CFC90
:100960006FF00A00B0E70025D2E7002DF4D186F33E
:100970001188BFF36F8FF3E74C740021F9760021E3
:1009800038B58368044663B3194A926893422BD101
:10099000C368012B03D9013BC360002038BDEFF3CE
:1009A0001185402383F31288BFF36F8F016980683C
:1009B00003F058FE204603F0FEFFA06058B190F906
:1009C0000E2022610022C26703F096FF29460948E3
:1009D00000F052FCE1E7E06085F31188BFF36F8F10
:1009E000DBE76FF01500D9E74FF0FF30D6E700BF27
:1009F0004C740021F976002137B51146EFF31185CB
:100A0000402282F31288BFF36F8F04689CB1236881
:100A1000426823F003039442036008BF436001214E
:100A2000204603F093FE044685F31188BFF36F8FD1
:100A3000204603B030BD51EA0302F5D000F10802B0
:100A4000CDE900131046294600F0A6FB0028EFD19F
:100A5000014B9B685C69EBE74C74002138B5044698
:100A6000EFF31185402383F31288BFF36F8F03F0F8
:100A7000A2FF48B10022C26703F03EFF2946BDE84D
:100A80003840074800F0F8BBD4E902329A4218BF58
:100A900001330221A36004F1100004F0AAF8EDE78D
:100AA000F976002113B5EFF31181402484F3128805
:100AB000BFF36F8F846844B1013C846081F3118877
:100AC000BFF36F8F002002B010BD52EA030406D1BD
:100AD00081F31188BFF36F8F6FF00F00F3E7CDE95B
:100AE00000230246014800F057FBECE7F9760021AD
:100AF0001FB5094A02AB92E803004FF4006283E895
:100B00000300009305494FF0FF33054800F04CF90E
:100B1000002005B05DF804FB34500301009600216D
:100B2000B87000212DE9F04305464FF0FF364FF035
:100B3000FF37DFF82C8185B0EFF31189402383F371
:100B40001288BFF36F8FD5F880408CB9022105F170
:100B5000980003F02CFE002860D100234946CDE91F
:100B60000067029305F188023E4800F0ABFCE3E722
:100B7000D5F8842023689442C5F8803008BFC5F8B2
:100B80008430D5F8983043F00203C5F89830E36814
:100B900023F0040343F00103E360636889F31188E1
:100BA000BFF36F8F20469847EFF31189402383F3FB
:100BB0001288BFF36F8FE368D90623F0010237D4A0
:100BC000E260E3689A071AD5D8F8000023F0020320
:100BD000E360A0B10021026888B143689C4237D12C
:100BE000036869BBD8F80420C8F80030824201D1FC
:100BF000C8F80430002340F8083BFFF72FFFD5F872
:100C0000983023F00203C5F8983089F31188BFF3B8
:100C10006F8FDB0590D400F0AFFB8DE705F19004FA
:100C200000220121204603F01EFF0028F8D194E79E
:100C300023F01103E36004F11000FFF70FFFC0E79A
:100C40000B60D8F80430834208BFC8F80410D1E71D
:100C500022B11368014610461A46BDE71346F9E76C
:100C60006C740021F9760021F8B5C36804469A0730
:100C70000F46C3F340062CD45B071AD40B680BB99C
:100C800083680B60E368DD0742BFA36802263B6010
:100C90003D6858BF0126002D3AD01F4B9B68AB42E0
:100CA0000AD0D5F89830D807C3F3800214D46FF077
:100CB000120600233B6025E003F0D9FDD5F89830FB
:100CC0000028F0D1D907C3F3C002F0D552B15B07B9
:100CD00008D46FF00F06ECE7002AFAD1C3F3C00383
:100CE000002BF6D100232360D5F8843063B9C5E921
:100CF0002044284603F067FDE36843F00403E36003
:100D00003B68A3603046F8BD1C60C5F88440F0E73E
:100D10006FF01506CDE700BF4C7400212DE9F041BE
:100D2000C368074603F00503002B0C4614BF4FF0C1
:100D300001084FF0000822D08668D6F8805025B10F
:100D4000AF4201D02D68FAE701250122002104F10C
:100D5000100003F01CFD2046124903F03BFDE36840
:100D600043F01003E3609DB13B68236073B9D6F88C
:100D700084303BB9C6E92044304603F024FD4046A8
:100D8000BDE8F0811C60C6F88440F5E73C60F3E7FD
:100D9000D6F880302360D6F88430C6F88040002B27
:100DA000EAD1F0E7C5470301F0B50446002089B059
:100DB000C4E920000E9D04F18800C4E9220004F17A
:100DC0009000C4E924004DB32879002840F20110B6
:100DD00008BF0120C4F8980000204FF0FF364FF004
:100DE000FF37CDE90330CDE90100CDE906672046A4
:100DF0000B4B009400F090F855B1296811B12046D2
:100E000003F03BFD6B791BB1237B43F0010323739C
:100E1000204609B0BDE8F04003F032BD0120D9E71B
:100E2000250B030130B50A46044685B0EFF3118562
:100E3000402383F31288BFF36F8FD0F8983013F0FC
:100E4000060F1DD1B1B143F00C03C4F89830204611
:100E500003F0B9FC00234FF0FF3202934FF0FF3351
:100E60002946CDE900230C4804F1900200F02AFB4A
:100E700005B030BDD0F8800048B143F00403E4E78A
:100E800043F00401C0F89810002AE0D0DBE785F3B6
:100E90001188BFF36F8FEBE7F97600212DE9F0435E
:100EA000984685B000F15803C0E91633109B002620
:100EB00003730423073222F0070543730F9B01EBF2
:100EC00005090F4683734946C0E906668660C67306
:100ED0000446FAF70DFF0E9B073020F00700E0668E
:100EE000C4E9197502930D9BA9EB000901930C9BB2
:100EF0004A460093394643462046FBF7ABF9054B7B
:100F000066659B6803B11B6F4846236705B0BDE863
:100F1000F08300BF4C740021F0B5002587B0059523
:100F2000109DDDE9127604950F9D044603950E9DF4
:100F300002950D9D01950C9D0095FFF7AFFFB6F151
:100F4000FF3F08BFB7F1FF3F05D056EA070305D1C1
:100F5000204600F0A3F9204607B0F0BD3A463346DC
:100F6000024904F1180000F0A5FBF4E7AF490301C2
:100F700038B50D4D2B4653F8184F9C4200D004B99C
:100F8000EC68AB6838B95A7BD20604D1A26912B9B1
:100F9000DA897F2A05D89C4202D0204600F0D2FA96
:100FA00023466B6138BD00BF4C74002108B590F931
:100FB0000D200146002A437B04DA03F07F034373CC
:100FC00003F060FC044B9868431A58425841BDE84E
:100FD0000840FFF7CDBF00BF4C74002170B490F9FA
:100FE0000D30427B002B29DBD30627D183692BBB35
:100FF000134962F07F0242730A4652F8184F944236
:1010000018BF2346CC6923B9C0E900242060C86119
:101010000CE090F90E5093F90E60B5420AD0AE4242
:1010200008DD5A68C0E9003210605860002070BCCA
:10103000FFF79EBF9C42E7D01B68E4E770BC704797
:101040004C740021002A2DE9F0410E460CBF1021FE
:101050000821427B044611420FD141EA0203D20922
:1010600018D1437308291BD00120FFF781FFBFF37C
:101070005F8F637B23F060036373284B9B68A342FD
:1010800045D1EFF30583002B41D13046BDE8F04157
:10109000FBF718B803F07F03437303F0F3FBE1E7BA
:1010A000A36813B1204603F0F5FB04F1180003F028
:1010B000FCFCA56D04F15807AF4211D04FF00008B9
:1010C00075B1284603F0E6FB05F1180003F0EDFCCE
:1010D0002846C5F87C80FFF781FFA56DAF42EFD1B0
:1010E0000E4FBB689C42BFD1EFF30583002BBBD0F2
:1010F0000120FFF73DFF40F20113094DAB810023B2
:101100002846C5E9193300F0FFFBBD60AFE786F361
:101110001188BFF36F8FBDE8F08100BF4C740021D0
:101120005871002170B590F90D200146002A437BCB
:1011300004DA03F07F03437303F0A4FB154A4B7BEF
:10114000104663F07F034B7350F8183FD469834215
:1011500008BF002323B9C1E900042160D1610CE07C
:1011600091F90E5093F90E60B5420ED0AE420CDDEF
:101170005868C1E90030016059609068BDE870406E
:10118000431A58425841FFF7F3BE9C42E3D01B6814
:10119000E0E700BF4C740021F8B5124B0C46DDE9C6
:1011A000067611469868104A1060EFF311824022CB
:1011B00082F31288BFF36F8F9D68284603F074FB9B
:1011C000B6F1FF3F08BFB7F1FF3F06D03A463346BE
:1011D000064905F1180000F06DFA2046BDE8F84018
:1011E000FAF770BF4C74002174740021AF490301F9
:1011F000F8B50446EFF31186402383F31288BFF35A
:101200006F8F437B49B2DA0619D18569BDB903F006
:101210007F03437303F036FB437B164A63F07F037F
:1012200043731346817353F8180F984218BF05464D
:10123000D0695DB9C4E900300460D46111E00020D8
:10124000A17386F31188BFF36F8FF8BD95F90E7007
:10125000B9420BD08F4209DD6B68C4E900531C60B2
:101260006C600120FFF784FE0120EAE7A842E1D08C
:101270002D68DEE74C74002149B9EFF3058030B9E1
:10128000054B5A699B689A4201D0FAF71BBF81F35C
:101290001188BFF36F8F70474C74002110B5EFF3C6
:1012A0001184402282F31288BFF36F8F427B510773
:1012B00004D484F31188BFF36F8F10BD22F00402B1
:1012C0004273FFF78BFE2146BDE810400148FFF74F
:1012D000D3BF00BFF9760021034648B9EFF305827A
:1012E00032B9064A51699268914201D0FAF7EABED2
:1012F00083F31188BFF36F8F704700BF4C740021D8
:10130000EFF31181402383F31288BFF36F8F054BF6
:101310009A68D37B013BD37381F31188BFF36F8F3E
:10132000704700BF4C74002138B5EFF3118540249D
:1013300084F31288BFF36F8F0A4B00209A68D37B27
:101340000133D373FFF714FE85F31188BFF36F8F5A
:10135000EFF3118084F31288BFF36F8FBDE838403C
:10136000FFF7BABF4C740021024B03F11802C3E926
:10137000062270474C740021F8B5EFF31185402325
:1013800083F31288BFF36F8F19498868437B03F09A
:101390007F03437303F076FA08468B685A7B62F04A
:1013A0007F025A7350F8182FCC69824208BF00227E
:1013B00022B9C3E900042360CB610CE093F90E600D
:1013C00092F90E70BE420ED0B7420CDD5168C3E9EF
:1013D00000210B6053600120FFF7CAFD2846BDE8DD
:1013E000F840FAF76FBEA242E3D01268E0E700BF10
:1013F0004C74002150EA01032DE9F04105460E46E8
:1014000003D1FFF7B9FF00202BE0831C71F1FF33FC
:1014100029DB03F05FFB2C18EFF31188402383F3E3
:101420001288BFF36F8F124F124BB8681860FFF726
:10143000BDFDB86810492A463346183000F03AF925
:10144000BA684046537B43F010035373FAF73AFEF1
:1014500003F040FB201A63EB0303012873F1000340
:10146000D1DBBDE8F0816FF00104241AD4E700BF9E
:101470004C74002174740021AF490301B1F1FF3FA6
:1014800008BFB0F1FF3F08B506D10A4B986803F0DA
:1014900042FA4FF0FF3008BDFFF7ACFF4FF47A710E
:1014A00047F6FF730022C0FB0132D80B40EA4240EE
:1014B000F1E700BF4C740021014B9868704700BFF2
:1014C0004C740021D3B5DDE90667089CCDE90067BF
:1014D000FFF762FE1CB1034B9B685B69236002B09F
:1014E000D0BD00BF4C7400210122044BC01A044B34
:1014F000C0105843034B1A54704700BFD8710021E5
:10150000ABAAAAAAF9760021C3897F2B12D80A4B6D
:101510001B6863B1094B90F90E201B689A4209DBE6
:10152000437BDB0606D1064BC31A18BF012303F029
:10153000010070470023FAE77C74002178740021D1
:10154000B86F002170B50E4B0E4C1E7C182303FBA8
:1015500006440546204603F0A8FA00220A4B284616
:101560009A55FFF7D1FF48B1084B2046BDE87040BF
:101570001A680749013AD31700F09CB870BD00BF44
:101580004C740021D8710021F97600217C7400216F
:10159000E914030138B5EFF31185402383F3128872
:1015A000BFF36F8F104B114A9C681068A04206D1A0
:1015B000FFF7C8FF85F31188BFF36F8F38BD002197
:1015C0001B7C11600A4AD35C002BF3D02046FFF746
:1015D0009BFF0028EED0637BDB0602D12046FFF79D
:1015E000A1FD2046E4E700BF4C7400217474002183
:1015F000F976002108B50648064A0749121A02F092
:10160000BEFFBDE80840054A0549064802F0B7BFDD
:101610000000002168090021445A03010000000075
:10162000445A030100000021034B1B680BB9FCF76F
:101630005FBB0020704700BF8074002130B570B1DF
:101640000B4B5B6898420AD0036843B1D3E904218D
:10165000D0E90445121941EB0501C3E90421D0E9A1
:10166000003213605A600023C0E9003330BD00BF70
:101670003008002110B50E4B1C689C4204D1FFF7C6
:10168000D3FF6FF0004010BDFFF7CEFF002CF8D065
:10169000D4E904321B1A62EBE072B3F1004F72F12D
:1016A0000001EEDA002AACBF18460020EBE700BFCD
:1016B00030080021B3F1FF3F08BFB2F1FF3FF8B59A
:1016C00004461D4616465ED08160EFF31187402325
:1016D00083F31288BFF36F8F013275F1FF3324DA81
:1016E0006FF001032D49D1E900209B1A4FF0FF3222
:1016F00062EB00009E1B60EB0500012E70F1000301
:1017000001DA01260020C4E90460254ED6F800C0A5
:101710007568B44508BF4FF0000CBCF1000F0DD147
:10172000C4E900652C6074601CE0FFF77DFF0136A2
:1017300045F10005361845EBE070E4E7DCE90420EC
:10174000D4E90431934271EB000E1DDAD21ADCF8B1
:10175000043060EB0100CCE90420C4E900C31C6044
:10176000CCF804403368B34209D09C4207D10D4BFA
:101770001C6824B9FFF77EFF2146FCF78BFA87F33C
:101780001188BFF36F8FF8BD9B1A61EB0001AC4568
:10179000C4E90431C4D0DCF800C0BEE7F071002118
:1017A00030080021807400212DE9F84FEFF3118CEF
:1017B000402383F31288BFF36F8FDFF8B0A0DFF808
:1017C000B0900024C9F80000DAF800000025504568
:1017D00008BF0020274FE046D7E90021D9F80030A4
:1017E00078B3D0E9046C4FEAE37EB3427EEB0C0B96
:1017F00005DAF61A6CEB0E04C0E9046421E0B218B5
:1018000041EBE671C0E90445C7E90021FFF716FF87
:1018100088F31188BFF36F8F83689847EFF31188BF
:10182000402383F31288BFF36F8FD9F80030DAF8C2
:1018300000009B1B5045C446C9F80030CBD1D7E906
:10184000002100249A1841EBE373C7E90023C9F88B
:101850000040FFF70FFF2146FCF71CFA88F31188C0
:10186000BFF36F8FBDE8F84FFFF794BE300800213B
:1018700080740021F071002110B5EFF31184402332
:1018800083F31288BFF36F8FFFF7CEFE0346054A3E
:10189000D2E90001181841EBE37184F31188BFF31A
:1018A0006F8F10BDF071002138B50346EFF311853D
:1018B000402282F31288BFF36F8FC16001218160E3
:1018C0000068834206D185F31188BFF36F8F00242F
:1018D000204638BDD0E9003213605A600023C0E9C9
:1018E000003303F040F9294604460248FFF7C4FCE0
:1018F000EEE700BFFA7600210A460146014803F0F0
:1019000092B900BF48080021014B0367704700BF30
:101910004808002138B504460D4602F0A8FF20B95A
:10192000064B9B681B6F0BB938BD054B2A462146F9
:101930001846BDE8384003F076B900BF4C7400216A
:101940004808002130B599B00546684600F02AF8ED
:101950006946044608A800F055FA034608A9284637
:101960001C4300F08BF9204619B030BD70B598B01B
:1019700005466846164600F015F83146044608A8A4
:1019800000F048F9034608A96A4608461C4300F0DF
:1019900083F9034608A928461C4300F06DF9204648
:1019A00018B070BD38B50B68124D1BBAC3614B68D7
:1019B0002A461BBA83618B6804461BBA4361CB6815
:1019C0001BBA03610B691BBAC3604B691BBA836006
:1019D0008B691BBA4360CB6901461BBA0360CEF723
:1019E0008BFB034620461C4629461A46CEF7A4FB2D
:1019F000601E38BD705603012DE9F04106460C46C5
:101A0000904688B0684602F1200106F12007CEF723
:101A10002FFF6A4669466846CEF74CFE694638464F
:101A2000CEF726FF3A463946384604F12005CEF770
:101A300041FE6A4669466846CEF73CFE4146284666
:101A4000CEF716FF6A4641463046CEF7F9FE2A46E3
:101A500029466846CEF72EFE2A4669466846CEF7E6
:101A600029FE69466846114ACEF724FE694620469B
:101A7000CEF7FEFE324621462046CEF759FE3246CC
:101A800021462046CEF754FE224631462846CEF760
:101A90004FFE6A4629462846CEF7D2FE3A462946E8
:101AA0002846CEF745FE08B0BDE8F0815057030147
:101AB000F0B504460D4699B02A4668462146CEF751
:101AC00037FE69466846CEF7D3FE6A46214608A827
:101AD00005F1200604F12007CEF7B2FE6A4629463A
:101AE0006846CEF7ADFE3246394610A8CEF7E2FD85
:101AF000324639463046CEF71BFE31462846CEF7F1
:101B0000B7FE6A46204608A9CEF7D4FD22462946EC
:101B10002846CEF70DFE6A46684608A9CEF708FEAD
:101B20006A4639463846CEF78BFE2A46684608A9EB
:101B3000CEF7FEFD6A4631463046CEF781FE3A4684
:101B400031463046CEF7F4FD684610A9CEF790FE38
:101B5000224669462046CEF7EBFD08A922460846F4
:101B6000CEF7E6FD10A9084608AACEF769FE3A4668
:101B7000384610A9CEF7DCFD19B0F0BD2DE9F041D3
:101B800005460C46904688B00A4668462946CEF778
:101B9000CFFD69466846CEF76BFE6A462946284661
:101BA00004F12006CEF74CFE05F120076A462146D7
:101BB0006846CEF745FE324639463046CEF7B8FD88
:101BC00031462046CEF754FE2A4621462046CEF71F
:101BD000AFFD6A4621462046CEF7AAFD6A46294651
:101BE0004046CEF7A5FD424639463846CEF728FE98
:101BF000224629466846CEF79BFD6A463146304666
:101C0000CEF71EFE3A4631463046CEF791FD08B07B
:101C1000BDE8F08170B504460D4690B004F1200691
:101C200000F014F9304605F1200100F00FF92146CB
:101C300008A8CEF71DFE08A908460D4ACEF73AFDC2
:101C400008A922460846CEF7FBFD08A90846094A1E
:101C5000CEF730FD31466846CEF70AFE20226946AF
:101C60000DEB0200CEF7F8FC013810B070BD00BFDC
:101C7000505703013057030100F002B938B505464B
:101C80000C4600F0FDF805F1200004F12001BDE84C
:101C9000384000F0F5B800BF13462DE9F047B8B062
:101CA0008946544A1946804610A8CEF725FA52496B
:101CB000024610A8CEF740FA0746179E4D4907EA9C
:101CC000D676C6F1010210A8CEF736FA179C4A461E
:101CD000E44328A918A8FFF78FFEE40F20A90846BF
:101CE000C4F101024FF0FE0AC7F1010700F090F8BD
:101CF00025466A4618A928A8FFF740FF4FEA6A134D
:101D000038AA02EB830353F8A04C0AF01F03DC400F
:101D100004F0010465402A4628A918A8CEF768FAFD
:101D20002A4630A920A8CEF763FA0AF1FF3A28A97B
:101D300018A8FFF7BDFEBAF1FF3FD9D1C4F10102E7
:101D400020A908A800F064F866406A4618A928A8E7
:101D5000FFF714FF324628A918A8CEF749FA3246F1
:101D600030A920A8CEF744FA08A96A460846CEF75B
:101D700067FD08A9084600F09DF808A908F12004AD
:101D8000084609F12002CEF75BFD204620A908AAEB
:101D9000CEF756FD08AA684618A9CEF751FD694648
:101DA0006846CEF765FD18AA694608A8CEF748FD33
:101DB00021466846CEF75CFD08AA69461046CEF774
:101DC000B7FC68460D4A08A9CEF7B2FC2046202190
:101DD000CEF756FC024608A9684654423C43CEF76B
:101DE00007FA40466946064ACEF72AFD204638B033
:101DF000BDE8F087B0560301D05603013057030108
:101E0000905603010A460149FFF746BFF056030109
:101E100070B588B004460D4616460021202268465B
:101E200002F0C0FF0023294620222046009302F042
:101E3000ACFF2A4669466846CEF77AFC32466946C8
:101E40002046CEF7D5F908B070BD00BF0B681BBAAD
:101E5000C3614B681BBA83618B681BBA4361CB6853
:101E60001BBA03610B691BBAC3604B691BBA836061
:101E70008B691BBA4360CB691BBA0360704700BF14
:101E8000CB691BBA03608B691BBA43604B691BBAF1
:101E900083600B691BBAC360CB681BBA03618B6894
:101EA0001BBA43614B681BBA83610B681BBAC361E1
:101EB000704700BF70B50D46052498B0064610A8BF
:101EC000CEF7D6FC2A46684610A9CEF7B9FC69467B
:101ED00010A8CEF7CDFC10A90846CEF7C9FC6A467B
:101EE00010A908A8CEF7ACFC08A910A8CEF7C0FC32
:101EF00010A90846CEF7BCFC10A90846CEF7B8FCDE
:101F000010A90846CEF7B4FC10A908AA0846CEF7D7
:101F100097FC10A90846CEF7ABFC10A90846CEF7EF
:101F2000A7FC10A96A4608A8CEF78AFC08A910A841
:101F3000CEF79EFC10A90846CEF79AFC013C10A9EA
:101F4000F5D1084608AACEF77BFC052410A908465F
:101F5000CEF78EFC10A90846CEF78AFC013CF5D1DD
:101F600010A908AA0846CEF76BFC10A908A8CEF75E
:101F70007FFC08A90846CEF77BFC08A96A4668469C
:101F8000CEF75EFC1024694610A8CEF771FC10A9AC
:101F90000846CEF76DFC013C10A9F5D12A4608464B
:101FA000CEF74EFC402410A90846CEF761FC10A9DC
:101FB0000846CEF75DFC013CF5D110A96A460846FB
:101FC000CEF73EFC102410A90846CEF751FC10A90C
:101FD0000846CEF74DFC013CF5D110A96A460846EB
:101FE000CEF72EFC102410A90846CEF741FC10A90C
:101FF0000846CEF73DFC013CF5D110A9084608AAD9
:10200000CEF71EFC2A46304610A9CEF719FC18B0B0
:1020100070BD00BF2DE9F04F43688DB01546804676
:10202000029383789A0740F10D8100240E78002EE8
:1020300000F00A81252E0BD04B1C0393013441463E
:102040003046029B98470028C0F2F6800399EDE7DE
:102050004E788B1C252E0393F0D00027B946BB4643
:10206000BBF11F0F38D8A6F12003102B0AD8DFE8E8
:1020700003F02A0909300909092109090928092D4C
:1020800009091F00A6F13003092B33D92A2E37D1B5
:102090001BF0400F55F8043B40F08280002BA7BF97
:1020A0004BF0200B9946C3F100094BF0280B01E0DF
:1020B0004BF0010B039B13F8016B0393002ECFD160
:1020C00030E04BF0020B4BF0040BF3E74BF0080B46
:1020D000F0E74BF0100BEDE7BBF17F0F19D8A6F13D
:1020E0003003092BD2D81BF0400F03D00A2101FB8B
:1020F0000737DFE70A214BF0200B01FB0939D9E74D
:102100002E2E06D11BF0400F40F09E804BF0400B6E
:10211000D0E76C2E31D02BD8682E36D06A2E3CD02A
:102120004C2E3AD0002F46F02003B8BF2BF04002CF
:10213000A3F16501BCBF00271FFA82FB022901D968
:10214000612B2FD107350727DFF8ACA225F0070553
:1021500008351BF0080F66D00AEB070B56465E45A4
:1021600063D1A4EB0A0AA9EB070906EB0A026FE1A7
:10217000742E9FD07A2E9DD0D4E71BF0800F18BF0D
:102180004BF4007B4BF0800B94E71BF4807F18BF6F
:102190004BF4007B4BF4807B8CE74BF4207B89E78E
:1021A0001F4687E7A6F16301122900F2F080DFE8FD
:1021B00011F013004F00EE00EE00EE00EE004F00B5
:1021C000EE00EE00EE00EE00EE00FE00E900EE0094
:1021D000EE001B00EE00AF0055F8043B01270DF1A7
:1021E000180A8DF81830B4E755F804AB834BBAF1F0
:1021F000000F08BF9A461BF0400F504614BF3946E7
:102200004FF0FF3102F05FFD0746A2E74146202074
:10221000029B984700280FDB013EB742F6D34C449F
:10222000B146A41B98E74E46F7E7414616F8010B66
:10223000029B9847002892DA98F8023043F0040392
:1022400088F802304FF0FF3420460DB0BDE8F08F23
:102250001BF0800F34D01BF4007F2CD0073525F005
:102260000705AA4669685AF8080B2BF010050029E3
:10227000ADB237DA404245F4806561EB41010DF1C2
:10228000180B0A235A4602F02AFDA0EB0B03019318
:102290006B0662D5019B25F001019F4289B240F394
:1022A000A180002E00F0998015F0100240F09C8073
:1022B000BB460D4623E0AA465AF8040BC117D4E7E3
:1022C000AA461BF4807F5AF8041B01D10846F5E7A3
:1022D0001BF4007F19BF48B241F3C01108B241F3AB
:1022E000C031C2E750EA0103C9D11BF0400FC6D08C
:1022F000002FC4D12BF01102BB46019795B240F2DA
:10230000064115EA01021CBF0BF1010B00222CE073
:102310002BF010020A231FFA82FB1BF0800C49D01D
:102320001BF4007115BF0735AA4625F007055AF8BA
:10233000040B1EBFAA4669685AF8080B50EA01054B
:1023400045D12BF016051BF0400FADB242D0002F47
:1023500040D12BF01702019795B215F0100248D02A
:10236000019B002E42D103F1010B29075AD4EB0740
:1023700006D5D9456FDDA9EB0B030199CB465F1854
:102380005B4649E04BF0100B10237826C5E7782B0D
:1023900004D1C6F1780343F01003BEE7414625207F
:1023A000029B98470028FFF647AF023447E6082310
:1023B0000026B2E7AA461BF480715AF8040BBDD080
:1023C0001BF400711ABFC0B2614680B2B6E72BF0B1
:1023D000060295B20DF1180B54E725F01105BB4626
:1023E000ADB28CE70D46B8E73B460D4603F1020B54
:1023F000BBE7DDF804B082E7395A0301325A030122
:10240000CDE9043241462020029B98470028FFF680
:1024100013AF049B059A01339945F1DCA4EB0B0142
:102420009B46CC180AB341463020029B98470028AF
:10243000FFF602AF8EB901342744391B019B994244
:1024400024DC1D4655BB019AA9EB0B0955462244D5
:102450001446914433E0019F92E7023441463046EE
:10246000029B98470028E7DAE6E640F206410D4273
:10247000E2D015F0020F04F10104414614BF2B20F5
:10248000202015F4806F18BF2D20E9E74146302049
:10249000029B013498470028CFDACDE606AB013D18
:1024A0004146585D029B98470028CBDAC4E6414676
:1024B0002020029B013498470028FFF6BDAEA9EB0F
:1024C0000403002BF3DCC1E57047EFF311834023D5
:1024D00083F31288BFF36F8FFEE708B5F8F75EFF4E
:1024E00010B110F1580F06D1F8F776FF10F1580F20
:1024F00002D00028F8D008BD0020FCE7836800EB7C
:10250000C101B3F5004F2CBF51F8220031F8120081
:10251000704700EBC1018068B0F5004F2CBF41F857
:10252000223021F812307047012208B5FFF7E6FF8C
:10253000D04008BD836800EBC101B3F5004F08D35C
:102540004B681AB143F001034B60704723F001035D
:10255000FAE74B881AB143F001034B80704723F030
:102560000103FAE753000122FFF7D3BF8368B3F5F5
:10257000004F34BF04230823C91A081AC008704743
:10258000B0F5004F34BF04230823481C0833A0EBE8
:10259000D300B0FA80F0C0F11F0070472DE9F04180
:1025A000174603220E460446FFF7A8FF864205465B
:1025B00007F104080AD10122E368BA4023EA0203C2
:1025C000E360002344F82830BDE8F0813146022260
:1025D0002046FFF793FF06462B460146032220467E
:1025E00044F82850FFF795FF334629462046BDE8BA
:1025F000F0410222FFF78DBF70B50D468668044694
:10260000FFF792FFB6F5004F014601D3012809D02C
:102610003046FFF7B5FF294602462046BDE8704028
:10262000FFF7BCBF70BD2DE9F04705468068FFF796
:10263000A7FF05EB800ADAF8109088460646B9F144
:10264000000F1BD00327DAF8104028462146FFF779
:102650006BFF404507D3324621462846FFF79EFFD1
:102660002046BDE8F087032221462846FFF746FFB3
:10267000013FCAF8100001D08145E4D14FF0FF348A
:10268000EB680136B4401C40EAD094FAA4F2B2FAE6
:1026900082F2131D55F82340DEE72DE9F041144680
:1026A0000E460546FFF740FFA4EB0608371B07441C
:1026B000424631462846FFF755FF3A46214628460E
:1026C000FFF750FF4346002221462846FFF721FF2F
:1026D00021462846FFF728FF3B46211800222846BE
:1026E000BDE8F041FFF715BF2DE9F041164604465D
:1026F0000F46FFF719FF314605462046FFF714FF46
:1027000005442A4639462046FFF72CFF314620462D
:10271000FFF70AFF2B46311800222046BDE8F041A2
:10272000FFF7F7BE2DE9F0410D4686680446FFF736
:10273000FBFEB6F5004F014601D3012832D03046EA
:10274000FFF71EFF04EB80010E6996B90122E368D2
:1027500082401343E36002220D612B462946204646
:10276000FFF7D7FE032229462046BDE8F041FFF7D8
:10277000D0BE022231462046FFF7C0FE0746034680
:1027800029462046FFF7C5FE032233462946204648
:10279000FFF7BFFE39462B462046FFF7BAFE02225E
:1027A0003146E1E7BDE8F081F8B50C460546FFF794
:1027B000BBFE2618012231462846FFF79FFEC307BD
:1027C0000CD431462846FFF717FF21462846FFF76D
:1027D000ABFE214622182846FFF786FF002221463D
:1027E0002846FFF78BFE271A012239462846FFF7B5
:1027F00085FE10EA020613D139462846FFF7FCFE93
:10280000214632462846FFF779FE2246211A2846FD
:10281000FFF76AFF214632462846FFF76FFE241A6B
:1028200021462846BDE8F840FFF77CBF38B571B1B6
:10283000056800222846FFF799FE0446014628460F
:10284000FFF778FE2146BDE83840FFF7ADBF38BD41
:1028500070B5066809B9002070BDB368B3EBD10F3D
:10286000F9D9B3F5004F34BF04230823CC1D1C4411
:10287000E40821463046FFF7D6FE05460028EAD098
:1028800001463046FFF750FEA04209D92C442946A4
:1028900030462246FFF701FF21463046FFF742FF50
:1028A000304601222946FFF745FEB368B3F5004FD5
:1028B00034BF0423082303EBC5031844CCE72DE9F8
:1028C000F84306681446B26801F1FF39B2F5004FCB
:1028D00034BF0423082319EA01090F460BD04942EB
:1028E00039408B424F4628BF0B46894654B90025D4
:1028F0002846BDE8F8839942F8D82146BDE8F84358
:10290000FFF7A6BFB2EBD40FF1D9B2F5004F34BF39
:1029100004220822E11D3944C91A11443046C9086D
:10292000FFF781FE80460028E1D0B36809EBC005BF
:10293000B3F5004F34BF042308231D4435447B1EE8
:102940001D44B5FBF7F57D43A5EB09052946304647
:10295000FFF70CFE2C44073424F00704A41B804529
:1029600007464FEAE40408D2024641463046FFF7E4
:1029700094FE41463046FFF7D5FE39463046FFF714
:10298000D3FD3844844208D2394630462246FFF708
:1029900084FE21463046FFF7C5FE01223946304607
:1029A000FFF7C8FDA4E7B2F5802F2CBF082304234E
:1029B0002DE9F0410026D21A8C18CD1D25F007050F
:1029C00024F00704641BE408056021462046AC603F
:1029D000EE60FFF7D5FD421D9200013002F10707BE
:1029E0004FEAD7073146A2F1100205F11000B8BF37
:1029F000324602F0D7F93A4631462846FFF7B2FD93
:102A00003346324631462846FFF783FDA4EB0708DC
:102A1000284631460122FFF78DFD42463946FFF731
:102A2000A1FD3B46324639462846FFF772FD214656
:102A30002846FFF797FD4346324621462846FFF7D2
:102A400068FD214628460122FFF774FD3946BDE89E
:102A5000F041FFF767BE002070470FB407B504A927
:102A600051F8040B0191F8F7F9FC03B05DF804EBA1
:102A700004B07047038B13F0070305D10368002BE4
:102A80000CBF002003207047022B05D1408BB0FA09
:102A900080F0400980007047012B05D10368002BAE
:102AA0000CBF0020052070470020704710B50C4671
:102AB00000B111B96FF0150010BD081D00F093F8BA
:102AC0000028F9D1A368032BF6D9F3E72DE9F041EB
:102AD0000D4607461946281D90461E4600F097F8F9
:102AE000044638B13346424629463846A446BDE836
:102AF000F0416047BDE8F08110B4EFF3118240244B
:102B000084F31288BFF36F8F416110BC0121F8F785
:102B1000D7BC38B50C46054658B151B10B6843B126
:102B20004B6833B11C22002102F03CF900202C61DB
:102B300038BD6FF01500FBE770B505460E46FFF790
:102B4000B5FF041E14DBEFF31182402383F31288D8
:102B5000BFF36F8F4FF6FF716B8B2C8B8B4204F0A2
:102B6000070407D182F31188BFF36F8F6FF00A0457
:102B7000204670BD022C0CD101336B8382F3118887
:102B8000BFF36F8F0023224631462846FFF79EFF92
:102B9000EEE7062C14D8DFE804F004131313041A2C
:102BA0000400002333606B683BB9C5E90066ACB92B
:102BB00002212846F8F784FCDAE71E606E60F6E72B
:102BC00082F31188BFF36F8F6FF00404D0E782F3B4
:102BD0001188BFF36F8F6FF08504C9E782F3118806
:102BE000BFF36F8FC4E7034640B1426802F00302AF
:102BF000022A06D0032A04D0012A05D06FF015005E
:102C000070471A68002AF9D000209860704710B504
:102C10004268034602F00302022A4FF0000481607A
:102C200007D0032A02D05C60002001E018685C60D5
:102C300010BD18685C600028F6D0FEF735FEF3E79B
:102C4000704720B183682BB11B6833B118476FF010
:102C5000150070476FF0040070471846704730B495
:102C600050B149B142B1846854B1E56845B141F809
:102C7000040BE36830BC18476FF0150030BC704798
:102C80006FF00400FAE730B41346044650B1006810
:102C900060B182686AB195685DB10A46AC46616808
:102CA00030BC60476FF0150030BC70476FF001001A
:102CB000FAE76FF00400F7E70369D3F89003704771
:102CC0006FF085007047084608B5114618B101F04D
:102CD00011F9002008BD6FF00100FBE7084608B5B8
:102CE000114618B101F0FDF8002008BD6FF0010099
:102CF000FBE713B504460846216901F56371D1E885
:102D0000AF1F022909D15BB168B100931346D0E926
:102D10000912FDF7A5F902B010BD6FF00F00FAE738
:102D20006FF04C00F7E76FF00100F4E72DE9F8438E
:102D30001C46DDE90853164698460F46006939B32C
:102D40004AB344B36A1C43F10003022A73F100033F
:102D500024D2226842B1D0F890339A4204D96FF05D
:102D60000B002360BDE8F88305EA080909F10103B7
:102D70005A425A412146384601F0C5F888B9B8F19F
:102D8000FF3F08BFB5F1FF3FF0D06FF06800E9E703
:102D90006FF00100E6E76FF01500E3E76FF08500E4
:102DA000E0E730600020DDE701F0F1B838B50D460E
:102DB000044600F148012846F8F761FA30B1284688
:102DC00004F1C001F8F75BFA20B90120782303FB76
:102DD000004038BD0020FCE702F5367102F53A707C
:102DE00001F014BDD0F8B030A0F53670003B18BF2C
:102DF000012300EB8300D0F8C40201F014B8C868C6
:102E000028B1096983681B680BB100221847704715
:102E1000FDF7B6BDD0E8EF3FC0E8E21F002AF9D1C8
:102E2000704710B5436804691B68C4F8883304F51B
:102E3000EC7001F01FFC002104F56370FFF7EAFF5E
:102E4000084610BD2DE9F34117460D4679B30B78BE
:102E50006BB3D0F8C440A4F5E27814344FF0FF32DD
:102E60004FF0FF332046FDF713FD2A46404601A9E7
:102E7000F8F756FC019E2EB9204602B0BDE8F0419D
:102E8000FFF7C6BF58B12046FFF7C2FF3B462A46B0
:102E90003146404602B0BDE8F041F8F71FBC2022A1
:102EA000294606F1480001F0FEFEB766E4E702B0ED
:102EB000BDE8F081030103EB4003093323F0030372
:102EC00003EBC00348430330083320F003001844E9
:102ED000400070472DE9F84306464FF001090569A7
:102EE000D0F8048005F56377D7E8EF3F022B03D1D4
:102EF000C7E8E29F002AF7D141D195F86C30002B4A
:102F000040D195F8E430002B3CD12846D5F8881301
:102F100000F054F8044680BB73683669D3E90501B4
:102F200083681B693BB322469847044628BB06F5D5
:102F30003A7649463046FDF775FF304605F5F87696
:102F4000F9F7AAF83046D8F8001000F074F80446F3
:102F500098B90146E822304601F024FF21464FF49B
:102F6000F672284601F01EFF21463846FFF752FF51
:102F70002046BDE8F8836FF057040221F5E76FF0B3
:102F80007704F5E76FF00F04F2E710B50846029BEF
:102F9000114652B993F86C202AB90122184683F8D9
:102FA0006C20F8F7ADFC002010BD1A6F5468002C9F
:102FB000F9D05A6FA047F6E700F0E9BF38B50D46E3
:102FC000044660B1F03001F083FA0DB1002038BD45
:102FD000C4F8C451C4F8C851C4F8CC51F6E76FF036
:102FE0001500F4E70268D2F8E03013B1D2F8DC1033
:102FF000184770477047836913B9D0F88830197043
:103000007047012070478369012B04D1D0F88830C4
:103010001878C0B270470420704738B5C41DE4006A
:10302000204601F01AFE054618B12246002101F0A3
:10303000B9FE284638BD38B504463022002101F0DB
:10304000B1FE1822002104F1BC0001F0ABFE1822F1
:10305000002104F1A40001F0A5FED4F8D800FCF78B
:10306000B1FFD4F8D400FCF7ADFF002304F1340025
:10307000C4F8A03000F059FCFCF708FFE36E04F13F
:1030800040050BB12846984738220021284601F018
:1030900089FE002038BD012801D1EFF30583FDF73B
:1030A000A5BA01460068FFF7F6BF08B5F8F71CFEA1
:1030B000BDE80840F8F73CBE00210120FFF7EBBF58
:1030C000436E83F30B88704761B662B680F3118854
:1030D000BFF36F8F704708B5F9F794FC72B6002301
:1030E00083F31188BFF36F8FF9F70AFD50B1BFF377
:1030F0004F8F30BF00BF00BF00BF00BF00BF00BF89
:1031000000BF00BF62B6BFF36F8F08BD10B50446A5
:10311000F9F778FC72B6002383F31188BFF36F8F41
:10312000F9F7EEFC50B1BFF34F8F20BF00BF00BFD7
:1031300000BF00BF00BF00BF00BF00BF84F3118805
:10314000BFF36F8F62B610BD40E800F313F4803F09
:10315000D8B208BF6FF01500704730B50C684B68E7
:1031600085B00A894D890094013B24F01F04234453
:1031700002F01F0242EA451223F01F0369468DF850
:1031800008200393F9F700F905B030BD08B5F9F749
:10319000BBFA002008BD7047416A8968F9F718BB7F
:1031A00083680B44036070478388026819448180F8
:1031B000D018704730B484880568A3188380281914
:1031C00030BC01F0E2BD0268531E03608388013306
:1031D000838002F8011C70478388C2888168D21AF4
:1031E00003685B1AD01A7047F0B5D0F8047306462E
:1031F00017F002001CBFC2F1807018604FF000058C
:1032000018BF01204FF0010C4FF4803E0CFA05F47A
:103210000C4214D00EFA05F43C4210D005F5A87407
:1032200056F82440A41A34F07F4408BF4FF080744D
:1032300008B91C6002E01868A042FAD801200135E4
:10324000042DE3D1F0BDF9F771BBF9F76FBB012095
:10325000F9F7B8BC0C220369C9B201FB0233186C40
:1032600000F00700704770B5C9B20369EFF311852C
:10327000402484F31288BFF36F8F0C2606FB0134C1
:10328000246C14F0C00408D0A24206D085F3118843
:10329000BFF36F8F4FF0FF3070BD012206FB01338B
:1032A0001A6485F31188BFF36F8F436803EBC10382
:1032B0005B6898470020EFE78022FFF7D4BFF8B59E
:1032C000069F0469C9B2EFF31186402585F3128881
:1032D000BFF36F8F0C2505FB0144256C05F0070C2F
:1032E000BCF1010F0CD1276486F31188BFF36F8FF7
:1032F000C4E90E23436853F8313098470020F8BDE5
:1033000005F0C005AF4286F31188BFF36F8F0CBF85
:103310006FF077004FF0FF30F1E713B58024009491
:10332000FFF7CDFF02B010BD10B41C240069CBB272
:1033300003FB0400002110BC10470020FBF7B0BFC6
:10334000002000F039BA1046FDF788BB4368002022
:103350005B681B690B607047436802EA01005B68A9
:1033600021EA020198600020D9607047436800207C
:103370005B6899607047436800205B68D96070475C
:1033800043685A68536821EA03000B4090600020AC
:10339000D360704710B503695868F8B1884219D1F5
:1033A0009C680868A142586000D1986000200860BD
:1033B0002AB15A680A609A68596002B99960002077
:1033C00010E0814206D10868206098688142EDD102
:1033D0009C60EBE7044600680028F2D1002AE8D19F
:1033E0006FF0150010BD30B451F820500C4601EBC1
:1033F00080023DB10146AC46D4F88000002330BCC9
:10340000126C604730BC704710B500690F299FBF30
:1034100000EB810440F821202364002088BF6FF076
:10342000150010BD00207047102070470F290ED8DE
:1034300043685B68CB40DB0709D501228B00DBB218
:1034400003F1824303F5903300201A6070476FF058
:103450001500704738B50F290C46056933D8436805
:103460001B68CB40DB072ED5D5F8841021FA04F376
:1034700003F001031AB99BB96FF0770022E0002B2B
:10348000FAD111B91220F8F785FE0122D5F884305F
:10349000A2401343C5F88430E0B2FCF7F9FB0AE020
:1034A000E0B2FCF7FDFB0122D5F88430A24023EA0C
:1034B0000203C5F88430D5F8843013B91220F8F728
:1034C00077FE002038BD6FF01500FBE730B543688C
:1034D0001360057A446804EBC504A34202D36FF07D
:1034E000010030BD5C798C4201D00833F0E7002048
:1034F000F7E743681B68D3F88004C3F8800470477B
:1035000042681368D3F8100150B10020126A127893
:103510000A70C3F81001D3F8102101221A60704715
:103520004FF0FF30704702680346D2F8580140B9A7
:103530005B68DB0706D4D2F82001003818BF0120F1
:1035400070470120704743681B68D3F80423D205F5
:1035500017D5D3F82021A2B1EFF31182402181F3D6
:103560001288BFF36F8FD3F8201131B10021C3F857
:103570002011D3F820110121D96082F31188BFF303
:103580006F8FD3F858317047002200F150039B0031
:103590009BB203F1824303F5B0331A601B68704796
:1035A00008B5FAF719FA08BDFEF78FBF10B500F09D
:1035B000BEF84FF0FF304FF0FF31FAF7A3FB04469F
:1035C00020B9CDF74FFD0446FAF7A4FB204610BD05
:1035D00038B50B8A0D462BB10B7E022B05D0042B80
:1035E0002ED0ABB16FF0150410E04FF0FF304FF06C
:1035F000FF31FAF787FB044640B9E868EFF7AFFB05
:103600000446FAF787FBB4B1FAF734FD204638BD1B
:103610004FF0FF304FF0FF31FAF774FB04460028FB
:10362000F4D1E868FAF70CFE0446FAF773FB002CB5
:10363000ECD1FAF71FFD2846F9F75CF90024E5E71D
:103640004FF0FF304FF0FF31FAF75CFB04460028E3
:10365000DCD1E868EFF78DFBD2E7FAF71FBD312226
:1036600010B50021044601F09DFB20237F2223702A
:1036700080232277A37030226FF03F0384F820204C
:1036800063716FF009026FF01B0384F82320A372AB
:103690004022282384F82D20A3730C222223E271D8
:1036A000E3737E22042384F82220A37507226FF09F
:1036B000080384F8272063766FF01F02FF2384F845
:1036C0002820A3766FF01802E37684F8243084F87B
:1036D000253084F8263084F82A3084F82B300723EC
:1036E00084F8292084F82C3010BD00230360436047
:1036F000037863F022030370437823F0790343F0E7
:1037000079034370C37863F00803C370037943F00F
:1037100010030371704701F12003013813F8012DE4
:103720008B4200F8012FF9D17047FBF771BC70474D
:103730000021FBF709BD90F84010012901D8FBF7E3
:1037400003BD12207047684620F007018D4601B581
:10375000ECF71AFAF8F7ECFABDE801408546704735
:1037600008B54FF0FF314FF0FF30FAF7CBFAF7F71B
:1037700067FDBDE80840FAF7CDBA684620F00701BA
:103780008D4601B5FFF75FFDECF784F9BDE8014018
:1037900085467047684620F007018D4601B5EBF776
:1037A000B9FDF8F7C5FABDE801408546704708B590
:1037B000F7F7DAFC002008BD012801D1EBF76EBC59
:1037C00070477047EBF70EBB004700F0A3BE40F018
:1037D0000040C1F88000704740F00040C1F8800010
:1037E000704740F00040C1F88000C2F88000704788
:1037F000F7B51646DDE90847019001A81D46FBF71D
:103800001FFE019BB6F1000C18BF4FF0010C00EB3E
:1038100083000B1E18BF0123002D43EA4C0314BF85
:103820004FF00C0C4FF0000C002C43EA0C0314BFBB
:103830004FF4706C4FF0000C002F43EA0C0314BFE0
:103840004FF4403C4FF0000CD0F8002243EA0C0348
:1038500022EA030301B109780EB1367876001943E4
:103860000DB12D78AD0031430CB1247824022943E9
:103870000FB13F783F040C433C43C0F8004203B013
:10388000F0BD1FB50DF10F03019300238DF80F104C
:103890001A4619460093FFF7ABFF05B05DF804FB2D
:1038A00038B5054608460C46FBF71EFEA8B108468B
:1038B000FBF70EFE88B90846FBF7FEFD01232A68D8
:1038C0008340C2F808332B6803EB8000D0F8103532
:1038D00023F00303C0F8103538BD2046BDE838405A
:1038E0000021FFF7CEBFFBF783BEFFF7D9BF37B587
:1038F0000C46154690B1037883B179B10B786BB162
:1039000062B101A9FCF732FA50B9019883684BB152
:103910002A46214603B0BDE8304018476FF0150035
:1039200003B030BD6FF01200FAE701464068C3688B
:1039300003B1184770472DE9F04389B0109E044643
:10394000894690460021202268461F46129D01F0BC
:1039500029FA1F2E97BF01234FF0FF33B34003F125
:10396000FF332361119BC4E90098C4E902766361C7
:10397000183445B10FCD0FC495E80F0084E80F004F
:1039800009B0BDE8F0836D46F4E773B50468661CC2
:1039900031D08568A9422ED264182CD05E18AE4270
:1039A00088BF6B1A056A35B100930523A847034603
:1039B000184602B070BDBFF35B8F1946A41A1019E8
:1039C00019B140EA0205AD070AD103290DDC01381F
:1039D00011448A42ECD010F8014F02F8014BF8E78D
:1039E0000078013902F8010BE9E750F8044B04397B
:1039F00042F8044BE9E76FF02103D9E773B5046897
:103A0000651C32D08568A9422FD264182DD05E186B
:103A1000AE4288BF6B1A456ACDB100930523A84713
:103A200002B070BD12F8015B013905701546A0188F
:103A300019B140EA0206B607F4D103290ADC013DB8
:103A4000014488420CD1BFF35B8F1846E8E7194662
:103A5000A41AEBE755F8042B043940F8042BECE7E3
:103A600015F8012F00F8012BEBE76FF02100D7E7E5
:103A700073B51C46036815465A1C29D082689142CA
:103A800026D25B1824D066189642866A88BF541ADC
:103A900036B105232A460094B047204602B070BDD7
:103AA000184622464AB9294601F07CF9BFF35B8FDC
:103AB000F3E700F8015B013AF4E78307F9D14FF02F
:103AC00001336B43032AEEDD40F8043B043AF9E787
:103AD0006FF02100E2E70020704710B4046B02464B
:103AE0000B4684B9C1681F2998BF23FA01F44168C5
:103AF00061B18068834209D21069184051F82430BE
:103B0000184410BC7047234610BC18474FF0FF30D4
:103B1000F7E730B5059CC4E90002039A21811989B1
:103B2000E260049A618121856261D3E9002502EB9C
:103B30000113C4E906128A1C236203EB42036A1CC8
:103B400013446D422B406362836953B90139E269C2
:103B50008B4202EB031206DB002393736FF07F03AB
:103B6000D373002030BD0133D381F0E72DE9F04F4E
:103B7000B0F830A004465546002685B002EB030895
:103B800091460E9A00EBCA031FFA88FB9A63A3F8CA
:103B90003CB008F1FF32C3690F1D0192B0451ADC39
:103BA000238D2586A3EB0B032385236A61895A881D
:103BB00001390A4003EB4203A3F804A0BFF35B8F73
:103BC0000020226A538801335380638D013363855B
:103BD00005B0BDE8F08FE06A2A0157F8041C03EB3A
:103BE0000515029303680392C91A8368083799423E
:103BF00028BF4FF0FF31FFF770FFDDE90232985028
:103C000000226A6057F8082CAA60019A9642ACBF5D
:103C100000220122B145D8BF42F00202AA8101363A
:103C2000ED89BBE7F0B550B3456A448E6B88A3427B
:103C300030D0631C43864389BFF35B8F013B1C403C
:103C400005EBC4056B689EB209B1AD680D60D0F894
:103C50001CC09BB20CEB031100EBC3039D8F078DBF
:103C60002F44013D07859D878D896F070ED5058EF1
:103C7000CD8100210686986B996302B11480F0BD56
:103C80009D8FC989013D0CEB01119D878D89ED0741
:103C9000F6D4ECE70020F2E7C36903EB0113986860
:103CA000704770B5C369C56A09015E586B6BE3B9AB
:103CB0002C69621C09BF6B6834401C68341B2146A8
:103CC0002846FFF70AFF864207D02B6901331C44C0
:103CD000AB689C42F3D34FF0FF342868431C09D0F3
:103CE000AB68A34206D9204470BD314628469847A8
:103CF0000446F2E70020F7E770B5BFF35B8F0D468F
:103D0000016A1646838E4A8804469A4212D05A1C8B
:103D100082864289013A134001EB43018988298058
:103D200089B2FFF7BEFF2A88E36903EB02139B68A1
:103D3000336070BD0020FCE710B50268936912691A
:103D4000920017D543B9438E026A81694489013BC9
:103D50001B1B02EB4102938003689B69012B08D176
:103D6000838E426A81694089013B1B1A02EBC102C2
:103D7000938010BD23B9026A138843F001031380B6
:103D800003689B69012B01BF426A138843F001035A
:103D90001380EEE710B5BFF35B8F036804461A6922
:103DA0009B6912F0005F1AD07BB9036A426A5B8894
:103DB0008169013B02EBC10292889B1A628D9BB222
:103DC0009A4214D80023638510BD012BFAD1436AAF
:103DD000026A5B888169013B02EB4102ECE763B94F
:103DE000436A1B88DB4303F00103002BEAD06369BD
:103DF000002BE7D020469847E4E7012BE2D1036A85
:103E0000EFE7036A828E598891420AD041890139CD
:103E10000A4003EB42039A88C36903EB02139868D4
:103E2000704700207047BFF35B8FC36803B118472A
:103E300070474FF0FF324FF0FF33FCF733BE10B145
:103E4000C36A0133C362704738B1C26A013AC262C1
:103E50001AB9026B02B110470262704770B504468E
:103E6000056A05F164063046FFF7E3FF636AA3F5D0
:103E700080637F2B0BD801225909503503F01F03B3
:103E80009A4055F8213023EA020345F82130D4E95D
:103E90000F124A60E16B04F13C0311602046C4E953
:103EA0000F33FFF7D1FF3046BDE87040FCF7D6BDB9
:103EB00010B58CB0436A04460B912022014602A83B
:103EC0000A9300F018FB28230122CDE90032204696
:103ED0003522616A02ABFCF7ADF800EAE0700CB085
:103EE00010BD30B1006A20B119B1D0F8883003B1EB
:103EF0001847704730B1006A20B119B1D0F88C3042
:103F000003B11847704730B1006A20B119B1D0F839
:103F1000903003B11847002070472DE9F84306465A
:103F20008846174699460468A64201D1002520E03C
:103F30007A1CA4F13C0502D06B6ABB4219D0B8F1DF
:103F4000000F22D020224146284600F09AFEE0B918
:103F5000B9F1FF3F02D0AB6A4B450AD07B1C0BD0B6
:103F60002468B442E2D054F8183CA4F13C059F42C6
:103F7000E8D12846BDE8F883AB6A0133F9D024685C
:103F8000B442D3D0A4F13C05D9E72468CCE710B5FE
:103F9000044690B1036A83B102784AB193F8A43021
:103FA00033B1436AB3F5806F02D30121FFF780FF7D
:103FB0002046BDE81040FFF751BF10BD20B1036A95
:103FC00013B15B6803B11847704708B530B1036A95
:103FD0003BB1DB682BB19847002008BD6FF015009E
:103FE000FBE76FF00500F8E77047FCF737BD4FF0CF
:103FF000FF324FF0FF33FCF755BDF8B50C4600F12A
:1040000064070546A4F110063846FFF7F0FF304676
:10401000FCF7EAF880B154F8083C24F8083CD5F8DD
:10402000CC3044F80C3C05F1C80344F8103CC5F80A
:10403000CC6054F80C3C1E603846FFF7D6FF0020D9
:10404000F8BD38B50D4600F164042046FFF7CFFFF8
:1040500055F8083C204603F5803345F8083CBDE898
:104060003840FFF7C2BF2DE9F04188B00E9C282AE6
:104070008846D4F8C0006ED101688568A8EB0101BC
:10408000A94228BF4FF0FF3120236A46FFF77DFC8D
:1040900004F16406D8F820703046FFF7A8FF3B46CD
:1040A0004FF0FF3269462046FFF737FFD8F824303B
:1040B0000546E0B1D0F8308003F00103B8F1000FFD
:1040C00002D0DBB9AF6230E0002BFBD04FF0FF3302
:1040D00083623046FFF789FFAB6B83BBD4F8803037
:1040E000002B38D03A4669462046984733E0DB0734
:1040F0001FD43046FFF779FFE36FF1E74FF0FF334E
:104100008362FFF79CFE3046FFF76FFFAB6BA3B9EE
:10411000D4F880301BB13A4669462046984730466D
:10412000FFF765FF2846FFF78FFE3046FFF75DFF7C
:1041300011E03046FFF759FFD0E74FF0010828465D
:104140009847D4F880301BB13A46694620469847D4
:10415000B8F1000FE3D1002008B0BDE8F081F0B560
:1041600004468E680D46B6B23146D0F8B80085B028
:10417000FFF792FDD4F8B43007469A6942B900952A
:10418000CDE902500123D4F8B80002A9FFF7EEFCF4
:10419000D4F8B4309B69012B05D13A463146D4F8A6
:1041A000B800FBF72BFFD4F8B80005B0BDE8F0402D
:1041B000FFF7F0BD70B500F16406A1F110050446EB
:1041C0003046FFF714FF2846FCF70EF818B12946D1
:1041D0002046FFF7C4FF3046BDE87040FFF705BF3B
:1041E000F0B5036885B05F6A07F164063046FFF7F3
:1041F000FEFED7F8B4309B69002B4DD0012B46D181
:10420000D7F8B80003AA0DF10A01FFF775FD0446BF
:104210003046FFF7EAFE002C3CD0BDF80A303046AD
:10422000A360FFF7E4FE4FF0FF33002162683846D9
:10423000FFF773FE0546FFF702FEA368304603F55D
:104240008033A360FFF7D1FE7DB1AB6A696C0133A7
:1042500008BF2368284608BFAB622368A289009183
:10426000D5F834C004F11001E0473046FFF7BFFE37
:104270002846FFF7E9FD2046FBF7B6FF18B12146B7
:104280003846FFF76CFF3046FFF7AFFEAEE730462B
:10429000FFF7ABFE05B0F0BDD7F8B8000DF10A028C
:1042A00003A9FFF7BFFCD7F8B43004469B69012B84
:1042B000AED1A5E72DE9F041A3F1100653F8085C53
:1042C000002388B00693ADF81E3004461023CDE9D4
:1042D00004120E9FD0F8C000ADF81C700168D0F831
:1042E00008C0711A0DEB0302614528BF4FF0FF3182
:1042F00004F16408FFF782FB4046FFF778FED4F82C
:10430000B430ADB29B69CBB9D4F8A820D4F8B4309E
:10431000D4F8BC009B69C3B9CDE9026200960122C2
:1043200002A9FFF723FCD4F8BC00FFF733FD404699
:10433000FFF75BFE384608B0BDE8F0812946D4F8A7
:10434000BC00FFF7A9FC0246E0E7012BEBD12946B0
:10435000FBF754FEE7E710B548B149B143688B421B
:1043600006D382680468D21A5B1A4360A01810BD95
:104370000020FCE72DE9F3470546D0F8B4000E46CF
:10438000904618B9002002B0BDE8F087036A002B00
:10439000F8D09B68002BF5D098474307F2D543F639
:1043A0009823B8F1000F18BF984605F1640705F18E
:1043B000C8093846FFF71BFED5F8C8404C452BD03E
:1043C00054B3D4E90023536022681A60C4E900445E
:1043D000D5F8B43021899B69ADF806107BB1012B6B
:1043E00014D03846FFF701FEBDF8063004F1100086
:1043F00003F58033A3603368103B3360C3E7D5F81F
:10440000A8303360D5F8B4309B69E8E7D5F8BC0034
:10441000FFF742FC3060E4E7D5F8B430D3F818A0D9
:10442000BAF1000F36D13146D5F8BC000DF10602C5
:10443000FFF7F8FB04460028D3D1D5F8BC301B8D1C
:10444000B3B93846FFF7D1FDB8F1000F9AD0D5E9DE
:104450002D3218211289DB6A01FB0233D5F8D020F6
:1044600022BB21200021FDF709F808F1FF38A0E761
:10447000D5F8A810D5F8C400FFF76DFF0446D5F8AD
:10448000A830ADF806A033603846FFF7AEFD002C2B
:10449000DAD0A9E7BAF1010FD3D13246D5F8BC0082
:1044A0000DF10601FFF728FC0446EDE719692846DF
:1044B00090476FF4FB639842D3D000287FF479AF24
:1044C00060E720B119B112B1C0E901220160704763
:1044D00010B5044618B910BD3C38FFF758FD2068E8
:1044E0008442F9D10023C4E92E33D4F8B400BDE8E6
:1044F0001040FFF763BD034608463AB9F6F7C9BE58
:1045000010F8011B03F8011B0029F7D0013AF7D17D
:104510001A70F3E708B1F8F741BB7047704740B134
:10452000C368587810F001001EBF1878B0FA80F008
:1045300040097047EFF31183402383F31288BFF3E0
:104540006F8FFEE708B5FFF7F5FF10B5D0E900342F
:1045500033B90020E268537843F00103537010BD73
:10456000204698470028F4D00028B8BF4042FF28D2
:10457000A8BFFF20E3681870ECE700F013BC00F060
:1045800004BC704710B400F10C04C0E9034410BC33
:10459000FEF709BA2DE9F04F054689B0DDE912674B
:1045A00091463B46324606A8059105F1140A00F0F3
:1045B00095FADDE90634CDE90234EFF311844FF0CA
:1045C000400888F31288BFF36F8F05F10C0B4A4641
:1045D00028460599FEF773F930B184F31188BFF3CB
:1045E0006F8F09B0BDE8F08F3E43F6D0DDE90223BE
:1045F00006A800F097FADDE906675A4621465046BC
:10460000CDE90067FCF7C8FDEFF3118488F3128849
:10461000BFF36F8FDBE738B50446EFF31185402316
:1046200083F31288BFF36F8FFEF700F904F10C00DB
:1046300000F0E4F930B1294604F11400BDE8384037
:10464000FCF71ABE85F31188BFF36F8F38BD402485
:1046500008B5EFF3118384F31288BFF36F8FFEF771
:104660003AFDF6E790F90E308B4201D0FCF7C0BD61
:104670000020704703460020C3E90033C3E902006D
:1046800070472DE9F843994604460D4690469DF83B
:10469000203000F10806EFF31187402282F31288E0
:1046A000BFF36F8F03B14568304600F084F958B10D
:1046B0000023C0F81480C36700F01EF93046394665
:1046C000FCF7DAFD00200CE0B9F1000F1BD0082147
:1046D000FDF720F938B987F31188BFF36F8F6FF0BA
:1046E0000B00BDE8F8830122C0F804800260016875
:1046F00001F003015DB922680A430260626820602C
:104700006AB960600BE04046C8F80090EFE72A689D
:10471000032A10D80160616839B9C4E90000042196
:1047200004F1100000F065FAC8E70A6802F003021D
:1047300002430A60E5E722F003020A4302602A68A6
:1047400002F0030240EA02032B60E8E710B50446DA
:1047500030B10268930703D0446809B100F076FADB
:10476000204610BD012307B5009300230A461946D1
:10477000FFF787FF03B05DF804FB002307B50A4687
:1047800000931946FFF77DFF03B05DF804FB5AB1B3
:104790008A4209D300F11003C0E90212C0E9000007
:1047A000C0E90433002070476FF015007047012303
:1047B00002688B4022EA0303036022FA01F000F052
:1047C00001007047704720B100228830114600F088
:1047D0004AB9704738B504460D461022002100F052
:1047E000E1FA656038BD13B501900846EFF3118416
:1047F000402383F31288BFF36F8F01A9FCF734FACB
:1048000084F31188BFF36F8F02B010BD10B5FFF7AE
:10481000EAFF041E08DDEFF31180402383F31288C2
:10482000BFF36F8FFCF758FD204610BD70B50D46E5
:10483000EFF31186402383F31288BFF36F8FFCF7E9
:104840006DFA044686F31188BFF36F8F38B14FF0CD
:10485000FF324FF0FF3305F11000FCF723F920463B
:1048600070BD08B5A022002100F09CFA08BDEFF34E
:104870000580003818BF012070476FF0570070475F
:10488000FCF70CBDD0E9003213605A600023C0E988
:104890000033704708B5FFF7F5FF437B23F00203B1
:1048A00043730023836008BD38B504460D46FCF70A
:1048B0007DFB637B43F002036373E5B1A5602B6866
:1048C0009D4209D16B68C4E900531C606C6012E022
:1048D0006A689A42F6D01B68002BF3D094F90E2038
:1048E00093F90E108A42F3D09142F1DD5A68C4E97F
:1048F000003214605C6038BD10B5EFF311844023C2
:1049000083F31288BFF36F8FFCF768FB84F3118881
:10491000BFF36F8F10BD10B50446183000F0C5F816
:10492000EFF31181402383F31288BFF36F8F627B13
:1049300012F0100204D081F31188BFF36F8F10BD05
:104940002046BDE81040FCF77DBB08B5EFF31181B0
:10495000402282F31288BFF36F8F83680BB1FFF799
:1049600099FF81F31188BFF36F8F08BD38B50446F6
:10497000EFF31185402383F31288BFF36F8F437BDE
:1049800013F0280F0BD183680BB1FFF783FF637B14
:1049900051B903F0FB0320466373FCF71FFB85F35B
:1049A0001188BFF36F8F38BD03F0EB03F3E70121EC
:1049B0001838FFF7DBBF38B5EFF31185402383F3D9
:1049C0001288BFF36F8F0468A0420DD034B1204627
:1049D000FFF760FF04F1180000F067F885F3118815
:1049E000BFF36F8F204638BD0024F7E710B5FFF7FF
:1049F000ACFFBDE81040183000F057B838B5054698
:104A000004680020AC4200D138BD002CFCD0204608
:104A1000FFF7ECFF2046FFF76FFF2C680120A5424F
:104A2000F1E7EFF31181402282F31288BFF36F8F19
:104A3000027BD2070CD581F31188BFF36F8F00235F
:104A400083F31188BFF36F8F0423184602DF70478A
:104A5000437B1B0704D581F31188BFF36F8F704729
:104A60000122FCF7EFBA38B5EFF31185402383F349
:104A70001288BFF36F8F0468A04212D09CB1E16727
:104A800062612046FFF706FF04F1180000F00DF800
:104A90002046FCF7A3FA012085F31188BFF36F8F3E
:104AA00038BD0020F8E72046F6E710B5EFF3118493
:104AB000402282F31288BFF36F8F03683BB1FCF78B
:104AC000BDFD002084F31188BFF36F8F10BD6FF020
:104AD0001500F7E708B5FCF7CFFE08BDB3F1FF3FBF
:104AE00008BFB2F1FF3F70B504461D46164613D00D
:104AF0001A4315D06FF001024FF0FF33921B63EBA6
:104B00000501002904DAFCF7B7FE821941EB050123
:104B1000C4E90021204670BD4FF0FF321146F7E78F
:104B20000022FBE7B3F1FF3F08BFB2F1FF3FF8B54A
:104B3000074616461C4610D054EA020311D0FCF773
:104B40009BFEB0420A46A14103460AD2F31A64EB27
:104B50000204C7E900343846F8BD4FF0FF331C4665
:104B6000F7E70023FBE72DE9F041846805460E4690
:104B7000ECB16378012B25D114F8533C9A0714D576
:104B8000A4F160073846FFF731FF082E0CBF6FF025
:104B900003030023E36114F8533CDB0605D154F80A
:104BA000483C13B93846FFF7A7FE002323700020C6
:104BB000EB68A860C3F38632164366F39433EB6068
:104BC000BDE8F081022BF0D12378002BEDD054F812
:104BD000048CB8F1000FE8D004F11400FFF765FF72
:104BE0000023A4F1140739464046E362FFF7FBFDBA
:104BF000DBE7034610B5EFF31184402282F31288FD
:104C0000BFF36F8F0068834208D0D0E90032136091
:104C10005A600023C0E90033FFF7A5FF84F3118831
:104C2000BFF36F8F10BD0432D3B5044608D20026FF
:104C3000002741F00401CDE90067FFF7ABFC10B994
:104C4000002002B0D0BD40F8044BFAE720B1011FAC
:104C500050F8040CFFF7DFBC704701460420FCF756
:104C60004BBE0139024410B5904201D1002005E04D
:104C7000037811F8014FA34201D0181B10BD013079
:104C8000F2E710B56AB10139841810F8012B11F858
:104C9000013F9A4203D1A04201D0002AF5D1D01A97
:104CA00010BD1046FCE710B50139044632B111F8C9
:104CB000013F013A00F8013B002BF7D1002100F041
:104CC00071F8204610BD0246014410B58A421346D1
:104CD00003D01C780132002CF8D1181A10BDF0B5A1
:104CE000C3F13707044603F01F031046FFB2082B39
:104CF000E6B232D0102B3DD06508A40845EAC17554
:104D000044EA81748A082D1942EB5102290941EACB
:104D100002716D1842EB1212290A41EA02616D1804
:104D200042EB1222290C41EA02416D1842EB124279
:104D3000AD1842F10002EC0844EA4274D10804EBD9
:104D40008402A6EB4205EDB2092D0CD90134A5F180
:104D50000A0541F10001EDB212E0E40806F0070592
:104D600044EA4174C908303554EA010200F8015B95
:104D7000BDD1F0BD240906F00F0544EA017409090C
:104D8000092D84BFED19EDB2EDE70A44431E9142AF
:104D900000D1704710B511F8014B914203F8014F53
:104DA000F9D110BD02440346934200D1704703F885
:104DB000011BF9E7014800687047000028720021D4
:084DC000BE64FF7F010000004A
:104DC80051C902010000000055CD0201584E0301EF
:104DD8006D08030100000000B9D30201804E0301F1
:104DE800B9D302016C4E0301CDF1020100000000AD
:104DF800AF37030100000000D5D10201944E030132
:104E0800F9D70201A84E0301C1CF0201000000003A
:104E180041DB02010000000061C90201000000003E
:104E280031C7020100000000D5D50201BC4E0301C4
:104E380049F2020100000000F10A0301000000002D
:104E4800232E0301D04E030119DE0201E44E0301B3
:104E5800435803013C5503014C5503013A0800210E
:104E68007C7200216258030170550301A0550301AB
:104E78003E0800212473002170580301885503015E
:104E8800A055030140080021307300215258030146
:104E980000000000685503013C080021D072002181
:104EA80095580301D85503012056030144080021F1
:104EB800C47300217E58030160070021C455030113
:104EC800420800213C730021BA5703012007002142
:104ED8005854030138080021F01A0021A35803018F
:104EE800000000002C56030146080021DC73002155
:104EF80000000000B930030100000000B9300301D0
:104F080000000000B930030100000000B9300301BF
:104F180000000000B9300301C5370301C937030198
:104F280000000000B930030100000000B93003019F
:104F380000000000B9300301D072002145D20201FF
:104F480069FA0201C937030100000000B930030102
:104F580000000000B930030100000000B93003016F
:104F680000000000B930030100000000B93003015F
:104F780000000000B930030100000000B93003014F
:104F8800B1FC0201C9370301A84E030147350301EB
:104F980000000000B930030100000000B93003012F
:104FA80000000000D1DB020100000000B93003015D
:104FB80000000000B930030100000000B93003010F
:104FC8000000000039F2020100000000B9300301BE
:104FD80000000000B930030100000000B9300301EF
:104FE800701A00210077002100060000B1B202010A
:104FF80000000000000000000000000007000000A2
:1050080000000000AD570301000000000000000090
:10502000CDFE0201060000000002000000020000A8
:10503000000000000E5A03010001000000010302FD
:1050400000002CA6E0A120A820A80000F401FA008E
:10505000960064004B0032001E0014000A00050098
:1050600002000100010204002526270001020303BB
:10507000250D0F0F0102040000000000141E0000A7
:105080003011000060EA000060EA000000002CA679
:10509000E0A120A820A8000000002CA6E0A120A8E4
:1050A00020A800000001030200002CA6E0A120A817
:1050B00020A8000001020303F401FA009600640036
:1050C0004B0032001E0014000A000500020001001F
:1050D00000002CA6E0A120A820A8000000000000ED
:1050E000141E00003011000060EA000060EA0000B9
:1050F000F401FA00960064004B0032001E00140018
:105100000A00050002000100010203030101000280
:10511000070001020401000100000101000001007C
:1051200001000001000100000000F401FA009600F7
:1051300064004B0032001E0014000A00050002004B
:10514000010001000B0002000A00050009000A002E
:105150000800140007001E000600320005004B0086
:1051600004006400030096000200FA000100F4014C
:105170000000010203030C0802170D0101020909D6
:1051800001010602091818030101090903030503B7
:105190000201230202240910040405050B0B040B71
:1051A0002B1B1B151A1A1C021D16130501490D1580
:1051B000050000002CA6E0A120A820A800002CA635
:1051C000E0A120A820A80001020201020400A3011E
:1051D000B103BF05EF024906A309C505F50B25126A
:1051E0000E021C045A03B4063006600C01020303CD
:1051F0000102030300002CA6E0A120A820A80102C0
:1052000004010203030000002CA6E0A120A820A8AE
:10521000F401FA00960064004B0032001E001400F6
:105220000A0005000200010000000000141E00003A
:105230003011000060EA000060EA000000002CA6C7
:10524000E0A120A820A800002CA6E0A120A820A86A
:105250000102030300000000141E000030110000D2
:1052600060EA000060EA00000102040003000000A0
:105270002CA6E0A120A820A800000000141E000019
:105280003011000060EA000060EA000000002CA677
:10529000E0A120A820A8F401FA00960064004B00C9
:1052A00032001E0014000A00050002000100000088
:1052B00000002CA6E0A120A820A8F401FA00960086
:1052C00064004B0032001E0014000A0005000200BA
:1052D0000100000000000000141E0000301100005A
:1052E00060EA000060EA000001020303010204001A
:1052F0000102020000002CA6E0A120A820A80001C5
:1053000003020000E3A3C30000003408E803280AF6
:10531000280A000000002CA6E0A120A820A8000078
:105320000406080A0C0E10121416181C1E20222443
:1053300026282A2C2E30323436383A3C3E4042441D
:1053400046484A4C4E021A50010000000700000077
:10535000000000000000000000000000000000004D
:10536000280000001800000050010000500100005B
:1053700000000000141E00003011000060EA000070
:1053800060EA000000000000141E00003011000060
:10539000B45F00003C730000B80BD0076C396C3967
:1053A0000000000000000001000080630000806336
:1053B0000000000070170000A00F00003C28000053
:1053C0003C2800000000DC05E8030000D4170000C2
:1053D00000000000141E00003011000060EA000010
:1053E00060EA00000001030200000000000000006D
:1053F00000000000000000000000000001010101A9
:1054000002020202030303030405060708090A0B4C
:105410000C0D0E0FD8ECF0F4F8F9FAFBFCFDFEFFD2
:105420000001020306080801020600100200FA004B
:10543000000000005FB202016BB202016FB2020114
:1054400077B202017BB20201000000000000000000
:105450000338FDD87047000049B70201D52E03017B
:1054600031B902017DB902015DBA0201B92C030113
:105470002D2D0301C12C0301F32C0301DD2C0301AD
:10548000C72C0301000000000000000007300301EA
:10549000F72F030103300301F52F03010000000083
:1054A000000000000000000000000000E52F0301E4
:1054B00000000021000000000600010002000000C2
:1054C000C454030100000001345803010600000029
:1054D000E0FF0301000000213C580301210000000F
:1054E000E0FF0021ADC70201000000009731030179
:1054F000E4540301FC5403010401000000BE002138
:10550000E45403010C5503012000000020BF0021DA
:10551000E45403011C55030103010000C4C0002131
:10552000E45403012C55030108010000FCCB0021C9
:10553000DDCC0201ADCC02010000000035CE02013D
:1055400021CD02013B33030141330301ADCD020103
:10555000B93203011B33030100000000553203017F
:1055600000000000000000007DD10201D5D0020142
:10557000FFFF000000088C41000000000100000057
:1055800000A0004100000000FFFFFFFF00058C416C
:10559000000000000000000000A00041000000002A
:1055A0004DD402014D330301593303016D3303011F
:1055B0007733030181330301B9D20201953303012B
:1055C000000000002D3403010934030125340301D8
:1055D000293403015534030100300141010000006A
:1055E00000000000FC5503010000D601000000008F
:1055F000000000008B7400218A74002100300141FA
:1056000008560301010000001056030104000000C9
:10561000290000002A000002280600012B060003D2
:105620000135030145D70201F334030121DD0201F5
:10563000AD350301D13503011F590301325903016F
:1056400045590301585903016B5903017E59030160
:1056500091590301A4590301C84D0301C84D030129
:10566000184E0301204E0301584E0301584E03010A
:10567000512563FCC2CAB9F3849E17A7ADFAE6BCF4
:10568000FFFFFFFFFFFFFFFF00000000FFFFFFFF26
:10569000AAAAAAAAAAAAAAAAAAAAAAAA55555555BE
:1056A00055555555555555550000000055555555FE
:1056B000522563FCC2CAB9F3849E17A7ADFAE6BCB3
:1056C000FFFFFFFFFFFFFFFF00000000FFFFFFFFE6
:1056D000512563FCC2CAB9F3849E17A7ADFAE6BC94
:1056E000FFFFFFFFFFFFFFFF00000000FFFFFFFFC6
:1056F00096C298D84539A1F4A033EB2D817D03776C
:10570000F240A463E5E6BCF847422CE1F2D1176B06
:10571000F551BF376840B6CBCE5E316B5733CE2BD9
:10572000169E0F7C4AEBE78E9B7F1AFEE242E34F08
:105730004B60D2273E3CCE3BF6B053CCB0061D6545
:10574000BC86987655BDEBB3E7933AAAD835C65ACE
:10575000FCFFFFFFFFFFFFFFFFFFFFFF0000000058
:10576000000000000000000001000000FFFFFFFF3C
:10577000647261676F6F6E2F6C6962732F736368F9
:105780006564756C696E672F7372632F72656D5FE8
:1057900068616C5F6576656E745F74696D65722EA5
:1057A00063006E72665F62745F6863690074785F3D
:1057B0007468726561645F69640069706330007366
:1057C00072616D302E73686D0067656E6572696316
:1057D000002A2A2A20426F6F74696E67206E524633
:1057E00020436F6E6E6563742053444B2076322ED7
:1057F000392E302D37373837623236343938343035
:10580000202A2A2A0A002A2A2A205573696E67202C
:105810005A6570687972204F532076332E372E39AF
:10582000392D653134616263336364366537202A0C
:105830002A2A0A00464C4153485F30005352414DDA
:105840005F3000636C6F636B403431303035303023
:10585000300072616E646F6D4034313030393030F9
:1058600030006770696F4034313863303830300051
:105870006770696F403431386330353030006D62A5
:105880006F78403431303132303030000001020363
:10589000040506070B7561727440343130313330C2
:1058A00030300062745F6863695F736463003F490E
:1058B000F6D4A3C55F3874C9B3E3D2103F504AFF92
:1058C000607BEB40B7995899B8A6CD3C1ABD4D50B6
:1058D000534C204153534552543A2025732C2025D4
:1058E000640A004D50534C20576F726B000000004B
:1058F00001010000000020303030303030303030D6
:1059000030303030300001756E72656769737465D0
:10591000726564202573206275730A002573006D1B
:105920006574616C3A20656D657267656E63793A7E
:1059300020006D6574616C3A20616C6572743A2068
:1059400020202020006D6574616C3A2063726974B8
:105950006963616C3A2020006D6574616C3A206562
:1059600072726F723A2020202020006D6574616C85
:105970003A207761726E696E673A202020006D656B
:1059800074616C3A206E6F746963653A2020202040
:10599000006D6574616C3A20696E666F3A20202054
:1059A000202020006D6574616C3A20646562756723
:1059B0003A20202020200025733A20667265656910
:1059C0006E67206E6F6E2D656D70747920766972CA
:1059D0007471756575650D0A00756E65787065631F
:1059E000746564206275666665722068656C642003
:1059F000636F756E7465720D0A0072785F76710060
:105A000074785F7671004E53006D61696E00737932
:105A100073776F726B71002D79A1C86A40B73CF63D
:105A200074F90B22D3C480747282BA00FFFFFFFFA7
:105A30001F00286E756C6C29002A666C6F61742AD1
:045A40000000000062
:105A4400FFFFFFFFFF1F00001F0000000000000019
:105A54007FFE0000E4070000DD50000000000000AD
:105A6400FFFFFFFF1FFF0000BAABBABA10101010FF
:105A7400A0354D00FF000000C40900000000000034
:105A840000C0004100000000000000000C00000005
:105A940000FF7F0000000000000000000000000084
:105AA40000000000000000000000000000000000F2
:105AB400094300013957000171460001C15F00012B
:105AC400D1410001D95D0001615C0001D1410001B7
:105AD400D1410001FD5C0001255F0001015C000172
:105AE400615D00014D43000199610001C54400015D
:105AF400055500015D61000141610001615A000129
:105B04004D5B0001A15B0001F55A000181550001C4
:105B1400214300019D4300019D430001F551000113
:105B240039430001996600019D460001A56C0001FE
:105B3400E16C0001394E0001DD530001000000005A
:105B440000000000DD610001A4000021B400002178
:105B540070000021E4000021CC0000219D4B0001D5
:105B6400C1430001955E0001AD5A00010000000030
:105B74000000000000000000000000000000000021
:105B84000000000000000000000000000000000011
:105B94000000000000000000000000000000000001
:105BA40000000000211D010100000000A95F0201A6
:105BB40000000000B91D0101000000006160020145
:105BC40000000000A11D010100000000616002014D
:105BD400000000006D1D0101000000005D5F020176
:105BE40000000000851D0101000000005D5F02014E
:105BF400000000008B600201000000000D60020143
:105C040000000000595F02010000000087600201EB
:105C140000000000591D0101000000002560020180
:105C240000000000475F020100000000FF5E020167
:105C340000000000F15F020100000000F91D0101F5
:105C440000000000F55F02010000000000000000F9
:105C54000000000000000000000000000000000040
:105C64000000000000000000000000000000000030
:105C74000000000000000000000000000000000020
:105C84000000000000000000000000000000000010
:105C94000000000000000000000000000000000000
:105CA40000000000000000000000000000000000F0
:105CB40000000000000000000000000000000000E0
:105CC40000000000000000000000000000000000D0
:105CD40000000000000000000000000000000000C0
:105CE40000000000000000000000000000000000B0
:105CF40000000000000000000000000000000000A0
:105D0400000000000000000000000000000000008F
:105D1400000000000000000000000000000000007F
:105D2400000000000000000000000000000000006F
:105D3400000000000000000000000000000000005F
:105D4400000000000000000000000000000000004F
:105D5400000000000000000000000000000000003F
:105D6400000000000000000000000000000000002F
:105D7400000000000000000000000000000000001F
:105D8400000000000000000000000000000000000F
:105D940000000000000000000000000000000000FF
:105DA40000000000000000000000000000000000EF
:105DB40000000000000000000000000000000000DF
:105DC40000000000000000000000000000000000CF
:105DD40000000000000000000000000000000000BF
:105DE40000000000000000000000000000000000AF
:105DF400000000000000000000000000000000009F
:105E0400000000000000000000000000000000008E
:105E1400000000000000000000000000000000007E
:105E2400000000000000000000000000000000006E
:105E3400000000000000000000000000000000005E
:105E4400000000000000000000000000000000004E
:105E5400000000000000000000000000000000003E
:105E6400000000000000000000000000000000002E
:105E7400000000000000000000000000000000001E
:105E8400000000000000000000000000000000000E
:105E940000000000000000000000000000000000FE
:105EA40000000000000000000000000000000000EE
:105EB40000000000000000000000000000000000DE
:105EC40000000000000000000000000000000000CE
:105ED40000000000000000000000000000000000BE
:105EE40000000000000000000000000000000000AE
:105EF400000000000000000000000000000000009E
:105F0400000000000000000000000000000000008D
:105F1400000000000000000000000000000000007D
:105F2400000000000000000000000000000000006D
:105F3400000000000000000000000000000000005D
:105F4400000000000000000000000000000000004D
:105F5400000000000000000000000000000000003D
:105F6400000000000000000000000000000000002D
:105F7400000000000000000000000000000000001D
:105F8400000000000000000000000000000000000D
:105F940000000000000000000000000000000000FD
:105FA40000000000000000000000000000000000ED
:105FB40000000000000000000000000000000000DD
:105FC40000000000000000000000000000000000CD
:105FD40000000000000000000000000000000000BD
:105FE40000000000000000000000000000000000AD
:105FF400000000000000000000000000000000009D
:10600400000000000000000000000000000000008C
:10601400000000000000000000000000000000007C
:10602400000000000000000000000000000000006C
:10603400000000000000000000000000000000005C
:10604400000000000000000000000000000000004C
:10605400000000000000000000000000000000003C
:10606400000000000000000000000000000000002C
:10607400000000000000000000000000000000001C
:10608400000000000000000000000000000000000C
:1060940000000000000000000000000000000000FC
:1060A40000000000000000000000000000000000EC
:1060B40000000000000000000000000000000000DC
:1060C40000000000000000000000000000000000CC
:1060D400000000006F970201A99E01010F970201C1
:1060E400619B0101000000000000000000000000AE
:1060F40000000000B806002197B102019DB1020121
:106104009FB10201C9B10201A3B10201D3B10201DD
:10611400A9B10201DFB10201AFB10201E5B102018F
:10612400B1B10201BFB10201C3B10201B5B10201B3
:10613400BBB10201CFB10201D9B102013454030150
:1061440001000000A257030100000000A5B20201F3
:10615400DDB202010000000000000000572A030124
:10616400010000000000072000000100BC4E0301F4
:1061740001000000BC4E030100000000020000000A
:106184000000000000000000000200000000000009
:106194008D3103010000000000000000E44E030103
:1061A400FFFF0000FFFF000000F0004100000000BE
:1061B40000E0FFFF3F00000000E0FFFF3F000000A1
:1061C40000000000000000000000000000000000CB
:1061D40000000000000000000000000000000000BB
:1061E40000000000000000000000000000000000AB
:1061F400000000000000000000000000000000009B
:10620400000000000000000000000000000000008A
:10621400000000000000000000000000000000007A
:10622400000000000000000000000000000000006A
:1062340008000000FF000000000000000300000050
:1062440000000000C957030100000000F1FC020136
:10625400000000000000000000000000000000003A
:10626400000000000000000000000000000000002A
:08627400300800213008002170
:10627C000000000000000000000000000000000012
:10628C0000000000009E0021002000000000000023
:04629C0000000000FE
:1062A0005C0800215C0800210000000000000000E4
:0462B0000E000000DC
:1062B40070080021700800210000000001000000A7
:0862C400800800218008002180
:1062CC000000000000000000900800219008002150
:1062DC009808002198080021000000000000000030
:1062EC00A8080021A8080021B0080021B00800214E
:1062FC000000000000000000C0080021C0080021C0
:10630C00C8080021C8080021070007000100000090
:10631C00000000000055030100C000210000000037
:10632C0000000000EC080021EC080021F40800211A
:10633C00F40800210A000A0001000000000000001F
:10634C0010550301E4CA0021000000000000000009
:10635C001809002118090021200900212009002119
:10636C00010001000100000000000000F0540301D6
:10637C0004BF0021000000000000000044090021BF
:10638C00440900214C0900214C0900210A000A0093
:10639C000100000000000000205503014CD6002134
:0463AC0015E015E003
:040000050102BFC96C
:00000001FF
