:020000040100F9
:10000000E8950021C5C10201A3320301B1C102017B
:10001000B1C10201B1C10201B1C102010000000081
:1000200000000000000000000000000071C3020199
:10003000B1C102010000000031C30201B1C10201DF
:10004000F5C40201F5C40201F5C40201F5C40201C0
:10005000F5C40201F5C40201F5C40201F5C40201B0
:100060008D390301F5C40201F5C40201F5C4020192
:100070003F390301F5C40201F5C40201F5C40201D0
:10008000F5C4020173390301F5C40201F5C402018C
:10009000F5C40201F5C40201F5C40201F5C4020170
:1000A000F5C40201F5C40201F5C40201F5C4020160
:1000B000F5C40201F5C402012DE9F00791E8F80743
:1000C000B2E802105B1854EB0C04B2E802104D4188
:1000D00056EB0C06B2E802104F4158EB0C08B2E8A0
:1000E000021059EB01095AEB0C0A80E8F80780412D
:1000F0000130BDE8F00770472DE9F00791E8F807F7
:10010000B2E802105B1A74EB0C04B2E802108D41E5
:1001100076EB0C06B2E802108F4178EB0C08B2E8DF
:10012000021079EB01097AEB0C0A80E8F8078041AC
:100130004042BDE8F00770472DE9F007524290E8D1
:100140007800B1E880071740DB1918EA020854EB81
:10015000080419EA020955EB09051AEA020A56EBE6
:100160000A0678C090E87800B1E8800717407B4124
:1001700018EA020854EB080419EA020955EB0905CC
:100180001AEA020A56EB0A0678C080410130BDE83F
:10019000F00770472DE9F007524290E87800B1E887
:1001A00080071740DB1B18EA020874EB080419EA01
:1001B000020975EB09051AEA020A76EB0A0678C00D
:1001C00090E87800B1E880071740BB4118EA0208C0
:1001D00074EB080419EA020975EB09051AEA020A28
:1001E00076EB0A0678C080414042BDE8F0077047D0
:1001F0002DE9F00152424FF0040890E8300091E8F8
:10020000C000A31B1340E41AF618EB1B1340ED1AB1
:10021000FF1830C0C0C1B8F10108EED1BDE8F0014F
:10022000704700BF00B592E8DC072DE9DC07B1E8B4
:10023000805702B4A7FB02510A95A8FB020B0918CC
:100240000020E7FB03105BEB000B00204041E9FBC3
:1002500002B00B91A8FB0351401800214941EAFB71
:1002600002011BEB050B0025E7FB04B568410025E7
:10027000E7FB0605694100256D41E8FB0615CDF851
:1002800030B0A9FB03B689190026EAFB03167541B5
:1002900000267641ECFB035610EB0B005FF0000BE1
:1002A000E8FB040B51EB0B015FF0000BE9FB041BB7
:1002B00055EB0B055FF0000BEAFB045B56EB0B06FE
:1002C0005FF0000B5BEB0B0BECFB046B0D90ACFBDE
:1002D0000230059C2D180020EEFB02504641002004
:1002E000E9FB04605BEB000B00204041EAFB04B03B
:1002F0005B180021E7FB04314D410021E8FB04516C
:10030000069C4E410021E8FB04615BEB010B0021E0
:10031000E9FB04B1484100214941EAFB04010E9385
:10032000A7FB0432079CB6180022E7FB04625BEBD4
:10033000020B0022E8FB04B250410022E9FB040258
:10034000514100225241EAFB0412049CED180023A3
:10035000E9FB04535E410023EAFB0463089C5BEB6A
:10036000030B0023E7FB04B358410023E8FB04031D
:1003700059410023E9FB04135A4100235B41EAFB86
:1003800004230F955DF8049B99E80006DDF80080D2
:10039000A9FB08541BEB040B0024EAFB08B4DDF8AE
:1003A000108060410024ECFB080461410024EEFB56
:1003B000081462410024E9FB0824634100246441DD
:1003C000EAFB0834DDF8048076190025EEFB0865A9
:1003D0005BEB050B0025E9FB08B568410025EAFB4E
:1003E0000805DDF8148069410025ECFB08156A4119
:1003F0000025EEFB08256B410025E9FB08356C4123
:1004000000256D41EAFB08450F96DDF80880AEFB3C
:10041000087680190026E9FB080671410026EAFBF0
:100420000816DDF8188072410026ECFB082673419F
:100430000026EEFB083674410026E9FB08467541AC
:1004400000267641EAFB0856DDF80C801BEB070B13
:100450000027ECFB08B778410027EEFB080779413D
:100460000027E9FB08177A410027EAFB0827DDF897
:100470001C807B410027ECFB08377C410027EEFB0A
:1004800008477D410027E9FB08577E4100277F414F
:10049000EAFB086708B000BD2DE9F14F87B0FFF710
:1004A000C1FEDDF81C8008F1200888E8FF00FFBCD1
:1004B00087E87F08BDE8F08F00B591E84C57A2FBB4
:1004C00002410194A2FB034524190020E2FB0650DF
:1004D0006D417F41641802940021E2FB0801A3FBF7
:1004E000034B654103950024E3FB060440417F4133
:1004F000091900246441E2FB0914FF0750EB0B00CB
:1005000004900025E2FB0A455FF0000BE3FB081BAB
:1005100049415FEA370714EB0B045FF0000BE3FB84
:10052000094B55EB0B055FF0000B5BEB0B0BE2FB94
:100530000C5BFF0F0020E2FB0EB000225141E6FBF6
:10054000061205910021E6FB084164417F416D18C8
:100550000021E3FB0A515BEB010B0021E3FB0CB133
:10056000484100214941E3FB0E010023E6FB09530A
:100570001BEB030B0023E6FB0AB358410023E6FB09
:100580000C03594100235B41E6FB0E13FF07544166
:1005900006946D417F41A8FB08265541079500222E
:1005A000E8FB09B25BEB0B0B7F4180180022E8FBF4
:1005B0000A0251410022E8FB0C125A4100235B4120
:1005C000E8FB0E230024E9FB0E340025E9FB0A15A5
:1005D00052190025E9FB0C256B410025EAFB0C357F
:1005E0006C4100256D41EAFB0E45FF075BEB060BF6
:1005F0000026ECFB0E564041494152415B416441AB
:100600006D417641AEFB0EE848F100087F00A9FB82
:100610000979784151EB0901AAFB0A7A7A4153EB37
:100620000A03ACFB0C7C7C4155EB0C0556EB0E062B
:1006300048F1000700BD00BF2DE9F14F87B0FFF77B
:100640003BFFDDF81C8008F1200888E8FF00FFBCB4
:1006500087E87F08BDE8F08F30B44FF0000310F852
:10066000014B11F8015B013A84EA050443EA0403F3
:10067000F5D1A3F101034FEAD37030BC704700BF3E
:100680004FF0000310F8012B013943EA0203F9D1BE
:10069000A3F101034FEAD370704700BF30B411F8E3
:1006A000014B12F8015B6C4000F8014B013BF6D1A5
:1006B00030BC70472DE9F00791E8F807B2E8021066
:1006C0005B1854EB0C04B2E802104D4156EB0C06DB
:1006D000B2E802104F4158EB0C08B2E8021059EB97
:1006E00001095AEB0C0A8941B3F1FF3374F1FF346D
:1006F00075F1FF3576F1000677F1000778F1000813
:1007000079F101097AF1FF3A51F100015B184C418E
:100710004D4156F1000657F1000758F1000859EB1A
:10072000D1795AEB010A80E8F807BDE8F007704775
:100730002DE9F00791E8F807B2E802105B1A74EBB4
:100740000C04B2E802108D4176EB0C06B2E8021000
:100750008F4178EB0C08B2E8021079EB01097AEBD3
:100760000C0A89415B184C414D4156F1000657F186
:10077000000758F1000859EBD1795AEB010A80E8DB
:10078000F807BDE8F007704718EB040859EB0509B6
:100790005AEB060A5BEB070B5FF0000C4CF1000C08
:1007A00018EB050859EB06095AEB070A5BEB070B38
:1007B00050EB0C005FF0000C51EB0C0152EB0C0203
:1007C00063414CF1000CB8EB070879F100097AF1AC
:1007D000000A7BEB040BA841B141A241B3416CF18B
:1007E000000CBBEB050BB041B941AA41BB416CF118
:1007F000000C4CF001068CF0020718EB060859EBD0
:100800006C095AEB6C0A7BEB6C0B70EB6C0471EBB4
:100810006C0572EB670653EB6C076CEB6C0C18EB1A
:100820000C0059EB0C015AEB0C025BF1000354F184
:10083000000455F1000556EBDC7657EB0C077047CA
:100840002DE9F14F87B0FFF7EDFCDDF81080DDF802
:100850001490DDF818A0FFF797FFBDE8000FFFF731
:1008600093FF03B05DF8048B88E8FF00BDE8F08FCC
:100870002DE9F14F87B0FFF71FFEDDF81080DDF89E
:100880001490DDF818A0FFF77FFFBDE8000FFFF719
:100890007BFF03B05DF8048B88E8FF00BDE8F08FB4
:1008A0001FB50B4B01A901934FF4B473ADF8083099
:1008B00008238DF80A30837803208DF80B30FF234E
:1008C0008DF80C3001F084F805B05DF804FB00BF32
:1008D000DF8902011FB50B4B01A901934FF442734D
:1008E000ADF8083008238DF80A30437802208DF8DF
:1008F0000B3000238DF80C3001F06AF805B05DF87C
:1009000004FB00BF978E02011FB5002301A901203F
:1009100003930193084B0293084B1B78002B14BFE1
:10092000022301238DF80B30FF238DF80C3001F0EA
:100930004FF805B05DF804FB400108009009002164
:100940001FB50A4B01A901934FF42673ADF8083087
:1009500008238DF80A30037800208DF80B308DF8CD
:100960000C0001F035F805B05DF804FB3F91020181
:100970001FB50A4B01A901939023ADF80830082355
:100980008DF80A30C37804208DF80B30FF238DF8E2
:100990000C3001F01DF805B05DF804FB5392020124
:1009A0001FB50A4B01A90193A823ADF8083008230D
:1009B0008DF80A30037905208DF80B3001238DF86E
:1009C0000C3001F005F805B05DF804FBB99F01019A
:1009D0001FB50B4B01A901934FF40873ADF8083014
:1009E00008238DF80A30837D09208DF80B30002311
:1009F0008DF80C3000F0ECFF05B05DF804FB00BF93
:100A000049B500011FB50A4B01A9427D0193782326
:100A10008DF80B200222ADF8083008238DF80C2049
:100A200018468DF80A3000F0D3FF05B05DF804FBDE
:100A300099BB00011FB5002301A901930393054B46
:100A40000293037E0B208DF80B3000F0C1FF05B040
:100A50005DF804FB080108001FB50B4B01A90193C9
:100A60004FF48C73ADF8083008238DF80A30C37D3D
:100A70000A208DF80B30FF238DF80C3000F0A8FF12
:100A800005B05DF804FB00BFDD9D02011FB500232A
:100A900001A901930393054B0293437E0C208DF82B
:100AA0000B3000F095FF05B05DF804FB080108006D
:100AB0001FB50023427801A903930193074B0293CA
:100AC00003780F2013448DF80B30FF238DF80C3082
:100AD00000F07EFF05B05DF804FB00BF8800080051
:100AE0001FB572B6194B5D68E5B9BFF34F8F184952
:100AF000184BCA6802F4E0621343CB60BFF34F8F18
:100B000000BFFDE7B4FBF6F4D3B20132002CF9D1FB
:100B100003F110026A4402F80C4C0A2233B901A80E
:100B2000A847E2E7044600220A26EDE7013BDBB2D4
:100B300003F110040DEB0406B0FBF2F402FB140009
:100B4000303006F80C0C2046E8E700BF9009002181
:100B500000ED00E00400FA0513B5114C6846237C53
:100B60008DF80130E37B8DF80030A37BADF80430C5
:100B7000637BADF8023010F025F918B1DD210320B8
:100B8000FFF7AEFFA07E10F089F908B1E021F6E78B
:100B9000607E10F07DF908B1E121F0E702B010BDF0
:100BA000900900212DE9F34104460D4671B91C4B13
:100BB00093F82E3053B9012101A80193FFF7F2FFFA
:100BC00020B940F206210320FFF78AFF2368002D99
:100BD000144F4FF0000603F10703DFF84C800CBF01
:100BE0002046002023F00703236000F0C9FE57F8D9
:100BF000043B0BB1404698470136102EF7D100F068
:100C000037FF031E09DB206818440DB1002804DB00
:100C10002060012002B0BDE8F0810020FAE700BFAB
:100C20009009002150000021980900212DE9FF4181
:100C3000B0FA80F60546039003A876093146FFF71F
:100C4000B1FF20B96FF00B0004B0BDE8F0818F4C0C
:100C5000637A277AA17B607B1F44E27B0331237C8C
:100C6000033022F09AFD039B002D07FB00F103F1F6
:100C7000030308BF002023F0030318BF18460393A3
:100C800001F054F8039B0DB9C342DBD41844A37A96
:100C90000390C3B1E17D1944E37A1944FF29D1DC03
:100CA0000330002D628AC9B220F00300039008BF10
:100CB000002001F0ABF8031EC4DB039818440DB903
:100CC0000028BFDB0390724F7B68F3B1617CE1B118
:100CD00094F82F300398002B00F1070014BF402335
:100CE000252320F0070014BF4FF481722822002D25
:100CF000039008BF002006F001FF031EA2DB03984B
:100D000018440DB900289DDB0390217DC1B1A37A61
:100D10001BB97B68A3B1637C93B10398002D00F1EC
:100D2000070020F00700039008BF002013F0CEFB5F
:100D3000031E87DB039818440DB9002882DB03905B
:100D4000544B1B68B3B1217BA1B10398002D627D88
:100D500000F1030020F00300039008BF0020984733
:100D6000031EFFF66FAF0398184415B90028FFF66D
:100D700069AF0390484B1B68ABB1A17D99B1039853
:100D8000002D00F1030020F00300039008BF0020B5
:100D90009847031EFFF656AF0398184415B900286C
:100DA000FFF650AF03903D4BD3F80080B8F1000F31
:100DB00019D0E17DB9B10398002DA37E00F10300A5
:100DC000227E009320F00300637E039008BF002082
:100DD000C047031EFFF636AF0398184415B9002824
:100DE000FFF630AF0390FB69BBB1217BA9B103983B
:100DF000002D227F00F1030020F00300039008BFC4
:100E0000002001F075F9031EFFF61CAF039818448B
:100E100015B90028FFF616AF039094F82700C0B16B
:100E2000039A94F821300332A17F22F0070219447B
:100E3000334642F00402C9B2039201F09BF9031E4B
:100E4000FFF600AF0398184415B90028FFF6FAAE74
:100E5000039094F82810002975D0039F002D628D0F
:100E600007F1070708BF002027F0070718BF38461B
:100E7000039722F0F8FC031EFFF6E4AE0398184433
:100E800075B90028FFF6DEAE0AE000BF9009002128
:100E900050000021900000219800002194000021C2
:100EA00003901DB1618D38461DF030FA94F8221080
:100EB00000294AD094F82630002B46D00398002D04
:100EC000A28C00F1070002F1240220F0070092B288
:100ED000039008BF002022F0C6FC021EFFF6B2AE4F
:100EE000039F3A4415B9002AFFF6ACAE033294F8DA
:100EF0002030A17F22F0070294F8260019443346DF
:100F000042F00402C9B2039201F026F9031EFFF673
:100F100099AE0398184415B90028FFF693AE0390D4
:100F20003DB1A28C384694F82210083292B21DF0DE
:100F30006FFC236BA3B1039B05B123632833039399
:100F40004DB1002080E60F46ABE7002DF1D0002226
:100F500011461046EBE7002BFFF674AE039873E6DC
:100F6000002DEED1FAE700BF38B50546002844D081
:100F700021F028F810B94FF0FF3038BD2AF03CFAC4
:100F8000B0F5FA7FF7D81F4C1F486560002500F0C8
:100F9000D7FB402229461D4884F82E5021F036FC0C
:100FA0002622294604F10800257084F82F50256375
:100FB00021F02CFC1B2240F20113627340F21B3221
:100FC00023810123E28140F20232A37222821F2296
:100FD0002377F72362824FF40272A384FB23A28259
:100FE00044F6011263852283EFF3108472B601F098
:100FF000FBF82CB962B62046BFE76FF01500BCE7DE
:101000002846BAE790090021590B00015000002141
:1010100010B5002840F0AB80564C94F82E30032BCE
:1010200000F0A280A1B1002A70D00139142900F289
:101030009E80DFE801F00B1C1F2F575F783562653B
:10104000733B414E537D808E9195850013782372BA
:101050000020FFF7EBFD0028B7BF012302236FF04C
:101060000B0084F82E30A8BF84F82E3010BD137802
:101070006372EDE79378002B48D0D378002B45D0EE
:1010800013781A2B42D953781A2B3FD91368C4F816
:101090000D30DDE71378E27A934237D3A372D7E7B6
:1010A0001378A27A934231D8E372D1E71378A27A07
:1010B00093422BD8E375CBE713783BB35378013BCE
:1010C000DBB2F82B22D81388927823832A4B9A70AC
:1010D000BEE71078E07618F0C5FDB9E71378ABB13C
:1010E0002377B5E71378254A52680AB1012B0DD949
:1010F0006374ADE713886382AAE713782373A7E7C5
:101100001E491378C96921B9012B04D86FF0150065
:10111000ACE7002BFAD01378637599E71378082BA6
:10112000F4D8A37594E71388FF2BEFD823758FE7C6
:10113000137863778CE713780E2BE7D8A37787E7CC
:1011400013680F49C4F8223053684B6013890B8130
:101150007EE71378E3777BE7137884F8213077E72D
:10116000137884F8203073E74FF0FF307EE76FF09C
:101170002C007BE790090021A809002150000021E4
:10118000B2090021F8B50D46074660B359B311F016
:10119000070428D1154E96F82E30012B02D16FF09E
:1011A0000B00F8BD032B02D14FF0FF30F9E700F040
:1011B000FBF90028F8D02846FFF738FD0028EEDBC1
:1011C000384621F073F886F834001BF051FA96F88F
:1011D0003400316B11F0CCF8FFF7BEFC032320463E
:1011E00086F82E30DDE76FF01500DAE79009002170
:1011F00010B5084C94F82E30032B05D111F0D4F81B
:1012000094F8340021F06EF822F0CCFC002084F831
:101210002E0010BD9009002150B1074B03F11402BC
:1012200053F8041B934240F8041BF9D10020704787
:101230006FF01500704700BF185C0301074B10B535
:1012400093F82E4034B910F097FF054B054A20461D
:10125000DA6010BD4FF0FF30FBE700BF90090021BE
:1012600050000021A1080001074B10B593F82E4053
:1012700034B910F095FF054B054A20469A6010BD21
:101280004FF0FF30FBE700BF900900215000002124
:10129000D508000138B5094D95F82E405CB910F01D
:1012A000A1FF074B074A20465A60074A1A600123EC
:1012B00085F82F3038BD4FF0FF30FBE79009002153
:1012C000500000210909000141090001054B10B53A
:1012D00093F82E401CB924F0F4FE204610BD4FF0C8
:1012E000FF30FBE790090021054B10B593F82E4025
:1012F0001CB924F0E9FE204610BD4FF0FF30FBE79B
:1013000090090021054B10B593F82E401CB924F02C
:10131000DEFE204610BD4FF0FF30FBE790090021B4
:10132000054B10B593F82E401CB924F0D2FE204690
:1013300010BD4FF0FF30FBE790090021074B10B5BF
:1013400093F82E4034B910F069FF054B054A20464A
:101350001A6110BD4FF0FF30FBE700BF900900217C
:1013600050000021710900010A4B10B593F82E407E
:1013700064B910F06DFF084B084A20465A61084BCB
:10138000084A1A60084B094A1A6010BD4FF0FF3036
:10139000FBE700BF9009002150000021A1090001D6
:1013A0009000002151A70101980000216120000157
:1013B000054B10B593F82E401CB923F068FF20466A
:1013C00010BD4FF0FF30FBE790090021054B10B531
:1013D00093F82E401CB923F062FF204610BD4FF059
:1013E000FF30FBE790090021084B10B593F82E4021
:1013F00044B910F045FF064B064A20461A62064AD9
:101400005A6210BD4FF0FF30FBE700BF900900218A
:1014100050000021050A0001D1090001094B10B557
:1014200093F82E4054B910F049FF24F042FE064BC9
:10143000064A20461A62064A5A6210BD4FF0FF3033
:10144000FBE700BF9009002150000021050A0001C0
:10145000D1090001084B10B593F82E4044B910F0A3
:101460004BFF064B064A20469A62064ADA6210BDD6
:101470004FF0FF30FBE700BF900900215000002132
:10148000590A0001350A0001084B10B593F82E40A7
:1014900044B910F04FFF064B064A20469A62064AAE
:1014A0001A6310BD4FF0FF30FBE700BF9009002129
:1014B00050000021590A00018D0A0001074B10B5A8
:1014C00093F82E4034B910F06DFD054B054A2046C7
:1014D000DA6310BD4FF0FF30FBE700BF9009002139
:1014E00050000021B10A0001074B10B593F82E40BF
:1014F00034B910F06FFD054B054A2046DA6310BD84
:101500004FF0FF30FBE700BF9009002150000021A1
:10151000B10A0001074B10B593F82E4034B910F012
:1015200087FD054B054A2046DA6310BD4FF0FF30BA
:10153000FBE700BF9009002150000021B10A000123
:10154000074B10B593F82E4034B910F05BFD054BF6
:10155000054A2046DA6310BD4FF0FF30FBE700BFBD
:101560009009002150000021B10A000108B5064B86
:1015700093F82E30032B03D00EF0ACFA002008BDF8
:101580004FF0FF30FBE700BF900900210268002008
:10159000014B1A60704700BFC8090021014B1B684E
:1015A000184700BFC8090021024B1868003818BF4F
:1015B00001207047C809002173B5031D2D4D044655
:1015C0002B60284611F0A4FF0228064606D12949BF
:1015D000204621F0F6F9304602B070BD042842D111
:1015E0002B78092B0AD0252B1ED02946204621F026
:1015F00064FAB0F5817F2DD3722112E005213E20DF
:1016000021F0B2F90028F0D1EB7801A92A796846D7
:1016100043EA0223ADF8003021F0F1FD0028D0D0DC
:1016200053210820FFF75CFA1A213E2021F09CF993
:101630000028DAD16B68694601A8C3F30F23ADF81F
:10164000043011238DF8063021F03BFE0028B8D07D
:101650006521E6E70028B4D0A178207821F084F94C
:101660000028B8D1ADE70828B5D10249204621F0BD
:10167000E0F9B0E7CC090021074B4FF0FF3141F60C
:10168000FF72C3E9001205490022C1E900221F21AF
:10169000C3E90212704700BF00000021D00A0021F8
:1016A0003F280CD801380B4BC0F3421200F01F004A
:1016B00053F8223023FA00F000F001007047FF28B1
:1016C00006D04038044BC0F3421200F01F00EFE791
:1016D0000120704700000021D00A0021074B01467D
:1016E000006849681A4603C240F48C221A6041F02F
:1016F000107242F4FF625A60704700BF0000002180
:101700000246024B0068516803C37047D00A0021AB
:101710000246024B0068516803C37047080000216D
:101720000138064BC0F3421200F01F0003EB8203A6
:101730009B6823FA00F000F00100704700000021D0
:10174000014B1860704700BFD80A002110B5FFF7A1
:1017500093FF22F0E9FE034B04461B6803B1984750
:10176000204610BDD80A002138B5274B0446D3F8CF
:10177000A022D3F8A412013106D1D3F8A8324FF633
:10178000FF719BB28B423DD0D3073BD51E4DD5F8A0
:10179000A422D5F8A832C4F80120A4F80530C3F378
:1017A000072363F03F03A371D5F89032013323D0B0
:1017B000D5F8943201331FD0D5F8983201331BD0BD
:1017C000D5F89C32013317D0002010F065FF98B98E
:1017D000D5F89002D5F89412D5F89822D5F89C3215
:1017E000C4F80700C4F80B10C4F80F20C4F8133075
:1017F00001230020237038BD10220021E01D21F0BC
:1018000005F8F5E70023F4E70000FF0170B5274D68
:10181000102200210446D5F8A06220F0F7FF102224
:101820000021A01820F0F2FFD5F8803201330BD14F
:10183000D5F88432013307D1D5F88832013303D18A
:10184000D5F88C3201330BD0D5F88002D5F884124C
:10185000D5F88822D5F88C3220616161A261E361FC
:10186000002010F019FF08B9F3071CD40F4BD3F870
:10187000902201320BD1D3F89422013207D1D3F850
:101880009822013203D1D3F89C2201320BD0D3F835
:101890009002D3F89412D3F89822D3F89C322060A7
:1018A0006160A260E360002070BD00BF0000FF0126
:1018B00070B50C88C27CA6B2C4F30E04931C0588D4
:1018C00004F114021D44825AADB21A4443882A44DA
:1018D000013AB2FBF5F202FB054292B29342044B8D
:1018E0008BBF3340B34313439BB20B8070BD00BF2B
:1018F0000080FFFF4A1E062A08B50346084604D8A2
:101900004FF4D1711520FFF7EBF8094A914202D943
:1019100040F2A311F6E711B903B1196008BD2BB16C
:101920001B680022C3E901211A1D1A600430F5E783
:10193000FAFFFF7F10B5114B00EB41041A78638961
:10194000B3FBF2F303FB0223013A1A44B2F5706FC2
:10195000027928BF00231A448378B2FBF3F01944BC
:1019600003FB1020091AB1FBF3F003FB101313441F
:101970006FEA43436FEA5343638110BDDC0A0021E1
:10198000124B10B5E0B15A78022A04D040F22B1164
:101990001720FFF7A5F803225A70026812F007011A
:1019A00002D04FF49871F3E75C685A602244BDE8B6
:1019B0001040026003F10C009A60402220F026BF24
:1019C0000122C3E901005A7010BD00BFDC0A0021EA
:1019D0002DE9F041254E96F801E00EF0FD0CBCF12A
:1019E000010F04D040F245111720FFF779F891F864
:1019F0000680B8F1080F02D940F24711F4E7CF7919
:101A000097B345467B1D7268022D4FEA430402EBF3
:101A1000430338BF02256A1E6D421344C8F1000219
:101A20002B408D884544013D2A40B2F5803F02D3CA
:101A30004FF4A971D8E7BEF1030F12D106EB800075
:101A40001C1BC56815B140F25711CDE7C460A770E3
:101A5000228084F803C0087A09682071080C21816B
:101A6000E08007FB02337360BDE8F081DC0A0021EF
:101A70002DE9F047364C6378012B65D0032B04D059
:101A800040F267111720FFF72BF8D4E901329A4290
:101A900002D04FF4B571F5E7002325460F221E460C
:101AA000994605F80C3B55F82200013A58B190F8D8
:101AB00004808178B8F1FF0F2FD180F804908E4216
:101AC0003CBFCEB20123511CEDD103B126700F26CD
:101AD00040F6FF6955F826709FBB013EFAD20423F9
:101AE00000206370BDE8F08755F82CE0BEF1000FD0
:101AF00006D09EF804A0C24504BF9EF802E07744D9
:101B00000CF1FF3CBCF1000FEEDA3944FF2907D994
:101B100003B126704FF48371B4E794460027F1E7D0
:101B20000771CCE707EB410308F101083846A3F839
:101B30000A90FFF7FFFE5FFA88F1BB788B42F1D87D
:101B4000CBE74FF00008F6E7022360686370C9E74F
:101B5000DC0A0021034B03EB8003D86800B18078D6
:101B6000704700BFDC0A0021F8B54FF6FF73054649
:101B70000380184B03EB8103D868B8B186780379EA
:101B8000B3FBF6F206FB1233DBB219460A1D00EB7B
:101B90004202B2F902705488002F09DB0131B1FB17
:101BA000F6F206FB1211C9B28B42EFD10020F8BD4C
:101BB000FF29FBD0C4F30E03C4782B8024B94FF463
:101BC000D9711720FEF78CFF5380BDE8F84021F053
:101BD0009FBD00BFDC0A00211D4B03EB810370B5E4
:101BE000DC68054644B3030404D54FF4E0711720C4
:101BF000FEF776FF0146204621F06DFDFF280146E5
:101C000004D02046BDE8704021F082BDA078B5FB2D
:101C1000F0F300FB1353DBB219460A1D04EB420636
:101C2000B6F90260002E09DB0131B1FBF0F200FBD6
:101C30001211C9B28B42F0D1002070BDFF29FBD038
:101C40008B4204EB42021CBF0023E3705580D8E7AF
:101C5000DC0A0021094B03EB8103014610B5DC6867
:101C6000204621F038FDFF28014604D02046BDE87B
:101C7000104021F04DBD002010BD00BFDC0A002146
:101C8000F8B5104B074603EB81030146DC6820469C
:101C900021F021FDFF28054611D0E688238953EA6B
:101CA000064606D00146204621F032FD0146384660
:101CB000B04720462946FFF73DFE0020F8BD05202D
:101CC000FCE700BFDC0A002138B50E4B04468279E0
:101CD00003EB8203D86808B9052038BD8278E17922
:101CE0009142F9D24B1CE37100EB41035D89B3F9DA
:101CF0000A30002BF3DBA58021F00AFD20600020D4
:101D0000EBE700BFDC0A002108B5074B03EB8103BA
:101D10000146D86821F0DFFCFF2804D140F22621DB
:101D20001720FEF7DDFE08BDDC0A002170B5044671
:101D300010F003000E4603D04F211820FEF7D0FE0E
:101D4000FFF7D8FD054624B1034831460460FFF78C
:101D5000D1FD284670BD00BF280B00212DE9F14FB1
:101D6000DFF870B01E4607460D46DBF8003090469F
:101D70009DF828A09DF82C901BB961211820FEF732
:101D8000AFFE52460921404621F015FB4A4684B277
:101D90000921304621F00FFB81B2DBF8000021441D
:101DA00021F06EFC386018B9286001B0BDE8F08FF2
:101DB00004445346414609222C60386821F0A7FAB2
:101DC0004B4609223146286801B0BDE8F04F21F0AA
:101DD0009EBA00BF280B002170B50E46044621F0C4
:101DE000FDFA0546304621F0F9FA044B2A1821463F
:101DF0001868BDE8704021F067BC00BF280B0021C7
:101E0000014B186821F030BC280B00211F2AF8B5BF
:101E1000044613460ED89200033222F00303B3F5B2
:101E2000803F2DD2184DACB1A00710D05F21092002
:101E3000FEF756FEFF2B4FEA420204D9FF339A42C7
:101E4000A8BF1A46E8E77C2AB8BF7C22E4E72970DD
:101E50006C602B8122F0030228230127120403FB6C
:101E600001F06B680025120CEEB28E4200D3F8BD73
:101E700014B126181F705E60104401352833F3E753
:101E80004FF0FF30F3E700BF2C0B0021144A002174
:101E900038B553681478C8B2844203D8AB210920FE
:101EA000FEF71EFE1846013128330578002DF2D0CA
:101EB00000218170012412898161051D44709208FE
:101EC000C16100F12001446821F8022B994245F8D4
:101ED000044B1444F8D100234361037038BD00BFA4
:101EE0002C0B00210A4B1B89B3F5FF7F4FEA9300AF
:101EF00006D25A089B1A9BB2984238BF18467047C0
:101F0000B3F5EE6F01D8FF22F4E740F27263F3E716
:101F10002C0B00212DE9F8434B7880460C4602F04B
:101F2000040602F0FB07D3B1DFB12E4BD4F80490C6
:101F30001D89B7BB0123AD084A46211D637004F11A
:101F4000280004F12003A761E76123F8025B9842AF
:101F500041F8042B2A44F8D10023636101E0002FEB
:101F6000E3D0FF23A370002E18BF0226A3191B7D08
:101F7000032B03D1022F1CBF0136F6B2A319012295
:101F80001A7506F10C02002304EB860624F81230C1
:101F90007268A3704046C8F80020A8F80430BDE875
:101FA000F883002114226170A01820F02FFCB5F5F1
:101FB000FF7F0FD26B08ED1AADB209EB0502C4F832
:101FC00004902584A2606384C4F80C90A5842261E7
:101FD000E384C6E7B5F5EE6F4FF0FF03EBD940F2AF
:101FE0007265EAE72C0B0021F7B5D2000B684000C0
:101FF000002502F07802CDF8013000F006008B8851
:102000000243ADF805300D4B42F001021E785F68C7
:102010008DF80020EBB29E4201D800240AE0C5EB07
:10202000C5040722694601353C44204620F012FBD6
:102030000028EFD1204603B0F0BD00BF380B0021CF
:10204000014B1878704700BF380B0021034B00216B
:102050001A785868C2EBC20220F0D8BB380B0021B6
:1020600010B50C4650B1830703D020214120FEF764
:1020700037FD044B58601970FFF7E8FFC4EBC4004C
:1020800010BD00BF380B0021F8B504460D461646BA
:10209000FFF7AAFF034630BB144A92F800C0576806
:1020A000DAB2944501D807201CE0C3EBC302013328
:1020B000B85CB918024610F00100F1D1630022F0BB
:1020C0007F02F60003F0060306F0780643F00103F2
:1020D000334313430A4602F8013B2B68C1F8013031
:1020E000AB889380F8BD1220FCE700BF380B0021BD
:1020F0002DE9F84305460C46F7200521914621F0CD
:102100005AF9061E22DB1DB906FB04F0BDE8F88370
:1021100015F0030703D098211920FEF7E1FCDFF842
:102120003480C8F81050A5B2A8F81460BBB29D4224
:10213000EAD9B8F814C04B46D8F810000522F721A8
:1021400007FB0C00013721F0E2F8EFE74FF0FF301A
:10215000DCE700BF400B002107B5CDE900230B46AB
:1021600003490246081D21F0CBFC03B05DF804FBD7
:10217000580B002113B5064CCDE900230B4602464F
:1021800004F1080104F10C0021F0BAFC02B010BD0A
:10219000580B0021024B0146186821F0A3BC00BF78
:1021A000580B0021024BD3E9002121F0CFBC00BF26
:1021B000580B0021034B1B28D3E9022138BF1B20F9
:1021C00021F0C4BC580B0021024B0146D3E900208A
:1021D00021F07ABA580B0021024B0146D3E90220C4
:1021E00021F072BA580B0021144B012200214FF04C
:1021F000FF309A60C3F80012C3F80803C3F8001553
:10220000C3F804259A60C3F808034FF48040C3F86C
:102210000015C3F8042503F5805341F6F872084908
:10222000C3F80825C1F88000BFF34F8FBFF36F8F4D
:10223000C1F88001C3F80825704700BF00E00041E5
:1022400000E100E08C463022064B00B50CF8032B71
:102250008E4607CBCEF80300CCF80410CCF808204B
:102260005DF804FB740B002110B5154C1BF054FAFB
:102270001AF0A8FB0021636A608C9847237E9BB903
:10228000104B628C93E8030012F0AAF9E36A1888F5
:1022900012F0D0F8636B94F8301094F8310098473E
:1022A000002384F8383010BD94E8070004F10C03D3
:1022B00083E80700044904F1190025F09EFBDFE7DD
:1022C000680B0021900B002145220001034B93F87D
:1022D000383003B97047FFF7C7BF00BF680B002154
:1022E00040F21F41062008B5FEF7FAFB08B5094B7E
:1022F00093F83820022A07D1DA7A42F00102DA7222
:10230000BDE80840FFF7B0BF40F253212720FEF799
:10231000E7FB00BF680B002138B5454D044695F832
:1023200028300BB1C2070ED4012913D82B6C2046DC
:10233000984778B195F8300060B995F828305BB9C6
:1023400014BB204638BD6B8F1B07EDD5EB6BDB78DC
:10235000022BE9D1012038BD002CF3D195F854208F
:10236000D20617D42046D5E912321B781B11002A59
:1023700047D003F001036A8F94073ED5EB6BD87802
:10238000023818BF012038BD95F85420D106C2F399
:1023900000101CD5E96B0A7802F00302032A02D16F
:1023A000CA78022A41D0686C21F0C1F8002839D1DE
:1023B000EB6B1B7803F00303032B33D010F02EF9E3
:1023C00080F0010095F82830C0B2002BCBD1AB6C67
:1023D000E96A1B78EA6C91F8F2101B11CAB103F09C
:1023E00001036A8F002AB5D1002918BF43F0010309
:1023F000184380F00100C0B238BDE96A91F8F210CC
:10240000F0E7B5F85020002A14BF002303F00103C1
:10241000B1E7B5F850406A8F002C14BF002303F0D9
:102420000103DFE795F82830CFE70020CDE700BFB4
:10243000680B0021F8B5234C0646E56AA36C95F8B5
:10244000A42005F1900794F85C00A3650AB1031D70
:10245000D8B2FF2895F87D1004D11EB995F87C30CC
:10246000994202D01AF096FC3A7D22B3206E1BF0FE
:1024700067FA94F82830216E003BA06D18BF012345
:1024800084F88030D7E91E23C4E91E231AF038FAF5
:1024900046B995F87D30033B012B94BF28200020DE
:1024A0001BF0B4FA95F87C1000201BF0A3FB02236C
:1024B00084F83830F8BDA06D1BF042FA1AF082FAA9
:1024C000E6E700BF680B00212DE9F041394C82B0EE
:1024D00006460F4694F83830E56A012B5FFA83F818
:1024E00005F190055ED12B796BB1638F002104203B
:1024F00043F0040329716387636A984794F828308E
:102500000BB185F80680E16B0B7803F00303032B16
:1025100031D04B7863B30223AB722B7DDBB194F8DF
:102520002830003B18BF012384F88030D5E91E23F2
:10253000C4E91E23E36A94F85C2093F87D30013BE4
:10254000DBB2032B33D81C490020CB5C0090012068
:102550001A491AF06BF9012F05D126B931463046D8
:10256000FFF7DAFEC8B102B0BDE8F041FFF77CBE6C
:102570000123AB72D1E7AB7A63B9638F022043F0DA
:1025800002036387636A9847E16B0B7803F00303E8
:10259000032BBED10323AB72BFE702B0BDE8F0410D
:1025A000FFF748BF40F2B3412720FEF799FAFFF743
:1025B00097FE00BF680B00213C520301D00B0021A5
:1025C00070B5894C002382B0E56A8DF8053095F826
:1025D000A42005F1900694F85C300AB10433DBB214
:1025E000FF2B11D180B995F87D3095F87C108B4286
:1025F00002D0FF201AF0CEFBB37A032B00F2EE805C
:10260000DFE803F0051F8B7B95F87C10F1E794F869
:10261000C2307648ADF80630A5F86C300FF0D8FF20
:10262000002840F0A4800DF105020DF10601606C58
:1026300020F0FCFEE06320B196F85130002B00F052
:10264000AF806B4B1846E363F37ADB0003F00802BC
:10265000037803F0F3031343327B920002F0040289
:10266000134303F003020370032A03D1C278022A42
:1026700000F09480606C20F05AFF0246E06B037813
:10268000002A5CD103F00301032907D00FF0C6FF35
:102690000246E06B82F001020378D2B296F8621033
:1026A00003F0EF030139012971D9002A6FD10370BA
:1026B000F37C13B14378002B46D11BF041F91AF09B
:1026C00081F9E66B11F00CF820B1337803F00303C5
:1026D000032B5FD095F87D1001201BF08BFAE26B85
:1026E000012344491088927884F8C430A4F8540037
:1026F00084F838308A7002B070BD3C480FF068FF33
:10270000002861D0E06BC3781B2B14D1012105F1A7
:1027100010001AF06FFBE06B0DE0B5F86C300DF1B6
:1027200005020DF10601606CADF8063020F07EFE6A
:10273000E06300284DD0012384F8C33084E723F000
:10274000100343F01003B2E7206E1BF0F9F894F881
:102750002810206ED6E91C23B1FA81F6E16B7609C8
:10276000C4E91E2384F880601AF0CAF8A9E7638FD1
:102770004FF48070E16B43F48073626A6387904723
:102780000121E06B7171C3781B2BD4D1BFE743F0FB
:1027900010038CE701201CF097FE9BE700227DE7E9
:1027A0009DF8053043B1BDF8061025F0EAF8012385
:1027B000E06B84F8C33047E7038001218370E06B4E
:1027C00024F060FEE06BEEE740F2FD212720FEF7EB
:1027D00087F940F2F3212720FEF782F940F20B310E
:1027E0002720FEF77DF900BF680B0021A40B002114
:1027F000F80B0021BC0B00210D4B0E4A70B50E4C9E
:102800001A6094F838301BB1E1212720FEF768F9EF
:1028100003F0FF0206460D46227611F0D9FE012193
:1028200004F1900024F02EFEA664256670BD00BF62
:102830009C00002148310001680B0021074A10B5B7
:1028400092F8383013B10C24204610BD03F0FF0479
:10285000147611F0BDFE204610BD00BF680B0021AC
:10286000024B012283F8C520704700BF680B00218E
:102870002DE9F04184B0BC4C02AD85E8030094F82A
:1028800038100A98002940F0A081002B18BF002AB8
:1028900000F09B81B0FA80F14909002800F0958191
:1028A000236404F12803606384F8C51084F83010B1
:1028B00084F8C61084F8311084F8C41084F8C3106A
:1028C00061876184626295E8030083E80300E56A3A
:1028D0001AF0C4FA1AF076F895F9800005F190061E
:1028E0001AF0C8FBA86B1BF00FF8286A1AF0C8FB97
:1028F00096F824001AF0CEFB94F82870EA6941F6A5
:102900004B53002F00F0B6809A4200F228814D20F0
:102910001AF096F901201AF027FD732195F87D2011
:1029200001201AF043FD914B18681AF0F3FFD5E926
:1029300005236264C4F8C83095F88B303BB9D5F8EC
:10294000843023B1F18F32898A4200F02881D6F891
:102950008410D6F88C30864FD6F88000D6F88820C0
:102960000FC7D6F8903094F82810C4F88130D6F804
:102970009430C7F80D30002940F0BB80E36A93F82B
:102980009E20263A012A40F2848093F89F20262A2E
:102990007FD093F87C70032F08BF042705F144080B
:1029A0003946404625F098F8394624F02EF9B5F816
:1029B0005030024695F87D104046934228BF13469A
:1029C00084F8C23025F055F895F87D1096F81480FB
:1029D0000429B5F8587008BF032124F016F9B8F19E
:1029E000000F01D1043080B2B84228BF3846C7B2C8
:1029F00084F8CC7010F074FE10B12B2F38BF2B2749
:102A000094F8280084F85C70002857D1F37CDBB17F
:102A1000012395F87C1084F880300139D6E91C2315
:102A2000C9B2C4E91E23EA6941F64B539A4298BFE2
:102A30000420032900F2CE8000224E4B0092FB229C
:102A40005B5C4B4919F0F2FE0120FFF7B9FD002352
:102A500096F82400C4E90033A360D5F88C302A88A6
:102A600031892071618022800BB101221A6004B08B
:102A7000BDE8F0819A427FD84D201AF0E1F838463F
:102A80001AF072FC7D2195F87C2000201AF08EFC53
:102A900049E793F87C7093F84232002B3FF47EAF05
:102AA000FA1E012A40F28880DA1E012A40F2848050
:102AB000012F72D0012B70D002276FE7337DA3B1B5
:102AC00095F87D100120013984F88000C9B2D6E95B
:102AD0001E230329C4E91E237CD8264B3A465B5C9F
:102AE00000210091224919F0A1FE0120FFF7A2FC6C
:102AF000ADE7E26A92F89E30A3F12600012827D9BB
:102B000092F89F70262F23D0A3F1210013460128AD
:102B100001D8242F4AD100293FF43BAF242F7FF462
:102B200038AF92F84E3192F87C7092F875201340CD
:102B30005A0741D413F0010240D19B077FF52EAF15
:102B4000FB1EDBB2012B37D9012F18BF022725E767
:102B500092F8D63292F87C70002BA1D11EE7962015
:102B60001AF06EF89C21D9E6680B00219C00002128
:102B7000D00B00213C52030196201AF061F8164B4D
:102B800095F87C2003EB42039988144B01F5FA7108
:102B9000A3FB013189097D3177E70127FEE6B5F80E
:102BA00088100A44F28701221A60D0E692F84E316A
:102BB00092F87C705907BDD50427EFE6FB1EDBB207
:102BC000012B8CBF17460427E8E640F26F1127203F
:102BD000FDF786FFFFF784FB3C520301D34D6210E3
:102BE00008B5124B93F8382092B193F8282022B9F7
:102BF00093F83830012B14D108BD93F83820022AFD
:102C00000AD1DB6AD3F81802BDE808401AF0D0BE3A
:102C1000BDE80840FFF728BB40F235212720FDF72B
:102C20005FFF40F231212720FDF75AFF680B00219A
:102C3000FFF71ABB014B1876704700BF680B0021E5
:102C4000014B93F8C4007047680B0021034B93F8C5
:102C5000C30010B9588CC0F300307047680B0021D6
:102C6000024B588CC0F3C020704700BF680B002196
:102C7000014B93F8C6007047680B00212DE9F04125
:102C80001E4F820782B00546FC6A0E4604F190048E
:102C900011D4EB070CD5217BD4E91E32013342F16C
:102CA00000020129C4E91E320CBF00230123237353
:102CB00002B0BDE8F081FB6CDBB1B7F850201846DC
:102CC000B96D033291F801801FF02AFD0DF1020267
:102CD00001A9B865D7F8C80020F0BCFC019820F025
:102CE000A3FC012230604146D7F8C80020F069FCFF
:102CF000CFE740F2A4412720FDF7F2FE680B002148
:102D00002DE9F04F0023AA4C87B00746E56A8846B4
:102D1000CDE9043394F8383005F19006022B40F0E9
:102D20000182638C13F0400106D1636A402098470A
:102D3000638C43F040036384002F65D0337D002B08
:102D400040F00E81D4F858B09BF8013099B2A4F845
:102D50005010002940F01C810023E3649BF8009090
:102D6000638CF17AC9F3800243F400739142638467
:102D700000F0DD80E26A94F8280002F1900A9AF8E7
:102D80000A20EAB1022A00F0A28100218AF80A1082
:102D900020B19AF80630002B40F08F819AF8053068
:102DA000002B40F03B819AF80B30D4F858B0012B3F
:102DB0000CBF002301238AF80B30638C9BF8009032
:102DC00096F8622043F400634FF0000A022A6384FD
:102DD00000F0BF80012A02D1022286F86220317BF6
:102DE000C9F3C002914200F0EB804FF0000910F0EF
:102DF00077FCF0B19BF8003003F00303032B18D1EC
:102E000001201CF061FB14E0327D002A40F0A48018
:102E100043F480634FF00009638494F8C6300133B3
:102E200084F8C63095F87D30033B012B40F2838057
:102E3000CA46F37C03B394F8283095F87C10B3FAB3
:102E400083F3E86901395B09C9B284F8803041F63F
:102E50004B53984294BF042000200329D6E91C2339
:102E6000C4E91E2300F263810022524B0092FB2230
:102E70005B5C514919F0DAFCB8F1000F08D194F805
:102E8000C6100120FFF748FA0546002800F08880A8
:102E900001251AF0E9FEB9F1000F38D1BAF1000F9F
:102EA00008D094F82830002B4AD1B4F80930013307
:102EB000A4F8093087B3B4F805300022013384F850
:102EC000C620A4F805303D4811F0A2FA049830B1AC
:102ED00020F0AAFBE16A0022027210F057FB059B6A
:102EE00033B1E16A00221A720C22059810F02EFB11
:102EF000C5B9638C1B0607D4636A294680209847AE
:102F0000638C43F08003638407B0BDE8F08F05A9AC
:102F10000220FFF7B3FEC1E7B4F807300133A4F88D
:102F20000730D0E7FFF7A0F907B0BDE8F08FBA4649
:102F300096F862204EE70120CA461CF0C5FA78E7F1
:102F4000B4F80530B4F8071032890B431343B1D0FD
:102F5000ABE786F862A042E719F0B2FD638C57E751
:102F600019F074FD19F056FDD4F858B000287FF41C
:102F7000EBAE9BF8011000296DD09BF80030327B3E
:102F8000C3F3C0039A4200F0B58089B2A4F8501090
:102F9000D4F8C80020F0ECFAD4F858B0E064DDE6CC
:102FA000FFF70EFBB9F1000F3FF478AFAFE700BFBA
:102FB000680B00213C520301D00B0021900B002133
:102FC00009F00301E26A032902F1900223D143F4DC
:102FD000805301205946039263844FF00009638FA8
:102FE000107143F001036387636A9847D4F858B0BF
:102FF000039A137B013B18BF012313739BF8013025
:10300000002B3FF4F4AE936F01339367D36F43F11A
:103010000003D367EBE609BB8946EAE74FF00009F6
:103020008AF805900FF0E4FA002800F08280638FA0
:103030004946082043F008036387636A9847DAF833
:1030400070300133CAF87030DAF8743043F100039D
:10305000CAF87430A7E6A4F850107DE69BF801107A
:103060000029D9D043F4805392F8149003926384DA
:1030700019F000FE042894F8CC30039A07D1B9F176
:10308000000F14BF1B211F218B4228BF0B46D4F811
:1030900058B09BF80110994232D8E36C002B3FD016
:1030A00094F8C530002B39D0636A002120204FF0FE
:1030B00000099847D4F858B099E6638F10208AF831
:1030C000061043F010036387636A984766E604A915
:1030D000606C20F0CDF988B3DAF8703094F82800ED
:1030E0000133CAF87030DAF8743043F10003CAF8DB
:1030F00074304AE6012384F83130FFF7B5F803E76E
:1031000094F8303001204FF0000943F0100384F8A8
:1031100030301CF0D9F9D4F858B068E6B94668E701
:10312000994664E640F227512720FDF7D9FCFFF7C6
:10313000D7F840F234412720FDF7D2FC40F21D4180
:103140002720FDF7CDFC00BFED220001012D00017D
:10315000C9240001CD2200012DE9F047002800F02C
:10316000DA800446072900F2C780DFE801F07C24FA
:103170002478C51F6FC10146204625F03AFCD4F8DB
:10318000443100F1EC059D4240F2BA80E81A032177
:10319000402838BF40201EF085FB0346C4F8445148
:1031A00020461D4625F0E9FC002D4DD02046BDE807
:1031B000F04725F0E3BCB0F83A310022062B80F846
:1031C000402180F849216DD80133A0F83A3104F547
:1031D000A07528461DF0B2FD002800F0A08094F8EC
:1031E000603103F0FF01002B54D16FF00043D4E9AC
:1031F00056029A4208BFB0F1FF3F11D02046D4E9F1
:10320000546725F0F6FBD4F85831EC30D4F85C2143
:103210009B1B62EB07021B1A62F10002002A36DBDD
:10322000294694F818011DF075FE002800F08180F1
:10323000D4F85051D4F83071D4F85461D4F83481B2
:10324000AF4278EB060334D3BDE8F08790F818015D
:103250001DF04CFD002384F83831BDE8F087BDE84F
:10326000F0471AF015BD13F04DF8D4F84401DC38DE
:103270001EF076FA002857D0204625F04BFC002897
:103280003FF479AF2046BDE8F04725F076BC2046F4
:1032900013F040F894F818011DF028FD002384F87D
:1032A0003831C5E7D0F81C318BB3012380F84831A1
:1032B0008DE7204625F0ECFB50EA010381468A4663
:1032C000C2D0E81B4A46534666EB08011FF0E4F8FB
:1032D00009FB01F1D4E94C3200FB0A11A9FB009073
:1032E00013EB0903014441EB0201C4E94C31ABE7A4
:1032F000F4213020FDF7F4FBF8213020FDF7F0FB3E
:103300002046C4F84451BDE8F04725F036BC0223FE
:1033100080F848315BE7D7213020FDF7E1FB40F230
:1033200092613020FDF7DCFB40F251213020FDF7A7
:10333000D7FB40F296613020FDF7D2FB2DE9F04F2C
:10334000044689B000201F460E46914694F87DA0A1
:10335000049022F0FFFF94F800320B2B00F21E8342
:10336000704A94F89F8032F8135089F00103284482
:10337000029385B2B9F1000F1AD0B4F8901204F597
:103380001879B4F898B0711AA6EB0B0B09B20FFAC2
:103390008BFB0029C0F24E82384694F84432032B4E
:1033A00000F21683DFE813F0C2018801C4003A007E
:1033B00094F84432032BE0D1B8F10E0FDDD1B4F80C
:1033C000D432B342D9D1B4F81C222046B4F8923298
:1033D0001344C4F84032D4F84C32C4F83832E369AC
:1033E000C4F83C3214F088F9D4F8DC32E2699A422D
:1033F00005D004F1280027F04CF8D4F8DC32E36162
:10340000D4F8D832E363B4F8D632A4F84030D4F814
:10341000E0326362022384F84432AEE7E36903FBDF
:1034200001F20492002F00F00F82B4F81C52002D1C
:1034300040F00A8284F85B52D4F84CC294F89E3073
:103440000CFB1121262B049100F00D8294F89F3083
:10345000262B00F0088200283CD0002D3AD1D4E978
:10346000A0E0D4E99E237245834180F0AC8294F8B9
:103470007D00C31E012B40F2868203911AF046FEA6
:103480004AF2A13CD4F88032274D8444A3F1830151
:1034900094F87D00A5FB0C3CA0F1030ED4E99E231B
:1034A000BEF1010FA1EB020303991944A1EB9C119A
:1034B00040F2838203911AF029FE00F2E730D4F83B
:1034C0004CC20399A5FB0030B4F81C52800901449A
:1034D00010390491AB44AAF103030CFB0BFBDBB2E4
:1034E0000BF1300B012B4FEA4B0B40F2058250469B
:1034F0000D4D1AF00BFE4AF2A1330344A5FB032342
:103500009D0950461AF0FAFD0BF1730341F64B5238
:103510001D44E36928449342044D286040F2278209
:10352000049A6FE04C520301D34D6210380C002115
:10353000E36B2946D4F83C02184427F057FF29468C
:10354000C4F84802E06927F051FF41F64B53E269A5
:1035500094F87DA09A42CA4D98BF0230C4F84C023C
:1035600050461AF0D3FDAAF1030A4DF64171BAF1A3
:10357000010F01442046A5FB013194BF28230023FD
:1035800003EB9111803124F005FBB4F81C3213B920
:10359000002F40F0B381D4F83C32E26B94F87DB058
:1035A0001344D4F84802ABF103011B1AC9B20493C7
:1035B000D4F838320129D4F84022B4F840A002FBF4
:1035C00003050AF1730A05F130054FEA450540F29B
:1035D000428158461AF09AFD4AF2A1330344A848A2
:1035E000A0FB03239B095846039355441AF086FD1C
:1035F000039B049A1D44A34B28441860012384F8BC
:103600004432E369D4F84C52D4F888125D1B6FF44D
:10361000B3731D44D4F88C32854228BF05468918FF
:1036200004F1440043F10003C4F81852C4F87012C6
:10363000C4F87432002384F8603224F018FA284465
:10364000A4F89062C4F86402D4E99C23C4E9A223DC
:1036500013F096FA20B1D4F864321E33C4F8643201
:10366000B4F80812002301228E1B84F8683284F813
:10367000F22036B29E4204DD84F8F230022384F850
:103680006832B8F10E0F00F0FF80002F40F0FF808D
:1036900094F84432002B40F01A81494694F85C02B9
:1036A0001DF038FC002800F07E81029B84F858321F
:1036B000002009B0BDE8F08FD4F84C02E269D4F8DC
:1036C0004052B4F81C32121AB4F840A09B4402FBDA
:1036D00001F1D4F84832EA430AF1730A0491303315
:1036E0009344D4F8382202FB053594F87D20D31E8C
:1036F00000FB0B55012B4FEA450540F2AE8010460A
:1037000003921AF003FD4AF2A13303445C48A0FB84
:103710000323039A4FEA931B554410461AF0EEFC1C
:10372000584B5D44049A2844186081E094F87D1059
:1037300094F8160223F090FA8246E06B2946DFF8EF
:1037400040B1504427F052FE2946C4F84802E069CF
:1037500027F04CFEE26941F64B5305A99A4298BF07
:103760000230C4F84C0206A81AF086FA059B0093B2
:10377000DDE90623D4E9A2011EF0EEFA94F87D30CB
:103780000546184603931AF0C1FC039B4DF64171A0
:10379000033B01442046012BABFB013194BF28239E
:1037A000002303EB9111803124F0F4F9D4F8943222
:1037B000E26B94F87D00049303921AF0A7FC4AF29E
:1037C000A133039AC318D4F84802ABFB0331049B1E
:1037D000933B13441B1A5344B4F840A05B1B00F105
:1037E00030050AF1950AA3EB91136D00049394F848
:1037F0007D30DA1E012A33D9184603931AF086FC6D
:1038000000F52340A130ABFB003B039B4FEA9B1B21
:10381000184655441AF072FC049AD4F894325D4468
:103820001849D31A2844B3F5A07F0860C0F0C080BF
:10383000E369E7E600235946012084F85B32D4E9C6
:103840009E23C4E9A223A8E594F85B52002D50D032
:103850000C490868D6E66523C5E64FF0650B5BE7C3
:103860004FF0650BD4E7B4F8D432F31A1A043FF5DD
:10387000F2AD94F8D732002B18BF9A46EBE500BFA3
:10388000D34D6210380C0021002F3FF406AFB4F87E
:103890003022CAB1B4F8320294F8341200FB01119C
:1038A00001308A427FF7F9AE002B3FF4F6AE0023D9
:1038B000A4F8320284F868320FF018FF00F0070015
:1038C000013084F83402E8E6A4F83222E5E6D4F8C0
:1038D0004C324846E169C91A23F066F983B2002BDD
:1038E0003FF4DBAE129A0120002A3FF4E2AE1380CF
:1038F000DFE6B4F81C529FE5652502E6E26BD4F8DA
:103900003C3294F87D0003EB020A1AF0FFFB4AF206
:10391000A13394F87DB0AAF1930A0344ABF10301FB
:10392000D4F84802A5FB0323C9B2D4F88022AAEB3D
:10393000000A9B09012992440393D4E99E23AAEB30
:10394000020A29D958461AF0E1FB94F87DB000F23A
:10395000E732D4F84802ABF10301A5FB0235C9B246
:10396000AD09039BAAEB03022A44049220E6184601
:103970002A4604AB594623F08CF9049A84F85B027A
:10398000E36928683EE6AEF1E80E3C20D4E99E23C8
:10399000AEEB020E71449AE53C25E2E740F2B53108
:1039A0000620FDF79DF840F279513020FDF798F898
:1039B00040F2C2413020FDF793F8B4F81C523C208D
:1039C000D4F84CC283E540F216513020FDF788F858
:1039D00040F22E513020FDF783F800BFF0B585B0DE
:1039E000002800F015810446072900F20081DFE875
:1039F00011F09200080008007B00FE0080008800A3
:103A0000FA001BF05FFDD4E99E23801A61EB0301ED
:103A1000012871F10003C0F20D816FF00102002353
:103A200082428B41C0F20181E3690BB1B0FBF3F339
:103A300094F89F200E2A00F0CF80B4F89810B4F8C4
:103A400056220B449BB2D11A0D0454BF531C0133B0
:103A50009BB2A4F8563294F85932B4F8561223B9EE
:103A6000B4F80C328B4200F0C680B4F8D40002AD3A
:103A7000B4F89830B4F892220344B4F8D20001327A
:103A80006F4E013BA4F892221B1A9FB2336853B1C8
:103A900001390022204689B29847B4F856120144F1
:103AA00089B2A4F856127B1A18046ED4002320465B
:103AB00000951A46FFF742FC00284AD1D4F884301A
:103AC0003BB3B4F8CE20B4F856329B1A1BB2002B8D
:103AD0001FDDB4F888100B44013BB3FBF1F303FB8B
:103AE0000123A4F8CE3014E005B0BDE8F0401AF090
:103AF000CFB801201BF0E8FC05B0BDE8F040FFF7AF
:103B000097B890F84432042B40F08B80002380F863
:103B1000443205B0F0BD90F8583253B3B0F8563285
:103B2000B0F8982093426BD09A1AA0F89830A0F879
:103B30000E222046D4E99C23C4E99E2313F0CAFC3C
:103B400094F81332002BE4D005B0BDE8F04025F026
:103B5000C7B9012860D1B4F85612B4F80832CA1AAD
:103B600012042FD4BDF80830194489B2A4F85612B3
:103B70008CE7B0F85432B0F89810B0F854225B1AC1
:103B8000A0F89820A0F80E32D3E794F8A2200123E1
:103B900028460394002A8DF808300CBF3E230823E2
:103BA00084F8C13010F0B6F9204625F09BF90023C7
:103BB00094F85C0284F844321DF098F8202384F8CD
:103BC0005C32A6E7BDF80820114489B27A1A12F4D3
:103BD000004F18BF1946C9E7B4F85612013189B22F
:103BE000A4F8561241E7CB213020FCF779FFCF2112
:103BF0003020FCF775FF013189B2A4F8561234E782
:103C0000B0F80C22D31AA0F89820A0F80E3290E752
:103C1000A6213020FCF764FF40F252613020FCF70F
:103C20005FFFC5213020FCF75BFF40F205613020CB
:103C3000FCF756FF40F204613020FCF751FF00BF53
:103C4000A00000212DE9F043D0F81C31002683B0FC
:103C5000054680F820610F46D0E9548983F8162282
:103C600080F838610121D0F81C010FF021F9D5F856
:103C70001C41324631462046C4E99E8995F81831E8
:103C8000C4F8947284F85C32334684F84462A4F831
:103C90009062C4E9A2890096FFF750FBD0B90123D6
:103CA000C4F84002C4F8380284F84432A4F856023A
:103CB000A4F8540284F85902B4F89830A4F8920297
:103CC000013BA4F8983019F0B1FD03B0BDE8F04312
:103CD0001CF096BE40F2F3113020FCF701FF00BF4C
:103CE000D0F81C01704700BF2DE9F043002385B0D8
:103CF0000322FF26CDE900338DF806206846FDF744
:103D0000E3FF044620BB009D95F83831002BF5D029
:103D100085F860610121284624F032FF95F838319A
:103D2000002BEBD095F818011DF050FB95F8180109
:103D30001DF0DCFE95F818011CF0D8FF00283CD0DF
:103D400085F838416846FDF7BFFF04460028DAD001
:103D5000DFF87C800123002502264FF6FF7788F8E4
:103D600004301AE0029BE3B193F85C22202A18D0B9
:103D70001888B8421BD00221FDF76CFF814608B3BA
:103D800090F85C021DF0B2FE99F85C0289F844429A
:103D90001CF0ACFF202389F85C32CDE902558DF888
:103DA0000E6002A8FDF790FF04460028DAD0002339
:103DB00088F8043005B0BDE8F08340F2DF11302010
:103DC000FCF78EFE40F22B113020FCF789FE00BF7D
:103DD000380C0021044B002242F210715A71D98034
:103DE0001A71FFF781BF00BF380C00212DE9F8439D
:103DF00090F83831002B76D1044688460146564863
:103E0000154603F0FF071CF045FF202806466AD040
:103E10005022394604F58C701EF0F8FC84F81861C5
:103E2000C4F81C81FF2384F83831B8F1000F06D0A4
:103E30000FF074FC00F00700013088F83402022310
:103E40004FF00008A4F8483184F8408127F0D6FAF2
:103E500000F1BC062046B6B224F05CFE002846D035
:103E600022F078FA00F5CD6128464FF0010989B2B9
:103E700027F0BCFA2844C4F844011BF023FB301897
:103E8000A4F8268041F10001C4F8500184F8209183
:103E90002046C4F8541124F053FE002845D0A5F55F
:103EA0009D654946204624F0A4FD2D1AC4F82451EE
:103EB0004FF0FF326FF00043C4E9562304F5A071C0
:103EC00094F818011DF026F800283FD00021204664
:103ED000D4E95423A4F83A11C4E94C2324F050FE49
:103EE0003846BDE8F8830C273846BDE8F88301461C
:103EF000204624F07EFDDFF86480EC30C4F84401F5
:103F0000B8F8060008B1E08CB8B906441BF0DAFA3C
:103F1000361841F10001C4E95461002DC8D0AE1932
:103F200041F10001C4E95661C8E7EC3D484624F080
:103F3000F7FE2D1AC4F82451BAE70FF0EFFBB8F8DA
:103F40000630B0FBF3F202FB1300DEE740F2C111D2
:103F50003020FCF7C5FD00BF59310001380C0021AD
:103F600090F838310BB90020704710B50446FF2394
:103F700080F86031012124F003FE94F838310BB948
:103F8000002010BD94F818011DF020FA94F81801D3
:103F90001DF0ACFD94F818011CF0A8FE20B1002320
:103FA00084F83831002010BD40F2DF113020FCF7DA
:103FB00097FD00BF014B5871704700BF380C0021BE
:103FC00090F8602182B910B502F0FF0490F820212A
:103FD00012B90122104610BDD0E949319942F9D9F0
:103FE00012F098F92246F5E700221046704700BF0C
:103FF00010B5044618F062FE074B9A68824208D357
:10400000E16941F64B52914203D9187980F00100E1
:1040100010BD002010BD00BF380C002140F20B2164
:1040200008B523F0CAFDB0F5296F28BF4FF4296009
:1040300080B208BD90F81332002B73D1F0B503F0B5
:10404000FF0590F8443285B00446032B01D005B03B
:10405000F0BD1BF037FAD4E99E23801A61EB03010F
:10406000012871F10003F2DB6FF00103834275EB6D
:1040700001035ADBE369B4F89820002B53D0B0FB5E
:10408000F3F080B20132B4F80C32104480B2A4F8DC
:104090005402B4F854229B1A1BB2002BD7DD94F8BB
:1040A0005C021DF093F90028D1D0FF2384F8593227
:1040B000B4F898500DF10E06B4F8D420B4F8D2300C
:1040C00015441F4F013DED1A3B68ADB263B1B4F822
:1040D000541200222046013989B29847B4F854326C
:1040E000184480B2A4F85402B4F85432EB1A1B04FA
:1040F000ADD4B4F8541200230122204689B20096B0
:10410000FFF71CF90028A2D0012813D1B4F85432CB
:10411000BDF80E2013449BB2A4F854323B68002B28
:10412000D5D1E1E770471846ACE740F2AD513020F9
:10413000FCF7D6FC40F2F4513020FCF7D1FC00BF74
:10414000A00000212DE9B043044682B0062900F208
:104150009780DFE801F0041D0A1A232A6D004B4BFB
:104160001B7903F0FF02002B7CD0042384F8443237
:1041700019F05CFB1CF044FC0023B4F89820A4F870
:104180009232A4F8562284F8593202B0BDE8B083C6
:10419000032380F8443202B0BDE8B08318F0B2FDCA
:1041A000C4E9A00102B0BDE8B08390F87D30C569D4
:1041B000033BD0F84C12DFF8D480012B98F805307F
:1041C00094BF4FF4BD794FF4A9798D428CBF6D1A1D
:1041D00000251BB9436C9D4228BF1D46D4F81872B8
:1041E00004F1440023F043FC074402201DF006FBC9
:1041F0000221ED1B25EAE575854228BF05462846C4
:104200001DF050FB00B92F444A463946204623F0A2
:10421000A9FCE269D4F81832C8F80800D0181DF0DB
:104220009FFA0028B1D140F275313020FCF758FCDC
:1042300090F87D502846033D19F068FF4DF6417116
:104240000246134B012D20461144A3FB013194BFBC
:104250002823002303EB9111803102B0BDE8B04365
:1042600023F098BCB0F80C1201230092FFF766F817
:1042700000283FF47DAF40F2CD613020FCF730FCE8
:1042800040F269713020FCF72BFC00BF380C002194
:10429000D34D6210012A70B5064609D0022A144691
:1042A0000D461ED04AB140F293713020FCF718FC45
:1042B00018F004FDC6F8940270BD18F0FFFC224609
:1042C00001462846FFF7BEFC32460F4995F8180113
:1042D0001BF0E4F80028EFD140F27C713020FCF7AD
:1042E000FFFBD0F8941201222846FFF7ABFC3246C0
:1042F000054995F818011BF0D1F80028DCD140F2EF
:104300008D713020FCF7ECFBDD390001F8B5044677
:1043100051B1012962D1002380F8203119F086FAC9
:10432000BDE8F8401CF06CBBC58C002D4ED120467A
:10433000D4E94C7624F0ACFB40194FF0000341F176
:104340000001C01984F840314FF0020346EB01012F
:10435000C4F85001C4F83001C4F85411A4F848312D
:10436000C4F8341194F8603103F0FF017BB96FF0A9
:104370000043D4E956029A4208BFB0F1FF3F0FD183
:1043800004F5A07194F818011CF0C4FD58B3002383
:10439000A4F83A3119F04AFABDE8F8401CF030BBF5
:1043A0002046D4E9545624F024FBD4F85831EC309C
:1043B000D4F85C215B1B62EB06021B1A62F100025F
:1043C000002ADDDA204611F0A5FFE0E70FF08EF9B4
:1043D000E58CB0FBF5F303FB1505A8E740F2A371EC
:1043E0003020FCF77DFB40F2EC613020FCF778FBDD
:1043F00090F83801003818BF01207047014BD88071
:10440000704700BF380C002106220B4603F8032B2F
:10441000B0F809C0C27AA1F803C09A70704700BF13
:1044200018230B70704700BF40F2A921322008B555
:10443000FCF756FB70B5002844D0437A04460E467C
:104440007BB300214089FDF705FC054600283ED0DE
:1044500000880EF07DF800212888FDF711FC002867
:104460003AD11321334604F10902293403F8031B1E
:10447000D2F800C0103252F80C5C103352F8080C1D
:1044800052F8041CA24243F810CC43F80C5C43F8E9
:10449000080C43F8041CEBD1107800221870B2719C
:1044A00070BD036DD0F80E20C3F80320428AA3F834
:1044B0000720427B036D12F0FD0F14BF0122002282
:1044C0009A70CEE740F2F2213220FCF709FB40F26D
:1044D000FE213220FCF704FB40F202313220FCF7CF
:1044E000FFFA00BF044B00221B68A3F8BA2083F830
:1044F000BC2083F870207047440C002108B50EF0F2
:10450000A7FD034B187019F007F9032008BD00BF81
:104510001000002108B50EF09BFD024B0246012061
:104520001A7008BD1000002138B50D4D2C6894F8A4
:10453000893063B900230121204684F87010A4F863
:10454000BA3084F8BC30BDE8384005F0D5B919F070
:10455000A7FA18F0D7F8002384F889302C68E9E727
:10456000440C002138B5114C002003F05BFB25689A
:1045700003F0ECFA2368E867D86F60B103F022FB20
:1045800070B119F0DDF9002019F040FA2368042217
:1045900083F8702038BD40F2B6413220FCF7A0FA13
:1045A0004FF497613220FCF79BFA00BF440C0021C6
:1045B00008B50EF04DFD044B024600201A7003F0C2
:1045C00087FC012008BD00BF1000002170B53D4CE4
:1045D0000646236893F87020032A34D093F870209D
:1045E000042A30D093F854309B0731D16568002DF0
:1045F0004FD0236893F85420002A40D06EB3284649
:1046000022F009FF18B9284622F020FF20B32368C2
:1046100093F87020022A4BD993F87020082A4CD8BE
:1046200093F870102846A268274B12690B4452F881
:10463000233098470C2827D8A368DB68BDE8704072
:1046400053F820301847D86F03F0BCFA0546CEE780
:1046500003F0D0FA0546CAE7236893F87020022ACF
:104660001CD993F87020082A1DD893F87010A268FE
:10467000154B52690B4452F823309847DAE741F260
:104680008F313220FCF72CFA41F2A2313220FCF7B4
:1046900027FA41F289313220FCF722FA41F26F31D8
:1046A0003220FCF71DFA41F270313220FCF718FA83
:1046B00041F20F313220FCF713FA41F2103132206F
:1046C000FCF70EFA440C0021FDFFFF3F38B5144CF7
:1046D000236893F854309B0719D16568DDB12368CE
:1046E000FF2093F8B91018F055FB284619F028F967
:1046F000236893F8B930033B012B94BF2820002096
:1047000019F084F92368072283F8702038BD03F07C
:1047100071FA0546E2E740F2DD413220FCF7E0F9AC
:10472000440C0021F0B5514C00220E46054623688A
:1047300041F2707083B0196D5A72CA69B1F800C045
:10474000A3F80AC0A2F57A7C844540F281804848EB
:10475000A0FB0202C2F38F221A848A8C5A84CA8C6C
:104760009A844FF47F42DA844FF6FF721A85002D47
:1047700064D00121304622F070FD3278D2092368DE
:1047800093F8481009B1002A36D193F88600002129
:104790000828596119833CD003F10E0203F10D0181
:1047A0000EF0C8F900285BD023685A7B03F11A0782
:1047B00042F002025A73002D3AD103F198000268C8
:1047C0003A608288BA8093F95810186D0EF010FC88
:1047D0002068284923F008F9236827491A6D03F156
:1047E0002A001488A3F8334092F8A62083F83520D5
:1047F00023F003F903B0F0BD427902F0C002402A71
:10480000C3D102685A61828893F886001A83082807
:10481000C2D193F89E10D3F89820B3F89C00597336
:104820000021C3F80E205882C3F81A10D983CAE7B2
:104830000021304622F011FD2368C0E76068694618
:1048400022F0BEFB636868461A78C2F3801296E7CE
:104850000A48A0FB0202920902F5506292B27BE77D
:1048600041F2D8313220FCF73BF900BF440C002163
:104870005917B7D13544000109440001D34D6210E6
:1048800008B5002003F0FAFA0EF0E2FB024B0246F4
:1048900001201A7008BD00BF10000021034A022346
:1048A000106880F8703004F0ABBE00BF440C0021EB
:1048B00040F25A31322008B5FCF712F930B50478CD
:1048C0008DB004F00F0402A9224603F097FC18F003
:1048D00023FF0EF0BDFB204B042C187002D00320E8
:1048E0000DB030BD1D490546039A0868147890F84C
:1048F00098108C42F3D1547890F899108C42EED1F4
:10490000947890F89A108C42E9D1D47890F89B1062
:104910008C42E4D1147990F89C108C42DFD151790B
:1049200090F89D209142DAD19DF8191090F89E20C0
:104930009142D4D17F2D0CD07F2202A97C301A70F5
:1049400090F82C30827A009503F0B2FB03200DB072
:1049500030BDFFF7ADFF00BF10000021440C002167
:104960002DE9F04F044687B006290CD8DFE801F0A6
:10497000AC34110B0B0B0400BA4D286890F88C3046
:10498000002B40F0CD8018F0C7FE032007B0BDE833
:10499000F08F18F0C1FEB34B186890F854309D07A3
:1049A000F3D090F88C30002BEFD0AF4B93F9002070
:1049B0007F2A00F009820292FF2590F886107F225C
:1049C000CDE900511A70214600F1420302227C30E9
:1049D00003F0C2FA0320D9E7A24D867C2968012E94
:1049E00091F88C3091F88D90059391F8483083F0D0
:1049F000010B00F0B480002691F85420374612F0E5
:104A0000040000F0B48091F84D30002B00F0AF802E
:104A100091F88880B8F1080F40F0AC8091F841809F
:104A20000027C44620B3626891F85B0092F800E06A
:104A3000864500F062814FF0000A91F88520082A2F
:104A400005D091F88800904208BF4FF0010A002F6E
:104A500040F0F280BBF1000F40F048813846B9F1D8
:104A6000000F40F0EB8018F057FE2B6893F85420AD
:104A700093078AD018F050FE059B002B85D028683C
:104A8000A36800F14201A27C90F8410022F002F8F4
:104A900017B9002800F06E81734A92F900307F2B1D
:104AA00000F0928102932146286890F8864000F138
:104AB0004203CDF800807C3001947F2414700122E1
:104AC00003F04AFA032061E7664D286890F85430F5
:104AD0005F071BD590F88D30002B5DD0636890F890
:104AE0005B201978914200F0DC8090F85630012B61
:104AF00000F0B38090F88830082B04D090F885201F
:104B00009A4200F0AA8018F007FE286890F88C30CE
:104B1000002B46D190F88D30002B7FF436AF32E772
:104B200090F85430990769D54F4A92F900307F2B9D
:104B300000F04A810293214690F886307F24019349
:104B4000FF23009300F1420314707C30062203F02F
:104B500003FA2B680022092083F8A82016E7826850
:104B6000527902F0C002402A7FF445AF44E791F841
:104B700085804FE740460DF0EBFE002818BF8346C6
:104B8000002F40F0E780296891F8418091F8542087
:104B9000C44602F0040045E790F88C30002B3FF447
:104BA000F2AE90F854309E0760D4D8077FF5EDAE92
:104BB000590700F102812C4B93F900207F2A00F065
:104BC00003817F200292FF26002218702146286868
:104BD00090F88630CDE9006300F142037C3003F0A9
:104BE000BBF92B68032093F88D20002A7FF4CEAE0A
:104BF00093F88C30002B7FF4C9AEC4E6DA077FF55A
:104C0000C2AE5B0700F1D680174B93F900207F2AD4
:104C100000F0DA802868FF2502927F2290F8861043
:104C2000CDE900511A70214600F1420306227C3082
:104C300003F092F90320A9E6012010E72B6893F80E
:104C40005630012B06D0002B7FF40DAFBAF1000FC8
:104C50003FF409AF00283FF406AF0A2007B0BDE8D3
:104C6000F08F00BF440C002110000021574A92F938
:104C700000307F2B00F0A8800293214690F8863008
:104C80007F240193FF23009300F1420314707C30D2
:104C9000002203F061F92B680122092083F8A82083
:104CA000A1E7597890F85C2091427FF41EAF997883
:104CB00090F85D2091427FF418AFD97890F85E208B
:104CC00091427FF412AF197990F85F2091427FF4FE
:104CD0000CAF5A7990F860309A427FF406AF627C4C
:104CE00090F85A309A427FF400AFB6E742316046FE
:104CF000A368A27C21F0CEFEB1E692F801E091F823
:104D00005C0086457FF497AE92F802E091F85D0072
:104D100086457FF490AE92F803E091F85E008645F8
:104D20007FF489AE92F804E091F85F0086457FF445
:104D300082AE507991F8602090427FF47CAE94F876
:104D400011A091F85A20AAEB0202D2F1000A4AEB14
:104D5000020A72E6A16840460EF004F82968074688
:104D600091F841C091F8542050B34CF0020802F081
:104D7000040057E6286890F85530023B012B3FF6B7
:104D800004AE002E3FF401AE104B93F900207F2AB1
:104D90001AD00292FE2590F886107F22CDE90051AC
:104DA0001A70214600F1420301227C3003F0D4F84E
:104DB0000320EBE518F0B0FC26E718F0ADFCFAE6AE
:104DC000E04602F004002DE6FFF772FD100000211E
:104DD00030B5184C85B094F900307F2B27D00A46A7
:104DE0007F21217014490C6894F87010032916D0A3
:104DF00094F8701006290CBF03210121CDE902317E
:104E000094F88650014604F14203019594F8B900E4
:104E10000090002002F02CFF18B905B030BD002131
:104E2000ECE7002005B0BDE8304003F027B8FFF7FD
:104E30003FFD00BF10000021440C00210F4A136801
:104E400010B593F8701002290ED993F87010082944
:104E50000FD893F870109268094B92680B44BDE824
:104E6000104052F82330184741F28F413220FBF7AF
:104E700037FE41F290413220FBF732FE440C002114
:104E8000FDFFFF3F38B51C4D2B6893F87020022AB8
:104E90002DD8027C044683F884201A44C1685967DF
:104EA00092F8BD2083F8B9204268C3F88020037AC5
:104EB000022B0ED017F0D2FF18F0F2FD17F022FCF3
:104EC0000E4818F027FD0E4818F01EFD0D4818F08A
:104ED000D7F8637C03B938BD2868643021F0D0FD71
:104EE0002B68DB6E002BF6D001221A6038BD40F62D
:104EF000AC013220FBF7F4FD440C002154010021E9
:104F000055555500D6BE898E38B505460C460DF070
:104F100091FA420704D4A37803F0E003402B0DD0AC
:104F20000DF088FA830704D4A37803F0E003202B64
:104F300004D0237803F03F03242B01D9002038BD8F
:104F400017F09EFE94F9003094F802C0002B6278AE
:104F50000CF01F03ACBF1E214FF4967142EA0323ED
:104F600001FB03F31A1AB2F5877FE7D39842E5D81D
:104F7000054A294623881068A0F8BA3080F8BCC0DA
:104F8000BDE8384004F0D4BA440C002170B5334E6B
:104F900084B0336893F88C507DB30A4693F8A81018
:104FA000044631B9017800290CBF0121022183F8A0
:104FB000A81093F870100629C8B241D0072814BF72
:104FC00001250225264991F900007F2843D042336C
:104FD000CDE9020593F84400019093F87700009022
:104FE0007F2008702146002002F042FE40B9022DC9
:104FF00028D00020054602F06BFF284604B070BDA3
:105000006378DB061ED5A1690220FFF77DFF054608
:105010000028EED03368002283F894206169C1B182
:105020004A780978100902F00F0241EA0222A3F837
:10503000962083F8950018F06FFB284604B070BDE9
:105040000325BFE70020054602F018FF284604B0FC
:1050500070BDFF20EDE7FFF72BFC00BF440C0021E3
:105060001000002110B504468AB00DF0F1FF194A76
:105070002378107003F00F03072B02D001200AB031
:1050800010BD2046694603F057F9684603F042FA1E
:105090009DF80030002BF1D19DF80130DB07EDD5F4
:1050A0000D4C019922689DF8110002F1980392F8C5
:1050B0009E2021F0EFFC0028E0D0206801219030F4
:1050C00021F017F9FF216846FFF760FF0028D5D0CF
:1050D0000220D4E710000021440C00212DE9F0410A
:1050E00004468AB00DF0B4FF4E4A2378107003F0E6
:1050F0000F03082B04D0012420460AB0BDE8F0813C
:105100006946204603F0AEF89DF80030002BF2D13E
:105110009DF8013003F00303032BECD1424E3568B8
:1051200095F84D30002B46D095F8888095F8893059
:10513000002B43D1002705F1980395F89E20019993
:105140009DF8110021F0A6FC08B9002FD3D03368D8
:1051500095F8482093F8417003F14205002A49D19F
:105160009DF812000299012834D02B463A4621F0CE
:1051700091FC0028BFD030680121903021F0B9F8AF
:10518000356895F88930002B43D121460120FFF77F
:10519000C9FA306890F8543013F0030432D023F089
:1051A0000403032180F854300C4604F0CFFB0020A8
:1051B00002F038FDA0E795F88580B7E721F0AEFC56
:1051C0000828B7D0A0EB080785F88600B7FA87F75C
:1051D0007F09B0E74B7903F0C003402BC5D12B46C4
:1051E0003A4621F057FC0028C5D1029940460DF0FF
:1051F000B9FDBEE740460DF0EFFD0028B0D00546F2
:105200000127ADE7022104F0A1FB204602F00AFDD0
:1052100072E718F045FC17F075FA002385F889301D
:10522000B3E700BF10000021440C0021F0B5544F3B
:1052300085B03B6893F8AF30D3B1437804461B0781
:1052400016D50378A3B93B680E46D3F8B0005030AA
:1052500024F047FA054658B93A68D2F8B000837D81
:1052600053B9616991F801C0817AB1EB1C1F03D079
:105270000025284605B0F0BD6168002951D092F89C
:105280008520082A2ED010460DF1070102AA0DF044
:1052900051FC064600286DD03B68D3F8B000837DF2
:1052A000002B4AD0636902A99DF807005A781209B9
:1052B0001EF011FC0028DCD03B68BDF80C10D3F8C0
:1052C000B02002981182D0609DF80710D3F8B0206A
:1052D000D1726369012135465B789174C3F303137E
:1052E0009372C6E7002B36D06369607C5A78120946
:1052F0001EF0F1FB0028BBD0636939685A78D1F8F9
:10530000B030C2F303129A7262681068D860928853
:105310001A82D1F8B030627CDA72002201259A74C8
:10532000A7E72EB3012EA3D1084602F03DFF0028C7
:105330009ED03B6893F88E509BE700F10C0102ABC6
:105340009DF80720C07A21F0A5FB002891D03B688A
:10535000D3F8B020BDE70B46627C00F10C01C07AA7
:1053600021F098FB002883D03B68D3F8B030D4E715
:1053700001257EE740F69D713220FBF7B1FB00BFAF
:10538000440C00214378F0B50446580687B071D428
:10539000227803F01F0352EA03236BD0084661888A
:1053A000052967D9227A6368C2F3040253EA020529
:1053B00060D0344D2D68002D5ED000285CD0A84709
:1053C000002857D0304E0121227A3068C2F30402FF
:1053D0006368D0F8B05069768DF814201A0A8DF8F9
:1053E000103005F11E008DF811201A0C1B0E04A9B7
:1053F0008DF812208DF8133021F09AFC628840F26B
:10540000E24303FB02F2637BAA67D4F809202A6017
:10541000A27B43EA0223E27B43EA0243227A6B60E7
:10542000C2F34212238A85F89220013B3268A5F824
:10543000623092F8B930EB75637825789A0603F0FC
:105440001F0354BF1E224FF4967245EA03231746EA
:1054500002FB03F517F056FC0B46218A0246306822
:105460000631D0F8B00089B2019750300095029112
:1054700014F00CFB07B0F0BD034E3168D1F8B0500A
:10548000AAE700BF34010021440C00212DE9F04FB0
:10549000DFF8F8A09346847C83B0DAF80020064653
:1054A000012C894692F84870984687F001073ED053
:1054B000002492F88950234605B392F85410490706
:1054C00025D47068002839D092F88550082D26D050
:1054D000284601930DF03CFA019B002818BF0746AF
:1054E0001BB3DAF8003093F88B3083B321F020FB44
:1054F000DAF800300022054683F88B208BF8005044
:1055000089F8004088F8007003B0BDE8F08F92F889
:105510004D100029D5D092F88850082DD8D123B14C
:10552000DAF8005095F88A10B9B10025E6E78368EB
:105530005B7903F0C003402BBAD1BAE7019302F0C4
:1055400033FE019B0028EAD0DAF80020BCE72846A9
:10555000B1680DF007FC0546D0E7B06801910DF089
:1055600001FBDAF8003085F8890093F88950002DA6
:10557000C4D021F0D3FA0828019904D0DAF8003019
:1055800083F88500BAE70D46B8E700BF440C002158
:105590002DE9F0416A4C002205460F466368D4F8B5
:1055A000008018461A8018F0CBF9032D37D0052D4E
:1055B0004AD0606808F1980121F009FD98F89E1022
:1055C000606821F018FD236893F8482003F1420633
:1055D00093F8417052B193F85420520718D493F8BD
:1055E00085000DF0F9FB08B10646012731466068D9
:1055F00021F0DFFC3946606821F0F0FC514BD3F814
:105600000431002B40F09680052D12D0BDE8F081CA
:1056100093F84D20002AE2D093F88800E1E7606813
:10562000037823F00F0343F0030303700C2343704C
:10563000C0E7236831681A6DC2F80A10B188D181B9
:105640001B6D5F72BDE8F081D4E90006222331783A
:10565000737021F02F0141EA471141F005013170CB
:1056600041F64B51036D1B6AC6F80F30026D936B08
:10567000F3741F0A1B0C37757375D369B2F8407049
:105680008B42D16B3BD9DFF8C0C0ACFB01E1ACFB76
:1056900007C7890ABF0AF175C1F30721B7753176CB
:1056A0002949A1FB0313C3F38F2373761B0AB37637
:1056B000938CF3761B0A3377D38C73771B0AB377FB
:1056C000D2F8A730C6F81F3092F8AB3096F82420F5
:1056D00086F82330036D22F01F0293F8B23003F0F6
:1056E0001F03134386F824300CF0CAFE96F82430CA
:1056F00003F01F0343EA401386F8243059E7DFF82C
:105700004CC0ACFB01E1ACFB07C749097F09F1754F
:10571000C1F30721B775A3F57A77317641F270713D
:105720008F42BDD80A49A1FB03139B0903F55063BF
:105730009BB2BAE740F2F9513220FBF7D1F900BF32
:10574000440C0021008000415917B7D11F85EB514F
:10575000D34D621010B50DF07BFC0B4A0B4B146857
:10576000187094F889301BB917F0D6FF032010BDCC
:1057700018F096F916F0C6FF002384F8893017F068
:10578000CBFF032010BD00BF440C002110000021FE
:1057900070B51F4C0E20236893F8B91017F0FAFA71
:1057A000236893F854309B0729D165685DB3284678
:1057B00018F0C6F8236893F8B930033B012B94BF67
:1057C0002820002018F022F92668681D96F8B950A4
:1057D0000DF0F6F9236886F8890093F8892052B114
:1057E000033D012D94BF5525502516F06FFF284627
:1057F00018F04AF92368082283F8702070BD02F07F
:10580000F9F90546D2E740F2CA413220FBF768F9C0
:10581000440C0021F8B52E4C0546236893F8BC20B3
:105820005F2A2CD851092B4A565C93F8BA0000F035
:105830003F0017F02FFC236893F9580017F01AFC6B
:10584000FDB1236832460120596F17F0AFFD236880
:10585000314693F89430022B0CBF4020FF2017F004
:1058600099FA256895F854309B0710D195F8A8301F
:105870006768A3B13846BDE8F84018F061B8002663
:10588000D3E732467321012017F090FDDFE702F0E5
:10589000B1F92568074695F8A830002BEAD1781DA4
:1058A0000DF08EF9236885F8890093F88930002B74
:1058B000E0D0033E012E94BF5524502416F006FF7D
:1058C000204618F0E1F83846BDE8F84018F038B83E
:1058D000440C002164520301F0B52F4C83B00546FF
:1058E000236893F8BC205F2A30D851092B4A575CB3
:1058F0005A6F7ABBD3F8800018F05AF8266896F8E9
:1059000054309A0703D596F89420022A34D05B07C6
:105910002ED425BB284602F047FC014628460D46FA
:1059200002F04CFC024606F1A9002946256895F8CC
:10593000943095F8B950009502F094FD2368002248
:1059400083F8B97083F88A2003B0F0BD5A6F00273E
:10595000002ACFD00120FFF75DFF2368CAE70020AF
:1059600002F03CFC014606F1A90002F071FDE5E7FA
:1059700096F89430012BCCD1FB1E012B05D939466A
:10598000002018F037F92668C3E796F85930012B44
:1059900014BF39460321F3E7440C0021645203018C
:1059A00007292DE9F04F0D4687B004469046476819
:1059B00003D12FB9002A00F0C880002F00F090809A
:1059C000637CDFF8C092012B5DD0072D40D0D9F861
:1059D000003093F88500082840D00DF10F0104AA8B
:1059E0000DF0A8F8002800F0488104A99DF80F00E8
:1059F00022F0FAFC0746D9F8006096F8543013F00C
:105A0000030076D1824613F0040386F88CA040F0A0
:105A1000C88000219C4B86F88D101B6833B141462D
:105A20002046984786F88E00D9F80060636843B135
:105A3000627C86F89E201A68C6F898209B88A6F893
:105A40009C30A06808B1072D39D007B0BDE8F08FB1
:105A5000D9F8006096F885000828BED16168607C9E
:105A600022F0C2FCD9F80020074661688532607CCC
:105A70000CF096FF0028BED1D9F80060A6F88C0083
:105A800086F88E00DDE77B7903F0C003402B9CD1C4
:105A9000D9F80060072D96F8893000F0A480002B1B
:105AA000D8D021F03BF8D9F8003086F885000122E3
:105AB00093F8850083F88A2083F886008BE7D6F870
:105AC0008C3096F8851033F07F43BED00829BCD0C7
:105AD0000DF066F8D9F80030012283F88B20B4E786
:105AE000DFF8A091D9F8006096F8543013F0030065
:105AF00088D0062D96F84CA070D9082D00F28C8025
:105B000096F88CB08BF00101B8F1000F0CBF0021AA
:105B100001F0010100297FD16268002A5ED1B8F14D
:105B2000000F40F093806278D00640F18F80012012
:105B300086F88C0058077FF56DAF96F84D1096F8F3
:105B40008DA0D30674D5012164E7DFF83891D9F828
:105B5000002092F8543013F0030118BF012113F014
:105B6000040382F88C1005D00378A3F10103B3FA83
:105B700083F35B0982F88D3092F8AF30002B3FF44D
:105B800064AFD9F80030D3F8B000503023F0A9FD4D
:105B900000287FF45AAFD9F80030012283F88E2014
:105BA00053E7062D96F84D1004D800297FF432AF44
:105BB00039462FE796F88DA0082D3FF62AAFBAF1A7
:105BC000010F03D0B8F1000F7FF423AF6368002BFF
:105BD000EBD1B8F1000F2BD16278B2E7BAF1000F28
:105BE00008BFBA460FE7002B3FF434AFB8F1000FFF
:105BF0007FF455AF96F8B91001297FF452AF3846BB
:105C00000CF0B0FF86F88900D9F8006096F889306A
:105C1000002B3FF41FAF44E7002213F0040386F883
:105C20008C203FF4F6AE96F84D1096F88DA0C3E7A1
:105C30000020019102F0B8FA1AEA000702D1019996
:105C4000A9B10F46D9F800603946E3E6002002F01A
:105C5000ABFA1BEA000B0ED1BAF1000F02D10CF027
:105C600099FE8246D9F8006096F85430CBE60CF0E5
:105C700091FE0746E6E7DA46F4E740F66231322065
:105C8000FAF72EFF440C0021A400002138B50F4D77
:105C9000002002F01DF92C6894F8893063B90023C4
:105CA0000121204684F87010A4F8BA3084F8BC3082
:105CB000BDE8384003F020BE17F0F2FE16F022FDDA
:105CC000002384F889302C68E9E700BF440C0021E8
:105CD00038B50F4D0DF0BCF90E4B2C68187094F8C8
:105CE000893063B900230121204684F87010A4F89C
:105CF000BA3084F8BC30BDE8384003F0FDBD17F081
:105D0000CFFE16F0FFFC002384F889302C68E9E709
:105D1000440C00211000002138B5114D002002F084
:105D2000D7F80DF095F92C680E4A94F88930107068
:105D300063B900230121204684F87010A4F8BA301A
:105D400084F8BC30BDE8384003F0D6BD17F0A8FE9B
:105D500016F0D8FC002384F889302C68E9E700BFEE
:105D6000440C00211000002138B5124D0DF070F9DF
:105D7000114A00212B68107003F1900020F0B9FA4D
:105D80002C6894F8893063B900230121204684F8F7
:105D90007010A4F8BA3084F8BC30BDE8384003F085
:105DA000ABBD17F07DFE16F0ADFC002384F8893002
:105DB0002C68E9E7440C00211000002138B5144D8F
:105DC000002002F05BF80DF043F90246286800213C
:105DD000104B90301A7020F08CFA2C6894F88930AF
:105DE00063B900230121204684F87010A4F8BA306A
:105DF00084F8BC30BDE8384003F07EBD17F050FE9B
:105E000016F080FC002384F889302C68E9E700BF95
:105E1000440C00211000002170B5154D05212868A3
:105E200003F086FB50B12B68012093F8B91017F0EE
:105E3000E1FE2B680B2283F8702070BD2E6896F867
:105E4000893063B900230121304686F87010A6F826
:105E5000BA3086F8BC30BDE8704003F04DBD044652
:105E600017F01EFE16F04EFC86F889402E68E9E712
:105E7000440C002170B5164D00210320FFF788FB6C
:105E80000321286803F054FB40B10121084617F0B4
:105E9000B1FE2B68092283F8702070BD2E6896F839
:105EA000893063B900230121304686F87010A6F8C6
:105EB000BA3086F8BC30BDE8704003F01DBD044622
:105EC00017F0EEFD16F01EFC86F889402E68E9E713
:105ED000440C002170B5244C236893F8BC205F2A41
:105EE00029D85109214A565C5A6F42BBD3F8800029
:105EF00017F05EFD256895F854309A0703D595F89C
:105F00009420022A20D05B0703D595F89430012B0A
:105F10001AD0002002F062F9014605F1A90002F052
:105F200097FA23680021062283F8B96083F88A1063
:105F300083F8702070BD5A6F0026002AD6D0012049
:105F4000FFF768FC2368D1E7F31E012B05D9314622
:105F5000002017F04FFE2568DBE795F85930012B3C
:105F600014BF31460321F3E7440C002164520301BE
:105F7000F0B52B4C83B0236893F8BC205F2A35D84A
:105F80005109284A575C5A6FA2BBD3F8800017F01A
:105F90000FFD256895F854309A0703D595F894209D
:105FA000022A2CD05B0703D595F89430012B26D01C
:105FB000002002F0F9F80646002002F0FFF8024641
:105FC00005F1A9002568314695F8943095F8B95047
:105FD000009502F047FA23680021052283F8B97082
:105FE00083F88A1083F8702003B0F0BD5A6F002741
:105FF000002ACAD00120FFF70DFC2368C5E7FB1E6D
:10600000012B05D93946002017F0F4FD2568CFE7AC
:1060100095F85930012B14BF39460321F3E700BF2F
:10602000440C00216452030170B5234C236893F89B
:1060300054309B072FD16068C0B30C232068012126
:1060400080F8703003F082FC00210520FFF7A0FAF1
:106050000621206803F06CFA054658B12368012038
:1060600093F8B91017F0C6FD236801221B6D83F861
:10607000A62070BD266896F889307BB900230121DF
:10608000304686F87010A6F8BA3086F8BC30BDE805
:10609000704003F031BC01F0ADFDCDE717F000FD1D
:1060A00016F030FB86F889502668E7E740F2475142
:1060B0003220FAF715FD00BF440C0021012970B50C
:1060C00015D1A0B91E4A136893F8701008292DD96C
:1060D00093F870100C292ED893F870109268194B11
:1060E00052680B44BDE8704052F823301847144DF5
:1060F000002001F0EDFE2C6894F889306BB9002384
:1061000004F1BA0201212046A4F8BA3084F87010D4
:106110009370BDE8704003F0EFBB17F0C1FC16F0C0
:10612000F1FA002384F889302C68E8E741F25F41F6
:106130003220FAF7D5FC4FF4A3513220FAF7D0FC05
:10614000440C0021F7FFFF3F30B5244D83B02B688E
:10615000D86F01F037FD00283BD004460A23286899
:10616000002180F8703003F0F1FB2A6823780520C5
:10617000126D92F8A64004EA531404F0010421467B
:10618000FFF706FA0421286803F0D2F928B12B683A
:106190001B6D83F8A64003B030BD2C6894F889309D
:1061A0006BB900230121204684F87010A4F8BA309E
:1061B00084F8BC3003B0BDE8304003F09DBB0190D3
:1061C00017F06EFC16F09EFA019884F889002C688E
:1061D000E7E740F222513220FAF782FC440C00211A
:1061E000F0B5684C83B0002001F01CFD256801F07B
:1061F000ADFC2368E867D86F002800F0BD8001F08F
:10620000E1FC0546002800F0B280236893F8B43022
:10621000002B67D1206890F8843090F870200344F8
:1062200093F8BD7080F8B9701AB190F87030012BF6
:1062300076D190F88720544B1344187916F02AFF32
:10624000236893F88420134493F8BD60022E65D030
:1062500041D9F31E012B40D801F072FC314616F0F3
:1062600099FD284617F06CFB3146012016F020FFFF
:10627000012F46D0681D25680CF0A2FC236885F824
:10628000890093F8892052B1033F012F94BF55250F
:10629000502516F01BFA284617F0F6FB236893F8F2
:1062A000542012F0060F06D093F884201A4492F876
:1062B000BD1001293AD0002240F608000321A3F8BE
:1062C0008500C3F88A2083F88E2083F8A82083F8FD
:1062D000701003B0F0BD012EBED040F2B571322077
:1062E000FAF7FEFB236893F8542093F8B500196D74
:1062F0000243C3F8341183F85420002283F8B420F9
:1063000088E7E81C25680CF05BFC236885F88900A9
:1063100093F88920002AC2D04025BAE70D209DE7D6
:10632000002103F005F930B1206882E7002017F062
:1063300061FC2368BFE7256895F889306BB90023B5
:106340000121284685F87010A5F8BA3085F8BC30D0
:1063500003B0BDE8F04003F0CFBA019017F0A0FB06
:1063600016F0D0F9019885F889002568E7E740F232
:1063700006413220FAF7B4FB40F204413220FAF72A
:10638000AFFB00BF440C00216452030108B50CF0C0
:106390005FFE044B187017F0BFF9BDE80840FFF727
:1063A0001FBF00BF1000002110B50CF051FE0D4AB8
:1063B0000D4B1468187094F889302BB917F0ACF9AC
:1063C000BDE81040FFF70CBF17F06AFB16F09AF912
:1063D000002384F8893017F09FF9BDE81040FFF7DB
:1063E000FFBE00BF440C00211000002138B5194C3D
:1063F000256895F889302BBB00206168FEF792F97B
:10640000206890F8543013F003050DD023F00403F6
:10641000032180F8543003F099FA002001F002FCC7
:10642000BDE83840FFF7DCBE022103F08FFA2846B2
:1064300001F0F8FB2368A3F8BA5083F8BC5083F846
:10644000705038BD17F02CFB16F05CF9002385F86E
:106450008930D1E7440C002138B50446FEF712FD1F
:10646000237A032B63D0012B6AD051D84E4C4F496D
:10647000226892F8873092F84B000133A1FB035C4D
:106480000CF4FF7505EB5C055B1B40FA03FCDDB209
:106490001CF0010F16D10133A1FB035C2CF00105A8
:1064A00005EB5C055B1B40FA03FCDDB21CF0010F41
:1064B00008D10133A1FB035121F0010505EB510186
:1064C0005B1ADDB282F8875092F9580016F0D2FDBF
:1064D0002368002283F8A820FFF782FE256895F83C
:1064E0004830A3B16FF00043D5E928129A4208BFA3
:1064F000B1F1FF3F0BD018F0E5FFD5E9282390421A
:1065000071EB030303D301200CF0F8FB18BB38BD7B
:10651000023B012BFBD8244C236893F8A80090B9C8
:10652000FFF7DAF92368052283F8702038BD1E4B87
:106530001B68586F90BBFFF76DF9237A012B94D13C
:10654000194C2268C0E70120FFF7C6F9236806222C
:1065500083F8702038BD25680CF0E6FA044618F080
:10656000B1FF6301E20E1B1B62F10002520242EA1C
:10657000D3525B021B1942F1000C9A014FEA8C1EA8
:10658000D21A4EEA936E6EEB0C0C13194CF100020A
:106590001B1842EB0101C5E9283138BD40F6F30173
:1065A0003220FAF79DFA00BF440C0021ABAAAAAA38
:1065B0002DE9F041A54E86B0336893F8572052B1CB
:1065C00093F88C2005466AB12C78012C15D0022C4A
:1065D0006CD0002C59D0032417F09EF8204606B04A
:1065E000BDE8F08193F88D20002AEDD193F88E302C
:1065F000002BF0D02C78012CE9D117F08DF83468FD
:1066000094F8B930022B6B7800F0838003F0180304
:10661000182B46D194F85430580700F1F7809907A9
:1066200017D08B4A92F900307F2B00F07081002048
:1066300002937F21039094F88630019394F8B93047
:10664000009304F142031170FF22294601F010FB70
:1066500038B3A9690120FEF757FC10B30123326853
:1066600082F894306B69002B00F0E38059780224A3
:10667000C1F3031182F8951059781B7801F00F01CE
:1066800043EA0123A2F89630A8E717F045F83368EB
:1066900093F85420970704D0D3F88C3013F0FF1FE1
:1066A0003DD10324204606B0BDE8F08117F034F850
:1066B000336893F854209207F3D06A7802F01802F6
:1066C000182AEED1624A92F900107F2900F01F814A
:1066D000002002914233039093F84410019193F803
:1066E000771000917F211170FF22294601F0C0FA36
:1066F0000028D6D0A9690120FEF706FC0028D0D0DA
:10670000326882F894406B69002B00F0F78059786A
:10671000AEE703F01903192B3FF47CAFC1E76B78A8
:1067200013F0100FC3F3001714BF0822012232EA3E
:106730000303B6D1AB688DF815408DF816408DF87F
:106740001740002B00F0A4800DF117030DF1160186
:106750000DF115022846FEF799FE31689DF81530B7
:1067600091F84180002B40F0BF804231AB68AA7C99
:10677000404620F08FF978B9336893F85530023BE2
:10678000012B8ED89DF81630002B8AD09DF815303D
:10679000002B86D14FF0FE08002F7CD02C4991F9B8
:1067A00000307F2B00F0B380029300243368424610
:1067B000039493F886004233019093F87700009099
:1067C0007F2008702946204601F052FA00283FF445
:1067D00068AFA9690120FEF797FB00283FF461AF7D
:1067E000336883F894406A69002A00F08B805178FE
:1067F0000224C1F3031183F895105178127801F047
:106800000F0142EA0122A3F89620E7E66B680BBB72
:10681000AB68002B7FF445AFAB699B7813F0E003C6
:106820000CD194F84930002B3FF43BAF94F854302E
:10683000F5E6FF23022482F89530CFE6402BF5D110
:1068400094F84A30002BF1D12BE700BF440C002113
:106850001000002104F15B0394F85A2004F1980120
:1068600094F89E0020F016F9346894F88530082BCF
:1068700003D094F888209A4239D094F85630012BEE
:10688000C6D0002B7FF40DAF00283FF40AAFBFE75E
:106890004FF0FF0880E71F4A92F900307F2B36D077
:1068A00030687F21117090F87020032A05D090F88D
:1068B0007020062A0CBF0324012442462946CDE954
:1068C000023490F8864000F14203019490F8B90038
:1068D0000090002001F0CCF900283FF4E2AE002047
:1068E000032401F0CBFA79E648F0020854E794F863
:1068F0005630012B8CD0002B8AD0D2E6FF2382F8B1
:1069000095306BE6FF22022483F8952066E6FDF7BA
:10691000CFFF00BF1000002130B505468BB00CF052
:1069200097FB354B2C7802466946284604F00F0445
:106930001A7001F001FD072C37D0304D002221469E
:106940006846FFF72DF82B6893F8B930012B0CD06F
:10695000023B022B4AD8032416F0DEFE2D6895F880
:1069600089308BB920460BB030BD062C02D015D82B
:10697000022CF0D821466846FDF7F2FF2D68044648
:1069800095F88930002BEDD017F08AF815F0BAFE93
:106990000023204685F889300BB030BD072CDAD1B2
:1069A0006846FFF705FE0446D8E7144D68462B6895
:1069B00093F8B91001F0FCFC002221466846FEF76E
:1069C000EFFF2B6893F8B930022B07D00BD8012BBF
:1069D0000CD16846FFF7ECFD0446BFE79DF8003098
:1069E000012BB8D1DCE7033B012BD9D941F2F611D9
:1069F0003220FAF775F800BF10000021440C002186
:106A00002DE9F04790B0A64C0D4606A901F094FC84
:106A1000206806A9A93001F04FFD23689DF81810E1
:106A200093F89420914205D1032D1AD09DF8192096
:106A300011076BD40020012601F04AFA256895F869
:106A400089301BB9304610B0BDE8F08717F028F840
:106A500015F058FE0023304685F8893010B0BDE8A7
:106A6000F08793F89520FF2AE0D12A4606A807214F
:106A7000FEF796FF2568D5F88C0030F07F40DAD01D
:106A80000023089F8DF815308DF816308DF81730DB
:106A9000002F52D00DF117030DF115020DF1160163
:106AA00006A8FEF7F3FC25689DF8159095F841803F
:106AB000B9F1000F01D048F002089DF816A09DF82A
:106AC00017709DF81860012E3CD0022E2FD0002E9A
:106AD000B0D195F8543098072DD09DF8193099070A
:106AE00000F19F804FF0FF0895F88E3033B16D4B69
:106AF0001B681BB10D9808B10F999847414606A82D
:106B0000FEF744FA2568B0B1022698E70B9993F88E
:106B100095004A78B0EB121F8CD1097802F00F0271
:106B2000B3F8963041EA02229A4283D19DE795F864
:106B300054309A074CD1012681E7BA46B9464FF046
:106B4000FF08BEE79DF8193095F8A91003F0090277
:106B5000092A05D000293FF472AF1A077FF56FAFFD
:106B600095F854305B0703D595F88D30002B76D11E
:106B700095F88C30002B3FF462AF95F854309F07A6
:106B80003FF45DAF9DF8193013F0020300F0F08080
:106B9000B9F1000F40F08880089B05F142019DF893
:106BA0002A2095F841001FF075FF00287CD1256848
:106BB00095F85530023B012B3FF641AFBAF1000F7B
:106BC0003FF43DAFFE2106A8FEF702F9256836E73F
:106BD00095F88C20002AAED09DF8192002F009010A
:106BE0000929A8D113F0020600F0888012F00206ED
:106BF00000F00581B9F1000F40F05D81002F40F0F9
:106C00004E81256895F85530023B012B93D8BAF197
:106C1000000F90D0FE2106A8FEF7DAF801262568BD
:106C20000DE7B9F1000F7FF45FAF05F1420195F870
:106C30004100089B9DF82A201FF02CFF25680028A2
:106C40007FF452AF95F85530023B012B3FF673AFFE
:106C5000BAF1000F3FF46FAF4FF0FE0844E7002990
:106C600000F0AB80089B8BB1B9F1000F0ED1002F63
:106C70003FF47EAF05F1420195F841009DF82A20CE
:106C80001FF008FF256800283FF472AF05F190005F
:106C90001FF051FB256800283FF46AAF0C26CEE6B2
:106CA000440C0021380100219C4991F900207F2AE1
:106CB00000F0318123687F20087093F87010032959
:106CC00000F09B8093F8701006290CBF032101216E
:106CD0004233CDE9022193F84400424606A90190CF
:106CE00093F877000090002000F0C2FF00283FF4E6
:106CF000A5AE002001F0C2F82568A0E612F002025D
:106D000000F0A480B9F1000F0BD1089B05F14201FE
:106D10009DF82A2095F841001FF0BCFE00283FF4A2
:106D200070AF7E4991F900207F2A00F0F48023683B
:106D30007F20087093F87010032905D093F8701025
:106D400006290CBF0326012606A94233CDE90226F7
:106D500093F844004246019093F877000090002099
:106D600000F086FF002840F094802568012666E642
:106D70006A4991F900207F2A00F0CD807F200870B9
:106D800095F87010032905D095F87030062B0CBFCC
:106D90000323012306A90020CDE9022395F88630BC
:106DA000019305F1420395F8B9200092FF2200F00B
:106DB0005FFF00283FF442AE9BE705F15B0395F8C7
:106DC0005A2005F1980195F89E001FF063FE256892
:106DD00095F88530082B04D095F888209A4200F069
:106DE000918095F85630012B3FF43CAF002B7FF497
:106DF000BFAE00283FF4BCAE34E7002168E7474B44
:106E000093F900507F2D00F086807F2231460320C9
:106E10001A70FEF7BDFB23683046012602954246F4
:106E200006A90396423393F84450019593F877509E
:106E3000009500F01DFF00283FF400AE2068903060
:106E40001FF079FA28B325680B26F8E5334991F944
:106E500000307F2B5FD07F20087095F870100329D9
:106E600005D095F87020062A0CBF0322012206A93E
:106E70000020CDE9023295F8862005F14203019207
:106E800095F8B9200092FF2200F0F2FE00283FF4AE
:106E90006CAF0020012600F0F1FF2568CFE5089BCC
:106EA00005F142019DF82A2095F841001FF0F2FDFE
:106EB00000283FF4A6AE194B93F900507F2D2AD03D
:106EC0007F220021032001261A70FEF761FB236850
:106ED0004246029506A90396423393F84400019076
:106EE00093F877000090002000F0C2FE00283FF4E5
:106EF000A5AD206890301FF01EFA256800283FF4E9
:106F00009EADA1E795F85630012B3FF4ABAE002BB8
:106F10003FF4A8AE2CE6FDF7CBFC00BF100000212B
:106F200010B504460CF094F8084A2378107003F06A
:106F30000F03072B05D120460321BDE81040FFF7C2
:106F40005FBD002000F0C4FF012010BD1000002133
:106F500010B504460CF07CF8084A2378107003F052
:106F60000F03072B05D120460121BDE81040FFF794
:106F700047BD002000F0ACFF012010BD1000002133
:106F800090F83E00003818BF01207047007A0038A2
:106F900018BF0120704700BF036D10B583B10222F6
:106FA000FF21044642721A884FF6FF7380F82710BB
:106FB00003850649428120F017FD0023236510BD9B
:106FC00040F229313220F9F78BFD00BF3544000132
:106FD0002DE9F843012107460020FAF73BFE012185
:106FE00004460846FAF736FE0546204602F0C0F988
:106FF00002E094F870301BB194F87030012BF8D196
:10700000002D42D0284602F0B3F902E095F8703026
:107010001BB195F87030012BF8D100F083FD0021F1
:1070200040F201194FF007080E463F2220461BF0A0
:10703000EDFB04F16400A4F84C9084F8546084F8EB
:10704000876084F8587084F84B801FF012FD3F224F
:1070500031462846E6661BF0D9FB05F16400A5F829
:107060004C9085F8546085F8876085F8587085F8ED
:107070004B801FF0FEFCEE66002384F8AF30C4F8AE
:10708000B03084F8B430BDE8F88300F04BFD3F2207
:10709000294620461BF0BAFB40F20112072304F1F7
:1070A000640084F85450A4F84C2084F8875084F885
:1070B000587084F84B301FF0DCFCE566DCE700BF5D
:1070C000F8B503461C4E0F46002001217360FAF705
:1070D00083FD38B34FF4A072002104461BF096FBE9
:1070E00001210846FAF778FD054688B14FF4A072F1
:1070F00000211BF08BFBB368CBB13846FFF768FF6C
:10710000204602F017F92846BDE8F84002F012B90F
:10711000B36863B13846FFF75BFF2046BDE8F8402F
:1071200002F008B940F649013220F9F7D9FC40F6DF
:1071300053013220F9F7D4FC440C0021014B024AE0
:107140009A607047440C00213C0100210349044827
:10715000044B054A08601A60704700BF38010021DF
:1071600085530001A40000212D520001036823B1C2
:10717000054A916813600B68184740F61D113220CC
:1071800010B5F9F7ADFC00BF440C002138B50F4D28
:10719000002000F09DFE2C6894F8893063B900232C
:1071A0000121204684F87010A4F8BA3084F8BC306D
:1071B000BDE8384002F0A0BB16F072FC15F0A2FA50
:1071C000002384F889302C68E9E700BF440C0021D3
:1071D00080F84B10704700BF11F001031FD04FF033
:1071E000010C0222634680F8BDC011F0020F0ED0E0
:1071F00000EB030C490700B54FF0020E8CF8BDE020
:1072000003D51044042380F8BD305DF804FB4A0721
:1072100004D51844042380F8BD307047704701221C
:10722000E3E700BF80F85710704700BF38B5054648
:1072300090F84000A0F1020CBCF1010F98BF0029AA
:107240000CBF0124002408D010F0FD0FBDE8384029
:1072500014BF012000200BF01FBA12F0FD0F1946D9
:1072600014BF012000201FF04FFC082801D0204649
:1072700038BD95F84000E7E790F8403013F0FD0F77
:1072800014BF012000200BF007BA00BF90F8B42013
:10729000F2B908B5034602F0FF0093F85420022A21
:1072A00007D0012A08BF04290CBF0120002002D00A
:1072B00008BD0429FCD1D3F834215AB91A6D72B132
:1072C000042283F8B520FF2283F8B420012008BDF2
:1072D0000020704740F69B113220F9F701FC40F680
:1072E0009C113220F9F7FCFB80F84010704700BF7A
:1072F00038B590F84030044600F1420113F0FD0F1C
:1073000014BF0120002084F841000BF0ADF994F87F
:107310004030023BDBB2012B94BF0123002384F8F1
:10732000483000D938BD0BF0FFFB054618F0CAF80D
:107330006B01EA0E5B1B62F10002520242EAD35279
:107340005B025B1942F1000C9A014FEA8C1ED21AC3
:107350004EEA936E6EEB0C0C53194CF100021B18A5
:107360004FF0000042EB0101C4E928310BF0C6FCEC
:107370000028D7D140F6B6113220F9F7B1FB00BF93
:10738000B1F1000C4FF0080110B504460CBF01200C
:10739000002084F856C084F84D0084F8881009D184
:1073A00012F0FD0F194614BF012000201FF0ACFBA6
:1073B00084F8880010BD00BF08B5A2B180F85A104B
:1073C000D2F800C0036DC0F85BC090F841109288FD
:1073D000A0F85F205972D0F84220C3F80A20B0F814
:1073E0004620DA8108BD40F6D4113220F9F778FB47
:1073F00080F84910704700BF80F84A10704700BFFE
:107400002DE9F041D0F8E0509DF81840954203D1A5
:1074100090F840208A4202D00020BDE8F08114F0AC
:10742000020190F83A5126D00026B4463146324641
:1074300012E04EEA010100EB820253F82C700CF1CD
:10744000010E0136D2F8E4205FFA8EFC7632BA42A1
:10745000E2D1F2B295422CD300EB020E0CF10108FE
:107460009EF8BDE0AEF10307012FE2D841F0040120
:107470005FFA88FCDFE78E460A4601E0954218D3A2
:1074800086180EF1010E96F8BD60F71E012F53F815
:10749000227088BF314300EB820698BF41F004019F
:1074A0005FFA8EF2D6F8E46006F1760C6745E5D017
:1074B000B2E704F00500401AB0FA80F04009BDE8D8
:1074C000F08100BF90F85430024659070DD413F0F4
:1074D000030000D1704792F8550000F0FD00A0F1C4
:1074E0000100B0FA80F04009704790F85600A0F112
:1074F0000100B0FA80F04009704700BF10B50446A3
:1075000011B190F889307BB994F854309B0707D1BA
:107510000023A4F8BA3084F8BC3084F8703010BD71
:10752000002000F0D5FCF3E716F0BAFA15F0EAF8FF
:10753000002384F88930E7E790301EF005BF00BFD4
:107540000149363020F050BA2144000110B5012124
:1075500004460020FAF77EFB78B3637880F8543055
:10756000227812F0010323D1012112F0020F05D07D
:1075700000EB030C0B4602218CF8BD10520703D51B
:107580000344042283F8BD20A37880F84030E378D8
:1075900013F0FD0F80F855300CBF0123002380F855
:1075A0004C30237980F84B30637980F8573010BD28
:1075B0000123022180F8BD30D7E740F66B2132204D
:1075C000F9F78EFA10B590F87030022B0BD1044603
:1075D000002000F07DFC0023A4F8BA3084F8BC3011
:1075E00084F8703010BD40F697213220F9F778FA10
:1075F00008B5002364301A4619460AF079FF0028BE
:107600000CBF0C20002008BD10B50121044600204D
:10761000FAF720FB68B1034690F8AF2002F0FF00B4
:107620002AB9C3F8B040FF2283F8AF2010BD0C2068
:1076300010BD40F6CC213220F9F752FA08B50121ED
:107640000020FAF707FB18B1002380F8AF3008BD1F
:1076500040F6DD213220F9F743FA00BF38B50121A9
:107660000020FAF7F7FAF0B1044690F8AF30BBB15A
:10767000002380F8AF30D0F8B0000121503022F064
:10768000EBF8D4F8B03093F8443003F0FF053BB981
:10769000D4F8B00012F09CFE2846C4F8B05038BDB3
:1076A0000C25284638BD40F6E4213220F9F718FAB7
:1076B00008B501210020FAF7CDFA28B190F8AF0003
:1076C000003818BF012008BD40F607313220F9F715
:1076D00007FA00BF2DE9F04304468DB00D460020A7
:1076E0000121FAF7B7FA002800F0F8810646C03009
:1076F00001F05AFE002847D096F85430042B43D0AE
:10770000666A002E00F03781B34F07F10C039E42EA
:1077100062D007F108039E425ED006F137090AF0F5
:1077200061FE074602A9484600F006FE002F40F021
:107730002E81E37A05F11C00DB0600F12E81002E7C
:1077400000F0B5809DF80830022B00F0B0800146B3
:1077500094F82E30E52248461FF0E3FD94F82E30D1
:1077600080464846434484F82E301FF0D2FD94F8FA
:107770002E30181AB0FA80F04009002F32D108F1EB
:107780001803954FDBB29AE03046FFF7F9FB00286B
:10779000B6D1914F07F1080507F10C060023626A84
:1077A000002A00F00681616A0A68A94262620B70D1
:1077B0004B708B70CB70F2D0B142F0D038681CF0B7
:1077C0008AF8EFF3108272B63B790133DBB23B717A
:1077D000002AE3D162B6E1E70AF004FE00286AD08D
:1077E0004FF00008E37AD90640F181815A0703D5AA
:1077F000E37EFE2B00F04A81032108F10A03297081
:10780000A27A02FB03F3EA7002336B70637B6B7145
:10781000D4F80E30C5F80630638A85F80C80A84489
:107820006B81237E88F80D30E37A13F0080700F0AF
:107830000C81DFF8A8810423674F46452B715FD187
:107840002B79022262F34613626A2B716AB1EFF35D
:10785000108272B6636A19686162002A00F0A7801C
:1078600000221A705A709A70DA70A4F10801386810
:107870001CF031F8EFF3108272B63B790133DBB2C2
:107880003B71002A00F0918002264FF004088DF829
:1078900004808DF805609DF8042000209DF80530D7
:1078A00062F3070063F30F200DB0BDE8F083002FF3
:1078B00040F01D81484F18234FF00008012004229A
:1078C0002A70A27A02FB03F3EA7002336B70D4F8D9
:1078D0000B20D4F80F30D4F813C0D4F817106A6016
:1078E000AB60C5F80CC02961D4F81B20D4F81F3058
:1078F0006A61AB6185F81B80DFF8E08046459FD068
:1079000008F104094E456BD0002E00F0908050B372
:10791000636A63B1EFF3108272B6636A19686162D9
:1079200002B962B600221A705A709A70DA70314643
:1079300038681BF0D0FFEFF3108272B63B79013349
:10794000DBB23B7102B962B6636A0022434584F838
:107950002E203FF475AF4B4500F0B4809DF8083001
:10796000022B00F088802B7901264FF0040866F383
:1079700046132B718BE704F12F090AF033FD0746FC
:1079800002A9484600F0D8FC002F3FF4D2AEE37ABB
:1079900005F10D00DB067FF5D2AE9DF81880059944
:1079A00042461AF0BDFE0120E7E662B66CE762B619
:1079B00056E7A4F1080138681BF08DFFEFF3108241
:1079C00072B63B790133DBB23B7102B962B64FF458
:1079D0000073ADF804305EE7500C0021580C002114
:1079E000636A63B1EFF3108272B6636A1968616209
:1079F00002B962B600221A705A709A70DA70637D0A
:107A000093BB2A794FF0040863F346122A71A4F15C
:107A1000080138681BF05FFFEFF3108272B63B7904
:107A20000133DBB23B71EAB962B602262FE794F864
:107A30000B8018F010083FF42AAF2B79A4F108014D
:107A4000386866F346132B7112E703F00302032A2A
:107A500019D05B070BD4022A3DD0002A43D1264F10
:107A6000297149E7022612E74FF00008CFE701230A
:107A7000214F2B7140E72B7901264FF0040823F0AA
:107A800068032B7103E72F711B4F35E711221A4F43
:107A90002A70A27AEA70120102326A7001222A71F7
:107AA000627B6A71D4F80E20C5F80620628A2B73B7
:107AB0006A81E369C5F80D30238CA5F81130237E67
:107AC000EB7419E72B7962F34613626A2B71002A73
:107AD0007FF4BDAEC9E6084F2A710DE74FF4E1719E
:107AE0003320F8F7FDFF9D213320F8F7F9FF5621E9
:107AF0003320F8F7F5FF00BF500C0021303270B58D
:107B0000054692B20C461E461BF0ADFE35B1044A46
:107B100000231560147456741471536170BD00BF56
:107B2000500C002138B5054C00252068A5611BF0DC
:107B3000BCFE237C6561237138BD00BF500C002161
:107B4000014B587C704700BF500C002138B51C4DCC
:107B50006C6954BB28681BF0AEFE0346686148B3ED
:107B60002A7908301C63013A9C86A861D2B2C3F816
:107B70001140C3F815402A71C3F81940C3F81D40DD
:107B8000C3F82140C3F82540DC62A3F829401C74E7
:107B90000125DA7CFF2147F6FF7465F34612DC838A
:107BA000597583F82310DA7438BD4FF4A47133206B
:107BB000F8F796FF40F24B113320F8F791FF00BF22
:107BC000500C002108B50A4B5B6933B103F1080280
:107BD000904207D103F1370008BD40F25B1133201A
:107BE000F8F77EFF40F25D113320F8F779FF00BF10
:107BF000500C002110B50A4C606908B1373010BD37
:107C000020681BF058FE606128B123793730013BB2
:107C1000DBB2237110BD4FF4B4713320F8F760FF6D
:107C2000500C002110B5114C6169D1B120681BF0D6
:107C300052FE2379D4E9052101330832DBB29142A7
:107C400023714FF000030ED0636149B108392068F9
:107C50001BF041FE237900220133A261DBB22371C4
:107C600010BDA169F1E7C4E9053310BD500C002136
:107C70002DE9F0477D4E17460D469DF820C032791C
:107C80009DF824009DF928109DF82C90002A00F002
:107C9000AB8098467369002B00F0D080B469002C4B
:107CA00000F0D080EA684AB195F810E0A28D7244E5
:107CB00040F2726E724500F3BA80A28501220CF187
:107CC000FF3C21765FFA8CFCA272B9F1000F00F044
:107CD0008380BCF1030F00F2BA80654A12F80C20D1
:107CE000627583F811906A691AB15278C2F303126F
:107CF000A275EA6912B15288A4F8192095F800A07B
:107D0000E17AAAF10102D5F808C0B2FA82F252096A
:107D100062F30001BAFA8AF2C1F3400E5209BAF1D5
:107D2000020F08BF4EF0010E6EF3410102EA51024C
:107D300062F3C301E172BCF1000F03D0CAB242F09A
:107D40000402E2722A6A12B192F90020E2756A68AE
:107D500082B1082804F10E025BD004F10D010AF093
:107D6000E9FE00287DD0637B43F0020363737369EF
:107D7000D5F808C0BCF1000F0BD0BA1E04F11C01ED
:107D8000012A3ED9DCF80020E261BCF804208A8098
:107D9000E776B9F1000F0FD000221A705A709A706E
:107DA000DA70626A002A3FD0A26A1360A362314986
:107DB00020461FF025FE7369AA6932B15178927886
:107DC00002F01F0251EA022213D0002B44D00023FC
:107DD00001207361BDE8F087BCF1030F37D8244A56
:107DE00012F80C2022757CE702F0FF031846BDE86C
:107DF000F087616AB260E9B1A16A1F4A0A60A262B3
:107E0000E3E7D8F80020E261B8F804208A80E7763A
:107E1000BFE7697C617369680868C4F80E008988E7
:107E20009180D5F808C0A5E76362A362BFE7002090
:107E3000BDE8F087104A6262A262C6E75021332093
:107E4000F8F74EFE4FF444713320F8F749FE40F244
:107E50000B310620F8F744FE4FF4D1713320F8F7C8
:107E60003FFEBC213320F8F73BFE00BF500C002141
:107E70006C520301D5760001580C002138B5124D23
:107E8000AC69DCB1114920461FF0BAFD0023EB605C
:107E9000EFF3108272B6636A4BB1A16A05F10C036D
:107EA0000B60A36202B962B60023AB6138BD05F175
:107EB0000C036362A362002AF6D1F4E740F2733147
:107EC0003320F8F70DFE00BF500C0021D5760001DD
:107ED00038B51E4CA3691BB35A7D0AB30022A260B9
:107EE000EFF3108172B65A6AEAB1986A04F1080297
:107EF00002609A62A9B1A56915B3154928461FF019
:107F00007FFD0023E360EFF3108272B66B6A8BB1E2
:107F1000A96A104B0B60AB6202B962B60023A36181
:107F200038BD62B6E7E704F108025A629A62002996
:107F3000E1D1F6E7074B6B62AB62002AEED1ECE7CA
:107F400040F273313320F8F7CBFD00BF500C002115
:107F5000D57600015C0C00212DE9F843524D0F4607
:107F6000002604682979984606609DF820909DF8BF
:107F700024009DF9283081B9A4F1080128681BF07C
:107F8000AAFC2B790133DBB22B7100236A69AB6148
:107F9000002A7FD06B61BDE8F8830121C4F8096035
:107FA000C4F80D60C4F81160C4F81560C4F8196015
:107FB000C4F81D60A4F82160A172062A65D8DFE824
:107FC00002F02A3138643D640400E27A22F01202A1
:107FD00042F01202E27223760123082804F10E0215
:107FE000237547F6FF73E3822FD004F10D010AF0E9
:107FF000A1FD002853D0637B43F002036373E37A4F
:108000005B072DD4FF23E376002323722749204604
:108010001FF0EDFCB9E7E27A22F0130242F01302FE
:10802000E272D8E7E27A22F0150242F01502E2721B
:10803000D1E7E27A42F01002E272CCE7E27A22F073
:108040001A0242F01A02E272C5E77B7C63737B6816
:108050001968C4F80E109B889380E37A5B07D1D52A
:10806000A9F1020304F11C02012B07D9BB681968AE
:10807000E1619B88938084F81B90C5E7D8F80030B5
:10808000E361B8F804309380F5E74FF4757133205D
:10809000F8F726FD4FF4D1713320F8F721FDBC210C
:1080A0003320F8F71DFD00BF500C0021D5760001EC
:1080B000F8B53B4D8446002610462A790F46DCF879
:1080C00000409DF91810CCF800607AB9A4F10801BD
:1080D00028681BF000FC2B790133DBB22B710023E5
:1080E0006A69AB61002A52D06B61F8BDC4F80960BF
:1080F00008286289C4F81560217641F6012122F42E
:10810000DF52C4F8116041EA032141F6FF3322F047
:108110001F02C4F80D6003EA0103C4F81960C4F833
:108120001D6043EA0203A4F8216004F10E0263819A
:108130004FF00103237547F6FF73E38214D004F177
:108140000D010AF0F7FC38B3637B43F0020363735D
:10815000E37A5B0713D4FF23E376002323721149EC
:1081600020461FF044FCBAE77B7C63737B68196888
:10817000C4F80E109B889380E37A5B07EBD5BB684D
:10818000FF221968E1619B88E2762384E5E74FF4DA
:10819000D1713320F8F7A4FCBC213320F8F7A0FC00
:1081A000500C0021D5760001034B986918B1407B33
:1081B000FF3818BF01207047500C002108B5064B4E
:1081C0009B6923B1D87EFF3818BF012008BD40F25B
:1081D00034413320F8F784FC500C002108B5064BDD
:1081E0009B6923B1987DFF3818BF012008BD40F27C
:1081F0003F413320F8F774FC500C002170B50C4659
:10820000164605461EF0F3FE0346284663741EF02C
:10821000F9FEA074062E13D8DFE806F00419041244
:108220000412040000230121EA1C6170C4E9012347
:108230006B78063BDBB223743BB10935E56070BD5A
:10824000002363702374C4E90133E36070BD03212C
:1082500000236A18093561702374E360C4E90125BD
:1082600070BD00BF70B50C46C17811F03F015CD005
:1082700005461EF0BCFE0346284663741EF0C2FE8F
:10828000A0742B796370E878830923702B7913F03D
:10829000010641D14FF0050C4FF00B0E624613F072
:1082A0000201666002D005EB0C017246A16059071D
:1082B00001D50132D2B213F0080102D0961CA918E0
:1082C000F2B2616113F0100102D0D61CA918F2B20B
:1082D000A16113F0200103D002F11206A918F2B235
:1082E00013F04003E16102D0AB180132D2B200F0CA
:1082F0003F002362011D891A11F0FF0114BFAB1862
:108300000B4663626B78013B1B1ADBB2237453B1DB
:108310000A441544E56070BD4FF00B0C6E1D4FF024
:10832000110E6246BBE7E36070BD20462822BDE81F
:1083300070401AF06BBA00BF70B5067806F00F06F1
:10834000072E26D00C4605461EF051FE0346284651
:1083500063741EF057FEA074062E13D8DFE806F0F3
:10836000041D04120412040000230121EA1C6170A0
:10837000C4E901236B78063BDBB223743BB10935BA
:10838000E56070BD002363702374C4E90133E360CA
:1083900070BDBDE87040FFF765BF032100236A1878
:1083A000093561702374E360C4E9012570BD00BF25
:1083B0000378012B2FD0022B23D00339C9B2A3B1EC
:1083C000012908D9427800236FF34512C361037471
:1083D000C360427070474378DA06F3D543780022D1
:1083E0006FF3861302624370ECE7012923D94378C7
:1083F000DB06E7D4437800226FF3C3034261437086
:10840000DEE743780022033923F003034260C9B258
:1084100082604370D4E74278002302296FF341025F
:1084200083604270CED0D2B20339436063F300025E
:10843000C9B24270C4E7427812F0100FDAD022F0CD
:108440000302C0E90133D3064270C7D4D2E700BFAC
:10845000012300225940037043700371C2704271BE
:108460008170704710B4012B124C9DF804C0C0F805
:10847000024004D0022B17D083B110BC7047ACF17E
:10848000020C4FF0000310BCBCFA8CFC4FEA5C1CE1
:108490006CF307036CF30F230380704710BC01706B
:1084A00042700371C37070470022012310BC028028
:1084B000437170470001010003782BB14B78002213
:1084C0006FF300034A604B7043782BB14B78002266
:1084D0006FF341038A604B7003792BB14B78002214
:1084E0006FF34513CA614B7083782BB14B78002230
:1084F0006FF3C3034A614B70C3782BB14B780022F2
:108500006FF304138A614B70437913B100230B742A
:10851000CB6070474378002223F022038260C2615F
:1085200043707047042816D003280DD0022840F26B
:10853000762240F2464340F6480004BF13464FF40B
:10854000856018449630704740F6A22341F2BE1071
:1085500018449630704741F6067344F29020184450
:108560009630704740F2F521212008B5F8F7B8FAA7
:1085700040F29B31212008B5F8F7B2FA70B50446F5
:10858000FF2380F8313190F8B80018F01FFF94F8FD
:10859000B80019F0ABFA00212046FEF7AFFF94F8BF
:1085A00038313BB1D4F8283153B104F5847001F06F
:1085B000ADFF09E0D4F8340110B1D4F82831FBB193
:1085C00004F5847001F004FF002684F8316194F80A
:1085D0003851204615F0FF0518BF0C25FFF708F8A5
:1085E00084F83861C4F8346184F8306194F8B800D4
:1085F00018F07CFB48B12023284684F8B83070BDC1
:1086000000F5007001F0E4FEDAE7FFF7ABFF00BF12
:10861000F8B5044616F056FF05460E46D4F8342148
:10862000002A56D04FF0000C94F83A016146634698
:1086300004EB83030CF1010CD3F8E4205FFA8CF314
:10864000763283421144F3D9D4F8E070B94214BFB2
:1086500001270227384619F0D1F83F2837D9431CA3
:108660005DD0D4E93C3219188A4298BFD01AD4F8A8
:10867000C030D4F8C4205B1B62EB0606012B76F1F8
:10868000000255DB00229842B2415ADA41F28836A4
:10869000864228BF0646C5F1900516F013FF054433
:1086A000B54214D83946304619F0FCF878B9D4F8F8
:1086B000F030D4E93D20334430449342C4F8F030E4
:1086C000C4F8F80044D0BDE8F84019F049B80020DB
:1086D000F8BDD4F8E0C0072794F83A0111461346D4
:1086E000ACFB07E704EB83030132D3F8E4307633C5
:1086F0001944D3B28342F5D98C451BD0D4F8D82085
:10870000D4F8C830D4F8DC109B1AD4F8CC2062EB33
:108710000102734572EB070311D301279AE7D4E9ED
:108720003C30C61A41F288339E4228BF1E46B2E74B
:108730000026B0E75EEA070301D003278AE7022795
:1087400088E741F28830834228BF03461E46A2E7ED
:10875000D4E94223C4E93623B5E700BF2DE9F04F41
:1087600091B004461E460F46BDF86830029205934C
:1087700016F0A8FED4F8E4A08346049194F83A01D8
:108780000AF176010D4650B1012304EB8302013357
:10879000D2F8E420DBB2763283421544F5D9D4F81E
:1087A000E090A94566D1002E64D094F83031002BBA
:1087B00040F03882029B002B40F0B8836FF00043FA
:1087C000D4E930129A4208BFB1F1FF3F00F069824C
:1087D00094F83931234493F8BD00431EDBB2032BD8
:1087E00000F2E883C34A0428D35C00F09083053389
:1087F0000328DBB200F09683022800F0858305335E
:10880000DD0015F083FC4AF2A133BB4A05F58875FB
:10881000034400260AA8A2FB03238DF8286005EB79
:1088200093151BF5B2730E93049B0B9543F1000354
:108830000F930223ADF8303018F080FA002800F0D2
:10884000CC830E9AD4F8C0300F999B1AD4F8C42068
:1088500062EB01025B1B62F10003002B80F26B8371
:10886000B246012206965E46DDF810805346D14698
:108870000392A9E0029B002B40F04281002E40F0C1
:10888000DC81D4F808210BF5B276D4F80C31ABEBCF
:108890000205B5FBF9F509FB05F5AD18A6EB0506D4
:1088A00043F10008B14594BFA6EB09023246002807
:1088B00000F027838A42C0F0E782A2F17609012105
:1088C000A9EB0A02012819D0D4F8E83003F1760C9C
:1088D000624505D3A2F176090131A9EB0302C9B2C1
:1088E00002280BD0D4F8EC3003F17600824205D395
:1088F000A2F176090131A9EB0302C9B204EB8103AD
:10890000D3F8E4A00B46E01890F8BD0000F1FF3C5E
:108910005FFA8CFCBCF1030F00F24C83DFF8D4E16A
:1089200004281EF80CC00CF105095FFA89F900F063
:10893000C582032800F0D682022800F0EE8209F1F9
:1089400005094FEAC9090391CDE9052315F0DEFBBE
:108950004AF2A13C059A8444039902F58870814447
:108960006548A0FB0C30069B09EB9010504500F2C7
:108970006A8204EB8301D1F8E410A1EB020ABAF198
:10898000000FC0F23F837619D4F80811D4F8C8203C
:1089900048F10008D4F80C51521A00F12D83D4F894
:1089A000E000B2FBF0F200FB02F2521845F10005C4
:1089B000B6EB0209C4E9422500F11E830122B9FB8E
:1089C000F0F9069200220392E21892F8BD00421ECE
:1089D000D2B2032A00F2EE82464904288A5C02F1F0
:1089E0000505EDB200F0CE81032800F0F1810228E8
:1089F00000F024820535ED00059315F087FB4AF25F
:108A0000A13205F5887502443B48A0FB023205EB14
:108A10009215D4F8C020911BD4F8C42062EB080250
:108A2000012972F10003059BC0F2A98100208A454B
:108A300070EB020200DB8A4604EB8303D3F8E40008
:108A4000504528BF5046C4F8F400B9F1000F03D0D8
:108A5000069B002B40F0C281D4F83431029A2AB12F
:108A6000D4E94212C4E93268C4E936120022C4F8DB
:108A7000F050C4E934687A72002B00F0878194F8D2
:108A80003AC11146134604EB83030132D3F8E430B4
:108A900076331944D3B29C45F5D2D4F8E0309942EC
:108AA00014BF012302233B72039B7D60002B00F067
:108AB00062810123049A3B70D4F8C030D4F8C4100A
:108AC000B3EB0B0361EB0201012B71F10002C0F269
:108AD00083810A4A00249A4274EB010100DA1346AA
:108AE0005B1B3B6185428CBF0020012011B0BDE8BB
:108AF000F08F00BF70520301D34D62100040420F4F
:108B00000123069300230393049B1BF5FA6643F1AC
:108B1000000801F021FD01F0A9FCD4F8342103463E
:108B2000002A39D000210790D2F8080201F0AAFCEF
:108B3000079B0146834200F0AF81D4F834010993CA
:108B400000F50070089101F061FC0022C4F82821B2
:108B5000D4F83421DDE908130792002A00F0478297
:108B60000891002900F09281099301F001FDDDE9EF
:108B70000813002800F0368288680A68DDF81CC0F7
:108B800012184868CCF8002240F10002CCF8042208
:108B9000B1F92420ACF82422194604F58470079317
:108BA00001F034FC079B1BB1B3F92420A4F82C215D
:108BB000A9450CBFD4F81051D4F8E050002B00F0B8
:108BC00061811A689868596880182A4641F1000145
:108BD000CDE9006801F07EFC85428146C0F0F88155
:108BE000861948F1000801F0BDFCD4F8E01001F24C
:108BF000CF7202EB0903B3FBF1F301FB03F3F31AAA
:108C0000C4F8083168F10003C4F80C31059B002B4F
:108C10003AD14FF0FF306FF000414FF00109C4E945
:108C20003001D1E6B4F92C31002B3FF4C3AD029BE7
:108C3000002B7FF465AFD4F8E0900023D4E9420222
:108C4000ABEB000610EB0901B6FBF9F609FB06F6E3
:108C500042F100087618A6EB0B0248F10008B2F5C5
:108C6000B27F29D2D4F8D0200393121AB2FBF9F2C2
:108C700009FB02000122301A19EB0606069248F1A0
:108C80000008B0FBF9F99FE61846314642F210732E
:108C900042464FF00109E0FB03120023C4E9301201
:108CA00092E6DDF8089001225E46DDF810804B4622
:108CB000CDF81890039287E694F8BD008DF828301F
:108CC000431EDBB2032B00F27581CC4A0428D35C2F
:108CD00003F10505EDB200F01081032800F0548186
:108CE000022800F055810535ED0015F00FFAD4F893
:108CF0000821D4F8D03005F58875D4F8E0109B1A17
:108D0000D4F83461B3FBF1F301FB03F39B184AF28F
:108D1000A1320244BA480E93A0FB0202D4F80C011F
:108D200005EB921240F100000B9200220F908DF89B
:108D30003120002E00F0088194F83A511046134675
:108D400004EB83030132D3F8E43076331844D3B212
:108D50009D42F5D281420CBF022001208DF83000E7
:108D60000AA81DF021FF00230122814603930692E9
:108D7000DDE90E6828E63B70C7E90468B2E64FF00B
:108D8000000A59E6AD0105F5C87535E6D4F8E0A04E
:108D900007211A4694F83A919E46AAFB01C104EBBA
:108DA00083030132D3F8E43076339E44D3B299453D
:108DB000F5D2F24559D0D4F8D830D4F8DC20F31AE3
:108DC00068EB0202634572EB01033AD301236AE6C2
:108DD0002D0105F5BF750FE6002381E64FEA49092D
:108DE000B4F92C011FFA89F11EF0F1FEB4F82C2120
:108DF000D4F83431121A12B2A4F82C2163B1A3F8BA
:108E00002422D3F800221218C3F80022D3F8042237
:108E100042EBE072C3F80422C117D4F808213618D7
:108E200041EB08081018D4F80C21C4F8080141EBF4
:108E30000202D4F8F400C4F80C210FE60635AD00A8
:108E4000DAE502232FE694F83A218A423BD9D4F896
:108E5000E0204B1C9642DBB280F0B08004EB830232
:108E6000D2F8E4A00AF1760689E5D4F8C830D4F83F
:108E7000CC20F31A68EB0202634572EB0103E0D2E7
:108E8000032310E69946AEE600211BE500200021F1
:108E9000079AC2E980017FE6D4F834C1D4F81021E2
:108EA000DCF80802CDF81CC0824238BF0246C4F884
:108EB00010210CF50072C4F8282151E64FEA8919F7
:108EC00009F5C8793FE5D4F8E02096420FD3B6EB18
:108ED000420F4FEA420176D204EB83020E46D2F8EB
:108EE000E4A04CE54FEA091909F5BF792BE51646D0
:108EF00004EB8302D2F8E4A041E5AD0105F5C875A5
:108F0000F3E601460346FEE406339D0079E40533AB
:108F1000DBB29B0103F5C87573E409F106094FEA5A
:108F2000890910E51B0103F5BF756AE40023069368
:108F300001230393E8E5B146012206965E46DDF87B
:108F400010804B4603923FE5072594F83AE1B4467A
:108F50003246A1FB055804EB82020136D2F8E42028
:108F600076329444F2B29645F5D2614515D0D4F8E4
:108F7000D8209B1AD4F8DC2060EB0202AB4272EBE3
:108F8000080308D30120E9E62D0105F5BF75ACE61D
:108F90000635AD00A9E60220E0E6D4F8C8209A1A0A
:108FA000D4F8CC3060EB0303AA4273EB0803F2D28F
:108FB0000320D3E6FD210520F7F792FD40F21E4184
:108FC0002120F7F78DFD40F23B412120F7F788FD86
:108FD00040F25E312120F7F783FD40F28A412120E3
:108FE000F7F77EFD40F2F1612120F7F779FD40F2BD
:108FF000EB612120F7F774FDFFF7BAFA7052030115
:10900000D34D621040F244412120F7F769FD00BFC3
:10901000F0B5044689B0072900F2E980DFE811F0D5
:109020005C00360036006B00E70070000B00E200C9
:109030002046FEF785FA94F83031002B00F00B81C2
:1090400094F83831002B3ED1D4F8340120B1D4F853
:109050002831002B00F0F88004F5847001F0B8F995
:109060002046FEF7C5FA002384F83831C4F83431BD
:1090700084F8303194F8B80017F038FE002800F07A
:10908000E880202384F8B83009B0F0BD90F8BC30F7
:1090900090F8BB2003F01F0352EA032340F09F80A7
:1090A0000022012302A920460092FFF757FB002867
:1090B000BED002A994F8B80017F02CFF002800F0E9
:1090C000D18009B0F0BDD4F82831002BC4D004F50C
:1090D000847001F01BFAC3E790F8313103F0FF050B
:1090E00023B30121FEF70AFA14F0A0FB09B0BDE892
:1090F000F04017F085BC09B0BDE8F04014F0C8BDE1
:1091000090F831316BB990F8BC3090F8BB2003F087
:109110001F0352EA03235CD090F8B930033B012BC4
:1091200072D909B0BDE8F040FEF730B817F0F8FD8D
:10913000D4F80831B0EB030CC4E9320100F190809F
:1091400094F83A61D4F8E07002940595B6B1BCFB8E
:10915000F7F207FB02332A46C01A2B4604EB8303BF
:10916000D3F8E43003F17601884203D37638013531
:10917000C01AEDB20132D3B29E42EFD294F8BC30A5
:1091800094F8BB2003F01F0384F839518DF8185070
:1091900052EA032330D1BC4538BF0123BC4534BF5C
:1091A000002701278DF8103002A88DF81970FDF7FF
:1091B000DDFFD4F8F000A0F58070C4F8F80018F0D6
:1091C000CFFA00287FF47DAF40F2A5112120F7F7F8
:1091D00087FCFFF71DFA00287FF473AFA1E7FEF7C5
:1091E000F1F95DE740F2D9112120F7F779FC40F25F
:1091F000DD112120F7F774FCD4F8FC2003230027AD
:1092000003928DF81030CFE790F80031002B88D111
:10921000012144F2365084F8001118F043FB002875
:109220007FF47FAFD4F8F03044F23652D4F8F8002F
:1092300013441044C4F8F030C4F8F80018F090FA61
:1092400000287FF43EAF6CE700F5007001F0C0F835
:1092500002E7FFF787F94FF4AB712120F7F740FCE5
:10926000FFF786F940F225712120F7F739FC00BF9E
:1092700030B589B090F83021002A45D1044602F07B
:10928000FF03FF2280F8302180F8313190F83A5105
:109290009C4680F83931A0F82C31184604EB830342
:1092A0000CF1010CD3F8E4205FFA8CF376329D4286
:1092B0001044F3D2D4F8E030984220D0D4F8E4201F
:1092C00002F176034DB1EC32D4F8E830012D1344AD
:1092D00003D07633D4F8EC201344C4F81031009155
:1092E0000023012202A92046FFF738FAB0B102A9F3
:1092F00094F8B80017F00EFE58B109B030BD41F235
:109300008833C4F81031EAE740F276212120F7F7DC
:10931000E7FB4FF423712120F7F7E2FB40F28B21AA
:109320002120F7F7DDFB00BF014B1870704700BF2D
:10933000110000210D4B002141F6690210B51960A2
:109340001B6893420CD8044690F8303123B190F852
:1093500030310BB1FFF712F90023A4F82C3110BD06
:1093600040F614012120F7F7BBFB00BF6C0C002175
:1093700010B5044690F8303113B190F830311BB974
:109380000023A4F82C3110BDFFF7F8F80023A4F84F
:109390002C3110BD90F8303103F0FF020BB91046AC
:1093A0007047FFF7EBB800BF90F87000003818BFA7
:1093B0000120704770B590F830310BBB0D46D1B12C
:1093C00004460146134803F0FF0617F063FC20280B
:1093D00084F8B8000DD0C4F8345195F8283203F061
:1093E000FF0193B984F838112046FFF741FF0120AF
:1093F00070BD304670BD40F293212120F7F770FB1D
:1094000040F292212120F7F76BFB40F29E212120B0
:10941000F7F766FB1190000130B585B090F8303158
:10942000002B56D103F0FF020B78CDE90122039205
:1094300013F001023ED194460125964613F0020432
:1094400007D00DF1100C0CEB8E0EAC46CD684EF82B
:109450000C5C13F0040334D10CF1FF3C5FFA8CFC7C
:1094600080F83AC14968C0F8E010C0F8181140F21D
:109470007121A0F81C111AB101997639C0F8E410D5
:109480005CB104A9551C00EB820401EB8201EAB235
:1094900051F80C1C7639C4F8E4104BB104AB00EB66
:1094A000820003EB820353F80C3C763BC0F8E430B7
:1094B00005B030BD8C68944602254FF0010E019432
:1094C000BCE70DF1100E0D690EEB8C0E4EF80C5C26
:1094D000C6E740F2B1212120F7F702FB38B5044678
:1094E0000D460848214617F0D5FB202884F8B8001F
:1094F00005D020462946FFF7BBFE012038BD0020DD
:1095000038BD00BF11900001D0F8342108B552B128
:1095100090F8303103F0FF020BB9104608BDBDE8EA
:109520000840FFF72BB840F2E6212120F7F7D8FAE0
:1095300070B590F8313113B10025284670BD04464E
:109540000D4615F0BFFF94F8B920062D50D8DFE87E
:1095500005F0290404073B0404000125284670BDDA
:10956000033A012A94BF4FF461764FF45776D4F84A
:10957000C820D4F8F030801AA3F588730644B342AB
:109580008CBF01250025D8D82046FFF741F80028D8
:10959000D3D0D4F8F050A5F58875AE422CBF002585
:1095A0000125CAE7531EDBB2032B1DD81349042A39
:1095B000CB5C0FD05E1D032AF6B211D0022A06D072
:1095C0000536F6009836D2E74FF40276CFE7063636
:1095D000B600F7E75E1DF6B2B60106F5C876F1E70C
:1095E000360106F5BF76EDE7FD210520F7F778FA9D
:1095F00040F23D312120F7F773FA00BF70520301AA
:1096000090F8BC305F2B2DE9F04F044689B047D865
:109610005909B44A0A4492F80490B9F1040F00F0D1
:109620000F8194F9BA2003F01F0394F8BB50002A6D
:1096300094F8BA2045EA0325ACBF1E234FF4967375
:10964000D20903FB05F514BF4FF496771E2713F0DC
:1096500017FBA5EB000813F039FB94F8BA30461954
:1096600008EB070A13F0400F14BF32254FF4FA75C8
:109670001CF070FEB8F5D87F28449B4D0AFB0055BE
:109680009A48A0FB05354FEA95456ED394F83131E1
:109690004BB114F0CBF809B0BDE8F04F17F0B0B9FA
:1096A0004FF00009BDE74846DFF844A214F026FD5C
:1096B0008C4B03EB8903D3F808804AF2A13343446F
:1096C000AAFB032307EB9317AB3707EB45070744C8
:1096D000484614F013FDA7EB000B484614F016FDA6
:1096E00094F85410A8EB00080BF5887B0129AAFB1D
:1096F000083A4FEA9A1A00F0DF804846FEF712FF58
:10970000D4F8C830ABEB0A0BD4F8CC20843B8344AC
:1097100042F1FF329B19CDF80CB042F100025D1B03
:1097200062F10003734A10780022FE288DF80820A9
:109730008DF81120CDE9065300F0AE804A0740F1C4
:10974000AB808DF8100002A994F8B800C4F8F0B00E
:10975000C4F8FC70C4E9345317F0DCFB002898D13E
:109760004FF4D4612120F7F7BBF94846DFF880A118
:1097700014F0C4FC5B4B0246484603EB8903D3F864
:10978000088008F2E733AAFB031307EB931720378F
:1097900037442F44174414F0B1FCA7EB000B4846A4
:1097A00014F0B4FC94F85410A8EB00080129AAFBAB
:1097B000083A4FEA9A1A74D04846FEF7B3FE0BF502
:1097C000887BD4F8F090ABEB0A0303EB000AD14599
:1097D0004DD2484B93F80080B8F1FE0F36D04B07BE
:1097E00034D5404618F00AF8AAEB09034146402B4D
:1097F00038BF4023984228BF1846804618F052F8D8
:1098000040B32046FDF7DEFE94F8312102F0FF035D
:10981000002A7FF43EAF1A4602A920460093FEF7C5
:109820009DFF002853D002A994F8B80017F072FBEE
:1098300000287FF42EAF40F20C712120F7F750F989
:1098400000224FF0030980F80021EAE615F04CFEF3
:109850008046C6E7D4F8F0004044C4F8F000A0F514
:109860008070C4F8F80017F07BFF0028C9D0103EC4
:1098700094F8391102220023751B02A88DF81810E4
:1098800005958DF810208DF81930CDE90247FDF7C8
:109890006DFC09B0BDE8F08F15F026FEDDE906533A
:1098A0004FE7B9F1030F16D0B9F1020F40F64800A7
:1098B00008BF4FF4856082E7B9F1030F0ED0B9F10C
:1098C000020F40F6480008BF4FF4856018E72046B5
:1098D000FDF736FEDDE641F2BE1070E741F2BE1044
:1098E0000EE700BF705203013F420F0083DE1B43AF
:1098F000D34D62101100002110B588B090F83121CD
:1099000072B902F0FF0302A904461A460093FEF75B
:1099100025FF60B102A994F8B80017F0FBFA80B1F6
:1099200013F084FF08B0BDE8104017F069B8204676
:10993000FDF706FE13F07AFF08B0BDE8104017F0FF
:109940005FB840F20C712120F7F7CAF802292DE91F
:10995000F047044682B000F09E800D4670D8D0E9F2
:10996000327813F0ABF994F8B990064605F001008F
:1099700049461DF071F98246484614F0C7FB7D3F09
:1099800048F1FF38012D40F0B380B9F1040F00F029
:10999000B280B9F1030F00F0EA80B9F1020F0CBFF9
:1099A0004FF4A6724FF4FC727A4BF619D4F8347166
:1099B00003EB490348F1000516EB0A06D7F81C80B3
:1099C0009B8B45F1000503F2E73303447248A0FB8B
:1099D00003139B09F61A65F10005B61845F1000559
:1099E00000F03EFD04F58473834200F09880424607
:1099F000D7E98001CDE9006500F06CFD8045C0F03D
:109A0000C380664BD4F834111B68CC69834275D986
:109A100023180246CC6341F64B5084428CBF41F67A
:109A20006A004FF4FA709042A1F8400040F2A7801B
:109A30009B1945F10005C1E9803502B0BDE8F0870A
:109A4000032940F09780D0F83431002B00F08A8051
:109A500000252A4683F8285290F8B91061F30702CE
:109A600061F30F22A3F87C20FF2283F87E200339C4
:109A7000D0F83401012900F144008CBF00210121FC
:109A800009F0A2FDD4F8340100F018FBC4F83451F9
:109A900002B0BDE8F087D0F83431002B62D0002549
:109AA0002A4683F8285290F8B91061F3070261F34F
:109AB0000F22A3F87C20FF2683F87E600339D0F8BC
:109AC0003401012900F144008CBF0021012109F07B
:109AD0007BFDD4F8340100F0F1FAC4F8345184F875
:109AE000386113F0A3FE02B0BDE8F04716F088BF5E
:109AF0004FF4FC7258E740F6E83255E741F64B5315
:109B00009C4226D9264AA2FB003240F2E243920A46
:109B100003FB1202821ACA630346821A7BE797F894
:109B2000810000283FF46DAFD4E9429A00F020FD97
:109B300038B9B7F92432A7F8240213EB09094AEB24
:109B4000E37A424648465146CDE9006500F0C2FC42
:109B500057E7144AA2FB00326423520903FB1202A6
:109B6000821AD8E740F291712120F6F7B9FF40F24E
:109B7000864219E74FF4FF612120F6F7B1FF40F26A
:109B800086712120F6F7ACFF40F272312120F6F702
:109B9000A7FF00BF70520301D34D62106C0C00216F
:109BA0005917B7D11F85EB512DE9F0430123DFF899
:109BB000808083B000254FF6FF77202688F800309C
:109BC0001DE0009BEBB193F82822D2B11888B8426F
:109BD0001DD02146F8F73EF88146F0B190F82902F1
:109BE00017F084FF99F8290289F8284217F07EF8C7
:109BF000C0B109F5007089F8296200F0E9FBCDE9F0
:109C000000556846F8F760F804460028D9D00023CC
:109C100088F8003003B0BDE8F0834FF4E8713520D8
:109C2000F6F75EFF40F2BF113520F6F759FF00BF8F
:109C3000700C00212DE9F84F91F89E600C46054606
:109C400017460E3E9846F6B2002B40F0148194F869
:109C50002832032B00F24881DFE813F0AD00040046
:109C6000EB000400D4F81C90DFF888A2DAF800308A
:109C7000002B00F0CC8041462046984700FB099716
:109C800000F076FC002800F0C88000200346D4F8DD
:109C90000022D4F80412BA1841F10001121843EB63
:109CA0000103C4E98023C5E9042300232B7084F851
:109CB000F23094F89E3003F0FD020C2A00F0BF80D1
:109CC000A3F1260BBBFA8BFB4FEA5B1BBBF1000F2A
:109CD00040F0B58020461FF068FA002800F0E880C8
:109CE00094F8283204F1440085F809B0012B18BF1C
:109CF00002232B721DF0BBFE012E686059D9B8F10A
:109D0000000F56D0494628461CF04EFF86B220462A
:109D10001FF04BFA8046464518D3002307FB08F294
:109D20002B72D4F800329B18D4F8042242F10002BE
:109D30002B616A61002F00F0D280494628461CF052
:109D400033FF4044022386B284F8F2303146204685
:109D50000FF0E4F9DAF8003073B10121204698479A
:109D60002B6909FB00F9304413EB090386B22B6120
:109D70006B6943F100036B6100F0FAFB00287FD0B0
:109D8000D5E90430D4F88420C4E980308AB1B4F82D
:109D9000CE20B4F898309B1A1BB2002B09DDB4F822
:109DA00088100B44013BB3FBF1F303FB0123A4F840
:109DB000CE30BDE8F88F002F00F08C80012394F89E
:109DC0007C2094F87D9084F828324B4B4846A9F1CA
:109DD0000309DFF820A133F8127014F097F9B9F1F4
:109DE000010F464907F29D774FF0000907442046CE
:109DF000A1FB073794BF2821002101EB9711FF3108
:109E00001DF0C8FEDAF80030002B7FF434AF4F4667
:109E100000F0AEFB00287FF438AF0221B4F9240231
:109E20001DF0D5FEB4F824321B1AA4F82432C3174F
:109E30002DE70323D4F8309284F8283214E7204623
:109E40001FF0B3F90023022204F144002B7284F8BE
:109E5000F2206B721DF00BFE012E6860A9D9B8F1DB
:109E6000000FA6D0494628461CF09EFE86B220462A
:109E70001FF09BF96AE7012120460FF04FF9E6E653
:109E80007600B4F92402B6F5803FB4BFB1B24FF604
:109E9000FF711DF09CFEB4F824222B69121AC3181E
:109EA000A4F824226A692B6142EBE070686169E7DB
:109EB0000223287284F8F230687204F144001DF025
:109EC000D6FD012E68607FF674AFB8F1000F7FF405
:109ED00019AF6EE74FF40D713520F6F701FE40F231
:109EE000BA213520F6F7FCFD40F26E213520F6F759
:109EF000F7FD00BF6401002198520301D34D6210A9
:109F00002DE9F04387B000287BD0044607296DD89F
:109F1000DFE801F02A0404146C19216701460123CB
:109F200068460022FFF786FE694694F8290216F07B
:109F3000F1FF00286FD007B0BDE8F08307B0BDE89F
:109F4000F04313F0A5BE012015F0BEFA07B0BDE83E
:109F5000F043F8F76DBE90F82832042BEBD040F2B6
:109F600033113520F6F7BCFD90F82832002B4DD088
:109F70000FF014F80028DED094F87D3040F221195B
:109F8000DFF8A480033B98F80120012B88BF4FF035
:109F9000F90982B3E66904F144001DF068FD00F19F
:109FA00076070220F61B17F029FC022126EAE67547
:109FB000854228BF0546284617F074FC00B92F4497
:109FC0004A46394620461DF0CDFD0346E069C8F8F3
:109FD000043017F0C5FB18B307B0BDE8F0431FF01D
:109FE000A0B84FF49C713520F6F77AFD4FF49E71BE
:109FF0003520F6F775FD666CE569AE4228BF2E4642
:10A00000C9E740F205113520F6F76AFD40F20D115F
:10A010003520F6F765FD40F2F6213520F6F760FDB4
:10A02000FF213520F6F75CFD700C0021024B002269
:10A03000C3E90022FFF7B8BD700C0021FFF7B4BDE3
:10A04000014B5870704700BF700C0021C0F8081217
:10A05000704700BF40F2BF1108B51DF0AEFDB0F56E
:10A06000296F28BF4FF4296080B208BD38B5A0B170
:10A0700090F82832044603F0FF05C3B990F829325E
:10A08000202B0FD101460C4816F004FE202884F83E
:10A09000290214BF28460D2038BD4FF4D171352058
:10A0A000F6F71EFD4FF4D2713520F6F719FD40F298
:10A0B000A3113520F6F714FD019F000170B586B09D
:10A0C000002800F09C8090F828320446002B40F0D5
:10A0D000A58090F82932202B00F09B8090F8283240
:10A0E000032B00F2A080DFE803F03B025B02C569AE
:10A0F0004F4B1B6823B100212046984700FB0555B4
:10A1000000F036FA00286BD000200346002294F8B5
:10A110009E108DF8002084F8F220D4F80022AD18AB
:10A12000D4F8042242F100022D1843EB020301F09F
:10A13000FD02C4F800520C2A0495C4F804320593B9
:10A1400034D0262932D020461FF02FF888B394F857
:10A150002832012BDAB24FD002238DF808302EE0DE
:10A1600090F87C100123334A90F87D6032F811504A
:10A1700084F82832304613F0C9FF033E05F29D7182
:10A180002D4D012E0144204694BF28230023A5FB1A
:10A190000121002503EB9111FF311DF0FBFCA7E726
:10A1A0000323D0F8305280F82832A1E720461EF071
:10A1B000FCFF002202238DF8082084F8F2300023EF
:10A1C00004F144008DF809301DF051FC0346694646
:10A1D00094F82902019316F09DFEA8B106B070BD57
:10A1E0000221B4F924021DF0F2FCB4F824321A1A48
:10A1F000C317A4F8242289E78DF80820DFE740F28E
:10A20000B1113520F6F76CFC40F2B7113520F6F7A6
:10A2100067FC40F2B3113520F6F762FC4FF4D971B8
:10A220003520F6F75DFC40F26E213520F6F758FC3C
:10A230006401002198520301D34D621008B512F059
:10A240003DFD054B5A68824203D3187880F0010027
:10A2500008BD002008BD00BF700C002170B5044689
:10A2600086B0042900F28680DFE801F0680D031251
:10A270004900042384F8283213F0D8FA06B0BDE868
:10A28000704016F0BDBB032380F8283206B070BDC5
:10A29000C269D0F85032C0F830229A4204D0283037
:10A2A00020F0F7F8D4F85032D4F84C2294F87C001F
:10A2B000334994F87D60E361E263D4F85432B4F832
:10A2C000482231F810503046A4F84020033E636223
:10A2D00013F01CFF05F29D712A4B012E014420460C
:10A2E000A3FB013194BF2823002303EB9111FF311D
:10A2F0001DF050FC022384F8283206B070BD90F89F
:10A300007C201F4B90F87D6033F812503046033E9E
:10A3100013F0FCFE05F29D7102461A4B012E2046F9
:10A320001144A3FB013194BF2823002303EB9111B7
:10A33000FF3106B0BDE870401DF02CBC124B1A78FE
:10A3400002F0FF03002A94D1014601226846FFF77C
:10A3500071FC694694F8290216F0DCFD28B1B4F8C6
:10A3600098300133A4F8983086E740F2F621352082
:10A37000F6F7B6FB40F251313520F6F7B1FB00BFDE
:10A3800098520301D34D6210700C0021024B002241
:10A39000C3E90022704700BF780C0021034A13680C
:10A3A0000BB10C207047184653607047780C0021A1
:10A3B000C3690BB1012070478369002BFAD1034BAD
:10A3C0001B68181AB0FA80F040097047780C002119
:10A3D000C36993B18168D0F80CC0DA686144114454
:10A3E00082699A618269D9602AB1D361002200230F
:10A3F000C0E906237047DA60F8E7826902490A601B
:10A40000002AF2D1F2E700BF780C002108B5C16143
:10A41000A1B18B698861836173B1D861C16900237F
:10A42000C36041B1CB6823B18268934211D39B1AB8
:10A43000C3600023CB6008BDC360F3E7074A13681D
:10A4400083611BB1D8611060C169E8E71060C36027
:10A4500008BD2D213720F6F743FB00BF780C002103
:10A46000014B1868704700BF780C0021044B1B6833
:10A4700023B118469B69002BFBD1704718467047E3
:10A48000780C0021124B1B68CBB14FF0FF3C00B59C
:10A490008646002000E01346DA68964503D86245F8
:10A4A00001D2184694469A69002AF4D1B0FA80F293
:10A4B000520911B9002A18BF18465DF804FB184666
:10A4C000012219B9002A18BF18467047704700BF0B
:10A4D000780C002130B585B01546DDE90834C01A86
:10A4E00061EB0404002C0DDB214603AA02AB0092B1
:10A4F0002A4617F0A5FF002C039801DA00B1281AAC
:10A5000005B030BD404264EB4401EEE7036A2DE93B
:10A510003048DBB182689C68A24217D3D0E90615A7
:10A52000D0E906BCC3E906BC4DB1AB61996951B134
:10A53000C068CB610244121BDA60BDE83088054D6B
:10A540002B600029F4D1D960BDE83088CD213720B7
:10A55000F6F7C6FA780C0021014B01221A717047F8
:10A56000780C0021014B00221A717047780C0021F1
:10A57000014B1879704700BF780C002138B52B4B80
:10A58000864608461B6863B34FF0000C64461D699D
:10A590000CB1A54204D22C46002D42D0B3F814C011
:10A5A0009B69002BF3D1E4B1A0421BD30EF1FF3E17
:10A5B0000EEB0401B0FBF4FCB1FBF4F18C4510D3BD
:10A5C00004FB0CF3B3FBF4F504FB153525B9B3FB21
:10A5D000F2F502FB153505B30CF1FF3C1B1B8C4556
:10A5E000F0D238BD431E2344B4FBFEFEB3FBF0F3B0
:10A5F0007345F6D8B4FBF3F503FB154149B9B5FB38
:10A60000F2F102FB115121B9B5FBFCF10CFB115128
:10A6100029B101337345EDD938BD184638BD2846F8
:10A6200038BD4FF496713720F6F75AFA780C0021AE
:10A63000F0B5574C012385B062682370127A002A66
:10A640006ED1A36BFF2093F8E01012F0A3FB94F8F7
:10A650003C30042B60D0022B26D0A06B217AD0F89E
:10A66000D02090F8D430009113F0C6FE606400282A
:10A6700000F0848000F12005237A6E78012B1AD92E
:10A6800094F83C302846042B71D010F0BDFF63686D
:10A690001B7A0BB1002E60D1284613F051F905B09A
:10A6A000BDE8F04012F08EB9A36B207A197F13F049
:10A6B00089FE6064DBE7A76C2B78D7F898009DF8DB
:10A6C0000C20C3F3C00100F00100C3F3001E63F3CC
:10A6D0000102C3F3801C97F89C7060F3820261F35F
:10A6E000C3026EF304126CF386128DF80C2052062E
:10A6F00006D4A26BD2F8D01092F8D42001F0010158
:10A7000003F0030343EA800343EA0E1343EA8C1386
:10A7100043EAC1032B70BAE70023256C6364ABE7FF
:10A72000217AA26B31B3012984F8283018BF0221A5
:10A7300092F8E030D2F8D050013B92F8D400DBB26E
:10A74000032BC4E908501ED81248FB220091C35CB9
:10A750000020114912F06AF873E7E06C13F0F0F88A
:10A760002946E06C05B0BDE8F04012F0C9B810F021
:10A7700069FF8CE784F828101946D9E74FF4C971AE
:10A780004720F6F7ADF940F21F410620F6F7A8F989
:10A79000800C0021A4520301900C002130B54E4CD6
:10A7A000022283B0636822701B7A002B4DD194F88B
:10A7B0003C30042BA36C29D0987D93F8A81012F09C
:10A7C000E9FA94F83C30033B012B21D800232365A0
:10A7D0006368256C1B7A002B2DD0E06C13F0B0F869
:10A7E000E16C284612F08CF8237A03F0FD03012B6C
:10A7F00029D1A36C93F8A830033B012B94BF2820E8
:10A80000002003B0BDE8304013F000B90820D4E7C1
:10A81000A06C1FF0EFFE20650028D9D0A36C00F1DA
:10A820002005D3F8982093F89C308260C360636859
:10A830001B7A002BD1D1284613F082F8237A03F03B
:10A84000FD03012BD5D003B030BD217AA26C0129C4
:10A850002AD0012384F82830D2F8983092F89C004E
:10A860002362606292F8A830927D1B2A38BF1B22B7
:10A87000022934BF01210221013BDBB2032B25D881
:10A8800016480091C35C0120154911F0CFFF94F8E0
:10A890003C306268042BA36C127A15D0987D002A94
:10A8A0008BD00430C0B288E7002384F82830D2F877
:10A8B000983092F89C002362606292F8A830927DF2
:10A8C0001B2A38BF1B22D7E70820E8E740F21F41C8
:10A8D0000620F6F705F900BF800C0021A452030101
:10A8E000900C002110B5104C206D20B1A16C1FF010
:10A8F0008EFE00232365636C0BB10023636494F820
:10A900006430022B03D194F86800C30708D512F015
:10A9100003FF002384F8643012F054F894F86800C0
:10A92000E36EBDE810401847800C002110B5134CB1
:10A9300094F86830206D43F0010384F8683020B14A
:10A94000A16C1FF064FE00232365636C0BB1002330
:10A95000636494F86430022B03D194F86800C30751
:10A9600008D512F0D9FE002384F8643012F02AF8DA
:10A9700094F86800E36EBDE810401847800C002191
:10A9800070B5484C82B094F83C30042B5FD0636CB7
:10A99000002B77D0237A054603B303F0FD03012B88
:10A9A00075D1D4E91C23B93243F10003A06B002612
:10A9B00000F1D001009120F06BFC6664002D34D1D1
:10A9C000237A93B1032B10D0012B65D1FFF7E6FE5C
:10A9D00094F86430012B47D002B070BDD4E91C1349
:10A9E000A26F521843F10003E0E7206D38B1A16C6B
:10A9F0001FF00DFE0023626C236502B1636494F8BE
:10AA00006430022B03D194F86800C30708D512F014
:10AA100083FE002384F8643011F0D4FF94F86800BA
:10AA2000E36E02B0BDE87040184794F86830206DBE
:10AA300043F0010384F868300028E0D0A16C1FF0D7
:10AA4000E6FD636C2665002BD9D06664D7E7206DE0
:10AA500020B1A16C1FF0DBFD00232365636C002B8C
:10AA6000CDD000236364CAE712F06EF9616D022352
:10AA70002A4601440C4884F8643002B0BDE87040B6
:10AA800013F028B840F2F9214720F6F729F84FF4DF
:10AA90003A714720F6F724F840F21A314720F6F7CA
:10AAA0001FF800BF800C0021D80C00212DE9F047D1
:10AAB00082B0002848D0AC4C0E46206D002800F033
:10AAC000998000F12002137892F80180227A012AFD
:10AAD0004FD9022A00F0E48063681D7A002D00F04F
:10AAE0008B800827B8F1000F00F09F8111F0AEFFB6
:10AAF00011F090FF002840F0208194F86830206D1C
:10AB000043F0030384F8683020B1A16C1FF07FFD8F
:10AB100000232365636C0BB10023636494F86430F5
:10AB2000022B03D194F86800C30708D512F0F4FD96
:10AB3000002384F8643011F045FF94F86800E36E58
:10AB400002B0BDE8F0471847874C94F83C30042B1E
:10AB500000F0E580A26C0546536E01335366E66F44
:10AB600012F0B4F801462846B047206D0028CCD139
:10AB7000D0E7A16CC3F3C00AA26BC3F38019D1F86C
:10AB8000987091F89C1007F00107D2F8D05092F815
:10AB9000D42085EA9305BA4505F0010563D0B9F1E3
:10ABA000000F60D163681B7A002B40F0208112F007
:10ABB0008DF8E36F0146A06788209847BA4500F0FA
:10ABC000C480A26CD36E0133D3661DB12020D4E9BA
:10ABD0001E139847002E40F09780237A002B52D105
:10ABE000FFF726FD94F86450012D00F0D78002B0E5
:10ABF000BDE8F087226C66E712F068F8E36F014663
:10AC0000A06708209847236D002B71D0227A012A73
:10AC100000F0D280D4F88010A26F5218D4F88410BB
:10AC200041F10001C3E90421B4F88820A16C003A85
:10AC300018BF01221A7600221A705A709A70DA70C0
:10AC40004A6B002A00F0C6808A6B13608B6391F810
:10AC50003130002B00F0B8800022E36FA16F10208C
:10AC600022659847B1E763681B7A002B59D0B9F188
:10AC7000000F00F0D08012F029F8E36F0146A067C2
:10AC800008209847A1E7013B012B00F2BF80206D0F
:10AC900000283FF43FAFA16C1FF0B9FC266539E7EF
:10ACA00094F83C2003F00305C3F38201C3F340137F
:10ACB000042A9DF8042065F3010261F3840263F322
:10ACC000451253D0636812F0200F8DF804201D7ACE
:10ACD0000CBF08270C27002D7FF404AF11F0F6FFFE
:10ACE0000146E36F3846A1679847236D002B8DD14D
:10ACF000A36C9B6D002B7FF46DAF1020D4E91E1365
:10AD00009847002E3FF469AF94F86830206D43F007
:10AD1000010384F8683000287FF4F7AEFAE6402596
:10AD20001DE711F0D3FFE36F0146A06708209847A5
:10AD3000B9F1000F7FF449AF40E711F0C7FF0025DC
:10AD40000146E36F3846A1679847236D002B7FF4D7
:10AD50005DAFA36C9B6D002B7FF437AF1020D4E95F
:10AD60001E13984731E700BF800C002102F0030357
:10AD70008DF80420032B30D163681B7A13B1B8F12E
:10AD8000000F4BD111F0A2FF0146E36F4820A167ED
:10AD90009847206D00287FF4B8AEBBE611F096FF0F
:10ADA000616D02232A460144324884F8643002B0BF
:10ADB000BDE8F04712F08EBED4F88020D4F884109D
:10ADC000B93241F100012DE7A06C2B4929301CF06C
:10ADD0000EFE41E74B638B6339E794F8683043F02C
:10ADE000010384F8683000287FF48FAE92E64FF0BC
:10ADF0008809B8F1000F34D0BA4523D011F066FFAE
:10AE00000146E36F4846A1679847DAE640F2C3215E
:10AE10004720F5F765FE4FF00809EAE711F016FE46
:10AE200011F0F8FD0028ADD167E611F04FFF0146A3
:10AE3000E36F3846A1679847236D002B3FF458AF66
:10AE40004546E3E611F002FE11F0E4FD00283FF470
:10AE500054AE11F03BFF0146E36F4846A1679847A7
:10AE600073E711F033FF0146E36F4846A167984747
:10AE7000A4E600BFD80C0021C1A60201044AD2E911
:10AE80001C311B1841F10001C2E91C31704700BFA1
:10AE9000800C0021054B002210B4054C83F864207F
:10AEA000C3F88C40186410BCD9647047800C002132
:10AEB000F4B10001034B0246D3F88C00DA67D9667F
:10AEC00012F028BD800C0021024B002283F8642080
:10AED000704700BF800C00212DE9F843524C054615
:10AEE0009DF8309094F86480109EB8F1020FC4F879
:10AEF00090102072C4E92023DDE90823C4E91C2353
:10AF0000BDF82830A4F888309DF82C3084F83C3007
:10AF1000DDE90D73A3640F9B6760A3634FF000032B
:10AF200084F8683060D1012811D93B7A63BB032DC6
:10AF300075D8DFE805F007020702FFF779FB01206B
:10AF4000BDE8F883FFF72AFC0120BDE8F883284616
:10AF5000002860D0A36C93F8A81012F04BFEB8F153
:10AF6000020FE2D0207A00F0FD00012814BF01207A
:10AF700000204CD1A36B93F8E020D4F8901012F08D
:10AF800015FA3B7A002BD2D07169B2693069F36946
:10AF9000264F0FC7636896F820201B6896F8271085
:10AFA0005A4084F8301084F8292096F8242084F838
:10AFB0002D2096F8212082EA132284F82A2096F880
:10AFC000252084F82E2096F8222082EA134284F865
:10AFD0002B2096F8262084F82F2096F8232082EA4A
:10AFE000136384F82C30A2E7386812F049F8484619
:10AFF00012F050F86368586812F086FCA36B93F95E
:10B00000E10012F037F8207A0128ACD8A0E7A36C51
:10B0100093F8A820B1E7A36B93F8E0109DE740F206
:10B0200077314720F5F75CFD800C0021900C002162
:10B03000044B00211A7883F86410022A00D070476C
:10B0400012F0B6BC800C002110B5134C94F8683097
:10B05000206D43F0010384F8683020B1A16C1FF02B
:10B06000D6FA00232365636C0BB10023636494F864
:10B070006430022B03D194F86800C30708D512F09E
:10B080004BFB002384F8643011F09CFC94F86800BA
:10B09000E36EBDE810401847800C002130B40F4C1F
:10B0A00093F816C065682D7A1DB10CF1040C5FFA97
:10B0B0008CFC93F8A830156860655068002284F80D
:10B0C00061300123A56584F86010E06584F862C0F2
:10B0D00084F8632084F8643030BC7047800C002111
:10B0E00030B4147A93F80EC01CB10CF1040C5FFA62
:10B0F0008CFC0B4C1568606550680122A56584F8CE
:10B10000642093F8E02093F9E13084F86010E06562
:10B1100084F862C084F8612084F8633030BC7047E2
:10B12000800C002130B58C4693F9E1E000F19001EC
:10B13000124DD2E9004093F8E020114B03EB42039B
:10B140009B8803F5FA73A5FB035301EB93110D4B99
:10B15000C3E9164083F860C0FF204FF0020C83F86B
:10B16000612083F86200002283F863E003F1580055
:10B1700083F864C0BDE8304012F0ACBCD34D62101F
:10B18000A4520301800C002110B59DF808408E46A2
:10B190000CBB93F816C0117A19B10CF1040C5FFACC
:10B1A0008CFC93F8A83001460C48D2E9002480F8C2
:10B1B00060E04FF0000E80F861300223C465583023
:10B1C0000260012280F80AC080F80BE00373BDE83A
:10B1D000104012F0C7BC4FF0080CDCE7800C0021D7
:10B1E000034B186D08B120307047186C704700BFD2
:10B1F000800C0021E5A80001ADAA000181A9000191
:10B200002DA9000170B50E460C210446F6F722FD6B
:10B2100018B103460020336070BD0B212046F6F7BD
:10B2200019FD08B10C2070BD09212046F6F712FD6A
:10B2300003460028EED1022070BD00BF70B50E4657
:10B240000B210446F6F706FD18B1034600203360D3
:10B2500070BD0C212046F6F7FDFC054608B10C2018
:10B2600070BD09212046F6F7F5FC20B100F1B003CE
:10B270002846336070BD022070BD00BF40F20B3124
:10B28000062008B5F5F72CFC23211A2008B5F5F7A0
:10B2900027FC00BF38B505460C4691F8FB3113B1C9
:10B2A00091F805328BB9002D50D02B7873B194F8FA
:10B2B000F0318BB304F1B00020F03FF80021002200
:10B2C0000023C4F8A811C4E9682338BD94F8F2310A
:10B2D0006BB90221B4F8AC01F6F7BCFC38B104F24A
:10B2E000152100F59C7018F082FA00283ED0092143
:10B2F000B4F8B001F6F7C4FC002844D16B6F002B02
:10B30000E3D10821B4F8AE01F6F7BAFC0028DCD08E
:10B3100060211A20F5F7E4FB94F8F23103F0FF0105
:10B320007BB9B4F8AC01F6F795FC50B104F21521E5
:10B3300000F59C7018F05BFA18B92B211A20F5F76C
:10B34000CFFB4FF6FF73A4F8AC31B3E794F8F231BA
:10B3500073B90221B4F8AC01F6F77CFC40B104F2F9
:10B36000152100F59C7018F042FA08B9FFF78CFF20
:10B370000921B4F8B001F6F783FC0028A5D04E21CE
:10B380001A20F5F7ADFB53211A20F5F7A9FB00BFF2
:10B3900070B5002800F0948004460B46002200F8A7
:10B3A0000D2C6FF4FE700A219A702518197008216F
:10B3B000B5F8B021B5F8AE01A3F8032095F8062240
:10B3C0005A71F6F747FC064614F8023CA3B9C6B119
:10B3D00033785BB314F80D3C002B4CD06FF4A6739C
:10B3E000E0185D3C1FF0A9FF002100220023C5F8F2
:10B3F000A811C4E9002370BD237A002BFBD1002ED5
:10B40000E6D114F80B3C002B4FD10221B5F8AC016A
:10B41000F6F720FC002848D004F1180100F59C70D4
:10B4200018F0E5F9002840D1FFF72EFF14F80B3C87
:10B430006BB90221B5F8AC01F6F70CFC38B104F198
:10B44000180100F59C7018F0D2F90028ECD0092101
:10B45000B5F8B001F6F714FCB8BB736F002BCAD176
:10B460000821B5F8AE01F6F70BFC0028C3D0602127
:10B470001A20F5F735FB14F80B3C03F0FF017BB9FC
:10B48000B5F8AC01F6F7E6FB50B104F1180100F590
:10B490009C7018F0ACF918B92B211A20F5F720FB95
:10B4A0004FF6FF73A5F8AC3198E70921B5F8B00164
:10B4B000F6F7E6FB00289ED04E211A20F5F710FB88
:10B4C0004FF4A7711A20F5F70BFB53211A20F5F75B
:10B4D00007FB00BF10B54FF408720021044617F0B7
:10B4E00095F94FF6FF732046A4F8AC311FF06DF8C4
:10B4F00004F1B000BDE810401FF008BF38B50025CA
:10B500000446282200F5E4702946C4F89850C4F88F
:10B510009C50C4F8A050C4F8A450C4F88051C4F89A
:10B520008451C4F88851C4F88C5117F06FF984F82D
:10B53000F25184F8F15120461FF047F804F1B000B1
:10B54000BDE838401FF0E2BE10B50C4601F1B00076
:10B550001FF0FCFE2046BDE810401FF068B800BF99
:10B5600090F8F23123B90221B0F8AC01F6F772BBC2
:10B570000020704790F8F23103F0FF011BB9B0F8DA
:10B58000AC01F6F767BB0020704700BF38B528B3A1
:10B5900090F89F3004462A2B1ED142B92B2380F805
:10B5A0009F3094F9E030002B1CDB002038BD1F23B6
:10B5B0000D4680F82A2180F82B31322380F89F3005
:10B5C0000029EED00821B5F8AE01F6F743FB68B1CB
:10B5D0002946FFF75FFEE4E70C2038BDB3211A20AF
:10B5E000F5F77EFADA211A20F5F77AFAD5211A2032
:10B5F000F5F776FAF8B5002800F0AE806FF4F9732D
:10B600000C4607460821C51824232370437A95F871
:10B610009821E370B5F8B0316272A38095F8993142
:10B62000A37295F89A31E37295F8B531B5F8AE0189
:10B630002375F6F70FFB95F8FC310646002B43D136
:10B64000002800F08D800378002B47D12B7B2373DB
:10B650006B7B6373AB7BA37395F8B430E37395F89E
:10B66000B530237495F8B630637495F8A830013B73
:10B67000DBB2032B6ED83C4AD35CA37495F89031AF
:10B68000013BDBB2032B65D8D35CE374EB7D6375C0
:10B6900095F8BF30A375AB7DA4F8193095F8BE308E
:10B6A000A4F81B307368327C3049A271A1FB0313EC
:10B6B000B27C717C9B0A2272E171B6F81520A4F865
:10B6C0001D30A4F81720F8BD10B10378012B32D03B
:10B6D00029463046BDE8F840FFF7DCBD95F8B430A8
:10B6E000237395F8B530637395F8B630A3732B7B4D
:10B6F000E3736B7B2374AB7B637495F89031013BF0
:10B70000DBB2032B26D8184AD35CA37495F8A83073
:10B71000013BDBB2032B1DD8D35CE37495F8BF303B
:10B720006375EB7DA37595F8BE30A4F81930AB7D39
:10B73000A4F81B30B6E717F8033C002BC8D016233B
:10B7400007F10A000A4985F806321CF04DF9442336
:10B75000E370BDE7FFF792FDE1211A20F5F7C0F98C
:10B76000F3211A20F5F7BCF9B45203015917B7D1E8
:10B7700091B30001F0B583B0002800F0D080A0F2B2
:10B780002E23DA7B2A2A40F08F800C46A0F5CA725D
:10B7900041F61071118093F950203221002AD9739B
:10B7A000C0F2C280A0F2BE20D0F83871002F00F0A5
:10B7B000BF806FF4057300220821FD18102385F85F
:10B7C000C821242285F8FC312270E37095F8983165
:10B7D000B5F8B021637295F89931A280A37295F8FB
:10B7E0009A31E37295F8B531B5F8AE012375F6F7E5
:10B7F00031FA95F8FC310646002B46D1002800F0BE
:10B800009E800378002B52D095F8B430237395F8BE
:10B81000B530637395F8B630A3732B7BE3736B7B02
:10B820002374AB7B637495F89031013BDBB2032B3F
:10B8300000F28380444AD35CA37495F8A830013B9E
:10B84000DBB2032B79D8D35CE37495F8BF30637512
:10B85000EB7DA37595F8BE30A4F81930AB7DA4F844
:10B860001B30327C04207368A2713849727CA1FBC2
:10B870000313E271B27C9B0A2272B6F81520A4F879
:10B880001D30A4F8172003B0F0BD30B10378012BB0
:10B8900003D117F8253C002B36D130462946FFF757
:10B8A000F9FC042003B0F0BD002003B0F0BD2B7BF9
:10B8B00023736B7B6373AB7BA37395F8B430E37333
:10B8C00095F8B530237495F8B630637495F8A830C0
:10B8D000013BDBB2032B30D81B4AD35CA37495F831
:10B8E0009031013BDBB2032B27D8D35CE374EB7DB3
:10B8F000637595F8BF30A375AB7DA4F8193095F842
:10B90000BE30A4F81B30ACE71623A7F1180010498D
:10B9100085F806321CF068F84423E370BDE74FF465
:10B9200094711A20F5F7DCF8DA211A20F5F7D8F827
:10B9300040F23F111A20F5F7D3F8FFF79FFCF321EF
:10B940001A20F5F7CDF800BFB45203015917B7D14B
:10B9500091B3000140F25921062008B5F5F7C0F86F
:10B9600040F25921062008B5F5F7BAF82DE9F04163
:10B97000847B002C00F08A80474B002184461D68A0
:10B980008E4617E0012E62D0022E40F083800F32E7
:10B99000920003F5977301319CF810700CF10E0CB6
:10B9A0009BB2CEB21344AB4238BF2B46B44207FB26
:10B9B00003EE59D9C1EBC1029CF81980CE0000EB0F
:10B9C000420218F0040FB2F8153025D118F0010723
:10B9D00001D108F00207761A9CF81A8000EB46069F
:10B9E00018F0040FB6F8172034D118F0010626D14C
:10B9F00018F0020633D1DBB24FF0FD08012F23D03F
:10BA0000022F47D19B003C33B8F1010FD2B2B9D11C
:10BA1000920102F57472BCE79CF81A70B2F8172014
:10BA20007E0729D417F0010622D117F0020628D18B
:10BA3000DBB24FF0FD089B0103F57473E4E7012FBF
:10BA4000DBB24FF0FE08DBD1DB007033DCE70E32F7
:10BA5000D2009EE7DBB24FF001080426CEE7DBB24E
:10BA60004FF0FF080226C9E7AEF19600BDE8F0816D
:10BA7000DBB24FF0FE08DEE7DBB24FF00108042630
:10BA8000D9E7DBB24FF0FF080226D4E76FF095004C
:10BA9000BDE8F081FFF75EFF140D00212DE9F843AA
:10BAA000099F97F80080B8F11F0F4BD01D4608F191
:10BAB0000103064689463B701446FFF757FF089B73
:10BAC00098423AD8D4B1B1787378B6F8092043EAED
:10BAD000012340F2E241747B01FB02F2F17843EA78
:10BAE0000141F379A4BB03FB02035B1AB9F80A20F6
:10BAF0004FF47A7101FB02F29A421ED32DB3727990
:10BB000040F2E2413379747B43EA0223B6F809201C
:10BB100001FB02F2B17943EA0143317AE4B101FB5E
:10BB200002320244B9F80C304FF47A7101FB03F38E
:10BB3000934202D32846BDE8F883002087F80080AE
:10BB4000BDE8F8830020BDE8F8830120BDE8F88354
:10BB500003FB02130344C9E701FB0202D21AE1E727
:10BB600038B504460D4602F06FF929462046BDE877
:10BB70003840FFF78FB900BF0020704710B578221A
:10BB80000021044616F042FE02F066F9002324620A
:10BB9000A062636710BD00BF10B501F120000C4624
:10BBA0001DF07CFEB8B92378012B636F01D0B3B9C7
:10BBB00010BD002BFCD01A68092133F8610C6267B4
:10BBC000F6F75EF818B9636F002BF4D110BD4B2166
:10BBD0001120F4F785FF40211120F4F781FF532154
:10BBE0001120F4F77DFF00BF054B984205D800F502
:10BBF0003473044A0020136070471220704700BF5E
:10BC000000093D001400002110B5002382B0082275
:10BC10000446CDE900338DF8062003E0009B1B7D30
:10BC2000A34208D06846F6F74FF80028F6D04FF642
:10BC3000FF7002B010BDBDF8040002B010BD00BF1F
:10BC4000406F18B909E0D0F8110230B16FF40473F5
:10BC5000184490F8B4318B42F5D1704770B5046840
:10BC6000CCB10E46154602E0D4F815429CB16FF4F3
:10BC700005731C4494F8B431AB42F5D10821B4F8F3
:10BC8000AE01F5F7E7FF0028EED0037DB342EBD11C
:10BC9000B4F8B00170BD4FF6FF7070BD2DE9F04FE4
:10BCA00085B0002800F0EA816FF43E7805460F4623
:10BCB0008044D8F838611EB936E0D6F815629EB3D4
:10BCC0006FF4057E08217644B6F8AE01F5F7C2FFA1
:10BCD00015F8613C027D9A42EFD1436F0446002B78
:10BCE00047D06FF4047C15F8601C634406E0D3F879
:10BCF0001132002B3DD06FF40470034493F8B4214B
:10BD00008A42F4D1072200214046FFF73FFC034658
:10BD1000002840F0AE810022104663F3070062F372
:10BD20000F2005B0BDE8F08F08210DF10A00F5F7EE
:10BD30001BFF04460028E5D07822002116F066FD9E
:10BD400004F1200602F088F80023A0623046246245
:10BD500063670DF009FE002800F04F810821BDF84F
:10BD60000A00F5F78DFF0028CCD0CF211120F4F781
:10BD7000B7FE40F2E24235F8483C02FB03F362684A
:10BD80009A42BFD1627D15F84A3C9A42BAD1A27D4F
:10BD900015F8493C9A42B5D115F85C2CE37DB3EB1C
:10BDA000D21FAFD115F8582C15F8593C43EA02239D
:10BDB00015F8572C02F00F0243EA0243A2689A4298
:10BDC000A0D115F8552C15F8563C43EA022315F876
:10BDD000542C02F00F0243EA0243E2689A4291D1E6
:10BDE000092103A8B6F8AE91F5F7BEFE0646002875
:10BDF00088D0FFF76FFBA6F8AE91BDF80C30A6F81F
:10BE0000B031B8F80030A6F8AC31012386F8C8315B
:10BE1000EFF3108072B66FF4E07106F215236A1822
:10BE20001168C6F81512136000B962B615F8613CC6
:10BE300040F2E242237535F8483C02FB03F36360AD
:10BE400015F84A9C84F8159015F849AC84F816A0AA
:10BE500015F8581C15F8592C15F8550C42EA012212
:10BE600015F8571C01F00F0142EA014215F8561C63
:10BE700041EA002115F8540C00F00F0041EA00419E
:10BE800015F85C0CA260C0F3C010A364E160E0751B
:10BE900015F85FCC1CF0040F40F0AC801CF0010ED4
:10BEA00001D10CF0020E86F8A8E015F85ECC1CF06B
:10BEB000040F40F09C801CF0010E01D10CF0020E2A
:10BEC00086F890E115F85ACC15F845BC0CF00F0C2B
:10BED00015F85CECCDF800C00EF00F0E15F846CC4E
:10BEE0004CEA0B2C15F842BCCDF804C015F843CC35
:10BEF0004CEA0B2C15F85DBC4BEA0E2EDDF800B0B9
:10BF0000A6F814E015F85BEC4EEA0B2EDDF804B051
:10BF1000A6F8BCE015F844EC4BEA0E4EC6F8A4E1D6
:10BF200015F841EC4CEA0E4C15F84DECC6F8A0C1E2
:10BF300015F84ECC15F83FBC4CEA0E2C15F840EC29
:10BF40004EEA0B2EA6F8B2E115F84CEC4CEA0E4C7A
:10BF5000C6F89CC115F860CC86F8B4C115F84FCC72
:10BF600086F8240086F8B5C186F8CC0015F84B0C8D
:10BF7000C0F30300F07515F84B0CF261C0F3031029
:10BF8000C6F8C410336286F8BF0006F1B000C6F8E8
:10BF9000C83035F8533CB37535F8513C86F8C1A02C
:10BFA00086F8199086F8BE3098F8A430D8F8382072
:10BFB00086F8C031B8F82630C6F8BC214FF0FF3201
:10BFC000A6F8B6314FF0FF331FF03EF9B6F8B031A6
:10BFD000B6F8AC112522A7F805300423A7F8031002
:10BFE0003A7096F8B4213A72227DFA7193E64FF0D6
:10BFF000040E65E74FF0040E55E7092103A8BDF8CC
:10C000000AA0F5F7B1FD814648B3FFF763FAA9F836
:10C01000AEA1BDF80C30A9F8B031B8F80030A9F8DD
:10C02000AC31012389F8C831EFF3108172B66FF497
:10C03000E07209F21526AB181A68C9F815221E60BD
:10C0400019B16FF405731E44F0E662B6D8F8386192
:10C05000002EF6D140F235111120F4F741FD3046A3
:10C060001DF01CFC00283FF479AECD211120F4F71F
:10C0700037FD40F26B111120F4F732FDFC21112045
:10C08000F4F72EFD20B10098184401FB0200704720
:10C090000098C01A01FB0200704700BF014B1860F6
:10C0A000704700BF140D0021044B1B6823B1181A00
:10C0B000B0FA80F04009704701207047140D00214C
:10C0C000024B1868003818BF01207047140D00217A
:10C0D000A1F1030CBCF1010F10B52AD901291DD023
:10C0E00002292DD10F308000D91E92B201291CD90E
:10C0F000012B22D0022B23D10F329200029B114C34
:10C10000591C00F59773480821689BB28842134474
:10C1100038BF0846984238BF184610BDD91E0E30A9
:10C1200092B201294FEAC000E2D8920102F574727E
:10C13000E4E7800100F57470D6E70E32D200DDE747
:10C14000FFF708FC140D00212DE9F04F05468DB0D6
:10C1500010461E4695F800B00C46049281F800B0D7
:10C160000593AA786B78697943EA02232A7942EA2F
:10C170000122E9786370E17043EA01411B0AA37070
:10C18000AB792271A37142EA0343120A627140F64D
:10C19000C312914215D8934240F27C81C44AA2FB5B
:10C1A0000323980ADDE904239A4200F0F683002B6A
:10C1B00040F079810120C31CB3FBF0F303FB00F0D6
:10C1C00074E1BB4E9342A6FB01014FEA91200BD9CB
:10C1D000A6FB0323990ADDE90432934200F05F8154
:10C1E000002A18BF08465EE1DDE904239A4200F008
:10C1F000D783002B00F0578104231846A4F8093098
:10C20000EB79E3722B7A23736B7A637395F80EA044
:10C2100084F80EA04BBB049B93B1A37840F2E2419B
:10C22000627842EA032283B201FB03F3E17842EA37
:10C230000142B3FBF2F102FB1133002B40F0AA8361
:10C24000059B93B1637940F2E241227942EA0322ED
:10C2500083B201FB03F3A17942EA0142B3FBF2F19D
:10C2600002FB1133002B40F09283BAF1000F00F073
:10C27000B8801FFA80F840F2E24305F1100C04F197
:10C28000110603FB08F800201CF8012C00EBC0038A
:10C29000C10006F8022C2B44DCF800701A8A5B8A75
:10C2A00037609CF8047017F0020F40F0188117F007
:10C2B000010E01D107F0040E86F808E09CF8057025
:10C2C00017F0020F40F0088117F0010E01D107F0BE
:10C2D000040E86F809E0002A00F0F780754F02F19D
:10C2E000FA0994F801E0A7FB0979A7784EEA072E2E
:10C2F00002EBD9174FEAD919013FB7FBF9F794F8C8
:10C300000390BFB24EEA094E94F80D90B9F1000FB8
:10C3100008D0F04502D102F10D07BFB2C64501D9E0
:10C320000537BFB2FB2F0EF1FF3928BFFB27C144F1
:10C330003A44013AB2FBF7F2B9FBFEFE92B20EFBB1
:10C3400002F2A1EB000E0F2A04EB4E0E28BF0F22C3
:10C35000AEF81570B272002B00F0B080554A03F1B0
:10C36000FA0E2779A2FB0E2E627947EA022703EB29
:10C37000DE124FEADE1E013AB2FBFEF294F806E04E
:10C3800092B247EA0E4794F80DE0BEF1000F08D0D4
:10C39000B84502D103F10D0292B2474501D90532E9
:10C3A00092B2FB2AA1EB000128BFFB2204EB410162
:10C3B0001344A1F81720013BB3FBF2F37A1E9BB2A2
:10C3C0004244B2FBF7F707FB03F30F2B28BF0F2301
:10C3D000F37201300CF1090C0E36C3B29A453FF6E8
:10C3E00053AF0023CDE90A3308238DF82E3004E043
:10C3F0000A9B1B7D5B4500F096800AA8F5F764FC5C
:10C400000028F5D094F80EC000262B4B40F2011204
:10C410001B68A4F80720BCF1000F63D0B4F80970C2
:10C4200040F2E2420CF1FF3002FB07F7C0B2BB4220
:10C4300034BFFB1A00230693C0EBC00304F10E00C7
:10C4400000EB43002346DA7E0E33997B8A4238BFE5
:10C450000A4683429A70F6D12046FFF787FA049B7A
:10C46000002B47D0A278637843EA0223E27843EABC
:10C470000243627B002A40F08782FB1A03446A89E8
:10C480004FF47A7101FB02F29A4233D211200DB0BF
:10C49000BDE8F08FB0427FF4AFAE012001461BF043
:10C4A00001FC94F800B003287FF685AE83B2A5E6C0
:10C4B0005917B7D1BFBF8C82140000210A1A04EBB0
:10C4C0004202D3751376F37283E70F1A04EB470722
:10C4D0007A75BA75B2723EE74FF0020EF9E64FF088
:10C4E000020EE9E6637B002B40F0AE8200200DB027
:10C4F000BDE8F08F059B002B51D06279237943EA88
:10C500000223A27943EA0243627B002A40F0398287
:10C51000FF1A3844AB894FF47A7202FB03F383426B
:10C52000B4D300273CE0BDF82C304FF6FF729342A5
:10C5300031D018460821F5F78DFB064660B3476FEA
:10C5400057B3A6466FF4047923461EF80ECF4F4426
:10C55000644697F8B4019C46D4B1611E6346C9B2E3
:10C56000C1EBC1010EEB410103E00E33994200F033
:10C570001982DA7B8242F8D1D7F81172002F00F0CD
:10C5800044826FF40478474497F8B401002CE4D156
:10C590000124002309E2064694F80EC035E71F4641
:10C5A000002305F10908DDF81490C3EBC301AA7B51
:10C5B000D80004EB4101C97B002A00F01E81013A3A
:10C5C0005FFA82FC2A460CEBCC0CC44403E009322F
:10C5D000624500F0128192F80FE08E45F7D1C21843
:10C5E0002A4492F816A092F817E0A0EB030C217AE7
:10C5F00004EB4C0C9CF81C209CF810C0002A00F0A6
:10C60000E98001FB0CF1BCFBF2FB013A02FB1B12BF
:10C610009645C0F2DF80C31A069A2946204604EBED
:10C6200043030092049A103301934B46FFF736FA06
:10C63000013794F80EA0FBB29A45B6D805F1090B64
:10C640002046FFF793F90123D9460022B34608900C
:10C650000793924540F2B4800132D2B2531EAE7BB2
:10C66000DBB2C3EBC30004EB4000C77BD800002E55
:10C6700000F08A80013E2946F6B206EBC6064E441B
:10C6800002E00931B1427FD091F80FC0BC45F8D12A
:10C69000C118294491F816C0CF7DC11A04EB41019D
:10C6A0000E7F097C8E4233D296B306F1FF3EB1FB7A
:10C6B000F6F8267A039606FB01F60EFB1866B742DB
:10C6C00026DB66794FF47A78277947EA0627AE8920
:10C6D00008FB06F6DDF80C80099608F10108A6793A
:10C6E00047EA064640F2E247B646B4F8096007FB5F
:10C6F00006F6677B002F00F09C8008FB06E6089F8B
:10C700003E44039FFF2F03D0099FB74280F09780DC
:10C71000C31A04EB4303DB7E99429AD9002B98D0CD
:10C72000E079B1FBF3F6013B00FB01F103FB1611CD
:10C730008C458EDBA17840F2E24763786E8943EA4C
:10C7400001234FF47A7194F80DC001FB06F6E178ED
:10C7500043EA0143B4F8091007FB01F1471CBCF19F
:10C76000000F60D007FB013308990B44FF283FF40A
:10C7700070AF9E42FFF46DAFE77192456AD9013206
:10C780000023D2B2079369E7BBF1000F00F07E816E
:10C79000DBF8741019B90EE0D1F8111259B16FF429
:10C7A0000476314491F8B461BE42F5D191F8CDC020
:10C7B00091F8257071E740F2A1211120F4F790F96A
:10C7C000079B002B4DD1BAF1000F4AD00123002264
:10C7D000079341E7C21A04EB4202D27E002A3FF4DB
:10C7E00027AFE179BCFBF2FE0CFB01F1013A02FB41
:10C7F0001E129245FFF61CAF0DE7002E00F0468199
:10C80000726F22B9D7E7D2F81122002AD3D06FF481
:10C81000047C624492F8B4C18C45F4D192F8CDA066
:10C8200092F825E0E1E6DDF820C007FB01C1CB1A54
:10C830009CE7089F08FB06767746F61B61E7C31A5C
:10C8400084F8088004EB4303DB7E994295D90020ED
:10C85000079063E7012300220793BAF1000F7FF4EA
:10C86000FBAE5E4694F80EC000274FF0010905F1BB
:10C870000908674544D2C7EBC702AB7BF80004EB5D
:10C880004202D17B002B59D05A1E2B46D2B202EB6A
:10C89000C202424402E0093393424FD093F80FE0C2
:10C8A0008E45F8D1C3192B44997D93F817E0C31B2B
:10C8B00094F808B004EB43031A7F93F810A05AB31E
:10C8C0000BFB0AF3BAFBF2FB013A02FB1B32964563
:10C8D00022DBC01BDDF818C0294604EB4000CDF870
:10C8E00000C01030DDE9042301902046FFF7D6F8A0
:10C8F00000283AD194F80EC00137FFB26745BAD389
:10C90000B9F1000F40F08580BCF1000F3FF4EAADB3
:10C910004FF001090027AEE7C31B04EB4303DB7EA6
:10C92000002BE9D094F807E0BAFBF3F2013B0AFBD5
:10C930000EFA03FB12A39942DEDBCAE7002E00F0D9
:10C94000A580736F2BB936E7D3F81132002B3FF473
:10C9500032AF6FF40472134493F8B4218A42F3D1D6
:10C9600093F8CD1093F825E0A1E7013794F80EC0B5
:10C970004FF00009FFB26745FFF47DAF8146002705
:10C9800077E71F443844C5E53B44034477E501237A
:10C9900063736AE40123637352E4014601207EE578
:10C9A00001217CE5621C2346D4B2C3EBC3030CEB2C
:10C9B0004303D87397F8B5211A74B7F8BC20A3F8CD
:10C9C0001120BA8AA3F8132097F8BE20A3F81520E7
:10C9D000BA7DA3F8172097F89021D11E012998BF9E
:10C9E00004225A7697F8A820D11E012998BF042264
:10C9F0009A7697F8BF20DA76FA7D1A778CF80E408F
:10CA0000D7F81172002F7FF4BCAD6346A4461C46D4
:10CA1000FBE4637B002B3FF469ADBCF1000F13D046
:10CA20000022C2EBC20304EB4303B3F81110083336
:10CA3000F6293FF62BADB3F80B30F62B3FF626ADBB
:10CA40000132D3B26345ECD340F2E243B4F809209B
:10CA5000A17803FB02F2637843EA0123E17843EA19
:10CA600001439A4203DD049B002B7FF40FAD237931
:10CA70006079A17943EA002343EA01439A427FF7B0
:10CA800035AD059B002B3FF431ADFFE440F29F2113
:10CA90001120F4F725F800BF8B7B7BB1013B01F13E
:10CAA0000902DBB203EBC303134401E0994205D052
:10CAB000CA7B09318242F9D10120704700207047BA
:10CAC00010B58C7B94B100239C4603E05FFA83FC95
:10CAD000644509D991F80FE001330E318645F5D14F
:10CAE000012082F800C010BD002010BD204610BDFE
:10CAF000C06E7047FEF7A8BA70B51C4D82B00446F0
:10CB0000C27D2B68197869BB5B7D2979204600912D
:10CB100004F1980102F00EF92B6894F8BF601A78BE
:10CB200068710ABB9B7D2A7904F5C071204600928A
:10CB3000324602F0FFF8D4F8D83194F8DC11013312
:10CB4000A87104F1B00041F10004A3FB06315A1EA4
:10CB500004FB061363F10003DBB202B0BDE87040D2
:10CB60001EF06FBB9B7DD0E75B7DDCE7180D0021DD
:10CB700040F26F11422008B5F3F7B2FFF8B5044652
:10CB8000000731D53F4D01230E46EF68EB712B7244
:10CB900097F8C831022B62D02B6942F210716A6992
:10CBA000F318B7F8B60142F10002E0FB0132286841
:10CBB000C7E9743203788BB9426F2B79002A5ED0B3
:10CBC0003146D7F89C6152F8792C203006FB03F3EC
:10CBD000D7F898619B1B1A441CF0A1FD210603D4D1
:10CBE000EB68012283F8CE21E2062AD4A30600D402
:10CBF000F8BD244DE868D0F88021B03090F8D430EA
:10CC00001EF025FBEB6893F8BF1003F5C070D3E965
:10CC1000626402F051F92A6813784BB9EB68D3E9E2
:10CC20006201864274EB010103D25068FEF726F9D7
:10CC3000EB68D3F870210021013AA971C3F8702183
:10CC4000F8BD104DE868C17D983002F035F9EB6809
:10CC50000022996D83F8CE2171B16A71C6E7032372
:10CC600007F2F310084987F8C831002387F8FC3130
:10CC70001AF0BAFEEF688FE701236B71B6E7FFF792
:10CC800077FF00BF180D0021F5B5000140F21B41F0
:10CC9000422008B5F3F724FF8221422008B5F3F7BC
:10CCA0001FFF00BF70B5254E33681A7832B15B683C
:10CCB00000205B08984228BF184670BD1C6D196C97
:10CCC000091B5C6C5B6D64EB03030D1843F10003FF
:10CCD000012D73F1000127DB4FF0FF31A94272EB08
:10CCE000030326DBF379BBB919F034FB336893F8FF
:10CCF00062300B2B13D8124A112432F8131001445E
:10CD000089B228461EF072FB336820445B685B08DA
:10CD1000984228BF184670BD64210224F1E740F212
:10CD2000B5310620F3F7DCFE40F223114220F3F781
:10CD3000D7FE4FF492714220F3F7D2FE180D002176
:10CD4000B852030138B50378044623BB856C12F052
:10CD5000B9FB636F2BB36FF4047403222344E5FB28
:10CD6000020193F8C821022A0AD00BD8D3F8113255
:10CD7000BBB16FF40472134493F8C821022AF4D1B2
:10CD8000012038BD032A0ED1D3E97442A04271EBD1
:10CD90000202EBD3F4E7056D12F094FB636F002BF6
:10CDA000D9D1022038BD4FF48B714220F3F798FEA1
:10CDB000013270B5D2B290F8B541944221D9C47D08
:10CDC0006CB1D0F8A060D0F8D8C190F8DC51D0F8A0
:10CDD000A440B44575EB040401D31A7070BD90F8FB
:10CDE000BF405CB1D0F88861D0F8D8C190F8DC5170
:10CDF000D0F88C41B44575EB0404EED20C78012CCC
:10CE000046D0D0F8112272B3022612F849CC6FF442
:10CE10000475BCF1010F02EB0500ACF1020E24D049
:10CE2000BEF1010F1BD812F8202C02F0FF0EB2B990
:10CE3000B1F93220B0F9E4414D8E121BD0F8D8116F
:10CE400090F8DCC192B2A0F8E4518A184CF10001CC
:10CE5000C0F8D82180F8DC1183F800E070BDD0F86C
:10CE60001122002AD1D1002070BD0C78002CF6D1FF
:10CE70004C8EB0F8E051641B2404F0D4D0F8D841B3
:10CE800080F8C8610634A0F8E451C0F8E041CAE770
:10CE900090F8CE41002CB4D11A709FE790F8C011E1
:10CEA00008B590F8BE3090F89021A1B1D11E0129AB
:10CEB00038D9012A48D0022A58D190F8A8100F3347
:10CEC000827DC81E9B00012835D89001963300F55D
:10CED0007470184408BDD11E012911D9012A36D019
:10CEE000022A43D190F8A8100B33827DC81E9B0004
:10CEF00001280ED89001963300F53470184408BD0F
:10CF00009B0103F5347390F8A810827DC81E012898
:10CF1000F0D9012924D0022928D1900096332C3051
:10CF2000184408BD9B0103F5747390F8A810827D26
:10CF3000C81E0128C9D901290CD0022916D1900098
:10CF400096333C30184408BD0E33DB00EDE70A335E
:10CF5000DB00D8E7D200963302F17000184408BD18
:10CF6000D200963302F15000184408BDFEF7F8FCD9
:10CF700000287FD08446F0B500244FF0020EDCF884
:10CF8000110230B36FF4047500EB050C9CF8C80176
:10CF900001282CD002380128F1D89CF8F101002892
:10CFA000EDD1002A4FD09CF81700A8B3DCF8D86167
:10CFB000DCF8A0709CF8DC51DCF8A400BE4275EBF4
:10CFC000000029D39CF8B5019042D8D960461A7068
:10CFD000F0BDFCB9486FE8B16FF40474013200EBA6
:10CFE000040CD2B201249CF8C8010128D2D10878DF
:10CFF0000028C4D1BCF8E051488E401B0004BED4C8
:10D00000DCF8D8018CF8C8E10630ACF8E451CCF873
:10D01000E001C2E70020F0BD9CF8BF0058B1DCF889
:10D02000D861DCF888719CF8DC51DCF88C01BE42D8
:10D0300075EB0000C6D208780128A0D19CF8CE017B
:10D0400000289CD1BEE74C8EBCF9E401B1F9321046
:10D05000ACF8E441091ADCF8D80189B241186046FD
:10D06000CCF8D8119CF8DC1141F100018CF8DC11EE
:10D070001A70F0BD002070472DE9F0413C4E84B09D
:10D080008046376832793B7E3946F068012B0DF1D6
:10D090000F0352D0FFF78CFE0446ACB17A6F9DF8B7
:10D0A0000F30002A5ED0D4F89C5152F8790C03FB63
:10D0B00005F5D4F89831ED1A05442046FFF7EEFE49
:10D0C000B3692844984202D904B0BDE8F0813B78A6
:10D0D0002046F461ABB3FEF74DFA002844D09DF82A
:10D0E0000F109030B4F8CA71A5EB08050131B4F8FF
:10D0F000D83194F8CC811630C9B2D4F8B821009157
:10D1000004F5E57119F0BDFE3368A4F8CA7106464E
:10D1100084F8CC811B78012B19D0642128461EF09D
:10D1200065F90230234604F5DC7280B23146281AD4
:10D13000FDF7B4FF04B0BDE8F081FFF719FF044626
:10D14000ABE7FEF70DFA0028C9D1FFF7A5FD0146B0
:10D1500004F1B00304F5DC722846FDF7C1FF04B00A
:10D16000BDE8F081FFF704FD8B214220F3F7B8FC06
:10D17000180D00212DE9F04103780C46012B26D033
:10D1800011B33E4E0546326813787BB300275068D2
:10D1900033694008D5E91021D31A726961EB0202A4
:10D1A0001B1942F10002B84228BF3846181A62F132
:10D1B0000003002293424CDB6FF00101814272EBCD
:10D1C000030341DBBDE8F081C920BDE8F0812C49B3
:10D1D00004F190002B4D01EB4202138B03F5FA731F
:10D1E000A5FB032300EB9310BDE8F081116D176CD4
:10D1F0007F1A516C526D61EB02023F1942F100023D
:10D20000012F72F1000129DB4FF0FF31B942934148
:10D2100029DBF379A3B919F09DF8336893F86230EC
:10D220000B2B25D8164A4FF0110832F81310014481
:10D2300089B238461EF0DAF8326800EB0807A6E734
:10D2400064214FF00208F4E74FF4CA714220F3F76B
:10D2500047FC40F293114220F3F742FC40F22311C5
:10D260004220F3F73DFC4FF492714220F3F738FC73
:10D2700040F2B5310620F3F733FC00BF180D002152
:10D28000B8520301D34D62102DE9F04F0023C54D74
:10D29000446F8FB02B71EB712860002C00F064811B
:10D2A0006FF4047702213C4494F8C831012B00F05C
:10D2B0002A81023B012B00F21B8194F8F131002BF3
:10D2C00040F01681B0F93230B4F9E461D4F8D821D5
:10D2D0009B1B94F8DC11468E02209BB2A4F8E461FB
:10D2E000D31841F10001C4F8D83184F8DC112F685B
:10D2F000FB6EAB6114F082FA0221D7E91B639E1B1F
:10D30000864228BF0646402E38BF4026304614F0DD
:10D31000C9FA28B9AB693344AB61BB6B3344BB6317
:10D320000FF09CFD13F0FCFC2B681B78C5E9040191
:10D330002046002B00F0FA80FEF71CF90646002874
:10D3400000F05181286806F1900B2B79426F002A7A
:10D3500000F04781D4F89C1152F8792C01FB03F8B6
:10D36000D4F89831A8EB0308904494F890214146F2
:10D37000FFF700FF2979B4F8D8310131D4F8B8218A
:10D380000C900BF11600C9B2009104F5E57119F08B
:10D3900078FD0D210D90B4F8AC01F4F75BFC074665
:10D3A000002800F0DB8094F890010FF043F907EBC0
:10D3B00040077B7E84F891312046FFF79DFB2E6865
:10D3C0003278736F0B92D4E92807002B00F00981A3
:10D3D00053F8793CD4F898C1D4F8D811A3EB0C09D0
:10D3E0002B6919EB03096B6943F1000EB1EB000ADD
:10D3F000736894F8DC01AAFB03A260EB0707B9EBA2
:10D400000A0A03FB07270B9A6EEB0707002A40F076
:10D410009580BAEB080AD4F8882167F100078A1AC8
:10D42000D4F88C1160EB0100A2FB0321B9EB0202DE
:10D4300003FB00116EEB0103B2EB080263F1000382
:10D4400031690BF1700BACEB010C1CEB020643EBEA
:10D45000EC79FDF739FD54495448FDF72BFD3B4667
:10D46000286852460D9F0078049704F1B0070C9984
:10D47000079704F5DC77CDF820B006940597CDE941
:10D4800000690026CDE902662E72FDF725FD002811
:10D4900074D02F68EC603B78012B6DD04046FFF7CD
:10D4A00001FC3246814641463846FFF763FE074697
:10D4B00094F8A80010F022FE94F8A8203C4B0744F2
:10D4C0003C4803EB82035E6A06F2E736A0FB0636B1
:10D4D00007EB961606EB4900FDF7AAFD28682030F9
:10D4E0001CF08CF940460FB0BDE8F04FFFF7C4BD0B
:10D4F000D4F81142BCB36FF404731C4494F8C831DF
:10D50000012B7FF4D6AE0378002BF1D1B4F8E021E3
:10D51000438E9B1A1E04EBD4D4F8D83184F8C8117A
:10D520000633A4F8E421C4F8E031C6E6FEF718F8A3
:10D53000064600287FF406AFFFF7AEFBD4F888213B
:10D540008A1AD4F88C1160EB0100A2FB032103FBC3
:10D550000011B9EB02026EEB010371E796F880301F
:10D5600084F8913128E728680378A3B920300FB0F8
:10D57000BDE8F04F1CF05FB93046ADE7AB79EC6821
:10D5800033BB2B7994F8B521013328689342037893
:10D5900012D0002BEAD020300FB0BDE8F04F1CF0C5
:10D5A0003AB900BF180D0021F1D500017DCB000173
:10D5B000B8520301D34D6210002BECD194F84A31DC
:10D5C000002BD3D1D4F878310133C4F87831CDE7CA
:10D5D000D4F8802104F1B00094F884311DF037FEB6
:10D5E000CFE7FFF7C5FA8B214220F3F779FA00BFA6
:10D5F0002DE9F04F860799B00446C34D03D5EB687B
:10D600003D2283F8F1216A79AB79EF680B92002B08
:10D6100040F043812A7997F8B531511CD5F8008044
:10D62000994200F02481E00700F1178198F8183042
:10D6300041463846012B4FF000038DF85F300DF165
:10D640005F0300F03381FFF7B3FB9DF85F300446C2
:10D650002B71002C00F03381D8F87420002A00F0E0
:10D660000C82D4F89C61204652F8792C03FB06F614
:10D67000D4F89831F61A1644FFF710FCAB69304421
:10D68000984200F2E08098F800302046002B00F02D
:10D690002381FDF76FFF8046002800F0F08194F8A9
:10D6A000902131462868FFF765FD2979B4F8D83113
:10D6B0000131D4F8B8210F9008F1A600C9B2009149
:10D6C00004F5E57119F0DDFB0D211190B7F8AC01FF
:10D6D000F4F7C0FA08F1900381461093002800F097
:10D6E0006A8197F890010EF0A5FF09EB4000437E98
:10D6F00084F891312046FFF7FFF9D5F800E0D4F81F
:10D70000A0809EF80020D4F8A4A0DEF874309346E0
:10D71000CDF84880CDF84CA00C92002B00F0AD81E4
:10D7200053F8791CD4F898316869C91A0E932B699B
:10D73000D4F8D8C1C918DEF8042094F8DC9140F17F
:10D740000000BCEB08030D9169EB0A0AA3FB0283FE
:10D7500002FB0A33B1EB080860EB03015B46002BC8
:10D7600040F01381B8EB0608D4F88831D4F88CA1C6
:10D7700061F100011493BCEB0303CDF854A069EBF5
:10D780000A0AD346A3FB023A02FB0BA2DDF834A03F
:10D79000BAEB030360EB02029B1B62F10002DEF8AE
:10D7A0001000DDF838E0AEEB000B1BEB030AE37D65
:10D7B00042EBEB7B002B00F09B80129B9C45139B64
:10D7C00079EB0303C0F0948094F8BF30002B00F095
:10D7D0000681149B9C45159B79EB0303C0F0FF80E9
:10D7E0004FF00109EA69944200F088800D91FDF73D
:10D7F0006BFB0FF091FF2B680D991B780C93119B1D
:10D8000004F1B00C42464FF000080694CDF80880B1
:10D810000C98CDE90393109B7033CDE900AB0893CE
:10D820000B4685F80880CDF81CC004F5DC7C0F9908
:10D83000CDF814C0FDF750FB002869D10B9B002BDD
:10D8400040D1D5F8008098F8003008F120004BB99D
:10D8500019B0BDE8F04F1BF0EEBF98F80030ABB147
:10D8600008F1200019B0BDE8F04F1BF0D4BF98F8C4
:10D870000030002B38D197F84A3123B9D7F87831E6
:10D880000133C7F87831E1077FF5D0AE08F1200009
:10D8900019B0BDE8F04F1BF0CEBFD7F8802107F1DB
:10D8A000B00097F884311DF0D2FCB3E6FFF760FBBF
:10D8B0009DF85F3004462B71002C7FF4CDAE0B9B9E
:10D8C000002BC0D097F83130002BBAD10F4907F1A7
:10D8D00029001AF08CF8B4E7FDF742FE80460028D4
:10D8E0007FF4DDAEFFF7D8F9E3077FF59FAEB7E72A
:10D8F000EA694FF0030994427FF478AF2B7A002B4A
:10D900003FF474AF7BE700BF180D0021C1A60201F0
:10D91000D5F80090EC6099F80030012B50D0002B26
:10D9200060D0002E00F09B803046FFF7BBF92969DC
:10D93000D9E910325B1A696962EB01029B1942F165
:10D940000002181A62F1000300229342C0F2AF8075
:10D950006FF00101814272EB0303C0F2A380054620
:10D9600094F8A80010F0CAFB94F8A820524B284461
:10D9700003EB8203514A5B6A03F2E733A2FB032302
:10D9800000EB931000EB48001BE0D4F88831D4F88A
:10D990008CA11493BCEB0303CDF854A069EB0A0BE4
:10D9A000A3FB023A02FB0BA2DDF834A0BAEB03039F
:10D9B00060EB0202F3E698F8803084F8913199E642
:10D9C0004046FDF735FB3046FFF756FB0B9B1BB17E
:10D9D00097F83130002B44D019B0BDE8F08F4FF0EC
:10D9E0000209FFE6D9F84020D9F85010B2EB01083F
:10D9F000D9F85410D9F8442062EB010218EB06085C
:10DA000042F10002B8F1010F72F1000145DB4FF065
:10DA1000FF31414593413BDBEB7953BB18F09AFC56
:10DA20002B6893F862300B2B2DD8234A4FF0110A44
:10DA300032F81310014489B240461DF0D7FC2B6820
:10DA40008244586899F800304FEA5008D04528BF02
:10DA5000D046012B7FF465AF06F1900580E7C9251C
:10DA60007EE7174907F1290019B0BDE8F04F19F01A
:10DA7000BEBF64214FF0020ADEE7FFF779F88B2181
:10DA80004220F3F72DF840F2B5310620F3F728F8DD
:10DA90004FF492714220F3F723F840F22311422011
:10DAA000F3F71EF84FF4CA714220F3F719F840F269
:10DAB00093114220F3F714F8B8520301D34D6210CA
:10DAC000C1A602012DE9F041037E0546002B58D086
:10DAD000436F002B00F0A5806FF4047100260B4407
:10DAE000304693F817C01C4693F8BF20944538BFC2
:10DAF000944693F8B521824201D310461E46D3F8CE
:10DB000011326BB16FF404721344DA7D93F8BF10D5
:10DB10008A4238BF0A469445EBD894461C46E8E74B
:10DB2000002E00F082802B78002B67D120464FF02A
:10DB30003908FFF7B3F994F8BF30E27D934238BF5C
:10DB40001346013BDAB26B6F53F8797CD4E9663146
:10DB5000FB1A01FB0233434418442B78E8666BBB85
:10DB60003046FFF79BF996F8B5313930013BDBB20F
:10DB70003844D6E96612401A02FB03002867BDE864
:10DB8000F081743015F053FE002852D06FF4047405
:10DB90002B78041926468BBB4FF039082046FFF737
:10DBA0007DF9E37D94F8BF20934238BF1346013BD3
:10DBB000DAB26B6F002BC7D1FEF7DAFF96F890212F
:10DBC0001E4B96F8A80003EB42031C8B10F09EFA44
:10DBD0000746304604F24554FFF760F9184BE21946
:10DBE000A3FB023296F8B53100EB9210013B6A6F4D
:10DBF000DBB2002AE0D052F8797CB9E794F89021A2
:10DC00000E4B94F8A80003EB42031F8B10F07EFA32
:10DC10000B4B07F245570744A3FB07234FEA931822
:10DC2000BCE7E3214220F2F75BFFE4214220F2F758
:10DC300057FFBF214220F2F753FF00BFB852030144
:10DC4000D34D62102DE9F04F426F85B0D1E90489C0
:10DC50000291002A00F0E8806FF404750021044668
:10DC6000DFF8DCA12A440E460125DFF8D8B1D2F84E
:10DC700098311746019397F8C831032B00F2DB80E7
:10DC8000DFE803F039774002D7E97423904579EB58
:10DC9000030316D2D7F8983097F89C30180603F093
:10DCA00080020ED4D7F8803197F8843103F08003D6
:10DCB0001A4306D197F8DC2102F08002134300F0EA
:10DCC000878097F8F131002B6BD1082387F8C86162
:10DCD00087F80632237843B907F2112104F1740062
:10DCE00015F070FD002800F09A80514607F2FD10F3
:10DCF00019F07AFE0121D7F81172F7B16FF40473AD
:10DD00001F44B8E7D7F8E02197F8F13103F0FF009E
:10DD1000002B35D1D7F8D83113F1010C97F8DC314D
:10DD200043F10003944503F0FF0373F1000341D274
:10DD3000D7F811720546002FE0D1B5B92378A3B901
:10DD4000636F002B70D053F8793C019AD31A6DD4CD
:10DD5000226993425ED202980269D2180261426936
:10DD600042EBE3734361002950D1284605B0BDE87A
:10DD7000F08F97F8F13103F0FF020BB91546BAE7BF
:10DD800097F8F13103F0FF027BB9032387F8C8311C
:10DD9000594607F2F31087F8FC2119F025FE0121FE
:10DDA000A9E797F8F131DBB290E72378CBB187F898
:10DDB000C861EDE7237803B33E23594607F2F31019
:10DDC00087F8C86187F8FC3119F00EFE012192E74F
:10DDD00097F8F13103F0FF02002B7FF472AF154684
:10DDE00089E707F2112104F17400039215F0EAFCAF
:10DDF000039A0028DBD1FEF749FF07F2112104F155
:10DE0000740015F0DFFC0028D6D1F4E72046FFF7B8
:10DE100059FEAAE740F2F5414220F2F761FE40F2D6
:10DE20002D414220F2F75CFEFEF7A2FE40F2F441E3
:10DE30004220F2F755FE40F2E4414220F2F750FE54
:10DE400091B30001F5B50001014B024A1A60704719
:10DE50006801002164DE0001014B1868704700BFB3
:10DE600068010021F1CA000145CD000189D20001FD
:10DE7000F5CA0001F5CA000191DC010145DC000191
:10DE80002DE9F84F05460469D1F8980198466B6C66
:10DE90000E46241A286C91469DF828A0241843F1B8
:10DEA000000B12F03DFFA04271EB0B0380F083806A
:10DEB000133402464BF10003201A6FF0004463EB69
:10DEC0000103A04273F1000470DAD9F81C40002766
:10DED000844277EB030C35DBB9F898E0BC46BAF125
:10DEE000210FBB46F444A8F800C03ED0B0F5FA7F3D
:10DEF00073F1000439DA6C682D692018D6F898415E
:10DF0000A4EB050543F1000315F1290C4FEAE57573
:10DF100045F100051CEB020241EB0501D7194BEB63
:10DF200001043F1843EB0404C6E97A74012873F135
:10DF3000000245DB6FF07F42904273F1000330DA5C
:10DF4000BDE8F88FB0FBF4FC1FFA8CFCACFB047E40
:10DF5000C01BACFB047B63EB0E03B9F898E0BAF18D
:10DF6000210FF444A8F800C0C0D12D69D6F898411B
:10DF7000651B15F1290C4FEAE57545F100051CEB11
:10DF8000020241EB0505D7194BEB05053F1843EBA2
:10DF90000505BAF1210FC6F8E871C6F8EC51C9D0F1
:10DFA000C4E740F273411320F2F79AFD40F23C417E
:10DFB0001320F2F795FD40F239411320F2F790FD5E
:10DFC00040F271411320F2F78BFD00BF2DE9F041C3
:10DFD000446894F89F501DB101252846BDE8F081A2
:10DFE0000E4604F021FACA0715D41A261F2232233E
:10DFF00084F82A6184F82B2184F89F3094F8E0306B
:10E00000002228460133A4F8DE20A4F8BC2284F8BC
:10E01000E030BDE8F08104F526773046394619F046
:10E02000CCFB94F8A430002B40F09A8094F8A330F5
:10E03000002B40F09580B4F89880E66904F0FAF976
:10E0400094F89A32022B07D843B91E262322384669
:10E05000002114F0DBFBC9E7042BF6D1C0431842C2
:10E06000C2B240F0848094F89B32022B74D9042B06
:10E07000EBD11A427BD194F89D3203F0C003C02B40
:10E0800075D0B4F8A632002B73D194F8AE321B07CA
:10E09000DBD1B4F8A832002B6ED194F8AE3213F075
:10E0A000F00FD2D194F8AA325A1E1E2ACDD894F875
:10E0B000AC22012B94F8AB3243EA022394F8AD2250
:10E0C00043EA024302D0B3F5C87FBED3B4F8B1121D
:10E0D00040F2E24201FB02F29342B6DA94F8AF3228
:10E0E000002BB2D094F8B032002BAED00B1F40F60C
:10E0F0007C429BB29342A8D894F8B42294F8B332ED
:10E1000043EA022394F8B52243EA0243B3F5FA7FC7
:10E110009BD39E4299D994F8B71294F8B62242EA5A
:10E12000012294F8B81242EA014293428DD8B4F821
:10E13000B932A3EB08031BB2002BB8BF5B429BB202
:10E14000B3F5804F81D22A230D4904F2F92084F8D7
:10E150009F3019F04CFC51E7002B3FF476AF88E775
:10E160001DF076F900287FF466AF25266EE720269D
:10E170006CE7FB2B8DD968E7FB2B93D965E700BFD4
:10E180009DBC0001FDF702BA4B6890332DE9F041C8
:10E19000D3F8A85082B00C46074625B940F2DB11EF
:10E1A0001320F2F79DFC6FF40573082135F8670C16
:10E1B0001D44F3F74FFD6368DE6903F14408D5F8A9
:10E1C000A031013E9E4228BF1E4618F0C3F8626887
:10E1D000014692F800320B2B2CD8D069184A32F83D
:10E1E0001330194489B21DF001F90446404619F074
:10E1F0003EFC0346C6F30F2238461C44D5F8A43132
:10E20000694611346400B44228BF34469C4238BF8A
:10E210001C46009B64F317030093B5F8B2318DF8E8
:10E220000360ADF80420ADF8063019F03BFB02B0F6
:10E23000BDE8F08140F2B5310620F2F751FC00BF95
:10E24000F05203014B6800B503F5A07383B093F857
:10E250001BC09A7E01A91B7F8DF804C08DF8052094
:10E260008DF8063019F07FFB03B05DF804FB00BFAA
:10E27000202901D00220704730B590F89F3083B03C
:10E2800004462C2B07D1D0F838513DB94FF4FF711B
:10E290001320F2F725FC022003B030BD082135F829
:10E2A000670C0192F3F7D6FC94F8E03000216FF48C
:10E2B0000572013B84F89F10A818A4F8DE105BB229
:10E2C000019A8B4284F8E0300BDB80F8FC210AB124
:10E2D00080F8C811A5F12200044919F085FB00203F
:10E2E000DAE740F203211320F2F7FAFBF5B500015B
:10E2F00090F89F302A2B00D0704790F80133002B04
:10E30000FAD190F8C632002BF6D1C2690139B0F8C3
:10E31000BC32B0F80EC211446344B1FBF2F19BB2BF
:10E320008B42A0F8BC32E7D3024900F2BE2019F0BC
:10E330005EBB00BF75B7000108B5436893F89F2026
:10E3400090332B2A09D1002193F950202C208A42A6
:10E35000A3F84E10D87305DB08BD40F22E21132020
:10E36000F2F7BEFB40F231211320F2F7B9FB00BFF8
:10E3700008B50A794979FDF771FC4FF6FF739842A9
:10E3800000D108BD0921F3F765FC18B1162380F808
:10E39000F13108BD40F23D211320F2F7A1FB00BF8F
:10E3A000D0F8883270B5002B47D013F8512C6FF499
:10E3B00006710446022A03EB010503D01B68C4F86A
:10E3C000883270BD0821B5F8AE01F3F743FCB4F80C
:10E3D0009830B5F8B2216FF0004CE6696FF0020E8C
:10E3E000D21A13B242F3C031A3FB063206FB01225C
:10E3F000D5F8A8115B184FF0000142F1000213EBB1
:10E400000C0C42F10002E64571EB02021AD3002B1C
:10E4100041680BDB0622D4F88832C5F8E021002BD6
:10E42000CCD14FF457711320F2F75AFBDA430A4468
:10E43000B2FBF1F292B20632EDE74FF455711320C0
:10E44000F2F74EFB40F2E5211320F2F749FB00BF43
:10E450002DE9F04F45688BB095F89F302C2B05D0F7
:10E460004FF0020948460BB0BDE8F08F084606A9F8
:10E4700019F05FFAD5F83881B8F1000F04D140F2F5
:10E480006F311320F2F72CFB082138F8670CF3F7F3
:10E49000E1FBBDF82520B5F898306FF4057E044601
:10E4A000D31A08EB0E071BB2002BB8BF5B429BB21E
:10E4B000B3F5804F80F00581BDF8203042F2107C2A
:10E4C0009DF81F604FF00009E98CBDF8220046EA74
:10E4D00003269DF824300CFB01F140EA0340079B22
:10E4E000E165C3F317030699C7F8B811266161689F
:10E4F000C7F89801C7F8A831A7F8B221A368627DD0
:10E50000E07D0096FDF7BEFD2669F860E368A27D18
:10E510006168E07D0096FDF7B5FDB5F89820BDF87F
:10E520002530079E9B1AD5F81CC0C6F31701C7F803
:10E53000B4001EB243F3C0336FF07F42A6FB0C6001
:10E5400076180CFB0303B14843F10003B21843F102
:10E550000001904279EB010297F8242038BF4FF078
:10E560002009002A40F0A380617DD7F898C10139C5
:10E57000D4F804E00EFB01C1D5E9A02B396116EBFC
:10E58000020A21694BEB0300BAEB010160F10000C4
:10E5900011EB0C0140F10000C7F8E811C7F8EC01DD
:10E5A000B9F1000F40F09580002BC0F2C6800496B0
:10E5B00004F1200A059250461BF093F8059A06468E
:10E5C000002800F0C780616F002900F00F81D7F8A4
:10E5D00098016FF4047C51F8793C8C44984240F2E5
:10E5E0009B80434643F8041D636720460592FFF76E
:10E5F00069FA636F002B00F0038153F8790CD7F8A8
:10E600009831049AA0EB030C6245059A80F0D480FF
:10E610004FF000080592BEB1002150461BF01CF9D6
:10E6200094F8240012F0D2FE059A002800F0D4805D
:10E630000021049E5B465046CDE90111616801FB53
:10E64000186100910BF022FA638E01339844A7F809
:10E65000E081237E012B00F0A080636F002B00F08F
:10E66000CA806FF404729A181B68002B00F0B980FE
:10E6700053F8791CD2F89831D2F89C215B1A934256
:10E6800080F08B8001230022237695F8E03085F816
:10E690009F20013BA5F8DE205BB2934285F8E03075
:10E6A000BFF6E0AE40F2F6311320F2F719FAD7F8D0
:10E6B00098C1A168D4F804E06144627D0EFB0211A8
:10E6C0005AE7EB8C42F210724FF01E0902FB03F383
:10E6D000C36595F8E0300022013B85F89F20A5F83E
:10E6E000DE205BB2934285F8E030DBDB87F8FC91FB
:10E6F0009146A8F12200464987F8C82119F074F91B
:10E7000048460BB0BDE8F08F56F8791C6FF4047ED4
:10E710008842B6445AD8F446DCF81162002EF3D190
:10E7200008F8046CA8F1040888F8016088F8026011
:10E7300088F80360CCF8118257E7F34387F8DC913F
:10E740007344B3FBFEF399B20EFB0163C7F8D81113
:10E7500004932DE7636F4046059240F8043D6067DF
:10E760002046FFF7AFF9012404995B46A7F8E04182
:10E770005046059A0091CDE901660BF087F995F8AE
:10E78000E03085F89F60013BA5F8DE605BB2002BAE
:10E7900085F8E030BFF666AE84E795F8E0300022F9
:10E7A000013B85F89F20A5F8DE205BB2934285F8F7
:10E7B000E030BFF657AE75E7A3EB0008049B606836
:10E7C0009844B8FBF0F81FFA88F823E748F8046D7E
:10E7D0000026CCF8118208E740F2C9311320F2F785
:10E7E0007FF940F2CF211320F2F77AF940F292211B
:10E7F0001320F2F775F94FF433711320F2F770F923
:10E8000040F2F5211320F2F76BF900BFFF86930465
:10E81000F5B50001034608462DE9F0415E6882B077
:10E8200006F1900801A919F0A5F806F5A076D8F828
:10E83000A8400CB39DF805509DF8047002E0D4F890
:10E840001542CCB16FF405731C4494F8B431AB425B
:10E85000F5D10821B4F8AE01F3F7FCF9037DBB4212
:10E86000EDD19DF8063084F8F131B37D23B1B27E4D
:10E870009DF805309A4203D0002002B0BDE8F08137
:10E88000F27E9DF804309A42F6D198F8A230222BFD
:10E89000F2D00023B375EFE7704700BFD0F8A8307F
:10E8A0008BB190F8312003F8242CFF2103F8231CAE
:10E8B0001B6843B190F8312003F8242C03F8231C83
:10E8C0001B68002BF6D170472DE9F047D1F8048082
:10E8D0008CB0D8F88892B9F1000F00F0DF800746BD
:10E8E000082139F86B0CF3F7B5F96FF40673054698
:10E8F00009EB0304002800F0CC8098F8A43084F8D9
:10E90000C031D8F83830C4F8BC31B8F82630A4F893
:10E91000B631FFF7D7F8D4F8A461002E00F0A2803A
:10E92000D4F8A0310DF10C08B4F8B2C194F89001FC
:10E93000002294F8A810A0F1030EBEF1010FA1F17E
:10E94000030ECDE90422CDE9062298BF0420CDF8BC
:10E950001F20BEF1010F95F814E098BF04218DF837
:10E960000CE094F8B4E18DF80F108DF80E008DF8DE
:10E970000DE0B4F8BC0095F81790C0F30B00D5F883
:10E980000CE0D5F808A040EAC930BDF81090BDF8F9
:10E99000181009F4E04921F47F6140EA0900B4F855
:10E9A000149021F00F01ADF8100010466AF3130027
:10E9B00005908DF817E0CEF30B2E41EA0E01ADF86D
:10E9C0001810BDF8121069F30B01ADF8121094F88D
:10E9D000BE10ADF81A10A17DADF81C1094F8B51159
:10E9E00001298DF81E1003D0D4F89C2122F07F421B
:10E9F0008DF81F203846C2F30727120C41468DF8C8
:10EA000020708DF8212094F8BF20E47D02F00F02E1
:10EA100042EA0412244C8DF82220B5F81520ADF8F6
:10EA200023206A688DF82760A4FB02428DF82A3003
:10EA3000920AADF82DC0ADF82520C6F30722C6F323
:10EA400007468DF82820C3F30722C3F307438DF848
:10EA500029608DF82B208DF82C3018F041FE0CB079
:10EA6000BDE8F08742461F230DF10C0821460093B4
:10EA700028464346ADF80C60FFF702FABDF80CC01B
:10EA800049F8790C064649F8750C0346A4F8B2C15A
:10EA90004CE740F281411320F2F722F840F27F4127
:10EAA0001320F2F71DF800BF5917B7D108B5436816
:10EAB00093F89E20903312B92D229A7308BD40F22C
:10EAC000B6411320F2F70CF810B5446882B094F800
:10EAD0009E302D2B02D0022002B010BD08466946A0
:10EAE00018F0F2FEBDF80630B4F898209B1A1BB25D
:10EAF000002BB8BF5B429BB2B3F5804FD4F888328D
:10EB000037D2D3B313F8292C02F0FF00F2B14FF043
:10EB1000000C2021322284F82D11002184F89E203F
:10EB2000A4F8D81013F8292C02F0FF00AAB1442051
:10EB3000D4F8882284F82C0122B31268C4F8882201
:10EB4000162203F8282C084602B010BD2E23A4F884
:10EB5000D80084F89E3002B010BDD4F8882284F822
:10EB60002CC17AB11268C4F8882203F828CC02B00C
:10EB700010BD13B14FF01E0CCBE740F2E341132060
:10EB8000F1F7AEFF4FF4B7711320F1F7A9FF00BF03
:10EB900008B50022D0F8883280F89E2080F8DC206A
:10EBA00033B11A68C0F888221A2203F8282C08BD4D
:10EBB00040F20A511320F1F793FF00BF2DE9F04313
:10EBC000D1F8048087B0D8F88842002C64D06FF464
:10EBD00006730746082134F86B0C1C44F3F73AF827
:10EBE0000546002853D0D4F8A861A6B3B4F8B20102
:10EBF0000DF1080894F8243043BBD5F80CC06B68BD
:10EC0000D4F898212D69B3FBFCF3511B013B0CFB9D
:10EC10001311D4F8B831216141460293ADF81220A6
:10EC2000C2F30742039BADF81500384666F317039D
:10EC30008DF81420C5F30F220393ADF810208DF842
:10EC40000F5018F051FE07B0BDE8F0832D69D4F8DD
:10EC50009821511BDDE7424621230DF1080821468A
:10EC60000093B1464346ADF80860FFF709F96B8E93
:10EC70000646C4F8A8010133BDF80800C4F8D891CD
:10EC8000A4F8E431A4F8B20184F8DC91B2E740F2D0
:10EC900016511320F1F724FF40F214511320F1F71D
:10ECA0001FFF00BF08B5436893F89E102E291DD1A1
:10ECB00003F1900200219173D3F8883282F84C104E
:10ECC0007BB113F8512C6FF40671012A0B4400D06C
:10ECD00008BD4FF0FF310222C3F8E01183F8C821CC
:10ECE00008BD40F23B511320F1F7FAFE40F23451D7
:10ECF0001320F1F7F5FE00BF1F29034610B509D018
:10ED00000220D3F8881281B10C68C3F8884201F858
:10ED1000282C10BD90F89E102D29F1D10021084615
:10ED200083F89E1083F8DC10EBE740F26A51132061
:10ED3000F1F7D6FE2DE9F04F85B09DF83840002A56
:10ED400000F08780D0F8D87190F8DC8190F8B5E1B8
:10ED5000002C51D0581E8E680D686CEB0C0CD1F84D
:10ED60000CA0A6FB029B0B7902903318CDF80CC0C7
:10ED70004AEB0C0CB5EB090502FB0ABBEDB2BEFB7E
:10ED8000F2F00090501E451B0190BEFBF2F005FB17
:10ED900010E5EDB2A54256D1E04508BF9F4252D1E1
:10EDA0000D6848460B79013543F100030D600136CB
:10EDB0004D6803F0FF034AF1000A121863F30705D8
:10EDC0004BF1000B4D600D680B795B4508BF954218
:10EDD00067D00B680A79B3EB0900019BC0B201341C
:10EDE000181A009B00FB13E0C0B2201AB0FA80F0A2
:10EDF000400905B0BDE8F08FF81A68F1000CBCF1CD
:10EE0000000F47DB0130D1F800900E794CF1000C77
:10EE1000A2FB00AB02FB0CF5D14500FB04555D44A1
:10EE2000AE411AD3013BD1E90205BEFBF2F66CEB11
:10EE30000C0C1B18A2FB000B02F1FF3245EB0C0C73
:10EE4000009681460192E04508BF9F420A68097911
:10EE500024D0002005B0BDE8F08F0CF0FF06C1F80B
:10EE600000A005F0FF05D1F804C0013B65F3070CD5
:10EE7000C1E90206C1F804C06CEB0C0C1B18A2FB24
:10EE8000000B814646EB0C0CBEFBF2F0013A009001
:10EE90000192D8E74FF0FF308446B3E7B2EB0900A8
:10EEA0009BE7029B9146039AF3188E60C1F80CA071
:10EEB0004AEB020CC7E700BF30B5046802790134A1
:10EEC000836842F1000204604468013302F0FF02EB
:10EED00062F30704C268446042F10002A1FB03E44C
:10EEE000056890F804C001FB02418C4508BF7545D8
:10EEF00008BFC0E9023230BD10B5044614F054FE1C
:10EF000008B9002010BDE04314F04EFE0028F8D0F0
:10EF1000E31683EAA4635A1E1A42F2D0E3B25A1EE1
:10EF200013405A1E1342ECD0A0B218F0A4FE0B28D6
:10EF3000E7D8204618F09BFE1828E2D8A3B2B3EB1E
:10EF4000144F04D184EA142313F0FF1FD9D0044BCB
:10EF500063405A1E1A4214BF01200020D2E700BFAE
:10EF6000D6BE898EF0B5070C164BA7F5AA4203EA68
:10EF70009023543A012A20D927F4004042F6AA22CD
:10EF8000801A18BF0120002216211F24164687EA86
:10EF9000060562EA0505013511D0DD0301394FEAA6
:10EFA0005303ADB245EA56064FEAC4354FEA54045E
:10EFB000ADB245EA5202EAD1F0BD0020E3E70020FD
:10EFC000FAE700BFE0FF3F00F8B58D1F40F67A4C2E
:10EFD0000746BDF82460ADB21046BDF8182065455F
:10EFE0003BD8841FA4B264458CBF0024012425466D
:10EFF000AFBB1D4F3F796FB15CB96FF450654D19D0
:10F00000062D06D86FF450640419062C8CBF00241A
:10F0100001242546FDB1814224D803FB0666B6F5DE
:10F02000FA7F1FDCA2F10A0340F676449BB2A342AA
:10F0300018D814F041FF42F2107300FB06F15A4356
:10F04000B2EB410F0ED9BDF81C50BDF8200085422F
:10F050008CBF002501252846F8BD0024C7E797F896
:10F060008170C8E70025F6E7380D0021F0B5027879
:10F070000346DFF894C001F10C060A7000254278BF
:10F0800040F2712E4A7082788A70D0F80320C1F85D
:10F090000320B0F80720A1F80720427A4A729407AB
:10F0A0009CF8200001F1240481F8490002F00100DD
:10F0B00048BF0130520744BF0130C0B2EAB29042AB
:10F0C00007D89CF8393081F84830002381F84A305D
:10F0D000F0BD03EB0512013557890EFB07F746F823
:10F0E000047B97890EFB07F7B760D78924F8027B6A
:10F0F000178AA780578A6781978A2782D78AE782EB
:10F10000128BA283DAE700BF380D0021012821D835
:10F11000022B0DD1A2F57A70104B98421CD8A1F5A4
:10F120007A70984218D88A428CBF1220002070470B
:10F130000B48824210D8012B07D140F252739A42F9
:10F140000AD9A1F6C410074BEBE7042BF9D140F61E
:10F15000C313F4E71220704730207047A7F97002FC
:10F160008FFD7002CBF370020138C0B2032808B5DE
:10F1700004D940F20B310620F1F7B2FC014B185CC8
:10F1800008BD00BF085303010138C0B2032808B509
:10F1900004D940F20B310620F1F7A2FC014B185CB8
:10F1A00008BD00BF725303010138C0B2032808B57F
:10F1B00004D940F20B310620F1F792FC014B1844C0
:10F1C000807A08BDF053030110B503210020F2F747
:10F1D00041FD044670B90321F2F7FEFC044620B954
:10F1E00040F245313920F1F77BFC034B93F9441091
:10F1F00019F0B5FB204610BD380D002110B50446AE
:10F200000A48F8F7A3F90A492046FAF705F9204613
:10F21000F8F732F838B12046F8F76AF82046F8F7E0
:10F220008BF9002010BD1220FCE700BF540D002117
:10F230005C0D00212DE9FF4106788046012E40F04B
:10F24000988031460020F2F705FD054620B940F6CA
:10F25000CD613920F1F744FCB8F80430002B40F0C0
:10F260008280F7F78DFE00287FD195F83031002B92
:10F270007DD12846FFF7C2FF044600286FD1584FC2
:10F2800031463046F2F7E6FC97F83810064619B1D9
:10F2900010B940F6E961DCE73A7F0023CDE902339B
:10F2A00012F001031CBFF86A0290520741BF04AA82
:10F2B00002EB83037A6B43F8082C002945D096F8BB
:10F2C0003031002B41D0B8F80230002B3DD13B7FCC
:10F2D0003046BA6A009302ABB97FF8F791F8A0B351
:10F2E0003046FAF711F906F14003804605F1400275
:10F2F000703653F8041BB34242F8041BF9D1284678
:10F30000FFF77CFF024610B140F60B71A1E7B8F1A0
:10F310000C0F07D101462846FAF7E0F8F8B940F695
:10F320000F7196E7B8F1000F02D040F6147190E724
:10F330007B7F2846296D43F0040385F85430FAF7A3
:10F3400039F860B940F6167183E7B8F8042028460A
:10F35000B8F80210FAF7C2F8002808BF07242046C0
:10F3600004B0BDE8F0811124F9E73A24F7E70C2452
:10F37000F5E701210020F2F76DFC054610B940F6D3
:10F38000297166E7FAF706F804460028E7D195F8F0
:10F39000543095F8B42022B195F8B520134385F880
:10F3A000B400053B012BDAD82B6D13B940F6397147
:10F3B0004FE701210846F2F74DFC29464FF4A072B1
:10F3C000064613F0ADF90423316D304686F854300B
:10F3D000F9F7F0FF0028C2D140F63E7139E700BFCF
:10F3E000380D0021114BF7B59C7E0646DD7E9F8BC4
:10F3F00014B903F01FF80446A5B903F01BF805463D
:10F4000014B9092003B0F0BD0028FAD0304601A994
:10F410008DF804408DF80550ADF8067017F018FC13
:10F420000020EFE7002CF1D1EBE700BFBC11002179
:10F430002DE9F0439946694B044685B018680F469C
:10F440001B790021029020461646654D8DF80C3040
:10F4500003F080FD634B20462780C4F83832AB6848
:10F4600040F8443FFAF7F6FD804602F0DDFF2B7CC2
:10F4700010F0200FA4F84E8084F84C305A4B0EBF89
:10F480001B22AA8869881B6814BFA4F86E10A4F810
:10F490006E20A4F870201BB194F98010384698476C
:10F4A000524F3B79003B18BF012384F88130504B09
:10F4B0001B681BB107F10801208898474D4B1B685A
:10F4C00013B14D492088984704F1280840461AF0A6
:10F4D000E0FF494BD7F83A00424659681B8903C2FE
:10F4E000697804F114001380AB886A8803330191B2
:10F4F000033229789BB2009192B204F11801F2F71D
:10F500002DFC636923B941F24B113920F1F7E8FA78
:10F51000A36913B941F24C11F7E714F021FC206202
:10F52000B9F1000F04D004F0F9F820F07F40A06397
:10F5300096F84A2006EB4202508D14F0BDFC41F6CD
:10F540004B530146984246D9908C40F2E24214F067
:10F55000B3FCFBF713F840F2E2430146E1612046B9
:10F56000C4F81012A4F8143296F84A20E96806EBA1
:10F570004206338EA384F38EE384FAF767FD02A973
:10F5800004F1A60017F0D4FBFF2384F83C32FB6C97
:10F5900023B1012204F5A171204698472046FFF7C8
:10F5A00021FF054604F0BAF80C230121B0FBF3F269
:10F5B00002FB13032046DBB25A1DD2B2082A96BFC3
:10F5C0000D3384F8B22084F8B23003F0C3FC28462F
:10F5D00005B0BDE8F0834FF47A73BFE72D5C0301FB
:10F5E000BC1100217D0D00217C010021380D00217E
:10F5F000900100218C010021720D00212DE9F743BB
:10F600000F460F21804616461D46F2F723FB04469F
:10F6100000283DD06946404617F08CFA20B140F2F0
:10F62000DB413920F1F75CFA684614F034FC90F8BD
:10F6300066309B072ED52846DDF8048019F09AFC29
:10F6400004F15B01A8B1144B1B6813B940F2E74108
:10F65000E7E72A463046984740B9A4F85860A4F82E
:10F660005B7084F85A50FF2388F8543103B0BDE82A
:10F67000F0830A4BD3F80090B9F1000F02D140F2A9
:10F68000ED41CEE72B4604F17D023046C847E3E763
:10F690000220EBE71A20E9E79401002198010021FC
:10F6A000034B044A1A60044B044A1A60704700BFB7
:10F6B000880100217599010170010021ED9501017A
:10F6C000014B024A1A607047740100218D9F0101AD
:10F6D00038B517F0DEF9002503F046F91C4C02F0AE
:10F6E000B7FE18F07FF903F0DBFC04F001FF03F034
:10F6F0000BFD012002F070FE164B174A29465D8370
:10F700001A601B22DD839A80F9221D841D76134B1B
:10F7100022835868124A1B8922601422E06104F196
:10F7200024002384A576A580A57513F06FF8012326
:10F7300042F2107204F13A0084F8455084F8243003
:10F7400084F83930C4E90A22BDE838401AF0A7BE6F
:10F75000380D0021BC11002103021B0008530301D6
:10F760001B004801044B41F64C521B215A6119748D
:10F77000C3E90222FFF7ACBFBC11002173B5384DBD
:10F780000446AB6840F8443FF4F748FC064602F0F4
:10F790004BFE2B7C10F0200FA4F84E6084F84C3008
:10F7A000304B0EBF1B22AA8869881B6814BFA4F8BF
:10F7B0006E10A4F86E20A4F870201BB194F980108C
:10F7C0002088984728490B79003B18BF012384F80B
:10F7D0008130264B1B6813B108312088984794F874
:10F7E00081302046002B41F64C5318BF4FF47A73FA
:10F7F000E361FFF7F7FD064648B102212088F2F7E2
:10F800003FFA40B340F2C1513920F1F769F9184B82
:10F810001B6813B101462088984704F128001AF0AC
:10F8200038FE6978AB8804F114006A8801910333CB
:10F83000297803329BB2009192B204F11801F2F7D9
:10F840008DFA636913B940F2D651DDE7A3691BB99C
:10F8500040F2D751D8E70926304602B070BD00BF4C
:10F86000BC1100217C010021380D002190010021F4
:10F870008C0100212DE9F34105460E4619F0B4F83C
:10F88000002800F0AE80284619F044F930B1B6F8EF
:10F890000130013B7F2B01D9122404E0284619F0E6
:10F8A0003DF920B90C24204602B0BDE8F08128467D
:10F8B000F4F79EFD0028F5D1284619F03AF8804665
:10F8C0000028EFD1284606F0D3FA0028E4D042F20F
:10F8D0001073B6F80170F17828465F4319F002F909
:10F8E00004213078F2F7B6F9044606213078F2F7B1
:10F8F000B1F9002C77D038B141F665113920F1F714
:10F90000EFF8044690F8BD80404E3368002B6CD071
:10F910004034204619F029FF002866D0204619F00F
:10F92000E0FE002861D1B8F1000F08D0384B204626
:10F930001B689847002858D041F67911DEE7354911
:10F940004246336820464969984700284DD041F621
:10F950007E11D3E7284619F0DDF840B902210DF1F8
:10F960000600F2F701F9064658B90D249BE7284630
:10F9700019F0E2F80028F1D1274B1B79002BEDD1CB
:10F980008AE7002103F094FABDF806302846314694
:10F99000338019F0E6F8284619F0CEF8A0B92846C9
:10F9A00019F0D4F801463046FFF7E8FE0446002877
:10F9B0007FF479AF3A4631462846F4F717FA044601
:10F9C00020B141F6AA1199E70121ECE7124BDB6C5B
:10F9D000002B3FF468AF024606F5A1713046984708
:10F9E00061E742245FE700288BD1284619F086F8AA
:10F9F00001460028AED13A462846F4F7F7F9044606
:10FA000000283FF450AF41F6871177E788010021C5
:10FA100084010021BC110021380D00210378032B43
:10FA20009DBF03F00103034A0020112098BFD37744
:10FA3000704700BFBC110021064B01889A88914293
:10FA400006D3B0F8032091B211B100201A84704798
:10FA500011207047BC1100212DE9F3411C4F0646CF
:10FA6000FB7F8BBB0C2002B0BDE8F08106EB850369
:10FA70006946B3F80380B3F801004444A4B217F018
:10FA800059F8E8B9684614F006FAC38C434519D30F
:10FA9000A3EB0803C38490F830303BB990F83130C1
:10FAA00023B1C38C13B9684604F034FA01353278B7
:10FAB000ABB29A42DAD83B8C00201C443C84D2E79B
:10FAC0000220D0E71220CEE700252C46EFE700BF4A
:10FAD000BC11002108B503F0A7FA14F09FFA024BFD
:10FAE00083F8440008BD00BF380D0021014B93F995
:10FAF00044007047380D0021B0F90020F8B514B269
:10FB000092B202F5A0639BB2B3F5206F36D8B0F97C
:10FB100002301DB29BB203F5A06189B2B1F5206F2E
:10FB20002CD802F2F64140F2BE5089B2814227D869
:10FB300003F2F64189B2814222D8002C4FF00A002C
:10FB4000C4BF093214B2002DC8BF093394FBF0F4CE
:10FB5000C8BF1DB203F0ACFA0A2167B2064695FB96
:10FB6000F1F1384649B203F095FA074B1B684BB1E7
:10FB7000A01B40B208B198470020F8BD3020FCE738
:10FB80001120FAE71846F8E780010021034B5A8854
:10FB900002801B7883700020704700BFBC110021D9
:10FBA0007FB5837806461A2B09D8042B05D9012284
:10FBB00002FA03F3314A134205D112251AE0292B28
:10FBC00001D03B2BF9D13088B0F5706FF5D2694682
:10FBD00016F0B0FF88B9019B93F8402102F0FF05B1
:10FBE000C2B9B27883F84121FF2283F840216846E8
:10FBF00017F0D1FE284604B070BD09213088F2F715
:10FC000029F80446002837D002A9B0F8AC0116F054
:10FC100091FF08B10C25EDE70821B4F8AE01F2F729
:10FC200019F820B94FF40F613920F0F759FF037824
:10FC30001BB994F8C831032BECD1039B93F85621E0
:10FC4000002AE7D194F8F02102F0FF05002AE1D163
:10FC5000B4F8B021A3F8582194F8B42183F85A21BC
:10FC6000027D83F85B21B27883F85C2184F8F0216F
:10FC7000FF2283F85621BDE70225BBE720003804A8
:10FC800038B50478427804F00103857804F0020462
:10FC900052EA030101D1112038BDBCB9002DFAD0C0
:10FCA000002B08BF144601E000242546204614F02E
:10FCB00078FA0028EFD0284614F073FA0028EAD02A
:10FCC000054B00209C76DD769883E5E7002BEBD191
:10FCD00014461D46EAE700BFBC11002113B5008899
:10FCE000694616F027FF18B10224204602B010BD65
:10FCF0009DF80030019863B914F0EBF80028F3D0B8
:10FD0000684614F0C8F8019B93F8522122B13A24B6
:10FD1000EBE714F0ECF8F1E790F85C2002F0FF0458
:10FD2000002AF4D190F85320920706D1FF2283F8DD
:10FD30005221684617F02FFED7E70249543017F0DA
:10FD40005CFED2E74D8302012DE9F84303780446B7
:10FD5000032B03D912252846BDE8F8834378032BEB
:10FD6000F8D8437E85780BB9012DF3D115F0F80F43
:10FD7000F0D1A80751D5022DECD1504B5B79002B67
:10FD8000E8D002F057FB35EA000340F0928094F887
:10FD9000029019F0010506D001232269A168E078DC
:10FDA000FFF7B4F9054619F0020F07D002232269C4
:10FDB000A168E078FFF7AAF90543EDB219F0040F46
:10FDC00007D004232269A168E078FFF79FF9054373
:10FDD000EDB2002DBFD1B9F1050F0FD194F8049009
:10FDE0000423E16862694846FFF790F900285ED174
:10FDF000E3784B455DD1A36899425AD1237E013BFC
:10FE0000062BA7D801210020F1F724FF814638B93D
:10FE100040F6CE513920F0F763FE69079AD0B0E77B
:10FE2000C030F9F7C1FA18B199F854309A0742D1A5
:10FE300094F819C0E278BCF1000CA178A06818BF52
:10FE40004FF0010C012AB4F8009014BFB2FA82F20C
:10FE5000022294F818E018BF5209CB071ED54B07B1
:10FE600027690BD56669BB19984207D243089F42A0
:10FE700028BF1F46C31B9E4228BF1E460F4B197743
:10FE80005A77A3F81E9083F820E083F821C083F806
:10FE90002410C3E90A07C3E90C865CE7022902D1F2
:10FEA000D4F81080EAE74B0748BF2669E6E7054625
:10FEB00051E711254FE70C254DE700BF380D002114
:10FEC0002DE9F041044688B0002002F085FA23783D
:10FED0008DF8043063788DF80530A37803F00105C0
:10FEE0008DF806305B0748BF013502F0A3FA9DF894
:10FEF000063083434AD10DF1070003A904F103083A
:10FF000040F2712E0E468446DAB2954219D8214B42
:10FF100093F8202093F839308DF81C20A2788DF8C2
:10FF20001D3032F0050333D112F0050F30D01A4CDA
:10FF3000DAB2954217D801A8FFF706FF08B0BDE86E
:10FF4000F08103EB8302013318F8027022440CF8AD
:10FF5000017B9788D2880EFB07F70EFB02F246F86A
:10FF6000047B7260D0E710F8012B012A10D88A6850
:10FF70000E46A2F6C412A24206D8326804310133FA
:10FF8000A2F6C412A242D3D93020D7E71120D5E778
:10FF90001220D3E7380D0021CBF3700200B589B0F1
:10FFA000437940F271218DF8043083798DF8053062
:10FFB00001238DF8063003788DF80730B0F8013052
:10FFC0004B430393B0F803204A430D4991F82010A6
:10FFD0000592A2F6C4128DF81C1000218DF81D1098
:10FFE00008498A4209D8A3F6C4138B4205D801A850
:10FFF000FFF7AAFE09B05DF804FB3020FAE700BF66
:020000040101F8
:10000000380D00213C369C002DE9F04F437A044620
:100010008FB0980705D5924A127912B943F00103BF
:100020006372657A690704D1122630460FB0BDE8C5
:10003000F08F15F0F80FF7D102F0FCF935EA000364
:1000400040F0928094F8483053B9012DECD1A36967
:10005000844AA3F25373934200F26A81012602E0BC
:1000600015F00106F3D1AA0745BF731CB2464FF045
:10007000FF0ADEB26B070AD5B31D7B4A54F8233062
:10008000A3F6C413934200F253810136F6B204F191
:10009000080704F122054FF000095FFA89F8464588
:1000A0002BD823789A1E022A5ED9012BBCD813B90B
:1000B000A378012BB8D86378032BB5D894F84930CE
:1000C000013B062BB0D8664E01210020F1F7C2FD9E
:1000D00096F838300546002B5FD101210846F1F72C
:1000E000B9FD002818BF054605F1C000F9F75CF915
:1000F000074600286BD00C2697E7C24536D07B68B0
:100100000493049A3B6993428ED8012069882A8916
:10011000EB89B5F814B00390288C05910290688B98
:10012000CDE900B00020CDE90623FEF74DFF002801
:1001300000F0FE80B8F1000F2AD028880599884287
:100140007FF472AFE988069A91427FF46DAFAA8975
:10015000079B9A427FF468AF6B8A5B457FF464AF7C
:100160003B68049A9A4213D011265EE7012E0FD104
:100170003A693E48A2F57A73834200F2D9807B68DF
:10018000A3F57A71814200F2D3809A423FF64CAFD8
:1001900009F10109043702357FE7C030F9F704F9A6
:1001A00000289AD06FF00043D5E930129A4208BF78
:1001B000B1F1FF3F91D1637A2846E268009304F1E0
:1001C00018036178F7F71CF90746002885D0284600
:1001D000F6F7DCFE08B13A2627E72846F6F7D0FE08
:1001E0000028F8D1B37E43B9CDE9093306238DF851
:1001F0002A3009A8F1F768FDB8B100210DF12200FD
:10020000F1F7B2FC8046002800F0908001232246DE
:10021000BDF82210FFF70CF9064620B94046F9F761
:1002200025FF47B168B10646C7E0099B93F8A530A2
:10023000802BDED05FE70028F5D161782846F7F7FC
:1002400053F804F1030AA278217828465346F6F7BA
:10025000EDFF00286ED1002F66D11220E3E700BF2A
:10026000380D00213CF67002CBF37002A7F9700242
:10027000637A8DF8247013F00102E16818BFA06959
:100280000A911EBF0B9001208DF824009F070DD509
:10029000022B09D1901D54F820000C909DF82400E9
:1002A00040F002008DF824000132D2B2580709D57F
:1002B000063254F822200D929DF8242042F00402C8
:1002C0008DF8242003F00503052B0ED10B980D9A11
:1002D0008318994209D24B08834228BF0346C91AA2
:1002E0000B93914294BF0D910D9209A92846F9F7FD
:1002F00093F894F848102846003918BF0121F6F702
:1003000091FF94F849102846F6F762FF2846F7F760
:1003100013F941462846F9F74DF800287FF485AED9
:1003200007264AE00B2648E0122646E00D267CE62A
:1003300030267AE617B92846F6F7DAFF5346A27850
:1003400021782846F7F71CF894F80990B9F1020FC4
:1003500005D002F06FF809EA000909F005094946DD
:100360002846F6F739FF17B9042385F85430C5F845
:1003700050805246A07813F084FD01462846F7F7D6
:100380001BF8237833B95246A178404613F060FE3B
:100390000028C7D101212846F7F72AF8012128466D
:1003A000F7F72AF8002F3FF463AF04212846F6F749
:1003B0006DFF00287FF439AE0C26B8F8000002F07B
:1003C000C7F80021B8F80000F1F75AFC00283FF404
:1003D0002CAE41F212413920F0F782FB10B543797F
:1003E00094B0032B57D823F0020302798DF806301E
:1003F000D0F806308DF80420CDF807304389027B11
:10040000ADF80B3001238DF8052040F271228DF8F4
:100410000D3003885343049341884A430792A2F660
:10042000C412847B417B41EA0421ADF82810047C8E
:10043000C17B41EA0421ADF82E10847C417C41EA65
:100440000421ADF83410047DC17C41EA0421ADF8EB
:100450003A10417D847D41EA0421ADF84010C17D10
:10046000007E41EA00210E48ADF8461000218DF8CB
:100470004C108DF84E100B4990F820008A428DF8F0
:100480004D000AD8A3F6C4138B4206D801A8FFF783
:10049000BBFD14B010BD1220FBE73020F9E700BF10
:1004A000380D00213C369C0030B5044695B0002044
:1004B00001F092FF01A92046FEF7D8FD054601F0A4
:1004C000B9FF9DF80D4034EA000302D0112015B0A9
:1004D00030BD14F0050F1ED014F0F80F1BD101F041
:1004E000A9FF8443F2D104AB0C49E2B2954203D890
:1004F00001A8FFF789FDEAE7DA681846A2F6C412F8
:100500008A4206D8026804330134A2F6C4128A4231
:10051000EBD93020DBE71220D9E700BFCBF3700224
:1005200073B506230024CDE900448DF806306846F3
:10053000F1F7CAFB58B1002601210020F1F78AFB30
:10054000054698B941F244413920F0F7C9FA009CB8
:1005500094F8A530802BEAD094F80931002BE6D12D
:1005600094F8A430002BE2D10126E5E7C030F8F77B
:100570001BFF244B93F8383083B3F0B195F8543017
:10058000053B012B19D82846F8F7BEFF044610B1E9
:1005900041F24F41D8E72846F6F7FEFC95F8543073
:1005A0002246214623F00403284685F85430F8F704
:1005B00095FF80B941F25441C6E701210846F1F7A1
:1005C00049FB054610B941F25B41BDE7C030F8F781
:1005D000EBFE68B90C24204602B070BD30B9002E85
:1005E000F8D0FF2384F8A4300024F4E7002EF8D1DB
:1005F0002846F8F789FF04460028ECD12846F6F78C
:10060000CBFCE8E7380D00212DE9FF4107780446CF
:100610000D46EF2F01D91225A5E0B0F80130ADF855
:100620000C309DF90C209DF80C30002AF3DB9DF86E
:100630000D209607EFD1D8066CD4990603F003027B
:1006400065D5002AE7D11A0703D503F06703012B0C
:10065000E1D163781E0711D42179E278E07942EA8A
:100660000122617942EA0142A17941EA0021207A1E
:1006700041EA00418A42CED81F2ACCD9627A013A97
:10068000062AC8D8A27A032AC5D813F0040102D1D9
:10069000023A012A03D8E27A012ABCD811B9A27C15
:1006A000032AB8D813F01001227D44D0012AB2D118
:1006B000237E012BAFD800294DD06378D80703D50E
:1006C00001F08AFD00284DD06378227D03F01801E7
:1006D00008295AD1022A45D11B0709D4E279A37906
:1006E00043EA0223227A43EA0243B3F5804F39D822
:1006F0001FFA87F803214046F1F7ACFA06460028B6
:1007000049D0F3F775FE002851D00C252BE0032AC1
:1007100099D180E713F0600F7FF47DAF03F00F02F3
:1007200003F00703052B94D0931E012B91D9002AC7
:100730007FF471AF8DE7022A04D103F06F03092B18
:100740007FF469AFA37D013B022B3FF664AFE37DED
:100750000F2BADD95FE701F06DFE81070AD4237D31
:10076000022B04D11125284604B0BDE8F081A37DF9
:10077000022BF7D001F05EFE42079ED4237D032BAF
:10078000F0D0A37D032B98D1ECE7022AA4D0A27E5F
:10079000002AA1D0E6E703214046F1F71DFA0646FC
:1007A000002840D0214B93F9441018F0D8F80021CC
:1007B000384618F063FD18BB304618F09CF9214606
:1007C0002870E074304605F0ABFB637E0546002BD5
:1007D000C9D00028C7D10246F16C6846F1F79AFBF0
:1007E0002A46F06C012113F0BEF8F16C6846042231
:1007F000F1F790FB2A462946F06C13F0B4F8B2E703
:10080000403018F0B2FF0028D6D0637813F0330FD1
:100810007FF401AFA77D304618F098F9FEF7A4FCED
:100820008742C9D071E707259DE700BF380D002139
:1008300030B502798BB00346042A58D84488B4F501
:10084000804F54D82B4800211044ADF804108DF887
:100850000C10827C457B42F010028DF8211042EA98
:100860004502C57D007F42EA850242EAC00202F0ED
:100870001F028DF80420BDF80420ADF80D201A8861
:100880008DF81240240A8DF80F20120A8DF81110ED
:100890008DF814108DF810208DF813405A7BD3F882
:1008A00007008DF815205A79069003A88DF81620B8
:1008B0009A798DF81720B3F80B209B7BADF81C209C
:1008C0008DF81E307F238DF81F3001238DF82030E6
:1008D0008DF822308DF823108DF824108DF8251016
:1008E0008DF8261001A9FFF78FFE0BB030BD122046
:1008F000FBE700BF08530301F7B5B0F80120054638
:10090000B0F803309A4202D9122003B0F0BD052A94
:10091000FAD9052BF8D9B0F80530002B40F09C80AF
:1009200003210078F1F796F90646002800F096803A
:1009300018F0E8F80028E7D1304618F0FDF8002854
:10094000E2D1304618F0DAF80028DDD1304618F050
:10095000DDF801460028D7D1287818F08FFC04462E
:10096000002852D106212878F1F774F907460028AB
:1009700052D1BCB92F78062012F0E1FEBFB2002898
:100980005DD006213846F1F727F9002857D080F8C6
:10099000BD400446354B20461B68984706F12803A6
:1009A000C4F88830E28D94F8300094F834104FF693
:1009B000FF7301F0FF07002954D19A4294F83510D3
:1009C00046D0002814BF3B272327A06813F059F80E
:1009D000B5F80320014640F2E240737942432046D5
:1009E000009718F097FC00283AD004F140012846FF
:1009F00013F01EFB73793046237418F07CF801461F
:100A0000204618F099FC00207FE7403018F069FE7E
:100A10000028A7D00C2078E790F8BD303BB1014604
:100A2000287818F073FF114B38461B68984706F179
:100A30002803C7F88830002387F8BD3099E70421E0
:100A40003846F1F7C9F804460028A3D107205CE72F
:100A5000002918BF0927B8E7112056E7422054E7BC
:100A6000452052E79A42ACD10927AEE77001002138
:100A70002DE9F347074603214078F1F7EBF80546E7
:100A8000002800F0BC8004217878F1F7E3F80446F0
:100A900006217878F1F7DEF806462CB1C0B141F6B0
:100AA00024313920F0F71CF818B90C2002B0BDE849
:100AB000F087044690F8BD903B7804F14008DB07CE
:100AC000404640F18F8018F00CFE18B10020EDE791
:100AD0008146F1E7284618F015F80028E5D12846A8
:100AE00018F02AF80028E0D1284618F007F8002866
:100AF000DBD1284618F00AF80028D6D1B9F1000F4A
:100B000036D06B794046627B237495F846301B09DA
:100B100063F3071262733B78C3F34003A37308F0D7
:100B20001DFF0028C2D156B1B9F1000F07D013F054
:100B300017F9364BC6F890001B7E86F8A33013F0E9
:100B40000FF9206002F0EAFD20F07F406060284647
:100B5000F3F74EFC0028B9D0B9F1000F36D02C4B7A
:100B600040461B6898470028B0D041F6763198E798
:100B7000A06812F05EFF002897D1E28D94F8300053
:100B800094F834104FF6FF7301F0FF0A002938D1B2
:100B90009A4294F8351014D0002814BF4FF03B0A45
:100BA0004FF0230AA06812F06CFF6B790146CDF874
:100BB00000A02046226F18F0ADFB0028A1D14520EF
:100BC00074E7002918BF4FF0090AEBE7114B4A46BA
:100BD0004046596908F0CEFE00283FF477AF41F651
:100BE0007B315EE7B9F1000F04D002B0BDE8F047F9
:100BF00018F08EBE02B0BDE8F04718F04FBE42209C
:100C000054E79A42C8D14FF0090ACBE7380D0021CA
:100C100084010021BC110021037813F0F80F73B593
:100C2000044640F0AA8013F0010307D142780F2A4E
:100C300000F2A5808278012A00F2A180B4F8092090
:100C4000B2F5FA7F80F09B80B4F80B2043F6F67182
:100C50000A3A92B28A4200F29280627B1F2A00F224
:100C60008E8002F01702172A03D10C24204602B00E
:100C700070BD4BB9E51CCDE9003305238DF8063076
:100C80006846F1F721F838B105216846F0F76CFFA6
:100C9000054688B90724E9E700986378827A9A4282
:100CA000EED100F10C012B46A278C07A15F0F2FECD
:100CB0000028E5D00B24D9E7324B0146BDF80000EF
:100CC00005F150061B689847BDF8003030462B816F
:100CD000237883F00203C3F34003EB742378C3F358
:100CE00080032B756378AB72A378EB722378C3F320
:100CF0000003AB75637B2B76D4F80330EB60B4F85C
:100D000007302B82A27A637A43EA022342F21072FE
:100D1000A5F88830B4F80B305343C5F88C3008F090
:100D200023FE58B10521BDF80000F0F7A9FF002807
:100D3000B0D041F6B4613920EFF7D2FE2846F6F77D
:100D400063FC044680B1304618F0A8FD10B141F6AE
:100D5000BA61F0E70521BDF80000F0F791FF002827
:100D600083D041F6BB61E6E7074B1B68002B3FF4DD
:100D70007DAFBDF80000984778E7112476E712248C
:100D800074E700BF7401002178010021014913F0CC
:100D9000BCB800BF400D002113B50378044653B121
:100DA000002301A801930DF031FF019B9B0702D0A6
:100DB0000C2002B010BD22780020014B1A71F8E718
:100DC000380D00210278034672B1427862B1428840
:100DD0001A2A09D982881A2A06D90068034A10609B
:100DE00000209B889380704712207047BC1100211F
:100DF00002680020014B9A60704700BFBC110021BF
:100E000002680020014BDA60704700BFBC1100216E
:100E10000378A3F10A02112A9BBF024A0020122084
:100E200013747047BC1100210378FF2B16D143784F
:100E3000FF2B13D18378FF2B10D1C378FF2B0DD15B
:100E4000037923F0E0021F2A08D113F0E00F05D048
:100E50005B09034A002082F8203070471220704757
:100E6000380D00210378012B9DBF03F00103034AD5
:100E70000020122098BF82F839307047380D0021C9
:100E800002680020014B5A61704700BFBC1100216D
:100E9000014B187600207047380D0021014B587621
:100EA00000207047380D00212DE9F04F04468BB02B
:100EB00000780491FAF7A8FEA37B08210393F0F7CA
:100EC000C9FE0646002842D0466F002E3FD06FF480
:100ED00004714FF000084FF00E09771846460DF1E7
:100EE0002602214697F8B401FBF7EAFDA0B9039D5D
:100EF0000135EBB2039397F8BF30002BFB7D18BF91
:100F00000126002B18BF4FF00108D7F81172FFB16E
:100F10006FF404721744E2E79DF8263009FB0342A0
:100F2000B2F8112052B109FB0343B3F81330002B80
:100F3000EBD197F82830002BE7D003E097F8D020CA
:100F4000002AF0D00C2630460BB0BDE8F08FB0463A
:100F5000039B1F2B00F2EA802378EF2B00F2E68040
:100F6000B4F8092040F67C41131F9BB28B4200F27B
:100F7000DD8094F80EE000230E20D9B28E4554D8BF
:100F80007EB1A178637843EA0123E17843EA014323
:100F9000944903F18073FF3B23F07F438B4200F2BF
:100FA000C580B8F1000F0FD06179237943EA01239E
:100FB000A17943EA01438B4903F18073FF3B23F09E
:100FC0007F438B4200F2B280E379002B00F0AE80C9
:100FD000237A002B00F0AA80E37A072B00F2A68088
:100FE000237B012B03D9BEF1010F00F29F80637BAD
:100FF000022B059355D000F2998040F2E243A046BF
:1010000026464FF000095343069304F10F0307935C
:101010005FFA89F2964517D801F00CFA039B064651
:101020000E2B40F29B8009268DE700FB0341013324
:10103000B1F81170B1F81310002F18BF0126002964
:1010400018BF4FF0010898E7F07BEF286ED8002317
:10105000D9B28E4527D896F810A00AF1FF331E2B7F
:1010600064D80E2303FB0941B1F81120B2F5805F6B
:101070005CD2B1F81330B3F5805F57D2B1F81500E8
:10108000FB2853D8B1F81710FB294FD896F81BC08E
:10109000BCF10F0F4AD8377F0F2F47D852EA03050C
:1010A0000BD111264FE7914205D00E21079D5943E0
:1010B000695C81423AD00133CAE750EA0105F0D0B9
:1010C0005CEA0705EDD042EA000B5BEA0C0506D0AE
:1010D000002AE6D00028E4D0BCF1000FE1D043EABA
:1010E000010B5BEA070505D0002BDAD00029D8D028
:1010F000002FD6D0BC45E34638BFBB46DA45D0D337
:10110000059D3DBBA0B1024494F802A0069D013AA2
:10111000B2FBF0F0627842EA0A2294F803A042EAB5
:101120000A42B5FBF2F25043604501D912260AE7A4
:1011300081B10B446279013BB3FBF1F1237943EABE
:101140000223A27943EA0243069AB2FBF3F359431E
:10115000B942EBD809F101090E3659E70DF0DCF878
:1011600005460DF073FB94F80EE000214FF00E0CD5
:10117000CBB29E450CD840F2E243B4F80900584384
:10118000E37A0B2B30D940F2B5310620EFF7A8FCFB
:1011900098F819200F46002A83D0531E134280D19D
:1011A00098F81A30002B3FF47CAF03F1FF3919EAAD
:1011B000030F7FF476AF16423FF473AF1E423FF445
:1011C00070AF0CFB0143B3F8113083423FF669AFB7
:1011D0000CFB0743013108F10E08B3F81330AB42A2
:1011E000C6D95EE700FF0F00A04A00274FF096081F
:1011F00002EB4303BA46B9463D46598C1AF0F6F85D
:101200008346A37BFEB2B34231D82078FAF7FCFCC8
:101210000821F0F71FFD00284FD0466F002E4CD05C
:101220006FF404730DF1260221461E4496F8B401B2
:10123000FBF746FCC0B959460390304612F031FF27
:10124000039B07463046194612F02BFF07F1960321
:10125000B9441B1A984538BF984696F8B5319A4557
:1012600003FB075538BF9A46D6F81162D6E70E231E
:10127000594601375E4306F10F022244104605929B
:1012800013F0C5F80390FAF70FFF00283FF44EAFB4
:10129000059A00212644104613F0B9F8039B03F188
:1012A00096029944121A904538BF9046327C924576
:1012B00002FB035538BF9246A3E7237B012B08BFEF
:1012C0000AFB09F5B8F5FA7F38BF05F5AF75FAF7EF
:1012D000F7FE38B9B4F8093040F2E2425343AB426A
:1012E000FFF4DFAE2078FAF78FFC0821ADF8240078
:1012F000F0F7B0FC0546D8B9082109A8F0F734FC8E
:10130000054608B907261EE6FAF738FC05F1200065
:1013100008F024FB064660B10821BDF82400F0F770
:10132000AFFC00283FF40FAE42F2D96139202DE71F
:10133000012695F86870002F7FF404AE09204FF065
:101340000E0A12F0FCF994F80E808146A27BFBB2E3
:101350009A420AD8C14580F08580002ED2D108215A
:10136000BDF82400F0F78CFCCCE70AFB03432846C9
:10137000D97BFAF765FC18B108F1FF385FFA88F8F5
:101380000137E3E709FB0648284698F80F10FAF7FB
:1013900057FC8246002850D109210DF12600F0F7B4
:1013A000E3FB824610B942F20371BFE7FAF792F805
:1013B000BDF82430AAF8AE31BDF82630AAF8B03115
:1013C00098F80F308AF8B4316B6FCAF811320AF20C
:1013D00011236B67049B013703EB4606BAF8B03163
:1013E0007380A17BFEB2B142CCD801232B7023784D
:1013F0002B75A2786378E67843EA0223627943EAA0
:101400000646237943EA0223A279AE6043EA024307
:10141000EB60E2796A75227AAA75627B002A14BFB2
:1014200001200020E8753FD140F2E240B4F8097095
:101430004FF00E0C4743104625E0B0F8B031D0F81D
:1014400011B20393FAF746F8039BBDF82420AAF8DB
:10145000B031AAF8AE2198F80F30CAF811B28AF864
:10146000B431B7E700274FF00E09BAE7085303017C
:101470000CFB0042B2F8132022B1B7FBF3F203FBDE
:1014800012727AB90130C2B291420DD90CFB0042FE
:10149000B2F81120002AEBD0B7FBF6F206FB12726D
:1014A000002AE5D00123EB75B4F8093040F2E2429E
:1014B00000274FF00E085343A5F854202B656B60AE
:1014C000237B2B76A37BFEB2B34229D8E37A286D27
:1014D0000B2B3FF658AE704A02EB4303598C19F0C0
:1014E00085FF2B7E80466E6F002B40F0A280002E81
:1014F0006ED06FF4047906EB09071E463846414664
:1015000012F0CFFD97F8B531C7F89C01D7F81172EA
:1015100000FB0366002F5BD06FF4047E7744EDE799
:1015200008FB064628460137F17BFAF789FB01469E
:1015300010B942F25871F9E6337C80F8B531B27CCB
:10154000737C43EA0223A0F8BC30327DF37C43EA8B
:1015500002238382EB7D80F8CC3080F82430B6F80B
:10156000153080F8BE30B6F817308375707E12F0F3
:1015700098FC81F89001B07E12F093FC81F8A800ED
:10158000F37E01F1B00081F8BF30337FCB75A278D4
:10159000637843EA0223E27843EA02436279C1F8BE
:1015A000C430237943EA0223A27943EA02434FF08D
:1015B000FF32CB616B68C1F8C8300B626B7D81F87C
:1015C000C130AB7D4B764FF0FF3319F03DFE79E72C
:1015D0006B6F2E616BB16FF4047C634493F8B5219B
:1015E000D3F89C11C3F8986101FB1266D3F811324D
:1015F000F0E7DEB92B696A7DE87D0093D5E9011338
:10160000FAF740FD2B69AA7D0646E87D0093EB685A
:101610006968FAF737FD6B6FB3B36FF40472134464
:10162000C3F8B460D860D3F81132F5E742F2917193
:101630007CE6AEB16FF40477F7190026B146384660
:10164000414612F02EFD97F8B531D7F8117281445A
:101650009E4238BF1E4627B16FF404700744EEE780
:10166000B14609FB06F66F6F2E61002FC2D06FF4F2
:1016700004710F444146C7E96669384612F011FD0E
:10168000D7F81172361AF0E723780026049A1370FF
:10169000A37B537057E400BF085303012DE9F047C3
:1016A0000446BEB000780F46FAF7AEFA082194F867
:1016B0000E80F0F7CFFA054608B3456FFDB16FF421
:1016C0000472AE180025A946214696F8B401FBF72E
:1016D000E3F968B996F8BF3008F10108002BF37DF3
:1016E0005FFA88F818BF4FF00109002B18BF0125D9
:1016F000D6F8116226B16FF404731E44E4E7A946DC
:10170000B8F11F0F4FD82378EF2B4CD8E379072B74
:1017100049D8237A012B02D9A37B012B43D8637AC2
:10172000022B04D1112528463EB0BDE8F0873AD8F7
:1017300094F80EC0264622460023D9B28C4534D8F0
:10174000B9F1000F15D0A278637843EA0223E2785A
:1017500043EA0243604A03F18073FF3B23F07F4377
:10176000934220D8638940F69B72053B9BB293421B
:1017700019D8002D00F0A7806279237943EA02236B
:10178000A27943EA0243544A03F18073FF3B23F0FA
:101790007F43934207D8A38940F69B72053B9BB2D7
:1017A000934240F290801225BDE7D17BEF29FAD811
:1017B00003EBC3012144B1F810E0BEF5805FF2D223
:1017C000498AB1F5805FEED292F814A0BAF1070F02
:1017D000A8D8507DBAF1000FA4D001380628A1D8AE
:1017E000BEF1000F05D100299CD00125013309323B
:1017F000A3E74FF001090029F8D0F6E7317D1A463A
:1018000008428FD0717D08428CD003EBC301214484
:10181000098AFB2986D802EBC20201330936224429
:10182000528AFB2A3FF67EAFDAB29445E6D82B46C1
:101830004A4609A92046FAF787FC054600287FF4A6
:1018400072AF01A909A8FFF72FFB054600287FF416
:101850006AAF2078FAF7D8F94FF6FF73984204D1AF
:1018600042F2E3413920EFF73BF90821F0F7F2F9B2
:10187000804620BB42F2E541F4E706EBC60640464F
:1018800009F101092644F17BFAF7DAF910B942F2BD
:10189000EA41E7E7B37D80F8CD30F37D80F825306D
:1018A000A27B5FFA89F69642E7D323780DF1060111
:1018B0007A70B81C52003B7010F032FF33E7A94633
:1018C000EEE709252FE700F0B5FDB8F10E0FF8D8C7
:1018D00094F80EC00023A7E700FF0F00024B1B681F
:1018E00003B11847112070476C01002138B50388F7
:1018F00004469AB20B80B2F5706F3ED28278012A0C
:101900003BD8C078FF2838D02179032901D1237B27
:101910009BBBA57A637A43EA0523E57A43EA05434C
:10192000184DAB4229D850BB032928D182F00105BC
:1019300005F0010572B109212088F0F78BF978B91B
:101940000B212088F0F786F978B12946BDE83840A8
:1019500014F09BB80CF06AFF0028ECD10C2038BDC5
:101960002946BDE8384014F046B80C212088F0F72D
:1019700071F90028E9D10220F1E71220EFE71120E8
:10198000EDE700BF00093D0037B5002504460DF125
:1019900006010DF105008DF80550ADF806500CF06C
:1019A0004DFF074B28465A8822801B78A370BDF84C
:1019B0000630A4F803309DF80530637103B030BDE4
:1019C000BC1100212DE9F04F03788DB00546EF2BB7
:1019D00004D9122738460DB0BDE8F08F4378EF2BBD
:1019E000F7D88378013B1E2BF3D80279C37843EAFA
:1019F0000223427943EA02435E4A03F18073FF3BCC
:101A000023F07F439342E4D8C38840F67C42043BF2
:101A10009BB29342DDD8037A013B1E2BD9D8B0F894
:101A2000093040F6FE72013B9BB29342D1D8B0F828
:101A30000B30013BFA2BCCD8467B002EC9D0731E4D
:101A40003342C6D100F0F6FC864301D01127C1E72E
:101A5000AB7B012BBDD8EB7B022BF7D0B9D82B7C0D
:101A6000013B062BB5D86B7C013B0E2BB1D8AB7C70
:101A70000F2BAED8EB7C012BABD8002B72D12B7A7D
:101A8000287CB3FBF0F100FB1133DBB2002BA0D1BB
:101A90006C7CCAB2A1429CD3AB7C01D0002B98D005
:101AA000121B5343DBB2142BD0D8EB7B002B5FD13E
:101AB00040F2E243EA88E9785A432B7941EA03216C
:101AC0006B7941EA0341B2FBF1F301FB1322002AD7
:101AD0004ED1B5F80B10B5F809200A44013A92FB33
:101AE000F1F253439BB29842B0D30121687817F0CA
:101AF000C5FB8046002800F00082C28D4FF6FF73C0
:101B00009A4240F0FA81EB7C002B90F834208068F8
:101B100014BF3B24232411F0B4FF98F81030014681
:101B200000944046D8F8702017F0F4FB002800F02D
:101B3000E681B5F80930B5F80B000193AB7CC0B273
:101B40002A7C0093297A6B7C18F0D9F90746002883
:101B50003FF47CAF0B2011F0F2FDAB7883420BD940
:101B60000D2737E719F074FC002888D1252731E7C5
:101B70000123B8E700FF0F000A212878F0F76AF880
:101B8000002840F0BE810A212878F0F725F80446A5
:101B90000028E5D018F011F9032384F830302B78B1
:101BA00084F831300123A97884F8343084F8321075
:101BB00084F833102B7A84F8363084F83530EB7C97
:101BC000003B18BF012384F84F302B7C84F84C3045
:101BD000AB7C84F84D306B7C84F84E30B5F80B301C
:101BE00084F850302A79EB7843EA02236A7943EA91
:101BF0000243E365A87A6A7A42EA0022A4F85220F6
:101C0000E87B48B940F2E24CEA880CFB02F2B2FBF6
:101C1000F3FC03FB1C2313B9071E18BF012784F82C
:101C20006470687B12F03DF9012984F8650003D9DE
:101C3000AE7B003E18BF01264FF0FF3384F894605E
:101C4000002640F2E2422361FF23A4F8D260084656
:101C50002375E681EB88A4F8F4205343C4F8F030F0
:101C600012F0C6F8C4F8980001F058FDA4F89C00E2
:101C70006B783146D4F8980084F89E30667512F07F
:101C80008FF83146C4F80C01B4F89C0018F034F910
:101C900094F84F30C4F8100194F8651094F850008F
:101CA00084F814312676E67503B1043012F031FA67
:101CB00004F1540394F83220064694F8361094F850
:101CC0009400029304F15803CDE90063EB8818F007
:101CD0004BF994F8361094F832000096D4E9153296
:101CE00018F0BDF894F8642094F83630206603921A
:101CF00094F84D20029294F84E20019294F84C20D2
:101D00000092D4F8F020E16D18F0E1F8A06404A886
:101D100001F0DAF920B942F6D8513920EEF7E0FEA9
:101D200004A9204615F004F894F84F306BB304F181
:101D3000380705F1140305F124013A4653F8040B62
:101D40008B4242F8040BF9D1182108AE0DEB0100CB
:101D5000EFF724FC06AB04F1A0020DF1300E03CB2B
:101D60009446C4F88800C4F88C103346083203CB7C
:101D7000734542F8080C42F8041C1E46F5D104F1E4
:101D80007802614638460AF01FFC94F84F3094F808
:101D9000362094F8321094F89400029394F8653049
:101DA0000193636D0093A36D18F069F8D4F8F030D7
:101DB00000F5617A9A4509D90A212878EFF760FF82
:101DC00000283FF443AE42F61861A6E704F1C00BC9
:101DD000584607F0C3FD074648B10A212878EFF7B7
:101DE0004FFF00283FF4F6AD42F61F6195E795F8E6
:101DF000029009F1FF394FFA89F9B9F1000F0ADAB7
:101E000001225146584607F0B5FD0746002865D027
:101E100042F6446181E70B2106A8EFF7A5FE0646CE
:101E200010B942F6286178E75FFA89F918F0CEF820
:101E3000BDF8183009F10101A6F8FA30C9B286F8E8
:101E4000F81094F84F3086F8F4302B7886F8FC3090
:101E5000D4F8980011F0A4FF96F8F810C6F8EC003A
:101E6000B4F89C0018F048F8C6F8F00094F8653013
:101E700030464FF0FF3206F5807606F8203C98F8A1
:101E80000F3046F8307C06F81F3C56F82C3C67F3C0
:101E9000070346F82C3C94F8643006F8E43CB4F8A8
:101EA000523026F8F43C94F8503006F8F23C94F89E
:101EB0004C3006F8F13CE36D46F8EC3CD4F8F030D9
:101EC00006F8EF7C46F8E83C4FF0FF3319F0B9F91B
:101ED000D4F890303360C4F890608AE7D4E938329F
:101EE000293342F10002C4E90A3294F84F3088F8ED
:101EF00030302B78A8F82E306CE542276AE545276C
:101F000068E50C2766E500BF0279C37843EA02233F
:101F1000427943EA0243224A03F18073FF3B23F0F4
:101F20007F43934230B504468BB002D912200BB0E8
:101F300030BD038940F69B72053B9BB29342F5D8B6
:101F4000837A1E2BF2D8C28840F6FE71531E9BB2D4
:101F50008B42EBD8F72A01D91120E8E7C57A15F0B2
:101F6000F80FF9D100F066FA35EA0003F4D1A3784E
:101F7000013B1E2BDAD8237B012BD7D8637B022BA6
:101F8000EAD0D3D8A37B012BD0D801A920460AF0F0
:101F90000FF90028E0D001A8FFF714FDC7E700BF44
:101FA00000FF0F0008B5012001F094FB182000F09D
:101FB0001FFA07F003F9034B034A1A60034B044A64
:101FC0001A6008BD940100214D7D0101900100219E
:101FD000D18F020108B5012001F07CFB182000F030
:101FE00007FA05F0C7FB034B034A1A60034B044A88
:101FF0001A6008BD940100214D7D0101900100216E
:10200000D18F020108B5012001F064FB192000F016
:10201000EFF916F076FF01F075FF07F091FF024B24
:10202000024A1A6008BD00BF90010021D18F020151
:1020300008B5012001F04EFB192000F0D9F917F086
:10204000B2F801F05FFF07F07BFF024B024A1A6013
:1020500008BD00BF90010021D18F020108B5054ADB
:102060000120054B1A6001F035FBBDE8084005F082
:102070008DBB00BF034402016C01002108B503F0D1
:10208000E1FDF1F7A7FE0248BDE8084003F0C4BD3A
:10209000880D002108B5F8F779F9F7F7C7FFFDF7C4
:1020A00025FD01460248BDE80840F5F709B800BF24
:1020B000880D002108B5034807F07AFABDE808400A
:1020C000FDF7EEBA880D0021044808B500F58471CB
:1020D000F9F746FDBDE8084001F00CBF880D00216E
:1020E000054808B500F58471F9F73AFD01F002FFE3
:1020F000BDE80840FFF7B2BF880D0021044808B5CD
:1021000000F5847117F04CFEBDE8084007F066BA90
:10211000880D0021054808B500F5847117F040FED0
:1021200008F070FCBDE8084007F012BF880D0021E0
:1021300008B514F0ACFC064800F58471F0F75CFBC0
:10214000022011F011FB0020BDE8084011F00CBB8B
:10215000880D002108B50122064B83F80A2203F0FE
:1021600079FD04F0FFFCFFF7E3FFBDE8084001F054
:10217000C7B900BF880D002110B5064C064904F50B
:10218000037013F0C2FF04F504700449BDE8104069
:1021900013F0BBBF880D00219C010021A401002188
:1021A00010B5094C094904F5037013F0AEFF04F5AE
:1021B0000470074913F0A9FF04F505700549BDE84F
:1021C000104013F0A2BF00BF880D0021340200218F
:1021D0003C0200212C020021014B93F80A027047B7
:1021E000880D002110B5094C094904F5037013F05E
:1021F0008CFF04F50470074913F087FF04F50570A0
:102200000549BDE8104013F080BF00BF880D0021D4
:10221000EC010021F40100210402002110B5094C59
:102220000D2000F0E5F8084904F5037013F06DFF88
:1022300004F50470054913F068FF2420BDE8104040
:1022400000F0D6B8880D00210C02002114020021F4
:1022500010B5084C0D2000F0CBF8074904F50370C9
:1022600013F053FF04F504700449BDE8104013F067
:102270004CBF00BF880D00211C0200212402002158
:1022800010B50A4C1D2000F0B3F8094904F503709D
:1022900013F03BFF04F50470064913F036FF04F514
:1022A00005700549BDE8104013F02FBF880D0021CF
:1022B000DC010021E4010021FC01002110B50A4CE1
:1022C0001C2000F095F8094904F5037013F01DFF78
:1022D00004F50470064913F018FF04F5057005496C
:1022E000BDE8104013F011BF880D0021CC01002182
:1022F000D4010021FC01002110B50A4C1E2000F081
:1023000077F8094904F5037013F0FFFE04F5047033
:10231000064913F0FAFE04F505700549BDE81040C2
:1023200013F0F3BE880D0021BC010021C40100217F
:10233000FC01002110B50A4C1F2000F059F8094992
:1023400004F5037013F0E1FE04F50470064913F080
:10235000DCFE04F505700549BDE8104013F0D5BE5C
:10236000880D0021AC010021B4010021FC010021F5
:1023700038B5094C0D4601F0B5F8D4F80C02C4F894
:10238000045113F0BAFEFDF7EDF901F0DFF9012376
:1023900084F8183238BD00BF880D0021014B93F836
:1023A00018027047880D002110B50A4CD4F81002AD
:1023B00013F0A3FED4F8140213F09FFEFDF788F982
:1023C000202000F023F8262000F020F8002384F8D5
:1023D000183210BD880D0021014B83F81902704797
:1023E000880D0021014B93F819027047880D0021D8
:1023F000C2080549012300F0070003FA00F08B5CD6
:1024000018438854704700BF18000021C2080549CE
:1024100000F0070001238340885C20EA0300885411
:10242000704700BF18000021014BD3E9000170473D
:1024300018000021054B1868C0F3C022C0F300202B
:10244000400040EA820040F001007047180000217F
:1024500008B518F0D1FF0023074A32F82310814253
:1024600005D302EB83039B78044A137008BD013344
:102470000C2BF2D10023F7E742530301A20F0021F6
:10248000024B1878072828BF07207047A20F0021A9
:1024900010B54468238884F8A711A4F8A83194F8EB
:1024A0007C00FCF771FE84F8AA0194F87D00FCF72B
:1024B0006BFE054984F8AB0104F5CF7015F09DFA69
:1024C000002384F84C3110BD59630201406807496C
:1024D0000388A0F89A3190F8743080F89C3190F815
:1024E000753000F29110037315F081BA9163020107
:1024F00030B504460568084651B115B121799942B5
:1025000015D1FF216171237122600023637130BDF9
:10251000002DFCD0FF23637101222379216002FA90
:1025200003F30449C1F8083560711046EFE7002055
:10253000EDE700BF00F00041044B002283F8322099
:102540004FF6FF729A86DA861A877047A40F002129
:10255000054B9A8E824201BF002283F832204FF64B
:10256000FF729A86704700BFA40F0021014BD886E6
:10257000704700BFA40F0021094A03464FF6FF71C0
:10258000908E884206D192F83210012905D00120A0
:102590001A6070470020186070470020704700BF25
:1025A000A40F0021064B93F83220012A1BBF012003
:1025B000DA8E002083F8320018BF9A86704700BF79
:1025C000A40F0021014B1887704700BFA40F002102
:1025D000064B0246198F988E884205D193F8320037
:1025E00018B101201360704700207047A40F00212C
:1025F000094B998E1A8F914201D0002070474FF6F7
:10260000FF729A8693F83220002AF6D00022012029
:1026100083F83220704700BFA40F0021054B998E2C
:102620001A8F914203BF93F83200B0FA80F040094C
:1026300001207047A40F002150B90A4A0120134617
:1026400003F8010B0868C2F801008A889A80704775
:10265000012805D1034B0A68D8719A608A889A814B
:10266000704700BFDE0F002148B90A4B187880B1CF
:10267000D3F80120B3F805300A608B807047012839
:1026800006D1044BD87920B19A689B890A60F4E797
:1026900000207047DE0F002120B9054B187800F0AC
:1026A0000100704701280ABF014B0020D879F6E7E6
:1026B000DE0F0021F7B58B8800228DF80600ADF8FB
:1026C000043008680B4B8DF8072001461C7803F591
:1026D000AC73019DD0B2844201D8082007E0D3E951
:1026E000007601320833AE4208BF8F42F2D103B008
:1026F000F0BD00BFF00F0021084B0146002230B5AD
:102700005C7803F58173D0B2844201D8082004E0DC
:1027100013F8015B01328D42F5D130BDF00F00217D
:10272000F8B52D4C63782218013B92F80251DBB2C8
:102730008342637030D01A010101961C8F1C26441D
:10274000274406F1100C56F804EB664547F804EBF5
:10275000F9D1823282312244214402F1100652F82A
:10276000047BB24241F8047BF9D1E118221891F8B8
:10277000026182F8026106267343704303F5857394
:1027800000F58570E618E35827182350B388BB80FE
:1027900091F83A3182F83A312846FFF7ADFF082820
:1027A00018D12378013BDBB29D42237012D02B332A
:1027B00005F12B0204EBC30304EBC20293E8030010
:1027C00082E803002078FFF797FF08281CBF241831
:1027D00084F80251F8BD00BFF00F0021F0B5254D7F
:1027E00089B095F8984105F29911684622460FF094
:1027F00097FF2146684614F06BF90446B8B300EB26
:10280000400102A8C9B2EEF7C9FE601E95F8A161A9
:102810000124C0B295F8982105E0731CB3FBF2F1D6
:1028200002FB1133DEB206F120030DEB030111F8B8
:10283000203C002BF1D100EB400201F8204C06EBCC
:10284000460320322B446A4412F8187C83F8A271A4
:1028500012F8177C12F8162C83F8A37183F8A421C0
:102860000138AB19C0B283F89941FF28D2D109B021
:10287000F0BD00BFF00F002170B5064688B00C46D1
:10288000002A4FD02A4A92F8A131D01890F8991115
:1028900021B94FF480712820EEF722F903EB4301B0
:1028A0000133114491F8A251E57091F8A35191F8C8
:1028B000A41125716171002180F8991192F8981185
:1028C000B3FBF1F001FB103382F8A13192F8C23171
:1028D00023B9184902F5DD7015F08CF865790D22E1
:1028E0000021684605F03F0545F0400565710FF091
:1028F0008DFFE37804AA69468DF80F3030462379BE
:102900008DF80D508DF80E3004230FF0CFFB9DF89D
:102910001F3023709DF81E3063709DF81D30A3702A
:1029200008B070BD03216018EEF738FED6E700BF8F
:10293000F00F0021DD270101044B5A78824286BF47
:102940001B1893F84A010020704700BFF00F0021C8
:10295000044B5A78824286BF1B1893F8420100202C
:10296000704700BFF00F0021064B00224FF4617149
:102970001A8083F8C32183F8C421A3F8C61183F811
:10298000C2217047F00F0021014B83F8C40170474A
:10299000F00F0021014B93F8C4017047F00F0021A4
:1029A00010B51446FFF786FE082803D1012000F079
:1029B000010010BDFFF7A0FE064B5A788242F5D900
:1029C00004B12070184490F83A31012BEED090F801
:1029D0004A01ECE7F00F00212DE9F04782468946D5
:1029E00017469846FFF766FE08280546064603D0B8
:1029F000FFF782FE082863D1334C6378072B61D838
:102A0000082D18D12678731C072E237003D96B214B
:102A10002820EEF765F806F12B03D9F80000DAB2AA
:102A200004EBC30344F8320004EBC201B9F80420FC
:102A30008A8083F806A0657807F110026B1C2901D3
:102A400063704B1C234412F8010DBA4203F8010FC6
:102A5000F9D1813108F11003214413F8012D984573
:102A600001F8012FF9D125441021404614F090F8C7
:102A7000102185F84201384614F08AF8002385F8C1
:102A80000261667885F84A0185F83A3131460F4887
:102A900014F01EF8054631460D4814F019F8012DC2
:102AA00003D8002818BF0135EDB284F898510025ED
:102AB000284684F8A151FFF791FE2846BDE8F0872B
:102AC0001220FBE70720F9E7F00F00213211002167
:102AD0003A110021064B10B55878013840B2002851
:102AE00000DA10BDC4B22046FFF71AFE601EF5E7FB
:102AF000F00F0021014B83F8C3017047F00F002154
:102B0000014B93F8C3017047F00F0021431E4AF2B6
:102B1000B7129BB293429DBF024BA3F8C60101209E
:102B200000207047F00F0021014BB3F8C601704739
:102B3000F00F00210A4B30B55C7884420ED918445E
:102B400090F802012B3003EBC004A5790D7053F807
:102B5000300010600120A388938030BD0020FCE786
:102B6000F00F002170B506460D460AF099FF09F0F6
:102B7000C9FD0A4B93F8C3415CB1597859B1981C0F
:102B800082333246002D08BF184609F087FD09F050
:102B9000DFFD204670BD0C46FBE700BFF00F0021B3
:102BA00008B5064B024603EB0113012103F1820035
:102BB00009F074FDBDE8084009F0CABDF00F00211E
:102BC0000246074810B590F8C34124B1417821B1BD
:102BD000023009F063FD204610BD0C46FBE700BF44
:102BE000F00F002108B5084B5A7882420AD91A180A
:102BF00092F8422132B903EB00108230FFF73CFE1D
:102C0000012008BD0020FCE7F00F002108B5084BAB
:102C10005A7882420AD91A1892F84A2132B903EB3B
:102C200000100230FFF728FE012008BD0020FCE75D
:102C3000F00F00212DE9F74F2F4C9A468046894628
:102C40006378834256D9231893F8425185F00105E1
:102C5000F9B193F84A31E3B945F002070135BAF109
:102C6000000F18D1FA070AD5062104EB08105246C6
:102C700001FB0841823001F58571FFF7FDFDBB07BF
:102C800034D504EB0810524649460230FFF7F4FDF4
:102C90002CE02F46E3E794F8A1614FF0010B002DE3
:102CA000E0D0A31993F89911019399B90092DAB180
:102CB00000F01CFD019B06EB4601009A4FEA102C28
:102CC00083F899B1214481F8A201000C81F8A3C1D5
:102CD00081F8A401013694F89831013DB6FBF3F177
:102CE00003FB1166F6B2DAE747F00407384603B093
:102CF000BDE8F08F0027F9E7F00F0021F8B5064690
:102D0000174C48B3617804F5A17013F0E1FE94F814
:102D10009851074604F29910294613F0D9FE2D1A4E
:102D2000EDB2AF421AD8002506270FE0E21892F85C
:102D3000422152B907FB034104EB0313324601F56C
:102D4000857103F18200FFF797FD01356278EBB2E0
:102D50009A42EBD80120F8BD0546E5E70020FAE7E6
:102D6000F00F0021F0B51B4E89B007460D46737871
:102D700083422CD9331893F8424144BB0D2221469B
:102D800068460FF043FDEB7806EB071004AA8DF8B8
:102D90000F3069462B7982308DF80E306B798DF8C3
:102DA0000D3004230FF082F92A789DF81F309A42E3
:102DB0000AD16A789DF81E309A4205D1AC789DF808
:102DC0001D00231A5C425C41204609B0F0BD002082
:102DD000FBE700BFF00F0021074B5A78824209D968
:102DE0001A1892F842212AB9062202FB003000F597
:102DF0008570704700207047F00F0021064B5A780D
:102E0000824281BF1B1893F83A01B0FA80F0400962
:102E100098BF0020704700BFF00F0021F8B50E46A4
:102E2000074606211546304613F0B2FE044640B16F
:102E30000A482946427800F59D700FF0E7FC2046CD
:102E4000F8BD3146384613F05FFE08281FBF034B1C
:102E50000124C01880F83A51F1E700BFF00F0021BB
:102E600030B5002442F21075A0F84240B0F8464058
:102E70004C43B4FBF2F4A0F84640541E05FB034358
:102E8000B3FBF2F3A0F84430084BB3FBF2F3013389
:102E9000A0F84A30838F05FB0344436B5943B4FBCE
:102EA000F2F4B1FBF2F28463426330BD005A620275
:102EB00070B504460D4649BB4FF442720FF0A6FCB4
:102EC000012384F8F95084F8A6306FF0360384F8B3
:102ED000FA5084F8F430042384F8F5306FF03B03A3
:102EE00084F8F6306F2384F8F7306FF03F0384F8EE
:102EF000F8302B2384F8F330FE2384F832317F231B
:102F000084F89D30202384F85C3270BD012917D1EC
:102F10000023A0F81C3280F813320D4BC269134411
:102F20001146B3FBF2F3C0F8C83040F6B833A0F84E
:102F3000CC30C38C04F19000BDE87040FFF790BF27
:102F40000229E2D1B0F8E232D0F8DC22C169F1E71F
:102F50007FC3C90170B504460D4649BB4FF42672C4
:102F60000FF054FC012384F8F95084F8A6306FF078
:102F7000360384F8FA5084F8F430042384F8F530EA
:102F80006FF03B0384F8F6306F2384F8F7306FF06E
:102F90003F0384F8F8302B2384F8F330FE2384F8C1
:102FA00032317F2384F89D30202384F8293270BD8C
:102FB000012912D1C2690D4B11461344B3FBF2F340
:102FC000C0F8C83040F6B833A0F8CC30C38C04F158
:102FD0009000BDE87040FFF743BF0229E7D1B0F889
:102FE0005632D0F85022C169F1E700BF7FC3C90152
:102FF000034B80F880101B680BB10088184770479E
:1030000044020021074B93F900301844142804DCD3
:1030100010F17F0F03DB40B27047142070476FF050
:103020007E007047B8110021084B1B785B425BB2F1
:103030001844142804DC10F17F0F03DB40B2704702
:10304000142070476FF07E00704700BFB811002158
:103050007F2307B50DF107008DF807300AF02EFD2C
:103060009DF9073068B10A4A5078404240B218448E
:10307000142808DC10F17F0F07DB40B203B05DF8C5
:1030800004FB1846FAE71420F8E76FF07E00F5E736
:10309000B8110021014B187059707047B811002108
:1030A000024B00221A705A70704700BFB8110021FD
:1030B000014B93F900007047B8110021014B93F9BF
:1030C00001007047B8110021054B1B7833B9054B3F
:1030D0001A681B7902600371012070470020704755
:1030E000BA11002120000021054BFF221A70054A69
:1030F000016811600179117100221A70704700BFD8
:10310000BA11002120000021064B07B518681B7971
:10311000009068468DF80430FFF7E6FF03B05DF8D5
:1031200004FB00BF2D5C03010346407848B1DB7807
:103130003A2B05D8034AD35C1B1A584258417047B2
:1031400001207047765303013A2908B5C17003D8AE
:10315000064B5B5C437008BDFF2904D04FF48961C6
:103160002A20EDF7BDFC0123F4E700BF76530301ED
:103170002DE9F04385B089461446984602A913F01C
:10318000D9FC054600283DD1039E34B9012486F8B8
:10319000A540204605B0BDE8F08377692146384652
:1031A00010F0E3F8014678B3194B5B88A3422DD3A6
:1031B00001AA384610F032FA96F8A5300198002B93
:1031C0000CBF4946022114F05DF9019822464146A0
:1031D00003300FF0A5FA2146384610F00BF90446EB
:1031E00018B97A212B20EDF77BFC9DF808302BB124
:1031F00002A814F0D0FB039BA3F80A52002386F820
:10320000A530C6E70124C4E70446C2E72C46C0E760
:10321000BC110021024B987FC04300F001007047B1
:10322000BC1100217FB505460C4621B940F21511AD
:103230001020EDF755FC03888B8000234B728669C4
:10324000304610F0DDF9014610B94FF48F71EFE709
:1032500001AA304610F0E2F9E08010B940F22311E3
:10326000E6E7FB2802D940F22511E1E7019814F0C6
:1032700011F9012801D0022805D12072206828B94F
:103280004FF49E71D4E740F23511D1E70199E288FD
:1032900003310FF045FA304610F0C8F910B940F28A
:1032A0004111C5E70021304610F007F910B94FF47D
:1032B000A371BDE70A4BDA7F82B11A8C02A9288874
:1032C000013A1A8413F036FC10B140F24F11AFE707
:1032D000039AB2F8B6300133A2F8B63004B070BD2C
:1032E000BC11002110B521B940F25B211020EDF78F
:1032F000F7FB4A600B72EFF3108472B6031D0B608C
:1033000042681AB1127A012A08BF03600368196083
:10331000016004B962B6034BBDE8104058780EF066
:10332000F1BF00BFE01100212DE9F34706460D462D
:103330004FF005080027DFF850912B693BB11B7A4D
:103340002BB12C699CB9002002B0BDE8F0876C68F5
:10335000237A012BF7D0EFF3108372B66A681268F4
:103360006A6003B962B6237A002BE6D02C6194F828
:1033700008A05FFA8AFA84F808800AF1FF330B2B61
:1033800074D8DFE803F0700612266D3D4C3D3D3DDC
:103390003D60636823B940F2C7111020EDF7A0FB30
:1033A00031462046984704201BE0636813B94FF468
:1033B000E871F2E73146204698470346ADF804002D
:1033C000C0B2C3F30723012B53D0022B09D12F61C5
:1033D00051E0636813B94FF4ED71DEE7204698477A
:1033E0000020EFF3108372B6227A052AD1B201D001
:1033F000002944D127722F61002B3CD162B63AE0FC
:10340000D9F80030002BEBD052463146606898471F
:10341000BAF10A0FC7D100232B61042094E7636837
:103420000BB9DA21B9E70D22002432700122198884
:103430005869A6F803102146B2707271B47110F089
:103440003CF82C61E9E7606810B940F20521A4E777
:103450000E4B31461B689847002302202B6173E70F
:1034600040F20E2199E740F2112196E74FF40571E1
:1034700093E70323237200283FF45FAF64E7002B38
:103480007FF45BAF62B658E74C020021480200218E
:1034900070B5134C14260021231D324618460FF038
:1034A000B5F903460125257404333246002104F1A1
:1034B0001800C4E901330FF0A9F984F8245004F18D
:1034C0001C03C4E906330023E362236384F8343029
:1034D000C4F83530C4F8393084F83D3070BD00BFD1
:1034E000E0110021014B5870FFF7D2BFE01100211D
:1034F000014B024A1A60704748020021253201013F
:10350000014B024A1A60704748020021253201012E
:1035100038B50B4D044605F11801FFF705FF70B9EA
:10352000AB681B7A0C2B04D1064BDA7F0AB11B8CDB
:103530002BB120460449BDE83840FFF7F5BE38BD41
:10354000E0110021BC110021E4110021134610B547
:10355000027A22B14FF42D711020EDF7C1FA0A461C
:1035600001460248BDE81040FFF7BCBEE41100214F
:10357000044890F834301BB903492C3014F034BAA5
:10358000704700BFE0110021DB7902010A4610B547
:10359000037A23B14FF42F711020EDF7A1FA014601
:1035A00007230248BDE81040FFF79CBEF811002138
:1035B0001346027A0AB1037270470A46014601486F
:1035C000FFF790BEE41100211B234FF01B128384F0
:1035D000038482618382C260038541B94FF4A4737E
:1035E000094AC3844384C261C382026170474FF4B5
:1035F00029634FF4A472C384438403F12963C28214
:10360000C3610361704700BF480148010346084693
:10361000B3F86820B3F85C10B3F852C08A42F0B433
:1036200093F87D4028BF0A46B3F86060B3F86A108B
:10363000033CB3F85870B142E4B2B3F8565028BF17
:103640003146012CA3F852208BBFB3F85A604FF4D7
:1036500029660C464FF429649742A3F8564038BFB8
:1036600017468E4238BF0E469445A3F85870A3F80B
:103670005A6026D12C1B18BF0124B3F86420B3F87C
:103680005E50B3F850609542B3F8541028BF154609
:1036900093F87C20033A012A15D9B3F86220B3F8D5
:1036A0006670BA4228BF3A46AE42A3F85050A3F81B
:1036B000542002D1914200D144B10549F0BC14F02C
:1036C0009CB90124D9E74FF42962EDE7F0BC7047BB
:1036D0000D7A0201014B1870704700BF1E120021C5
:1036E000014B1878704700BF1E120021094AD2E929
:1036F0000003434083EAB01181EA43214FEAF343D8
:1037000011605360044B58434FEAF06000EB8000B7
:10371000704700BF20120021BB79379E094AD2E9C9
:103720000203434083EAB01181EA43214FEAF343A5
:103730009160D360044B58434FEAF06000EB800087
:10374000704700BF20120021BB79379E38B50A4C64
:1037500004F1080508212846EDF720FFD4E90223EB
:103760001343F7D0FFF7DAFF2060FFF7D7FF236896
:1037700060600343F6D038BD20120021174B184A71
:103780009A60184ADA62184A1A61184A5A61184A45
:103790009A61184A1A63184A5A62184ADA64184A2F
:1037A0009A64184A9A63184B184A9A60184A1A621F
:1037B000184A5A60184A1A60184A9A62184ADA6215
:1037C000184ADA60184A9A61184A1A63184A9A64C1
:1037D000184ADA64184A5A62704700BF5002002142
:1037E000F37D0201738002013D800201018002012C
:1037F0003940010141430101054201018582020175
:10380000AD8202018D4101013C030021157E0201C0
:1038100017820201817E02019D7F0201AB810201BC
:103820008F800201CD8102018D8102016B83020133
:103830000B830201EF82020131820201174B184A09
:103840009A60184A5A60184A1A60184A9A62184AC6
:10385000DA62184ADA60184A9A61184A1A63184AF2
:103860001A62184ADA64184A9A64184A5A62184B5B
:10387000184A9A60184A5A62184ADA62184A1A6153
:10388000184A5A61184A9A61184A1A63184A9A647F
:10389000184ADA64184A9A63704700BF2804002166
:1038A000F37D0201297E0201BB7E0201B380020189
:1038B000138102019D40010129810201414301015F
:1038C0008D41010185820201AD82020105420101A3
:1038D00014050021157E0201318202014B81020193
:1038E000EF8002016F8102012D4101016B83020112
:1038F0000B830201EF820201178202010C4B0D4A79
:103900000D491A600D4B0E4A1A600E4B0E4A1A6092
:103910000E4B0F4ADA670F4AC2F880100E49C3F8FF
:1039200084100E49C3F888100D4BC2F888307047D8
:1039300004060021C9E80001C9EA000100060021CF
:10394000BDEB00010C06002145E200013C03002113
:10395000ADEA000150020021A5EC000199E8000148
:1039600015E800010B4B0C4A0C491A600C4B0D4A30
:103970001A600D4B0D4ADA670D4AC3F884200D4AD0
:10398000C2F880100C49C3F888100C4BC2F888307C
:10399000704700BF0806002189E1000139E30001FA
:1039A0000C06002145E2000128040021CDDF0001C2
:1039B00051E400011405002115E8000199E8000117
:1039C000054B064A9A65064ADA65064B064A9A6529
:1039D000064A1A66704700BF50020021F7650201CF
:1039E0007F6702013C03002115640201E7690201BF
:1039F000054B064A9A65064A1A66064B064A9A65B8
:103A0000064ADA65704700BF28040021D766020124
:103A1000E16702011405002115640201536A0201E5
:103A200010B5084B084C09485C6798670849094B72
:103A3000094A59679A67094BC3E91D40084BC3E916
:103A40001D1210BD3C0300213DA3020157A302013A
:103A50009DA3020150020021F9A3020114050021D7
:103A600028040021024B034A1367034A1367704777
:103A7000E57A01015002002128040021024B034A8B
:103A80001367034A13677047AF7D02013C030021AF
:103A9000140500212A2A73B505460C462ED82A2A79
:103AA0002FD8DFE812F0330074007E008A00A200F5
:103AB00088008800B100B300B90088008800BE000B
:103AC000C900B3002E002E00CD0088008800E90058
:103AD000E900F000F70003012E002E0022013F0153
:103AE0004C015201580163016501670169017401CC
:103AF0007C01930195012E002E008401FF2A00F025
:103B0000698140F2FE315120ECF7EAFF416841F64D
:103B10004B50D1F85032B1F84822834294BF642010
:103B200040F2E240B2FBF0F241F64B50D2B2834297
:103B30002271D1F84C2294BF642040F2E240B2FBE3
:103B4000F0F292B2A3F57A706271120AA27141F298
:103B500070729042204695BF4FF47A7240F2E24272
:103B6000B3FBF2F3B3FBF2F398BF03F550639BB2E0
:103B7000E3711B0A2372B1F8543263721B0AA372F9
:103B8000B1F8561202B0BDE8704013F0A7BC43680C
:103B90002046D3F83812013102B0BDE8704013F06E
:103BA000D1BC02784368012A02D193F8343101E094
:103BB00093F84131237102B070BD4568204605F588
:103BC0001F7113F0CEFC05F52171204613F0D3FCD4
:103BD00005F51771204613F0D4FC05F590712046C9
:103BE00002B0BDE8704013F0DABC4168204601F233
:103BF000262113F0DCFC6968204601F5927102B0C1
:103C0000BDE8704013F0D7BC4368CEE7084602B069
:103C1000BDE8704000F04ABB02B0BDE8704000F063
:103C200057BB0E230B7159234B7100238B713A2321
:103C3000CB7120230B72BEE7436893F82A31B9E7B2
:103C4000037846687BB996F8343163B196F82D1144
:103C5000204613F03DFD96F82C11204602B0BDE839
:103C6000704013F039BD96F82B112046903613F0B2
:103C70002FFD96F89A10F0E70146204602B0BDE805
:103C8000704014F09EB8436893F84E21227193F867
:103C90004F3109E0436893F84C21012AF4D093F89E
:103CA00078200A7193F87930637184E7456895F854
:103CB000430212F07BFC0146204613F0F0FC95F81D
:103CC0004202C31E012B07D895F87C30DA1E012A68
:103CD00002D8984218BF002012F068FC0146204626
:103CE00002B0BDE8704013F0D6BC45680023204602
:103CF00001218DF8043013F0D1FB2A7C01A96B7CE3
:103D00002046032A03F01F0308BF002243EA821360
:103D10009DF8042002F0200213438DF8043013F0C4
:103D2000C6FB48E743680F211888EDF793FF00F1C1
:103D30005B01204602B0BDE8704013F058BC084655
:103D400002B0BDE8704016F0E9BA084602B0BDE81E
:103D5000704016F0EBBA254B1B68002B3FF42BAFDD
:103D60002946204602B0BDE870401847204BF3E7D3
:103D7000204BF1E7204BEFE7204B1B68002B3FF473
:103D80001AAF0246232002B0BDE8704018471B4B13
:103D90001B68002B3FF40FAF02462420F3E7174BBC
:103DA0001B68002B3FF407AF02462520EBE7436872
:103DB0000F211888EDF74EFF00F17D0200F15B0145
:103DC000204602B0BDE8704013F01DBC0C4BC3E7A9
:103DD0000C4BC1E74368204693F8CF22D3F8D012AA
:103DE00002B0BDE8704013F065BB00BF04060021BF
:103DF00008060021000600210C06002118060021FB
:103E000014060021100600213A289ABF024B53F8ED
:103E100020000020704700BF500200213A289ABFBE
:103E2000024B53F820000020704700BF28040021F7
:103E30003A289ABF024B53F820000020704700BF79
:103E40003C0300213A289ABF024B53F8200000207F
:103E5000704700BF1405002130F8023CF7B5044656
:103E60000D467BB100238DF804308DF8053000201D
:103E70009DF8043063F307009DF8053063F30F20CD
:103E800003B0F0BD184B30F8B86C1B680BB1283884
:103E90009847164B1B680BB1304698470A230027FA
:103EA000A5F803602B70AF70637A54F8A00C6B71A7
:103EB0000FF01FFB18B9B2216320ECF711FE30465A
:103EC000FEF746FB39463046EDF7DAFE0221304672
:103ED000EDF7D6FE18B9064B1B6803B198470423CB
:103EE0008DF804300023C0E71C06002124060021C1
:103EF00020060021014B024A1A6070471C0600216F
:103F00009DE80001014B024A1A6070472406002117
:103F10003D8F0201F7B5456804464FF6FF776E699D
:103F20000DF102010DF101023046ADF802700FF003
:103F30007DFA01A930460FF09BFA40B101980FF0CD
:103F400073FB616800220272FFF720FBE8E7044977
:103F500005F1B80003B0BDE8F04013F048BD00BF64
:103F6000593E0101F0B5044685B00D46FF2600F824
:103F7000B56C10F8B63CF3B1174F3B781BB1482134
:103F80001F20ECF7ADFD0C21381DEDF707FB3E704F
:103F9000002304F8B53C09232A4602F8033BD4F871
:103FA0000930C5F80330D4F80D305360D4F811301F
:103FB000936005B0F0BD01A80C21EDF7EFFAA4F570
:103FC000E073039A1A6001AB03CB44F8BE0C44F8CB
:103FD000BA1C04F8B66CDBE73012002110B5054CB2
:103FE00023782BB90C21201DEDF7D8FAFF2323707D
:103FF00010BD00BF30120021024690F82E32BBB92E
:1040000090F82F3203F0FF010BB100207047094BED
:1040100018780028F9D01970D9680433C2F824112F
:1040200003CBC2F82602C2F82A12FF2382F82E32EE
:10403000012070473012002138B54368044693F8D8
:104040009E201C2A24D1002283F8E12083F8DC2062
:1040500083F88622436893F8E21003F5F3701D8815
:1040600069B10C4983F8E220A3F8F05183F8EF21FD
:1040700013F0BAFC6368002083F89E0038BD01226B
:1040800083F8EF11A3F8F051034983F8F221EFE729
:104090000220F3E7C57F0201B77F020138B543680C
:1040A00004460D4693F89F303BB1142B05D0123BCC
:1040B0000B2B94BF0820012038BD0321204613F0AC
:1040C0008BFF78BB636893F8E23013B9204613F096
:1040D00000FE6168284601F21E2113F059FA61685A
:1040E000284601F5907113F05EFA616828460B8846
:1040F00001F2EF2121F8023C13F038FA61682846FA
:1041000001F2F72113F03AFA6368002583F82E5282
:104110006068054900F5397013F066FC6368162283
:1041200083F89F200020C7E7653F010138B5436849
:10413000044693F89F201D2A04D040F2BB111F2093
:10414000ECF7CEFC002293F8E2101D8803F5F37023
:1041500083F8E12069B10B4983F8E220A3F8F0511C
:1041600083F8EF2113F040FC6368002283F89F205E
:1041700038BD012283F8EF11A3F8F051024983F80A
:10418000F221EFE7C57F0201B77F0201034610B5B8
:1041900000785B6820B993F89F202AB1012021E0C4
:1041A000D3F89020D207F9D44C688968144A21F4D6
:1041B0001E51224021F01001C3F8F320C2F3076220
:1041C000090442F00802090C83F8F620C3F8F7103E
:1041D0000021A3F8DE1030B9012283F8E020042288
:1041E00083F89F2010BD93F8E0200846013283F841
:1041F000E020D3F8902042F00102C3F89020F1E7CC
:104200002FC904F7436870B593F89E20042A34D16F
:104210004E688C681B4A24F41E540578324024F002
:104220001004C3F8F320C2F30762240442F008022A
:10423000240C83F8F6200022C3F8F74083F8DC2032
:1042400083F89E2015B9426882F8535193F8B4213F
:1042500002F0FF049AB91A8803F5D67083F8B541C5
:10426000A3F8B6214A68C3F8B8218A680649C3F89A
:10427000BC2113F0B9FB204670BD0124FBE70024EC
:10428000F9E700BF2FC904F7F5810201406890F8F3
:10429000B43143B9038800F5D670034943811A232A
:1042A000437213F0A1BB7047F581020110B50446BB
:1042B000FEF7BAF821F41E51044B21F0100103401F
:1042C00009046360090CA16010BD00BF2FC904F789
:1042D00037B50C464568FEF7A7F80A4B21F41E5186
:1042E00095F8F320034021F01001009313400904D6
:1042F0008DF800306B46090C019103CB6060A16022
:1043000003B030BD2FC904F7DB0410B5144604D543
:10431000037D13B10023436310BD436B013343633B
:1043200014F004F8D0E90D239A42F5D30023034991
:1043300043632046BDE8104013F05FBB7782020163
:1043400070B544680D46067894F89E30012B09D06C
:1043500026B994F89F302BB1012042E0D4F8903078
:104360009807F9D494F8E330990719D4284613F044
:1043700028F984F8ED00B5F80530A4F8EE30B5F86A
:104380000730A4F8F03094F8E33043F0020284F8E8
:10439000E320DA0710D51D4904F1E40013F02DFBEA
:1043A00094F8E330DB0713D4E6B994F89F3043B1B7
:1043B0004E214020ECF794FB94F85231002BEAD1C7
:1043C000EEE70123A4F8DE6084F89F3084F8E03043
:1043D00094F89E300020012B03D184F89E0084F8CD
:1043E000DC0070BDD4F8903013F0020201D05521EA
:1043F000DFE743F00203A4F8DE20C4F8903094F81D
:10440000E030013384F8E030E2E700BF4D83020181
:1044100070B545680446FEF71BFE054B014685F85E
:104420009D001B681BB12046BDE87040184770BD59
:104430002C060021024B1B6803B11847704700BFD0
:1044400028060021F0B5204E05460024307814706F
:1044500080B1431E7768DBB2181B01280BDC07EB29
:10446000C40057F834604068884208BFAE4212D199
:1044700014700120F0BD18194610C0F3470057F81A
:1044800036C007EBC60EAC45DEF804608E412CBF8B
:1044900003460446E0E7B54271EB000002D2147017
:1044A0000020E7E707EBC30057F833404068884235
:1044B00008BFAC4201D11370DBE7A542814128BFA0
:1044C00001331370ECE700BF5012002110F0070217
:1044D00008B503D063214820ECF702FB18B1034B69
:1044E000197258601A70C80008BD00BF5012002130
:1044F000014B00221A70704750120021014B187AAC
:10450000704700BF501200212DE9D34313F060FF24
:104510000DF1070207460E46FFF794FF98B9114CBC
:104520002278237A93420ED0616813466FF0604E72
:104530009DF80700984209D301EBC0030132012026
:104540002270C3E9007602B0BDE8D08303EB0E0011
:10455000013B01EBC000DBB2D0E90089C0E9028970
:10456000E6E700BF5012002137B513F031FF0DF11F
:104570000702FFF767FF0446A0B10C4A9DF8070049
:1045800013785568411C013B05EBC101DBB2137088
:104590001A1AD2B2D200834238BF002205EBC00003
:1045A0000EF078F8204603B030BD00BF5012002155
:1045B0000A460648822302F8033B0368C1F8033029
:1045C0004368536083689360704700BF59120021AD
:1045D0001622002101480EF019B900BF591200211E
:1045E00017B402AB03E903001B48437D83B30B46BA
:1045F0009DF8001009BB93F87C10184A32F811207E
:104600004FF47A7102F23F62B2FBF1F2D3E9801407
:104610007D3144F100045218198844F100044260CD
:1046200001808460B3F8983002220D490C3020F8E4
:104630000A3C03B010BCFEF7BBBF520608D51A886F
:104640000280D3F880224260D3F884228260E9E7B6
:1046500003B010BC704700BF59120021B2530301D0
:10466000B14501010F4B4FF47A72042933F8113030
:1046700010B503F2E73300F1FF34B3FBF2F34FEA76
:10468000C41409D003290AD002290CBF6022F022E9
:10469000234400FB023010BD4FF4D262F8E740F231
:1046A000BE22F5E7BC530301274B1A6810B5D2F8B8
:1046B0000F3041F64B540362537D117D1B0443EAD6
:1046C0000123D17C0B4383636FF45063B2F819105C
:1046D000CB18062B96BF4FF47A7340F2E243A1F554
:1046E00050615943A142C161937D8ABFC3EB43141A
:1046F00003EB830303EB840341F64B5495BF03EBB9
:10470000830303EB83039B005B0088BF9BB2A14242
:10471000A0F8403098BF6421B2F8173088BF40F24B
:10472000E2414B43C363B2F81B308384B2F81D30BF
:10473000C38492F8243003F01F025B0980F8B22092
:1047400080F8003210BD00BF70120021042913B59B
:1047500017D19B0103F53473417990F84440013936
:10476000C9B203291AD81A480144887AD101CA313A
:1047700003FB0213174A934215D940F262712D20B0
:104780000FE0032903D11B0103F5E773E4E70229D6
:104790000BBF0B330A339B00DB00DDE740F25531E2
:1047A0000620ECF79DF91E2204F03F01B3FBF2F363
:1047B0001A0A41F04001DBB242EA4012002061F3E4
:1047C000070063F30F20D3B263F3174002B010BDAC
:1047D000BC530301C3BF030038B5074D044600F1C5
:1047E0006901286812F0E5FB94F868102868BDE8B4
:1047F000384012F0F3BB00BF70120021F7B5044639
:10480000803012F03DF9D4F888300BB101221A60E3
:104810006388DB0727D50023256A144E05F10A07B4
:10482000CDE9003302238DF80630FF2386F82030CF
:104830006846EDF749FAB0B9009CA542F8D03B466E
:104840006A7A04F10A01607A12F024F90028EFD0A4
:10485000A37886F82030D4F80330C6F82130044B12
:10486000B4F807209A8003B0F0BD00BF7012002199
:104870009112002138B5084D044600F16901062364
:104880002868002212F0CAFC94F868102868BDE875
:10489000384012F0A3BB00BF7012002107B512F020
:1048A0000DFA8DF807000548012306220DF10701D6
:1048B000006812F0B3FC03B05DF804FB7012002135
:1048C00008B5044B986910B1403014F00AFF00F0AD
:1048D000010008BD7012002108B5044BD86910B161
:1048E000403014F0FEFE00F0010008BD70120021FF
:1048F000F8B504460E461346C07F6588324615F06B
:10490000040118BF04F17701FEF794F9C2070546C8
:104910000BD50123E07F84F86830FEF75DFA036869
:10492000C4F869308388A4F86D30AB070CD5012733
:10493000084E04F17701306884F8767012F047FB76
:104940003946306812F057FB85F00400C0F3800050
:10495000F8BD00BF7012002110B50446084694F857
:10496000E0306BBB2378082904F1E30284F8E130DE
:1049700016D004F1E201FEF7DDF820B940F6FB6144
:104980002D20ECF7ADF894F8E23043F0020384F800
:10499000E23004F1D8000B49BDE8104013F024B810
:1049A000094B1868034613F8031BC1F3801184F800
:1049B000E210D0F80310C4F8E3109B889380E8E776
:1049C00010BD00BF918402017012002170B5044631
:1049D0000E461546FDF706FD98B92378A4F8C96080
:1049E00084F8C830637C84F8C7500BB194F8483021
:1049F00004F1BE0084F8CB300249BDE8704012F0EB
:104A0000F3BF70BDDD88020110B504460E49943035
:104A100012F0EAFF0D4904F1CC0012F0E5FF94F822
:104A20009D20B4F89E102046FFF7D0FF084B0022CF
:104A30001A71084B1B682BB12146206A0222BDE87F
:104A40001040184710BD00BF858702017B8402011A
:104A5000701200213806002138B5B0F848300446FD
:104A6000184D0133A0F84830AB7C2BB109F018F891
:104A700007F048FE0023AB7400232B7194F89130AB
:104A80002BB101212046BDE83840EFF73FBC637CE5
:104A9000B3B1B4F848209A4212D301212046EFF76F
:104AA00035FC63882046DB0747BF236A4322432245
:104AB0004FF6FF7148BF1988BDE83840FFF786BF41
:104AC0000021DFE77012002110B5094C2379012B7A
:104AD00002D02379022B05D1A37C1BB108F0E0FFA3
:104AE00007F010FEA06ABDE81040FFF7B5BF00BF99
:104AF000701200210346074A906A03B909B9FFF70B
:104B0000ABBF1379D26A03F180431269033B52F8B9
:104B1000233018477012002103292DE9F043054680
:104B200085B090467BD090F890300529DBB202D159
:104B30004288D60760D5002B5ED10127DFF8E890C8
:104B400099F81260B6B111F0E9FF082888F8000062
:104B500014D002AA0DF10701FDF7ECFF20B940F6D1
:104B600085612D20EBF7BCFF02A99DF8070013F02B
:104B70003BFC064698F80030082B08D1D9F8001005
:104B800011F8030BC0F3801013F02EFC0646D9F881
:104B9000001005F1700395F86F2011F8030BC0F3B6
:104BA000801011F077FFD9F80010044611F8030BBC
:104BB000C0F3801011F0A8FF8146FEF71FF90146EF
:104BC00040B1B9F1080F1BD04846FDF7B5FE80F0A3
:104BD0000101C9B298F80000082815D094B9EB7FFC
:104BE0001C1A604260416B885A0706D421B996B9F5
:104BF0006B7D93B1BB4210D0002005B0BDE8F083BF
:104C00000021E7E70120EEE714B181F00104E4B2EE
:104C100004F00100E7E73046EFE70120EDE74388C5
:104C20009B07E9D5022789E7701200212DE9F3419E
:104C3000444C2379012B07D02379022B04D040F672
:104C40003C412D20EBF74CFFA26A176A0FB197F891
:104C50008170A8B90125A37C1BB108F021FF07F0E2
:104C600051FD002D6BD0A06AEFF7AAF9002860D0A3
:104C700008F052FDE36A9B6802B0BDE8F0411847B6
:104C8000216802F1690392F8682011F8096BF009B4
:104C900011F000FF0028DDD006F00F062068052E79
:104CA0002CD190F8243003F01F03102B26D9D4F810
:104CB000288098F813500DB308230DF107023146F0
:104CC00040468DF80730FFF727FF0028C3D098F83B
:104CD000F130002BBFD1226808F1F201D31C23323E
:104CE00053F8040B934241F8040BF9D11B8808F1E7
:104CF000E9000B80144912F077FEACE7394612F058
:104D0000A2F90028A6D02379A06A012B05D0237927
:104D1000022B02D040F6154193E723793146E26A2F
:104D200003F180435269013B52F82330984705460E
:104D300091E7A06A02B0BDE8F041FFF78DBE02B076
:104D4000BDE8F08170120021A9840201032973B526
:104D5000044604D0052927D0012002B070BD0823E5
:104D60000DF107028DF80730FFF7D6FE0028F3D0CB
:104D7000237C23B19DF807102046FFF7EDFD0F4D72
:104D80000622042620462B685A701E70FFF724FD69
:104D900094F85C20A16D286812F046F928682E71FD
:104DA00008F0CEFD0020D8E7054B1B6823B19847DB
:104DB00080F00100C0B2D0E71846CEE770120021A3
:104DC00034060021F8B504460F4619B300F130054A
:104DD000284613F04FFFA0B963881A072ED528463E
:104DE00013F05DFF0646284613F044FF301AC0B2A8
:104DF00013F096FF444A936803442846936013F0E7
:104E000018FF284613F01AFF08F044F921792520ED
:104E100007F0C0FF3C4D002394F87620286803700B
:104E200043706388103B0D2B5ED8DFE803F0595DBB
:104E3000550C5D405D5D5D5D5D5D5D402046BDE89E
:104E4000F840FFF709BE0623437020230370204675
:104E5000FFF7C2FC638823F008039BB2152B05D033
:104E600094F85420216D286812F0CFF8286808F0D3
:104E700067FD0323217900202B7108F019F90646FC
:104E800007B9E86063881B0704D513F046FF0644A2
:104E9000C4F828616388103B0D2B30D8DFE803F09D
:104EA000322F29292F292F2F2F2F2F2F2F290C2356
:104EB00043702123037042B104F1770112F087F8A7
:104EC0000121286812F097F8C1E704F1700112F08F
:104ED0007EF894F86F10F4E7062303704370B6E78A
:104EE000022303700623F9E740F226612D20EBF739
:104EF000F7FD21790120BDE8F84008F07BBE40F6BF
:104F0000AA41F3E7F8BD00BF7012002138B543880D
:104F10000446102B04D10121BDE83840FFF752BFF1
:104F20000B4DAB7C23B107F0D1FB402008F0ACFD6A
:104F3000286808F005FD608810F0040002D121798E
:104F400008F058FE002008F061FD01232B7138BDE8
:104F50007012002103292DE9F743044605D00529E5
:104F600000F08680FFF778FD7CE008230DF1030256
:104F70008DF80330FFF7D0FD002877D0237C23B1D4
:104F80009DF803102046FFF7E7FC0123B4F80280E8
:104F90003C4E00251F464FEA98123068294662F3BE
:104FA000861707224370C8F380180270C57012F08C
:104FB0005FF92A463946306812F061F92046FFF75A
:104FC00059FC306812F0C5F9B4F85C30C0F1FE0548
:104FD000AB42B4BFDDB2EDB2AB422AD947F0100705
:104FE00000223068A5F10309394612F048F930680B
:104FF00012F03AF9A91E5FFA89F9014420464D469C
:10500000C9B213F0F6FB0422C0F307238DF80400A5
:10501000C0F307400DEB02018DF8053003238DF836
:105020000600306812F0FAF800223946306812F0B3
:1050300026F9B8F1000F06D094F9142094F8441022
:105040006079FFF72BFC2A46A16D306812F04BF90E
:10505000FF203582617907F09DFE072330683371A8
:1050600008F06EFC002003B0BDE8F083204679E72D
:10507000054B1B6823B1984780F00100C0B2F2E7EE
:105080001846F0E770120021300600212DE9FF4795
:1050900008230DF10702052104468DF80730FFF7BC
:1050A0003BFD002800F08580444D206AFFF7FCFAA4
:1050B0002B68D3F81F0093F8232002908DF80C2062
:1050C000226AD3F80310C2F80310B3F80710A2F84D
:1050D00007101B78206AC3F380138370384B1B685A
:1050E00013B1012221469847266A0E2328684FF003
:1050F0000808B7780021437080F8008012F0B8F8F3
:1051000000224FF00301286812F0B9F82046FFF79B
:10511000B1FB3946286811F06EFF06230122F11C0D
:10512000286812F07BF86179FF2007F033FE2868C9
:1051300008F006FC266A67790DEB080106F1A60067
:1051400094F914A011F0F4FD86F87C7086F87D7057
:105150004FF0FF0986F87E90F91E06F14400012900
:105160008CBF00210121FEF72FFA51463046FDF792
:105170003FFF216A00239DF80720204684F89D30D8
:105180000B8884F8BB90A4F89E304FF6FF73A4F808
:10519000BC3013F03CFB236A1A8885F80480A4F81D
:1051A000D52093F8A63084F8D730012004B0BDE8AC
:1051B000F0872046FFF750FCF7E700BF7012002190
:1051C000380600212DE9FF4708230DF107020521CC
:1051D00004468DF80730FFF79FFC064620B90026ED
:1051E000304604B0BDE8F087414F396807F121032C
:1051F00097F8202011F8030BC0F3801011F04AFC3F
:1052000005460028EBD13A68216A104691F8A6308D
:1052100010F803CB03EA5C1303F0010381F8A63016
:10522000D2F80330C1F803308388A1F80730134661
:10523000D4F820C013F81F1BC1F380118CF80210A2
:10524000D2F81F001B79029060468DF80C30FFF7F2
:105250002BFAD4F8208002A994F914A008F1A60032
:1052600011F066FD40F20113A8F87C304FF0FF0901
:1052700088F87E90294608F14400FEF7A5F95146CA
:105280004046FDF7B5FE216A84F89D5020460B8804
:105290009DF80720A4F89E304FF6FF7384F8BB906A
:1052A000A4F8BC3013F0B3FA124904F1940012F0E0
:1052B0009BFB236A104904F1CC001A88A4F8D5207E
:1052C00093F8A63084F8D73012F08EFB236A2A4672
:1052D00020461988FFF77AFB084B3D711B68002BAD
:1052E0003FF47EAF2A462146206A984778E700BF00
:1052F00070120021858702017B840201380600219B
:1053000010B5154CA37C1BB108F0CAFB07F0FAF9E5
:10531000A06AEEF755FE20B1A06A438803F0180397
:1053200023B9A06ABDE81040FFF796BB2379012B93
:1053300007D02379022B04D040F643312D20EBF720
:10534000CFFB2379E26A03F18043D268013BBDE8D9
:10535000104052F823301847701200212DE9F04F09
:10536000B0F802B08BB0044616461BF0030701915B
:1053700008D0012F06D0022F04D040F253612D2017
:10538000EBF7AEFB0BF00703052B08D1002E72D014
:105390004FF000094FF0010A4D46012209E0022BAF
:1053A0005DD1002E67D04FF000094FF0010A4D4645
:1053B0004A464FF001081BF0400B04D0002E00F0CD
:1053C000FE804FF0010B48EA4202DFF86C820121B7
:1053D000072042EACA03002243EA051343EA4919B7
:1053E00049EA8B1B0BF07B030093D8F800309DF843
:1053F00000B05A7018705970002E40F00381B14609
:10540000DE703946D8F8000011F032FFD8F80000FD
:105410004A469DF8001011F032FF009B9DF8007085
:10542000D80702D52046FFF725FAB90710D5019B0A
:10543000D8F80000002B00F0F68004F17701062375
:10544000012211F0EBFE0121D8F8000011F0D3FD8C
:105450000023002B00F0F28040F635018FE7002B8F
:1054600047D15EBB0BF02303B4F85420134309D09B
:105470001BF0200913D04FF0000901254A46AA4627
:10548000C84698E7FFF71CFA0028F1D1FFF724FA85
:1054900002460028ECD1B1463546B24689E794F879
:1054A00004800125A8F10308AA46B8F1010F94BFB2
:1054B0004FF000084FF001084A467CE7FFF700FA7A
:1054C000A8B9FFF709FA1BF0200500F001096CD11B
:1054D00094F804804FF0010A2A46A8F10308B8F1B5
:1054E000010F8CBF4FF000084FF0010863E7012067
:1054F000E9E7012B17D194F8048056B9A8F1020509
:10550000B1469A463246D5F1000848EB05081D46DB
:1055100051E7B8F102084FF000099A4618BF4FF062
:1055200001084D46C8E7062B3FF430AF042B39D1B4
:1055300026BB0BF02303B4F85420134311D0227977
:105540004FF000090125033A012A94BF00220122ED
:105550001BF0200F0CBF90464FF000084FF0010ADF
:1055600029E7FFF7ADF90028E9D1FFF7B5F9824641
:105570000028E4D14FF000094D460EE7FFF7A0F9EF
:1055800070B9FFF7A9F9227900F00109033A012A5D
:105590008CBF002201221BF020050CD19046DDE7D4
:1055A0000120F0E740F2F661E9E600254FF0010A3C
:1055B0002A46A846FFE600254FF0010AF9E7B4F8AD
:1055C000541059B194F804B0ABF1030BBBF1010FC7
:1055D00094BF4FF0000B4FF0010BF4E6618801F02F
:1055E00023010029EED10092FFF76AF9009A002802
:1055F000E8D1FFF771F9009A0028E3D1002F3FF4BA
:10560000E0AEDFE7DA70FFF767F950B1D8F81C3089
:1056100093F8BD30002B0CBF4FF000094FF00A0982
:10562000EFE68146EDE604F170010623012211F058
:10563000F5FD94F86F1007E7701200213A0716D5B0
:10564000626C05A9D8F80000C2F30B2262F30B03C9
:1056500094F84620ADF814301209C3F3072362F31F
:10566000071303228DF81530022311F0D7FDBF0672
:1056700040F1B580D4F85031D8F81C700293D4F8BA
:10568000543103930FB9D8F81870D7E918A30193D0
:10569000FFF722F980B1D8F81C3093F8BD305BB128
:1056A00007F1400014F048F930B93B6F13EB0A0AD8
:1056B000019B43F100030193397C4FF0000CA34B95
:1056C000D8F8142033F811004FF47A73DDF808E0AD
:1056D00000F2E730B0FBF3F0D2F1900361EB01018F
:1056E000B3EB0E03DDF80CE061EB0E01C31801987B
:1056F00041F1000113EB0A0340EB0101D4F844012E
:10570000B3F5161FA0EB020E9DF8150071F1000213
:105710004FEAEE7A00F0BF000ADB6CF345108DF81B
:105720001500BDF814306FF30C03ADF8143026E00B
:10573000B3F5703F71F1000208DB9E457AEB010280
:10574000EBDA40F020008DF8150007E09E456CF381
:1057500045107AEB01028DF81500E2DA9DF815206C
:1057600012F0200FBDF8142014BF4FF4967A4FF0BA
:105770001E0AB3FBFAF363F30C02ADF814203B6F7F
:1057800040F2E242B3FBF2F3ADF81630D7F817302F
:10579000FA7E06939DF81C3062F304038DF81C30EA
:1057A000FCF76EFE9DF81C3060F347138DF81C303B
:1057B0009DF815306FF3C7138DF815303B68CDF8A1
:1057C0001D303B798DF821307B798DF82230BB7903
:1057D0008DF82330B7F852300133ADF82430012E64
:1057E0004FD1B4F85430002B4BD06388980748D47D
:1057F000DFF85CA1DAF8000011F036FD421CB4F8C5
:1058000054100346D2B2BAF81070C2F1FF00CF1B99
:105810008742A8BFD743FFB2B94227D96288D107D0
:1058200024D401934A46009B033FD8F80000012589
:1058300043F01001FFB28B4611F021FD019B204681
:10584000191D3944C9B212F0D4FFC0F307238DF8F3
:105850001000C0F307408DF8113004228DF81200BB
:10586000032304A9D8F8000011F0D8FC3A46216DB2
:10587000DAF8000011F037FDBAF810301F44AAF82A
:10588000107065F3041B1BF0200F5FFA8BF506D038
:105890002F481223052205A9006811F0BFFC6A06F3
:1058A0000CD5002E4AD104F13000267913F002FA0B
:1058B000014694F914203046FEF7F0FFFFF70CF88C
:1058C000002836D0224CE36993F8BD308BB3072112
:1058D000206811F0C2FC092340F2E2410370322338
:1058E0004370E369D3F890308370E369D3F8903064
:1058F0001B0AC370E369B3F892300371E36993F84C
:1059000093304371E36993F8A1308371E369D3F86D
:105910009420B2FBF1F2C2717D22E369D3F8983092
:10592000B3FBF1F30372E369D3F89C30B3FBF2F3FA
:1059300043722B0606D540F69A0120E5667994F865
:105940004410B6E70BB0BDE8F08F00BFBC530301B5
:10595000701200212DE9F74F04460F4690F84400DD
:1059600007F098FB6179FF20744D07F013FA002FC0
:1059700048D1286811F01BFB94F80480064604F116
:10598000300013F08CF9B8F1040F2CD1B60106F5F4
:105990003476EB6803EBC013CA3306FB003663882A
:1059A000002019076E6142BFAB68F6186E6162791C
:1059B000696907F0FBFC63889A072AD05FBB6179AD
:1059C000012008F017F9012294F876102046FFF71D
:1059D000C5FC286807F0B4FF06232B7101236B7107
:1059E00003B0BDE8F08FB8F1030F03D1360106F51F
:1059F000E776CEE7B8F1020F0BBF0B360A36B600DA
:105A0000F600C6E762794FF4A571002007F04EFE5C
:105A1000D1E7002FD7D066884FF0000A286806F03B
:105A20000203C6F380165146002B4FF007030EBF4A
:105A30004FF001094FF00009D4F858804FEAC90926
:105A400012BFB4F85C70D4F85080B4F8547049EACE
:105A5000861B0370012380F803A0D946437011F020
:105A600007FC52465946286811F009FC1BF0080F44
:105A700017D0626C01A9BDF80430C2F30B2228686C
:105A800062F30B0394F84620ADF804301209C3F317
:105A9000072362F3071303228DF80530022311F068
:105AA000BDFB286811F055FC2B8AC0F1FE06FA1ADE
:105AB000B242B4BFD6B2F6B233449F422ADD0022CE
:105AC00049F01001286811F0DAFB286811F041FC58
:105AD0002E8ABF1BC0F1FE062868B742B4BFFEB2D3
:105AE000F6B211F0C1FB811920460131C9B212F0A2
:105AF00080FE0422C0F307238DF80400C0F30740A2
:105B00000DEB02018DF8053003238DF8060028689F
:105B100011F084FB63885B0606D594F9142094F891
:105B200044106079FEF7BAFE298A3246286841445B
:105B300011F0D9FB288A06442E824AE77012002110
:105B400010B5084CB0F85C30228A9A4205D0012189
:105B5000FFF700FF0723237110BDBDE81040FEF7DB
:105B60007BBF00BF7012002138B5438804461E4D2C
:105B700013F0020F0FD1DB070DD42A8AB0F854308E
:105B80009A4203D1BDE83840FEF766BF0121BDE867
:105B90003840FFF7DFBE0020617908F02BF86388FA
:105BA000617913F0020F14BF0C20222007F0F2F8E5
:105BB00002232B71AB7C4BB106F088FD6379033B6C
:105BC000012B94BF4520402007F05EFF6379033B23
:105BD000012B94BF2820002007F018FF2868BDE89B
:105BE000384007F0ADBE00BF70120021094810B563
:105BF000037903F0FF0453B92422214604300CF04A
:105C000005FE07F04DFF06F07DFD204610BD0C247B
:105C1000FBE700BF7012002110B50023084C237170
:105C20002060FFF7E3FF20B140F2F6212D20EAF7D4
:105C300057FFE36A13B940F2F921F7E710BD00BF3F
:105C400070120021014B024ADA6270477012002183
:105C50008C630101044B054A1A60054B054A1A6022
:105C6000054B064A1A60704734060021C5510101F0
:105C70003806002195420001300600218D500101B7
:105C80002DE9F34704460E4600297BD000F130058C
:105C9000284612F0EFFF28B9638818076CD528460C
:105CA00012F0C7FF284612F0C9FF07F0F3F9217977
:105CB000252007F06FF8364D28680379D90623D5DB
:105CC000C3789A0620D011F072F9074604F130002B
:105CD00094F8048012F0CEFF421C3B464146D2B2FB
:105CE0002046FEF733FD0422C0F307238DF804009D
:105CF000C0F307400DEB02018DF8053003238DF84A
:105D00000600286811F08AFA46B304F1300A2868C0
:105D1000D5F80C8011F04BF98146504612F0BFFFC8
:105D200007465046013F12F0A5FF1FFA89F2391AC3
:105D30002079C9B212F0DBFF638880441B0708D5C5
:105D4000AB6801212046984412F053FE4044C4F849
:105D5000280122794146002007F028FB286807F037
:105D6000EFFD26B92179304607F0A2F9E860052356
:105D70002B7102B0BDE8F087204602B0BDE8F047C5
:105D8000FEF76ABE0A4690F87610FFF7E7FA92E748
:105D90007012002170B5174E012504463030B571E0
:105DA00012F068FFF8B96388DA0604D52046BDE82A
:105DB0007040FEF751BEB279002AF7D003F02303FA
:105DC000B4F85420134305D020460021BDE87040AC
:105DD000FFF7C0BDFEF774FD0028F5D1FEF77CFD8E
:105DE0000028F1D1E2E729462046BDE87040FFF7E0
:105DF00047BF00BF7012002170B5114D0026012170
:105E000004462E826E7112F0F4FDAB680344AB6061
:105E1000B4F848300133A4F84830FDF767FC4FF47C
:105E20007F7394F87610B0FBF3F202FB1300AB68BB
:105E300032461844A8602046BDE87040FFF78EBA8D
:105E40007012002110B5094CA06A4388092B07D1B4
:105E5000FFF7D2FFA06A0121BDE81040FFF710BF95
:105E60000121BDE81040FEF7ADBF00BF7012002158
:105E7000F8B5867D0446B31EDBB2012B8CBF00272C
:105E8000012796B3023E18BF0126012B2DD800F141
:105E9000700190F86F0010F037FE054663889B068E
:105EA00005D4082D2CD02846FCF752FD40BBE577E1
:105EB000A77784F86860FCF737FE054609F002FB17
:105EC000164B0022A5FB033584F876201B182046CC
:105ED00045EB01051146C4E91835FEF709FD70B917
:105EE00040F293412D20EAF7FBFD0825D6E704F1A7
:105EF00069013046FCF7B8FB0028D8D10020F8BD76
:105F0000002EF4D0637F002BF8D0D4F81730C4F8FB
:105F10006930B4F81B30A4F86D30C8E740420F0078
:105F20002DE9F04F07469BB00C4605460EAE95F89E
:105F300012900FCF0FC60FCF0FC697E80F0086E85D
:105F40000F0006A86E7912F05AFEA37A61780293C8
:105F5000237801F07F080393237D013BDBB2022B02
:105F600000F28180684AC90613449F7B06D4A37D52
:105F7000013BDBB2022B76D813449E7BB9F1010FB3
:105F800005D1042F08BF0327042E08BF0326617A1A
:105F900006A812F03BFE237DA27E06A8022B02F18A
:105FA00001020CBF617D0121D2B204BF0131C9B22F
:105FB00012F02EFE18F0080F6CD106A812F06FFE3A
:105FC00063788246DA0653D4EBF78CFF8146394674
:105FD0005046FEF747FB0123014632464846CDF8BE
:105FE000008012F070FA40F27121227900F53970C8
:105FF000E378B0FBF1F043EA02236279484343EAD5
:1060000002434B43984238D84FF0000B94F818A045
:106010000593A37CE86C04930AF1FF33D3F1000AE3
:106020004AEB030A0DF02DFD8146E86C0DF039FDB9
:10603000059B484538BF48460DF1180980B260B34A
:1060400008A9CDF82090ADF824808DF830708DF837
:106050003160CDE90A3B12F066FB059BE8B94520AB
:106060001BB0BDE8F08F40F21D310620EAF738FD85
:106070002822414600F096F9B5E7E379A27942EA91
:106080000322237A42EA034201FB02F3984298BFBB
:106090000346B9E700239B46B8E7CDE9103B049BD4
:1060A000039A8DF84D308DF83C700EAF029B8DF841
:1060B0003D602E468DF848A08DF84E308DF8382082
:1060C000ADF83A800FCF0FC60FCF0FC697E80F007D
:1060D00086E80F0099E8030028630020A986E37A88
:1060E00013F0FD0F14BF0123002385F86F30E36820
:1060F0002B67238AA5F8743095F84630E27D62F369
:10610000071385F84630ABE7BC5303012DE9FF4187
:10611000564E0446327902F0FF0312B90278FF2A84
:1061200004D140F6A9112D20EAF7DAFC3382B360DE
:106130007371B37180F891304D4B684604F13005AE
:1061400000934C4B01934C4B0293F36A5B680393AF
:1061500007F0E0FB06F082FE07F0A2FC06F0D2FAA0
:10616000464806F08DFF464807F0CEFB284612F061
:1061700060FD284612F062FD06F08CFF2179252093
:1061800006F008FE94F9140006F074FF04F15001C3
:10619000E06C0DF005FC074604F15801E06C0DF0D1
:1061A00026FC80461FB194F82430002B38D1B8F17A
:1061B000000F37D094F82550A37F13B963885B078D
:1061C00009D56FF00043D4E918129A4208BFB1F123
:1061D000FF3F29D185BB002F08BF474694F8933075
:1061E00003B9AFB1638813F0100511D1606CC0F32F
:1061F0000B2012F0ADFC94F8463084F84500C0F353
:10620000032023F00F03184384F8460084F89350CA
:1062100030680330FCF7D4FCB07404B0BDE8F08102
:106220000125C9E74546C7E709F04CF9D4E9182329
:10623000904271EB0303CDD30122204605EA02010F
:10624000FEF756FB68B1FCF76FFC054609F03AF91A
:106250000C4BA5FB03351B1845EB0105C4E91835AC
:10626000B9E7002DB7D040F6DE115CE770120021CF
:10627000015301012D4C0101F54A0101D6BE898E61
:106280005555550040420F0037B504461C4DFFF7E9
:106290003DFF04212078EBF7DDFC0621A861207882
:1062A000EBF7D8FCAB69E8612BB120B140F61621C1
:1062B0002D20EAF715FC204612F08DFA618811F0C6
:1062C000100118D000212046FEF77CFD94F8923092
:1062D0005BB16846FCF7F8FE38B1694604F1360058
:1062E00010F026FD002384F89230204603B0BDE86C
:1062F0003040FEF783BA2046FFF7C2FCE6E700BF56
:1063000070120021024B9862DB6A1B68184700BFBD
:106310007012002143881A0710B504460ED5036A8F
:106320003C220F49943042721B884381FF2380F83E
:1063300027304FF6FF73038511F056FB6388204624
:10634000DB0747BF236A3C223C224FF6FF7148BF60
:106350001988FEF73BFBFF2384F8913010BD00BF86
:10636000858702014D4D0101554F01010D4F01017E
:106370002F890201955D0101695B0101415B01010A
:10638000094A0101298902013F8A0201896201014A
:10639000C94A0101455E0101846301016C63010189
:1063A000646301010138022808B503D9C3212F20F5
:1063B000EAF796FB13290A4B05D811290CD81029A6
:1063C00007D0D121F3E71529FBD103EB4003D8888F
:1063D00001E033F8100008BD03EB40039889FAE7A9
:1063E000CE530301F8B52F4B40281A8842EA000229
:1063F0001A8005D104219868BDE8F840EDF7A2BEE7
:10640000802801D10521F6E700F00302032A04D118
:1064100040F6C1113120EAF763FB10F0020418BF07
:10642000D960C50705D5CA781961062A0DD00B2A8F
:1064300018D02CB1DA68D278052A1FD00B2A2AD0BE
:10644000820644BF08221A75F8BD9A6892F89F1018
:106450001929EED1002600270121C2E9406782F800
:10646000A310E6E79A6892F89F10132901BF002154
:1064700082F8A310012182F8E210DAE79A6892F814
:106480009F101729DCD1002400250121C2E94245D3
:1064900082F8A410D4E79A6892F89F101229CFD1FD
:1064A0000021F5E7A012002113B5044601A8FCF76E
:1064B00063F820B940F2BA713120EAF711FB3222B9
:1064C000002101980CF0A2F90321019810F0DAFFE5
:1064D00001982146037823F010030370FCF734FE83
:1064E000224601990548FDF7D5FAFCF75BF810B98B
:1064F00040F2C471E0E702B010BD00BFA412002159
:1065000070B5274CA36893F8D66293F8D752002E43
:106510003FD193F87C10002D3DD193F87D2083F876
:106520007C1083F87D20FF2283F87E201D4B1B68A2
:106530000BB1A0689847A36893F84C31012B02D0A7
:1065400056EA050303D000211748FBF7A1FFA06816
:10655000443011F08CFA0546A06800F27511FDF781
:1065600055F8A0680621EDF7EDFDA068443011F064
:106570007EFA8542044610D208F0B6FF0146601B41
:10658000402838BF40200BF08DF9B0FA80F0400968
:1065900070BD3146BFE72A46C1E70120F8E700BFDA
:1065A000A012002150060021A41200210029A0F110
:1065B0000E0308BF1F2110B5182B22D8DFE803F007
:1065C0000D2121210D210D21120D21212121213605
:1065D00021213C21212F2F2F47000021BDE8104011
:1065E00012F0A2BB1E4CA36893F89E20222A0AD167
:1065F000201DFBF74DFFA368002283F89E2083F83F
:10660000DC20002010BD2F2AFBD193F89F30A3F18E
:106610002102062AEFD92F2BEDD02A21E8E7114BD2
:106620001B68002BEDD0BDE8104018470E4B1B68CF
:10663000002BE6D01D20F6E70C4B1B68002BE0D0AA
:1066400007480A4620218068BDE810401847084BDB
:106650001B68002BD5D00748BDE81040184700BF85
:10666000A01200214C0600216406002140060021F2
:1066700074060021A4120021134B02460979986880
:1066800090F89E30222B13D02F2B11D0292B11D014
:10669000042B11D0102B11D01E2B11D090F89F007D
:1066A00024280FD0302B14BFFE202620FFF77EBFFA
:1066B0001620FBE72320F9E70E20F7E71220F5E785
:1066C0001420F3E71720F1E7A01200210A46014643
:1066D000044808B513F0C6FE10B9024811F0F0FAEC
:1066E000002008BDA412002108B50C4B9B6893F84C
:1066F0003221FE2A04D040F2C9713120EAF7F0F9C4
:1067000083F8320111B9A3F8DE1008BD0022A3F806
:10671000D820012283F8DC20F7E700BFA012002177
:10672000104B1A7DCAB970B99B6841F64B52D969B2
:10673000914215D9B3F86C10B3F8502091420FD89C
:106740001846EDF755BC1A88120708D59B6893F8D0
:10675000A000083818BF01207047002070470120B2
:10676000704700BFA0120021164BDB6810B51979E5
:10677000436893F89E200A2A09D193F829218A4276
:1067800005D1002283F89E2083F8DC2010BDD3F8C9
:10679000902012F0080407D022F00802BDE8104053
:1067A000C3F8902011F09FBAFF2905D1342283F855
:1067B000CC4283F89E20E9E740F2CE413120EAF74F
:1067C0008FF900BFA012002110B504460879626855
:1067D000262892F89E303BD8112807D80E2839D1A8
:1067E00022460121BDE8104012F09EBAA0F112022B
:1067F000142A2FD80FF2040C5CF822F0E167010193
:1068000055680101E16701015568010159680101FD
:10681000E1670101556801015568010155680101F1
:106820005568010155680101A7680101556801011A
:10683000556801015568010155680101556801015C
:10684000956801015568010155680101AF680101B2
:10685000FF2833D0002010BD222B01D02F2BF9D1DF
:10686000204611F02DFA636893F89F20232AF1D077
:1068700093F8F4201A21204622F0010283F8F42034
:10688000626892F8F43023F0080382F8F430FBF7E2
:10689000FFFDDFE7292BDDD10C4B1B68002BD9D086
:1068A00020469847D6E7332BD4D1094BF5E7094B5F
:1068B0001B68002BCED020469847CBE7064B9B6940
:1068C000002BC7D0012382F8CE32C3E75406002143
:1068D000680600216C060021A0120021F7B50546CC
:1068E000924C002840F0DD8023881F0752D5A36812
:1068F00093F83221222A13D02A2A01D01C2A05D14A
:10690000002283F854218A4811F0DAF9A36893F839
:106910003221FE2A11D14FF4A8613120EAF7E0F8C4
:1069200083F85601834B1B68002BECD0A06800F560
:10693000AB7100F59C709847E5E7FE2283F83221A1
:1069400093F89F201B2A08D10026794883F8E1603C
:1069500011F0C9F9A36883F89F60A36893F89E209B
:10696000342A3AD0402A41D0212A0AD193F89F20D4
:10697000A2F12101062901D92F2A2CD12F2283F837
:106980009E20A36893F8A020082A02BF0222227743
:1069900083F832212388DE0757D5A368276993F847
:1069A0009F30123B0B2B0DD8FB78023BDBB2092B3F
:1069B00000F2B780012202FA03F340F233321342AD
:1069C00000F0AF803846FCF7AFFB98B9394658481D
:1069D00011F0C7F989E02222D1E7012283F8CD2204
:1069E000002283F89E2083F8DC20CAE7504811F08B
:1069F00067F9C6E7FE78012E01D9162E0FD1A368DC
:106A000093F89E0011F084F948B1A36893F89E2092
:106A1000212A04D0222A40D12F2283F89E20112E31
:106A200067D058D8072E66D00D2E66D03046FDF7B9
:106A3000F5F90346002855D1FF2EC7D1A369002BD5
:106A4000C4D0A368012283F8CE222388580706D534
:106A5000A26892F8A020072A04BF01222277990792
:106A60000FD5E368DE780D2E49D0112E49D0072EC0
:106A700049D03046FDF7E6F90346002845D02C48BA
:106A800098472388DA060CD5A36893F89F200B2A31
:106A900007D10C2283F89F2003E0162E0CBF20257F
:106AA0000225237D1B0713D5A36893F89F30123B63
:106AB0000B2B38D9002601A903200196ECF7DEF84C
:106AC000019B2BB11E720C22A1680198FCF73EFDC0
:106AD000284603B0F0BD142EA8D1174B1B68002B1D
:106AE0003FF474AF2169124898470028ADD005469D
:106AF000D7E7124BF6E7124BF4E7124BF2E7124BD3
:106B0000BDE7124BBBE7124BB9E7FF2E06D1A268D7
:106B1000342182F8CC0282F89E10B2E740F2345160
:106B2000FBE60825BDE70825D2E700BFA01200213B
:106B3000A41200214406002160060021698E020192
:106B4000C967010179660101D78D0201F58D020146
:106B500069670101024B002098611862704700BF0D
:106B6000A012002108B50022044B9A611A62FCF7BA
:106B700065FEBDE80840FDF731BA00BFA012002154
:106B8000024B9869003818BF01207047A0120021FD
:106B90002DE9F043814C0E4687B00746B4F80080DB
:106BA000A16818F4007F01F190050CBFB1F8D22064
:106BB000002328460DBF0132A1F8D23081F81732E8
:106BC000A1F8D22012F02EF928B1434601F5B67291
:106BD0002846FDF799FB238803F4C06343B1A068FE
:106BE00090F8A230002B00F0AF80032B00F0B280B1
:106BF000A168238891F8A220012A04D11D0544BF71
:106C0000022281F8A220002F40F07C81580657BF55
:106C1000B1F830223A46013292B2A1F8302203F0A4
:106C20000A020A2A0DD1E268D278022A09D123F099
:106C3000080330462380FFF751FE06430823F6B2CF
:106C400023803046FFF74AFEA3690643F6B2002BC5
:106C50005FD01422002101A80BF0D8FDA36893F89F
:106C60007D0007F053FAA368054693F87D0007F00E
:106C700045FA05F5FA754FF47A71A268B5FBF1F59E
:106C80001388054441F27070ADF80430B2F89830C2
:106C9000ADF80A50ADF80830D369A3F57A7585428E
:106CA00095BFB3FBF1F340F2E24103F55063B3FB50
:106CB000F1F39BB2ADF8063092F8CE3233B12069D1
:106CC000C31C049310F0DCFB8DF81400A26801A82B
:106CD0009DF80C3092F8CD2262F300038DF80C3051
:106CE000A3699847A3680022049983F8CE2283F809
:106CF000CD2271B193F8CC225AB993F89E20342A50
:106D000007D09DF8142022B10878FF2827D11B2A2C
:106D10002CD9A36893F83221FE2A4FD1002E4DD1F1
:106D200093F8A020073A012A48D993F840312BB3B1
:106D3000A3680121022093F84121A3F8D66083F8CB
:106D40003421FFF7D1FC39E0012180F8A210EDF7E2
:106D5000F9F94DE70223012180F8A230F7E707286F
:106D6000D7D1022AD5D14878FF28D2D10120C3F843
:106D7000D01283F8CF2283F8CC02CAE7A06890F83B
:106D80009F30A3F11105EDB20C2D40F27B81D0F8BC
:106D90009030DA0704D531460920D2E7A01200214D
:106DA000990740F10E8131460C20FFF79DFCA26847
:106DB00092F8E33043F0010382F8E330A568B5F8B8
:106DC000103295F814820133A5F81032B8F1000F93
:106DD00000F0B182EBF744FF10B10023A5F81032A8
:106DE000A16891F8A230012B40F2F68291F8A03010
:106DF000082B40F0C182B1F8D230022B40F2EC8275
:106E0000B1F8D4500135ADB2B1F89830DFF8A082B6
:106E10002B44A1F80832D8F80030002B00F0E082B3
:106E20004B8E012B40F2DC82EBF710FF0246A0688C
:106E3000D8F80080B0F89810C047A36800F10108A6
:106E4000B3F832901FFA88F8A36893F81522002A45
:106E500052D1012D50D993F89F200AB10C2A4BD161
:106E600093F89E20002A47D193F8A020002A43D10E
:106E700093F8A220022A3FD193F81722002A3BD18F
:106E800058690CF036FB002836D0A36893F83221FD
:106E9000FE2A31D1B3F80A22012A2DD9B3F81012F3
:106EA0009A8C914228D2B3F82E0128BB013D521A88
:106EB000ADB292B2B5FBF9F5954228BF154605FB78
:106EC00009881FFA88F893F88B307BB9A268D2F84A
:106ED00084305BB1B2F8CE30B2F898209B1A9AB2E7
:106EE0001BB2002B02DD9845A8BF9046003DA36869
:106EF00018BF012583F81252A368B3F898008044A4
:106F0000A3F80C822288A368550657BFB3F81C2249
:106F10000022B3F80E125218A3F81C2293F8403145
:106F20002BB9A36893F8A030073B012B07D8A368BF
:106F3000B3F8D620B3F80E120A44A3F8D620A268FC
:106F400092F8DC0030B1B2F8D830B2F80E120B442F
:106F5000A2F8D83092F9E0100029C1BFB2F8DE30B3
:106F6000B2F80E525B19A2F8DE3092F8C1305BB96C
:106F7000002F40F08082237F022B40F0358292F870
:106F80003431062B18BF1623A26892F8C0202AB904
:106F9000A268484882F8C130FCF7BCFFA06811F035
:106FA000A1FF454B1B681BB1444AA0681168984774
:106FB000A368002283F8132207B0BDE8F043FBF773
:106FC00017BB5A0702D531461320BAE6190706D572
:106FD00090F82831314680F834310720B1E61A069E
:106FE00002D500211B20ACE613F030013FD090F811
:106FF0004331002B40F04582A36893F84231F3B14E
:10700000A06890F89F3000F5A17100F2D622262BDF
:107010002BD090F89E30A3F1260CDCF1000343EB5B
:107020000C0310F02DFDA268D2F8903023F020035D
:1070300043F01003C2F89030002382F84231A06878
:10704000D0F89030DA0640F11C8200F27511FCF79E
:10705000DDFAA36800211520B3F86620A3F83421D7
:10706000B3F86A20A3F836216BE60123D9E713F0C1
:10707000400201D0242064E6DB0540F10282114683
:107080001E205EE6123B0B2B54D8DFE803F00653BC
:107090005353091953535353534400210B2050E6C3
:1070A000FCF7AAFF00283FF489AE0021042048E63F
:1070B00070060021A41200213C06002128000021B6
:1070C00090F8C832012B08D100210520FFF70CFBF6
:1070D000A368002283F8C82270E6A36893F8C83238
:1070E000022BD8B27FF46AAEA368062293F8E2506E
:1070F0001DB1002183F83421E8E79B48032110F0FB
:1071000001FEA368294693F8F33013F0040F14BF6F
:1071100011200D20DAE70021062012E600211120BF
:107120000FE693F84C21012A04D193F84D31002B3E
:1071300000F0B881A36893F89E2082B993F89F204D
:10714000113A0C2A40F2B58193F8D020002A00F0C1
:10715000B08101211220F4E500212020F1E50A2A66
:1071600040F0A38193F82921012183F8342134E7E9
:10717000A36893F852319BB1A36893F8E33013F0FE
:1071800003050DD101210C20FFF7AEFAA36893F897
:10719000E32042F0010283F8E32083F852519BE799
:1071A000A36893F8423153B3A36893F8433133BBD8
:1071B000A06890F89F3000F5A17100F2D622262B2E
:1071C0001BD090F89E30A3F1260CDCF1000343EBBA
:1071D0000C0310F055FCA368002283F84221012122
:1071E0001420FFF781FAA368B3F86620A3F83421CE
:1071F000B3F86A20A3F83621E0E50123E9E7A368A4
:1072000093F84C21012A70D193F84D31002B6CD1A9
:10721000A06890F89F50A5F12103062B65D92F2D6A
:1072200063D090F87C104B1EDBB2032B09D890F88A
:107230007D20DFF838E1013A1EF803C0D2B2032AFC
:1072400004D940F20B310620E9F74AFCBCF1020FE9
:1072500090F84E3110D0BCF1030F0FD0BCF1010FEC
:1072600004D1012B14BF002301234BB90B3D042D86
:1072700023D90121162064E5022BF3E7042BF1E763
:107280001EF8022090F84F31022A24D0032A24D07D
:10729000012AEBD1012B14BF00230123002BE5D0E1
:1072A000B0F8983000F53572B0F850010FF06BF976
:1072B0000146A8B92C48FBF7EBF8A36893F89E2089
:1072C000002A7FF47BAD93F8CC32002B3FF476ADEF
:1072D0000121FF2035E5022BDDE7042BC6D1DFE7D6
:1072E000A368282283F89E2068E5A36893F85631A6
:1072F00013B10121222024E5A36893F854313BB156
:107300001B4B1B6818489847FE28D6D0012118E56A
:10731000A36893F85E3113B101211D2011E5A36824
:1073200093F8603113B1012126200AE5114B1B6847
:10733000002BE7D1C1E7EBF783FC08B1A5F8108279
:10734000EBF796FC00283FF44BAD95F8173201336C
:10735000DBB2022B85F8173282BF0023A5F810326A
:1073600085F817323CE500BFA4120021EC5303015D
:10737000780600215806002191F8D0301BB191F811
:107380009E30102B28D191F8F230013B012B23D9EC
:10739000B1F8D45001F19000B1F8D22001354B8EF4
:1073A000AD1A4FEA8308A5EB830511F03BFDA8B1A8
:1073B000D1F8C820531CD1F8C4209B1AA3EB0803B2
:1073C000AB42B1F82E21A8BF2B46151F9D42B8BF76
:1073D0001D46012D3FF717AD012515E52B46EFE7BB
:1073E0004FF00109C8462FE5012B09D192F8A130D1
:1073F000002B7FF4C9AD0021A068ECF7A3FED0E517
:107400005EB1F00635D4310735D4B20635D4B307B2
:1074100035D140F64311312016E738B1B2F8D80023
:10742000B2F8DA30984201D32223ADE5002905DD18
:10743000B2F8DE10B2F8DA309942F5D2B2F8D610CE
:10744000B2F8D43099420BD2A36893F8A210B3F8E3
:10745000D22051B1B3F8D4309342CCD8082393E56D
:1074600092F84031002BDFD1EEE7052AC3D93E2345
:107470008AE51E2388E53D2386E5232384E52A2328
:1074800082E5A36893F89F202B2A3FF465AE322A49
:107490003FF444AE232A7FF44DAE93F84C21022AE8
:1074A0007FF43FAE002117204BE40C2D3FF605AFD3
:1074B00084E40C2D7FF682AC93F85331002B3FF41B
:1074C00057AE01210E20FFF70FF9A368002283F8C1
:1074D000532101E673B56C4D00240126A8602E717E
:1074E0002C802C752C77FF2380F81332AB6818881A
:1074F000FBF73CF8AB681888FBF764F8AB68B3F8A7
:107500000A22EAB193F83221FE2A19D193F84031C8
:10751000B3B1AB6893F8A020073AB24210D993F800
:1075200041210220A3F8D640314683F83421FFF7E9
:10753000DBF8AB68022083F81242FEF7B5FF04E0E7
:10754000AB6893F83201FE28F7D1AC68638E04F182
:107550009000B4F80E12012BB4F8102201F1FF31A3
:1075600038BF012389B2B1FBF3F31344A4F81032FE
:10757000B4F8D2300B44A4F8D23011F053FC20B14F
:10758000D4F8C4300B44C4F8C430B4F80A3200262E
:10759000012B9CBF0133A4F80A3209B184F81762A9
:1075A00094F89F3084F81262A3F10B02012A1FD8CD
:1075B000B4F89830B4F8D4229B1A190432D404F2E7
:1075C000D62104F1A6000FF0B3FBAB6883F89F60EF
:1075D000FF2283F8FB20A968B1F80E2201F1900088
:1075E0000FF0EDFBA0B340F6CE013120E9F778FAB9
:1075F000262B17D1B4F8D422B4F898309B1A1A0469
:1076000010D484F89F60FEF77BFFAB68014630B969
:1076100083F84C0102B0BDE87040FFF7B9BA83F8B7
:107620004C61D8E794F89E30262B01D0282BD2D17C
:10763000B4F89830B4F8D4229B1A1B04CBD400239E
:1076400084F89E30FEF75CFF01460028C3D1E1E7D5
:107650000E4B0F4900930F4A0F4B03C9EBF708F984
:10766000296A19B195F8240006F0F4F9AB6893F88B
:107670009F30123B0B2B04D802B0BDE87040EBF7F3
:10768000EFB802B070BD00BFA0120021916B0101E4
:10769000A4120021E56301012167010138B5044608
:1076A000084694F8C83213B10C25284638BD94F822
:1076B0009F30163B012BF7D894F8EC3203F0FF050E
:1076C000002BF1D1A1B194F82E3223B940F69811D4
:1076D0003120E9F705FA074B9968052301F588720F
:1076E00001F21E210AF0E2FC012384F8C832DCE733
:1076F0000223FAE7A0120021D0F8DC32C2699342DB
:1077000010B5044604D1D0F8E012426A914223D069
:107710002288A3F57A7104F5E070A4F8CA2141F239
:1077200070729142124995BF4FF47A7240F2E24270
:10773000B3FBF2F3B3FBF2F398BF03F550639BB2D4
:10774000A4F8CC31B4F8E032A4F8CE31B4F8E23287
:10775000A4F8D03110F051F902212046FBF7A8FB24
:10776000002384F89F30032384F8A23010BD00BFAB
:107770009B7E020108B5FCF781F9024B024A1A60B0
:1077800008BD00BF78060021958F020108B5FCF7FF
:10779000E9F8054B054A1A60054B064A1A60064B84
:1077A000064A1A6008BD00BF4006002171E20001D0
:1077B0003C060021F1E200014406002171E30001D2
:1077C000014B1868704700BF28000021014B18606A
:1077D000704700BF2800002108B5FCF721F9034BD2
:1077E000034A1A60034B044A1A6008BD640600216C
:1077F000CD66010168060021C58D020138B5212240
:107800000B46044603F8022B00F109021D3052F822
:10781000045B824243F8045BF9D1108818809278A7
:107820009A708A78122A03D80F4BD340DB0717D4FB
:10783000B1F8075005212846EAF70CFA18B9962145
:107840007720E9F74DF9503012F028F808B1992166
:10785000F6E705212846EAF713FA08B19A21EFE77F
:10786000002304F8053C38BD810004000378426819
:107870009BB992F87C100A4B33F811004FF47A73DD
:1078800000F23F60B0FBF3F0D2E980317D3341F18B
:107890000001C01841F100017047D2E9A001704712
:1078A000F053030110F8023C2DE9F043044689B07F
:1078B00023B900F8053C09B0BDE8F083002300F1CE
:1078C0001206CDE9063305238DF81E3006A8EAF727
:1078D000FBF9054680B105210DF11600EAF744F9E0
:1078E000BDF816300546E381E0B907237A49204602
:1078F000637210F079F8DEE70698237C827A9A4268
:10790000E4D1637C00F10C01C07A13F0FD0F334623
:1079100014BF012200220FF0BDF80028D6D004F8D1
:10792000055CC8E70146184602F030FB14F8043C39
:107930006A4FEB7414F8033C2B7534F8083CA5F837
:10794000883054F80C3CC5F88C3014F8063C2B7683
:107950000023AB753B680BB30721BDF81600EAF7AF
:107960003BF90646D0B101463B68BDF81600984782
:10797000237F40F2E2411A1E18BF01226A7654F8B2
:10798000102C86F835303260627F4A4372607D2267
:10799000A37F4B43B360E37F5343F36005F150068D
:1079A000304601F0E1FF58B10521BDF81600EAF7B5
:1079B00067F9002899D040F207117720E9F790F88D
:1079C000237C04F1340105F11E0040F2E249AB7260
:1079D000637C13F0FD0F14BF01230023EB72D4F876
:1079E0001230EB60E38A2B8201236B750FF0A0F954
:1079F000B4F81900E36A09FB00F92B60236BC5F8A2
:107A000078906B60E37E85F8923094F8423085F888
:107A10009830E38FA26AA5F8A030638F5343C5F86E
:107A20009C30A37AE17A43EA0123A5F8A230237EB1
:107A3000013BDBB2022B0BD829490B449B7BEB7536
:107A400094F8463043B1012B3BD040F27B3101E04A
:107A500040F21D310620B1E74FF01E08B4F93C009A
:107A6000B4F84470C317A0FB020102FB031194F8A1
:107A700047304FF41612534308FB0733C71A61F11E
:107A80000001012F71F100031EDA4A4638460AF060
:107A9000E3FCB4F84030034409FB00F09BB2C01B88
:107AA0005A1E0633A5F862209BB26A7D85F89320A2
:107AB00000903046CDE90183D4E9082301F0E6FFC8
:107AC000F9E64FF49678C9E7781E4A4661F100015D
:107AD0000AF0C2FC0130DCE7FD77010180060021DD
:107AE000F05303012DE9F04F834687B008460E4658
:107AF0000FF079FDDBF8049005460F21B9F800007E
:107B0000B9F898A0EAF7A6F8837B0446002B00F0AA
:107B1000ED80C37A002B40F0E9806F7E7B1E012B45
:107B200002D9042F40F0E280FAF784FC37EA000320
:107B300040F0DC802B7E05F11A0713F0100FC3F321
:107B4000001118D0EB7F03F0C003402B13D138464F
:107B5000FBF708F878B10EF0E1FF082880460AD05C
:107B600004AA0DF10F01FAF7E5FF88B940F28D1173
:107B70007720E8F7B5FF2B7E4FF00808D5F81A00FC
:107B8000C3F3001304908DF80F30BB88ADF81430A8
:107B9000F3782A2B40F0AE8030460FF026FD0646E3
:107BA000002800F0A78003682360037984F82C3054
:107BB000437984F82D30837984F82E30C37984F8A2
:107BC0002F30AB7A5846D5F80670C3F304030193FF
:107BD000FFF74CFED9F81C20019BA263C4E90C01FD
:107BE000AA8A84F84470AAEB020284F84830A4F808
:107BF0004C203A0A84F845203A0C3F0E84F846207F
:107C000084F84770D5F80B302A7CE363EB7B43EABA
:107C100002236A7C43EA024323642B7EC3F34213AC
:107C200084F85230EA7DAB7D43EA0223A4F84E305B
:107C3000EA7CAB7C43EA0223EA78A4F8503002F0F5
:107C40001F02AB7843EA0223A4F85430EB78C3F365
:107C5000401384F85630EB780498C3F380139DF8F2
:107C60000F7084F857302B8CC4F82200AAEB030362
:107C700084F82170A4F84A30BDF81430E384AB7A5C
:107C8000C3F3421384F82B306B7E99073CD413F076
:107C9000010001D103F00400F7F786FA84F8280008
:107CA0002B7EB8F1080F51462846C3F3030318BFD3
:107CB00047F0020784F82030AB88A4F82930B9F8DF
:107CC000003063832B8818BF84F82170A3834FF0A2
:107CD000FF33A377E3770FF0A2FC034604F1100013
:107CE000A3B91223174963760FF07EFE002007B078
:107CF000BDE8F08F002684F82C6084F82D6084F8AD
:107D00002E6084F82F605CE70220C5E7A6B13379C6
:107D10005A1E1206E5D47279052AE2D9B779791E7E
:107D2000C9B2FD29DDD8F1790129DAD95343A988EF
:107D30008B42D6DCBA42D4D9FF23E37202490FF05A
:107D400059FED3E7FD770101A5780101012A70B53D
:107D50000C460646114605D9931E012B68D940F200
:107D60007B2106E00521E9F775FF054618B940F2C9
:107D70001D2177204AE0503011F016FD002840F018
:107D8000A680237EAA7A62F303032376AB7C13B921
:107D9000EB7A03F00103227E63F304122276FAF7F2
:107DA0006FFB237E60F347132376E87DF7F7FCF93A
:107DB0000138C0B2022826D8464B05F10C011B5CE5
:107DC0006376AB7C23BBEB68C4F81A308B88E38303
:107DD000E37840F2E2426FF3C713E370AB6FB3FB9B
:107DE000F2F395F89220A380A37A62F34713A3726B
:107DF0002B680020C4F80B302B79E3736B79237464
:107E0000AB7963740AE040F22F310620E8F768FE90
:107E1000E87A0EF079FE082801D1122070BD04F135
:107E20001A01FAF7F3FE0028D2D140F23E21A0E772
:107E300011F069F8054603213046E9F70BFF0646C5
:107E400015B940F2552194E710B940F2562190E758
:107E5000837D6A7B003B18BF01231B0143EA121399
:107E6000227E22F01F0213432376FAF709FBA37A3E
:107E700000F0070060F34713A372237E60F34713FB
:107E80002376287CF7F790F90138C0B20228BAD8D7
:107E9000104B04F11A011B5C6376B37F7BB1F07F5A
:107EA000FAF7A0FE0028B8D0E37840F2E2426FF380
:107EB000C713E3702B6FB3FBF2F3A38098E7D6F8F8
:107EC0006930C4F81A30B6F86D308B80ECE7422088
:107ED000A4E700BFFE5303012DE9F74F03780646E0
:107EE0008A46D0F8049033B1B9F8D2301BB10120E2
:107EF00003B0BDE8F08F3046FFF7B8FC88469AF82B
:107F00005A100746012904D98B1E012B58D902208B
:107F1000EEE70521BAF85800E9F79CFE0028F6D0F4
:107F200090F82C30002BE2D1856F7B1EB0F87E10CC
:107F300000F11F0B2B44AAF87110D0E920401B1B45
:107F4000B3FBF5F39BB201EB030CA3FB05351FFA62
:107F50008CF21C19AAF86DC0A2EB010245EB0005DA
:107F6000002AB8BF5242012A04DD002B24DA4D4A10
:107F70009342BCDBB9F8D220A742B9F89830A3EB02
:107F80000203AAF87B307368B3F89820AAF86F2030
:107F9000DBF800109BF80400CAF861109AF865102D
:107FA00060F304018AF8651078EB05013ED340F2D6
:107FB000FF217720E8F794FD3B4A9342DADD96E70C
:107FC000BAF8580010F09FFF024600289FD090F8A2
:107FD0003530002B8BD1B0F8523000F1170BAAF8D6
:107FE00071300133AAF86D30304B017C33F8114009
:107FF0004FF47A7304F23F64B4FBF3F4D0E918351C
:10800000903345F10005E4189AF85A3045F100051F
:10801000032BAFD14030019211F08EFC0028A9D182
:10802000019A136F1C1945F10005A3E7E41BB4F591
:10803000960F0CD9D969A1F59603013B2344B3FBF4
:10804000F1F31A449BB201FB1344AAF86F20B4F574
:10805000161F174F9AF85E204FF0000094BF0021C2
:108060000121BC4294BF00230123B4F5161F4FEA3F
:10807000431343EA81118CBF4FF416130023E31A14
:10808000BC428CBF4FF496741E24B3FBF4F402F090
:1080900080038AF85D40C4F304240B431C438AF830
:1080A0005E4025E7C1B4B3FF3F4B4C00F0530301E2
:1080B000C3BF0300154B5B6893F8DC0028B1B3F82D
:1080C000D810B3F8DA2091421ED293F9E0202AB1F9
:1080D000B3F8DE10B3F8DA20914214D2B3F8D4200A
:1080E000B3F8D61091420ED2B3F8D20093F8A23072
:1080F00023B9052894BF00200120704782428CBF1D
:108100000020012070470120704700BFC8120021E5
:10811000144B1B285B6883F8320116D8124AC24000
:10812000D2071ED4112806D193F8342152B100226F
:10813000A3F8D8207047072813D0092811D0152894
:1081400005D10022A3F8DE207047242809D01E287C
:1081500007D0022881BF0022A3F8D820012283F88B
:10816000DC207047C81200210010080970B5204DAE
:108170006B6893F8421209B993F87C1093F8432284
:108180000AB993F87D2083F87C1083F87D20FF22C4
:1081900083F87E20174B1B680BB168689847002155
:1081A0001348FAF775F9686844300FF060FC06462A
:1081B000686800F27511FBF729FA04216868F2F784
:1081C0004DF8686844300FF052FC864204460CD2E9
:1081D00007F08AF90146A01B402838BF402009F06B
:1081E00061FBB0FA80F0400970BD0120FCE700BFE0
:1081F000C81200219C0600210A460146044808B521
:1082000012F030F910B902480FF05AFD002008BDF5
:10821000C8120021104B0246187AC8B9012A0DD1A4
:108220005B6841F64B52D969914214D9B3F86C207E
:10823000B3F850309A420ED8F2F700B85A89520774
:1082400008D55B6893F8A000073818BF0120704775
:108250000020704701207047C8120021C278012A0F
:1082600007D10D4A5268B2F83E224272120A827257
:1082700070473AB9084A5268B2F846224273120A65
:1082800082737047182A05D1034B5B68B3F840121C
:108290000FF009BA704700BFC812002138B590F836
:1082A0009E3004460E3B012B37D8B0F89830B0F81A
:1082B000462201339BB29A422FD1038841F2707259
:1082C000002500F5E0704381D0F890304572A3F5A9
:1082D0007A719142114995BF4FF47A7240F2E242AD
:1082E000B3FBF2F3B3FBF2F398BF03F550639BB219
:1082F0008381B0F89430C381B0F8963003820FF0D8
:108300007CFB84F8445202212046FAF723FE032125
:108310002046F1F7A3FF84F89E5038BD9B7E0201F2
:10832000394A034608465189194370B5518103F013
:108330000301032904D140F608113620E8F7D0FBE9
:1083400013F0020118BFD060DC0748BF106121B1F3
:10835000C178062923D00B292ED0990644BF0821C5
:108360001172DB054ED5536841F64B51C478DE6976
:108370009D8C8E42B3F8982096BF4AF6C8710621AC
:10838000B1FBF6F129445D8E012C01FB052292B26E
:1083900019D1A3F83E22BDE87040FFF75FBF5168D6
:1083A00091F89E401A2CD8D100240025C1E94245FD
:1083B000012481F8A440D0E7516891F89E40142C24
:1083C000CBD10024F5E714B9A3F84622E3E7182C33
:1083D000E1D1B3F8421299B193F84242E11E01296A
:1083E0000BD893F87C10CD1E012D06D88C4204D0FA
:1083F00093F84312002908BF0022A3F84022CAE7DD
:108400000A46FAE770BD00BFC812002110B5024647
:1084100008795168A0F1120491F89E30112C16D8F9
:10842000DFE804F0091509150915151515151517B7
:10843000151B1515150E0121BDE8104010F018BED2
:10844000292B04D1094B1B680BB11046984700201B
:1084500010BD332BFBD1064BF5E72D2BF7D1054B88
:108460001B68002BF3D00846F0E700BFA0060021F0
:10847000940600218C060021002908BF1F21252811
:1084800070B535D8112803D803283CD0002433E038
:10849000A0F11203132BF9D801A454F823F000BF64
:1084A000FD8401018D840101FD8401018D840101A0
:1084B000FD8401018D8401018D8401018D84010100
:1084C0008D8401018D8401018D8401017385010179
:1084D0008D8401017F8501018D8401018D8401015D
:1084E0008D840101638501016385010163850101BB
:1084F000FE2814BF00240224204670BD0021BDE8E0
:10850000704010F0B5BD254D6B6893F89E20182A79
:1085100001D0152A3FD193F8E220002A3BD183F8FD
:10852000E12083F8DC2093F8EE3103F0FF0423B15F
:1085300040F25B313620E8F7D3FA6B681A8883F88B
:10854000EF11A3F8F02183F8F24183F886426868BE
:10855000134900F5F3700FF047FA6B6883F89E40FB
:10856000CAE7104B1C68002CC6D02346BDE87040FB
:1085700018470D4B1C68002CBED01D20F5E70B4B97
:108580001C68002CB8D0054B0A461F2158682346AA
:10859000BDE8704018470224AEE700BFC8120021B2
:1085A000B77F02019806002190060021880600216D
:1085B0000E4B024609795B6893F89E30A3F11100D7
:1085C0000C280BD9292B0BD01E2B0BD0052B0BD035
:1085D000212B14BFFE201620FFF74EBF0320FBE720
:1085E0002320F9E71420F7E71220F5E7C81200214D
:1085F0002DE9F341944C0E460746B4F80A806168B1
:1086000018F4007F01F190050CBFB1F8D2200023CF
:1086100028460ABF0132A1F8D230A1F8D22010F0CA
:1086200012FC28B1434601F5B6722846FBF76CFEF2
:10863000638903F4C06343B1606890F8A23023B942
:10864000012180F8A210F1F709FE002F40F093817C
:10865000002E40F090816289550711D5636893F828
:108660009E10032904D140F2C4413620E8F738FABD
:1086700093F8A010072902BF012183F8A06021759B
:1086800090070FD5E368D878072808D0112821D0A3
:10869000FBF7CEFB034618B94FF4A361E5E76B4B3C
:1086A000694898476389190740F19D80606890F890
:1086B00032312A2B06D81B2B0ED8012B3AD0032B94
:1086C0004CD06BB3636893F83221FE2A75D140F227
:1086D0002451CAE75E4BE3E71C3B0E2BF2D801A204
:1086E00052F823F075870101C5860101C586010195
:1086F000C5860101C5860101838701018F870101BC
:10870000C5860101C5860101C5860101C586010135
:10871000AF870101C5860101C58601017587010189
:10872000B0F89820B0F84612521A1204CAD480F851
:108730004432C7E7B0F89830B0F83E229B1A1D04C7
:10874000C0D4D0F83822137813B940F229218CE72D
:10875000013B1370002380F89E30B3E790F89E3001
:10876000152BAFD003F0FD03182BABD0002380F8FE
:108770008632DEE7002380F85431626882F8DC300C
:10878000A0E7344B1B68002B9CD098479AE7002346
:1087900080F85631304B1B682BB1606800F5AB7127
:1087A00000F59C70984728480FF08AFA8AE72B4B0F
:1087B0001B68002B86D02448E7E7FE2283F832218D
:1087C00093F89E20262A34D027D80C2A2BD00E2AA4
:1087D0002DD0636893F8A020082A01BF02222275D9
:1087E000002283F8A0206389D90749D563682569E9
:1087F00093F89E1093F8E20010F027FCD8B1EB78C4
:10880000023B0F2B71D8DFE803F0167016161670B6
:1088100070707016701670707016402AD9D10A48A0
:108820000FF04EFAD5E70D2283F89E20D1E70F22F4
:10883000FAE72722F8E72846FAF776FC80B92946B6
:1088400001480FF0A2FA1AE0C8120021FB8F0201C2
:10885000179002018406002148060021A406002189
:10886000E8780D283BD011283BD007283BD0FBF7F8
:10887000CBFA03460028E2D02946A448984706468A
:10888000237A1A0715D5636893F89E1093F8E200CF
:1088900010F0DBFB054650BB009069460320EAF769
:1088A000EDF9009B2BB11D720C2261680098FAF75C
:1088B0004DFE6068FFF7F2FC636893F83221FE2AF0
:1088C00059D193F8A020073A012A54D993F840319E
:1088D00003F0FF016BB10220FFF71AFC4BE08C4B59
:1088E000CAE78C4BC8E78C4BC6E70826C8E70826C2
:1088F000DFE7636893F89E2022B993F8D01059B14E
:108900001220E9E7252A69D01ED8142A24D017D8C6
:10891000032A29D0132A21D0113A0C2A2BD993F8F3
:108920009F20062A7BD8002A7DD0013A052A7AD8D2
:10893000DFE812F09C00AB0093001A0179001C01E3
:108940001A2AE9D10620C7E7312A57D0322A4BD05C
:108950002E2AE1D12120BFE70B20BDE7D3F8582212
:108960000320C3F82021B7E793F8292183F83421A5
:10897000072283F83221656895F8403123B995F8CC
:10898000A030073B012B04D8B5F8D6300133A5F849
:10899000D63095F8DC1021B1B5F8D8300133A5F800
:1089A000D83095F9E02022B1B5F8DE300133A5F8D2
:1089B000DE30002F40F0DD82237D022B00F0D582D7
:1089C000012B40F07882636893F8A130002B40F0CF
:1089D000878200216068F1F741FCD2E21822A3F8F7
:1089E000D81083F83221C6E70122112083F8342100
:1089F000FFF78EFB636883F89E10BCE727206BE7C8
:108A0000142A10D8DFE802F04A4A0F0F8C0F0F0F1C
:108A10000F0FB40F0F0F0F0F0F0FBBA8B9001F3AA6
:108A2000D1B21429ECD9636893F83221FE2AA2D17D
:108A300093F89E20002A40F0758193F84432002B71
:108A400000F0A180636893F89F000FF061F900289F
:108A500040F09980FFF75CFB64E193F8282183F8EC
:108A60003421072283F83221002214E00C22002155
:108A700083F8322193F8E320A3F8DE1042F00102DC
:108A800083F8E32083F89F10CDE7132283F8322187
:108A90000022A3F8DE2083F89F20C4E793F8433137
:108AA000002BC0D1636893F84231C3B1606890F87D
:108AB0009F3000F5A17100F24222262B2ED090F8B3
:108AC0009E30263B012B8CBF002301230EF0D8FFE4
:108AD0006368202283F89F20002283F84221606887
:108AE00090F89F30202B9ED100F27511FAF78EFD81
:108AF00063681520B3F86620A3F83421B3F86A2020
:108B0000A3F83621FFF704FB6368C1E7C812002110
:108B1000B1850101F59002010D8401010123D5E722
:108B200093F84C21012A0ED193F84D315BB963685B
:108B30005A6FD3F84E11AF480DF042FD636818220A
:108B400083F832216FE7636893F84C21022A7FF49F
:108B50006AAFD3E91D21EEE70021112083F834111B
:108B6000FFF7D6FA63688DE709227BE71B2279E7D6
:108B70002420FFF7CDFA636876E71E20F9E7272067
:108B8000FFF7C6FA4FE7636893F886328BB16368E4
:108B900093F8A3203AB193F8A43013B940F2E2510C
:108BA00063E50A2056E7D3F858220320C3F82021B2
:108BB00050E7636893F853310BB108204AE76268C5
:108BC000D2F88832BBB113F8512C012A02D040F2FE
:108BD000FA514AE513F8283C13B140F2FB5144E541
:108BE000606890F8F6309B0601D51F2032E7824B73
:108BF0001B68984796E092F8523183B1626892F808
:108C0000E33013F0030140F08D800C2043F00103AA
:108C100082F8320182F8E33082F8521182E0636810
:108C200093F8423133B3636893F8433113BB606800
:108C300090F89F3000F5A17100F24222262B17D048
:108C400090F89E30263B012B8CBF002301230EF0B1
:108C500017FF6368002283F8422163681420B3F889
:108C60006620A3F83421B3F86A20A3F83621F1E690
:108C70000123ECE763685F4D93F84C21012A40F033
:108C8000A78093F84D31002B40F0A280636893F8E1
:108C90009F000FF03DF8002840F09A80606890F83F
:108CA0007C104B1EDBB2032B09D890F87D20DFF837
:108CB0004CE1013A1EF803C0D2B2032A03D940F2B4
:108CC0000B310620D2E4BCF1020F90F84E3109D0EE
:108CD000BCF1030F71D0BCF1010F01D1012B07D002
:108CE0001620B7E6022B14BF00230123002BF7D078
:108CF0001EF8022090F84F31022A60D0032A60D07B
:108D0000012AEDD1012BEBD1B0F8983000F51072AB
:108D1000B0F850010DF037FC0146002853D135481A
:108D2000F9F7B6FB636893F83221FE2A7FF423AE8D
:108D300093F89E20002A7FF41EAE93F83C32002B5D
:108D40003FF419AE636893F89F000EF0E1FF00282E
:108D50007FF411AE6368B3F898300A2B7FF60BAE40
:108D60006846FAF7B1F900283FF405AE65680522B8
:108D7000684605F1A70109F06DFC002800F0988015
:108D8000D5F83832194611F8012B002A00F08980F5
:108D90000522684609F05EFC00287FF4ECAD6368AC
:108DA0000120D3F83822137801331370FFF7B0F99C
:108DB0006368002283F83C22DDE5042B93E7022B55
:108DC000A1E7042B9FE76B68282283F89E20A9E780
:108DD000636893F8543133B1094B1B6805489847D1
:108DE000FE289FD036E6636893F85E3153B11D20AC
:108DF00030E600BFC81200218C0600210154030197
:108E00007C060021636893F8563143B363680921F7
:108E1000B3F85801E8F71EFF18B9636883F85601E4
:108E2000FCE690F8F03103F0FF021BB9636883F8A9
:108E30005621F3E690F8C831032B0DD8DFE803F094
:108E40000707020A6B6893F85C3180F8F1316B68B0
:108E50000022ECE72220FDE540F2CF5105E46368F3
:108E600093F86031C3B1636893F84432A3B963687F
:108E700093F8F7305D0608D5444B1B68002B3FF490
:108E800051AF434898472720E4E5424B1B68002B2D
:108E90003FF448AF3E48ACE63F4B1B68002B9DD1EA
:108EA00040E70098C3F801009DF804300B7176E7A5
:108EB00085F83C0280E75EB1F00658D4310758D4FB
:108EC000B20758D1B30658D440F69711FFF7CDBB7F
:108ED00009B3B5F8D810B5F8DA3099421BD9222376
:108EE0002B4885F8C130FBF715F800230221606894
:108EF000A5F89E3085F8A230F1F7B0F9636893F8D1
:108F00003221012A3DD1D3F838221378BBBB40F679
:108F1000C811FFF7AABB2AB1B5F8DE20B5F8DA30E0
:108F20009A42DCD8B5F8D620B5F8D4309A420FD2A0
:108F3000B5F8D620B5F8DA309A42D0D295F8A2200A
:108F4000B5F8D23052B9052B7FF643AD3E23C7E7C3
:108F5000636893F84031002BC1D1E9E7B5F8D4201C
:108F60009A423FF636AD0823BAE71623B8E71E2328
:108F7000B6E73D23B4E72A23B2E72323B0E7013B5A
:108F8000137002B0BDE8F041F9F732BBA80600212A
:108F9000C8120021AC0600215C060021F0B50023B8
:108FA0005A4D85B004462B702E46686000886B8150
:108FB0002B722B75F9F7DAFA6B681888F9F702FB50
:108FC000B4F82A226968013201F1900092B20DF0E2
:108FD000F6FE20B140F26D113620E7F781FD94F8DE
:108FE0009F30A4F82A02262B13D1B4F89830B4F895
:108FF00040229B1A19040CD484F89F00FFF7B6F89E
:10900000B8B9002100240846FFF7F2FA204605B05F
:10901000F0BD94F89E30263B022B0AD8B4F84022CB
:10902000B4F898309B1A1A0403D4002384F89E30B5
:10903000E4E794F89E300C3B012B20D8B4F898302C
:10904000B4F83E229B1A1B0419D4D4F8381204F148
:10905000A60001310DF06CFE94F89E300D2B0BD163
:10906000D4F83822137813B940F29511B4E7013BD4
:109070001370002384F89E30FF2384F8FB30FFF741
:1090800019F8044608B10124C0E76B6893F83271FF
:10909000FE2F25D003A8F9F76FFA10B940F2B4718A
:1090A0009AE732222146039809F0B0FB0321039886
:1090B0000EF0E8F903983946037823F010030370A3
:1090C000FAF742F83A4603991048FAF7E3FCF9F741
:1090D00069FA10B94FF4F8617EE70398FFF7BEF81C
:1090E0000B4B0C4A00930C4B96E80300E9F7C0FBCE
:1090F0006B6893F89E1093F8E2000FF0A6FF044609
:109100000028C0D0E9F7ACFB80E700BFC8120021FF
:10911000F18501012183010115820101B0F82A3294
:109120000B4470B5A0F82A3200F19006B0F8D230A6
:1091300004460D460B44A0F8D23030460FF083FEB3
:10914000A0B1D4F8C43030460B442146C4F8C43032
:109150000FF0ECF8D4E931239A4207D300231649E3
:1091600004F5B670C4F8C4300EF047FC94F8DC3057
:1091700023B1B4F8D8302B44A4F8D83094F9E030B7
:1091800023B1B4F8DE302B44A4F8DE3094F840313B
:1091900023B994F8A030073B012B04D8B4F8D6309B
:1091A0002B44A4F8D6302046FFF778F8B4F898108E
:1091B0000D44A4F8985070BD7782020108B5FAF703
:1091C0005DFC024B024A1A6008BD00BF7C0600210C
:1091D000958F020108B5FAF723FC034B034A1A6086
:1091E000034B044A1A6008BD90060021F981010171
:1091F000940600213590020108B5FAF77FFB064B73
:10920000064A1A60064B074A1A60074B074A1A605B
:10921000074B084A1A6008BD8C06002147900201DE
:1092200088060021F9EC000184060021A1E3000179
:109230004806002171E3000110B5044C206840305D
:1092400010F0E9FA0023237110BD00BF18130021AC
:10925000024B1B790BB1FFF7EFBF704718130021CA
:109260002DE9F04FA54C93B082460E46236893F843
:109270002D503DB1D3F8882055786279954294BF3E
:1092800000250125B3F82880E288D88DA8EB0208D4
:109290009F7B5A6A4FF6FF731FFA88F89842019233
:1092A0003BD00A21E8F7D6FC814607230021A068BD
:1092B0008AF8003001238AF803108AF801300DF093
:1092C000D7FF86B1236893F835604EBBB9F1000F24
:1092D00028D099F81630012B05D099F84F30002B83
:1092E00014BF3B262326AD003246A06845EAC705D9
:1092F00005F00C0A5146D3460DF0C1FF15F00403EA
:10930000009316D02368D3F888100B7813F0C00FA1
:109310000AD0FD210A20E7F7E3FB4FF00009C4E77C
:109320000926E0E74E46DEE701230222A0680DF0A1
:1093300075FF21688B7B2BB1022303220C31A068BF
:109340000DF06CFFA0680DF08FFFC0F1FE07054621
:10935000B845B4BF5FFA88F7FFB247450AD3009B10
:10936000002B5CD022686379D2F8882001335278D0
:10937000934254DA4AF010013246A0684FF0010AD5
:109380008B460DF07CFFA0680DF06EFFC0F1FE076C
:109390000546B845B4BF5FFA88F7FFB2092E41D140
:1093A00008238DF80C3028238DF80D3023689A6B34
:1093B000CDF80E2093F83C20DB8E8DF81220ADF80E
:1093C00013303346072203A9A0680DF027FF6AF384
:1093D000041B1BF0100F5FFA8BF171D0237B226806
:1093E00098440023107C08F03F08ADF808308DF851
:1093F0000A30B8F1240F88BFA8F12408022884F8A5
:109400000C80237B03F03F0343F040038DF80830CA
:1094100027D014D8012861D040F257117AE74FF0D5
:10942000000ABBE7364B1B68002BD0D0232E01D09F
:109430003B2ECCD1226803A948469847C1E7C31EFA
:10944000012BE9D89DF80A30022666F3471344F24F
:1094500090268DF80A3041F2BE13042808BF334627
:1094600008E09DF80A30012666F347138DF80A30AC
:109470004FF4856349070CD504283D4431D1AD0133
:1094800005F53475D2F888301B78DB0003F0F8035B
:109490002B4403F5A5751E23042202A9ADB2A068D2
:1094A000B5FBF3F59DF80A308DF80950C5F3042596
:1094B00023F01F031D4303238DF80A500DF0AEFE69
:1094C000E1883A46019BA0680B4419460DF00BFF5A
:1094D000E3881F44E78013B0BDE8F08F40F64803EF
:1094E000C8E7032803D12D0105F5E775CAE702286F
:1094F0000BBF0B350A35AD00ED00C3E71813002193
:10950000B006002110B50A4C207B03F0C3FDA06813
:109510000021FFF7A5FE236800204FF4A5711A7CF7
:1095200004F0C4F8A068BDE8104004F009BA00BF18
:109530001813002113B500B921B902B0BDE81040DD
:10954000FFF77ABE19494B790A68013392F82D006A
:10955000DBB24B71E0B1D2F8880044789C4217D955
:109560000378002113F0C00F14BF9B0903238DF86B
:109570000430037801A8C3F30402DB008DF8052052
:109580008DF8063003F036FCFFF7BCFF02B010BDCB
:10959000108DCB88984203D1B2F852309382CCE739
:1095A00002B0BDE81040FFF7ADBF00BF18130021A7
:1095B000054B002298601A71044B054A1A60054B4E
:1095C000054A1A60704700BF18130021B406002135
:1095D000FC980101B80600210C990101014B024AD7
:1095E0001A607047B006002149BF01011FB504464B
:1095F0009022002109F00AF9E8F748FC012201460F
:10960000A0606846E8F786FCA068002201210AF005
:10961000AAF902A8F9F758FD20B94FF4DC710A2025
:10962000E7F75EFA02A904F116000DF081FB054B85
:109630002464A3640023A3824FF6FF73E38504B080
:1096400010BD00BF0C9901012DE9F04117463B4ABE
:109650008846194632F817504FF47A72044605F5D9
:109660007E550735B5FBF2F50FF01CFE00EB080345
:10967000FF2B04DD01288CBF03300430C0B2C1438E
:1096800094F82D30C9B208EB0106013E96FBF1F6C5
:10969000F6B22BB1D4F888205278964238BF1646DD
:1096A0004044002E35D0042F20D0032F21D040F28B
:1096B000725240F6921C022F18BF6246013E042FE0
:1096C00006FB110002FB0652C0B215D1800100F565
:1096D0003470104443B1D4F8882013785278DB00FA
:1096E00003F0F80302FB0300BDE8F08144F2DA3234
:1096F000E4E741F20832E1E7032F03D1000100F56E
:10970000E770E6E7022F0BBF0B300A308000C00085
:10971000DFE7042F04D1800100F534702844D9E735
:10972000032F03D1000100F5E770F7E7022F0BBF0D
:109730000B300A308000C000F0E700BF0654030180
:1097400073B56B4C06462379206023B140F29E210D
:109750000A20E7F7C5F90FF0B6FD00F5D075B06D3A
:1097600085420FD92D1A3046402D38BF40250FF0C5
:109770005FFD0146284608F095F800283AD1B36D00
:109780002B44B365256895F835307BB1EB8EB5F881
:1097900052209B1A1BB2002B22DC05F1380105F187
:1097A00016000DF0C5FA002385F8353095F83430F1
:1097B000B3B105F138063046F9F786FC80B10522D1
:1097C00005F11701304608F045FF30B1012385F857
:1097D0003530B5F852300A33EB86002385F8343043
:1097E0000023E38063712368D3F888303BB940F2EB
:1097F000AB21ADE702B0BDE87040FFF71DBD03F03F
:109800002DFB3C4B186804F085F8236893F90F0092
:1098100003F030FC2368FF20197C03F0BBFA2368B7
:10982000186803F02DFC2068B0F8522050F8161B81
:109830000DF096FA207303F02DFCA06804F080F878
:109840002368586804F060F8236803F124019868DD
:109850000AF0A6F888B123689A7B4AB19889C0F3C8
:109860000B000FF075F923689A8960F30B029A8157
:109870002368002283F82C2004E0236893F82C301E
:10988000002BE8D10121A068FFF7EAFC236893F8D8
:109890002D20AAB1D3F88820002101A8137813F055
:1098A000C00F14BF9B0903238DF804301378C3F352
:1098B0000402DB008DF805208DF8063003F09AFADB
:1098C000236800201A7C0C4B33F812104FF47A7383
:1098D00001F5FA71B1FBF3F1903103F067FD2068F7
:1098E00040300FF08BFF0123237102B070BD00BF29
:1098F00018130021B4060021065403012792020127
:109900001D9202013595010151920101C792020198
:10991000319202014197010139920101399201010D
:1099200091DC01011992020108B50022034B1A6073
:1099300003F07CFFBDE8084007F062B8281300215F
:109940000B2808B504D940F2B5310620E7F7C8F86E
:10995000014B33F8100008BD1054030101490FF00A
:10996000DBBD00BFFB96020101490FF0D5BD00BF72
:10997000839702012DE9F043044689B00F469146D2
:10998000037C012B7ED102463F49007905F086FD1C
:1099900020B94FF4FA710B20E7F7A2F805F092FD19
:1099A00005460E46F0F7D8FD49463846A762F0F75F
:1099B00069FD0146804604F12000F0F727FD40F6DE
:1099C000B8302D1846F10006B9F1010F4BD1F0F770
:1099D00047FD8269002A4FD0206B7B1E90460344CE
:1099E000B3FBF0F34343DB1BD2E9000761EB01015A
:1099F000181841EB0701226BCDE90056F0F76AFD1C
:109A00000746B8F924000221A4F844000EF0DFF85C
:109A1000B4F844303F18A3EB0003A4F844304FEAF5
:109A2000E07343F100037D1946EB0306F0F79AFD5E
:109A300020460FF083FC0027A36803905B68206832
:109A40008DF8087098478DF811708DF81000CDE9E9
:109A5000065602232374204602A90FF09CFC3846C8
:109A600009B0BDE8F083B8F1000FDFD098E80B0033
:109A7000181841F10001BEE7B8F1000FD6D0284612
:109A80003146B8E70C20EBE7FB9602012DE9F047E1
:109A900086B00446174698460E9D037C012B4CD198
:109AA00002462749007905F0F9FC20B940F24F2120
:109AB0000B20E7F715F8B7F1C906BDF840304FF0B5
:109AC000000A48F1FF39A3857619BDF83C3049F109
:109AD0000009A4F84030C4E9087804232374294617
:109AE00020460FF0D2FCA36805468DF800A0206840
:109AF0001B68984700F5D870A36800EB45005B68C9
:109B0000019020689847761B8DF80800694669EB3C
:109B1000E57320468DF809A0C4E90C78CDE904630B
:109B20000FF014FC48B1049B059AC93342F10002BE
:109B30005B1942F10002C4E9083206B0BDE8F087C3
:109B400083970201024610B5072927D8DFE801F004
:109B50000426261417202923438A013343820FF059
:109B6000C0FD936818B9DB68BDE8104018479B68D2
:109B70001068BDE81040184783685B69F4E7094B3B
:109B80001B68002BF0D140F251110B20E6F7A8FF23
:109B900083681B69E8E74FF4B171F6E740F265119D
:109BA000F3E710BD2813002138B504460D46037CA9
:109BB000062B0AD1052303740E490246007905F0ED
:109BC0006DFC38B94FF44D7101E040F231310B209A
:109BD000E6F786FF3DB1204600210FF0B2FCBDE85C
:109BE0003840FFF7A1BE20460121BDE838400FF004
:109BF000A8BC00BF83970201418A10B50131848D52
:109C0000091B09040CD5D0E90810521A054963EB69
:109C100000038A4273F10003ACBF0120002010BD95
:109C20000120FCE70140420F30B5D0E90C14C56BB0
:109C3000511A63EB04048D424FF00001A1410CD393
:109C4000D0E90810521A064963EB00038A4273F107
:109C50000003ACBF0120002030BD0120FCE700BFA5
:109C60000140420F014B1874704700BF2C130021B4
:109C700010B5B0F8A2000C460F21E7F7EBFF30B1AA
:109C8000447610300249BDE810400DF0ADBE10BD65
:109C9000FD7701011A2337B505460B7030F8340CF7
:109CA0000C4615F82A2CA1F8030015F8323C4B712C
:109CB00015F8313C8B7112B143F002038B7115F82A
:109CC000233C002B3FD00721E7F7C4FF18B940F22F
:109CD000DF110D203EE090F8353040F2E24142685D
:109CE00063748368B2FBF1F2B3FBF1F3A2747D22DB
:109CF000E374C368B3FBF2F3237515F8253C2BB16D
:109D0000013BDBB2032B22D8224AD35C637340F2BF
:109D1000E242EB6BB3FBF2F3E38195F85630237428
:109D200055F8303CC4F8073035F82C3CA4F80B301B
:109D30006B7AA37053B305F114000FF0AFFD58B167
:109D400040F20921C5E76374A374E374D4E740F2D9
:109D50000B310620E6F7C4FE052135F8340CE7F791
:109D60008FFF10B140F20D21B3E704238DF80430CA
:109D700002238DF8053000209DF8043063F30700BE
:109D80009DF8053063F30F2003B030BD04228DF839
:109D90000420EEE750540301F8B5174B1B68DE7D35
:109DA0009D6E93F83840F31E012B1ED82401032624
:109DB00004F5E7743046A5F5887504F09FF90F4B5C
:109DC0000544304603EB86032C1B5F6804F09EF9C4
:109DD000C0F579704FF47A7303303844B0FBF3F078
:109DE0002044BDE8F84003F0E3BD022E0BBF0B3466
:109DF0000A34A400E400DDE74013002150540301BD
:109E000038B5104C0022236893F8375083F8372078
:109E1000052D02D1188900F0D1FD206850300FF0D7
:109E2000C8FC08B1042D05D12068BDE83840503089
:109E30000FF001BD206801215030BDE83840FFF728
:109E4000B3BE00BF40130021034B1B6893F83730AB
:109E50000BB1FFF7D5BF70474013002170B5164D09
:109E600006462B68188900F0C9FC044618B9FFF7AC
:109E7000C7FF204670BD02F0F1FF104B186803F0D9
:109E800049FD2B68FF20D97D02F084FF2B681868FC
:109E900003F0F6F8304603F0FDF8204603F050FDDD
:109EA0002B68586803F030FD2B680120C921DA7D4A
:109EB00003F07CFA0120DDE740130021E0060021D9
:109EC00010B5447D4CB980F845103C3005490DF083
:109ED0008EFDBDE81040EDF7B1BB034BBDE810406F
:109EE0001B681847959C0101DC06002110B5134C36
:109EF000236893F83A2052B9DA7D042A07D1012168
:109F000043F2D20083F83A1007F0CCFC18B1BDE858
:109F10001040FFF775BF2268906E00F5435300F5BF
:109F20003F5012331230936607F01AFC20B940F20A
:109F30000A410D20E6F7D4FD10BD00BF40130021FB
:109F4000014B024A1A607047DC060021719C010136
:109F5000044B054A1A60054B054A1A60054B064A30
:109F60001A607047C006002145B80101C4060021EF
:109F70002DB80101BC06002121B80101014B024AA4
:109F80001A607047E0060021CC06002138B50C4667
:109F90000546A8220021204608F038FC284600F09B
:109FA00015FC41F6FF732581A383024B2465A3654D
:109FB00038BD00BFE0A3010170B5104D0C4607216C
:109FC000E7F75EFE2B68C3B194F83930ABB10C4BA8
:109FD0001B6823B940F27E210D20E6F781FD9847EA
:109FE0000A2180B2E7F736FE10B940F28121F3E78B
:109FF0002B683E21BDE87040184770BDC4060021A3
:10A00000BC0600212DE9F0435E4D074685B00C46A5
:10A01000286850300FF0C8FB78B1022138460DF0A7
:10A020001CF92A680146107E0FF01BFD014600282E
:10A030003FD000211046FFF743FF394628680FF054
:10A040001FFDF9F705F8022C814607D002F03EFE0D
:10A0500001462868002250300FF061FB2B68DE7C3F
:10A06000AEB1032138460DF0F8F8631E012B0ED96E
:10A070002A68137D5BB160B34178037801F00F016A
:10A08000968B43EA0123F61A938318BF01263E4BB1
:10A090001A683AB32A6892F839201AB31B6838460E
:10A0A0002968984780460EBB00BB631E5C425C413A
:10A0B0000BE002F150000FF0CFFB2868847D0CB15B
:10A0C000002402E01A21FFF7FBFE204605B0BDE8A0
:10A0D000F0831E46DBE7022CF2D12B68188900F0D2
:10A0E0006DFCEDE7002EE0D04FF000082A6801205B
:10A0F000B2F8623011890190CDE90268567E4A4675
:10A10000464038467642F6B2009600F089FB81461A
:10A1100030B1B8F1000F03D02B68002283F839204A
:10A12000012CD2D0042138460DF097F80646B9F13B
:10A13000000FD0D00028C3D082785F2A4FEA521196
:10A140002A6894BF114B0023D27D9CBF5B181B7EF5
:10A150009A42C2D102F094FD96F90030B278002BF9
:10A16000737802F01F02ACBF1E214FF4967143EAD0
:10A1700002234B431A1AB2F5877FAED39842ACD86C
:10A180000424A2E740130021C0060021505403011B
:10A190002DE9F041354D07460E462B68188900F031
:10A1A0002DFB044620B940F253110D20E6F798FC30
:10A1B0001FB116B90DF02FF918B9BDE8F041FFF73E
:10A1C0001FBE237803F00F03072BF6D1E3789B091A
:10A1D000F3D1032120460DF040F828B12B684278D6
:10A1E0009B7AB3EB121FE8D12B6893F83730032B1F
:10A1F00005D0052B13D0022B13D1002100E0012143
:10A200002046FFF7FFFE2B68012883F837000BD0AC
:10A2100004281BD00028D0D04FF4CF71C5E702210D
:10A22000EEE740F27F11C0E7114C226812B940F20C
:10A230008D11BAE707211889E7F70CFD10B940F234
:10A240008F11B2E72368BDE8F04118470146204668
:10A250000DF003F8014628680B78C3F3050380F876
:10A260003630BDE8F04100F0C9B800BF401300210E
:10A27000C8060021F8B52E4D00232860503000F8A4
:10A28000163C0FF091FA20B12B68FF2283F838209A
:10A290002BE02868C67D042E08BF03260FF0A6FB1E
:10A2A000074607F0ABFA032E04463AD0022E0CBF45
:10A2B0004FF47F704FF4FF608442394628BF044654
:10A2C000204607F0EFFA2B6880BB9A6E032E2244DB
:10A2D0009A6629D0022E0CBF04200820B4FBF0F4AB
:10A2E000FF2C28BFFF2483F8384028680FF0F9FBC3
:10A2F0002868B0F8622050F81E1B0CF031FDFFF703
:10A30000ADFD28B1FFF748FD286850300FF076FA10
:10A310002B685A7E002A14BF0322022283F83720BA
:10A32000F8BD4FF47F60C7E71020D7E70022ADE704
:10A3300040130021002310B580F83A30FF230A4C67
:10A3400080F838300523206080F8373090F83600E8
:10A35000FFF784FD38B1206850300FF04FFABDE8A8
:10A360001040FFF719BD10BD40130021002370B548
:10A3700080F83A30FF23124E0D4680F8383005231E
:10A38000306080F83730008900F038FA044620B990
:10A3900040F20A310D20E6F7A3FB336893F836004C
:10A3A00002F078FE336829460120DA7D02F0FEFFD4
:10A3B000204603F0C5FABDE87040FFF7EDBC00BFD2
:10A3C00040130021014946300DF011BBA99902014B
:10A3D000442302493C3043720DF009BB959C0101B6
:10A3E000239A0201ED99020175A20101019E01016A
:10A3F000ED9E010191DC01010D9B02012DE9F04F61
:10A4000004468BB00F4690F86030072B02D10FF056
:10A41000A0FB7CE002F05AFC814602F031FC97F987
:10A4200000307D784FF00008002BBB78029003F0DD
:10A430001F03ACBF1E224FF4967245EA03253B78FA
:10A440005543DA0914BF4FF496721E2213F0400FE1
:10A4500002EB050B019214BF32264FF4FA760BF093
:10A4600079FF8119584689B210F0C0FF039006F0B9
:10A4700057FC19EB0006A36F41F1000AD4E91C1048
:10A48000691A60EB400089194AEB00008B4278EBB7
:10A490000003039B01D22046B9E7029811334844D8
:10A4A0005A00039300F50170A84236D23D4904F1E9
:10A4B000500002920FF008FAA16D206D09688847DC
:10A4C000019B029A03F5D877A16D8DF8108017448F
:10A4D00049680744206D05978847039BC93E8DF85E
:10A4E0001800A5EB030394F854004AF1FF318DF8EE
:10A4F00019809B1941F10001CDE9083104A906F04A
:10A5000009FD18B99F210C20E6F7EAFAA766A36DAA
:10A51000DB680BB0BDE8F04F184709F5D8739B44D2
:10A52000E37D042B21D0032B22D0022B40F64800E0
:10A5300008BF4FF4856093448344A06E83451AD8C6
:10A5400097F900302046BA78002B7B7802F01F0282
:10A55000ACBF1E214FF4967143EA022301FB039125
:10A560000BB0BDE8F04FFFF701BF44F29020E2E7E7
:10A5700041F2BE10DFE7ABEB000B0121BBF1400F56
:10A5800038BF4FF0400B584607F08CF9002882D1B5
:10A59000A06E5844A066A0F5807007F0E1F800288E
:10A5A000CED178E7679B02012DE9F047DFF898816B
:10A5B00086B00C46D8F80070B8F80430C51BB5FB5F
:10A5C000F3F5EDB203FB0577384609F019F80646B6
:10A5D00018B9E5210E20E6F783FA014605AA3846A8
:10A5E00009F01CF8304609F01FF80C230646052137
:10A5F0005D43D8F808302B449888E7F72BFB0028F8
:10A6000000F08F80F2791ABBB179DFF84091D9F868
:10A6100000A0BAF1000F1DD0737903B9D1B1D8F8F9
:10A62000082005991544B279A88800922246D0479F
:10A63000002210F47F4FC4B2C0F30723727179D1A6
:10A64000384608F0F3FF00286FD140F20D11C1E742
:10A650000021DAE7002A66D01C23DDF814A023705D
:10A66000D8F808302B449B886380C37C002B69D0CA
:10A670007388A4F8073033796372737CFF2B08D199
:10A680007F22A371A372002322716271E3720424FA
:10A69000D6E7062150460CF0E0FD68B373785BB353
:10A6A00090F90030237102213378504663710CF029
:10A6B000D4FD18B303789B09A371F422D8F80830AD
:10A6C00004F10C0150462B441B7A0CF02AFED8F8FA
:10A6D0000830E0722B441A7A1044187250460CF07D
:10A6E00018FED8F808301D442B7A834208D0012385
:10A6F000A372042401231DE07F23D3E7FF23DBE7BC
:10A70000737CA37200232B72D9F80030002BBED0CB
:10A710002C2150460DF084FE0028B8D0012373711F
:10A72000E7E704468CE714468AE70021384608F03C
:10A73000C4FE0023002064F3070063F30F2006B07B
:10A74000BDE8F0871C467BE744130021E4060021A6
:10A750002DE9F84305460E464FF4817012219146CB
:10A7600008F029FE041E2CDB25B904F10C0070430F
:10A77000BDE8F88315F0030704D04FF492710E2062
:10A78000E6F7AEF90C22DFF8408006FB04503946AC
:10A790007243C8F80050C8F80800A8F8044008F050
:10A7A00035F8BE42E1D0B8F804504B46D8F8000066
:10A7B00012224FF4817107FB0500013708F0A7FD55
:10A7C000EFE74FF0FF30D3E74413002138B50A4DCF
:10A7D0000521E7F799FA04462B68A88804FB0030A6
:10A7E00008F0B6FD0C20A968002344430A190B5158
:10A7F000D380138138BD00BF4413002108B5052163
:10A80000E7F782FA054B4FF481719A881B6800FBC9
:10A810000230BDE8084008F0ABBE00BF4413002181
:10A820002DE9F04F87B08A46624C8146052150469B
:10A830009DF84480CDE901239DF840300093E7F76F
:10A8400063FAA3880546266800FB0366009BFF2B7E
:10A8500009D1304608F054FE012833D1002528469E
:10A8600007B0BDE8F08F4FF0000B01223CE0C1467D
:10A8700058E0BBF1000F06D184F811B0A2F806B081
:10A8800041F805B088E09BF802309BF8010003F026
:10A890001F0350EA03230BBF02200123607463747B
:10A8A0000BBFD3804C514B5182F8099074E0637C0C
:10A8B000012BD4D0002323743F4904F108000DF08C
:10A8C00096F8CCE7042148460CF0C7FC83460028E4
:10A8D000CBD09BF802209BF8011002F01F0251EA36
:10A8E00002230CBF012200220C20A16803924543E1
:10A8F00030464F5908F0FDFD18B9039A57EA020394
:10A90000ACD00DF1120205A9304608F0A3FE05985F
:10A9100008F08AFE0446B8F1000FA8D048460CF0B3
:10A92000F8FC8146234940F2726E886800EB050C02
:10A93000BCF806204A44724590DC019BB7FA87F7C1
:10A94000ACF806209DF84C207F092370029BA27171
:10A9500063809DF84820009B677000272371E27197
:10A96000425967714AB1507C012806D117748A6830
:10A970001149505908300DF03AF80E4A91684A19B9
:10A98000A2F804A0B8F1000F7FF473AFFF23637443
:10A99000A2F8068041F8058001224FF4817130460B
:10A9A00008F00FFE0546002881D173210E20E6F73E
:10A9B00097F800BF44130021A9A5010170B50C242C
:10A9C0000E4E0521E7F7A0F9B3684443185998B132
:10A9D0000379FF2B04D04FF4EB710E20E6F780F8DB
:10A9E0000223437400250574054908300CF0FFFF6D
:10A9F000B3681A19D5801D5170BD00BF44130021E2
:10AA0000A9A50101014B024A1A607047E406002122
:10AA10000DBE010138B5164C23680BB1F0F754FA9E
:10AA200001F0D0FFA06890F83030022B04D1C03084
:10AA3000BDE838400EF0FFBE0269037D013290F898
:10AA40004C1043F10005A2FB012305FB0133DBB2EF
:10AA50000FF03CF9A0680FF07BFB10B1A368012256
:10AA6000DA75A068BDE83840C0300EF0D4BE00BF33
:10AA70007013002138B5044690F84C100FF00FFA0F
:10AA8000054694F8303094F86500022B0CD103F0A1
:10AA90003DFB00F52143183303F2E7334FF47A709E
:10AAA000B3FBF0F0284438BD034B33F8103003F506
:10AAB0006E532033F0E700BFB05403010C4B30B5A8
:10AAC0009D6895F84C4095F84E50B1FBF4F29542D4
:10AAD0000CD990F8F850187B854207D104FB12116D
:10AAE000587BC9B2431A5842584130BD0020FCE798
:10AAF0007013002138B590F83030032B0ED190F848
:10AB000065204FF47A70174B33F8122002F5FA7271
:10AB1000B2FBF0F201F19000104438BDF9B1124DD2
:10AB2000D0E93834D5E904051B1A64EB050458183C
:10AB300044F10003801A63F10003002B04DA40F2B1
:10AB400073114D20E5F7CCFF6FF0010282424FF008
:10AB5000000272EB0303E0DA4FF4BA71F1E7C920A7
:10AB6000DBE700BFB0540301701300210A4B37B577
:10AB70009C6894F83450A36D013D94F8362094F805
:10AB8000321094F894005D43646D00940FF070F9F6
:10AB9000401B03B030BD00BF7013002109B9FFF79F
:10ABA000E5BF054B9B6893F83420891AD3E9153229
:10ABB000584302FB010070477013002170B5214E0D
:10ABC000B26892F83050022D39D1D2E93843D2E937
:10ABD0003C12641A63EB0203241843F10003012CB6
:10ABE00073F1000204DA4FF4FA714D20E5F778FFB3
:10ABF0004FF0FF32A2424FF0000272EB030302DA81
:10AC000040F2F511F1E7337EB3B90BF0A3FBB36863
:10AC100093F802210B2A03D940F2B5310620E5E76B
:10AC2000094B112503EB420359890144204689B29F
:10AC300010F0DCFB284470BD32210846F5E7002007
:10AC4000F9E700BF70130021B054030138B5044682
:10AC500090F8650002EB410503F050FA94F8652086
:10AC6000104B4FF47A7103EB82035A6A02F2E73217
:10AC7000B2FBF1F22A44851804F1C0000EF094FDF5
:10AC800058B194F8953033B1012B08D040F27B31A4
:10AC90000620E5F725FF1E231D44284638BD4FF446
:10ACA0009673F9E7B05403012DE9F04110F0100854
:10ACB00005460E46314C15D0E069836D83B1A56819
:10ACC00094F8203095F84C1095F84E50B3FBF1F203
:10ACD000954205D990F8F80001FB12332073637395
:10ACE000BDE8F081A0680123C030237684F82130CC
:10ACF0000EF05AFD15F008073CD018B14146A06887
:10AD000000F094FD15F0400814D0FFF72FFF024625
:10AD1000A0683146C0300EF002FD002FE0D0B8F13F
:10AD2000000F15D0F0F75CFA0146A068BDE8F041CD
:10AD30000FF07AB9E36923B94FF4E9714D20E5F7D3
:10AD4000CFFE93F8F81094F82000FFF727FFDEE716
:10AD50006B07C5D594F82230002BC1D1F0F740FA2B
:10AD6000A2680378517DC3F382038B42B8D00123DC
:10AD7000D375B5E70028B3D1C4E700BF7013002135
:10AD80007FB5154B0E4605466846996891F84C40CC
:10AD900091F84E2091F84D30B6FBF4F4A24296BFE4
:10ADA000C2F101020023A41832469CBFE4B26343FF
:10ADB0000FF011F900989DF80420D5E9001388429E
:10ADC00072EB030305D331462846FFF777FE04B044
:10ADD00070BD0120FBE700BF701300212DE9F04199
:10ADE00016460546164F5DB1013105F1E808CCB2B3
:10ADF000BB6893F83520A24206D8D5F80051DDB9DA
:10AE0000FF230025337004E093F83030022B03D089
:10AE100034702846BDE8F08121462846FFF7B0FF90
:10AE20000028F5D023460134D5F8EC204146B86817
:10AE3000E4B20EF05CFFDBE7A5F58075FF21D2E7F9
:10AE400070130021F8B5204F0D461646BB6868B94F
:10AE5000D3F890400CB1A4F58074B86890F8353000
:10AE6000AB420FD8FF230024337016E0D0F8004126
:10AE7000002CF0D1D3F890400CB1A4F580740135CA
:10AE8000EDB2EAE724B94FF481714D20E5F728FED1
:10AE900090F83030022B02D035702046F8BD29469C
:10AEA0002046FFF76DFF0028F6D0D4F8EC2004F11F
:10AEB000E8012B46B8680EF01AFFD4F80041002CC8
:10AEC000C9D1BB68D6E700BF701300212DE9F04F50
:10AED0000C469B463F4D002387B011462B60002C4B
:10AEE00060D0AB680DF1170293F89430BBBBFFF74D
:10AEF00075FF0446A868ACBB90F818A0BAF1000F23
:10AF000050D02346D0F80C2100F584710EF0EFFEEE
:10AF1000AB680746D3F890400CB1A4F580744FF0AD
:10AF2000000803F5867983F81880FF238DF8173021
:10AF300041469DF81700FFF731FEAB6806465146C3
:10AF4000184603930EF0DDFE6A6A3044904229D819
:10AF5000039BB4B940F2E1214D20E5F7C1FDFFF7B5
:10AF600071FFC6E7A1469DF8173004F1E8014FF0E4
:10AF7000000A59F8EC2F0EF0BAFE94F8F880074654
:10AF8000D6E793F830309DF81720032B2C602A71F8
:10AF900085F80580AF7108D123464A4639463046C8
:10AFA000F0F7C0F807B0BDE8F08FA6EB0B06642100
:10AFB000304610F01BFA0230864202D84FF43F713F
:10AFC000CAE723464A463946301ACDF800A0F0F7C2
:10AFD000DBF8E7E7701300212DE9F04F854C0023E3
:10AFE00091B081460E46014694F8200084F8213045
:10AFF0000D92FFF7D3FD8246FFF7E0FDA56883467B
:10B0000095F83630022B97BFD5F8E8306B6D5B08AA
:10B01000963B984211D305F1C0000EF0C5FB38B144
:10B020003E21A06800F002FC012011B0BDE8F08FC5
:10B030000821A06800F032FCF6E7B9FA89F1284649
:10B0400049090EF05EFE636A50449842ECD82368CA
:10B05000B9F1000F6ED1002B69D14B46D5F80C2108
:10B0600005F5847128460EF042FE0B90A16800277A
:10B0700001F5867391F84C000D7DB8460E930B696F
:10B0800091F83010A3FB0032032900FB05223D4656
:10B090000CBFC6F8D030C6F8983002F0FF020BBFE4
:10B0A000D6F8D430D6F89C3062F3070362F3070376
:10B0B0000CBFC6F8D430C6F89C3004230C93A368A8
:10B0C0005A46514618460F93FFF714FD0F9B014651
:10B0D0002A4693F8300068330696CDE907630E9B45
:10B0E00005930B9B0B9104930C9BCDE90058CDE984
:10B0F00002734346EFF7F0FE0B99002894D00D9BA6
:10B10000002B75D0A06890F83030032B6ED00A4623
:10B110005946FFF79BFDEFF78BFF364A3046534603
:10B1200092F820204946FFF7D1FE00207DE7A37961
:10B130000B939BE7002B44D194F8203006F1E801F3
:10B14000D6F8EC2028460EF0D2FD0B90A1680D9B9E
:10B1500094F820200C9391F84C3091F84E0091F81F
:10B160004D70B2FBF3F3984297BF1B1A00270133CF
:10B17000DBB298BF5F4391F83030022B3B460CBFE7
:10B1800006F1980006F1D0000EF025FFA06890F8B7
:10B190003030022B18D190F83450826D013D6A4353
:10B1A000D4E90453AD1A63F10008B5EB0A05D0F8F1
:10B1B000E83068F10008E3FB075806F1EC030E9352
:10B1C0007DE7A3790B93C1E70EF0BBFEA168C01B1E
:10B1D000D1F8F0104FEAE07CA1FB0008D4E904327A
:10B1E00001FB0C881D1A62EB0808E6E7002092E7D5
:10B1F0000D981AE7701300212DE9F04310F00207B3
:10B2000087B08046854C11D0A068C0300EF0CCFAD3
:10B210003D2138B1A06800F009FB07B0BDE8F0435C
:10B22000FFF7F8BBA06800F039FBF6E7E669002EEF
:10B2300042D0A36894F8201093F84C0093F84E2065
:10B24000B1FBF0F0013A904215D193F83030032B66
:10B2500020D1D6F8D020304696F8D430013243F1D0
:10B260000003DBB20FF0F0FFD6F8D020304696F89E
:10B27000D4300FF0ECFF18F001081FD0002FCCD015
:10B2800097F83130002BC8D1654907F129000CF03F
:10B29000AEFBC2E7D6F8985096F89C20D6E900039A
:10B2A000854272EB0303E6D33046FFF707FC002824
:10B2B0000CBF37460027DEE73746DCE7A06890F88A
:10B2C0003030022B04D1C0300EF06EFA0028D5D1F8
:10B2D000A36893F83020022A38D1DA7D7AB394F843
:10B2E000222062BB93F84F5093F8321093F8362027
:10B2F00093F89400029593F86550D4F82490019542
:10B300005D6D00959B6D0EF0BAFDA0EB0909054639
:10B310000121484606F0C6FA58B9A0686562D0F81F
:10B32000D820C0304A448261012200F8A82C0EF0D7
:10B3300065FA0123002284F82230A368DA752068B8
:10B3400020B194F8213033BBEFF7BEFD2568002D06
:10B350005DD1A3680DF1170294F82010304693F8E0
:10B3600094305BBBFFF73AFD9DF81730054684F833
:10B37000203030B390F8F880294601224046FFF78C
:10B380002BFEB8F1000F00F1FF3308BF0025E56187
:10B390005D425D4119E06379002BD7D02179FFF739
:10B3A000EFFC0028D2D0EFF78FFD02F0B5F923793A
:10B3B000266884F8203000232360C7E7FFF742FDAA
:10B3C000D2E7A3681A7EBAB90125A36893F8303092
:10B3D000022B02BFFF23237363733FB197F8313011
:10B3E00023B90F4907F129000CF001FB002D7FF470
:10B3F00014AF07B0BDE8F083FF22D3F89050187661
:10B4000084F82020002DDFD0A5F58075B4E72379DE
:10B4100094F8058084F82030AEE700BF7013002157
:10B42000C1A602012DE9F04190F830200021734CB3
:10B4300086B0032AA060217684F82210216008D10A
:10B440000269037DFF2B08BFB2F1FF3F01D100F07D
:10B4500031FAA068B0F8D230C289C3819A1A037D4C
:10B4600091B20269521890F8301043F1000302299A
:10B47000026103F0FF0303755CD1FF232373637341
:10B48000A0680EF035FEA56895F83030032B5BD12F
:10B49000AA7D002A58D001272F76384606F0AEF94B
:10B4A00095F84C10804628460EF0F9FC95F830309F
:10B4B0006062032B50D1AB7D002B4DD095F84F30FF
:10B4C00095F8362095F8321095F89400029395F887
:10B4D000653001936B6D0093AB6D0EF0D0FC666A26
:10B4E0003946861B464528BF4646304606F0DAF9FF
:10B4F00038B9636A33446362D5F8D8303344C5F849
:10B50000D830A36893F8942062BBD3F8900008B1B8
:10B51000A0F580700DF11702FF21FFF75FFC9DF889
:10B520001730054684F8203018BBFFF773FA06B0D1
:10B53000BDE8F08190F84C50A5FB022105FB0313F8
:10B54000DBB20EF0C3FB9BE7032B4FF000020CBFF6
:10B55000012702272A76A0E795F8351028460EF035
:10B560009EFCBCE700210DF117020846FFF76AFCBC
:10B57000D5E701F073FCEFF7A7FC21492148EFF76D
:10B5800099FC05F0CDFB0022C4E90401294695F899
:10B59000F800FFF721FD064658BB95F8F81094F81F
:10B5A0002000E561FFF7FAFA0546FFF707FBD4F83C
:10B5B00008800246074629464046FFF79BFA98F85E
:10B5C00030300246032B12D039464046FFF73EFB8F
:10B5D000EFF72EFDA068C0300EF010F9E0692B46A1
:10B5E00094F8202090F8F810FFF770FC9FE73046A1
:10B5F000EEE70120FFF700FE99E700BF701300217E
:10B60000F9B10101A9AC01010D4A03789268D17D1D
:10B6100030B5447831B1517D00250131D57501F047
:10B6200007015175517D03F00303127E01F00701FC
:10B63000447043EA810343EA4213037030BD00BF04
:10B6400070130021024B014698680EF020BD00BF28
:10B6500070130021014B024A1A607047E80600216E
:10B6600070B60101014B1868704700BFE806002161
:10B6700075AA0101D19B020125B40101C99C0201F7
:10B68000C99C020191DC0101D59B020128220346DD
:10B6900010B50A700024427ACA7010F87F0C0C753D
:10B6A0000871002A51D113F8682C0A7213F8672C1C
:10B6B0004A7213F8662C8A7213F8502C4A7113F8E8
:10B6C0004F2C8A7113F84E2CCA7113F84B2C013A87
:10B6D000D2B2032A32D82148825CCA7213F87A2C7B
:10B6E0000A7313F8642C4A7313F8632C8A7313F8E3
:10B6F000622CCA7313F8602C0A8213F8802C022A79
:10B7000021D19A6B40F2E240B2FBF0F24A8213F888
:10B710007E2C53F8203C0A75FBB1A3F58073002200
:10B72000D0B2B3F8FA40D3F8003101EB4000A0F8F2
:10B73000154093B1A3F580730132F1E740F20B316C
:10B740000620E5F7CDF91A6CDCE70A21E6F798FA4E
:10B7500018B14FF4D5714920F3E710BDE854030147
:10B760002A2238B50A700346427A002510F8800C68
:10B7700002280CBF9C6B1C6CCA7013F87F0C0D74F4
:10B780000871A2BB13F8680C487113F8670C887134
:10B7900013F8660CC87113F87A0C087213F8640C6D
:10B7A000487213F8630C887213F8620CC87213F8AD
:10B7B000600C53F8203C888140F2E240B4FBF0F486
:10B7C000CC8163B1A3F5807301EB4200B3F8FA407A
:10B7D0000132D3F80031D2B2A0F81140F1E70A7477
:10B7E000084BFF221A700022074B1A7038BD0A213D
:10B7F000E6F746FA0028F3D04FF4A8714920E5F7A0
:10B800006FF900BF2C00002198130021024B002289
:10B810001870024B1A7070472C00002198130021F9
:10B82000014B1878704700BF2C00002180F8B91038
:10B8300090F8B8301BB90249B0300CF0D5B8704759
:10B8400061B70101F8B50E462C210CF0E9FD114D50
:10B850000446B0B92B780133DBB2052B02D82B702C
:10B860002046F8BD0C4F0A2128703878E6F7F2F927
:10B870003E21FFF7DBFFFF232C703B7086F8394039
:10B88000EEE7002301202B70D6E92023C5E902232F
:10B89000E7E700BF981300212C00002190F8B83092
:10B8A0002BB980F8B910B03001490CF09DB8704741
:10B8B000599D020180F8B910B03001490CF094B8DC
:10B8C0008DB6010180F8B910B03001490CF08CB888
:10B8D0007D9D02012DE9F04FDFF880B28DB0054665
:10B8E0000E469BF800000A219046E6F7B3F904469D
:10B8F000002800F07A82EA7E5F2A4FEA521197BF51
:10B90000974B00275B181F7990F84F30434504D0C0
:10B9100025212046FFF78AFF61E22979CB0600F056
:10B92000708290F835301BB1B3EB511FC0F26982C1
:10B93000EA7812F0F80F00F0648211F0E00F00F0E6
:10B940006082AB7A13F0F00F00F05B8295F801C0D3
:10B9500028780CF03F031CF0400F40EA032000F071
:10B96000FA8040F26563984240F24B82AB7802F075
:10B9700007025B0043EADC1343EA422340F67C42C1
:10B9800003F6FC73C3F30B03934200F23A82EB7AA3
:10B99000013BDBB2FA2B00F234822B7DEA7C1B01E7
:10B9A00053EA121300F02D826B7C02F00F02A87C88
:10B9B00043EA002343EA0243FE2B40F222823F295E
:10B9C0004FEA511210D90AAB95F82010E86901939B
:10B9D00008AB01F07F010093002306F0B5FDDDE91F
:10B9E0000A23134340F00D822B7903F01F025B09F9
:10B9F000B2FBF3F103FB1123002B40F00282AB7A80
:10BA0000B1EB131FC0F2FD8104D0EB7913F0F00FFE
:10BA100000F0F781D5F817300AA8EA7E190A8DF8E8
:10BA20002830C2F304028DF82910190C1B0E8DF872
:10BA30002C208DF82A108DF82B300BF093F800286D
:10BA400000F0DF8138460EF070F98146002840F0A2
:10BA5000D881EB7894F83310C3F3C402B1EBD30F61
:10BA600000F2CF812B7984F83220C3F3040384F8E9
:10BA700036302B79C3F3421384F84C30EB79C3F39F
:10BA8000031384F84D30AB7AC3F3031384F84E30BC
:10BA9000EB7A84F85030AA796B79697A43EA022309
:10BAA000EA79A87C02F00F0243EA02432A7A42EACA
:10BAB0000122A97A636501F00F0142EA0142697C23
:10BAC00041EA0021E87C9342A26500F00F0094BF98
:10BAD0000023012341EA0041E87CE165297D090159
:10BAE00041EA1011A4F8521095F8201084F86570FE
:10BAF00084F89430C1F3C0116B7884F8641049461F
:10BB0000C3F3801384F84F8084F89530D5F80D0086
:10BB100008F046F9C4F80C01B5F8153094F8352052
:10BB20001B0284F81481A4F81690C4F81031FF2386
:10BB300084F81890637594F836300AB1934201D2B4
:10BB400084F83530B8F1000F1AD05EB940F24331B5
:10BB50004920E4F7C5FF132806E700BF2C000021A9
:10BB6000E8540301336804F1780206F1080104F196
:10BB70003800C4F888307368C4F88C3000F024FDB5
:10BB80002A7995F8201002F0E003E869C1F3060174
:10BB9000202B40F0AC80013841F1FF310023AE781A
:10BBA00001F07F0194F84F20A4F8D2307600E381B1
:10BBB0006B78206146EAD316EB78217503F0070312
:10BBC00094F8651094F8500046EA432640F2E243A8
:10BBD0005E43C4F8E8600EF0BAF894F8322094F8A6
:10BBE000363002F1FF3CA26D616D05925A1E4A4348
:10BBF000059901FB0C2294F84CC094F86410104491
:10BC0000E26DB3FBFCF394F84EC02066A3EB0C038B
:10BC100094F84DC00CFB03F303FB066303440029B7
:10BC20006DD013444FF0060CA364D4F8FC300CFB29
:10BC300006FC63452CBFC4F8FC30C4F8FCC00029E6
:10BC40005FD0324402EB0008D4F89060002E5AD046
:10BC500016F8081CA6F58076D5F80D0008F0A0F8B7
:10BC600096F8F830C6F8EC00B5F8152095F82010D5
:10BC700043EA0223EA6986F8A870C6F89820C6F855
:10BC8000F030C1F30603D6F89C0001F07F0161F3A8
:10BC90000700C6F89C0094F864C0B4F8521086F807
:10BCA00024C0B18294F85010A87CB17594F84C105F
:10BCB000F17594F84E103176697C41EA0021E87CF8
:10BCC00000F00F0041EA0041F161D4F8E810C6F835
:10BCD00010803162A16CC6E90023F160BCF1000F55
:10BCE00002D130460EF0C4FCD6F80061AEE752092E
:10BCF000002306F0D1FB013861F100014EE79B1AE9
:10BD000090E78046A0E7D5F817302046EA7E190A6A
:10BD10008DF82830C2F304028DF82910190C1B0E7F
:10BD20008DF82C208DF82A100AA98DF82B300AF0F6
:10BD3000FFFF94F8651094F84F2094F85000CDE977
:10BD400006120EF004F894F894A094F8327094F867
:10BD50003690079A069905905046D4E915860292C6
:10BD60004A463346CDE9008139460EF088F894F80A
:10BD700030309630022B3BD1D4F8E830984240D88E
:10BD80000598963080453CD386423AD3BAF1000FED
:10BD900031D108FB09F8464533D36878B4F8D2208E
:10BDA0002B7810F0400F00F03F0102F1070204F180
:10BDB000C00043EA012118BF4FF4967392B208BF46
:10BDC0001E23CDE9013294F834204B43013A06FB9F
:10BDD000023300930C4BD3E90223FDF757FEFF23F8
:10BDE00000228BF80030084B1A700DB0BDE8F08FC0
:10BDF000D4F8F030C2E7BAF1010FCED17743B8459D
:10BE0000CAE7112185E500BF981300212DE9F7430A
:10BE1000804615461E469DF82890084619B9862189
:10BE20004920E4F75DFE0AB98721F9E72C210CF0DF
:10BE3000F7FA0446A8B9B9F1000F01D09121EFE754
:10BE400000238DF804308DF805309DF80430002073
:10BE500063F307009DF8053063F30F2003B0BDE8DE
:10BE6000F08303783A2B0BBF0127002700F1230151
:10BE70000021B9F1000F03D03A460230FFF72AFD46
:10BE8000002EDDD0627F5F2A4FEA521197BF2D4B03
:10BE900000265B181E7930460DF047FF0028CFD1F1
:10BEA0002723A5F80380013E2B706379F6B2C3F314
:10BEB000C403032E6B71A379C3F30403AB7123791D
:10BEC000E2784FEA430343EAD213627902F00702B1
:10BED00043EA4223A5F80730A379C3F342136B72F8
:10BEE000637AC3F30313AB72237BC3F30313EB72C5
:10BEF000637B227DAB81E37C43EA0223627DAB73EB
:10BF00004FEA1323EB7302F00F03627D2B74A37DC2
:10BF10004FEA031343EA1213A5F811300ED8094B68
:10BF20008DF805009B5DEB7494F822306F75C3F3B8
:10BF3000C0132B7504238DF8043086E740F20B31D3
:10BF400006206EE7E85403010346F7B520B940F236
:10BF5000A6314920E4F7C4FD90F84C500026DC8956
:10BF6000B0F8D2001F69001B1C7D013780B244F17C
:10BF70000004C01944F10004A0FB05C004F0FF0454
:10BF800005FB0400D2E91874D3F8E020D21BD3F8E3
:10BF9000E47067EB0404012A74F1000702DA40F24E
:10BFA000B631D6E76FF00107974276EB040702DA65
:10BFB00040F2B731CDE7734FBA4274F10007CF7842
:10BFC000ACBF4FF0010E4FF0000E6EF38617CF702E
:10BFD0006D4F974276EB0404ACBF1E244FF4967469
:10BFE000B2FBF4F2CC788A70C2F3052224F03F044D
:10BFF0002243CA7000228A738A7993F8364064F328
:10C00000040265F347128A714A7A93F84D4064F34B
:10C0100007124A720A7B93F84E4064F307120A73C0
:10C0200093F850204A7393F8522002F00F044A7D8F
:10C0300002F00F0242EA04124A75B3F85220C2F32A
:10C0400007128A7593F85420CA7193F855200A7222
:10C0500093F8562002F00F044A7A22F00F0222438E
:10C060004A7293F858208A7293F85920CA7293F84A
:10C070005A2002F00F040A7B22F00F0222430A73B7
:10C0800093F85C20CA7493F85D200A7593F85E20DB
:10C0900002F00F044A7D22F00F02224393F864401D
:10C0A0004A7591F8222064F3C71281F822204A7958
:10C0B00093F8324064F3C7024A71D3F89820C1F86C
:10C0C0000F20B3F89C20C1F81EC0A1F8172091F8EA
:10C0D000222060F3060281F8222093F86520013ABD
:10C0E000D2B2032A34D829480244487FD27962F375
:10C0F0004710487740F2E240D3F8F020B2FBF0F26C
:10C10000C87802F0010400F07F0040EAC410C87053
:10C11000C2F34700C2F342220871487920F00700B9
:10C1200002434A715A79D3F801008DF80420C1F80E
:10C1300019004A7F019860F304024A7793F84F2070
:10C1400052B92323013B0B702C234B7003B0F0BD7D
:10C1500040F255310620FDE6D3F8882001F12B008E
:10C16000C1F82320D3F88C20C1F8272003F1A002C6
:10C17000B03352F8044B9A4240F8044BF9D13B23B8
:10C18000E0E700BFC5BF0300C4BF0300E8540301DC
:10C19000054B98429FBF00F56170044B586000202A
:10C1A00088BF1220704700BF00093D002C0000210D
:10C1B0002DE9F04F03788BB007460C460B7043789F
:10C1C0004B7090F8029081F80290B9F1010F02795A
:10C1D000C37898BF002543EA02234279CB704FEA27
:10C1E00013234A710B71C388A1F8093088BF057BFE
:10C1F0008D73827BCA744AB100F10F0314311F3072
:10C2000053F8046B834241F8046BF9D1FB7A990728
:10C2100000F18A8013F0010801D103F00408A8F1AD
:10C22000030341F28736DBB2022B2CBF43460423C3
:10C2300063733979FB7843EA0123797943EA01434F
:10C24000B34274D91E4640F2E241B6FBF1F6E680F5
:10C250004E43B6FBF3F103FB1161002977D1B342E2
:10C2600075D8797BE173F888FB2885BF00F1FA0C5B
:10C270004FF0FB0E8446BCFBFEFE81BF0EEB000CB4
:10C280000CF1FF3CBCFBFEFC1FFA8CFCB3420CEB38
:10C29000000AA4F80BC00AF1FF3A9AFBFCFA03F17A
:10C2A000FF3C5FFA8AFEB444BCFBF3FC9CBF0CFB72
:10C2B0000EFE5FFA8EFEBEF1070F84F810E05ED925
:10C2C0004FF0010E1FFA8AF1714584F80FE040D952
:10C2D00041F2883C634511D940F2E24EB3FBFCFCCD
:10C2E0001FFA8CFC8C4528BF8C46B3FBFCF6B1FBD7
:10C2F000FCF1B6FBFEFEA4F806E02174217C0729C0
:10C300001CD8F6281AD8217C012917D8B34240F04E
:10C31000C6800D30A4F80B00B4F80B30FB2B28BFFF
:10C32000FB23A4F80B302CE04FF0020877E740F233
:10C33000E24093FBF0F100FB113119B100200BB08A
:10C34000BDE8F08F1E44B6FBF3F65E437BE70121A8
:10C3500088E7D3D1FB21B1FBF0F1614534BFC9B20D
:10C360005FFA8CF121B940F261414920E4F7B8FB52
:10C3700001FB00FEBCFBF1F1A4F80BE0BDE70029D6
:10C38000BFD1012394F810A04146B4F80B006374A8
:10C39000002384F808A0D21AA37418BF01220DF05C
:10C3A000D6FC08AB4A465146029309AB059001936F
:10C3B00000902846E3880DF0D7FD227A94F804C057
:10C3C000607CE57894F8109045EA0C25049094F888
:10C3D00005C094F812A045EA0C4C049DA178B2FB6C
:10C3E000F9F0401B40F2E2450AFB00FAE088DDE983
:10C3F00008E36843551E0AFB000001F1FF3A0EFBFB
:10C4000005F503FB0A55054405980544E07B002823
:10C410004CD06544B7F808A04FF47A7B0BFB0AFABE
:10C42000AA458BD3E07CCDF800E0003818BF01208E
:10C43000CDE90180A07BCDE906120DF020FD604B17
:10C4400003EB4808B8F80C3003F2E733B3FBFBFB0F
:10C450005C4B5B6803F505739B4458448642FFF4CC
:10C460006DAF059B301A079A03F196080699C2F141
:10C470001F03BF7A01FB09F193FBF9F301FB08F8F5
:10C48000B0FBF8FBD8B2874228BF07465F45384665
:10C4900028BF58461E280CD940F2BF4165E782BF2D
:10C4A000B4F80B300533A4F80B3035E7A5EB0C05D9
:10C4B000B0E7AAEB0505049BB5FBF8F1C3F10F0348
:10C4C000DBB28B4228BF0B46834228BF03460E2BAC
:10C4D00002D940F2C64148E70BB901202FE7049981
:10C4E0004A44471E01F10101D2B2C9B222726174FD
:10C4F000F3D0A5EB080506EB080A554507D2013B2A
:10C50000DBB2194409FB032261742272E5E7B4F837
:10C510000B00C0B2E5F73EFE94F810C060456146DE
:10C52000FFF40CAF411A142389B2B1FBFCF2B5FB46
:10C53000F7F1A1EB0801B1FBF6F1B3FBF7F6B2FBA3
:10C54000F7FE0F2E237A28BF0F26764528BF7646A2
:10C550008E4228BF0E4626B107FB0C33A674237209
:10C56000BBE7B5FBFAF11429A0EB0C0028BF14219E
:10C57000B94228BF3946914228BF1146012201FB2A
:10C580000C338842A274DBB22372A6DB607C01FB11
:10C590001A557F1AC0F10F02B5FBF8F55FFA82F861
:10C5A000B84528BFB846A84528BFA8465FFA88F80E
:10C5B000404408FB0C38607484F808808DE700BFA5
:10C5C000E85403012C0000212DE9F041184B94B0F0
:10C5D0000024154608AF10220E460DF13008014622
:10C5E00000970DEB0200CDE90434013302930133CF
:10C5F00003930123CDE906440DF0F0FD384610AF5A
:10C6000002A901230422CDF800800DF0E7FD414688
:10C6100030460123102200970DF0E0FD234604224E
:10C6200003A9384600950DF0D9FD14B0BDE8F0819E
:10C63000314749420138C0B2032808B504D940F255
:10C64000CF217820E4F74CFA014B185C08BD00BFFD
:10C65000FE5403014068038800F2F310C172A0F891
:10C660000930027301490BF0C8B900BFD9A2020119
:10C6700008B500F0CBFA00F029FA00F005F8BDE8A3
:10C68000084000F0CBB800BF034B00214FF48052AC
:10C690001970A3F801207047AC13002170B506464D
:10C6A000022014460D4600F02BFA064B0122033CF3
:10C6B0001A70054BC3F81045C3F80865C3F8045554
:10C6C00070BD00BFAC13002100E00041022008B59E
:10C6D00000F016FA084B002208484FF0010C0849F8
:10C6E00080F800C0C3F80021C3F80421C3F8082172
:10C6F000C3F8801008BD00BF00E00041AC1300216A
:10C7000003000080104B1A785AB110490020C1F87C
:10C710008000D1F800213AB91021002099705A7098
:10C720001870002000F0ECB9D1F80421002AF3D0F1
:10C73000D1F8082112B110210246EEE7D1F8001419
:10C740000122C9B2E9E700BFAC13002100E00041BB
:10C75000022008B500F0D4F9064B0022012106485A
:10C760000170C3F80021C3F80421C3F8082119603F
:10C7700008BD00BF00E00041AC130021184A137847
:10C78000002B10B5507818BF0220A0F10204B4FAB3
:10C7900084F46409B3B1C823124A013BD2F80011F2
:10C7A000DBB241B1D2F8040120B1D2F80801B0FAED
:10C7B00080F0400910BD0BB1002CEED1FA213B20D6
:10C7C000E4F78EF9C82300E01CB1013B13F0FF032E
:10C7D000FAD10228F2D0431E5842584110BD00BF82
:10C7E000AC13002100E000410A4B1A787AB10A4BE1
:10C7F000D3F800214AB1D3F8042132B1D3F808218B
:10C800001AB9D3F80004C0B2704710207047987866
:10C81000704700BFAC13002100E00041024B002232
:10C820001A809A70704700BFB01300212DE9F843B9
:10C83000044601200E461D4690469DF8209000F0CB
:10C840005FF904F00300284F40EA054040F0807093
:10C85000C7F80405C7F80865244E35710EF0F6FDDB
:10C8600038B9D7F8182522F0FF0242EA0802C7F8C3
:10C87000182500221C4B4FF4805114F0FB0FC3F815
:10C8800084201B4AC2F8081504D11A4AC3F8802133
:10C89000C3F88420B9F1020F21D8174A012C124B9A
:10C8A00012F80920C3F8202506D00123022CF470C9
:10C8B000737009D9BDE8F8830E4A1049C1F8D02138
:10C8C000C3F88C207470F470074B01220021327081
:10C8D000C3F80011C3F800121A60BDE8F88340F2F3
:10C8E000E7113C20E4F7FCF800E00041B013002120
:10C8F00000F000410C00008004550301008000415D
:10C900002B4B5A7870B5002A48D02A4A0125C2F824
:10C910000C15C2F81005DC789D701CB3042C19D0DE
:10C920001978002935D01B790021023BC2F8041187
:10C93000012B05D820480323C0F85011C2F81C353C
:10C940001C494FF480521D481D4BC1F88400C3F8A8
:10C95000042570BD00211D70C2F80411C2F80052F8
:10C96000156070BD1B78F3B1C2F804414FF48054D8
:10C97000134BC3F80445D2F8006116B15560C3F8F3
:10C9800008450B7803704B78043343708B788370C1
:10C9900070BD4FF489713C20E4F7A2F840F21521F4
:10C9A0003C20E4F79DF8E6213C20E4F799F800BF2D
:10C9B000B013002100E0004100800041050000802C
:10C9C00000F00041104B1A78CAB100220F491048FC
:10C9D00010B44FF48054C1F88420C0F80845A0F585
:10C9E000E040C1F88021C1F88420C0F8D021C1F80E
:10C9F0008C201A70002210BCA3F80120704700227E
:10CA0000A3F80120704700BFB013002100E00041EF
:10CA100000F0004108B50B4B1B784BB10A4BD3F823
:10CA2000042152B1D3F80004003818BF012008BD1A
:10CA300040F27B213C20E4F753F84FF41F713C2077
:10CA4000E4F74EF8B013002100E00041F8B5184BB0
:10CA50001B783BB3174CD4F8043113BB164B02229E
:10CA6000C4F804231F691A6907F0100742F0100286
:10CA70001A61D4F8043153B9104E4FF48045C6F80A
:10CA800080510EF0E7FCD4F80431002BF7D027B921
:10CA9000094A136923F010031361064B0222C3F8FD
:10CAA0000823F8BD4FF423713C20E4F719F800BFC8
:10CAB000B013002100E0004100ED00E000E100E0E3
:10CAC000014B01229A60704700E0004138B54FF4F5
:10CAD0008042094BC3F88020BFF34F8FBFF36F8FA5
:10CAE000064C0025C4F80055C4F80055FFF76AFF4E
:10CAF000C4F8805038BD00BF00E100E000E0004114
:10CB000070B5124D00260446C5F80065C5F80065ED
:10CB1000FFF758FF012CC5F8806006D0022C0BD01F
:10CB20004CB182213D20E3F7DBFF0222084BC5F820
:10CB30000025C5F8143570BD0321054A054BC5F81D
:10CB40000015C5F81425C5F8803070BD00E000411F
:10CB5000B813002103000080094B9B78012B0CD0F7
:10CB6000022B09D1830706D406490020064B012277
:10CB7000C1F840051A61704770474207F4D5704705
:10CB8000C814002100C00041008000411C4A431E1F
:10CB900010B582F82400032B2DD8DFE803F0271905
:10CBA0000A02184B0522C3F8102505F0F9FB40B91D
:10CBB00010BD144B0622C3F8102505F0F1FB002828
:10CBC000F6D0114A0F4BD2F88020C3F8882510BD4B
:10CBD0000C4C0423C4F8103505F0E2FB0028E7D024
:10CBE000094BD3F88430C4F8883510BD054B0322B7
:10CBF000C3F81025D9E740F625513E20E3F770FF32
:10CC0000C8140021008000410000FF0168220021BB
:10CC1000094810B505F0FAFD41F21114074B002246
:10CC20004FF08240AA21C0F8004EC3F8402EC3F84E
:10CC3000442EC3F8001E10BDC8140021007000412E
:10CC4000962808B507D89528054B8CBF00220122ED
:10CC500018851A7008BD40F203213E20E3F740FF1B
:10CC6000C8140021024B185C00F51660704700BF25
:10CC700008550301014B93F848007047C814002180
:10CC80000B4B0C4A10B493F84810D3E9103002EB68
:10CC90008102C01AD36B116D03F2E733946A064A1E
:10CCA0005B1A204410BCA2FB032300EB93107047D7
:10CCB000C814002108550301D34D6210024B586C73
:10CCC0001B6BC01A704700BFC81400210A490B4AE9
:10CCD000086C10B491F84830094C02EB83020B6BDE
:10CCE000C01AD36B926A03F2F313801AA4FB0323D6
:10CCF00010BCA0EB93107047C81400210855030125
:10CD0000D34D62100D4A0E49106B10B492F84830A2
:10CD10000C4C01EB8301136C1B1AC86B896A00F27F
:10CD2000F3105B1AA4FB0010D2E90E41A3EB9010A4
:10CD3000001910BC41F10001704700BFC814002168
:10CD400008550301D34D62100F4910B591F84820E2
:10CD5000531EDBB2032B11D8086C096B0B4C401A25
:10CD60000B4901EB820201EB4303926AB3F8643092
:10CD7000801AA4FB032300EB931010BD40F2A721FF
:10CD80003E20E3F7ADFE00BFC8140021D34D621072
:10CD9000085503010139124BC9B2032910B583F8B4
:10CDA000540013D80F4A104C02EB81010F4BCA6E8E
:10CDB00014430F4A0243C3F81445C3F81825D3F8A7
:10CDC000503503F0F703032B05D010BD40F2E521E9
:10CDD0003E20E3F785FE4FF43F713E20E3F780FEEF
:10CDE000C81400210855030108011000008000410B
:10CDF0000000030208B5154A154BC3F8AC210278B0
:10CE0000032A1DD1D3F81425012990F801C022F47A
:10CE1000702210490CF03F0C0F4808BF42F400226A
:10CE20004CEA0000C3F814250A6A42F00302C3F872
:10CE30000029C3F8100901230A6281F8643008BD93
:10CE400040F251313E20E3F74BFE00BF0600008068
:10CE500000800041C8140021803202003F4B4FF493
:10CE6000807270B5C3F88020BFF34F8FBFF36F8F10
:10CE700000223B4801213B4D13463B4CC0F8FC2FA0
:10CE8000C0F8FC1F05EBC3010133D1F80023224099
:10CE9000824204D1D1F80023D1F804131160202B71
:10CEA000F0D12F4D012340F2031040F25B610322C9
:10CEB0002E4CC5F83405C5F83815C5F83035C5F819
:10CEC000102584F8243005F06BFA20B1254BD3F8F7
:10CED0008030C5F88835224D40F201214FF480138F
:10CEE000234AC5F850160026107CC5F8003201F020
:10CEF000C7FE05F0F7FC1F491F4BC5F8A81102310A
:10CF00001E4AC3F8C820C3F8C41040F6F8311C4AC2
:10CF1000C2F80415D3F84035A4F84860236366646A
:10CF200084F8556003F0FCFE2670D5F800290B4B01
:10CF300022624FF4807284F86460C4E90E01962185
:10CF400010202185A16EC3F88021C5F804031A6062
:10CF500001B18847BDE8704001F05EBE00E100E02D
:10CF6000008000410000FF0100F0FFFFC814002115
:10CF7000340000210300008000C000410600008052
:10CF800000F00041036870B51A0E344D1B02344E98
:10CF9000C5F824250446C5F81C354368C5F83C355A
:10CFA000037A86F82630437A807A5A1E86F854002F
:10CFB000D2B2032A4DD82B4901EB8202D16E2A4A04
:10CFC0000A43C5F81425294A0243C5F81825D5F89F
:10CFD000502502F0F702032A36D0032B86F82430BE
:10CFE0002ED0042B21D0022B0FD00323C5F81035EF
:10CFF00005F0D6F928B11E4A184BD2F88020C3F8A4
:10D000008825E37A86F8253070BD0423C5F81035ED
:10D0100005F0C6F90028F4D0154BD3F88430C5F8D4
:10D020008835E37A86F8253070BD0523C5F81035BC
:10D0300005F0B6F90028DED1E37A86F8253070BD18
:10D040000623C5F81035F3E74FF43F713E20E3F7B0
:10D0500047FD40F2E5213E20E3F742FD008000411C
:10D06000C814002108550301080110000000030244
:10D070000000FF01014B83F825007047C814002110
:10D08000034B020E0002C3F82425C3F81C057047A9
:10D0900000800041014B83F826007047C81400212E
:10D0A00000B583B001AB01F0CFF803B05DF804FB2D
:10D0B0002DE9F047A34C82B094F85530DD0740F1DC
:10D0C0002D8100284FF0000205460E460CBF0423B8
:10D0D00002238DF806208DF8043002F005FA0128AD
:10D0E0004FF0FF3088BF00208DF8050001A805F043
:10D0F00023FC002840F00D8194F855304FF00108D2
:10D10000914F43F0020384F8658084F85530D7F8D6
:10D11000003243EA0803C7F80032002D3DD0012D4C
:10D1200076D08A4BD3F84C75238D952B00F2008175
:10D1300001A805F00DFC002840F0F580A3789DF8CB
:10D140000420012B26D0022B15D0206B381A1DB1DC
:10D15000293002B0BDE8F0877D497E4A01EB4606E2
:10D16000B6F8903003F5FA73A2FB032300EB93109B
:10D1700002B0BDE8F0879307E7D4744B0022C3F8F0
:10D180004025A3F5804301221A61206B381A002D37
:10D19000DED1E1E75207F0D5D7E794F82690304684
:10D1A000DFF8ACA1FFF7F2FC494630461AF8093027
:10D1B000C7F808356B46C7F8549594F9252001F057
:10D1C00043F89DF9000000F0A9FF9DF8010001F06F
:10D1D00047FD002840F098805C4B84F80280C3F83B
:10D1E0004C80C7F80080D3F84C75238D952B9FD9C0
:10D1F000594807F128030AF17C01C36001F018FDCA
:10D200000130012894D940F226713E20E3F768FCF2
:10D21000731E94F8267084F82460032B00F28D802E
:10D22000DFE803F055464102474B0522C3F81025BD
:10D2300005F0B6F800284FD1454BDA5D424BC3F8F4
:10D240000825C3F854756378012B4CD0434B00225A
:10D25000C3F800253C4B01203C490227D3F80022AB
:10D2600042F48872C3F80022D3F8682542F4C02241
:10D27000C3F86825A770C8645860238DD1F84C7531
:10D28000952B7FF655AF344807F129033449C36025
:10D2900001F0D4FC013001287FF64AAF4FF4E6617B
:10D2A0003E20E3F71DFC284B0622C3F81025BFE7FC
:10D2B000DFF894800423C8F8103505F071F80028D1
:10D2C000BAD0284BD3F88430C8F88835B4E71E4B61
:10D2D0000322C3F81025ABE7224BD3F880201A4B6A
:10D2E000C3F88825A8E7394601AB94F92520E078F2
:10D2F00000F0AAFF9DF9040000F010FF9DF8050062
:10D3000001F0AEFC0028A5D040F2CF513E20E3F75B
:10D31000E7FB40F676213E20E3F7E2FB40F259714D
:10D320003E20E3F7DDFB40F6AE213E20E3F7D8FBDD
:10D3300040F234713E20E3F7D3FB40F625513E2006
:10D34000E3F7CEFBC81400210080004100C000417B
:10D3500008550301D34D6210340000210040004104
:10D36000845503010000FF010D4A92F8553043F047
:10D37000020382F855300B4B0B4A40B9C3F88020AA
:10D38000D3F8002242F00802C3F800227047C3F825
:10D390008420D3F8002242F00402C3F80022704730
:10D3A000C8140021008000410B0000802DE9F04FDF
:10D3B0000D4685B006469046002879D104238DF8A5
:10D3C0000E0003AF8DF80C3002F08EF801284FF0FC
:10D3D000FF3088BF00208DF80D00384605F0ACFA0C
:10D3E000002840F0F480A84C4FF0010B4046DFF8D5
:10D3F0009C9294F8261084F865B00191FFF7C6FB63
:10D4000001994046DFF888A219F80130CAF80835BA
:10D4100002ABCAF8541594F9252000F015FF9DF9C8
:10D42000080000F07BFE9DF8090001F019FC0028BF
:10D4300040F00381217809EB480884F802B0012903
:10D4400000F00081B8F89030924A03F5FA73A2FB1D
:10D450000323A5EB931511B98F4BCAF88030216BCC
:10D460008E4B29448C4AC3F84015C3F8C021237859
:10D47000002B67D0012B94F8553004BF43F0040310
:10D4800084F85530DA0704D59D0763D4580700F1B6
:10D49000A380824B0122DA64D3F84C0581426BD819
:10D4A00000207B49C3F840050A6105B0BDE8F08F54
:10D4B0000222002303AF8DF80C208DF80E3002F00D
:10D4C00013F801284FF0FF3088BF00208DF80D00C1
:10D4D000384605F031FA8146002878D101236A4C9C
:10D4E0009E4284F8653040F0BF80404694F8268024
:10D4F000FFF74CFB654B13F80820654BC3F8082574
:10D50000C3F854856378012B00F08580644BC3F821
:10D5100000955F4B0221D3F8002242F48872C3F8D1
:10D520000022D3F8682542F4C022C3F86825227887
:10D53000A170012A93D0293D002A90D1564AC3F800
:10D5400084208CE794F8553043F00202D80784F821
:10D5500055209ED54E4BD3F8002242F00102C3F86D
:10D560000022D3F8503503F0F603022B91D140F29C
:10D57000FE513E20E3F7B4FA238D952B0DD9002EF2
:10D580003AD0012E75D101F1290346484649C360BE
:10D5900001F054FB0130012861D8384605F0D8F974
:10D5A00000286BD1A3789DF80C20012B54D0022BBE
:10D5B0007FF47BAF93073FF578AF38490020344BB9
:10D5C0000122C1F840051A6105B0BDE8F08F40F6B0
:10D5D00076213E20E3F784FA2D4B2F4AC3F88820AA
:10D5E00003F58043D3F84031002B3FF452AF40F2B3
:10D5F00005613E20E3F774FA01F1280329482A491E
:10D60000C36001F015FB01300128C6D940F2267134
:10D610003E20E3F765FA41463B4694F92520E07841
:10D6200000F012FE9DF90C0000F078FD9DF80D0051
:10D6300001F016FB00283FF46CAF40F2CF513E20C2
:10D64000E3F74EFAB8F89C30124A03F5FA73A2FBDE
:10D650000323A5EB931502E75207AED525E74FF458
:10D66000E6613E20E3F73CFA40F2C9713E20E3F761
:10D6700037FA40F234713E20E3F732FA40F6AE2139
:10D680003E20E3F72DFA00BFC8140021085503011E
:10D6900000800041D34D62100B00008000C00041AB
:10D6A000004000413400002184550301F8B5194DB4
:10D6B00095F8493043B304461646084654B1012C48
:10D6C00011D00027296B32462046791ABDE8F84070
:10D6D000FFF76CBE012B6F6C95F848100CD000F072
:10D6E00035FD0744EEE7012B6F6C95F8481007D025
:10D6F00000F05AFD0744E5E700F046FD0744E1E786
:10D7000000F032FD0744DDE740F611013E20E3F76B
:10D71000E7F900BFC814002130B5404A1024404941
:10D720004FF48070D2F804530023C2F8084383B04A
:10D73000C1F880014FF480113A4C05F01005C2F891
:10D740000012C2F88830C2F88030C2F8843084F801
:10D750005530D2F85015C9B259BB238D952B04D939
:10D76000A378012B50D0022B44D000232B4A94F8ED
:10D770006410C2F8103123712380A37091B1C2F8F4
:10D78000AC31D2F8141584F8643021F47021236A86
:10D79000C2F8141523F0030323492362C2F80039A9
:10D7A000C2F810191DB11D4B1022C3F8042303B099
:10D7B00030BDFF218DF807100121C2F81031116131
:10D7C0009DF807304BB90CE09DF80730013BDBB208
:10D7D0008DF807309DF807301BB1D2F81031002BBF
:10D7E000F2D09DF80730002BB7D140F651013E2012
:10D7F000E3F776F901F02EFA01300128B5D940F6A9
:10D8000068013E20E3F76CF901F01EFA01300128AF
:10D81000ABD940F662013E20E3F762F90080004197
:10D8200000E100E0C814002180320200F8B50022B7
:10D83000304B314FC3F84825C3F84425C3F8402581
:10D84000C3F84C25FFF768FF01F0ECF997F8653055
:10D850002BB105F077F8002841D187F8650000204A
:10D8600005F07CF8044600283ED1224D40F6F832FF
:10D87000224E234BC3F80825C5F8C401C6F888001A
:10D88000C6F88000C6F88400C5F8C800C5F8C40012
:10D8900005F040F800220023C6F8A841C5F8C041B1
:10D8A0003C76C5F84845C7E91023164B4FF4807203
:10D8B000C5F84445C5F84045C5F84C45C5F848414C
:10D8C000C5F84441C5F84041C5F84C41C3F8802033
:10D8D000BFF34F8FBFF36F8FC3F88021F8BD40F2C5
:10D8E00057513E20E3F7FCF840F25A513E20E3F74F
:10D8F000F7F800BF00C00041C814002100800041BB
:10D9000000F0004100E100E0014BC3F83C05704726
:10D910000080004138B50446074805F01FF828B9D3
:10D92000064D94E80F0085E80F0038BD40F6B301BE
:10D930003E20E3F7D5F800BF59CB01013415002193
:10D9400008B5174B174993F85520C1F8040542F064
:10D95000010C1865900783F855C010D5D1F8003236
:10D9600043F00103C1F80032D1F8503503F0F6035B
:10D97000022B06D140F2FE513E20E3F7B1F85307E7
:10D9800000D408BD084A094BC1F88820D3F84031BB
:10D99000002BF6D040F205613E20E3F7A1F800BF6E
:10D9A000C8140021008000410B00008000C000412D
:10D9B000124B196B5A6C0844824210B518D20124DC
:10D9C0000F4AD8615464D2F844151C764B1D83422B
:10D9D00005D30C4BD3F8042102B91C6110BD002102
:10D9E000094BC2F84411C2F84405C2F8C43110BD55
:10D9F00040F6C5013E20E3F773F800BFC8140021CC
:10DA000000C00041008000410900008010B50F4CAB
:10DA10000222034694F849C02276BCF1010F208D02
:10DA200094F8481094F824200BD000F0EDFBE0614E
:10DA3000636C0021064A0344C2F84411C2F844351D
:10DA400010BD00F0C1FBE061F2E700BFC814002187
:10DA500000C0004130B4094A40F00044084D0123A1
:10DA6000C5F8044103FA00F00C60D36C0549034388
:10DA7000C1F80405D36430BC704700BFC81400214E
:10DA80000080004100F00041044BC3F86005D3F86A
:10DA9000002242F04002C3F800227047008000419B
:10DAA000054B0021D3F8002222F04002C3F80022E7
:10DAB000C3F86015704700BF00800041044B024668
:10DAC0000120D3F8483503F07F035B4213707047A1
:10DAD00000800041F0B5214C02250F460346B4F802
:10DAE00028C0164604F1080E2571BCF1950F83B0CD
:10DAF00007C88CBF4FF0000C4FF0010C676184F831
:10DB000000C08EE80700587AE07036B9A378012289
:10DB1000AB42627004D003B0F0BD657003B0F0BDDD
:10DB200001AB94F9252094F8261000F08DFB9DF9A7
:10DB3000040000F0F3FA9DF8050001F091F838B9FF
:10DB4000074AD2F8003243F48873C2F80032E2E7A1
:10DB500040F2CF513E20E2F7C3FF00BFC8140021BE
:10DB600000800041F0B5214C01250F460346B4F872
:10DB700028C0164604F1080E2571BCF1950F83B03C
:10DB800007C88CBF4FF0000C4FF0010C676184F8A0
:10DB900000C08EE80700587AE0702EB9A37865704F
:10DBA000022B05D003B0F0BD0223637003B0F0BDBB
:10DBB00001AB94F9252094F8261000F045FB9DF95F
:10DBC000040000F0ABFA9DF8050001F049F838B9FF
:10DBD000074AD2F8003243F48873C2F80032E1E712
:10DBE00040F2CF513E20E2F77BFF00BFC814002176
:10DBF0000080004110B51A4C82B0238DE170952B46
:10DC00008CBF00230123237030B9A3780122022B9B
:10DC1000627005D002B010BD0223637002B010BD67
:10DC20008C4601AB94F9252094F82610604600F04C
:10DC30000BFB9DF9040000F071FA9DF8050001F05E
:10DC40000FF838B9074AD2F8003243F48873C2F8A3
:10DC50000032DFE740F2CF513E20E2F741FF00BF44
:10DC6000C814002100800041024B0022C3F8402567
:10DC7000704700BF00C00041044B30B4D3E91645E3
:10DC80001B6EC0E9004530BC0B607047C814002112
:10DC90002DE9F043B44B0121B44C83B0226B94F8CE
:10DCA0005470D964D3F84C65B61A03F0A5FD238DE2
:10DCB00000222666952BA065E26506D9A378012B84
:10DCC00000F0B581022B00F06E81A94B0022A9491A
:10DCD000C3F88820C3F88020C3F8842084F8552036
:10DCE000D3F80002227E0140C3F80012002A65D159
:10DCF000A378012B6CD0022B00F0838000259C4A76
:10DD0000D2F81011002940F03D81A3F1010E984A8C
:10DD10000021BEFA8EFEC2F800114FEA5E1EC2F864
:10DD20000C11C2F81011C2F80411C2F80811C2F89F
:10DD30006C118D4994F84900D1F848250228D1F892
:10DD4000441594F824C0C4E9101200F0CE80022BD0
:10DD500000F0CB80617884F848C084F8493000290D
:10DD600000F0DA8015F0110F40F06C81B1F101097B
:10DD7000207994F8008018BF4FF00109012800F0C5
:10DD80001D81022840F0A9807B48FFF7FBF86169FC
:10DD90000023B8F1010F2380A370237107D13B3614
:10DDA0008E4248D8704A84F80080C2F84031484614
:10DDB000E2784FF00008FFF7F9FA3FE003F58043FF
:10DDC000D3F84421A378003A18BF0122012B92D145
:10DDD000674AD2F80C01002840F0BC80D2F81051FC
:10DDE000002D92D0C2F800019E46C2F80C013025E9
:10DDF000C2F81001C2F80401C2F80801C2F86C01AF
:10DE000097E75B49D1F80C010028D1F8000407BF5F
:10DE1000042500210221062510F0010F18BF0D4630
:10DE20002AB105F00B0145F0010541F0010100297F
:10DE30007FF46BAF63E74E4BC3F8108094F8643007
:10DE4000A3B14B4B0022C3F8AC2184F86420D3F873
:10DE5000142522F47022C3F81425226A22F003024A
:10DE6000C3F800292262454AC3F81029EE072CD4D2
:10DE7000A80707D415F0280F6ED1EB0627D5A36F9E
:10DE8000984724E03A4BD3F85034D90140F1C3808D
:10DE900013F4706F0CBF0122002213F0F00F08BFC3
:10DEA00042F0010212B91A0740F0B580304AD2F8A8
:10DEB0005414C3F34252C3F30443022A98BF012B04
:10DEC00040F0A980012900F0A680E36E9847A3786E
:10DED000022B27D003B0BDE8F083002800F08C802F
:10DEE00040F639213E20E2F7FBFDACF103010129A8
:10DEF0003FF630AF1E49D1F8141484F8493011F0C0
:10DF0000060F61780CBF4FF0040C4FF0030C84F83F
:10DF100048C000297FF426AF88462180A170217176
:10DF200021768BE7237E002BD4D0022B00F0998042
:10DF3000012B40F0D580E369626C934240F2CB80C4
:10DF4000094AC2F84435084B0D4AC3F8C42103B04E
:10DF5000BDE8F0830825D8E685F02001636F4046D0
:10DF6000C1F340119847B2E700C00041C814002136
:10DF700000800041E2FEFFFFD01400218032020049
:10DF800009000080002145F01005C2F800118E46FE
:10DF9000C2F80C11C2F81011C2F80411C2F808112D
:10DFA000C2F86C11C5E600F055FE013001287FF67D
:10DFB0008CAE40F668013E20E2F792FD4B48FEF73A
:10DFC000E1FF94F84930002B76D0012B57D094F81C
:10DFD00048304748216C00EB8300236BC26BC91AA1
:10DFE000836A02F2F312C91A424BA3FB0232A1EB7D
:10DFF000921162691144CBE6208D002B61D001297A
:10E000000192614623D0BEF1000F33D100F0CCF86D
:10E01000019A811822E0236D5B78BB4228D885F0F5
:10E020000400C0F38000236F414698474FE700F09B
:10E030000BFE013001287FF648AE40F662013E201B
:10E04000E2F74EFD4FF00008FFF766FBF6E6BEF183
:10E05000000F2CD100F07AF8019A8118226B891AEE
:10E0600096E6636CE169244A0B44C2F844356AE7DA
:10E070000020D8E700F078F8019A8118EEE794F8CC
:10E080004820531ED9B2032920D8194B03EB820232
:10E0900003EB4103216B906AB3F86420236C591A97
:10E0A000144B091AA3FB022301EB9311A1E700F023
:10E0B0006BF8019A8118D1E74FF4EA613E20E2F74C
:10E0C0000FFD40F611013E20E2F70AFD40F2A721C4
:10E0D0003E20E2F705FD40F61A413E20E2F700FD42
:10E0E00040F619413E20E2F7FBFC00BFD0140021AE
:10E0F00008550301D34D621000C00041024B03EBF1
:10E100008003986A704700BF08550301024B03EB78
:10E110008003186D704700BF085503010028094BA4
:10E1200008DD01220338C3F80025C0B2064BC3F84E
:10E130000C0570470022C0B2C3F80025024BC3F89B
:10E140000C057047004000410080004110B50446B6
:10E150000846FFF7DBFF034BA3FB0030A4EB901056
:10E1600010BD00BFD34D6210054B0238054A33F88D
:10E17000113003F2E733A2FB032300EB9310704747
:10E18000C4550301D34D6210054B064A33F81130D4
:10E1900003F57A73A2FB032300EB9310704700BFD3
:10E1A000C4550301D34D621010B504460846FFF76D
:10E1B000ADFF044B00F2E730023CA3FB0030A4EBC0
:10E1C000901010BDD34D621070B50D4E84461D46A3
:10E1D000104636F8111006EB82060535F4680C443B
:10E1E0004FF47A7104F6B73401FB0C440549A1FBE6
:10E1F0000434FFF783FFA4092C44204470BD00BF02
:10E20000C4550301D34D621070B506460846154645
:10E21000FFF77CFF0A4B4FF47A710246284603EB66
:10E220008503DC68074B04F6B73401FB0644A41AE7
:10E23000A3FB0434FFF762FF0530A409204470BD3E
:10E24000C4550301D34D62102DE9F04F244C83B027
:10E25000064698460D46174600F032FD2378814663
:10E26000B34202D16378AB4224D0731EDBB2032BDE
:10E2700031D81C4A2946D05C0DF107033A4600F01C
:10E2800025FD824618BB9DF907B02846FEF7EAFC3B
:10E29000534602464146584600F0E8FCB8F80030C4
:10E2A00026706570A380A071A77084F8039003B0F6
:10E2B000BDE8F08F94F90230BB42D6D1E3788342B7
:10E2C000D3D1A38894F90600A8F80030EFE73D21E8
:10E2D0007520E2F705FC40F25F410620E2F700FC02
:10E2E00048000021E455030138B50446002580F8B4
:10E2F000285080F84D50C16D21B1034B186805F0CE
:10E30000EAFAE56538BD00BF44150021014B1860ED
:10E310009980704744150021014B9888704700BFD1
:10E320004415002170B5114E0446828AB3889A4282
:10E3300002D90725284670BD0CF025F905460028AE
:10E34000F8D120460CF0C6F80138A4F888003068EF
:10E3500005F0B1FAE0650028EBD0A4F88A5084F803
:10E360008E50FF2384F82830E4E700BF44150021D5
:10E3700038B50C4618B34B6A23B94FF41A714320D1
:10E38000E2F7AEFB4D6A2B68A8424B624FF00003E8
:10E390002B706B70AB70EB70EFD1094904F13E004C
:10E3A00009F031FB2B7C23B9D4F8C4300133C4F815
:10E3B000C4302946606DBDE8384005F08CBA38BDE0
:10E3C0003DB20201022808B504D140F2D921432010
:10E3D000E2F786FB0328074B0AD1002914BF02226B
:10E3E000012283F820200022024883F8212008BD62
:10E3F0004022F6E74A1500212DE9F84315461E464E
:10E4000004469DF82080D0E92C23AA42B34108D2CB
:10E410000123217F404684F89A30BDE8F843FFF796
:10E42000D1BF406A0028F3D0D0F80090D0E9022391
:10E43000AA4273EB06010AD2D4E92E71BA4273EBF9
:10E44000010122D22146FFF793FF4846EAE7B34293
:10E4500008BFAA4219D1037C0133DBB20374037CE9
:10E46000012B09D1D4F8C0300133C4F8C0300023E7
:10E4700084F89A30BDE8F883037C012B82BFD4F87E
:10E48000CC300133C4F8CC30F1E7954276EB03038E
:10E49000DBD2B8F1030FBBD00022217FD4F8C0300B
:10E4A0009142074803F1010384F89A2080F8212063
:10E4B000C4F8C03014BF0223134680F82030D9E7D7
:10E4C0004A1500210D230B7001238B704FF0FF3391
:10E4D000CB700B71034B5A7AA1F8052000225A72B7
:10E4E000704700BF701500212DE9F04F467E00F106
:10E4F000180A8BB09C46360905460C46002706F0E4
:10E50000040604360AEB0603099384F87870D4E90C
:10E510001CE8D4E91A0194F87830002BF5D1D4F82E
:10E52000A0300593D4F8A4300693D4E92A37C4E97F
:10E530002801BEEB030368EB0709A769A3FB07B338
:10E5400007FB0933D4F88870CDF81CB00293C319C7
:10E550000893D4F88C30C4E92AE841EB0308089BFF
:10E5600005995F1A069B68EB0309B7EB0B07029B43
:10E5700069EB0309D4F890300393D4F894300493F2
:10E580006B7E5B06C4E922792DD53E4B9B7A53BB4B
:10E59000039B9B18049941EB0C086169A1FB0220C5
:10E5A00001FB0C0CD219217F4CEB0907002965D027
:10E5B000D4E92801C5E90027C5E90201D4E92A0107
:10E5C000C5E904010999C4E9222749781AF8062007
:10E5D00042EA0122A4F898202AF80630C4E9243837
:10E5E0000BB0BDE8F08F00F06DFF6369B4F898C020
:10E5F00001933AF80630A3EB0C039BB2012B17D121
:10E6000094F811E04FF0000C019ABEF1010F38BFF1
:10E610004FF0010E02FB0EFEBEF57A7E4CF1FF3B81
:10E620001EEB070E49EB0B0B704571EB0B021FD372
:10E63000059B069A13F57A7342F1000C079A9B1812
:10E64000029A42EB0C0C089A9B1A6CEB080C1818F7
:10E6500041EB0C01012871F100030BDB019A00234F
:10E6600003F01AFF421C41F1000C039BD31891E701
:10E670001A46FAE701224FF0000CF6E7C5E9003828
:10E68000A0E700BF7015002103480449437A013315
:10E69000437209F0B2B900BF70150021C5E4010151
:10E6A00010B5044698B1C16D29B10B4BD86805F07F
:10E6B00012F90023E36594F83D3004F13400074972
:10E6C000013384F83D30BDE8104009F099B9BDE848
:10E6D0001040FFF7D9BF00BF70150021AFB2020193
:10E6E00070B504460025074EE36A53B1E16AF0684D
:10E6F0000B68E3620D704D708D70CD7005F0EBF816
:10E70000F2E770BD70150021404B70B50546D86822
:10E7100005F0D1F8044620B94FF4FD710720E2F767
:10E72000DFF990F8213000F12002002108306FF36A
:10E7300086134376C3F3031303F004030433D6189C
:10E74000D1540023002271702946FFF7CDFE2B7FA4
:10E75000002B41D0EB6C1A0A337172711A0C1B0E2C
:10E76000B271F37195F84830E96C012B37D0022B68
:10E7700042D000231A1D01310836E964C2F3052195
:10E7800084F8222094F8232022F03F020A43022139
:10E7900084F8232094F8212061F3051216F8051C53
:10E7A00084F8212021F00F01C3F3032206F8063C70
:10E7B0000A4306F8052C042293421FD80023237035
:10E7C0006370A370E370EB6AEBB9EC6228462C63CC
:10E7D000BDE870400CF070BBD5F89030BBE7AB895A
:10E7E000043B9BB233B1B1FBF3F203FB12130533CD
:10E7F0009BB2BFE70423FBE7AB89BBE706F8012B1D
:10E80000013292B2D8E72B6B1C60DFE77015002154
:10E81000024BD86019745A82704700BF70150021EE
:10E82000014BD86805F041B870150021024BD8683B
:10E83000003818BF0120704770150021024B1A7C68
:10E840005B8A02700B80704770150021034BD868FB
:10E8500010B1588A083880B2704700BF7015002187
:10E860002DE9F347DFF894820546D8F80C3023B938
:10E8700040F20E310720E2F733F96B78002200787E
:10E8800001A903F00F03019240EA0320ECF7D6FC44
:10E890000646002840F02E81019C94F82030002B81
:10E8A00000F09F806978E26DC1F300179AB3002FE2
:10E8B00000F0978092F821C04FEA1C1000F004008D
:10E8C0000430104490F822E090F8233092F82200AF
:10E8D00092F8232003F00F0302F03F024EEA0323D5
:10E8E00040EA02201CF0400218BF042295F803E021
:10E8F00095F802C00EF03F0E4CEA0E2CB8F812E06C
:10E90000F44576DC11F040011AD017B9BCF1070FBD
:10E910001BD8122666E0002F63D10A0902F0040218
:10E9200004322A44D378907811F0400203F00F03A8
:10E9300018BF042240EA03230CBF10463046D5E737
:10E94000BCF1030F01D8002FE3D0A7899F42E0D389
:10E95000043360441A449042DBDC00294DD098F81F
:10E960000AA0BAF1000F48D1D4E9227900F0AAFD3B
:10E970006B6810F1004241F1000C9A427CEB010CF3
:10E980001FD20139DB1B61EB0901012B71F1000280
:10E9900031DB62695008C0184FF0000341F10001FB
:10E9A00003F07AFD82468946E36D53BBD8F80C002C
:10E9B00004F081FFE06520BB5149524809F01DF881
:10E9C00013E010F1004C61F1000C934271EB0C026A
:10E9D000D8D24FF0004282427AEB010238BF0131B7
:10E9E000D0E70C262046FFF75BFE304602B0BDE8BC
:10E9F000F0871126F6E74626F4E74FF0000AD146E5
:10EA0000D2E7EA78AB7802F03F02E76D43EA0222F0
:10EA10006B7807F12000DB0620D40432294603F08E
:10EA20007FFE97F8213003F03003202B57D1524658
:10EA30004B46214607F10800FFF756FDE36D002223
:10EA4000E16A1A705A709A70DA70002944D1E36250
:10EA500020462363E2650CF02FFAC6E797F82310EF
:10EA600097F8223001F03F0143EA0123B8F8121071
:10EA700003EB020C8C4504DD20461126FFF710FE47
:10EA8000B3E70433291D184403F04AFE97F82330F6
:10EA9000E97803F03F0297F822C001F03F0123F02C
:10EAA0003F034CEA022CAA7842EA0122944487F8F8
:10EAB00022C0CCF3052C43EA0C0C87F823C06B78FA
:10EAC00003F03003302B01BF97F82130022262F3AC
:10EAD000051387F82130A4E7216B0B60B8E794F8A1
:10EAE0003D3004F134000849013384F83D3008F02A
:10EAF00087FF7AE7FFF7C8FD77E700BF70150021B1
:10EB0000A7B2020184150021AFB20201C36A10B599
:10EB100004463BB1C36A1A68C26200221A705A7076
:10EB20009A70DA70994204D040F256310720E1F72A
:10EB3000D7FF084BD86804F0CEFE94F83D3004F1BE
:10EB400034000549013384F83D30BDE8104008F039
:10EB500057BF00BF70150021AFB20201F8B50446DF
:10EB6000DDE90650FF2684F820601C4EA789768ACE
:10EB7000073EBE422FDD00260027C4E92067267F1E
:10EB8000E6B9551B63F100060027C4E92256A1FB34
:10EB900000050026121A63EB05034942C4E91A2353
:10EBA00060EB0000C4E92823636DC4E92467C4E96D
:10EBB0001C10C4E92A1023B10020F8BD15461E46DA
:10EBC000E2E7A07BE3F7EEFA60650028F4D184F871
:10EBD000200084F850000720EFE700BF70150021E7
:10EBE000C16D10B5044629B1074BD86804F073FE17
:10EBF0000023E3652046FFF773FD002384F82030EF
:10EC000084F8503010BD00BF70150021014B1B6807
:10EC10001B681847EC060021014B1B685B6818470E
:10EC2000EC060021014B1B689B681847EC0600218D
:10EC3000014B1B681B691847EC060021014B1B6840
:10EC40005B691847EC060021014B1B689B6918475C
:10EC5000EC060021014B1B68DB691847EC0600211C
:10EC6000014B1B68DB6A1847EC06002110B4034C0B
:10EC70002468E468A44610BC604700BFEC0600218D
:10EC800000220E4938B50446134644FA02F0D5B2C4
:10EC90000132C00742BF581CCD54C3B2042AF4D17C
:10ECA000C3F10402042B054D4FF0FF01D2B288BF1F
:10ECB0000022E81803F0AAFD2C7138BD5C1A00216F
:10ECC000014B187D704700BF90150021042810B536
:10ECD00011D883B104280CBF10242824A1420AD2E1
:10ECE000064C54F8200018B141568A42A8BF0A4683
:10ECF00000201A7010BD6FF01500FBE79015002181
:10ED00000228034610DC10F1270F0FDB2830084AD9
:10ED100040B2105C024492F92C209A4207D000299C
:10ED200018BF0130C0B270470F20704700207047F5
:10ED3000E8550301022808B506DCFFF7E1FF034BA5
:10ED4000034493F92C0008BD0320FCE7E8550301B8
:10ED5000014B01221A60704700500041044A012310
:10ED600053600023C2F80031024A1370704700BF9D
:10ED700000500041A5150021014B01221A70704777
:10ED8000A5150021054BD3F8003123B9044B1878A1
:10ED900000F0010070470120FAE700BF0050004179
:10EDA000A5150021024BD3F8080400F001007047BC
:10EDB00000500041024BD3F8140400F001007047EA
:10EDC00000500041024BD3F81C0400F003007047D0
:10EDD0000050004107490246D1F81804D1F8181430
:10EDE00010F4803005D0D0B201F003031B1A584252
:10EDF000584170470050004170B5094D0126044646
:10EE00002E70FFF7BFFF28B9064B6E706C60C3F819
:10EE1000046370BD002CFCD0A04700236B60F8E7B2
:10EE2000A815002100500041024B00221A705A70B0
:10EE30005A607047A815002138B504463830064D91
:10EE400080B2AC81288100F00FFB6881204600F081
:10EE50000BFBE88138BD00BFA8150021014B188AC3
:10EE6000704700BFA8150021014B1889704700BFEB
:10EE7000A8150021014B5889704700BFA815002133
:10EE800008B509B3F8B14FF0FF331A46E0FB013281
:10EE90000E498A4204D940F257116D2003F052F80E
:10EEA000180D4FF22441C3F30F1340EA0230B0FBB8
:10EEB000F1F203EB0040064B03FB1200B0FBF1F054
:10EEC00040EA0240013008BD0846FCE73F420F001F
:10EED000000024F410B5EFF3108472B6064A937C58
:10EEE0000133DBB29374937C012B01D1FFF730FF28
:10EEF00004B962B610BD00BFA815002108B5FFF720
:10EF0000E9FFFFF73FFF084A084B30B101211161CB
:10EF10000422DA7400221A7508BD0321D974012174
:10EF2000C2F80413F6E700BF00500041A815002105
:10EF300010B5EFF3108472B6094A937C23B94FF4ED
:10EF4000BA716D2002F0FEFF937C013BDBB293743B
:10EF5000937C0BB9FFF702FF04B962B610BD00BF86
:10EF6000A815002137B5194C94F8203063B9606AB0
:10EF700000F00300FFF72EFF30B1EFF3108372B6FD
:10EF8000E27C1AB103B962B603B030BD0122E2746B
:10EF900003B962B680230E4DC5F808334FF42073D1
:10EFA000ADF80630BDF806309BB25A1E92B2ADF8ED
:10EFB0000620002BF6D1C5F81C3184F82830FFF765
:10EFC0009DFF8023C5F80433DEE700BFA8150021AC
:10EFD00000500041F8B5264C94F82930002B45D05C
:10EFE000244BD3F80071D3F8046157B10122C3F860
:10EFF000082363782BB10025636865700BB19847CF
:10F0000065601C4D3EB10023C5F804310223C5F8EC
:10F010000833FFF7A7FFD5F81C3194F82860F6B243
:10F0200037B1E27C032A01BF0422E27401222A6183
:10F030007BB1104B0022C3F81C21E37C042B04D0CD
:10F0400040F20B216D2002F07DFF0223E374FFF7F5
:10F050006FFF5EB1002384F82830E37C022B01D1DE
:10F06000FFF74CFFBDE8F840FFF762BFF8BD00BFF7
:10F07000A81500210050004110B5044C606A00F052
:10F080000300FFF7A7FE0028F8D010BDA815002147
:10F09000F8B5054650B10278022A07D8437842B93C
:10F0A000013B1F2B02D88378212B07D96FF0150065
:10F0B00069E0002BFAD18378002BF7D1684B20222E
:10F0C000C3F88020BFF34F8FBFF36F8F654EC3F837
:10F0D00080214FF0FF33644CC6F808330023C6F894
:10F0E0000031C6F80431C6F81C31A374AB88238202
:10F0F000FFF758FE10B101232370A374D6F80C2437
:10F10000D6F80C34D60303D5D80701D5FFF734FE63
:10F110004FF4AF60FFF790FE0123AA7863622B786B
:10F1200062750022012B84F8203022752CD0022B2E
:10F130002DD0002B38D1FFF73DFE00283ED0FFF741
:10F1400041FE636A03F00303984237D1AB7983BB76
:10F15000FFF792FF637D63B12B7853B9FFF712FE7F
:10F16000054603F065F86FF00043002D75D0C4E943
:10F17000060301232022002084F82930384BE07454
:10F18000C3F880211A60F8BD02236362D3E7FFF75A
:10F19000A1FE344BD3F80C14D3F80C24C903F9D5D1
:10F1A000D207F7D50323F0E740F25D316D2002F07E
:10F1B000C9FE2C4B0222C3F80423CBE7294E0123BE
:10F1C000F3600023C6F8043194F82430C6F81835EB
:10F1D0000CF036F988B10123C6F84C350123B36031
:10F1E0000223C6F80433AB79002BB3D1D6F804332D
:10F1F0009B070FD44FF44571D8E70CF023F9002892
:10F20000E9D10CF021F90028E5D10CF01FF9002814
:10F21000E1D1E3E7154B1F691A6907F0100742F0C7
:10F2200010021A61D6F804310BB90CF014F90D4E26
:10F23000D6F8043173B1FFF71FFF27B90B4A1369E2
:10F2400023F0100313610223C6F808330023C6F825
:10F2500004317FE70CF0FEF8EAE7C4E9063088E7FE
:10F2600000E100E000500041A815002100ED00E0A1
:10F27000064B1A7810B5044632B901221A70FFF70E
:10F2800029FE2046FFF7B8FD002010BDD315002150
:10F2900010B5054C23782BB1FFF7C6FD0023237072
:10F2A000FFF746FE002010BDD3150021014B187951
:10F2B000704700BFD8150021044B1A79824283BFE2
:10F2C0001B68302202FB003000207047D815002157
:10F2D00043F60952C0F30803400A02FB03F302FBA2
:10F2E00000F003F5807300EB532070470346C0F332
:10F2F0000800C3F34E221B0E43EA0123090E10B58A
:10F300004FEA411C43F609544FEA431E4CEAD36CC2
:10F3100004FB00F0BEEB030E04FB02F200F580706C
:10F320006CEB010402EB50204FEA841C4FEA8E1272
:10F330004CEA9E6CB2EB0E026CEB040C4FEACC0C68
:10F340004CEA527CD200D31841EB0C01DA03C9031A
:10F35000801841EA534141F1000110BD48F2376C79
:10F36000430B0CFB03F300B54FEA134C43F6095E65
:10F370000F4B0EFB1C0000FB03F35B0D0EFB03FEAB
:10F3800003EB4C2343F6085CF444B0EB5C2F08D845
:10F390000EF5807E0B60A0EB5E20C0B210705DF8B1
:10F3A00004FB013300200B6010705DF804FB00BF0C
:10F3B0006F0C010070B5274DA94246D84FEA507C2A
:10F3C000254C43F6095E43F608564CEAC10CC0F3DF
:10F3D0004F3101EB0C41A4FB0C5C204D4FEA9C3CEF
:10F3E00005FB1C11A4FB01411D4C890B41EA0C419A
:10F3F00048F2376C04FB1104600B0CFB00F04FEA81
:10F40000104C18480EFB1C4505FB00F0400D0EFB90
:10F4100000FE00EB4C207644B5EB562F11D80EF5CC
:10F42000807EA5EB5E2E5FFA8EFE049D85F800E0DF
:10F430000D06090A281841F100011860596014608E
:10F4400070BD01304FF0000EEFE796219B2002F0D7
:10F4500079FD00BFFF7F841E83DE1B43000024F480
:10F460000080841E6F0C010048F23761420B43F6A6
:10F47000095C094B01FB02F2120C0CFB1201500259
:10F4800001FB0333013B5B0D0CFB03FCB1EB5C2F79
:10F4900088BF0130184470476F0C01001F280CD83A
:10F4A00000EB4003012010B4DB00054C04EB030C1F
:10F4B000E15010BCCCF8042070470020704700BF1A
:10F4C000E015002100F060BA08B5064B93F8002360
:10F4D000202A02D083F8280308BD2D21022002F043
:10F4E00031FD00BFE015002108B5064B93F800235D
:10F4F000202A02D093F8260308BD3321022002F00F
:10F5000021FD00BFE0150021094A92F80033202BAD
:10F5100008D003EB4303032102EBC30052F833305E
:10F52000406818473E21022010B502F00BFD00BFD5
:10F53000E015002130B440494FF0FF344FF0FF3563
:10F540000023FF223D480B700B618A70C1E9024520
:10F550004FF48054C0F88040BFF34F8FBFF36F8FDC
:10F56000374A4FF0FF35C0F8804101240B755460D5
:10F57000C2F80853C2F84035C2F84031C2F84435E9
:10F58000C2F844314FF40033C0F88030BFF34F8FDE
:10F59000BFF36F8F02F5A042C0F8803154609460D1
:10F5A000D2F80435002BFBD188694FF4E024254DB7
:10F5B0002349C2F80853C2F84843C2F840311F4CEF
:10F5C000C2F84431C2F84831C2F80431C1F80032FF
:10F5D0004FF40033236060B34FF0004301241A4D11
:10F5E000C1F8C031C0F88030C2F880300523C5F8BA
:10F5F0000445C1F840350C60D1F84031002BFBD0F8
:10F600000122114C0023C4F8082504F500544A6077
:10F61000CA60C1F84031C1F84035C1F8C031C0F806
:10F620008030C4F88030094B022230BCC3F8042378
:10F63000704701231360F6E71819002100E100E08C
:10F6400000C000410200070000F00041001001412D
:10F65000014B9861704700BF18190021B1F1FF3FBD
:10F6600008BFB0F1FF3FF8B500F0A280B84CD4E974
:10F6700002538B4208BF854273D0B64B0522C3F8B4
:10F6800008252378012B6DD0B34B4FF4E0224FF4C3
:10F69000803620F07F47C3F84823C3F808230022B0
:10F6A000AE4DC3F84021C3F84421C3F80863C3F842
:10F6B0004863C3F84021D3F80425BA1A1540002D39
:10F6C00071D022F07F42B2F5000F6CD8C3F84075BC
:10F6D000C3F844630022A24E4FF48057A270C6F8CC
:10F6E0008070BFF34F8FBFF36F8F9E4B01254FF09C
:10F6F000FF3CC6F880715D60C3F808C3C3F84025BD
:10F70000C3F84021C3F84425C3F844212275D3F837
:10F71000042522F00302C3F80425D3F8082542F09B
:10F720000302C3F80825102292FAA2F2B2FA82F27A
:10F73000092A00F30881C3F81025DD60864AC6F85F
:10F7400080713760884E2570C2F8C061C3F8806050
:10F750000423804EC6F804356370C4E90201C2F880
:10F760004853F8BD7C4A4FF4C0234FF4803720F053
:10F770007F4CC2F84833C2F808330023774EC2F8F2
:10F780004431C2F80873C2F84873C2F84031D2F865
:10F790000435ACEB0303334205D023F07F43B3F5CC
:10F7A000000F40F2BB8040F202316C2002F0CAFB35
:10F7B000694BD3F8001100297BD0664A0521644CBF
:10F7C000C2F808152278012A00F0B3804FF4E02136
:10F7D0000022C3F84813C3F80813C3F84021C3F844
:10F7E000442100205E4A4FF48051A070C2F880107E
:10F7F000BFF34F8FBFF36F8F5A4D4FF0010C4FF097
:10F80000FF33C2F88011C5F804C0C5F80833C5F845
:10F810004005C5F84001C5F84405C5F84401D5F8D0
:10F820000435207523F00303C5F80435D5F80835F1
:10F8300043F00303C5F80835102393FAA3F3B3FA92
:10F8400083F3092B7FDCC5F810354FF00043C5F872
:10F850000CC0C2F8801111603F4AC2F80001C2F822
:10F860008031C5F880303B4BC3F804C5EFF31087F7
:10F8700072B6D2F80415D2F8043173B92669002F94
:10F8800039D162B6D2F80031002B38D0C2F800016D
:10F89000C5F804C0C5F80CC0E8E72369013323614B
:10F8A000C2F80401D2F80415D2F80431002BF4D1C7
:10F8B000E4E7EFF3108072B6D3F80455D3F80421CF
:10F8C000234C62B9236900B962B64FF080720320FD
:10F8D0000021E3FB0201401941F10001C7E6226962
:10F8E00001322261C3F80411D3F80455D3F804217E
:10F8F000002AF4D1E6E7D2F80031002BC6D101315D
:10F900004FF000034FF0807243F10003E6FB021357
:10F910004FF60272C4E902132280F8BDC2F840C556
:10F92000C2F84473D2F80435EB1A33427FF4D2AEF6
:10F93000F8E74FF4C0220021C3F84823C3F8082396
:10F94000C3F844114DE740F29131084802F0F0FA53
:10F950001819002100F0004100100141FEFFFF00D6
:10F9600000E100E000C00041020000807059030186
:10F97000014BD3E90201704718190021014BD3F85C
:10F98000040570470010014138B5EFF3108572B6D9
:10F990000E4A0F49D2F80405D2F804315BB10024B5
:10F9A0000B6901330B61C2F80441D2F80405D2F8A7
:10F9B0000431002BF4D10C6905B962B6FFF788FC5D
:10F9C000044B0021E4FB030138BD00BF00100141DE
:10F9D000181900210080841E30B4EFF3108572B630
:10F9E0000E4A0F49D2F80405D2F804315BB1002465
:10F9F0000B6901330B61C2F80441D2F80405D2F857
:10FA00000431002BF4D10B6905B962B600214FF027
:10FA1000807230BCE3FB0201704700BF001001415F
:10FA200018190021012838B510D800F110048200FF
:10FA30000121304B00F5A87002F5A072A14000240E
:10FA4000C3F8081343F82040D45038BD031FDBB27D
:10FA5000022B49D8284A1178C1B94FF48031274A7E
:10FA600003F5A8709940C2F80813C2F8481352F879
:10FA70002000D2F804452249001B01400029E4D0AF
:10FA80009B00002103F5A073995038BD547884423F
:10FA9000E3D11C4805240129C0F8084508D00024FA
:10FAA0004FF0FF304FF0FF311470C2E90201D4E78C
:10FAB00015484FF48054C0F88040BFF34F8FBFF318
:10FAC0006F8F4FF0FF35C0F880410A480024416035
:10FAD0001475C0F80853C0F84045C0F84041C0F85C
:10FAE0004445C0F84441DAE740F29D316C2002F011
:10FAF00029FA00BF00C0004118190021001001417F
:10FB0000FEFFFF0000F0004100E100E0012838B5F1
:10FB100020D8394BD3E90241B1F1FF3F08BFB4F11E
:10FB2000FF3F4DD0002A5CD0012300F1100433497F
:10FB300003FA04F4C1F8044300F5A87441F8242042
:10FB400000248B64D1F84855C1F84845AA423FD9F2
:10FB5000184638BD031F5FFA83FCBCF1020F3BD887
:10FB6000254B197811B15B7883423FD04FF4803137
:10FB70004FEA8C03224D22F07F4403F5A07301FA73
:10FB80000CF200211F48C5F80823C5F84823595135
:10FB9000D5F80435E31A184023F07F43401A18BF04
:10FBA0000120B3F5000F88BF00200028D1D00CF54C
:10FBB000A87345F82340C5F80423C5F8442338BD8D
:10FBC0001B7D002BAED140F22F316C2002F0BAF930
:10FBD000FFF728FF204638BD40F257316C2002F075
:10FBE000B1F940F233316C2002F0ACF940F25331FC
:10FBF0006C2002F0A7F900BF1819002100C00041D5
:10FC000000100141FEFFFF00144B1B78012B1AD09E
:10FC1000134B4FF4E0210022C3F84813C3F8081334
:10FC2000C3F84021C3F844210E4B00224FF0FF31AE
:10FC3000C3F80813C3F84025C3F84021C3F844258E
:10FC4000C3F844217047064B4FF4C0220021C3F88B
:10FC50004823C3F80823C3F84411E5E71819002125
:10FC60000010014100C0004120B1174B0122C3F830
:10FC70004423704730B40121134C144B4FF480528D
:10FC8000C4F84813C3F88020BFF34F8FBFF36F8FC2
:10FC90004FF0FF34C3F880210D4B4FF0FF350D4A74
:10FCA00059601075C3F808434FF0FF34C3F840059E
:10FCB000C3F84001C3F84405C2E90245C3F8440152
:10FCC000107030BC704700BF0010014100E100E03F
:10FCD00000C000411819002108B5394BD3F804239E
:10FCE000D00303D5D3F84021002A35D1344BD3F8C3
:10FCF0000423910303D5D3F84421002A46D1304B85
:10FD0000D3F80423520302D5D3F848215AB92C4B17
:10FD1000D3F8042132B12B4A0021C3F8041113692E
:10FD20000133136108BD00222749C3F84821D3F8E5
:10FD30004825D3F80435D31A194021B123F07F4365
:10FD4000B3F5000FE3D91E4B4FF480220620C3F811
:10FD5000082301F043FCDAE70022C3F84021D3F87E
:10FD60004025D3F80435D31A23F07F42B2F5000FB3
:10FD700003D8154A1A40002AB8D1114B4FF48032EB
:10FD80000420C3F8082301F029FCAFE70022C3F8E0
:10FD90004421D3F84425D3F80435D31A23F07F4205
:10FDA000B2F5000F03D8084A1A40002AA7D1044B25
:10FDB0004FF400320520C3F8082301F00FFC9EE742
:10FDC0000010014118190021FEFFFF0010B5294C59
:10FDD000A378FF2B21D0237873B10122022B227547
:10FDE00025D1254B0021C3F808254FF0FF324FF0F5
:10FDF000FF332170C4E90223204BD3F8042391037D
:10FE000002D5D3F84421EAB91C4BD3F80423D2031A
:10FE100002D5D3F8402112BB10BD184BD3F80433E0
:10FE2000002BF9D00720BDE8104001F0D7BB02231A
:10FE300060782370FFF7F6FD104BD3F8042391038D
:10FE4000E2D5DEE74FF400320120C3F8082301F0C9
:10FE5000C5FB0A4BD3F80423D203DDD5D9E74FF411
:10FE60008031FF220020C3F80813A270BDE81040C3
:10FE700001F0B4BB1819002100F0004100C000419E
:10FE80002DE9F04F1C4693B004EB440404920CAEF1
:10FE9000CDE90201FFF76CFD0191E200C049054682
:10FEA00001EBC404083204F1080354580A4424F056
:10FEB0007F4B92F80C90576892F80D80CDF8149013
:10FEC0000FCB86E80F005846FFF702FA4B46B54ABB
:10FED00001339042034400F27E81934200F3DD80BF
:10FEE000002BC0F2B9809A46FEF74CFFB8F1010F23
:10FEF000034608D0AC4ED6E902210A40013202D1B5
:10FF0000002800F0DE8007930BF07AFA019BAC42E8
:10FF1000069005EA030977EB0303079BA9F1FF3974
:10FF2000B9FA89F94FEA591903D3B9F1000F00F072
:10FF3000B880029A0321A21A8A42C0F2A880002B3C
:10FF400000F08E80029BE31A0293039B67EB03068B
:10FF50000BF056FA029B0930C217834276EB02037C
:10FF600080F0CB80049B012B00F09E80B9F1000F44
:10FF700000F0CF804FF0000920463946FFF76EFBB6
:10FF8000B7F1FF3F08BFB4F1FF3F00F029812546DC
:10FF900001975846FFF79CF9844AAAEB0003934265
:10FFA000C0F0B580A0EB0A009042C0F0F3807D4A1B
:10FFB000934200F2F180904240F21C817C4A121A76
:10FFC000D3170020FFF7A2FD824600285FD0764EAF
:10FFD000B8F1010FD6E9022300F0D580B9F1000F86
:10FFE00040F0A680B3F1FF3F08BFB2F1FF3F00F041
:10FFF000EB800120FFF738FE337C002B40F0DE80E1
:020000040102F7
:10000000621E4FF0060067F10003FFF77FFDB36942
:10001000002800F0B58000221A60059B08AD4FF063
:10002000FF320C948DF83C3000230D978DF8403052
:1000300008934FF0FF338DF83D805E4CCDE90A23E5
:100040000FCD0FC40FCD0FC495E8030084E8030063
:10005000504613B0BDE8F08FDFF85CA19A4443E747
:10006000514ED6E90232B2F1FF3F08BFB3F1FF3F74
:100070003FF468AFE31A069967EB02028B4272F114
:100080000003BFF45FAFB8F1010F3FF45BAF4FF077
:10009000000A504613B0BDE8F08FDFF814A19A446F
:1000A00022E72A46494646E7019BB3F1FF3F08BFD6
:1000B000B5F1FF3F00F0998025F07F4B4FF000092C
:1000C00067E70BF09DF9019A069005EA02030133F8
:1000D00003D0AC4277EB020303D2069BDA1C029BEF
:1000E00005E0337C0246002B2B4618BF0022E31AA2
:1000F0009A42CCDC4FF00109B3E7B8F10109204680
:10010000394618BF4FF00109FFF7A8FA38E71A4639
:1001100056E72A1B019B63EB0703042A73F10001D6
:1001200029DA012A73F10003B1DA25F07F4B30E7B9
:10013000B3F1FF3F08BFB2F1FF3F0BD00BF05AF90C
:100140004FF0FF324FF0FF33C6E90223B9F1000F41
:100150003FF452AF069B0520EA1A019B63F10003AE
:10016000FFF7D4FC00284AD0337C002B7FF448AF43
:100170000123337444E720463946FFF76FFAFFE660
:1001800001221A6049E7B3F1FF3F08BFB2F1FF3F18
:10019000DCD0D3E7424213E701321A4410E700BF34
:1001A000E0150021FF7F841E381900210040420F16
:1001B00000807BE1E81800210080841E0520FFF705
:1001C00031FC002333741BE70BF012F9FFF704FC3A
:1001D000C6E902010DE740F20F41702001F0B2FEC6
:1001E00040F21671702001F0ADFE40F27A6170208D
:1001F00001F0A8FE40F2CF71702001F0A3FE40F2A2
:100200002121702001F09EFE2DE9F04F904F83B028
:100210007C7C04EB44033B445D78202D46D08D4B21
:10022000E6B26400002B00F089808B4BDFF82C9243
:10023000002B61D005EB46124FEA461807EB420A45
:100240009AF81C30013BDBB2052B32D8844A12F8F5
:1002500003B0BBF1080F2CD0AFF30080EFF3108395
:1002600072B634449AF81D203C446270A278AA42C7
:1002700000F0E68013B9AFF3008062B6A84405EB46
:100280004505594609EBC50259F8353007EB4808D2
:100290005068012288F81C2098477C7C04EB4403BA
:1002A000E6B23B4464005D78202DC3D103B0BDE8C5
:1002B000F08F40F24561702001F044FE4FF02002C3
:1002C000A270002B00F0BA80A84405EB4505594602
:1002D00009EBC50259F8353007EB48085068012290
:1002E00088F81C2098477C7C04EB4403E6B23B442E
:1002F00064005D78202DD9D005EB46124FEA4618F0
:1003000007EB420A9AF81C30013BDBB2052BD0D830
:10031000534A12F803B0BBF1080FCAD0AFF3008004
:10032000EFF3108372B634449AF81D203C44627097
:10033000A2789542C2D0002BC6D17FE0464B4FF049
:100340002009DFF81CB1DFF814A1002B4DD005EB1C
:1003500046124FEA461807EB4202137F013BDBB21D
:10036000052BA6D81BF803100829A2D0EFF31083A1
:1003700072B63444527F3C446270A278954208BF02
:1003800084F80290002B50D0A84405EB45050AEBF9
:10039000C5025AF8353007EB48085068012288F842
:1003A0001C2098477C7C04EB4403E6B23B44640089
:1003B0005D78202DCBD179E762B6A84405EB4505E1
:1003C0000AEBC5025AF8353007EB4808506801229D
:1003D00088F81C2098477C7C04EB4403E6B23B443D
:1003E00064005D78202D3FF461AF05EB46124FEAC3
:1003F000461807EB4202137F013BDBB2052B3FF6A9
:1004000058AF1BF8031008293FF453AFEFF31083E4
:1004100072B63444527F3C446270A278954208BF61
:1004200084F80290002BC8D1C6E70191AFF3008099
:1004300062B6A844019905EB4505A8E762B643E713
:100440004FF02002A270002B7FF418AF13E700BF1B
:10045000381900210000000000000000E015002114
:10046000245603012DE9F04FDFF82CA1994601EB4A
:1004700041034FF0200E85B093461AF803400391D4
:10048000744582F800E000F082804A01CDF80490C3
:100490000646DFF80881D94611460FE0737B012B31
:1004A00002D0437D012B57D00B1989F80040A64696
:1004B0000AEB43035B7F202B5DD01C4604EB44001A
:1004C00035684FEA440B08EBC000D0E90323876886
:1004D000DB1942F100029D4273689341DED2DDF8E0
:1004E00004905D46039B89F800E04FEA431B2819FE
:1004F0003768D6E9012308EBC00013EB070CD0E9FD
:10050000023142F10002634571EB020211D3427DD8
:10051000012A02D0727B012A03D0012005B0BDE878
:10052000F08F01930AF06CFF019B0130DB1B8342CB
:10053000F3DA254489F80040B27B0BEB040308EBA7
:10054000C5050AEB4303A97D91421CD95C7F202C91
:100550004FEA4405CBD1E0E70291ED1B0AF050FFD2
:100560000130029985429FDA5D46CB46DDF8049062
:100570009BF800E0B6E7DDF80490012089F8004020
:1005800005B0BDE8F08F002005B0BDE8F08F012078
:1005900089F80040C2E700BF38190021E0150021AA
:1005A0002DE9F04F0C46154683B01E469DF830707D
:1005B000FEF75AFF22684519636846F10006954226
:1005C00076EB030342D3DFF88C8005E05D4576EBE4
:1005D00009033BD3C4E900B90DF107030DF106028D
:1005E00039462046FFF73EFF88BB9DF80730617B08
:1005F00003EB430308EBC303D3E902A01A691AF122
:10060000030B40F1000012EB0B0B40F10009012934
:10061000DCD05B7D012BD9D10AF0F2FEABEB0A03F3
:1006200001308342D2DA9DF8073003EB430308EB35
:10063000C303D3E902B90AF0E3FE013010EB0B0B60
:1006400049EBE0795D4576EB0903C3D2002003B0A6
:10065000BDE8F08FE01500212DE9F0471C46177A20
:1006600092F809C0002388B0154612780646E36068
:100670009DF84080A7730F4684F80DC0A360E27315
:10068000C4E90033002A3AD1FEF730FE3D4BD5E9EC
:10069000042CC31841F1000E9A427CEB0E030AD3DE
:1006A000013E4FF47A7347F1FF372660C4E90173C6
:1006B00008B0BDE8F0872C3041F1000182427CEBAC
:1006C0000103EDD3501E04F10C0304AA6CF10001E8
:1006D000009306ABFEF76EFE049B68680DF10F02F7
:1006E000023305A91844FEF739FE0799DDE9053202
:1006F00061609B1A226023F07F43A360D8E704F176
:100700000C0206A92048FEF729FE204B1B78202B5F
:1007100024D01F490B69D1E905210A3342F1000AAF
:1007200013EB01094AF1000A6B6805AA207B04F16A
:1007300008011844C4E9009A0230FEF70FFE286948
:1007400032463B462146CDF80080FFF729FF0028BE
:10075000AED1C4E9006708B0BDE8F08716F10A0918
:10076000637B47F1000A012BDED0FEF70BFB00286C
:10077000DAD10AF045FE10EB090399464AF1000A66
:10078000D2E700BF0040420FFF7F841EE018002127
:10079000E81800212DE9F04100EB40030646314DF9
:1007A0004700DFF8C480EC5CFFF7E8F84FF0200C5E
:1007B0004FEA461E04E04B7FA446202B1C464CD03B
:1007C00004EB44030EEB040108EBC30305EB41010A
:1007D0009A681B699B18121A1B1A22F07F4223F099
:1007E0007F43B3F5000FE6D8B2F5000FE3D8BCF1B4
:1007F000200F02D12046BDE8F081BA190CEB461358
:1008000071014FF0040E15F8028005EB43034446D6
:100810005B7FAB540B192246204605EB43039445FE
:100820005C7F83F81CE0F5D1BB192B4493F802E000
:10083000BEF1200F5FFA8EFC11D08C4405EB4C0CFE
:100840008CF81D800A443E44202305EB42023544C7
:100850005377A8702046BDE8F0811C46C7E783F8AF
:100860000180EFE738190021E01500212DE9F04162
:1008700001EB4103434D0C468046EE5C4F00202EB9
:1008800038D1414B0BB1AFF30080FFF7A5F8AB7C3B
:10089000202B0AD03D4B10F1020CD3E904E241F1C8
:1008A0000003E64572EB030329D3202E08D042460D
:1008B0003346FFF7E5FAB0B30220AE74BDE8F0812D
:1008C000D5E90223B3F1FF3F08BFB2F1FF3F19D1D1
:1008D0002B7C13BB0420FFF7A5F8FFF795F9002048
:1008E000FFF7C2F92021AB690022A97401201A6028
:1008F000BDE8F0810846FFF74DFF8642C1D00020D9
:10090000BDE8F0810AF076FD4FF0FF334FF0FF3283
:10091000C5E902232B7C002BDCD00520FFF782F8F1
:1009200000232B74D6E706EB44133A196101042027
:1009300005EB430315F802E05B7FAB5473469C461E
:10094000CA18664505EB4202537F1077F7D13B1971
:100950002B4498782028C2B210D00A4405EB4202FA
:1009600082F81DE03C4461442023002005EB410156
:1009700025444B7785F802C0BDE8F08183F801E09B
:10098000F0E700BF3819002100000000E81800213E
:10099000F8B52022154D002315494FF0FF364FF0D2
:1009A000FF37AA7042F22000AA741C4605F11C020F
:1009B0002B7428806B740B6081F82030C1E90267CA
:1009C000C5E9026702F814300134202CFAD1094835
:1009D00001F06CFC084B094A1C70107001F0E8FC37
:1009E000A861FEF7A7FD0123EB74F8BD38190021BB
:1009F000E818002109020201E01800211019002165
:100A00002DE9F04F83B0DFF87082FEF7E5FF064670
:100A10000C46FFF7F9F84FF0FF334FF0FF32C8E90B
:100A2000022398F82030D3B9D8F81800934AD8F8A0
:100A3000103000F5DF610333A2FB0121D8F8142048
:100A40004FEA912142F100021B1842F100025B18AB
:100A500042F100029E4274EB020380F0F7804FF0F7
:100A6000FF304FF0FF31FEF7F9FD854A92F800B0F4
:100A7000BBF1200F00F0FA80824D2023137000227A
:100A8000AB746B7CC8F8002003EB43025FFA83F978
:100A9000AF5C5B00202F00930AD0DFF8ECA107EBDE
:100AA00047037A000AEBC303D97D012900F0A48033
:100AB000009B4FEA4917DFF8D4A103EB09062E4447
:100AC0003478202C04D04846FFF764FE8442F7D1E6
:100AD000BAF1000F01D0AFF30080FEF77DFFAB7CD1
:100AE000202B09D010F1020ED8E9042341F1000CAB
:100AF000724573EB0C03E3D3202C18D0234601225C
:100B0000FFF7BEF9002852D007EB0B03AC7405EBDE
:100B100043031A7F022A31D0FF23AB71009B4B4461
:100B20001D446B78202B78D103B0BDE8F08FD5E958
:100B30000223B3F1FF3F08BFB2F1FF3F07D00AF035
:100B400059FC4FF0FF324FF0FF33C5E902232B7CF5
:100B5000002B4BD10420FEF765FFFFF755F800206E
:100B6000FFF782F8AB6900222021A9741A6007EB15
:100B70000B0305EB43031A7F022ACDD1009A06210D
:100B80004A4419772A4491782029CBB25BD03B4460
:100B900005EB430383F81DB0009B5F444B4405EB1A
:100BA00047072B4483F802B020237B77B4E73B1937
:100BB0003078042105EB430302465B7F3370134614
:100BC000BA189C4205EB42021177527FF7D1B178F7
:100BD0002029CAB228D03A4405EB42025077B370BC
:100BE0003B44202205EB43035A7769E70520FEF7D3
:100BF00019FF00232B74ADE75B7D012B16D1033663
:100C000044F1000417440AEBC70ADAE90223B242AE
:100C1000A34128BFCAE902644AE71D4B187803B014
:100C2000BDE8F04F01F06EBB7070D8E70192FEF79F
:100C3000A9F8019A0028E2D10AF0E2FB8619019A8C
:100C400044F10004DEE782F801B0A5E70C4B18215F
:100C50000D4A1B7801FB03F30721D018D3584068D5
:100C6000984740F2A621702001F06CF940F2B121C2
:100C7000702001F067F900BFE81800219300DC92B2
:100C8000E018002138190021E015002100000000C3
:100C90001019002138B50C4605460AF0B7FB11497A
:100CA0004B7C01F11C0C5FFA83FE0CEB831C0023D0
:100CB00002E00133202B13D01CF81320D8B2002AF5
:100CC000F7D103EB4E1E084A03EB430301EB4E0141
:100CD00042F8335002EBC30301225C600A7738BD4F
:100CE000184638BD38190021E01500211F28034699
:100CF00008D80A494A7C00EB421201EB4202107FFD
:100D0000012801D00020704791F811C0002203EBA8
:100D10004C1301EB43031A77704700BF38190021C9
:100D200010B5054CD4E90401FEF7E0FA237F013346
:100D3000181841F1000110BDE81800210378002BBC
:100D400040F0CF806C4A5368C3F308032DE9F04F9D
:100D5000814689B0002B40F0B480684D684E05F1A3
:100D60001C0ADFF8A0B126B1002140F23740AFF3F2
:100D700000806F7CFFB24FF00003AB7126B1002101
:100D800040F23C40AFF3008007F101080AEB871CFA
:100D900008F00108BCE80F000AEB88140FC4BCE897
:100DA0000F000FC4BCE80F000FC49CE80F0084E8DC
:100DB0000F0026B100214FF47370AFF3008007EBF2
:100DC000470708EB4803E95BEA199278E9522B449C
:100DD0009A7056B100214FF47470AFF3008026B1C1
:100DE000002140F24140AFF30080FEF7F5FD04AB77
:100DF0004A46CDF8008004460F46FFF72DFC26B189
:100E000000214FF48960AFF300803F4B1B78202B0B
:100E10003FD0DBF81030DBF814200A33DBF8181071
:100E200042F100025B1842F10002CDF80080DDE9DA
:100E30000401984271EB020C22D322463B4604A9DE
:100E40003248FFF7ADFB98B1DDE90401FEF74EFA39
:100E50009DF81C3001331B1841F10001C9F8103016
:100E6000C9F8141026B1002140F25B40AFF30080B6
:100E7000AB79002B7FF477AF012009B0BDE8F08F8C
:100E8000CDE9043204A922463B462048FFF788FBFF
:100E9000DAE714F10A039DF81D1047F10002012959
:100EA000C3D0CDE90232FDF76DFFDDE90232002843
:100EB000BBD10AF0A5FA029B039AC31842F10002C3
:100EC000B3E7103B59B200290DDB114B585C4009C8
:100ED0000028D2D0094D0A4E05F11C0ADFF824B0D3
:100EE00041E70020704703F00F03043B1344187ED2
:100EF00040090028EED1C0E700ED00E038190021DC
:100F000000000000E8180021E01800210040420F16
:100F100000E400E0B74A53682DE9F04FC3F308033B
:100F20008FB003900591002B40F047810823049374
:100F3000059B1B78012B00F23782AF4D25B10021B4
:100F400040F22950AFF3008000260127AB4C25B1B9
:100F5000002140F23650AFF3008027B9A84B0BB107
:100F6000AFF3008062B694F811B05FFA8BFB4FF0DC
:100F70000003A371049B002B40F0CF80D84625B11D
:100F8000002140F24A50AFF30080FEF725FD0AAB86
:100F9000059A8246CDF800B0FFF75EFB25B100212F
:100FA00040F25250AFF30080039B4FEA481703EB27
:100FB000481904EB490999F81C30013B012B00F258
:100FC00081802AF07F4A0A998E4EA1EB0A020C9B7F
:100FD000164022F07F42003E18BF0126B2F5000FF6
:100FE00088BF00265B18A3EB0A0323F07F43B3F509
:100FF000000F8CBF002606F00106002E65D108EB1D
:10100000480304224FEA4800234489F81C209978B9
:101010002029CAB200F0A1813A44039B04EB4202AA
:10102000537740441F444FF0010A204404EB470724
:10103000837020237B7725B1002140F25750AFF316
:101040000080714B0BB1AFF30080EFF3108847467F
:1010500072B6A379002B7FF47AAF039B6B4F03EB3F
:10106000430307EBC3070AAB08370FCB87E80F0032
:10107000BAF1000F0BD0049B3BB1002E40F0388139
:10108000637CDB4303F001036374FF23A371B8F1B6
:10109000000F04D15A4B0BB1AFF3008062B625B1FB
:1010A000002140F28E50AFF30080BAF1000F72D1F0
:1010B00025B1002140F29A50AFF3008050460FB0A6
:1010C000BDE8F08F4FF0000AB5E70DF127030DF1F1
:1010D000260259460AA8FFF7C5F98246002800F003
:1010E0009F809DF826609DF827C0664540F0B5803A
:1010F000202E00F04281BB1904EB43035B7F89F88B
:101100001D303E44039B04EB4606737700261F44C4
:10111000032304EB47073B778DE73D4B0BF10109B8
:1011200003EB8B1E09F0010903EB891CC846BEE8DE
:101130000F00ACE80F00BEE80F00ACE80F00BEE8FF
:101140000F00ACE80F009EE80F008CE80F0025B1FF
:1011500000214FF47370AFF300800BEB4B0B09EBE6
:10116000490334F80B1004EB0B029278E15223444C
:101170009A7055B100214FF47470AFF3008025B11F
:1011800000214FF4A860AFF30080A379002B7FF417
:10119000DEAECB46F3E6637C03EB43031C4463788B
:1011A000202B85D025B1002140F29550AFF300806F
:1011B000184B187801F0A6F87AE7103B59B20029CD
:1011C000C0F2CF80144B5B5C5B090493002B7FF46F
:1011D000AFAE124B1B78202B00F0EB80059B1B78E9
:1011E0000493002B3FF4A9AE40F22251702000F08E
:1011F000A9FE00BF00ED00E000000000381900214A
:1012000000000000FEFFFF0000000000E0150021CC
:10121000541900211019002100E400E0E018002119
:1012200008EB480304224FEA4800234489F81C20B5
:1012300099782029CAB200F09C803A44039B04EBC1
:101240004202537740441F44B2460026204404EB38
:101250004707837020237B77EDE6BCF1200F00F079
:10126000AD8007EB0C03202E04EB43035A7F00F004
:101270008C80BB194FEA480004EB4303597F5A772F
:1012800006914FF005097B180A468E4604EB43038E
:101290009445597F83F81C90F5D100EB0803079221
:1012A000234493F80290B9F1200F5FFA89FC74D0BF
:1012B000BC44069B04EB4C0C8CF81D3000EB08037F
:1012C000079A4FF0200C23443A44664583F802E025
:1012D00004EB4202039B82F81DC03B4404EB430332
:1012E00059777FF40EAF4044039B564623540EE7D4
:1012F000354B1B78202B7FF4C3AE59460220FFF7F5
:10130000B5FA00287FF4BCAE637C0420DDF80CE065
:1013100003EB43010EEB431221445FFA83FC04EB21
:1013200042028F7810775A01202F4FEA4303F8B218
:1013300036D0111804EB410181F81DE07146634479
:101340000A44B246234404EB4202997020235377A7
:10135000B8F1000F7FF4A3AE9CE6039A5A701346CF
:101360005FE603F00F03043B13441B7E5B09049309
:101370002CE7039A5A70134664E708EB48034FEAD8
:101380004800E35C89F81D30ADE708EB48034FEAFD
:101390004800E15CE254069173E7069A5A708DE7C3
:1013A00081F801E07146CAE740F22651702000F052
:1013B000C9FD40F21F51702000F0C4FD40F2CB1176
:1013C000702000F0BFFD00BFE01800212DE9F84FAC
:1013D0007C4C4FF0010ADFF8F0810546B8F1000FB0
:1013E00004D0002140F2AC50AFF30080BAF1000FFE
:1013F00004D1764B0BB1AFF3008062B64FF000031F
:10140000A371B8F1000F04D0002140F2B150AFF346
:101410000080667C6E4B771C5FFA86F903EB8616BC
:1014200007F0010703EB871C0FCEACE80F000FCECF
:10143000ACE80F000FCEACE80F0096E80F008CE888
:101440000F00B8F1000F04D000214FF47370AFF318
:10145000008009EB490307EB4702E15AE0184FEA25
:1014600047098378A15222449370B8F1000F04D049
:1014700000214FF47470AFF30080A37903F0FF01F3
:10148000002B7ED1B8F1000F03D040F2BB50AFF378
:10149000008005EB47137E0104EB43031B7F032B06
:1014A00040F08D8009EB070314F803B05D4518BFC9
:1014B000BBF1200F14BF012200226CD05B46F21852
:1014C000194604EB42035B7F9D4218BF202B14BFDB
:1014D00001220022F3D1202B69D09B455FD03344F9
:1014E000314404EB430304EB41015B7F4B77B8F1DC
:1014F000000F0CD0002140F23E30AFF30080B8F175
:10150000000F04D000214FF4B860AFF300802E44E8
:10151000012304EB46063377B8F1000F04D0002115
:1015200040F2C950AFF300802A4B0BB1AFF30080FB
:10153000EFF3108A72B6A379002B7FF44FAF5D45AD
:1015400003D1254B1B78202B33D0637CDB4303F086
:1015500001036374FF23A3714FF00109BAF1000F77
:1015600004D11A4B0BB1AFF3008062B6B8F1000F93
:1015700004D0002140F2EB50AFF300804846BDE8B4
:10158000F88FB8F1000F3FF431AF002140F2B750AF
:10159000AFF3008022E7BBF1200F08D05B46334455
:1015A000B94404EB43035B7F04F809309FE791469D
:1015B000D4E739460220FFF759F90028C5D14FF08A
:1015C0000009CBE7381900210000000000000000EE
:1015D0005419002100000000E018002170B586B009
:1015E000072809D8DFE800F02C0808080819040AC1
:1015F000574B01229B691A6006B070BD554B042100
:10160000554A1B7803EB430302EBC30052F8333017
:10161000406806B0BDE8704018474D4C237C002B55
:1016200046D0D4E90223B3F1FF3F08BFB2F1FF3F38
:1016300078D00120FEF718FB0023237406B070BD9C
:10164000434CD4E90223B3F1FF3F08BFB2F1FF3F9F
:101650004AD0404E0120FEF707FB3378202B4AD0BA
:101660003E4D6A7F012A30D0FDF78CFB034658BB04
:1016700094F89C200132D2B2312A84F89C2062D89E
:101680004FF47A7230786946CDE90032CDE9023301
:10169000CDE90433FFF73EFC00284FD095F82040F9
:1016A000012385F82030FFF7ABF985F82040A3E748
:1016B0002A494FF0FF34274B4FF0FF35264A1B785D
:1016C000C1E9024505219DE73378234A03EB430333
:1016D000002102EBC30052F8333084F89C104068BC
:1016E00006B0BDE87040184709F082FEFEF774F9B5
:1016F000C4E90201ADE7637C03EB4301DAB2635C4A
:10170000202B16D003EB421204EB4202507F6054B0
:10171000FF21A1710221114D33701177002285F84C
:1017200020209EE709F064FEFEF756F9C4E90201A5
:101730007FE740F24221702000F004FC40F2146187
:10174000702000F0FFFB4FF4C261702000F0FAFB44
:1017500038190021E0180021E0150021E8180021C7
:10176000224B70B51A7886B0202A35D0204CD4E9A7
:101770000213B3F1FF3F08BFB1F1FF3F31D102EBDC
:1017800042021C4E054606EBC206D6E90201FDF7F1
:10179000ADFD337D00225B195241013342F100025D
:1017A000181804AB42EB01010DF10B02009203AAE1
:1017B000FDF700FE9DF80B2005200F2ADDE904133C
:1017C00094BF00220122521843F10003A260E3609B
:1017D000FEF79CF906B070BD40F2AA71702000F0CF
:1017E000B1FB40F2AB71702000F0ACFBE0180021BF
:1017F000E8180021E0150021FEF7C0B838B5254BE8
:1018000093F800E0BEF1200F3FD0234D6B7C95F89C
:1018100011C003EB43035FFA8CFCEB5C202B25D05B
:101820004FEA4C1C1D4C05E0634405EB43035B7F12
:10183000202B1BD003EB430204EBC202917D8142BB
:10184000F2D80EEB4E0E04EBCE04D4E9021320695D
:101850004018D2E9021243F10003C41C43F1000313
:10186000A14272EB030304D2002038BD4FF0FF30D9
:1018700038BD0B4B081A1C680338FDF729FD04F12D
:1018800040038342F0D8001B38BD40F2DF71702066
:1018900000F058FBE018002138190021E015002164
:1018A000E81800218B4B2DE9F04F1D7887B0202DD3
:1018B000019000F00981DFF820920646DFF81C82D3
:1018C0000DF1130299F811308B46D8F8000005A9E4
:1018D00003EB4303304419F80340D8F81030039366
:1018E000D8F818300293FDF739FDA6F140027C4B81
:1018F0009A4268D805EB4505DFF8E8A1059B0AEB9D
:10190000C5018A6808699B18D8E904561818401B55
:1019100020F07F43B3F5000F55D899F81120202C03
:10192000C8F81800D2B288F81EB000F0C08052018A
:10193000DC462021934604EB440240194FEA440759
:101940000AEBC20246F1000ED2E90263864273EB53
:101950000E0346D3537D012B03D098F81D30012B85
:1019600035D005200091FEF75DF8009999F8110037
:101970004FF0FF324FF0FF332029C0B2C8E90223F5
:1019800040F0938000EB4000202419F80030514AC9
:1019900099F81110127802EB411209EB42025377C9
:1019A000D8F80030019A1344C8F80030FF2389F8B2
:1019B0000630202C35D04C4B187800F0A3FC0020CA
:1019C00007B0BDE8F08F012007B0BDE8F08F0091AF
:1019D000751B09F015FD013000998542C1DA98F8B0
:1019E0001EC027440AEBC707BB7D63450DD90BEB2F
:1019F000040309EB43035B7F202B16D02146D8F864
:101A000018001C46D8E9045695E7DDE902320220A9
:101A10009B18D8F810209B1AC8F8183007B0BDE8FA
:101A2000F08F002007B0BDE8F08F0520FDF7FAFF2A
:101A300099F811004FF0FF324FF0FF33C0B2C8E900
:101A4000022304EB40134FF0050C00EB400209EBBE
:101A5000430319F802A046005B7F410109F80230F8
:101A60005346CF181A461D4609EB470794427B7F21
:101A700087F81CC0F5D137184F4497F802E0BEF143
:101A8000200F5FFA8EFC0DD08C4409EB4C0C8CF8C7
:101A90001DA00A443044202109EB420248445177FA
:101AA000857074E787F801A0F3E70C46C9E70520C5
:101AB000FDF7B8FF4FF0FF324FF0FF3399F81100F8
:101AC000C8E90223C0B25DE740F60801702000F0CB
:101AD00039FA00BFE018002138190021E818002168
:101AE000C03F420FE0150021101900212DE9F84FE9
:101AF000944C637C00EB431304EB43031B7F002BEC
:101B000000F01B81667C05468F4FF6B227B100219D
:101B100040F64700AFF300804FEA461805EB461643
:101B200004EB4606002F40F0AC8008EB050604EB02
:101B30004606337F012B09D01A1F022A00F29A8031
:101B400008EB0503012204EB43031A774FF0010A67
:101B5000DFF8F89127B1002140F65E00AFF3008076
:101B6000BAF1000F04D17A4B0BB1AFF3008062B62B
:101B70004FF00003A37127B1002140F66300AFF3DB
:101B8000008094F811C00CF101065FFA8CF809EBA3
:101B90008C1C06F00106BCE80F0009EB861EAEE8BF
:101BA0000F00BCE80F00AEE80F00BCE80F00AEE885
:101BB0000F009CE80F008EE80F0027B100214FF4C2
:101BC0007370AFF3008008EB480806EB460334F867
:101BD000081004EB08024FEA460B9278E1522344C6
:101BE0009A7027B100214FF47470AFF30080A3798D
:101BF00003F0FF01002B58D11FB140F66D00AFF389
:101C000000800BEB060323445878202810D085422F
:101C100000F08480804671014246C2468B1804EB76
:101C2000430393F81D80454548D0B8F1200FF3D108
:101C300027B1002140F67100AFF30080454B0BB196
:101C4000AFF30080EFF310839A4672B6A279002AB0
:101C500080D16674FF22A27123B93D4B0BB1AFF363
:101C6000008062B627B1002140F68300AFF3008008
:101C7000BDE8F88F09F0EEFB337F012B7FF45CAFFA
:101C800064E7337F012B3FF461AF1A1F022A36D974
:101C9000002140F65300AFF3008009F0DBFB002188
:101CA00040F65700AFF300803CE7002F3FF458AFF9
:101CB000002140F66900AFF300804BE7B8F1200F38
:101CC000B6D0404530D00A44414404EB410104EB16
:101CD00042024B7F537727B1002140F23630AFF3F9
:101CE00000800BEB060323449B7898450AD0002F15
:101CF000A4D0002140F23E30AFF3008098E70123EA
:101D00003377CCE727B1002140F23930AFF30080C0
:101D10000BEB0603234483F802A0E8E7202887D0D2
:101D200080464FF0200A710141440BEB060304EB9F
:101D3000410123444A7F5A70CDE740F63E017020AE
:101D400000F000F9381900210000000054190021AA
:101D5000000000000000000070B586B05BBB0546C7
:101D600010460C460DF10B06FDF7B2FA024621466D
:101D700004AB1446284603AA0096FDF71BFB039A02
:101D80001249A31A8B4209D3121B8A420CD3104961
:101D90008B420BD88A4213D90E4B9B1A0A9AA2F196
:101DA0000F00C01A06B070BD5342F7E703F1F453B9
:101DB00003F59023F2E740F68901702000F0C2F8A5
:101DC00040F2CF71702000F0BDF800BF0040420F1C
:101DD000FF7F841E00807BE1BFF34F8F0549064BD8
:101DE000CA6802F4E0621343CB60BFF34F8F00BFB9
:101DF000FDE700BF00ED00E00400FA05094B0122F9
:101E00005A604FF0FF32C3F808234FF40052064BDC
:101E1000C3F88020BFF34F8FBFF36F8FC3F88021CB
:101E2000704700BF00D0004100E100E0094B0122F3
:101E30005A604FF0FF32C3F808234FF48032064B4C
:101E4000C3F88020BFF34F8FBFF36F8FC3F880219B
:101E5000704700BF0000014100E100E010B51349E8
:101E600000230122124CC1F8FC3FC1F8FC2FDA001C
:101E7000013302F1FF7202F58032D2F800032040F4
:101E8000884202BFD2F80003D2F804230260202B5C
:101E9000EDD1084B4FF48072C3F88020BFF34F8F11
:101EA000BFF36F8FC3F8802110BD00BF00800041D9
:101EB00000F0FFFF00E100E0F8B51B4E05460C46C0
:101EC000174633786BBB00F061FA09F08AFA174BBA
:101ED0007760002D08BF1D463472FFF7BFFF28460C
:101EE000FFF7A4FFFFF78AFF09F08CFA0546B0B9A7
:101EF000FEF74EFD09F088FA09F08FFA002C0CDB92
:101F000004F01F0264090123A400934004F160441B
:101F100004F56144C4F880312360012333702846FE
:101F2000F8BD4FF0FF35FAE7D81900212A56030112
:101F300008B572B6024B5B6803B19847FFF74CFFD8
:101F4000D81900211FB572B6134B5D688DB9FFF724
:101F500043FFB4FBF6F4D3B20132002CF9D103F104
:101F600010026A4402F80C4C0A2233B901A8A847AF
:101F7000EDE7044600220A26EDE7013BDBB203F160
:101F800010040DEB0406B0FBF2F402FB1400303039
:101F900006F80C0C2046E8E7D8190021074B93F906
:101FA0000830002B09DB5A09012103F01F034032DE
:101FB00001FA03F3024941F822307047D819002191
:101FC00000E100E0014B1878704700BFD8190021EC
:101FD0002DE9F84FDFF8C4A00126314C0746314DFA
:101FE000DFF8C4909AF800805FFA88F8FF238AF837
:101FF0000030B8F1000F01D08AF80130EFF3108201
:1020000072B600236660C4F80031C4F80431C4F825
:10201000047526603AB962B605E0D4F8043133B9E4
:102020002B69DB0620D4D4F80031002BF5D0D4F88E
:102030000431002BE2D1B8F1000F13D19AF801302E
:10204000DBB28AF8018003214FF40052C4F8081370
:10205000C4F80481C4F80081C9F880218AF800809E
:10206000002BBFD1BDE8F88F4FF40053C9F8803181
:10207000EFF3108B72B60323C4F80433D4F80031A5
:1020800013B9D4F804311BB1BBF1000FCBD1C2E7B7
:1020900009F0E0F9BBF1000FC5D1BCE7E41900215C
:1020A00000D0004100ED00E000E100E070B5154611
:1020B000DA078CB01C4686468C4640F1A280C37B72
:1020C0006E4642788DF80030837B8DF80E208DF8B7
:1020D0000130437B8DF80230037B8DF80330C37AE7
:1020E0008DF80430837A8DF80530437A8DF8063008
:1020F000037A8DF80730C3798DF8083083798DF82D
:10210000093043798DF80A3003798DF80B30C378A4
:102110008DF80C3083788DF80D3003788DF80F3002
:10212000CB7B4A788DF810308B7B8DF81E208DF894
:1021300011304B7B8DF812300B7B8DF81330CB7A3E
:102140008DF814308B7A8DF815304B7A8DF8163067
:102150000B7A8DF81730CB798DF818308B798DF894
:1021600019304B798DF81A300B798DF81B30CB78FC
:102170008DF81C308B788DF81D300B788DF81F3062
:102180003046FFF725FFA30731D59DF82F009DF8B6
:102190002E109DF82D209DF82C30287069709DF828
:1021A0002B009DF82A10AA70EB709DF829209DF84D
:1021B0002830287169719DF827009DF82610AA71B2
:1021C000EB719DF825209DF82430287269729DF8E6
:1021D00023009DF82210AA72EB729DF821209DF831
:1021E000203028736973AA73EB730CB070BD0DF1C6
:1021F000200CBCE80F0028606960AA60EB600CB09E
:1022000070BD6E46DEF80410DEF80820DEF80C30F3
:10221000B6460068AEE80F00DCF80000DCF80410F9
:10222000DCF80820DCF80C30AEE80F00A8E700BFAF
:102230001B4B4FF4803270B5C3F88020BFF34F8F33
:10224000BFF36F8F174D0021174CC5F80011C3F86D
:1022500080212669236906F0100643F010032361EC
:102260000123C5F804332B60D5F80031A3B11EB9A2
:10227000236923F0100323610A4B0122D3F80805D8
:102280005A60C3F808230022C3F800214FF48032BB
:10229000034BC3F8802170BD09F0DCF8E4E700BF10
:1022A00000E100E00000014100ED00E002460C49C1
:1022B000052038B50138C0B2FF2803D14821692074
:1022C000FFF740FE01EBC0031D7905F0FF04002D70
:1022D000F0D141F8302001225C719C711A7138BD37
:1022E000E8190021042808B503D94F216920FFF718
:1022F00029FE034B03EBC0000023037108BD00BFA0
:10230000E8190021042808B503D958216920FFF7EE
:1023100019FE094B03EBC0000379012B01D05921B1
:10232000F4E7437982790133DBB29A4218BF4371F3
:10233000BDE80840FFF732BEE819002170B5062558
:10234000114C0026013D15F0FF0500D170BD94F839
:10235000281004EBC1031A79012A09D158799A7916
:10236000904205D05A79D2B29A7154F831309847D8
:1023700094F828300133DBB2042B94BF84F8283062
:1023800084F82860DEE700BFE8190021024BD3F88B
:102390003021024B1A6070470000FF01141A00211F
:1023A000024B1868C31F584258417047141A002145
:1023B0000048704700070841914270B53BD2B2FA1D
:1023C00082F33BB1C3F1200499409A4020FA04F40F
:1023D00098402143160C1FFA82FE030C85B2B1FB14
:1023E000F6FC06FB1C14240404EB10400CFB0EF45A
:1023F000844206D9201A90428CBF02200120ACEB07
:10240000000C03EB01410CFB12114FEA0C4CB1FB29
:10241000F6F006FB101100FB0EFE05EB01418E45A8
:1024200006D9AEEB010E96458CBF02220122801A1E
:1024300040EA0C0070BD73219620FFF783FD00BFBA
:1024400070B5044616461D46FFF7B6FF049B00FB19
:10245000164428601C6070BD08B50B1E0EDB002AF8
:1024600004DBFFF7A9FF002812DB08BD5242FFF78B
:10247000A3FFB0F1004F0BD8404208BD404263EBD0
:102480004301002AF3DA5242FFF796FF0028ECDA04
:1024900099219620FFF756FD2DE9F8431C4652EA94
:1024A000040348D0074615460E4694B3B4FA84F99F
:1024B000B9F11F0F43DC4FF0010808FA09F220FAC6
:1024C00008F0A2FB05C340EAC17021FA08F102FB43
:1024D0000432FFF771FFC9F11F030021D84028D053
:1024E000431E8C46804661EB0101184605FB01F254
:1024F00003FB0422A5FB033EFB1A72441F4666EB56
:102500000206AF4276EB040311D340466146BDE8B4
:10251000F883914208D321463046FFF74DFF044629
:102520002A46384604FB1561FFF746FF2146BDE801
:10253000F8838446E5E7CA219620FFF703FDE721EB
:102540009620FFF7FFFC00BF2DE9F84F9A4652EAAC
:102550000A03DDE90A8774D0814614460E46BAF1B3
:10256000000F3ED0BAFA8AFBBBF11F0F6DDC0125CC
:1025700005FA0BF3E840A3FB02C240EAC170E94050
:1025800003FB0A22FFF718FFCBF11F030021D840FD
:1025900052D0431E8E46844661EB0101184604FB6F
:1025A00001F203FB0A22A4FB03351544B9EB030334
:1025B00066EB0502A34272EB0A051DD304FB0EF283
:1025C000714660460CFB0A23A4FB0C421A44B9EB8B
:1025D000040366EB0202C8E90001C7E90032BDE866
:1025E000F88F91420ED2FFF7E7FEA4FB004251465E
:1025F000B9EB040366EB0202C8E90001C7E9003247
:10260000BDE8F88F51463046FFF7D6FE8246224697
:1026100048460AFB04F5711BFFF7CEFEA4FB0042FF
:102620005146B9EB04032A4466EB0202C8E90001F3
:10263000C7E90032BDE8F88FAC464B4632468646C5
:10264000B8E7CA219620FFF77DFCE7219620FFF727
:1026500079FC00BF92B1013A17D0034600EB020C9F
:1026600010B501E09C450BD08E461C4611F8012B9D
:1026700013F8010B9042F5D0801A10BD1046704738
:1026800060789EF80120801A10BD00780A78801AC0
:10269000704700BF10B5441A94422BD34AB34B1C69
:1026A000C31A022B31D9531E072B2ED922F0030453
:1026B0008C4686460C445CF8043BA4454EF8043B2B
:1026C000F9D122F0030302F003049A4200EB030C59
:1026D00001EB030E0DD0CA5C012CC25409D09EF848
:1026E0000130022C8CF8013003D09EF802308CF8B7
:1026F000023010BD002AFCD08B18024413F801CD23
:102700008B4202F801CDF9D110BD4B1E02440146A7
:1027100013F8014F01F8014B9142F9D110BD00BFF0
:1027200081EA00039B072DE9F0415CD187075ED069
:10273000002A56D0034601E0002A52D011F801CBFE
:10274000013A03F801CB9E07F6D1032A28D941EAC2
:102750000305141F6D074FEA940E4AD12B2C48D95C
:102760000EF10108A1F108051C464FEA580C03EBD5
:10277000CC0CF5E90267E4E802676445F9D118F08A
:10278000010F28F0010403D051F8245043F82450DD
:102790000EF1010402F0030203EB840301EB840158
:1027A000FAB1541E022C20D922F003058C469E4615
:1027B0000D445CF8044BAC454EF8044BF9D122F0C3
:1027C000030402F00305A2422344214409D00A78FD
:1027D000012D1A7005D04A78022D5A7001D08A78DE
:1027E0009A70BDE8F0810346DAE71546EFE7034645
:1027F000ABE70EF101071D1F0C4601EB870754F8EC
:10280000046BBC4245F8046FF9D1C1E72DE9F041F2
:1028100084075FFA81FE5FD0002A59D0034601E0A9
:10282000002A55D003F801EB990702F1FF32F7D1E6
:102830004EEA0E24032A44EA04443ED9151FC3F38A
:102840008001AE08172D06F1010647D998460029E8
:1028500040D048F8044B771A03EB810C79080CEB55
:10286000C101CCE900440CF1080C6145F9D127F015
:10287000010C08EB8C016745CCEB8C7805EB8805E7
:1028800017D02F1F0C60032F13D9A5F108074C6038
:10289000032F0ED9A5F10C078C60032F09D9A5F1E0
:1028A0001007CC60032F04D9143D0C61032D88BFA1
:1028B0004C6102F0030203EB86034AB1013A83F84C
:1028C00000E005D0012A83F801E018BF83F802E098
:1028D000BDE8F0811546BEE70346A9E7194615464F
:1028E000CFE700BF094B0A4AC3F880210132C3F881
:1028F00084210132C3F88C210132C3F890210132C6
:10290000C3F8EC210132C3F89020704700800041E9
:1029100004000080074B0022C3F88021C3F8842103
:10292000C3F88C21C3F89021C3F8EC21C3F89020A0
:10293000704700BF00800041014B1B681B681847AF
:1029400034070021014B1B685B68184734070021DE
:10295000014B1B689B68184734070021014B1B681B
:102960001B6918473407002138B505460C46DEF7C9
:1029700097FE30B13E2D04D12046BDE83840DEF749
:10298000CFBE38BD1FB5014601A800F006F801A86A
:1029900005F00DF805B05DF804FB0B880022C3F3C9
:1029A0000B0383804B884272C3804B78C3F30113BF
:1029B000012B02D0022B18BF1346043103720160B1
:1029C00070478B88043010B500F8043C0C4610F8B2
:1029D000033C03F0F00300F8033C8A88C2F30322AF
:1029E000134300F8033C03F0CF03CA8800F8022C1D
:1029F000CA8800F8033C120A00F8012C0A7A120176
:102A000002F03002134303F03F0300F8033C4A7A1C
:102A100043EA821300F8033C0968814205D0E2884A
:102A2000FB2A28BFFB22FFF77BFEE0880430C0B200
:102A300010BD8B880A46043010B400F8043C10F82E
:102A4000033C03F0F00300F8033C8988C1F3032141
:102A50000B4300F8033C03F0CF03D18800F8021CBD
:102A600010F8011C01F0C00100F8011CD48800F826
:102A7000033CC4F30524214300F8011C01F03F018D
:102A8000147A240104F03004234303F0BF0300F858
:102A9000033C547A00F8011C43EA841303F07F03DB
:102AA00000F8033C1168814203D0D28810BCFFF7C4
:102AB00037BE10BC7047FBF7D3BE2DE9F8430B7847
:102AC00005460C46013B822B00F26A82DFE813F0D8
:102AD00099009D00A100520168021A0120012601FF
:102AE0002C0132013601380148014E018300680291
:102AF000A6006802AA003C0142015C016201560185
:102B00006802680168027B01AB01B101B70168028C
:102B1000BD01C901CF01FF0105022D020B021F02F9
:102B200027021102190262023302390251023F02E6
:102B30006802680268026802680268026802680245
:102B40006802680268026802680268026802680235
:102B50006802680268026802680268026802680225
:102B60006802680268026802680268026802680215
:102B70006802680268026802680268026802680205
:102B800068026802680268026802680268026802F5
:102B900068026802680268026802680268026802E5
:102BA00068026802680268026802680268026802D5
:102BB00068026802680268026802680268026802C5
:102BC00068026802680268026802680268026802B5
:102BD000680245024B020E23B1F803200B7042F24B
:102BE00083039A4209D106236370667821462846FA
:102BF00002363246FFF794FD5AE03121C720DDF757
:102C00006FFF0C230B700823EEE71A230B700123D0
:102C1000EAE73E230B700223A370E6E73E230B7026
:102C20000B23F9E72920DEF77BFD28B13E23237033
:102C3000222363702923EFE70A20DEF771FD3E238C
:102C400005F1080204F108012B70A0B30A23AB7050
:102C5000E378EB70A3882B71A3881B0A6B71A379AF
:102C6000AB71E379EB71A368AB608B8893801F2213
:102C7000D4F80E30C5F80E30638A6B8263696B61DD
:102C8000238B2B83638BAB76638B1B0AEB76A38B37
:102C90002B77A38B1B0A6B77E38BAB77E38B1B0A3A
:102CA000EB7794F8203085F820306A70023296B2C3
:102CB0003046BDE8F8830123AB70E378EB70A3885E
:102CC0002B71A3881B0A6B71A379AB71E37903F0B5
:102CD0000103EB71A368AB608B8893801322638B35
:102CE000AB73638B1B0AEB73A38B2B74A38B1B0A35
:102CF0006B74E38BAB74E38B1B0AEB7494F820309A
:102D00002B75D2E73E230B7004234B70142383E70B
:102D10003E230B700C234B7004237DE73E230B7086
:102D20000A234B70032377E73E230B700D234B7070
:102D3000052371E705232370042355E70823FAE7E9
:102D400030230B7003234FE73E230B700B234B7094
:102D5000072361E73E230B7006234B700C235BE7D0
:102D600013230B708B789B0001333DE757230B70C7
:102D7000022339E73E230B700D234DE73E230B70F2
:102D800001234B70112347E73E230B7006234B7042
:102D9000122341E73E230B7009234B7013233BE7BB
:102DA0003E2303702420DEF7BBFC002815BF24233C
:102DB0000E2313260F263246A11CE81CAB70FFF72A
:102DC000AFFC721C71E73E2303702520DEF7A8FCE0
:102DD000C0B125230A26AB70D4F80230C5F8033001
:102DE000D4F80630C5F807306389A5F80B30F01C1D
:102DF000E27A04F10C012844FFF792FCE27A0132F6
:102E0000324452E70F230726AB706388A5F80330DE
:102E100023796B716379AB71A379EB71A37A2B7210
:102E2000E37A6B72E3E73E230B7003234B701023AE
:102E3000F2E63E230B7005234B702023ECE63E2385
:102E40000B7009234B702123E6E63E2303702620F6
:102E5000DEF766FC002815BF262318231726132645
:102E6000A9E73E230B7004234B702723D4E63E23AF
:102E70004FF0000881460370282346468370D1F83E
:102E8000023049F8033FAA795FFA88F39A4205D8DD
:102E9000721D92B2002A3FF4A8AE06E7B21D331DA0
:102EA00008F10108A118A25809EB030049F8032012
:102EB000063131F8023C063020F8023C10F8017C63
:102EC0003A460637FFF72CFC3E44B6B2DBE73E231A
:102ED0000B701D234B7019239EE63E230B700723B6
:102EE0004B701A2398E63E230B7014234B70222359
:102EF00092E63E230B700B7C5B000F334B701D235F
:102F00008AE63E230B7003234B701E2384E63E2388
:102F10000B700B7D5B0013334B701B237CE63E2351
:102F20000B7003234B701C2376E63E230B700523A6
:102F30004B701F2370E6FF230B700B234B70A223F3
:102F40006AE6FF230B7005234B70A32364E6FF237F
:102F50000B700D234B7080235EE6FF230B700D2357
:102F60004B70822358E6FF230B7002234B708323A0
:102F700052E6FF23C21C037081238370D1F8033013
:102F800003F1280153F8040B8B4242F8040BF9D1EA
:102F900029228AE63E230B700C234B7023233BE649
:102FA00040F232212AE608B510B1FFF7EBFC10B968
:102FB0006FF0150008BD0020FCE708B5B0B1FFF7C1
:102FC0007AFD12280BD8102810D8022811D00C280E
:102FD0000FD0002814BF6FF00D00002008BD462858
:102FE00014BF6FF00D006FF02200F7E76FF01500CF
:102FF000F4E74FF0FF30F1E710B50C4630B129B1DE
:10300000DEF7DAFA28B12070002010BD6FF015004D
:10301000FBE76FF02200F8E708B5DEF75FFB002062
:1030200008BD01F055BBECF7F9BCECF705BDECF7BA
:1030300013BD08B5DEF764FB002008BD02F0C5B97A
:1030400002F0EAB902F064BC02F06DBC0346022251
:1030500000201A70032258709A70E022D8705A71BA
:10306000052218719A716FF07C02DA7108221A72C7
:103070006FF007025A726FF060029A723E22DA72A3
:10308000704701F087BB10B50446FFF7D1F8B0F5E3
:10309000007F09DA10F5007F08DD031EB8BF033397
:1030A0009B100020237010BD7F23FAE76FF07E0392
:1030B000F7E7EDF771BE1FB5002341F64B5241789B
:1030C000CDF80A30D0F80230934295BF4FF47A72AF
:1030D00040F2E242B3FBF2F3B3FBF2F398BF03F525
:1030E000506302789BB242EA0122ADF80230ADF89B
:1030F0000020ADF80430C279837943EA0223ADF8A9
:103100000630427A037A684643EA0223ADF8083073
:1031100001F058FC05B05DF804FB02F00ABA007833
:10312000003818BF012001F037BCEDF761BEEDF7A4
:10313000A7BE8178008802F0C7B902F0E3B9EDF7C5
:103140005FBE37B505460C4600880DF1060101F05B
:1031500028FC2B882380BDF80630638003B030BD87
:10316000EDF756BE02F017BE0068F9F711B8EDF79B
:103170005BBE0068E8F738BD006808B5E8F78EFF69
:10318000002008BDEDF76EBE02F0A5BF01F08ABABF
:1031900001F0F5BA08B5DEF7BBFA002008BDECF780
:1031A000F5BC01F009BBEDF743BB01F0D4BA02F066
:1031B0008CB801F071BE02F0BBB8ECF7EFBE01F0C5
:1031C000D1BBEDF70BB9EDF7ABB901F0B2B901F036
:1031D000B7B901F000BA01F01CBA01F0F3BB01F07D
:1031E00049BC01F0F7BA01F09ABC01F0BFBA01F096
:1031F00069BA01F0BABC03880B8002F0CBB803882F
:103200000B8002F0D5B801F0A9B901F0CAB901F0FC
:1032100037BA01F043BA01F023BA01F018BA01F04D
:1032200018BBECF72DBD01F04FBB02F011B801F057
:10323000DCBC02F05FB801F044BE01F075BE01F0E5
:103240005EBE01F066BE01F0FCBC01F008BDEDF70A
:1032500053BB01F0A5BEEDF70BBCECF731BE01F09E
:103260005EBBEDF721B9EDF7D7BC01F034BF01F03B
:1032700039BF01F053BF01F060BF01F070BF01F032
:1032800079BF01F047BA01F056BAECF735BC01F04E
:10329000C9BA01F076BF01F087BF01F0C8BF01F0E5
:1032A000A0BFEDF773BDEEF76FBB02F053BDEEF7B5
:1032B000F5B9EDF7F9BD02F064B902F03EBA02F0DB
:1032C00067BAEEF70BBB02F080BD02F090BEEEF7DE
:1032D0001BBEEEF777BB02F0CFBE01F0E8BF02F0F5
:1032E0005BBAEEF703BB02F096BC02F0C3BC02F07F
:1032F000C9BA02F029BB02F0EBBA02F088BA02F0B8
:1033000028B9ECF74DBCECF7E9BC02F0CBB8F8B546
:10331000941C0E46054617460C446343B3F5004F14
:10332000A8BF4FF0FF3310F003019CB203D0AD21D2
:103330001420DDF7D5FBB4F5004F01D9AE21F7E736
:1033400010220430FFF762FAEF746C802E80F8BD13
:103350000188C27C8B1C134410B49BB24488B4FB1C
:10336000F3F310BCDBB2FFF7D2BF70B50688C58897
:1033700003898E42C5F30E02C3F30E0403D2CF219C
:103380001420DDF7ADFB5D40C5F30E030BB92D0432
:1033900009D4A24209D2C37CA41A0233E41AA1427E
:1033A00003DD00238374184604E0143201238152A4
:1033B0008374104470BD023101444A43B2F5004F9A
:1033C000A8BF4FF0FF3290B2173020F00300B0F5E5
:1033D000004F34BF00B24FF0FF30704740881730C5
:1033E00020F00300B0F5004F34BF00B24FF0FF30C3
:1033F00080B2704738B503888B4204D240F207117F
:103400001420DDF76DFB857C65B1C388C3F30E0323
:103410001433C25A8A4207D3C152811DDEF748FADB
:1034200000238374284638BD0025FBE7034614308B
:10343000F0B59C88A5B2C4F30E06DC88AC4202D17C
:103440000020D881F0BD5F89DC7C855B3C44ED1BAE
:103450000234ADB2344420440C88AC4288BF0D80A5
:103460005C89B4FA84F4640914700A88DA81E9E7A3
:10347000F8B582880026C38904460D4692B20E60D4
:10348000CBB14189C2F30E020B4414329BB28718B0
:10349000825A4381934204D94FF4AA711420DDF774
:1034A0001FFB04D1011DDEF703FA46812F600023C4
:1034B0000120E381F8BD1846FCE770B504460846D4
:1034C000A38804F1140622899BB2C2F30E059A4226
:1034D0000DD021B1A91CE27C3144FFF721F904F1A0
:1034E00008012046755BDEF7E3F9284670BD00252C
:1034F000FBE78388C0889BB2C31A58425841704783
:10350000C288018910B5C2F30E044A40C1F30E030C
:103510001204A3EB04035CBF42889B180288C07CA2
:103520000232104480B293FBF0F080B210BD82886A
:1035300073B595B2C488C2F30E02AC4202F1140214
:1035400012D04189C689835A314499420EDB0DF16C
:103550000601ADF80650DEF7ABF9BDF80600001B1A
:1035600018BF012002B070BD0020FBE70120F9E781
:1035700070B505890346C4881430C5F30E02C4F340
:103580000E066C40C4F30E0525B9240402D50020B4
:10359000188270BDB2421C8806D9DD7C921B0235B0
:1035A000521B9442A8BF14469D890DB1825BA41A98
:1035B000A142ECDCDA7C3544198202322A44104400
:1035C000E7E738B5038ACBB18B4217D3C388848928
:1035D000C3F30E031433C5180CB9C4546C700C44F7
:1035E0008481C45A2144C15222B1811DDEF760F9A1
:1035F0000023838100230382012038BD0020FCE7E3
:103600008388C2889BB29A4206D0428922B9C3F30A
:103610000E0314331844704700207047C37C088899
:1036200002330B44136070470230704738B583880B
:10363000C2889BB29A4209D043893BB9C5893DB93A
:10364000011DDEF735F9C581012038BD0020FCE7FA
:103650001846FAE703881380C388C3F30E031433B4
:10366000034480890B6070470368002223B9C0E9D6
:103670000132031D0360704759681B680A44F5E76F
:10368000072938B5034604D84FF4EC711520DDF74F
:1036900027FA0068A8B1D0E900248C4212D02AB9D8
:1036A00001F10805AC4204D210460AE00346104678
:1036B000F1E7425045181A68641A12686C6042506B
:1036C0001D6038BD1A60FCE70023C1E900320368C1
:1036D0000B600160704730B590B18478B1FBF4F3B2
:1036E00004FB131300EB430252898A4201D1D8B282
:1036F00030BDC27822B900F10A03D0B2844201D8A9
:10370000FF20F5E733F8025B0132A942F5D1EFE77C
:103710008278038805324B4303EB42031844704719
:10372000002307B5CDE900338DF806006846DEF7C3
:10373000CBFAB0FA80F0400903B05DF804FB73B532
:1037400000240546CDE900448DF806006846E6B23F
:10375000DEF7BAFA01340028F8D02846DEF7FAF985
:10376000801BC0B202B070BD13B500230446CDE982
:1037700000338DF806006846DEF7A6FA08B102B0FD
:1037800010BD2146BDF80400DEF77AFA0028F2D019
:1037900040F21D211720DDF7A3F970B51E460D4636
:1037A0000921FFF708FE0446324609212846FFF7A3
:1037B00002FE002C03DB002801DB204470BD4FF02B
:1037C000FF30FBE70246084613688B4203D121B164
:1037D0000B68136070470BB9184670471A461B6890
:1037E000002BF9D08342F9D1036813607047034678
:1037F0000068884209D1EFF3108272B6186808B1E8
:103800000168196092B962B6704758B9704788422A
:1038100008D1EFF3108272B618680028F2D0016860
:103820001960EFE7034600680028F0D17047006890
:1038300020B1034600680028FBD1184670470346B4
:10384000006830B558B10468014622460AB91C60C8
:1038500005E0156825B9086808B103680B6030BD3C
:1038600011462A46F2E7D31D23F0070370B508334B
:1038700090B110F0070403D058212220DDF730F971
:1038800004604FF6FF75C28000F108040A4681808B
:10389000013A92B2AA4203D103FB01F0083070BD95
:1038A0000668266004601C44F2E718B1C28881886B
:1038B000FFF7D9BF70470346EFF3108272B6006876
:1038C00030B1016819600023037043708370C370C6
:1038D00002B962B67047EFF3108372B602680A60ED
:1038E000016003B962B67047EFF3108372B60068E7
:1038F00018B10068003818BF012003B962B67047DC
:10390000012303707047F8B5054608461E46114668
:10391000002814BF00240224FF23AB702B191B7D49
:10392000012B04D001342B191B7D012B19D105EB80
:1039300044073B8B3A8C9819904204DD00202C44BC
:1039400038832075F8BD05EB84043246606818445E
:10395000FEF7E6FE3A8B16443E830023AB7001204F
:10396000F0E70020EEE7002910B514BF0023022382
:10397000FF218170C1180C7D012C07D10C3320F878
:10398000132002230B750023837010BD0133C1186F
:103990000C7D012CF2D04FF48C710920DDF7A0F8DA
:1039A000024630B5837803F0FF00F3B9137D022B94
:1039B00019D0537D022B19D10346012089B100246F
:1039C000D5180C332C7522F81340131803241C75DA
:1039D00002EB80035B680B6000F10C0332F81330DC
:1039E0008B80012002E00123E8E7002030BD30B5E4
:1039F0008378E3B9837D022B17D0C47D022C16D1C6
:103A0000032381B1002205190C342A7520F81420F3
:103A1000C2180324147500EB83020C33526830F88B
:103A200013300A608B80012002E00324E9E70020C4
:103A300030BD037D012B01D1008B7047437D012BED
:103A40000CBF408B00207047837D012B01D1808B00
:103A50007047C37D012B0CBFC08B00207047038BC8
:103A600023B9408B003818BF0120704701207047F0
:103A7000838B23B9C08B003818BF01207047012009
:103A80007047027D022A01D1008B7047437D022BD3
:103A900001D1408B7047032AF6D0032BF9D00020C8
:103AA0007047827D022A01D1808B7047C37D022B33
:103AB00001D1C08B7047032AF6D0032BF9D0002028
:103AC000704708B5DEF790FA20B103786FF3000372
:103AD0000370012008BD08B5DEF786FA003818BF6C
:103AE000012008BD10B5044601F11B020020012190
:103AF000FFF7B9FE083C0838B4FBF0F080B210BD07
:103B00002DE9F0410646069898460D4643071146B2
:103B10009DF81C7002D010F0030003D025214C202A
:103B2000DCF7DEFF4FF48B72FFF79DFE002F06AB34
:103B3000044600FB08F114BF00201846DDF7DAFE4A
:103B400017B9069B33602C60BDE8F0812DE9F04188
:103B5000064615460F4619B900242046BDE8F081F7
:103B600011463846FFF78CFD04460028F4D0314654
:103B700006F11B082846FFF7B5FF064601464246F8
:103B80000020FFF770FE0EB1854205D22A4621467D
:103B90003846FFF799FDDFE7424631462046FFF7FA
:103BA00062FEDAE7DEF720BB00EA400303EA4303E4
:103BB00003EA430303EA430303EA430313EA430329
:103BC0000CBF01200020704708B5034610468B4209
:103BD00009D03AB183EA010004F003F801288CBF50
:103BE0000020012008BD0120FCE737B50023044672
:103BF0000D46CDE900336846DEF766F830B10023A4
:103C0000CDE9003302238DF8063011E0009B2A46EF
:103C10002046196AFFF7D8FF0028ECD003B030BD6A
:103C2000009B2A462046196AFFF7CEFF0028F5D1EF
:103C30006846DEF749F80028F2D00023CDE90033CA
:103C400004238DF8063007E0009B2A4620461968B9
:103C5000FFF7BAFF0028E1D16846DEF735F8002803
:103C6000F2D00023CDE9003305238DF8063007E0BC
:103C7000009B2A4620461968FFF7A6FF0028CDD1F1
:103C80006846DEF721F80028F2D00023CDE90033A2
:103C900009238DF8063008E0009B2A462046D3F819
:103CA000B811FFF791FF0028B8D16846DEF70CF88D
:103CB0000028F1D00023CDE900330B238DF8063026
:103CC00007E0009B2A462046D3F8EC10FFF77CFF64
:103CD000E8B96846DDF7F8FF0028F2D000224FF47B
:103CE0004023CDE900236846DDF7EEFF30B1002325
:103CF000CDE900330A238DF8063014E0009B2A46F4
:103D00002046D3F8EC10FFF75FFF0028EBD001202E
:103D100084E7009B2A462046D3F80C11FFF754FF96
:103D200000287FF47BAF6846DDF7CEFF0028F0D097
:103D3000002073E738B52325EFF7F0FC0446EBF7D6
:103D4000DBF820B101212046FFF74FFF30B1013DE4
:103D5000F2D140F23A210F20DCF7C2FE204638BDF6
:103D600070B523260025EFF7D9FC0446EBF7C4F81D
:103D700040B100212046FFF738FF68B925462046AC
:103D8000EBF7F0F8013E01D00028ECD035B940F255
:103D900015210F20DCF7A4FE0020F3E7284670BDB4
:103DA00001EB8101C1EBC10189B270B501F12A05B6
:103DB00011F0010F05F07F0414BF4FF47C4600267C
:103DC00015F0020F4FEA840205F030054FEA540364
:103DD00018BF4FF4207102F4807208BF002103F075
:103DE000060313432B4333430B4380EA034070BD68
:103DF0002DE9F34106462325EFF790FC20F03274BD
:103E000010F4004F24F4803414BF44F4080444F444
:103E100041042046EBF770F860B300212046FFF71D
:103E2000E4FE38BB0A23A7B2CDE900008DF80630C6
:103E30006846DDF749FFA8B10027F9B22046FFF731
:103E4000AFFF8046EBF758F8A0B100214046FFF7DE
:103E5000CCFE78B90137FBB29E42EED2204602B0CA
:103E6000BDE8F081009BB3F89800784003F0D5FEE0
:103E70000128DDD8013DBFD140F29F210F20DCF7A2
:103E80002FFE10F0FD0F14BF012000207047406886
:103E90007047406870474068903070474068903085
:103EA00070478207034605D410F0010003D103F0E8
:103EB00004007047022070476FF45063C318062B4C
:103EC0009ABFA0F550604FF47A7340F2E243584332
:103ED000704790F82832DBB290F8C0202AB913F06E
:103EE000FB0F14BF0120002070470020704790F89E
:103EF0004432DBB290F8C0202AB913F0FB0F14BF94
:103F00000120002070470020704770B5B0F80140D4
:103F1000A3B2B3F5FA7F2DD2B0F8032043F6F675BD
:103F2000A2F10A039BB2AB4224D843791F2B21D8BC
:103F300013F008051ED103F01706172E18D00078CD
:103F4000032817D8002814BF012600268E730ED030
:103F500042F210768B720C8172434A60421E18BF87
:103F600001220A73C21E504250414873284670BD58
:103F70000C20FCE71220FAE713B501210020DDF741
:103F800069FE044688B901210846DDF763FE044650
:103F9000C0B90023CDE9003303238DF8063068460D
:103FA000DDF792FEC8B100200AE0C030E5F7FCF969
:103FB0000028E8D02046E3F785FA0028E3D0012066
:103FC00002B010BDC030E5F7EFF90028E1D020467F
:103FD000E3F778FA0028DCD0F1E7009C2046E0F710
:103FE00007FA0028DBD0204604F055FD0028D6D083
:103FF000E5E7002307B5CDE9003303238DF806304C
:104000006846DDF761FE08B1002004E00098E0F7A3
:10401000EFF90028F4D003B05DF804FB07B50023E6
:1040200040F6881201A9FAF721FE03B05DF804FBFF
:1040300038B540F2E2450C46B0F80310B0F8010084
:104040002A4669436843E6F799FAA586206338BD96
:104050002DE9F341002304460E46174600F10A08F5
:10406000CDE900336846DDF72FFE08B1002015E0EA
:10407000009DA542F6D03046EB1CFFF702FF394603
:10408000AA7802F007FD0028ECD005F10A036A7A4D
:104090004146607A02F0FEFC0028E3D002B0BDE8A1
:1040A000F08107B5009190F8A830827D90F89011CA
:1040B00090F8BE00E8F70CF803B05DF804FBF0B52B
:1040C00085B00C460646154603A99DF83870E7F7FB
:1040D000B5F818B9039BDA7B12B9112005B0F0BD11
:1040E00093F820309BB903988389032B01D8002FC4
:1040F000F3D10D9B80F8487006800C99C0E90554F7
:1041000000930194DDE90A2307F0EBF8E6E70C20C1
:10411000E4E708B5CB1E012B04D8800100F534700C
:1041200080B208BD012902D10A30C000F8E7022997
:1041300002D10B308000F3E740F259210620DCF772
:10414000CFFC08B5CB1E012B04D8800100F53470DC
:1041500080B208BD012902D10A30C000F8E7022967
:1041600002D10B308000F3E740F259210620DCF742
:10417000B7FC08B5CB1E012B04D8800100F53470C4
:1041800080B208BD012902D10A30C000F8E7022937
:1041900002D10B308000F3E740F259210620DCF712
:1041A0009FFC10B5044638B1EEF744F934EA000339
:1041B0000CBF0120002010BD0120FCE707B5012144
:1041C0000020DDF747FD20B3C030E5F7EDF8E0B1A2
:1041D000012009E0C030E5F7E7F800B3F8E7009800
:1041E000403005F07EFA18B303B05DF804FB009B85
:1041F000586F503005F075FA0028F5D16846DDF7A4
:1042000063FD0028F3D00020EEE7E3F751FA002821
:10421000DED101210846DDF71DFD0028DAD1FFF7C8
:10422000E8FE0028D4D10623CDE900008DF8063041
:104230006846DDF749FD0028D1D00023CDE90033E1
:1042400007238DF80630D9E710B50446FFF7D1FEF5
:1042500058B901210020DDF7FDFCE8B9012108462D
:10426000DDF7F8FCF0B9012013E0EEF7BBF868B118
:10427000EAF7AAFF044604F045FC58B9204604F0CA
:104280003DFC80F00104E4B204F00104002CE0D114
:10429000002010BD0024F7E7C030E5F785F80028BE
:1042A000DCD0F5E7C030E5F77FF880F00100C0B260
:1042B000EFE770B505460C46E0F79AF8F0B92846E6
:1042C00004F037FBD0B904212046DDF7C3FC0646D5
:1042D00078B906212046DDF7BDFC054680B90321EB
:1042E0002046DDF7CDFC88B141F29D713920DCF725
:1042F000F7FB403005F0F5F90028EAD00C2010E07B
:10430000403005F0EEF90028E9D0F7E73EB104218E
:104310002046DDF7B5FC10B141F2A471E6E70DB916
:10432000002070BD06212046DDF7AAFC0028F7D04A
:1043300041F2AB71DAE738B505460C462AB11F29C0
:1043400001D8002038BD1220FCE7DDF7CBFDA042EC
:1043500011D3284604F0F0FB08B11F2CF3D82846EF
:1043600004F042FB48B12146284604F076FB0028C1
:10437000E7D14520E6E70720E4E74220E2E738B549
:10438000054604F031FBE8B12846E0F731F808B9FA
:10439000002038BD2846DFF7A3FC04462846DFF797
:1043A000DFFD88B9002CF3D02088EEF7D1F8022188
:1043B0002088DDF765FC0028EAD041F6CD113920D0
:1043C000DCF78EFB4220E4E70C20E2E738B5044638
:1043D0000D46EEF729F8830001D40C2038BD2046A5
:1043E0000921DDF737FC044648B1E7F7B9F80028A2
:1043F000F3D02A462146BDE83840E9F7C3BE022083
:10440000ECE703880B80817898B2FFF7DFBF0346A3
:1044100037B59A7A0D46C0885107C0B213D412F04E
:10442000010101D102F00201DC7A1A896307D2B2DC
:104430000BD414F0010301D104F002030095E7F757
:1044400047FE03B030BD0421EEE70423F6E72DE973
:10445000F04385B007468846008802A902F06AFB4F
:10446000054650BB02A8FFF716FD034602A8FFF75A
:104470000EFD039E814696F8992102F0FF051AB1C0
:10448000B8F1020518BF0125DA7B93F86430232ABE
:1044900043EAD3030CBFC5F10102002203F001037C
:1044A00013433CD0BC7814B9EDF7C4FF0446F87848
:1044B000B8BBEDF7BFFF24B90925284605B0BDE814
:1044C000F0830028F8D099F8812032B114F002046A
:1044D00000F00200F0D00028EED0FF2286F84D2137
:1044E000DDB996F84C2102F0FF05B2B986F84F010C
:1044F00001A986F84C8186F84E41BA888DF80500EE
:104500004846A6F850218DF80440ADF8062002F088
:104510009FFB002386F84D31CFE73A25F9E71A25AE
:10452000CBE7002CCFD1C7E708B5EDF73DFF002062
:1045300008BD10B50446EFF7E1FF2070002010BD64
:1045400010B5FFF719FD044630B9EFF7D1FF20464B
:10455000EEF71AFA204610BD0C20FCE710B50378E0
:104560000446012B01D9122010BDFFF727FE60B9C8
:104570002078FFF786FC01280DD004F11703E21D17
:10458000611CBDE81040EEF727BAEEF7B9FA002833
:10459000EED00C20E8E7A37903F0C003C02BECD0E9
:1045A000E1E710B503780446012B0AD8FFF706FEB1
:1045B00048B9214611F8010BFFF763FC02F095FAA8
:1045C00038B9122010BDEEF79BFA0028F1D00C206C
:1045D000F8E70020F6E738B50546FFF7CDFC0446BE
:1045E000A8B92878012803D9FF280BD0122038BD9C
:1045F000FFF747FC691CEFF787FF002814BF002076
:104600000720F4E70120EEF7BFF92046EFE70C2082
:10461000EDE738B50546FFF7AFFC0446A8B92B789F
:10462000012B03D9FF2B0CD0122038BD1846691C72
:10463000FFF727FCEFF798FF002814BF0020122097
:10464000F3E7EEF7A1F92046EFE70C20EDE708B518
:104650000088EEF75BFA00280CBF3020002008BD70
:1046600038B50546FFF7AAFD044638B92878003862
:1046700018BF0120EEF73EFA204638BD0C20FCE7BB
:1046800008B5FFF79BFD18B9EEF724FA002008BD26
:10469000EEF736FA0028F7D00C20F8E7082303706D
:1046A0000020704703463A21202210B50E240470E2
:1046B0000020DC70592459709A701C7158719971DE
:1046C000DA7110BD082108B5DCF768FF002008BDCD
:1046D00073B506460C460088694602F02BFA05467B
:1046E000B0B9B3787BB96846FFF7D1FB90F880305A
:1046F000A370338894F902002380EEF783FCA07046
:10470000284602B070BD7F20FFF788FCA070F0E75C
:104710000225F5E710B504466FF07F00FFF77EFC39
:10472000EEF770FC20707F20FFF778FCEEF76AFC54
:104730006070002010BD10B50446EEF7B9FC00EB28
:1047400080035B002380EEF7B9FC00EB80030020C0
:104750005B00638010BD10B50446EAF735FD04F038
:10476000CAF9EEF74FFC2070002010BD0A4600F198
:10477000100108B50723FDF799FC002008BD10B50E
:10478000014604460020EDF76FFF08B92060A080C5
:10479000002010BD10B50446EDF700FE28B900203A
:1047A0002146EDF749FF002010BD0020FFF74CFD2A
:1047B0000028F4D10C20F7E710B504460120FFF7DC
:1047C00043FD28B101202146EDF736FF002010BD42
:1047D0000C20FCE7F7B50C4605466946008802F058
:1047E000A9F9A11C0246A8B96846FFF754FB034685
:1047F00000F1170783F86B20386808603879087172
:104800002888208093F86B6006F0FF00002EF1D11D
:1048100003B0F0BD00230220C4F802300B712370F6
:104820006370F5E710B50446FFF7C8FC58B9207867
:10483000611CFFF726FBE279EEF7F0FA002814BFBF
:104840000020022010BDEEF75BF90028EFD00C200D
:10485000F8E7F7B507460D460088694602F06AF9A1
:104860000646B8B96846FFF712FB044684F87E6036
:1048700094F87C00EAF778FCA87094F87D00EAF7D9
:1048800073FCE87094F87E3003F0FF00002BEDD14C
:104890003B882B8003B0F0BD10B583880446022B03
:1048A00010D8C078FFF77DFC08B9112010BDA078A2
:1048B000FFF777FC0028F8D020460121BDE8104022
:1048C000FFF7C5BD1220F1E713B58378C17803F077
:1048D0000104027903F0020351EA040C1DD052EAEC
:1048E000030C1AD0002C18BF0021002B037818BF2E
:1048F00000228DF802108DF80320427843EA02234B
:10490000ADF8003043798279684643EA0223ADF876
:104910000430FFF7C1FF02B010BD1120FBE710B556
:1049200004460020EDF758FD2378012B13D163785E
:10493000012B03D9022B0CD1A38853B1628862B139
:10494000A38853B10A214A434FF4A0614B439A42D2
:1049500003DB122010BD002BFBD12046BDE8104028
:10496000EAF768BC07B5037800214278012B8DF87F
:1049700000308DF80120ADF80210ADF8041007D119
:10498000012A07D86846EAF755FC03B05DF804FB36
:10499000002BF7D01220F8E708B5DEF74BF900201E
:1049A00008BD13B50C46694602F0C4F830B9019B46
:1049B0009DF80020B3F8983012B9238002B010BDE2
:1049C0000133FAE77FB5054600210088DDF742F99B
:1049D000044610B9022004B070BDFFF77AFA00282F
:1049E000F8D0AA881046FFF767FAE3690646698897
:1049F000984220460CBF638E01230393AB89029338
:104A00006B8901932B890093EB88EAF7DDFA48B3B1
:104A100094F8443203F0FF0033BB41F64B539E42FF
:104A200009D8642E22D9B4F87C2040F202239A429D
:104A30001ED1642301E040F2E243A4F8483200238F
:104A4000C4E99336EA79AB7943EA0223A4F85432F5
:104A50002B7A6A7A43EA0223A4F85632FF2384F8B9
:104A60004432B8E73020B6E73A20B4E71220B2E784
:104A70000C20B0E713B5044602F074F800284CD0BF
:104A80002046FF24EEF730FB0023CDE900336846D3
:104A9000DDF71AF950B300244FF44033CDE9004359
:104AA000FF246846DDF710F920B300204FF480237F
:104AB000FF24CDE900036846DDF706F9F0B10021D7
:104AC0004FF4C023FF24CDE900136846DDF7FCF85E
:104AD000C0B100224FF42023FF24CDE90023684613
:104AE000DDF7F2F890B1002002B010BD009B83F812
:104AF0003C42CCE7009B83F89240D2E7009B83F8CE
:104B00003440D8E7009B83F83440DEE7009B93F8FD
:104B10003020032AE3D19C77E1E71220E4E713B5C4
:104B20000088694602F006F80146D8B99DF80030C1
:104B3000019C8BB19DF80030012B03D10198FFF748
:104B4000D6F970B194F8533103F0FF0253B9FF2343
:104B500084F85331114605E02046FFF7BAF90028E2
:104B6000E8D10221084602B010BD70B5002105460B
:104B70000088DDF76FF8044688B3FFF7AAF910B98B
:104B80000C26304670BD94F8863203F0FF0643BB16
:104B900094F8F330DB0726D5D4F83831002BEFD169
:104BA000D5F8023004F51B72C4F87C32D5F8063013
:104BB000C4F880326B89A4F8843205F10C031C35EB
:104BC00053F8041BAB4242F8041BF9D10C2104F545
:104BD0001670DCF7E3FCFF2384F88632D1E7022667
:104BE000CFE73A26CDE71A26CBE7F0B589B00446E1
:104BF00000200E46EDF7F0FB01AA234604F1180C45
:104C000017461868083353F8041C1546634503C556
:104C10002A46F6D11B782B7000238DF81D308DF8B5
:104C20001E30237D022B0AD0637803F01803082B73
:104C300005D031463846EBF7E7FC09B0F0BD12204D
:104C4000FBE710B5032104460078DDF703F820B137
:104C50002178BDE81040FFF72CBB422010BD13B5F2
:104C600000200024EDF7B8FB0323CDE900448DF8C4
:104C700006306846DDF728F810B1204602B010BDB6
:104C8000BDF804100098FFF714FB002818BF044675
:104C9000EFE72DE9F341054690F801800321007804
:104CA000DCF7D8FF0446002800F08780EDF79AFB78
:104CB00008B3204603F0FDFEEE78864228BF064684
:104CC000B6B2B8F1040F5DD0E06CFEF7B2FE871902
:104CD000BFB2EDF787FBB8B9EB7873B9204603F0A4
:104CE000E8FE874210D9204603F026FF50B907207E
:104CF00002B0BDE8F081EE78E3E7204603F0EBFE7A
:104D00000028EBD11220F3E7EDF76CFB39460246A1
:104D10002046FFF710FB0028EAD1A8F10303012B7E
:104D20002DD8204603F008FF6B78032B2DD108F017
:104D3000FD07012F3AD1204603F0FEFE002833D1B3
:104D4000B8F1010F08BF02273A46E16C6846DDF76B
:104D5000E1F833466A680121E06CFEF7D4FD0028D3
:104D6000C5D06B78023B012B07D8E06CFEF761FEE3
:104D700001210246E06CFEF7F6FD0020B8E7002EA8
:104D8000CFD1BFE7002ECCD0BCE70028BAD1042B8E
:104D9000CDD12046DFF72CFB0028B3D0E06CFEF726
:104DA0005EFE0028C3D1ADE70027CDE7B8F1040FC0
:104DB000CFD1204603F0E7FEDFE7422098E72DE958
:104DC000F3470746467890F8039003210078DCF714
:104DD00041FF044600283BD0EDF704FB30B12046EC
:104DE00003F090FE002808BF4FF00009E06C1FFAA6
:104DF00089FAFEF729FE00EB09081FFA88F8EDF79B
:104E0000F1FA60B1EDF7EEFA414602462046FFF7AF
:104E100092FA054668B1284602B0BDE8F087FB78F3
:104E2000002BEFD0204603F06DFE0028EAD11225BA
:104E3000F1E7042EFBD0032E10D0B9F1000FF6D00D
:104E40002046DFF7D5FA38B10C25E4E704220EE05E
:104E50004225E0E70725DEE7012E0CD1204603F0CE
:104E60006BFE0028F2D1012E0CBF06220522E16C58
:104E70006846DDF74FF853467A680021E06CFEF78C
:104E800042FD0028E6D0023E012EC4D84246002151
:104E9000E06CFEF768FDBEE713B50446EAF794F947
:104EA0004FF440736846ADF8003000238DF80230AF
:104EB00014F8013B8DF803300194FFF780FF02B036
:104EC00010BD13B504460020EDF786FAE378FB2BFE
:104ED00013D82278043468468DF803308DF800200A
:104EE00014F8022C8DF8022014F8032C01948DF88C
:104EF0000120FFF764FF02B010BD1220FBE710B5E0
:104F000004460020EDF768FADCF7ECFF2080002073
:104F100010BD10B504460020EDF75EFA0320DCF763
:104F200019FE2070002010BD73B504460020EDF777
:104F300053FA6378F3B10025EBB203219E0004EB32
:104F400083039878DCF786FE40B32378012B0AD1DF
:104F5000B11C2144EAF78EFC38B901356278EBB216
:104F60009A42E9D801E013B1122002B070BDFFF7F8
:104F700006FAF1E72378002BF6D1CDE900330323BD
:104F80008DF806306846DCF79FFE08B10020ECE79C
:104F90000098FFF7F4F90028F4D0E6E74220E4E7B0
:104FA0002DE9FF41064603210078DCF753FE074652
:104FB000002800F0888004213078DCF74BFE04469E
:104FC00068B906213078DCF745FE044618B90C2094
:104FD00004B0BDE8F08190F8BD30002BF7D17378B4
:104FE000042B17D104F1400004F07BFB08B9122018
:104FF000EEE7A068FEF733FD0028F8D0B378002B69
:10500000F5D17378033B012BF1D87378012B0ED1C6
:1050100002220FE0B278002AF3D0033B012BF4D92F
:1050200004F1400004F05DFB0028EED0CFE7032B35
:1050300004D10122A16802A8DCF76CFF7378042B6D
:105040003DD0B378F21C0121A068FEF75CFC00287B
:105050003BD0A068FEF7EDFCE28D804694F830006E
:1050600094F834104FF6FF7301F0FF0579BB9A42B4
:1050700094F8351012D0002814BF3B2523257B79E6
:10508000414600952046226F04F044F9024648B993
:10509000A0680121FEF767FC452099E7002918BFA9
:1050A0000925ECE77B7923747378023B012B04D844
:1050B00042460121A068FEF756FC002088E7204602
:1050C00004F036F9F9E7422082E7072080E79A42A8
:1050D000D1D10925D3E708B5E2F7C0FA002818BFF7
:1050E0000C2008BD38B5052105460088DCF7B2FD67
:1050F00088B1503004F0D2FB044620B141F6DD61A6
:105100003920DBF7EDFC05212888DCF7B9FD18B163
:1051100041F6DE61F4E74224204638BD10B504466E
:10512000E2F7C6FA38B92146E27911F8010BBDE879
:105130001040DCF7A9BF0C2010BD10B50446E2F703
:10514000B7FA50B92146E27911F8010BFEF7B9FC24
:10515000002814BF0020422010BD0C20FCE710B531
:10516000E2F7A6FA044618B9DCF770FF204610BD36
:105170000C20FCE710B50446DCF762FF207000202D
:1051800010BD10B5052104460088DCF763FD48B169
:10519000A378C3F30003C374A378C3F34003037578
:1051A000002010BD4220FCE7038810B50B800446A8
:1051B00005218088DCF74EFD88B10721A088DCF747
:1051C00049FD034620B190F83530003B18BF01235C
:1051D000A28861882088BDE81040EAF70FBA422013
:1051E00010BD038870B50B80044604210079DCF7FC
:1051F00031FDB0B906212079DCF72CFD98B190F88B
:10520000BD30002B14BF03250225403004F069FA9D
:1052100058B12B46227961882088BDE87040EAF7B2
:10522000EDB90225F1E7422070BD0C20FCE710B576
:105230000446008808800F2180B2DCF70BFD014690
:1052400020B1A01CBDE81040FEF75FBE022010BDDB
:1052500038B5032105460078DCF7FCFC0446A0B114
:10526000DFF7C6F828B92046691C03F019FC0020B6
:1052700038BD204603F046FC08B10C20F8E7204674
:1052800003F03CFC0028F8D1EDE74220F0E708B538
:105290001A20EDF7ADF8BDE80840F3F79BBF08B55D
:1052A0001A20EDF7A5F8BDE80840F2F795BA07B562
:1052B0000088694601F03EFC28B9684605F01CF8F4
:1052C00003B05DF804FB0220FAE713B50446E9F7E2
:1052D0007BFF684614F8013B8DF803304FF44073B0
:1052E0000194ADF8003000238DF80230FFF7D1FCB7
:1052F00002B010BD13B504460020EDF76DF8E37859
:10530000FB2B13D82278043468468DF803308DF8CF
:10531000002014F8022C8DF8022014F8032C0194BC
:105320008DF80120FFF7B5FC02B010BD1220FBE79D
:1053300073B50546E9F748FF04462B7863B10023AF
:105340000DF1010101208DF80030EDF78DF918B154
:105350006846FFF77DFFA0B9002620468DF8006063
:1053600003F0D8FBB0428DF8036014BF80233346AE
:10537000ADF801302B78012B05D169462046EAF7BC
:1053800079FA02B070BD1BB92046FEF7F8FFF8E7C6
:105390001220F6E710B5022104460088DCF75AFC1B
:1053A00020B1A11CBDE81040F2F778B9022010BD71
:1053B00008B502210088DCF74DFC20B10021BDE8D2
:1053C0000840F2F76BB9022008BD37B504460D4618
:1053D00000880921DCF73EFC18B10C23184603B005
:1053E00030BD0B212088DCF735FC0028F5D10C21DD
:1053F0002088DCF72FFC0028EFD16946208801F0D7
:1054000099FB03460028E9D16846FEF744FD22884F
:105410002A80828F6A80E1E7F7B504460D4600884E
:105420000921DCF717FC18B10C23184603B0F0BDB6
:105430000B212088DCF70EFC0028F5D10C212088F8
:10544000DCF708FC0028EFD1238898B22B80638812
:105450000BB91223E9E7694601F06CFB034600280B
:10546000E3D16846FEF713FD6488024642F21070ED
:10547000A1B2D5694143508E6843958C05FB00006D
:105480008142E6D301391F466846FEF704FDD5691F
:1054900047636E18B6FBF5F68663D669AE42F6D161
:1054A0008487C2E713B500880C460880694680B23D
:1054B00001F040FB034620B96846FEF7ECFC427B56
:1054C000A270184602B010BD10B50C460221DCF7E0
:1054D000C1FB88B1022C11D804F00103C4F34004CD
:1054E00080F8153280F8144223B190F812323BB1A3
:1054F000DEF7A0FD002010BD0220FCE71220FAE735
:105500001846F8E710B504460078FF280AD00321B2
:10551000DCF7A0FB58B16378A27843EA0223C38486
:10552000002010BDB4F80100DEF768FFF8E7422064
:10553000F7E710B504460078003818BF0120E4F7FB
:105540007FFD2078003818BF0120DEF733FD0020F2
:1055500010BD10B50446ECF745FF50B1E9F734FE35
:105560006178C1F3400201F0010103F010FB00205B
:1055700010BD03212078DCF76DFB0028F0D142201C
:10558000F6E72DE9F84F03780546013B1E2B02D9BB
:105590001220BDE8F88FECF747FFC80701D40C20B4
:1055A000F7E728780023D9B2884210D800274FF6B1
:1055B000FF782B78FEB2B3421DD84FF00008C146E9
:1055C0002B785FFA88FA534547D80020E1E705EBCE
:1055D0008302B2F801600022D4B2A04201D80133A4
:1055E000E1E78C4205D005EB8204B4F80140B442F7
:1055F000CED00132F0E705EB86060021B6F80300B5
:10560000DCF728FB044608B90220C2E790F886328E
:10561000EBB990F8A430D3B990F8A330BBB9092105
:10562000B6F80100DCF716FB0028EDD0D4F888327C
:10563000002BB4D1B0F8AC3143457CD194F8F630AE
:10564000190702D4FF2384F853310137B1E705F07D
:10565000FFFE0028E3D125209BE705EB8A0A0921FC
:10566000BAF80100DCF7F6FA08210446B0F8AE01FA
:10567000DCF7F0FA07460021BAF80300DCF7EAFA93
:10568000064627B942F648013920DBF729FA10B956
:1056900042F64901F8E70123204687F86830E5F72C
:1056A0002DFFEFF3108372B6D6F83821C4F8152217
:1056B00004F21522C6F8382103B962B607F1200BAF
:1056C000584604F00EF808BB7B6F13B16FF40472F8
:1056D000134400221BB962B942F67901D4E7D3F82A
:1056E000111283F8C89121B11A466FF40473CB18D4
:1056F000F0E70122584684F8C821396901F23A21BD
:10570000F4F738F928B142F6A901BDE7012384F87E
:10571000C831FEF70FFBBAF80330C4F8B80104F241
:10572000192424F86D3C08F10108D6F8883223606A
:10573000C6F8884244E70B202BE738B500784FF6CF
:10574000FF750870E6F760FAA84204461CD00821ED
:10575000DCF780FA20B942F6CE013920DBF7C0F938
:10576000436F4BB16FF404721344B3F8AC21AA42F7
:105770000CD1D3F81132F4E708212046DCF780FA87
:1057800018B142F6DC01E8E7022038BD0C20FCE746
:1057900000210088FEF71ABE70B543780546012B3C
:1057A00001D9112026E00378262B24D02F2B27D0D7
:1057B000202BF6D1ECF738FE0446ECF735FE010F4E
:1057C00041EA547101F001016B78012B01D10029EC
:1057D000E7D00020FDF7A4FF06460220FDF7A0FF5A
:1057E000044696B988B96B782878012B0AD1ECF772
:1057F000FFFD204670BDECF717FEC1F34011E3E753
:105800000021E1E7ECF702FEF3E70C20F2E7038862
:1058100073B5064698B20C460B80B0F5706F2DD26A
:1058200001A9E5F7EFFC694605463088E5F706FD76
:1058300080B9009BD3F8C020C4F80220D3F8C4205C
:10584000C4F80620D3F8C820D3F8CC30C4F80A2016
:10585000C4F80E3065B9019B5A6EC4F812209A6ED6
:10586000DB6EC4F81620C4F81A30284602B070BDAA
:10587000022D05D1022818BF0025F6E71225F4E70E
:105880000025F2E7038813B5044698B20B80B0F503
:10589000706F19D2A378022B16D801A9E5F7B2FCD4
:1058A00018B9019BDA7D12B9112002B010BD93F82E
:1058B00028305BB90198A178838A032B01D800298D
:1058C000F2D104F070FEF0E71220EEE70C20ECE7D6
:1058D000038813B598B20C460B80B0F5706F13D2E5
:1058E00001A9E5F78FFC68B9019B93F84D306BB1C6
:1058F000019B1A6CC4F802205A6C9B6CC4F80620F9
:10590000C4F80A3002B010BD1220FBE71120F9E7FD
:1059100010B50446F1F754FF40F27123B0FBF3F0E9
:105920002080002010BD02884BF23F5108B5531E65
:105930009BB28B4206D840F271205043F1F746FFEC
:10594000002008BD1220FCE7038873B5054698B215
:105950000B800023B0F5706F0C468B70CB700B7111
:105960004B718B71CB710B724B728B72CB720B7351
:105970004B733BD26946E5F761FC01A906462888CE
:10598000E5F740FC054610B146B1022015E02EB106
:105990000023019AAAB942F6FC1103E0009B23B947
:1059A00042F6F2113920DBF79BF893F85030FBB147
:1059B0000098F9F715F915B1002002B070BD012368
:1059C000E7E792F84D206AB1019804F0EAFD019BE7
:1059D0001A6CC4F802205A6C9B6CC4F80620C4F8F8
:1059E0000A30E9E7002BE7D11120E6E71220E4E7CF
:1059F000002DF9D1CCE737B504460D46B0F8AE011D
:105A00000821DCF727F920B942F611213920DBF70C
:105A100067F85DB194F8D03004F1B402003B18BFD0
:105A20000123D27A52B90C2003B030BD94F828304B
:105A300004F10C02003B18BF0123F2E7002BF2D166
:105A400003784BB1B4F8B03165B92046238103B077
:105A5000BDE83040F8F766BC203003F042FE002875
:105A6000F0D1E0E7A4F8B030002104F1B000D4E9AF
:105A700031230193B3FBF2F3DBB2013B53430093B9
:105A8000D4E97A23F9F76AF8CEE773B504460D46F0
:105A900090F8FC000A21DCF7DDF8064620B942F652
:105AA00049213920DBF71CF890F83030032B03D163
:105AB00085B90C2002B070BD022B09D1002DF8D1A0
:105AC00094F8283004F10C02003B18BF012307E0D2
:105AD000002DF5D094F82030221D003B18BF012383
:105AE000D27A002AE5D0002BE3D106F1C00003F002
:105AF000F8FD0028DDD0B4F8FA30C5B12380304677
:105B0000D4E90535B5FBF3F5EDB204F01AFAA36953
:105B100000FB0555014601932046013D6369ADB286
:105B20005D430095D6E90A23F9F718F8C2E7204645
:105B3000238102B0BDE87040F8F7F4BB38B50446E5
:105B40000D4662B390F828300BB90C2038BD90F8A0
:105B50004D30002BF9D141B194F8D030002BF4D066
:105B600094F80031002BF0D1A2B10821B4F8AE01B5
:105B7000DCF770F820B942F6BF213920DAF7B0FF20
:105B8000203003F0AEFD0146204604F062FD0DB961
:105B90000020DBE704F1B000F9F722F8F8E700296C
:105BA000DAD1F5E770B504460D4690F8FC000A21FD
:105BB0001646DCF74FF820B942F6CF213920DAF744
:105BC0008FFF2EB394F828300BB90C2070BD94F8D9
:105BD0004D30002BF9D190F83030022BF5D165B162
:105BE00094F82030002BF0D094F85030002BECD1FA
:105BF00090F83030032BE8D136B10121204604F073
:105C000028FD0DB90020E1E72046F8F7E9FFF9E7A4
:105C1000002DE5D1F6E7038870B5054698B20B80F4
:105C2000B0F5706F24D2AC78631E022B20D8092106
:105C300004F00106C4F34004DCF70CF828B1224656
:105C40003146BDE87040FFF779BF0B212888DCF7AB
:105C500001F828B122463146BDE87040FFF7A2BFE7
:105C60000C212888DBF7F6FF0028F3D1022000E0A2
:105C7000122070BD0388F0B5054698B287B00B803E
:105C8000B0F5706F60D2AB78022B5DD80C21DBF7DA
:105C9000E1FF00285AD109212888DBF7DBFF044601
:105CA0000B212888DBF7D6FF07463CB320B142F62C
:105CB0004A313920DAF714FF0821B4F8AE01DBF7D6
:105CC000C9FF10B942F64F31F3E7D0E9023201784B
:105CD000002918BF1A464168AB780493B1FBF2F370
:105CE000DBB2013B5343CDE90273D4E97A67CDE9D6
:105CF00000672888FEF7E3F907B0F0BD40B30A213A
:105D000090F8FC00DBF7A6FF064610B942F66331B7
:105D1000CFE7C36DD0F8F040B4FBF3F4E4B204F085
:105D200010F9AB7800FB04440493013C7B69A4B2F6
:105D3000A4FB0343CDE90204D6E90A23CDE90023FD
:105D4000F26DD6F8F010D4E71220D5E70C20D3E797
:105D50000220D1E713B500880C46088001A980B263
:105D6000E5F76CFA98B9019B93F820209989D2B293
:105D700079B172B1D3E920120A430AD0B3F8902066
:105D8000D3F88830628020726072A072636002B0C3
:105D900010BD0C20FBE713B500880C46088001A954
:105DA00080B2E5F74BFA60B9019B93F820209989FE
:105DB000D2B241B13AB1B3F89020D3F888306280C2
:105DC000636002B010BD0C20FBE72DE9FF47C378EC
:105DD0000446012B05D94FF01208404604B0BDE837
:105DE000F087002B4CD1237D1F2BF4D8B4F815304D
:105DF00043F6F6720A3B9BB29342ECD82378EF2B22
:105E0000E9D8B4F80130B3F5706FE4D2E17D4B1EF0
:105E10001E2BE0D86FF0170504F1180200232D1B8C
:105E2000184612F8013B5E1E1E2ED4D88342D2D9EA
:105E3000A8188142F4DCF5F7F3FCFF283BD10521DB
:105E4000B4F80100DBF706FF0646002800F0CC801E
:105E5000437E002B40F0C88000F10C05CDE90233F1
:105E60000A238DF80E3002A8DBF72EFF78B10C2044
:105E7000FDF765FCE37D834220D94FF00D08ACE7C8
:105E800005F0E6FA0028AED14FF02508A5E7029804
:105E900090F83030022BE6D190F89820B37A9A42ED
:105EA000E1D100F19A012B46F27A90F8990000F0C6
:105EB000F1FD0028D7D04FF00C088EE70A2120789A
:105EC000DBF7C8FE0028F6D10A212078DBF784FE34
:105ED00005460028D1D003F070FF022342F2107271
:105EE00085F83030B4F815305343C5F8FC302378CA
:105EF00085F83130E37D2344DB7D85F83330237E24
:105F000085F83430237D85F83530E378002B14BFD5
:105F10000123002385F84F30B37A85F89830F37A5F
:105F200085F8993096F8923085F80231F368C5F813
:105F30009A30338AA5F89E300AD0231D05F1380225
:105F400004F1140153F8040B8B4242F8040BF9D10D
:105F500005F1C000F3F708FD804658B10A2120780A
:105F6000DBF78EFE00283FF438AF42F66741392058
:105F7000DAF7B6FD94F8179004F1190A09F1FF3920
:105F80004FFA89F919F0800F06D02078F5F73EFC1A
:105F9000FF2386F8393020E70C210DF10600DBF7EE
:105FA000E3FD09F1FF39074610B942F67041DEE71B
:105FB00004F00CF8384604F008FBBDF8063007F58D
:105FC000807727F8063C1AF8093007F8083C95F85E
:105FD0004F3007F80C3C237807F8043CD5F8903094
:105FE0003B60C5F89070CDE74FF04208F5E637B555
:105FF0000446007808700A21DBF72CFE0546B8B38A
:1060000090F83030022B35D1F5F70AFCFF2825D067
:106010000023CDE9003305238DF806306846DBF711
:1060200053FE30B9009B93F83920002AF6D083F84C
:106030003900FF20F5F7EAFB05F1C00003F02EFC64
:10604000044620B142F6A7413920DAF749FD442140
:106050002846F5F7EBFB204603B030BD20780A2137
:10606000DBF70EFE04460028F5D042F6AF41EBE721
:106070004224F0E70C24EEE710B50A21044600782C
:10608000DBF7E8FD034690B190F83020032A01D0F9
:106090000C2010BD827D022AFAD0827E02F0FF0021
:1060A000002AF5D16278DA76FF229A76F1E742206B
:1060B000EFE708B50120EDF70DFBBDE80840F3F769
:1060C0009BB80820ECF794B90B20ECF791B903F0DA
:1060D00068B802F014BF08B5C3780246013BD8B2D5
:1060E000042801D9FE2806D11378042B03D1E3F745
:1060F0001BF9002008BD1220FCE710B5044604B9C6
:1061000010BD236898476468F9E703680BB901601C
:1061100070471A465B6813B18A42FAD170478A42C7
:1061200018BF5160704708B5E3F788FFE9F7DEFC58
:10613000E0F74EFFBDE80840E4F730B908B5FE20AF
:10614000E3F7F2F8BDE80840FFF7EDBF002307B51D
:10615000CDE9003305238DF806306846DBF7B4FD42
:1061600028B103F08BFC68B140F2DB1107E0009826
:10617000503003F093FB0028EFD04FF4EC71012076
:10618000DAF7AEFC0520FDF7EFFADBF75FFF03B0AF
:106190005DF804FB08B5F3F7F1FEE0F7D7FFBDE8C3
:1061A0000840E9F78DBAF8F73BBB002313B5CDE9FA
:1061B000003308238DF806306846DBF785FD58B1BB
:1061C0000920FDF7D1FA0820FDF7CEFAE5F7D4FC57
:1061D00078B140F2262107E0009C04F1200003F092
:1061E0005DFB20B140F219210120DAF779FC6067EC
:1061F000E2E702B010BD08B5DDF776FDEFF7F6FC7B
:1062000020B14FF494710120DAF76AFC0320BDE855
:106210000840FDF7A9BA08B50220FDF7A5FA00204D
:10622000FDF7A2FADBF7ECFDECF786F9DCF706FBED
:1062300020B14FF484710120DAF752FC08BDFFF75A
:10624000EABF08B5FFF7D7FFF0F784FC20B140F2B2
:106250003D110120DAF744FC08BD08B5FFF76EFFD9
:1062600002F09BFF20B14FF4C5710120DAF738FC32
:1062700008BD002307B5CDE9003304238DF80630AF
:106280006846DBF721FD38B102F0E1FF48B14FF479
:10629000E2710120DAF724FC0098403003F0FEFAA6
:1062A000EEE70420FDF760FA03B05DF804FB08B5E3
:1062B0000A20FDF759FA0B20FDF756FA0C20FDF7DE
:1062C00053FA03F078FD20B140F231210120DAF7D2
:1062D00007FC08BDFFF79FBF08B5E0F72FFFEBF7FE
:1062E000D9FEEBF725FF02F05AFFBDE80840EDF7B5
:1062F000FFB810B5C378044691B163B90388012B88
:1063000001D95B082380EDF7F1F92388B0FBF3F2A4
:1063100002FB1300A070E37883F00103E37010BD6B
:10632000002BF8D10388FE2BEDD85B009BB2FF2B2E
:1063300088BFFF23E6E783780BB1013B8370807849
:10634000B0FA80F0400970470123038040F2011346
:106350004380704705F050B80B46152203F8032B15
:10636000D0F80920C1F80320427B1A717047012838
:1063700004D1012914BF002001207047022801D157
:106380000229F7E7042801D10429F3E70020704728
:1063900030B585B004460D46ECF73CFF80B36FF492
:1063A000C87302A91C442088ADF8000000F0C2FBAD
:1063B00018B12E217E20DAF793FB039B0221684659
:1063C00093F878208DF8022093F87920B3F87A308A
:1063D0008DF80320ADF80430FEF739F808B14421F8
:1063E000E8E78DF808009DF808308DF809000020D6
:1063F00063F307009DF8093063F30F2005B030BD4B
:106400002E232B70D4F80930C5F8033004238DF8FF
:106410000830E8E708B5436893F89E201AB1852153
:106420007E20DAF75DFB212283F89E2008BD03461B
:1064300010F0010005D19A0702D403F00400704760
:106440000220704730B5C1F3072285B0CCB2C0F34B
:106450000723C5B2019011462046FFF788FF20B9F7
:1064600019462846FFF783FFF0B12B40234002EA8C
:1064700003010B4688071BD411F0010201D101F082
:106480000402990716D413F0010001D103F00400AF
:10649000042A04D1BDF80630012B08BF0322D2B272
:1064A00042EA002005B030BD05EA02012340E1E7E1
:1064B0000222E6E70220EBE72DE9F84F8946054680
:1064C0000846904601F0E9F88246484601F0E9F8AE
:1064D0008346FFF7ACFF06465046FFF7A8FF46EAA3
:1064E00000070446FFB2003F18BF0127EBF7A2FFE9
:1064F00000EA0B00C0B2002808BF0026EBF79AFFA5
:1065000000EA0A0095F87C20C0B2002808BF0024E9
:10651000B24214BF3346002388F8003095F87D203E
:10652000A24208BF0024234388F801400CD148460A
:1065300001F0BDF8B5F89830DB43184447F6FD7319
:1065400080B2984288BF0027BEB995F87C00E8F772
:106550001BFE03280ED195F84C31012B0AD1B5F85A
:10656000502195F87C30012A09D1032B09D003234F
:1065700088F800303846BDE8F88F042EEAE7042B8F
:10658000F8D00423F4E7042905D101280CD1032114
:10659000138051807047032906D1012804D00421BB
:1065A000012013805180704700207047012806D0D9
:1065B000022804D0033801288CBF00200420704733
:1065C0007FB54468CDE900211146019894F87C60BC
:1065D00094F87D50FFF736FFC3B2C0F307209E4208
:1065E00008BF0023854208BF002084F8423284F8A7
:1065F000430204B070BDF7B5446806460F4694F8F0
:106600009F50002D65D194F89E30253B022B2DD94B
:1066100001A8EBF7DDFFE8B1019B0DF10301DB7889
:106620008DF803300DF10203162294F89E0001F05C
:106630007EFB88B19DF802201621304601F062FBF6
:10664000322384F89F30012384F8E0300023A4F83B
:10665000DE300CE02946E5E7384601F00FF848B98E
:106660003946304601F091FB054600E020252846DA
:1066700003B0F0BD3B7903F0070384F874307B79F5
:1066800003F0070384F8753094F84D31DBB994F8C2
:106690004C31012B17D094F87D3094F87420D91E1A
:1066A000012998BF04239A420FD194F87C30DA1E56
:1066B000012A94F8752098BF04239A4205D1736883
:1066C000022283F84C212323BBE73046EBF7FEFE82
:1066D000F9E70125CBE7F8B5446806460F4694F87C
:1066E0009F50A5F12103062B47D92F2D45D0002D12
:1066F00041D194F89E30262B3FD0084600F0BEFFD3
:1067000028B939463046BDE8F84001F02ABB7B790C
:1067100003F0070384F875303B7903F0070384F82E
:10672000743094F84D31D3B994F84C31012B16D014
:1067300094F87D3094F87420D91E012998BF042361
:106740009A4214D194F87C30DA1E012A94F875200C
:1067500098BF04239A420AD1022384F84C312323A0
:10676000304684F89F3001F0B4FA2846F8BD304630
:10677000EBF7ACFEF3E70125F7E72025F5E74368E3
:1067800037B593F89E3004460D46212B26D1084696
:1067900000F07FFF616868B9A1F8420263680122D6
:1067A000002083F8DC202522A3F8D80083F89E205F
:1067B00003B030BD2A7900206B7902F00702ADF8F2
:1067C000060003F00703D1F84E118DF8042020468F
:1067D0008DF80530019AFFF7F3FEDFE70120E7E7C8
:1067E0002DE9F743456804460F4695F89F3095F824
:1067F0009E80242B2CD19F35384600F05AFF00286C
:106800004DD0384600F049FF8146384600F049FF38
:106810000146FFF70CFE666848B396F87C30984254
:1068200025D096F84C21012A0CBF96F84E2196F8F7
:106830007820114233D0B8F1220F18D096F8752085
:10684000114214D153B940F2F7110620DAF748F992
:10685000B8F1220F40F0C3809E35CDE7032B01D065
:10686000032832D1984294BF00200120B8B948468D
:10687000FFF7DDFD00284BD096F87D30834247D0EE
:1068800096F84C31012B0CBF96F84F3196F87930C1
:1068900019EA030F14BF01230023002B38D16368CA
:1068A00093F84C21012A19D11E212046EBF7F0FD67
:1068B000B8F1220F20D1FA786368182A83F82921C9
:1068C00010D040F269217E20C0E7042BCAD00428F2
:1068D000C8D098422CBF00200120C7E7002283F8CF
:1068E0004C21E5E70A2283F89E2093F8DC30002B48
:1068F0003CD140F27121E6E7002320462B7001F0E5
:10690000F2F93946204603B0BDE8F04301F029BA58
:10691000304601AA3946FFF7CFFD666880BB96F87E
:106920004C31012B29D1B6F8983006F5357296F81E
:106930007C10B6F85001FFF726FE0646C0B90146A6
:106940002046EBF7A5FD2E70636803F19F02954288
:1069500002D1002283F89F20636803F19F029542D1
:106960004FF0000538D1204601F0BDF9002037E096
:106970006368282283F89E20E6E786F84C01E3E767
:10698000384600F094FE6368A6F8D402B3F8D42227
:10699000B3F89810013A521A47F6FD7192B28A4242
:1069A00006D92822204683F8C120EDF7B3FAD3E7B1
:1069B00093F89F200E2A02D00B3A012A01D82A22EE
:1069C000F0E79DF8042083F8D6229DF8052083F88F
:1069D000D72226232B70BFE783F8DC50C6E70220BE
:1069E00003B0BDE8F083436810B593F89F200446D8
:1069F000B3F84212232A15D181B983F89F1093F876
:106A00004C31012B01D1EBF743FD6368002283F881
:106A10004C216368002283F8E02010BD262283F811
:106A20009F20F6E793F89E20252A0DD141B983F8DF
:106A30009E10EBF72DFD6368002283F8DC20ECE765
:106A4000262283F89E20F6E740F27D317E20DAF799
:106A500047F808B5436893F89F20232A05D022B150
:106A60004FF461717E20DAF73BF8242283F89F20EF
:106A700008BDFF2343710023037103604371704716
:106A800043791BB903680BB101221A607047EBF719
:106A900053BD704730B542400C7818785D7844405B
:106AA000487868409D78044488786840DD780444DC
:106AB000C87868401D795B79044408794979684051
:106AC0004B4004442344D3420CBF0120002030BD7E
:106AD000034600200139C9B2FF2900D170475A5C32
:106AE00082F001021044C0B2F4E708B5EBF7E2FD12
:106AF000082807D0EBF700FE082803D0EBF710FEBC
:106B0000012008BD0020FCE708B5EBF7D3FD0828FD
:106B100003D0BDE80840EBF7EFBD08BD08B5F5F7B9
:106B20002DFE18B1BDE80840F5F75EBE082008BD8F
:106B3000F5F724BE70B50D4600210646DBF78AF84E
:106B40000446686010B10020287070BD02213046F4
:106B5000DBF780F8686018B1012320462B70F4E75A
:106B60000220F2E770B5047934F01F040ED1461EFE
:106B7000051D16F8010F01F069F80444AE42E4B2B5
:106B8000F7D1012C94BF0020012070BD0020FCE74C
:106B900001440023884203D1B3FA83F040097047CF
:106BA00010F8012B1343F5E7F8B505460C46D0E97C
:106BB0000476FAF7C3F820B94FF481712920D9F788
:106BC0008FFFF4B1D5E90431DA1B61EB0603012A2A
:106BD00073F100014FF0000115DB6FF001009042EE
:106BE00071EB030302DA4FF48671E7E7631E134487
:106BF000B3FBF4F35C43E41946F10006C5E904462F
:106C00001C462046F8BD0C46FBE7CB1E012B0FD8D7
:106C1000032915BF4FF4167396234022102203F563
:106C2000BC73984212D9C01A90FBF2F080B2704740
:106C3000022905D13C2809D93C38C0F38F007047A0
:106C4000702803D97038C0F3CF0070470020704718
:106C500003460868986770470229024608B515D0B0
:106C600006D801290AD040F27D112920D9F738FF32
:106C700003390129F7D840F6A66008BD40F6C413D1
:106C800040F2E240002A18BF1846F6E740F6C4106A
:106C9000F3E76FF4B37C6044884294BF091A491A41
:106CA0001868012900EB5100186098BF0020136894
:106CB00088BF0120A3EB51031360704708B5F6F7B6
:106CC000EFF9BDE80840ECF79DB9C3B293FAA3F31E
:106CD000000A90FAA0F01B0E000E43EA0020704755
:106CE0000131821DF8B5C9B20023012512F8010B4C
:106CF000884216D312F8066C002405FA04F7E0B2B5
:106D000037421CBF01F1FF31C9B269B10134082C0F
:106D1000F3D10133DBB2052BE8D199214620D9F715
:106D2000DFFE091AC9B2F4E700EBC300C0B2F8BD38
:106D30000B6870B5C0F8013004460B79451C861D00
:106D400003F01F0343710023C37215F8010B00F019
:106D50007DFF2871B542E37A1844E072F5D170BD29
:106D600081EA114189B270B50446C57A032682EAE8
:106D70000100FFF7AAFF013E00EB001016F0FF062E
:106D800001EB000290B2F4D141402522B1FBF2F3B5
:106D900002FB1313C3F3C402D8B203F00703224467
:106DA0005678012202FA03F31E4207D169432046B6
:106DB000C1F30741BDE87040FFF792BF70BDF8B561
:106DC00090F8215004466B1E242B56D8002A56D02A
:106DD000807D18B1012846D01F2019E094F82310B7
:106DE000012694F8223002FB03132522B3FBF2F1B3
:106DF00002FB1133DBB204EBD30284F82330D17DE4
:106E000003F0070206FA02F2114202D084F824309D
:106E1000F8BDB3FBF5F205FB123304F11C01024689
:106E20000133D8B211F8013B834219D311F8067C23
:106E3000002306FA03FCDDB21CEA070F1CBF00F1B9
:106E4000FF30C0B220B905EBC20284F82420DFE78E
:106E50000133082BEDD10132D2B2052AE2D1BBE7D2
:106E6000C01AC0B2F7E7228904F11600096AFFF7D9
:106E700077FF84F824000020CAE71220C8E71046F4
:106E8000C6E72DE9F04105469DF8180082EA124256
:106E90000E460128E97A94B240D183EA0400032720
:106EA000FFF713FF7B1E00EB001013F0FF072044D9
:106EB00080B2F5D1444025233080B4FBF3FC03FBC2
:106EC0001C4CCCF3C4031FFA8CF25FFA8CF80CF064
:106ED000070C2B445878012303FA0CFC10EA0C0F22
:106EE00013D01F2AD5F80100697950D89340013B8F
:106EF0000F40184000F075FE0446384600F0A6FE2C
:106F000004444046B470BDE8F0814C432414B4708E
:106F1000B1782846BDE8F041FFF7E2BE0829B7780E
:106F200027D84B1FA1F10A0202EBD27252109A42EB
:106F30001046B8BF1846012825DD9A421DDD2129DB
:106F400023D8D2B23088FFF7C0FE00EB0010A1EBCF
:106F500042033A44204480B24440308003FB04445E
:106F600002EB2442D2B2B2FBF1F301FB1322B27066
:106F7000CEE7212909D80323D4E708290A4628BFE8
:106F80000822053ADDE70122DCE70B22DAE7203AA6
:106F90009340013BDFB24FF0FF33A9E7034612EA0B
:106FA000010003D013F03F0018BF01207047407864
:106FB00070470B68C0F803308B88A0F80730704723
:106FC000D0F803300B60B0F807308B8070470B6847
:106FD000C0F809308B88A0F80D307047037889011C
:106FE00023F0400301F040010B4303707047007829
:106FF000C0F380107047037803F07F0343EAC113A6
:10700000037070470078C00970471F2A38B50546DD
:10701000144603D9BF212A20D9F762FD063409306E
:10702000FBF77EFB6C7038BD1F2A38B50546144649
:1070300003D9E1212A20D9F753FD06340930FBF7A3
:107040006FFB6C7038BD30B50378024603F00F0358
:10705000032B40D0052B1FD1C37F90F820000343A2
:1070600092F82100034392F82200034392F8230090
:1070700020F01F0018432DD05378222B0CD1B2F8EA
:107080001930B2F81740907D41B1B3F5506F05D972
:1070900040F607518B420ED900201BE0991F40F6A5
:1070A0007A4589B2A942F7D8411E0729F4D883420C
:1070B000F2D9A342F0D3B2F81B30B3F5FA7FEBD28A
:1070C000B2F81D0040F676430A3880B298428CBF71
:1070D0000020012030BD4078A0F10C0358425841F7
:1070E000F8E72DE9F04190F8038005460E4618F0C8
:1070F0003F0700F09180072900F28E80DFE801F061
:1071000004101A242E38424C017901224046FFF720
:1071100045FF00280CBF344605242046BDE8F08119
:10712000017902224046FFF739FF04460028F4D0D7
:10713000052462E0017904224046FFF72FFF044650
:107140000028EAD0052450E0017908224046FFF7E4
:1071500025FF04460028E0D005243EE001791022F6
:107160004046FFF71BFF04460028D6D005242CE03C
:10717000017920224046FFF711FF04460028CCD0B9
:1071800034461AE0017940224046FFF707FF0446E3
:107190000028C2D0052408E0017940224046FFF7CC
:1071A000FDFE00280CBF0524062420222979404634
:1071B000FFF7F4FE08B11234E4B2102229794046F8
:1071C000FFF7ECFE08B10334E4B208222979404607
:1071D000FFF7E4FE08B10234E4B204222979404604
:1071E000FFF7DCFE08B10134E4B2022229794046FF
:1071F000FFF7D4FE08B10634E4B2012229794046F3
:10720000FFF7CCFE08B10634E4B2072E85D1231F68
:107210009F42B8BF002480E700247EE770B50C468B
:10722000064611461D4624B940F2E9212A20D9F725
:1072300057FCFFF756FF10B940F2EA21F6E7031FAB
:107240002B443F2B02DD40F2EB21EFE72A4621469B
:107250003044BDE87040FBF763BA10B50446FFF751
:1072600040FF00B1204410BDC07800F03F007047DF
:10727000C37803F03F0343EA8113C3707047C1F33F
:10728000800330B5C1F38014C1F340052344C1F33A
:10729000001404EB44042344C1F3401404EBC4047D
:1072A00003EB4403C1F300042C44C1F3C0051344B1
:1072B00004EB44042C4403EB440313F0FF031CBF12
:1072C00001330171C17818BFDBB221F03F0103F037
:1072D0003F042143C170591C41701AB104339B1AF9
:1072E000013AC25430BD70B5C4780646154604F064
:1072F0003F041319FE2B04DD40F247312A20D9F751
:10730000EFFB0135201D2C443044FBF709FA747063
:1073100070BD4378C078013B00F03F00181AC0B23E
:107320007047F8B50E4619460746FFF7F2FF451AB3
:10733000ECB2944228BF14464EB1FA78304602F0BF
:107340003F020432114422463944FBF7E9F9204652
:10735000F8BD2DE9F047C678012201793046FFF7E4
:107360001DFE022205463046FFF718FE2022824607
:107370003046FFF713FE082207463046FFF70EFEA1
:10738000102281463046FFF709FE042204463046AB
:10739000FFF704FE402280463046FFF7FFFD05EB75
:1073A0000A0307EBC707404404EB44044F4403EBD4
:1073B000430320443B4400EB430010F0FF001CBF9C
:1073C0000130C0B2BDE8F08738B5C5780446AB09D6
:1073D000032B1ED005F03F054378AB4219D9FFF7C8
:1073E000B8FFA84215D895B12379DB060FD5042143
:1073F0002046FFF732FF48B1037803F03F03242B08
:1074000007D880785F288CBF0020012038BD01207C
:10741000FCE70020FAE70278437802F00F02072A1F
:1074200012D8DFE802F0080408111111080E0C3B15
:10743000584258417047063B1F2B8CBF002001204B
:1074400070470BB1FFF7C0BF00207047027802F011
:107450000F02072A0AD0082A0AD0042A0ED140783F
:1074600006381F288CBF002001207047FFF7ACBFF3
:107470004078A0F10E0358425841704700207047F1
:1074800040787047037801F0030123F003030B43B6
:1074900003707047007800F00300704703784901DB
:1074A00023F0200301F020010B43037070470B7899
:1074B000837070471B2A08B504D940F252412A2034
:1074C000D9F70EFB42700330BDE80840FBF728B93E
:1074D000B0F807007047B0F809007047C172090A98
:1074E00001737047B0F80B00704770B5B0F8073003
:1074F000B0F80950B0F805600479B0F80B0091B10C
:10750000B3F5506F0FD940F60752934218D8B5F52E
:10751000FA7F15D20A3840F6764380B298428CBF83
:107520000020012070BD9A1F40F67A4192B28A4233
:1075300006D8621E072A03D89C4201D29E42E5E784
:107540000020EFE70B6843600B79037270474368D4
:107550000B60037A0B717047B0F80900704700792F
:1075600070470B6843604B688360704743680B60EB
:1075700083684B6070470B888381704783890B80D9
:1075800070470B68C0F80E304B68C0F81230704777
:10759000D0F80E300B60D0F812304B6070470B689B
:1075A000C0F816307047D0F816300B607047FFF700
:1075B000D8BFFFF7DBBF0B68C3607047C3680B60C1
:1075C0007047007970470171090A417170478171F4
:1075D000090AC17170470172090A417270478172CC
:1075E000090AC17270470430704726307047043072
:1075F00001F1200351F8042B994240F8042BF9D1F2
:107600000B880380704738B515460446FFF7EFFF37
:107610002B68C4F826306B68C4F82A3038BDC378AC
:1076200003F06003402B10B524D08288052A21D9AD
:10763000837AD0F80640C3F3040323431AD0838A25
:10764000CB1A1BB2002BB8BF5B429BB2B3F5804F85
:1076500010D2438AC08A181A00B20028B8BF40422C
:1076600080B2012808D95043B0F57A6FCCBF002012
:10767000012010BD0020FCE70120FAE70379024653
:1076800013F0070004D0507910F0070018BF012054
:107690007047FFF7F3BF0171704700797047417180
:1076A0007047407970478171090AC1717047C0887D
:1076B00070470279437902F0070203F00703511E75
:1076C0000A40591E0B4013430CBF01200020704795
:1076D0000171704700797047417170474079704778
:1076E0000B7803714B7843718B788371CB78C371BE
:1076F0000B7903724A7910B513020C7902F00F026C
:1077000003F4404344EA022213431B1243728B7971
:107710008372CB7903F00F03C3720B7A03734B7A36
:1077200043738B7A03F00F038373CB7AC3730B7BA2
:1077300003744B7B03F00F034374CB898374CB89B1
:107740001B0AC3740B8A03750B8A1B0A43758B7C57
:107750008375CB7CC3750B7D03764B7D43768B7D28
:1077600003F0F002C3F3030313438376CB7DC376A8
:107770000B7E0377B1F819304377B1F819301B0A43
:107780008377CB7EC3770B7F80F820304B7F80F8E8
:1077900021308B7F80F82230CB7F80F8233091F826
:1077A000203080F82430B1F8213080F82530B1F84D
:1077B00021301B0A80F8263010BD03790B70437905
:1077C0004B7083798B70C379CB7003890B71C3F3D2
:1077D00003224B7923F00F0313434B7103894A793A
:1077E0009B0B63F386124A71D2B20389DB0B63F3FE
:1077F000C7124A7143898B71C3F30322CB7923F0FB
:107800000F031343CB71837B427B10B5047B4A7219
:1078100003F00F028B7A0C7223F00F0313438B7269
:10782000027C437CC47BCC720A7303F00F024B7B57
:1078300023F00F0313434B73438ACB81838A0B825C
:10784000837D8B74027E437EC47D4B75CC740A7538
:107850008B7D827E62F303038B75837E8A7D1B0999
:1078600063F307128A75C37ECB75037F0B76B0F87E
:107870001D30A1F8193090F8202090F82130C47FF5
:107880000A77CC764B7790F8243090F8232090F844
:107890002240CA778C7781F82030B0F82530A1F8E3
:1078A000213010BD0B7803714B7843718B78837155
:1078B000CB78C3710B7903724B794372CB88837297
:1078C000CB881B0AC37270474279837910B504795B
:1078D0004A700C708B70437A027AC4790A71CC704A
:1078E0004B714389CB8010BD0B6803710B681B0A79
:1078F00043710B681B0C83710B681B0EC3710B79F2
:1079000003724B7943728B798372CB79C3720B7A92
:1079100003734B7A43738B7A8373CB7AC3730B7B7A
:107920000374B1F80D304374B1F80D301B0A837441
:107930007047436810B50B60427A837A047A4A71C3
:107940000C718B71027B437BC47A0A72CC714B72CF
:10795000037CC27B847BCA728C720B73B0F81130CB
:10796000A1F80D3010BD0B7803714B7843718B7803
:107970008371704703790B7043794B7083798B70F7
:107980007047FB2908B504D940F2E6712A20D9F7DF
:10799000A7F8417008BD037843B1406890F81232EF
:1079A00023B1002380F81232DCF744BB704708B5DE
:1079B000017A19B101290DD0002008BD0368022108
:1079C000C2888088EBF7D4FB0028F6D1EBF7D0FD16
:1079D0000120F2E70368C288F3E702230B7001235A
:1079E0008B707047EBF754BD0222EBF7AFBD03225B
:1079F000EBF7ACBD0422EBF7A9BD0222EBF7D8BD33
:107A00000322EBF7D5BD0422EBF7D2BD14230B7094
:107A10006FF4BA7318440388A1F80330B0F85030FB
:107A2000A1F80530B0F85430A1F80730B0F8523062
:107A3000A1F80930B0F85630A1F80B30704708B5FE
:107A4000CB1E012B04D8800100F5747080B208BDF4
:107A5000012902D10E30C000F8E7022902D10F300F
:107A60008000F3E740F259210620D9F739F8406841
:107A70007047033901298CBFC08A4FF429607047D1
:107A800070B590F87C608D88033E0C89012E04D976
:107A900043B11678033E012E04D8B5F5296F38BFDF
:107AA0004FF4296590F87D60033E012E04D943B15F
:107AB0005378033B012B04D8B4F5296F38BF4FF43A
:107AC0002964CB884A88A0F86830A0F86420A0F820
:107AD0006650A0F86A4070BD38B5CB1E0446012B35
:107AE00010D9C38B458C9D4228BF1D46207AFFF7D5
:107AF000A6FF6389AB4228BF2B46984238BF184681
:107B000080B238BD4FF42965F0E72DE9F041064613
:107B100090460C46B0F8500011461F46FFF78FFF05
:107B20000546414606F14400FFF7D6FF8542394637
:107B3000A7F1030728BF0546B6F85800FFF77FFFF7
:107B4000012F0346ADB28CBFB6F85A004FF429603E
:107B5000834228BF0346A01D9BB280B22B44184429
:107B6000BDE8F08170B541F64B531646C2690C462C
:107B70009A4290F87D3090F87C2094BF4D25962550
:107B80002946FFF7C2FF28443044A04294BF201A80
:107B9000002070BD70B5C6690D4641F64B5190F896
:107BA0007D3090F87C2004468E4294BF4D21962172
:107BB000FFF7ABFF0544A56470BD006801F19C03AD
:107BC000984283BF401A9C38400800207047002824
:107BD00003DB814204DC08B202E049428142FADC64
:107BE000704700F05533400800F05530034403F06F
:107BF00033329B0803F033331A4402F00F33120977
:107C000002F00F32134403F0FF101B0A03F0FF13BE
:107C1000034403EB1343D8B2704745F2555300EACF
:107C2000030203EA5000104443F2333200EA020335
:107C300002EA90021A4440F60F7302EA030003EAD4
:107C40001213184400EB1020C0B2704700F0550327
:107C5000400800F05500184400F03303800800F09D
:107C60003300184400F00F0303EB1010704780EA54
:107C70006000FFF7B6BF40F34E039BB25840FFF7DA
:107C8000CCBF034608460BB108B91846704783427B
:107C90008BBFB3FBF0F2B0FBF3F200FB123303FB3C
:107CA0001200F0E710B50C4600B119B96F21792028
:107CB000D8F716FF4443FFF7E4FFB4FBF0F010BD24
:107CC0004368002283F89E2083F8DC20A3F8D820A4
:107CD000704743680022A3F8DE2093F8E0200132C9
:107CE00083F8E0207047426808B592F8E030013B25
:107CF0005BB2002B82F8E03003DA34214A20D8F757
:107D0000EFFE08BD436883F82B1183F82A217047E2
:107D1000A0F10B03042B08D9A0F12103062B04D9F1
:107D2000A0F12F0358425841704701207047162A8E
:107D300010B50446084612D1A4F10C02032A03D858
:107D40002A2201201A7010BD212C01D12322F8E72C
:107D50000029F8D00A78012AF2D9162AF6D0002094
:107D6000F1E74268D2F8903010B513F008040AD158
:107D700043F00803C2F89030CB7882F82831FFF73F
:107D8000A8FF204610BD0120FCE7436893F89F0040
:107D900058B9CA78A3F8DE0083F82821032283F8B3
:107DA0009F20012283F8E02070470120704708B52A
:107DB000436893F89E301BB1C6214A20D8F790FE45
:107DC00008BD38B54D680446B5F86810FFF7FBFBF1
:107DD000B5F836112046FFF7FAFBB5F864102046D7
:107DE000FFF7F9FBB5F834112046BDE83840FFF73E
:107DF000F6BB10B5446894F8A030073B012B07D9B7
:107E00000846FFF7ACFB072384F8A10084F8A030F4
:107E1000002010BD426892F8A030073B012B84BFC0
:107E2000082382F8A0307047F8B5476804460D462D
:107E300097F89F6016BB0846FFF78EFB6168A7F8AE
:107E4000D402B1F8D432B1F89820013B9B1A47F61E
:107E5000FD729BB2934207D92823204681F8C13096
:107E6000ECF758F83046F8BD01F2D6212846FFF766
:107E70006EFB63680B2283F89F20F3E70126F1E78E
:107E800008B5436893F89E201AB12A215520D8F7E7
:107E900027FE0C2283F89E2008BD0B46082203F81B
:107EA000032BD0F80920C1F80320D0F80D205A6028
:107EB000427C1A720023CB707047F8B543680646BF
:107EC0000D4693F89F40002C66D193F88110284608
:107ED000FFF70BFB28B929463046BDE8F840FFF70D
:107EE00040BF7268B5F80D30B2F89810A2F8D432DD
:107EF000C9430B4447F6FD719BB28B4207D9282337
:107F0000304682F8C130ECF705F82046F8BD284627
:107F1000FFF7DEFA6FF45063776841F64B52C318EF
:107F20009BB2062B96BF4FF47A7340F2E243A0F562
:107F3000506058439042C7F8DC022B798ABFC3EBEC
:107F4000431203EB830303EB820341F64B5295BFCD
:107F500003EB830303EB83039B005B0088BF9BB2AF
:107F60009042284694BF642240F2E242A7F8D632FB
:107F7000B5F805305343C7F8D832FFF7ACFAA7F885
:107F8000E00228467768FFF7ADFA73680E22A7F87B
:107F9000E20283F89F20B8E70124B6E708B54368FA
:107FA00093F89E201AB15C215620D8F799FD0E2235
:107FB00083F89E2008BD0B230B70D0F80930C1F860
:107FC000023070470B460C2203F8022BB0F8092050
:107FD0004A80C27A9A7070474368D3F8383110B536
:107FE00004465BB10C22FFF78DFE63683222204607
:107FF00083F89F20FFF76DFE012010BD1846FCE7B7
:1080000010B50446406890F89E30182B14D100F546
:10801000887200F51771052300F51B70FAF746F812
:10802000636801220020002183F8A3201A22C3E9FB
:10803000400183F89E2010BD0220FCE738B50D46B4
:108040004168044691F89E30152B10D101F5197145
:108050002846FFF7AEFA6168284601F59271FFF7EE
:10806000ADFA63681822002083F89E2038BD0220F4
:10807000FCE7436893F89E20112A05BF00201422D4
:10808000022083F8A30008BF83F89E20704708B53C
:10809000436893F89E20142A04D040F20B111F204D
:1080A000D8F71EFD012283F8E220132283F89E20D8
:1080B00008BD38B54368054693F89F4034B1123C7B
:1080C0000B2C94BF08240124204638BD93F8A4301B
:1080D000002BF9D00A21FFF77FFF0028F4D12846B2
:1080E000FFF7F7FD6B68122283F89F20ECE708B5D5
:1080F000436893F89F20162A04D040F279111F207C
:10810000D8F7EEFC012283F8E120172283F89F20A4
:1081100008BD436893F89F20132A05BF142200204E
:10812000022083F89F207047436810B593F89F3072
:108130000446192B07D1FFF7D6FD63681D220020E6
:1081400083F89F2010BD0220FCE708B5436893F830
:108150009F20122A04D04FF4D1711F20D8F7C0FC01
:10816000012283F8E120132283F89F2008BD08B57F
:10817000436893F89F20172A04D04FF4D5711F202D
:10818000D8F7AEFC192283F89F2008BD08B54368D4
:1081900093F89E201A2A04D04FF4ED711F20D8F7CF
:1081A0009FFC1C2283F89E2008BD08B5436893F805
:1081B0009E2022B14FF4F0711F20D8F791FC0122CC
:1081C00083F8E120112283F89E2008BD08B543689A
:1081D00093F89E203AB193F8E22022B940F2E711D9
:1081E0001F20D8F77DFC012283F8E120152283F8B7
:1081F0009E2008BD0B46072203F8032BD0F8092068
:10820000C1F80320D0F80D205A60B0F811201A816F
:10821000C27C9A72704708B5436893F89E201AB1E1
:10822000BC211C20D8F75CFC042283F89E2008BDEA
:1082300008B5027843684AB993F89F201AB1C4215F
:108240001C20D8F74DFC83F8E02008BDD3F890102F
:10825000CA0701D4C921F3E793F8E020013A52B2EA
:10826000002A83F8E02001DACB21E9E721F00101BF
:10827000C3F89010E9E70E23A0F5B6700B700388E1
:108280004B8070474368017893F89E2061B9052AB6
:1082900008BF00224FF0000002BF83F8D02083F80F
:1082A000DC2083F89E207047102AF1E738B5037868
:1082B00045682BB995F89F00012380B1012015E096
:1082C000D5F8903013F00404F8D1FFF702FDD5F88B
:1082D0009030204643F00403C5F8903006E085F85E
:1082E000E0300223A5F8DE0085F89F3038BD037822
:1082F000426813B982F8E0307047D2F8903023F02A
:108300000403C2F89030FFF7EEBC08B5436802786A
:1083100093F89E1019B171214B20D8F7E1FB002A88
:108320000CBF0522102283F89E2008BD10B5D0E9AD
:108330000D42A24206D38B8C121B498E05334B4350
:10834000934202D3012380F8403010BD01230B700B
:1083500000238B7030F8E43CA1F80330437A4B7172
:108360004389CB8083890B81704708B5436893F8B4
:10837000E32091070ED493F89E201AB17421402077
:10838000D8F7AEFB0121A3F8D82083F89E1083F81C
:10839000DC1008BD027842B993F89F200AB983F82F
:1083A000E020002283F85221F3E7D3F890108A07E7
:1083B000F7D593F8E020013A52B2002A83F8E02082
:1083C00001DA8621DBE721F00201C3F89010E8E72B
:1083D00010B50B7901284C790A6843EA042110464C
:1083E00008BF41F4803110BD07B5FFF7F1FF0DF173
:1083F0000702ECF727F803B05DF804FB38B5054633
:10840000FEF732FF044608B9002038BD0721284690
:10841000FEF767FE0028F7D00434201AC0B2F4E754
:1084200070B506460D460721FEF717FF0446304695
:10843000FFF7E4FF014674B1A0B100235A1CE01815
:10844000D2B2A65CE25CAE4211D12C2D05D0322D09
:108450000BD0282D07D0002004E0222A02D03A2A8F
:1084600018BF002070BD082AFAE7092AF8E7013290
:108470001344DBB29942E1D8EDE70B46062203F83C
:10848000032BB0F80920A1F80320C27A9A70704734
:108490000B46172203F8032BD0F80920C1F803205C
:1084A000D0F80D205A607047312301F8033B00F1EA
:1084B0000903293053F8042B834241F8042BF9D1E6
:1084C0001B880B807047F0B50646BDF8147001F5A7
:1084D000A571D92E344607F0010507F0020028BF28
:1084E000D9243034A4B2FF2C28BFFF24BF0700F0EA
:1084F000AF8048B3042A21D0032A22D0022A0CBF1D
:108500004FF496744FF414740C44D11EC9B29C34C9
:10851000022934BF282000200129044440D804F552
:1085200035649834002D48D0042A40D0032A41D025
:10853000022A0CBF6421C0210819F0BD41F2D024E9
:10854000E2E740F2CE54DFE783B1042A08D0032AE1
:1085500009D0022A40F6480408BF4FF48564D3E7E7
:1085600044F29024D0E741F2BE14CDE7042A05D1AD
:108570000534A4B2A40104F5C874C5E7032A05D1E3
:108580000534A4B2240104F5BF74BDE7022A0BBF71
:108590000B340A34A4B2A4B20CBFA400E400B3E7C5
:1085A000022A0CBFB4204FF4B0700444B9E74FF472
:1085B000CA61C1E740F2AE21BEE793B1042A0AD0F6
:1085C000032A0BD0022A40F648000CBF4FF4856105
:1085D0000146601812E044F29021FAE741F2BE1120
:1085E000F7E7F12E354628BFF125042A1ED105F103
:1085F000130080B2800100F5C8752819D92E9CD9C6
:10860000D93EF721B6B2002B56D0F636042AB6FB77
:10861000F1F64BD0032A4CD040F2725340F692113F
:10862000022A18BF0B4603FB060086E7032A05D182
:108630001335ADB22D0105F5BF75DEE7022A0BBF7C
:1086400019351835ADB2ADB20CBFAD00ED00D4E7B1
:108650008BB1042A09D0032A0AD0022A40F6480026
:108660000CBF4FF485640446B3E744F29024B0E7AE
:1086700041F2BE14ADE7042A05D10534A4B2A40129
:1086800004F5C874A5E7032A05D10534A4B2200176
:1086900000F5BF749DE7022A0BBF0B3404F10A05F5
:1086A000A0B2ADB20CBF8400EC0092E744F2DA3322
:1086B000B9E741F20833B6E7B6FBF1F3042ADBB2BF
:1086C0001CD0032A1DD040F2725140F69214022AA7
:1086D00018BF214601FB0300C3EB4311C3EBC103E9
:1086E000F61AB3B2002B3FF428AF0833042A9BB22A
:1086F0000AD19B0103F21A4318441EE744F2DA310F
:10870000E8E741F20831E5E7032A03D11B0103F54D
:108710004673F1E7022A0BBF9B00DB0003F5BB7336
:1087200003F5CD73E8E78B88F7B513F01806074615
:108730000C4625D1086820B940F2DA312D20D8F74F
:10874000CFF900F0ACFA217C657C032908BF042135
:10875000032D08BF0425EBF785FFA38801462A46B1
:10876000384600933346FFF7AEFECC30D4E90223FF
:10877000824273F100032CBF0120002003B0F0BD42
:108780000120FBE738B513220B460C4603F8032BF8
:1087900000F10902293052F8041B824243F8041BFD
:1087A000F9D1127802211A700123A588A3712846F5
:1087B000D9F750FA70B1E37863B10088E9F7C8FEE1
:1087C00002212846D9F75CFA20B140F227212D205A
:1087D000D8F786F938BD10B50446EAF787FF82B2AC
:1087E00004F1690104F13600FEF7BAFA84F8440096
:1087F00010BD37B504460D46FFF7EDFF01222B46AD
:108800006179204603B0BDE83040EBF79FBF38B533
:10881000CB690446104641F27072A3F57A75954211
:1088200095BF4FF47A7240F2E242B3FBF2F3B3FB2E
:10883000F2F398BF03F5506304F1A8029BB2A4F8C9
:10884000B4308B8CA4F8B630CB8CA4F8B83091F847
:10885000003284F8BA30A37F63B394F86830012BF8
:1088600028D194F86E3003F0C003402B22D1D4F805
:108870006930C4F8A830B4F86D3093800828236AB2
:1088800004F1AE019A7803F1030584F8A12004F104
:10889000A202D3F8033018D0C4F8AE30AB888B8076
:1088A00004F1A101EAF746F940B940F69B312D20C9
:1088B000D8F716F90023C4F8A830DEE794F8A13001
:1088C00043F0020384F8A13038BDC4F8A230AB886D
:1088D00093800023C4F8AE308B80F5E70B46162258
:1088E00010B503F8032BD0F80920C1F80320427B10
:1088F0001A71CB78BBB130F8BC3C1B0713D4B1F86C
:10890000054002212046D9F7A5F960B10088E9F7B2
:108910001FFE02212046D9F7B3F920B140F26D21A4
:108920002D20D8F7DDF810BD0121ECF74BBAFFF789
:10893000FBBF08B590F89C300BB1012008BD90F842
:10894000D430002BF9D190F8C63003F0FF00002B93
:10895000F4D0E9F747FD80F00100C0B2EEE730B592
:108960004FF4B47285B00D4600210446F9F74EFF6E
:10897000FF2323701323638042F21073E384D9F73B
:1089800085FA00220146E0646846D9F7C3FA00225E
:108990000121E06CFAF7E7FF0422E16C6846D9F7A1
:1089A000B9FA0022E06C1146FAF7DDFF04F130005D
:1089B000257500F024F902A8EAF786FB20B940F2F9
:1089C00012312D20D8F78CF802A904F13600FEF7F9
:1089D000AFF904F18000FEF74CF805B030BDFF237D
:1089E000C86C0B70FAF78CBF0078FF3818BF0120F5
:1089F0007047F7B5044630300E4600F050F96188F4
:108A00000746CA0605D52822EDF7CCFC873003B00F
:108A1000F0BD8B07E06C0FD5FBF743F805462179D5
:108A20003846EBF71FFE63880146627900932846BB
:108A30003346FFF748FDE9E7FBF723F8EEE7438805
:108A4000092B10B5044607D1EDF7D6F920460121D0
:108A5000BDE81040EDF714B910BD034608465A882A
:108A600012F0180F30B587B010D103F13001ADF816
:108A70000420D3E902459B8800916946ADF8103087
:108A8000CDE90245FFF74FFE07B030BD0120FBE7FF
:108A9000D0E902017047407D003818BF01207047BF
:108AA0000B68C0F817308B88A0F81B300123437780
:108AB0007047438813F0100005D013F0040F14BF63
:108AC00000201F2070479A0704D4DB0701D4D9F790
:108AD00009BAEE20704708B5FFF7EBFF003818BF62
:108AE000012008BD0023A0F8483043881D2B08BF93
:108AF00000214174704790F914007047408800F0DD
:108B0000010070474088C0F3400070474088C0F3C0
:108B1000401070474088C0F3C000704710B54488CB
:108B2000C06CE30654BFC4F340040024FAF7A0FF6E
:108B3000002C08BF012010BD4088C0F30010704712
:108B40004088A0F109035842584170474079704766
:108B500010B50446EAF7CAFDC0F30B00A042F9D0F5
:108B600010BD90F8683001624B72D0F86930C1F8DE
:108B70000A30B0F86D30CB8170477047EBF76CBFAF
:108B800080F890107047FF2380F89330704780F88A
:108B9000241080F825207047C0F34002C0F3800302
:108BA00000F00100134418447047022808B507D0AC
:108BB000042807D0012807D039212E20D7F790FFAD
:108BC000262008BD2720FCE72520FAE78278034607
:108BD00012F0010002D0D978C9070FD5900702D54D
:108BE000D978890709D512F0040007D0DB7813F093
:108BF000040F14BF00200420704702207047002398
:108C0000C0F80230012343700370704781707047D1
:108C100010B54270144601708078FFF7BDFF4843DD
:108C200004FB00F2FE2A03DD5C212E20D7F758FF5B
:108C300010BD0023C37043710371704710B5044623
:108C4000FFF7C4FF637962780133DBB29A42637144
:108C50000CD1E3780022A17803436271DBB2994220
:108C6000E37001BF2379E27001332371BDE8104046
:108C7000FFF79BBF38B504468078FFF78DFF0146AC
:108C8000E078FFF789FF2378227965789B1A6B4398
:108C900059436379C91A00FB1510C0B238BD0146AB
:108CA00008B58078FFF778FF4A780B78534358432C
:108CB000C0B208BD08B5427903462AB1FFF786FF66
:108CC000BDE80840FFF771BFC07881070BD410F0F2
:108CD0000100F5D19B785A0707D413F0020F0CBF9F
:108CE00001200220ECE70220EAE70420E8E704285C
:108CF00006D1920102F53472803201FB02F0704716
:108D0000032803D1120102F5E772F5E702280BBF31
:108D10000B320A329200D200EEE740F2EF207047A9
:108D200040F25A335843704738B50E3853681446EA
:108D30000D4693F89E2009283FD8DFE800F0053E55
:108D40003E3E0F3E173E3E26042A05D12046FEF742
:108D5000B7FF2046EBF79AFA002038BD102AFBD166
:108D600020460021BDE83840FFF78CBA1E2AF3D117
:108D70002046FEF7A5FF002DEED0626892F8F33092
:108D800023F0200382F8F330E6E793F89F20242AAB
:108D9000E2D10025204683F89F50FEF7A4FF6368C8
:108DA00093F84C31012B03D129462046E9F770FB9B
:108DB0006368002283F84C21CEE74FF40F71312015
:108DC000D7F78EFE10B50446FEF77AFF2046BDE8C1
:108DD000104001F034BB08B5436893F89F20172A70
:108DE00004D040F2D4413120D7F77AFE1B2283F819
:108DF0009F2008BD08B5436893F89F20322A06D10A
:108E0000002283F89F20BDE80840FEF76CBF172AB8
:108E100003D11B2283F89F2008BD40F2E941312095
:108E2000D7F75EFE037D63B9C37B90F85200A3F1D0
:108E30001102032A05D928B11D2B8CBF0020012067
:108E4000704701207047037D63B9837B90F852001F
:108E5000A3F11102032A05D928B11D2B8CBF0020D4
:108E60000120704701207047426870B592F8F330D6
:108E70000D460446084643F0040382F8F330FEF73B
:108E80002DFC06462846FEF725FC22463146BDE865
:108E90007040EDF78BBB38B50C460546D1E90501AE
:108EA000D8F79AFF94F85C0220280BD0F8F71EFE42
:108EB00094F85C02F7F71AFF20B94FF403613120F0
:108EC000D7F70EFE0D212846D8F7DAFE0E212846E8
:108ED000D8F7D6FE28460F21BDE83840D8F7D0BED7
:108EE000D9F77EBE0022A0F89E2080F8A22090F83C
:108EF000133213B10221DBF725B90321FBE7EAF7AF
:108F000077BDEAF7AFBD022910B5044603D00329A7
:108F10000BD079210EE00421D8F79CFE68B92046D9
:108F20000621BDE81040D8F795BE0621D8F792FE7D
:108F300018B970217720D7F7D3FD10BD10B50F21D8
:108F4000D8F788FE0446C37A9BB10521C08BD8F7B9
:108F500081FE70B1503000F0A1FC18B1B42177202F
:108F6000D7F7BEFD0521E08BD8F78AFE08B1B52101
:108F7000F5E710BD08B5032805D8DFE800F00902C1
:108F80000902002008BD40F20E217720D7F7A8FD86
:108F90000120F7E770B5466805460F213088D8F7FD
:108FA00059FE044601462846EEF796FF18B10228FE
:108FB0000AD0FE2007E094F85A00FFF7DBFF0028F4
:108FC00014BF1C202A2070BD002386F85431F0E71E
:108FD00038B50D460F21D8F7FFFD044620B940F201
:108FE00077317720D7F77CFD88220021F9F70EFC36
:108FF00095E80F0084E80F0038BD436893F89E2081
:10900000032A4FF0000206BF83F8DC2083F89E207D
:1090100083F8E0207047436893F834212AB1002296
:1090200083F89E2083F8DC20704783F89F2083F824
:10903000E020704710B50446FEF742FE2046BDE82A
:10904000104001F0FCB9E5F7A3BDA1F11303012B1A
:109050000AD910B9172902D87047132906D91C2933
:109060008CBF00200120704701207047002070470E
:1090700038B5142853680D46144693F89E300BD02B
:10908000162819D0122830D1052B13D100211046F3
:10909000BDE83840FFF7F6B81E3B022B0AD8104651
:1090A000FEF70EFE35B1626892F8F33023F020032C
:1090B00082F8F330002038BD212BFBD11046FEF79B
:1090C000FFFD6DB1626892F8F43023F0010382F87D
:1090D000F430626892F8F43023F0080382F8F43038
:1090E0001A212046E9F7D4F9E4E740F2F5313620B9
:1090F000D7F7F6FC426870B592F8F3300D46044697
:10910000084643F0040382F8F330FEF7E7FA064618
:109110002846FEF7DFFA22463146BDE87040EFF7F9
:10912000ABB908B5EEF7C6FF18B9BDE80840D9F7E6
:1091300057BD0021BDE808400846EFF759BA38B5D9
:109140000C460546D1E90501D8F746FE94F82902F8
:1091500020280BD0F8F7CAFC94F82902F7F7C6FDCF
:1091600020B940F65A013620D7F7BAFC04F500744E
:109170002046E1F71DF910B12046E1F729F90D214C
:109180002846D8F77DFD0E212846D8F779FD2846D8
:109190000F21BDE83840D8F773BD00207047EAF7CB
:1091A000EDBAEAF70DBCEAF75DBC0146428EB0F8B5
:1091B000D20038B591F8A23095002BBBC0F106045F
:1091C00091F8F230641B022B91F8D03008BF0024D4
:1091D0001BB191F89E30052B1AD101F19000FFF7D9
:1091E00032FEB8B1D1E93120801A421BB1F82E31DC
:1091F0009442A3F10400A8BF144620EAE070A04204
:10920000B8BF204680B238BDB1F8D440241AD7E7A1
:109210000022EBE72246E9E70020704782210A207E
:1092200008B5D7F75DFC7A210A2008B5D7F758FCB6
:1092300090F835304BB9B0F85230828A9B1A9BB205
:10924000032B8CBF012002207047012070470020B3
:10925000704710B50C460A21E08DD8F7FBFC10B121
:10926000FF2380F89E30A06820B940F2D1110A2077
:10927000D7F736FCBDE81040FAF742BB70B50E4692
:1092800004210546D8F7E6FC044648B906212846DD
:10929000D8F7E0FC20B116B190F8BD3003B9044610
:1092A000204670BD90F82D20034652B901319B7BBA
:1092B000C8B20BB10230C0B2012884BF0130C0B2C5
:1092C00070470231F3E7C28D70B5044690F8300064
:1092D00094F834104FF6FF7301F0FF05B1B99A42CC
:1092E00094F835100ED0002814BF3B252325A06824
:1092F000FAF7C7FB2B460146227C2046BDE87040AA
:10930000F0F7A2B9002918BF0925F0E79A42EAD17F
:109310000925ECE710B514461A469DF80830F0F719
:1093200093F900F5D070A0428CBF0020012010BD41
:10933000FF2380F82C307047C173704708B58368ED
:1093400000681B68984700F5D07008BD836870B549
:109350009B69044600680D46984780F00106F6B206
:1093600050B96B6829462079A361F7F7D3FD60B93E
:10937000AB210B20D7F7B4FB237C022B07D104F1E0
:109380002000E1F725F801232374304670BD237CCB
:10939000032BF8D1F3E738B504460D46FFF7D6FFA7
:1093A00018B1D5E90423C4E9082338BD70B50446D3
:1093B00086B0FFF7C3FF0025A36801905B682068B3
:1093C0008DF800509847216B8DF8080068468DF89D
:1093D0000950D4E90823CDE90423FDF7E5FB638AAE
:1093E00086B233446382E1F7C3F8B8B97100B4F9C7
:1093F000440089B2FEF7EBFBB4F844301B1AA4F822
:109400004430049B6946059A1B1842EBE070CDE995
:1094100004302046FFF7BFFF06B070BD2846F0E7D6
:109420002DE9F041044686B0FFF788FF0746256B1B
:10943000D4E90836ED1846F10006E1F799F810BBBB
:109440000221B4F94400FEF7C2FBB4F844301B1A01
:10945000A4F8443045194FF00008A36846EBE076C5
:109460008DF800805B6820680197984769468DF801
:10947000080020468DF80980CDE90456FFF78BFFE0
:1094800006B0BDE8F0810020E4E72DE9F84390F84C
:10949000436007460C4646B10368B3F86240B3F830
:1094A000A010611A9C6F01FB0444FCF753FF0546B2
:1094B00097F84200F0F744FA2918204689B201F0E3
:1094C00095FF044606B33B6893F8985093F8928052
:1094D000D3F89C90FCF73EFF06462846F0F730FA9A
:1094E000054640463544F0F72BFA80464846ADB273
:1094F000294601F07BFF08EB05010646201889B2DA
:1095000001F074FF06443444B86A11344008A042A4
:1095100028BF2046BDE8F88338B504460846237CBA
:1095200003F0FF054BB92146F7F7B4FB2028207163
:1095300005D001232374284638BD0025FBE7072505
:10954000F9E7F0B5836887B00025044600680F4648
:109550008DF800501B689847A36800F5D8705B68C9
:109560000190206898478DF809508DF8080087B35E
:109570006846D4E90823CDE90423F7F7DFFB18B9DF
:10958000E7210B20D7F7ACFAD4E90801049A059B30
:10959000121A63EB0103002B01DAEA21F1E76FF005
:1095A0000106964275EB030301DAEB21E9E7A36AB2
:1095B0005D1E1544B5FBF3F2AB4288BF0132534345
:1095C0001B1841F10001CDE90431638A1A4462821B
:1095D00031E0A36AE16B228FB1FBF3F0551C821ED0
:1095E000AA42A8BF2A46012AB8BF0122D4E9080529
:1095F000534313EB000ED4E90C0645F10005BEEB16
:10960000000065EB0606012876F1000301DA8B21E4
:10961000B7E76FF0010C844577EB060301DA8C2184
:10962000AFE7814230D2A16AD4E908325B1842F137
:109630000002CDE90432D4E90C200499059B891A73
:1096400063EB0003012973F10002E0DB6FF001021C
:109650008A424FF0000272EB0303E0DB237C2046DA
:10966000042B04BFB4F84030C918FFF70EFF0546BD
:10967000DDE90432D4E90801181A62EB010100297E
:109680000ADA4FF495717CE7217C0429CBD0638AF8
:10969000CDE904E5013B99E76FF00046B04271F176
:1096A000000102DB40F22B116BE705F1C9012046F6
:1096B0005B1A694662F10002CDE90432019B03EBBB
:1096C00045030193FFF742FE48B1049B059AC93355
:1096D00042F100025B1942F10002C4E9083207B00E
:1096E000F0BD037C0BB900207047037C012BFAD03E
:1096F000007C073818BF0120704708B54B1E024692
:10970000012B07D8FFF7EDFF40B11046BDE8084038
:10971000FFF74CBEBDE80840F0F714BA08BD70B5BD
:1097200004460D461646FFF7DCFF38B9237C072BAD
:1097300004D040F27B210B20D7F7D2F9F7F7F0FAEB
:109740002D1841F10001AE1B61F10003C4E908636B
:10975000638AE3850023C4E90C5184F84330237CF9
:10976000042B01D10523237470BD08B5027C012AA6
:10977000D3B204D0FFF7B5FF00F0010008BD1846D2
:10978000FAE708B54B1E0246012B08D8FFF7A9FFE0
:1097900048B101211046BDE80840FFF7D2BEBDE840
:1097A0000840F0F7CFB908BD007C031F584258416C
:1097B0007047037C032B04D0007C831F5842584120
:1097C000704701207047D0E9083210B5D0E90C1479
:1097D000581A62EB0403002B04DA4FF42B710B20B0
:1097E000D7F77EF96FF0010282424FF0000272EB70
:1097F000030302DA40F2AD21F1E710BD806908B53C
:10980000A0F58070F7F7ACFF20B94FF42E710B2054
:10981000D7F766F908BD08B50246FFF762FF30B119
:109820001046FFF7C6FF10B91046FFF7F9FDBDE877
:109830000840F0F779B808B50246FFF752FF38B193
:109840001046FFF7B6FF014610B91046FFF779FE44
:10985000BDE80840F0F768B838B50446FFF785FF63
:10986000D8B1237C022B16D0257CEB1E5D425D41D6
:10987000012907D1072323742079F7F7A7FD207961
:10988000F8F734F9012323743DB104F12000BDE859
:109890003840E0F79DBD0125EAE738BD10B5044624
:1098A000FFF763FF70B120460121FFF7D5FF207954
:1098B000F7F71CFA20B94FF4F2710B20D7F710F923
:1098C00000232374002010BD024608B5037C022B40
:1098D00008D1032313741079F5F7E0FDA8B940F21D
:1098E0000E310FE0037C052B01D10623F2E7037C48
:1098F000032BF0D0037C062BEDD0037C072BEAD0A2
:109900004FF443710B20D7F7EBF808BDFFF7A1BC6C
:1099100070B504460668FFF728FF05462046FFF7A6
:10992000BDFF044635B196F8A2301BB106F1D00058
:10993000E0F74EFD204670BD007DA0F1FF035842C8
:10994000584170474FF4D5710D2008B5D7F7C8F8C6
:1099500038B50546C07D0C46F4F7D8FBEA7D00F526
:1099600023434FF47A70A133042AB3FBF0F310D1F0
:1099700064B94FF4E77007E0032A07D0022A40F6E3
:10998000480008BF4FF48560184438BD41F2BE104E
:10999000FAE7002CF0D1032AEBD0022A0CBF2C20CE
:1099A0005020F1E7F0F72CBA1D2313B50B700446D5
:1099B00030F83E3C0A30A1F80330FFF76FFF20B1CA
:1099C00040F2BF110D20D7F78BF8052134F83E0C7B
:1099D000D8F756F910B140F2C111F3E7042363F34D
:1099E0000700022363F30F2002B010BD10B5044638
:1099F00090F86030042B10D090F86030062B0CD01B
:109A00005030FFF7E0FEA36F984208D903EB430301
:109A1000D4F88C200344934201D3012010BD0220CE
:109A2000FCE710B504465030FFF7BEFE88B994F845
:109A3000373013F0FD0F0AD12046FFF7D7FF431E42
:109A4000594259412046BDE81040FFF781BF01212E
:109A5000F8E701212046FFF77BFFB4F89030184467
:109A600010BD31B10B789B091841C04300F00100D3
:109A7000704780F01000C0F300107047002070475E
:109A800037B5054608462821FEF7CAFC044630B320
:109A900083788DF80030C3788DF8013003798DF824
:109AA000023043798DF803308379684603F01F0351
:109AB0008DF80430FDF756F888B1B4F80720B5F8F2
:109AC0006230D31A1BB2002B09DD01230098EA850E
:109AD00085F82C309DF80430286385F8343003B0C5
:109AE00030BD90F82C3010B5044673B1C38DB0F87A
:109AF00062209B1A1BB2002B07DC00F130011E30E4
:109B0000FDF716F9002384F82C3010BDF8B500F1EC
:109B100050040546D1E904672046FFF745FE32466A
:109B20003B4660B12046F0F767F8044610B90024C0
:109B30002046F8BD3E212846F0F7C2F9F8E7204656
:109B4000F0F772F804460028F1D02846F0F73AFC06
:109B5000EEE790F83730042B04BF002380F837304D
:109B60000089F0F72BBF70B50446056807292CD88B
:109B7000DFE801F0041313202B242D2705F15000FA
:109B8000FFF7AFFD20B9A368DB68BDE87040184758
:109B90002846BDE87040F0F7CDBB2846FFF7D9FF57
:109BA0002046FFF79EFD90B120460021BDE87040A1
:109BB000EFF7FABFBDE87040F4F76AB883681B6935
:109BC000E3E75D210C20D6F78BFF6021FAE770BD3B
:109BD000012070472DE9F04DB0F8D2400F46C389FF
:109BE0000546013490F81480E41A0369A4B2E4181D
:109BF00048F10008A1B200F090FA064608F0FF080C
:109C000008BB284600F09DF9013495F84C3048F126
:109C10000008241895F8302048F10008A4FB034000
:109C2000013C03FB080848F1FF38032A22D1D5F88C
:109C300090205AB1C3EBC303DB43A3424FF07F0331
:109C400073EB080307D33046BDE8F08D40F20151B5
:109C50004D20D6F745FFAB7D022B05D0AB7E1BB95F
:109C60000823EB76FF23AB76B8F17F0F94BF002675
:109C70000126E8E7D7E904AB05F1C0073846FFF74E
:109C800093FD52465B4658B13846EFF7B5FF0446A0
:109C90000028D8D03E2128462646F1F7C7FDD2E756
:109CA0003846EFF7C1FF28B1082128460126F1F711
:109CB000F5FDC8E7D5F890301BB1B8F17F0FC2D9D8
:109CC000F2E740F22F51C3E7E1F7BEB970B5154690
:109CD0001E46D0F890404CB1A4F580742A46334615
:109CE000204601F0B1FAD4F80041F4E770BD37B571
:109CF0005C1C058AE4B22B460094FDF7C2F803B061
:109D000030BD0A4608B590F84F3090F8651032B172
:109D10001BB10C20FAF715FA08BD0820FAE790F8F5
:109D20005000002BF6D00430F4E710B50446E8F7F5
:109D300081FB631E012B06D9042C06D180F00400A0
:109D4000C0F3800010BD0020FCE70120FAE70AB153
:109D5000043080B2FAF70DBA08B52B230B70437AA2
:109D60000B7110F87F0CC8700A21D7F789FF20B15A
:109D70004FF4B8714920D6F7B3FE08BD08B52923C2
:109D80000B70437A0B7110F87F0CC8700A21D7F75B
:109D900077FF20B140F2C3114920D6F7A1FE08BDDC
:109DA00038B504460D46F1F755FC29462046BDE876
:109DB0003840E1F76FB80020704710B54FF48C724F
:109DC00000210446F8F722FDF1F74CFC0023C4F80B
:109DD000C800C4F8C040C4F8903010BD38B591F840
:109DE00030300D46032B08D1002195F89E00FFF777
:109DF00045FA10B14FF6FF73C38505F1C000FFF7B8
:109E00004DFD18B1E9214920D6F76AFED5F89040FA
:109E100024B32368C5F8903095F83030032B0DD16A
:109E2000A4F58074204601F091FA0B21B4F8FA00F1
:109E3000D7F726FF0028E9D0F421E4E7022BE5D18B
:109E4000A4F58074204600F0F2FB0C21B4F8FA006F
:109E5000D7F716FF0028D9D0F921D4E738BD10B5BF
:109E60000139029C013803FB014402FB004010BD94
:109E700010B903FB01F0704700985043704710B5CC
:109E800050B903FB01F49DF8102008209DF80C1038
:109E9000FFF75DFF204410BD029C5443F3E770B50B
:109EA000044690F833000E4694F8345094F8651048
:109EB000013E401BA56D94F84F20454394F8500097
:109EC000FFF745FF616D01FB0655284470BD30B5B5
:109ED0009DF80C509DF81840B3FBF5F39DF8105019
:109EE0005B1B9DF814506B4303FB022210440CB122
:109EF000084430BD401AFCE741EA0020704770B5C5
:109F000015461E460C46D8F745F906FB05F19DF8A7
:109F10001020C9B2A14236BF641A0024E4B2012E57
:109F200098BF012504FB0254844208DCF4F78EFC40
:109F3000BDF81430984234BF0020012070BD0020CD
:109F4000FCE790F84C1090F84E3090F836204B43D8
:109F500090F84D00DBB29A4289BFD31A002393FBDD
:109F6000F1F3DBB25843704702292DE9F0478046F0
:109F70000D469146DDE909761ED940F6C41A0AFB62
:109F800003FAFCF7E7F90146504601F02FFA0446C0
:109F90004FF4FA71504601F029FA2318203308983B
:109FA0009630B8F1000F09D1834238BF03463360C1
:109FB0006B433B60BDE8F0870023F0E7386000FBAF
:109FC00009F098422CBF30603360F3E74FF484729D
:109FD0000021F8F71BBC2DE9F041884606460846EB
:109FE00014461F46FFF7ADFFD8F8103098F814500C
:109FF000DB1998F84C70B4FBF7F245F1000507FB4C
:10A000001242A7FB034105F0FF05D2B207FB051181
:10A01000121941F100011B1A326065F1000531711E
:10A02000C6E90235BDE8F08170B50C460546A8B119
:10A03000A1B1837D93B90B784A78C3F3820343754A
:10A04000CB78012B0BD1032A08D9022383750B7916
:10A05000C3764B798A7943EA0223838370BD002B50
:10A06000FCD1072AFAD90E1D3046FCF77BFD0028EB
:10A07000F4D00123AB75637AA27A43EA0223AB845E
:10A080006368C5F81F30237A85F82330E6E713B5F7
:10A090000346427D807D02F00702012810D002288D
:10A0A00022D1D87E01249B8BCC70A1F805300423EB
:10A0B000087192004B7042F003020A7002B010BDAA
:10A0C0009C8CD3F81F0093F82330ADF805408DF831
:10A0D000043000234860CB70BDF804009DF80630C2
:10A0E00008818B720823E4E760215020D6F7F8FC42
:10A0F000837D012B10B504460ED1838C0269013B90
:10A100009B1A47F6FD729BB2934205D900F11F01DD
:10A11000FCF70EFE0023A37510BD08B5837D022B4E
:10A1200014D1CB43818B0B4447F6FD719BB28B421C
:10A130000CD990F83030022B04D1C17EF1F7AEFB80
:10A14000012008BD1621F1F7BDFBF9E70020F8E773
:10A15000F8B5827D044612B100252846F8BD837EFD
:10A1600003F0FF073BB10369073383830223837541
:10A1700082760125F1E7837F002BEDD000F11F06E9
:10A180003046E8F7A1FF05460028E5D0A77705226D
:10A19000611C3046F8F75EFA0028DDD023690733EA
:10A1A000A3840123A375D8E770B590F90F30041F7D
:10A1B0000D1F0C30DB110022DBB254F8046F42EAB1
:10A1C0004602844245F8042F22684FEAD272F4D145
:10A1D0000A7823F0780353400B7070BD2DE9F041ED
:10A1E00011F0030498B006460D4690461F4603D072
:10A1F000B7215220D6F774FC5022214604A8F8F764
:10A2000005FB1E9B1022214608A816938DF85D7051
:10A2100010AF8DF85C80CDE91465F8F7F7FA304699
:10A220000CAE07236A4608A9F7F740FF3146684697
:10A23000FFF7BAFF39463046FFF7B6FF1022214636
:10A240000DEB0200F8F7E2FA9DF85C30A3F110087C
:10A25000159D102B454414D92B1F04AA0C3553F817
:10A26000041F52F8040BAB4281EA0001D160F6D121
:10A27000072304AA08A91498F7F718FF5FFA88F3D0
:10A28000E4E7C3F1100304AA13F0FF0318BF3E462E
:10A2900003F1FF3CE1B299421CD264450CBF80211E
:10A2A0000021375D013412F8010B102C80EA070001
:10A2B00081EA0001D173EDD19DF85D3008A9169AAD
:10A2C000002B149814BF07230523F7F7EFFE18B0EF
:10A2D000BDE8F081295DE4E708B518B9F321242031
:10A2E000D6F7FEFB26230B70B0F809308B80037B7A
:10A2F000CB70C37A8B7108BD436893F8F620520780
:10A3000008D593F85E2102F0FF002AB9FF2283F8F6
:10A310005E2170471A2070473A2070471D2310B500
:10A320000446C370E8F7ACF8207110BD1E2310B5C9
:10A330000446C370E8F7A4F8207110BD08B543685F
:10A3400093F89E201AB16E212420D6F7C9FB332240
:10A3500083F89E2008BD08B50278436832B993F8A7
:10A360009F204AB179212420D6F7BAFBD3F8901068
:10A37000CA0504D47E21F6E783F8E02008BD93F8EF
:10A38000E020013A52B2002A83F8E02001DA80216D
:10A39000E9E721F48071C3F89010EFE70278436891
:10A3A00022B993F89F20012032B17047D3F8902052
:10A3B000D0050AD520207047332283F8E00083F8C7
:10A3C0009F200020A3F8DE007047097907298DBF80
:10A3D0004FF4E95242F4807283F80012A3F82A2164
:10A3E0008ABF3222C3F8902083F89F2093F8E020A0
:10A3F000013283F8E020E4E710B5446894F89E3019
:10A40000332B1AD1037809791BB1072998BF84F837
:10A41000001294F85E3143B107298CBF1E2200223E
:10A42000F2F718F9002384F85E31002084F89E00CA
:10A43000A4F8D80084F8DC0010BD0120FCE710B5BA
:10A44000446894F8F63023F0040384F8F63094F866
:10A450005E3133B11122FF21F2F7FCF8002384F8BA
:10A460005E3110BD1D2910B511D1446894F89E309D
:10A47000332B0CD194F85E1101F0FF0329B1FF21B9
:10A48000F2F7E8F8002384F85E31184610BD022385
:10A49000FBE7012343810023C381838170470123AC
:10A4A0004380038000238380C3804FF4486303818B
:10A4B00070470346006860B1EFF3108272B6186807
:10A4C0000168196002B962B600230370437083709B
:10A4D000C3707047F8B590F824301BB9B0F89040BD
:10A4E0002046F8BD90F88E70B0F8884090F88D3016
:10A4F000B7B10BB9013411E0D0E91C31C269D0E920
:10A500001E56581B4FEA520361EB0601C0184FF06C
:10A51000000341F10001F7F7BFFF0444A4B2DFE7F5
:10A52000002BDDD0D0E920C6D0E90031D0E90725E5
:10A53000B3EB0C032A4461EB06016FF001069E4267
:10A5400077EB010104D240F26E312620D6F7C8FA2B
:10A55000C17DB3FBF1F36B439A42C1D2CAE770B538
:10A5600004460025666BA06D1EB9D7F735FEA665BB
:10A5700070BD616B0B6863630D704D708D70CD7035
:10A58000F9F7A9F9EEE7836D10B504460BB1002089
:10A5900010BD807DD7F70EFEA0650028F7D10720FB
:10A5A000F6E7F3F7A1BE38B504460D4618220021A0
:10A5B0004030F8F72BF9204684F84C50F3F7B2FE00
:10A5C00010B9FF2384F84D3038BD0021002200234C
:10A5D000703040F83C1C40F8381C00F8581C40F81B
:10A5E0000C1C40F8081C40F8041C40E91C232822DD
:10A5F000F8F70CB9034690F8282002F0FF0012B1DA
:10A60000986DF9F758B9FF2283F8602070470B4620
:10A610000146986DF9F75FB910B50446E06B28B1B3
:10A6200003682146E363FFF7F2FFF7E710BD10B5BB
:10A63000044690F828300BB1F3F756FEA36D3BB1FA
:10A640002046FFF7E9FF2046BDE81040FFF787BF2F
:10A6500010BD38B50D460446F3F746FE3DB9204619
:10A66000FFF7DAFF2046BDE83840FFF778BF38BD76
:10A67000F0B5054687B019461046EC7D04ABD5E928
:10A680000776019302AB7C4300930023B4FBF6F4FE
:10A69000A4B22246F7F758FFBDF80830BDF81020E5
:10A6A000A5F89030A41AB6FBF7F6B6B2A5F892401A
:10A6B000B3FBF6F706FB1736A5F8946007B0F0BDBC
:10A6C0002DE9F04F0F4689B0044620B940F20D51F4
:10A6D0002620D6F705FAD4F80B50A0F1290850F837
:10A6E000290CD8F80410002D00F0C680D5E90269C5
:10A6F000494508BFB04208D104F10B00FFF7D9FE6D
:10A70000854267D04FF48461E2E7864279EB01032A
:10A7100057D395F818B0BBF1000F49D114F8113C8C
:10A72000012B33D8D4F83F300133C4F83F3014F84C
:10A73000013CDBB2039354F8293C0193D8F8043070
:10A740000293DDE90132134307D114F8053C23B924
:10A75000002200234046FFF78BFFD4F8135045B189
:10A76000D5E90223DDE90110984208BF914218BFE4
:10A770000025039B002B00F0E082D4F833300493D3
:10A78000002B40F0868040F2B331A1E714F8122C80
:10A790005B460192F7F780FE8246019A5B4630469F
:10A7A00049461FFA8AFAF7F777FE80B28245B9D197
:10A7B00004F10B00FFF77DFE85422BD040F22B41C8
:10A7C00086E704F10B00FFF774FE854234D040F2B7
:10A7D00042417DE7D4F8131000220B4623B982B121
:10A7E00013682B601560A2E7D3E902C0814508BF5A
:10A7F00066450AD0664579EB0000F0D31A461B681F
:10A80000ECE72960C4F8135091E741462846FFF76A
:10A81000FEFE8CE7D4F8131000220B4673B9D2B1B8
:10A8200013682B601560D4F82F00F9F75DF8D0B9E4
:10A8300004F11300F9F703F8414612E0D3E902707E
:10A84000814508BFBE420AD0BE4279EB0000E6D384
:10A850001A461B68E2E72960C4F81350E3E7414653
:10A860002846FFF7D4FE0022D4F80B309B1A8DF84F
:10A870001C2018BF0123BDE2D4F81330002B3FF495
:10A8800051AFD3E90223994208BF90427FF44AAF07
:10A890004DE7002D00F0B68095F8202005F1200B43
:10A8A00014F8051C95F8210002F0030319B1920772
:10A8B00004D402230DE0022B00F08380012B1ED173
:10A8C000B4F86960013E18BF012686F00103002933
:10A8D00077D0012811D994F863C005F1230E0EEB4F
:10A8E0000C0252780CEB02061EF80CC01CF0010F93
:10A8F00006F1020605D1022A08D8022613E0012635
:10A90000E3E794F865C0BCF1000FF6D08642F4D8B6
:10A91000033AB4F86160D2B2164434F8150C86429A
:10A92000D4BF002601269E4238BF1E46022E31D0DB
:10A9300000294AD005F1230C94F863001CF800307C
:10A94000DB0727D454F8192C6044D5E9041390F898
:10A9500003C0511843EBE2730279120442EA0C225D
:10A9600090F802C0002042EA0C02914273EB000C06
:10A9700010D3891AD4F84F2063EB0000D4F8533079
:10A980008A42834106D20123C4F8471084F8653017
:10A99000C4F84B004046FFF79DFDB4F85F208246A7
:10A9A000831A1FFA83F91BB2012B4FF0000340F00A
:10A9B0000581002E40F01B813B6833BB40F22E2105
:10A9C00086E6B4F861600644A7E7B4F86130002B6E
:10A9D000E0D154F8192C54F8091CD5E90430D318E7
:10A9E00040EBE27054F80D2C914205D9B4F86B108D
:10A9F0004A43D31840F100000122C4F8473084F8DC
:10AA00006520C5E7AB460226C4E714F8053C05F10E
:10AA10002301002B49D094F86320885C01EB020CE1
:10AA2000C0F340039CF80190C00757BFA9F1030988
:10AA3000023205325FFA89F94CBF84F8632084F84A
:10AA4000632005934A46049B94F863C003F1080B06
:10AA5000B4F8610061445844F7F762FEB4F861202D
:10AA600094F863104A44059B89441FFA82FC84F8D9
:10AA70006390A4F861C0002B63D0D4F84B10A4F10C
:10AA80002903D4F84700C4F85310C4F84F00D5E99F
:10AA90000212C3E92012B4F85F30AAEB03039BB2A1
:10AAA000012B12D040F25B2112E69DF81C3095F884
:10AAB000202095F8219062F3010313F0030F8DF825
:10AAC0001C300CBF01230023BBE784F864300CF179
:10AAD000080234F8213C5946A4F85FA0BB804FF42B
:10AAE0008173FA803B813B681860FB883A68083BB9
:10AAF00082F804A04FEA1A2A9BB282F805A093714B
:10AB0000C3F30323D3713868B4F861200830F7F732
:10AB100007FE94F82430002B4ED094F82320B4F88C
:10AB20006130012A1CD0022A16D06ABB63B3D4F864
:10AB30001F300133C4F81F300023A4F8613084F8BB
:10AB40006530374695F8212094F863309A4280F0BA
:10AB5000D28040F2DB41BBE534F8152C9342E6D1BC
:10AB6000032BE4D93B689F6814F8053CA3B194F823
:10AB70002B307BB1D4F827300133C4F82770FF2283
:10AB800084F82B20BB42D2D1D4F817300133C4F85B
:10AB90001730D1E73B46F0E754F80D1C14F8122C9F
:10ABA0004A4354F8091CB2FBF1F2D5E9020192B212
:10ABB000F7F772FC8742E6E70826BDE717DCBBF132
:10ABC000000F00F0278114F8053C6BB166B994F8CA
:10ABD00063300BEB0302023312791344002784F82D
:10ABE0006330002DAED187E09BF80130F6E70132EB
:10ABF00094F865E0A4F1290CA4F8613092B284F8CD
:10AC00006530A4F85F20BEF1000F2ED194F864E007
:10AC1000BEF1000F40D054F80D3CDCE91E105B186B
:10AC200040F10000CCE91E3094F82410B1B394F840
:10AC30002B3023B1D4F827300133C4F82730D4F8AF
:10AC40001B3000270133C4F81B30A4F12901D1E9DE
:10AC50000023C1E92023002EC3D0BBF1000FC0D0D8
:10AC60009BF8013084F86330BBE75FFA89F154F850
:10AC70000D0C0139CB17A1FB001900FB0399DCF87F
:10AC800070305B1ADCF8741061EB09000121CCE92B
:10AC90001E3084F86410C7E77346C5E734F8211CFA
:10ACA000BEF1000F87F809E0B98018BF08204FF007
:10ACB000020104BF0420002339721FFA80FC18BF70
:10ACC0003968A0F10400A7F806C018BF0B60396806
:10ACD000FF880B180A54A7EB0C0C120A08271FFA5E
:10ACE0008CFC5A7083F802C0CCF3032C6CF07F0C00
:10ACF00083F803C0A9E767D1019B5A1C029B43F16B
:10AD0000000344F8292C44F8253C14F8053C53BBB7
:10AD100054F80D0C14F8122C54F8091C4243B4F8E2
:10AD20006930B2FBF1F2013B92B29BB29342A4F8BC
:10AD3000693004D340F2E741CAE4039FDCE793B9EA
:10AD4000A4F86920B4F867200132B1FBF0F1A4F84F
:10AD5000672089B2B4F86B20013292B2914218BFD9
:10AD60001346A4F86B30002384F86330B5B1D4F8EF
:10AD7000133013B940F24451AAE4D3E90212DDE9D9
:10AD80000106964208BF8842F4D11A689D42C4F871
:10AD90001320EFD141462846FFF739FC039B9BB9AE
:10ADA00094F837305BB1D4F82F302BB14046FFF721
:10ADB00033FC4046FFF7D3FB002384F837300023F1
:10ADC000A4F8613084F86530D4F8133054F8295C65
:10ADD00054F8251C33B1D3E90202914208BF8542E1
:10ADE00018BF0023D4F80B2092B9003B18BF0123F1
:10ADF0008DF81C708DF81D3000209DF81C3063F319
:10AE000007009DF81D3063F30F2009B0BDE8F08FF7
:10AE10000123EDE75F46E4E600238365D0E92032B5
:10AE2000013342F10002C0E9203290F8633013B1DF
:10AE3000013B80F86330704700230B704B708B70C0
:10AE4000CB70EFF3108372B6026822B901604160E3
:10AE500003B962B6704742681160F8E770B50446FE
:10AE60000025666A16B9A16D59B970BD616A606D39
:10AE70000B6863620D704D708D70CD70F8F72BFD0F
:10AE8000EFE7606DF8F727FDA665EEE7436D10B5B7
:10AE9000044633B1FFF7E2FF606DD7F795F9002361
:10AEA000636510BD0346807828B15B785B0654BFAC
:10AEB00004380838C0B270472DE9F04F044685B019
:10AEC000A56D65B9606D50B1F8F7F5FCA06530B1BE
:10AED00018222946083084F86250F7F797FCA56DD0
:10AEE000002D00F0A881B4F86010277FB1B994F864
:10AEF00063309BB197B90126294604F12400D4E9B7
:10AF0000202385F8206085F82170C5E90223FFF72A
:10AF100093FF6E742046FFF77FFFD1E7E66A002EAD
:10AF200000F0898106F1200396F82180019308F052
:10AF30003003202B04D040F2EF114320D5F7D0FD91
:10AF40004FEA181806F1200308F0040808F1040875
:10AF5000984408F10403019300296CD1D6E9023921
:10AF6000002F51D0D6E90402D6E906CA1B1A69EBB4
:10AF70000202012B72F100002CDBB3F1004F72F1E1
:10AF8000000201DBD221D8E7A26902F1FF3E73443F
:10AF9000B3FBF2F3E27B13EB0C0CD4E920B94AEBE0
:10AFA000E37AACFB02C302FB0A33DC4573EB090214
:10AFB00094F862203CBFDC464B46DAB1D5E902E0AA
:10AFC000984208BFE64515D06B7C002BA2D140F219
:10AFD0000121B2E753EA02000AD0B3F1004F72F147
:10AFE000FF3201DAD721A8E7A26993FBF2F3D1E798
:10AFF0000123CFE7C5E902C3A37B9B1ADBB2042B75
:10B0000015D840F20A2198E7D4E9052094F80FC03A
:10B01000B0FBF2F2BCFBF2FAD2B2AAFB033EBCFBDD
:10B02000F2FC0AFB09EEC5E9023E84F863C0D5E9EB
:10B030000223C4E9202305F12309002F00F0DA8060
:10B04000E27BB369A3FB02C3D4F88030A3EB0C030B
:10B05000B3FBF2FCA269D6E90473ECFB02739A46D7
:10B0600094F8623003B1A9BB09EB0302D6E902CE22
:10B070006266002229F803209A1CD2B284F862206A
:10B08000002940F0B08067457AEB0E0302D240F20F
:10B090009D1152E7A7EB0C0313F07F4F02D04FF442
:10B0A000D1714AE7039309EB0203BDF80CE09DF868
:10B0B0000EC029F802E083F802C094F8623003332E
:10B0C00084F86230636E5A7803325A701A7861F3EA
:10B0D00000021A7006F12000D4E92023C5E90223FA
:10B0E000FFF7E0FEB4F860108346A27B94F862009C
:10B0F000ABEB0103121A4844DBB2D2B29A4228BF2A
:10B100001A4608F104030B4401921946F7F708FBAD
:10B1100094F86210019AB4F86030114494F81CC09D
:10B120001344C9B29BB284F86210A4F86030BCF139
:10B13000000F18D0606E90F801E07244427098F8E9
:10B1400003E098F802200EF00F0E42EA0E22A2EB66
:10B15000030EDEF1000242EB0E0290F800E062F313
:10B16000410E80F800E098F8030098F8022000F003
:10B170000F0042EA0022A07B884201D0934229D1ED
:10B18000687C002838D0EFF3108372B62A7C0AB9A5
:10B1900085F8211003B962B6237F0BB96A7CB2B976
:10B1A00094F862C0A07B844511D02A7C7AB98BB117
:10B1B0006369D6E902125B1842F100029F427AEB02
:10B1C000020304D3A0EB0C00C0B2082802D820462A
:10B1D000FFF722FEB4F860301FFA8BFB5B451FD9E6
:10B1E0004FF41671A9E619F8032042F0010209F89C
:10B1F00003206FE7BA466DE7BCF1000F0ED19B1A32
:10B2000018BF012385F8203004F1240085F82110AF
:10B21000A16DFFF711FE01236B74BDE70223F1E777
:10B220007FF44EAE31462046F3F770FC4FF000033A
:10B23000A4F8603044E605B0BDE8F08F3E38FFF773
:10B240003BBEC0E92C237047C0E92E237047F8B5F8
:10B25000044615461E46406A20B92146BDE8F8401E
:10B26000F3F786B8D0E902230768B34208BFAA42C1
:10B27000F3D0AA4273EB060104D22146F3F778F823
:10B280003846E9E7954276EB0303F9D20020E4E77C
:10B29000C0E91A23009BD3E90223C0E91C23FF2342
:10B2A00080F87830704702230B708B70704707B5B9
:10B2B000037F03F0FF027BB90D230B7001238B701A
:10B2C00030F8343CA1F80330437AA1F805304272DB
:10B2D000042003B05DF804FB3438F3F715FA0020BE
:10B2E000F7E737B50446FF2580F850500025C564C0
:10B2F000079D0195069D0095F3F730FC054610B9B2
:10B300002046F3F701FA284603B030BD38B50446AD
:10B31000406DF8F7CAFA0025582229466562A01840
:10B32000A562E5622563F7F771FA294604F1C000CA
:10B330001022BDE83840F7F769BA10B50446F3F7B4
:10B34000CFF92046BDE81040FFF788BD10B5044690
:10B3500090F820300BB1F3F743FC2046BDE81040D5
:10B36000FFF794BD08B5F7F711F8BDE8084000F005
:10B3700038B8801A00F3070038B50D46144659B2A4
:10B3800040B2F3F7D7FC0023287020446B7040B222
:10B3900038BD0023036070477047002070474FF0AE
:10B3A000FF3070474FF0FF30704770470020704704
:10B3B0004FF0FF3070470020704700207047002397
:10B3C000037070470022FFF7D4BF002070474FF092
:10B3D000FF3070474FF0FF3070474FF0FF3070473D
:10B3E00070477047F4F734B9FFF7FCBFF3F748BD77
:10B3F000F3F770BDF3F79CBDF3F730BDF3F734BD41
:10B40000F3F738BDF3F744BEF3F7ACBDF3F734BE42
:10B4100008B5F3F711FD002008BD70B50024F3F75F
:10B4200045FF05462646E0B2854200D870BDF3F7D9
:10B4300043FF0134868480F82660F4E7F6F77EBF88
:10B4400000207047002070470020704700207047A0
:10B4500001207047704720BF704700280CBF6FF075
:10B46000150000207047002070470723037000205C
:10B470007047002070470020704710F8012B11F82A
:10B48000013B012A28BF9A42F7D0D01A70470346E1
:10B4900013F8012B002AFBD1181A0138704700005D
:10B4A000014805F0D7BB00BF9408002138B5094D0D
:10B4B0004FF0FF324FF0FF33284605F099FB04466A
:10B4C00001F0CEFC10B1204601F012FB06F050F85E
:10B4D000EEE700BFC40800210346F7B5054613F8A0
:10B4E000010B4A1E02282DD0052845D001284FD136
:10B4F000022A4DD9EA780C1F944249D10322002038
:10B50000CDE900320022002301F072FC064600283B
:10B510003ED000F10C07384607F05AFF844205D9A7
:10B52000304603B0BDE8F04001F0E2BA2246291DE2
:10B53000384607F03BFF3146164803B0BDE8F040FF
:10B5400009F00EBA032A23D9B5F803204C1F944200
:10B550001ED10422019200930022002301F048FC36
:10B560000646A8B100F10C07384607F031FF8442C7
:10B57000D6D82246691DDBE7032A09D9B5F803208E
:10B580004C1FC2F30D02944202D104200190E2E765
:10B5900003B0F0BDC408002108B50A4801F06CFCF6
:10B5A00070B9094807F049FC002802DA10F1780F59
:10B5B00006D1BDE80840054A0549034807F04BBCE1
:10B5C00008BD00BFAC080021CC5003013C0700219E
:10B5D000E071002170B54FF0FF324FF0FF33154896
:10B5E00005F05CFB144D154E4FF0FF324FF0FF336A
:10B5F000284605F0FDFA017E0446032906D00529F8
:10B6000005D0012910D001F073FAEDE7022104F111
:10B610000C0007F0D4FE3046228AE16807F02FFCC8
:10B62000002803DB2046EEE70421F0E705F0A0FF49
:10B63000F1E700BF94080021AC080021E07100216F
:10B64000014B1B68184700BF54070021014B1860CD
:10B65000704700BF5407002130B585B004460D4641
:10B6600010220021684609F09BFC02238DF802306D
:10B67000044B2A4621466846019306F0C7FD05B0F3
:10B6800030BD00BF41B6020180B505460E461746E3
:10B69000984606F00DF8034609F08AFC0446DFF8E8
:10B6A0001890424649F8003039463046A84754F8C9
:10B6B000090000F0EFFD00BF080000002DE9F04791
:10B6C000058B04462807904611D4022905F007058A
:10B6D00040F0CC80204607F0C9FA78B10138218BC0
:10B6E000042811D8DFE800F0C2106D85950001290B
:10B6F0000CBF45F0100545F02005258388F311881F
:10B70000BFF36F8FBDE8F08701F0070AAA4500F08C
:10B71000A5800027B9463E46A368002B00F0BC80F8
:10B7200041F00801218388F31188BFF36F8FA1686E
:10B73000002900F0BA800D68002900F0B680334679
:10B7400052462046D1F80480C047002D76D02B68A1
:10B7500029461D46F0E701F007035A1F012A1BD8AE
:10B76000002221F00701062B276889B2C4E90022D4
:10B7700009D13B4603E0628B013262831B68002BD8
:10B78000F9D141F002012046218307F06FFA002829
:10B790007AD041F0200176E0042B0AD121F0070194
:10B7A00089B22046218307F061FA10B141F02001EF
:10B7B0002183218B01F0070AAA454FD00027B94603
:10B7C000AAE7236921F0070141F00601062DD3F80D
:10B7D000009021832DD1B9F1000F3FD041F0080135
:10B7E000218388F31188BFF36F8F20463949C847FA
:10B7F00029E021F00701236941F0040189B2042DF9
:10B80000D3F804902183E6D000274FF0040A3E4687
:10B8100082E721F00701236941F0050189B2052D76
:10B82000D3F808902183D6D000274FF0050A3E4672
:10B8300072E700274FF0060A3E466DE72B4687E782
:10B84000B9F1000FD1D1EFF31188402383F31288AF
:10B85000BFF36F8F238B23F008032383258BEA0626
:10B860002ED525F01003238305F007056669218B8B
:10B87000002EBFF670AF00232768C4E9003321F023
:10B88000070141F001012183218B4FF0000901F0F4
:10B89000070AAA457FF440AF002F9CD041F0080171
:10B8A000218388F31188BFF36F8F002FC8D03D68C4
:10B8B000394633465246204607F004FA2F46F4E74D
:10B8C000AB067FF51BAF25F02003238305F00705AA
:10B8D00000E700BFF12C030130B50C460E4985B0DE
:10B8E0000291D0F8D4110546CDE9003100F1F00104
:10B8F0004FF0FF33204604F0E9FC50B9012384F8EF
:10B900006C30D5F8D03123B1204605B0BDE83040C9
:10B91000184705B030BD00BFA12F030138B50C4654
:10B920001146054607F03EFB034638B92846044950
:10B9300007F038FB03460020236038BD0120FBE7F9
:10B94000D95B03012DE9F04F012381460569466863
:10B9500087B005F56377D7E8EF2F002A03D1C7E852
:10B96000E13F0029F7D10CBF1A46002240F0B48015
:10B97000B368B16A05F5F8781C1F104607F096FB0E
:10B98000844272D8013A00F0A180B2FA82F24FF0FC
:10B990000044D44072682046073222F00302C5F802
:10B9A0008822B16A07F082FBC5F88C02B36A404670
:10B9B0006343033323F0030302EB4302230103EB4E
:10B9C0004403093323F0030303EBC403C5F88022C7
:10B9D0001A440832C5F87C227368C5F88442C5F859
:10B9E00078323F4BC5E9B363D9F80030C5F824324B
:10B9F000316800F0DFF90446002834D1D9F810B0DE
:10BA0000D9F804A0D9F800300BF53A7905900493E1
:10BA10004846DAE90734012B08BF103C09F01FF84B
:10BA2000DAF824002F4904AB01EB80214FF4806247
:10BA300048460093234605F0B3FA2B490BF53670C0
:10BA400008F0C6FFDAE9050183685C684CB15B4623
:10BA5000264AA047044630B9DAE9050183681B6924
:10BA60002BB96FF05704002129E0013285E701224C
:10BA7000984704460028F6D11D4B2846C5F8D0311A
:10BA80001C4BC5F8D4311C4B0393D5F838320293C4
:10BA9000D5F83032CDE90083D5F89032B26AD5F8C6
:10BAA000881300F04FF904460028DCD105F1F000BE
:10BAB00004F0B2FC0028C5F890030ADB02213846E6
:10BAC00007F0A4FA204607B0BDE8F08F6FF00B0432
:10BAD000C9E76FF01504C6E76FF07704F2E700BF1F
:10BAE000F72F0301E87C0021DD2F0301D12F030193
:10BAF000FDBA0201833103013D30030113B5044651
:10BB000040B100230122CDE90032074BD0E90912F0
:10BB100004F08CFB236F1B6823B1606F02B0BDE89B
:10BB20001040184702B010BDD95B030113B504469D
:10BB30000846216901F56371D1E8AF1F022910D1D0
:10BB400093B1A0B10121CDE900311346D0E909122A
:10BB500004F06CFB074B984208BF6FF00B0002B07B
:10BB600010BD6FF00F00FAE76FF04C00F7E76FF0D1
:10BB70000100F4E72EF8FFFF2DE9F743884615464C
:10BB8000066906F56373D3E8AF3F022B5FD11368F4
:10BB900023B96FF0150003B0BDE8F0831B78002BCC
:10BBA000F7D0D6F88893B9F1000F33D106F5EC77CA
:10BBB0004FF0FF324FF0FF33384604F065FF304658
:10BBC0002A6801A9FFF7AAFE019C1CB9384607F0B4
:10BBD0001BFADEE705F1080323676B6984F86C90B4
:10BBE0006367646460B1384607F00EFA2146304658
:10BBF000A36E2A68FFF770FE0020C8F80040CAE76D
:10BC00002022296804F1480009F04BF9384607F072
:10BC1000FBF9F1E730460F4907F0C4F90446002864
:10BC2000B7D005F1080303676B69406443670023DD
:10BC300080F86C3020222968483009F032F9224619
:10BC40000121304600F060F80028D5D0A1E76FF060
:10BC50000F00A0E7D95B030110B50C46006900F5A1
:10BC60006373D3E8AF3F022B0FD189B10A4900F5C6
:10BC7000367008F0D9FE204608F087FA78220021B5
:10BC8000204609F08DF9002010BD6FF00F00FBE792
:10BC90006FF00100F8E700BFE87100212DE9F04FD7
:10BCA00005460E4690460027D0F8C4A085B0AAF5F8
:10BCB000BE7421463046FFF7E0FBE0B9114BA4F11A
:10BCC000480B0293DAF810303246CDE9008329465A
:10BCD0004FF0FF335846AAF5E27904F0F7FA60B95D
:10BCE0007823012203FB079383F86C20DAF80C30E9
:10BCF0000BB158469847783417B105B0BDE8F08FBE
:10BD00000127D6E7B13103011FB5144690B18AB1BE
:10BD1000012912D10A4B00F1F0010293D0F8D4317D
:10BD2000483201934FF0FF332046009304F0CEFADF
:10BD300004B010BD6FF01500FAE70020F8E700BF6F
:10BD4000B13103012DE9F04387B00E46DDE90E81E4
:10BD50001446DDE910251F4630B329B3DFF850C083
:10BD600000F1F009002D08BF65469EB9CDE90344F6
:10BD700000F5E2742046059608F0A1FC03ABCDE97E
:10BD800000432A463B464146484604F0BFFB07B005
:10BD9000BDE8F083002241460E9248462A4607B08D
:10BDA000BDE8F04304F008BD6FF01500EFE700BFF9
:10BDB0009DBC0201F0B50E46044689B0002872D041
:10BDC000436B0BB9394B436301232246E3630023E2
:10BDD000D4F8981004F1400042F8301FCDE9013347
:10BDE0004FF0FF330093D4F89C3007F0A2FE304AA6
:10BDF00006AB92E8030083E80300184604F01CF940
:10BE00000546D8B904F1340004F0F8F80546A8B99D
:10BE1000616B284805AA07F068FE054670B9059BC6
:10BE20009A6872B10C33D4F89400C4F8A03007F0CB
:10BE3000F0F9C4F8D40030B96FF00B05284609B00A
:10BE4000F0BD0346EFE7D4F8940007F0E2F9C4F838
:10BE5000D8000028F0D0D4F88C30D4F8A010C4F862
:10BE6000A8300423C4F8AC30C4F8C4300223A36261
:10BE7000114BB4F89420D4F8D470C4F8B810C4F8B6
:10BE8000D010D4F89010236204F1A403A4F8B020D9
:10BE9000C4F8A470C4F8C010A4F8C820C4F8BC004A
:10BEA000A661E362CAE76FF01505C7E7BF59030152
:10BEB00020520301C959030184560301014B036059
:10BEC00000207047B056030108B5044806F0C1FED3
:10BED000BDE80840024806F0BCBE00BFD1590301CE
:10BEE000075A030130BFFFF7FDBF00BF2DE9F04146
:10BEF00005460B4EDFF82C80324606EB0807CC1BBC
:10BF00002046094909F03FF8A01942460021083CA3
:10BF100009F046F86C6707F10800BDE8F08100BF42
:10BF2000000000000400000018520301074A936853
:10BF300093F90E10002907DB526993421FBF044A90
:10BF4000536843F080535360704700BF347400213E
:10BF500000ED00E0154B9A6A12F0007F9A6A14BF58
:10BF60001E201D2012F0807F9A6A18BF1F2012F435
:10BF7000801F9A6A18BF022012F4002F9A6A18BF15
:10BF8000212012F4802F9A6A18BF222012F4003F59
:10BF90009A6A18BF232012F4803F9A6A18BF24209F
:10BFA0006FEA02426FEA12429A62704700ED00E0C7
:10BFB00010B5164B9A6A9C6A12F4805F14BF172260
:10BFC000162214F4006F9C6A18BF1822A40509D524
:10BFD0009A6B9A6A120404D518B19A6A22F4004244
:10BFE0009A621922094B986A10F4806F986A18BFF8
:10BFF0001A2210F4807F986A40F47F4098624FF0D4
:10C0000000030CBF10461B200B7010BD00ED00E0BC
:10C0100010B5154B0246986A9C6A10F0100F14BFB9
:10C020001120102014F0080F9C6A18BF1220A407DA
:10C0300009D5586B986A000604D51AB19A6A22F09D
:10C0400080029A621320084B9A6A12F0010F9A6AD2
:10C0500018BF1420D20658BF9A6A9A6A42F0FF02AB
:10C060009A6200230B7010BD00ED00E0F0B5474B65
:10C0700004465B6800258BB0C3F3080385F3118881
:10C08000BFF36F8F02F07F40B0F17F4F11D102F00C
:10C090000C0008280DD010074CBF0C4601250022CB
:10C0A000033B8DF80720032B05D8DFE803F024625B
:10C0B000665F2C46F3E700239DF80720CAB902AE5D
:10C0C00004F12007324620686168083403C2BC428C
:10C0D0001646F7D1099A002D53D0C2F3080121B9B1
:10C0E0006FEA52226FEA42220992184602A907F02B
:10C0F000CEF80BB0F0BD254BDA6A9107DBD4DA6AD3
:10C10000002AD8DBDA6A5200D5D55A69A16942F40F
:10C1100080725A61BFF34F8FBFF36F8F5A6931F846
:10C12000021C22F480725A61BFF34F8FBFF36F8FEE
:10C130004DF60272914209D09A6AD2B242B1012000
:10C140000DF10701FFF764FF0346B5E72368B3E786
:10C150009A6A12F47F4F05D001200DF10701FFF715
:10C1600027FFF1E79B6AB3F5803FA4D3FFF7F2FE08
:10C17000EAE700200DF10701E4E700200DF10701D7
:10C18000EDE722F4FF7222F00102ADE700ED00E0DE
:10C19000064B5A6942F010025A615A6942F48062B1
:10C1A0005A615A6922F008025A61704700ED00E0B6
:10C1B000EFF30880EFF3098101B57246FFF756FFF0
:10C1C00001BD00BF002080F31488BFF36F8F0020F3
:10C1D00080F30A8880F30B8803F07EF900200E4973
:10C1E0000860BFF34F8F0D4880F3088800F02CF8EB
:10C1F000402080F311880A484FF40061401880F312
:10C200000988EFF314800221084380F31488BFF3F8
:10C210006F8F00F007F9000094ED00E0E895002131
:10C22000E8840021002318460649D1F89020C2F383
:10C230000722934200DB7047C1F89830C1F8A00094
:10C240000133F6E700ED00E010B572B6002484F388
:10C250001388FFF7E7FF23464FF0FF300C4A03F146
:10C2600020010133102B42F82100F8D100234FF0B8
:10C27000FF30074A03F160010133102B42F821001F
:10C28000F8D162B6BFF34F8FBFF36F8F10BD00BF01
:10C2900000E100E0084B9B6883420BD1EFF305837C
:10C2A00043B1064B5A6842F080525A605A6A22F4EF
:10C2B00000425A6208F0B3BC3474002100ED00E083
:10C2C0006FF00A01084A9368D967084998674B6874
:10C2D00043F080534B60002383F31188BFF36F8FCB
:10C2E0009368D86F704700BF3474002100ED00E000
:10C2F000EFF31183402383F31288BFF36F8F4FF066
:10C300000061084A53699360074A5160596F074AB0
:10C31000116000219A6F996782F31188BFF36F8FC4
:10C32000704700BF3474002100ED00E0107200215E
:10C330000E498A684FF030001044EFF3098C80E812
:10C34000F01F74467046FFF7D3FFA64607498A6878
:10C3500002F1300090E8F01F8CF3098802F1000030
:10C3600004B506F0A9FFBDE804407047347400210D
:10C370001EF0040F0CBFEFF30880EFF30980816912
:10C3800011F8021C0229FFD001B506F086FF01BD9D
:10C3900040B2002807DB01234109034A00F01F00D7
:10C3A000834042F82130704700E100E040B20028AD
:10C3B0000CDB01220649430900F01F0082402033B4
:10C3C00041F82320BFF34F8FBFF36F8F704700BF3B
:10C3D00000E100E0054B420953F82220012300F060
:10C3E0001F0003FA00F01040704700BF00E100E0BA
:10C3F000D30748BF002140B258BF02310028ACBF6C
:10C4000000F16040064A4FEA4113DBB2ABBF00F5D2
:10C41000614000F00F0080F800331354704700BFF4
:10C4200014ED00E008B5084B084A23F07F03936041
:10C43000BFF34F8FBFF36F8F04F064FA05F0D6F9A6
:10C4400000F04CF804F09EFA0000000100ED00E05E
:10C4500042F8203C009B0B4942F81C3C019B21F018
:10C46000010142F8183C029B42F8081C42F8143CB7
:10C470004FF0807342F8043C0023203A0265836742
:10C48000704700BF89B6020100B50D4B1546986094
:10C49000426F0C4B0E461A60436E83F30B882C469A
:10C4A00086F309884FF00000074B984720464FF06D
:10C4B00000014FF000024FF00003044C204700BF82
:10C4C0003474002110720021C132030189B60201C7
:10C4D0001022014B1A61704700ED00E0002340215B
:10C4E0000348C21801331E2B82F80013F9D170479C
:10C4F00000E100E008B5EFF30583064A103B02EBCC
:10C50000C30152F8330049688847BDE80840FFF787
:10C510000DBD00BFF45003011FB5094C094A234665
:10C520000121094800F0FAF800230393074B012189
:10C53000E41A01A80193029400F0FAF804B010BDC7
:10C540000000012100000021B056030190090021E4
:10C5500010B50C7A0B6804F01F0223F01F031A4376
:10C56000CB68640923F01F03054943EA440343F001
:10C570000103C1F89800C1F89C20C1F8A03010BD9B
:10C5800000ED00E010B5074BD3F89030C3F307235C
:10C59000013B984202D8FFF7DBFF10BD6FF015009A
:10C5A000FBE700BF00ED00E02DE9F04F0F46144619
:10C5B00006464FF000084D4D85B0B84580F2928098
:10C5C000D6F80490B9F1000F36D0B9F11F0F40F240
:10C5D000878019F01F0F40F08380D6F800A01AF072
:10C5E0001F0F7DD1504606F0ABFE834609EB0A00D3
:10C5F000013806F0A5FE834572D11BF1160F6FD0EE
:10C600005C456DDDC5F898B0D5F89C10C5F898B0BC
:10C61000D5F8A03021F01F0143F01F0AD6E90032FF
:10C620001A44994202F1FF391ED1CA4508D1314658
:10C630005FFA8BF006F08DFE08F101080C36BCE7BE
:10C640003146C5F898B0D5F89C3022F01F0203F0AF
:10C650001F031343C5F89C30E0B206F07AFE10F1D8
:10C66000160F3DD0441CE7E7C5F898B0D5F8A020D8
:10C67000013B23F01F0302F01F021343CA4531465A
:10C68000E0B2C5F8A030E8D006F063FE10F1160F56
:10C6900026D0C5F898B0D5F89C209DF808300AF14E
:10C6A000FF3A62F304038DF80830D5F8A0309DF806
:10C6B00008205B0863F347128DF80820D6E90032A2
:10C6C0001344009323F01F035344A3EB09030130E9
:10C6D00023F01F036946C0B20393FFF753FFBEE781
:10C6E0006FF01504204605B0BDE8F08F00ED00E0C6
:10C6F0000522044BC3F89420BFF34F8FBFF36F8F15
:10C70000704700BF00ED00E0BFF35F8F0022024BD7
:10C71000C3F89420704700BF00ED00E010B5034C53
:10C720002278FFF741FF207010BD00BF6C7400211C
:10C730002DE9F74F294D8A4606464FF00008AB46D3
:10C74000274FD0451BDAD6F80490B9F1000F3FD03F
:10C7500031680846019106F0F3FD0199044609EBA2
:10C760000100013806F0ECFD84424FF014021D4B2D
:10C7700008D002FB08F36FF015024BF8032003B05A
:10C78000BDE8F08F14F1160F2C60F8D01978A14293
:10C79000F5DD02FB08B0C7F89840C7F89840D7F815
:10C7A0009C4000F10801007B64F304000871D7F895
:10C7B000A0000C79400860F347140C71D7F89C1066
:10C7C00021F01F016960D7F8A01021F01F01296135
:10C7D00008F1010814350C36B3E700BF14720021CC
:10C7E00000ED00E06C740021F0B54149414CD1F8F6
:10C7F00090302568C3F307239D4287B075D8002089
:10C80000FFF782FF3C4BC1F8C030854216D13B4C4C
:10C8100001A82570FFF752FB00250646384FAE42AF
:10C8200013D1002023783249D1F89020C2F3072297
:10C83000934254DBFFF75CFF00202FE0616801EBBF
:10C840000011FFF785FE0130DFE70199280101EBB8
:10C850000513DA683A40B2F5001F21D0B2F5800F17
:10C860002BD0B2F5801F38D15A689B680958013B1C
:10C8700022F01F0003440120844623F01F0340EAF6
:10C880004C10CDE902218DF8100002A92078059303
:10C89000FFF778FE00281DDA6FF0150007B0F0BD35
:10C8A0005A689B680958013B22F01F0003444FF06F
:10C8B000020C012023F01F03E1E75A689B68095826
:10C8C000013B22F01F0003444FF0000C062023F030
:10C8D0001F03D4E723780133237001359FE7C1F8A4
:10C8E0009830C1F8A00001339EE74FF0FF30D5E744
:10C8F00000ED00E0BC560301AAFF44006C74002167
:10C900000000F0FF08B5024B1B689847002008BDE7
:10C9100028720021034B044A1860937843F0020305
:10C9200093707047287200218407002108B50649DA
:10C93000064821F00701C1F1045202F5803206F0E9
:10C940002EF9002008BD00BF53D700212C72002112
:10C9500070B541690446867A0A4D59B1437ADB07BE
:10C9600006D42C2303FB06535B6A1B689B6898471D
:10C97000002363612C20214600FB0650BDE8704077
:10C9800007F0F9BFDC0800212C21827A054B01FB5E
:10C9900002339A6A1B7F801A1B3323F00303B0FB18
:10C9A000F3F07047DC08002138B52C24827A064B5E
:10C9B00004FB02335B6AD3E901240C601568FFF7BE
:10C9C000E3FF04FB005038BDDC0800212DE9F04FE7
:10C9D00085B00546684691461C4690469A460391A6
:10C9E00008F07AF9DDE90067EFF3118B402383F358
:10C9F0001288BFF36F8F698B002942D02B8B8B423B
:10CA000026D900220023284604F0F2F80446F8B1A3
:10CA10008BF31188BFF36F8F039B002B4FD03246EF
:10CA20003B46684608F07CF92C21A27A2C4B204624
:10CA300001FB02335B6A03A91B681D68DDE9002363
:10CA4000A847606100283BD12046FFF781FF31E015
:10CA5000698B4B1E6B838BF31188BFF36F8F2B7F1A
:10CA60002A8BAC6A1B3323F00303521A02FB0344E4
:10CA70001B4B1C4AEB1A9B105343A3722B7FE37290
:10CA8000CAE78BF31188BFF36F8F54EA090409D00A
:10CA900008F08EFA144A154B12589A420ABF88467B
:10CAA000C846C24642465346284604F0A1F804460A
:10CAB0000028B1D10024204605B0BDE8F08F6361A5
:10CAC000012300252381039B29466382E27A656066
:10CAD00004F1180008F064FA63692582E360EAE76C
:10CAE000DC080021A38B2EBA08000000A0700021F2
:10CAF00070B52C250B4C00B970BD037A4668013B1C
:10CB0000DBB20372002BF7D1C3604360837A05FB6D
:10CB100003431B6A13B198473046ECE7FFF718FF51
:10CB2000FAE700BFDC080021064AD2F8AC3123F056
:10CB30000043C2F8AC310022034BC3F84C21D3F8B8
:10CB40004C31704700200141006001410122024B3D
:10CB50000020C3F8402570470000084150231422EC
:10CB600013B51F4C0DF10700C4F80C351D4BC3F86D
:10CB700020214FF400621C4BC3F8BC254FF48062A7
:10CB8000C3F8382506F030FF184B984225D11849D4
:10CB90009DF8070006F017FF16499DF8070006F0FC
:10CBA00017FF15499DF8070006F00DFF21469DF877
:10CBB000070006F00DFF01209DF80730984002F0B5
:10CBC0002FFD4FF4002200200C4BC3F84423C3F880
:10CBD0004C01D3F84C3102B010BD6FF00B00FAE7F6
:10CBE00000B0004100302041002001410000AD0BA9
:10CBF0004C610141282001412C210141006001418B
:10CC000073B5354BD3E84F3F00233449CDE90033AA
:10CC1000334BD3F80445BFF35F8FD1F80465BFF3FE
:10CC20005F8FD3F804259442F3D16B46224601214D
:10CC30002B4806F0D5FB324605460F21274801ABAD
:10CC400006F0CEFBE0B1019B0DB9009302E0009A23
:10CC50009342FAD3009B22481C44013CD0F84C3547
:10CC600024F07F449C421F4932D0FFF75DFFC0F89B
:10CC70004C451D4B009A9A4218D901230B7001E0D4
:10CC8000002DE7D1194AD2F8AC3143F00043C2F885
:10CC9000AC31134BD3F84C2132B90121144A516005
:10CCA000D3F84C3103B1116001230DE0BFF35F8F66
:10CCB000D0F80435E41A24F07F440E4B033C9C4228
:10CCC000DBD900230B7000230B4A137002B070BD38
:10CCD0000B78002BF7D0D5E77174002100100141CB
:10CCE000006001416F740021FEFF7F0000200141C0
:10CCF00000B00041FBFF7F0070740021F8B51E49B1
:10CD00000023C1E8423F52BB1C4B1D783DB30523B5
:10CD10001B4E1C4F34780134B4FBF3F303EB830355
:10CD2000E41A06F039FD184A137823B157F8243075
:10CD3000C01A072813D9154BD3F8141141B100219B
:10CD4000C3F81411D3F8143134700CB901231370E3
:10CD5000347806F021FD47F824002846F8BD0C4A37
:10CD60000025D2F8AC3123F00043C2F8AC310122E7
:10CD7000084B5A60F1E700BF717400217074002104
:10CD80006E740021387200216D7400210050004142
:10CD90000020014100B0004120B1034B800143F06D
:10CDA00001031847704700BF5056030108B5034BF5
:10CDB000186807F0D5FD002008BD00BF4C720021A7
:10CDC000052838B5054608D82A21C140C90704D529
:10CDD000064806F0DDFA044610B90024204638BDA6
:10CDE00001210C3006F0D8FA2576F7E7600900211A
:10CDF0002DE9F04102280546DDE906870BD004281D
:10CE00000BD020B9134806F0C3FA044638B9002401
:10CE10002046BDE8F0811048F5E71048F3E700F13F
:10CE20000C060121304606F0B7FA2576B8F1000F5E
:10CE3000EED0002FECD0304606F0CAFA874203D974
:10CE40002046FFF755FEE2E73A464146304606F0F7
:10CE5000ADFADDE708090021DC08002134090021D2
:10CE6000038A014623B1034B186883689B681847FF
:10CE7000122070479407002110B5084B084C186029
:10CE8000206807F04AFC30B1206806498368BDE895
:10CE900010401B6818476FF0120010BD4C72002143
:10CEA00094070021ADCD0201084B70B5C31A0D46A1
:10CEB00007499B10044659434022064806F0CFFA22
:10CEC0002B4601462046BDE8704018476472002199
:10CED000B76DDBB654500301402373B50B4C009380
:10CEE000041B0B460D460A49A41061430646094A35
:10CEF000094806F0E0FA011E05DA30462B4602B07A
:10CF0000BDE87040184702B070BD00BF64720021D8
:10CF1000B76DDBB6213503015450030110B5EFF3B3
:10CF20001184402383F31288BFF36F8F074A13687D
:10CF300023F00201DB07116002D4012006F038FD66
:10CF400084F31188BFF36F8F10BD00BFB47200214E
:10CF500070B50022012104460520FFF749FA0F4869
:10CF600002F0B2FA0E4B984215D106F026FD266962
:10CF70000C49304605F0C9FE00280BDB012535645D
:10CF80002469084904F11C0005F0BFFE002801DBFC
:10CF90000020E56470BD6FF00400FBE7ADD0020136
:10CFA0000000AD0B305703017FB500220123CDE90E
:10CFB000022304ABCDE90433094A6B46CDF800D017
:10CFC000CDF804D006F0A5FA002805DB4FF4804226
:10CFD0000023684603F062FE07B05DF804FB00BF63
:10CFE0003F3503010C22104B014602FB00330020A9
:10CFF00030B4D3E90E529863EFF31180402484F3E8
:10D000001288BFF36F8F1C6C04F0C00444F002045C
:10D010001C6480F31188BFF36F8F1DB12B4630BCA9
:10D020000248184730BC7047647200215450030115
:10D0300010B4EFF31182402383F31288BFF36F8F94
:10D040001748016841F002040460C80707D482F35E
:10D050001188BFF36F8F012010BC02F025BA11496F
:10D06000D1F80C04D1F80C14C907F0D5EFF31180F6
:10D0700083F31288BFF36F8F0B490B6C03F0C0036F
:10D0800043F002030B6480F31188BFF36F8F82F3C8
:10D090001188BFF36F8F002010BCFFF7A3BF00BF44
:10D0A000B4720021005000416472002110B10128C7
:10D0B00004D07047034B1B6C5B0701D1FFF792BF95
:10D0C000704700BF647200212DE9F041012207463C
:10D0D0003449D1E8EF3FC1E8E02F0028F9D133B956
:10D0E000314932484B60CB608A6005F021FE7B1EDF
:10D0F000012B28D8012F06D12D4BD3F81C3403F077
:10D100000303022B1FD007F0B0FC0546E8B9294BFA
:10D110001B78D3B102220646254BC3F80823244CC2
:10D12000DFF89480D4F81824D4F81834D20315D535
:10D1300003F00303022B01D0012F0FD16DB386F34F
:10D140001188BFF36F8FBDE8F081EFF311864023A4
:10D1500083F31288BFF36F8F0125E0E7C5B1304636
:10D1600006F0D0F8D4F81835DBB2012BDAD1D4F8B8
:10D170000421002AD6D00022C4F80421D4F80421C6
:10D180000222C4F818252022C8F88021A360C9E72C
:10D190000021212004F06EFAE4E70222044BC3F8D8
:10D1A0000423D0E7607200215072002180720021B8
:10D1B00000500041E076002100E100E008B507489A
:10D1C00007F0ABFA38B10648FFF7A4FB0448FEF7B6
:10D1D0003DFA002008BD6FF01200FBE7A4500301E8
:10D1E000E5D102010A2838B50446074D04D1AB68E1
:10D1F0000D2128465B689847AB6803485B68E1B23D
:10D200009847204638BD00BFA4500301EFF31182B8
:10D21000402383F31288BFF36F8F0A4BD3F80011BA
:10D2200061B10021D3F80805C3F80011D3F800312B
:10D23000C0B282F31188BFF36F8F70476FF00A009E
:10D24000F7E700BF009000410346F0B510469C7818
:10D2500093F803C0EFF31182402585F31288BFF3E2
:10D260006F8F1F7893F801E0E41B04EA0C04A042DE
:10D2700088BFA0B23E180CEA06063D461E7082F337
:10D280001188BFF36F8F0A188A4216D177450CD1E7
:10D29000EFF31182402181F31288BFF36F8F197869
:10D2A000597082F31188BFF36F8F1B79241AA34240
:10D2B00022BF0122054B1A60F0BD5E197679013557
:10D2C00001F8016B05EA0C05DEE700BF00900041A4
:10D2D000DB432DE9F04713F001050E46144604D058
:10D2E0002248FFF7B1FFBDE8F0879AB3EFF311884A
:10D2F000402383F31288BFF36F8F0920FFF76AF88A
:10D3000007460920FFF752F888F31188BFF36F8FA3
:10D31000DFF85CA04FF40079CAF80051DAF8003168
:10D3200001232546DFF84C80CAF80030C8F8809108
:10D33000DAF8003183B1FFF769FF031EC8F8809166
:10D34000F6DB013DADB27355002DF1D117B10920C7
:10D35000FFF71EF82046C6E7EFF31180402383F362
:10D360001288BFF36F8F05F0CDFFE1E7E87200216F
:10D370000090004100E100E02DE9F0410D46144627
:10D38000114F07F1450814B92046BDE8F0814FF070
:10D39000FF334FF0FF32384603F080FC2246294627
:10D3A0004046FFF751FF0646384603F053FC3EB9AE
:10D3B0004FF0FF324FF0FF33044803F06FFCE6E715
:10D3C000A41BA4B23544DEE7B8720021D07200215C
:10D3D00038B50122184C1146204607F0D6FA012232
:10D3E000002104F1180007F0D0FA40F20743A4F836
:10D3F00048304FF0706323630C230025012184F82B
:10D4000034300E4B84F84550A4F84650D3F8042528
:10D41000092022F00102C3F80425C3F80051D3F813
:10D420000021C3F804132A461960FEF7E1FF092022
:10D43000FEF7AEFF284638BDB872002100900041CB
:10D4400010B5FFF7E3FE002820DB174BC0B293F8BE
:10D45000322093F8314093F83310141B31EA04045E
:10D460000DD193F8472093F8464093F84810141BC9
:10D4700031EA04040BD101220C4B5A600EE09C18D7
:10D480000132114084F8350083F8321010BD9C1829
:10D490000132114084F84A0083F847100448BDE87F
:10D4A000104003F0D7BB00BFB872002100900041CC
:10D4B000D0720021F0B5406801F01F04057B87B0F1
:10D4C00044EA45140569002D63D0B2F5001F00F150
:10D4D000100506D12146284606F005FB002007B0BE
:10D4E000F0BD0027B2F5800F01AE0197776039D10A
:10D4F000B3F1007F14BF052304238DF8043000230B
:10D50000CDE904630393836823FA01F111F001016B
:10D510001AD1B2F1A07F17D104F01F03620903F101
:10D5200080032AD0012A3AD11E4A52F82330DB0761
:10D530000AD40DF1030632462146284602F0DAFAF3
:10D54000194B98421BD002962146284603AA02F0A6
:10D550008DF9164B98421FD101222146284602F030
:10D560002BFBBBE7B3F1C06F05D0B3F1007F14BF55
:10D5700001230223C1E70323BFE70D4AD5E7314664
:10D58000284602F013FB094B9842DCD06FF00B00E9
:10D59000A5E76FF08500A2E76FF015009FE751F84F
:10D5A0002330FFDE00088C410400AD0B0000AD0B02
:10D5B00000058C4138B545682B69B3B11035284654
:10D5C00002F0E4FA044680B90146284602F0ACFABB
:10D5D000084B98420BD122462846074902F084FAAC
:10D5E000224605210A20FEF703FF002038BD6FF018
:10D5F0000400FBE70000AD0BFDD502014209034624
:10D6000070B502D0012A17D070BD0D4E3269516835
:10D610000029F9D0012503F01F030C689D40002963
:10D62000F2D08A682A4002D030464B6898472CB125
:10D63000236821461C46F2E7024EE7E72346F8E757
:10D640007C500301685003012DE9F04340F2063598
:10D650004668D00648BF0320337B02EA050558BF61
:10D66000C2F3401087B001F01F07B5F5837F144661
:10D6700047EA43178DF8030043D00FD8062D18D082
:10D6800007D8B5B1022D3ED06FF0150007B0BDE848
:10D69000F083B5F5807FF7D101250AE040F2022240
:10D6A000954232D0B5F5407F31D0B5F5007FEBD152
:10D6B000022522032DD5012372688B4093603269C5
:10D6C00082BB07F01F037F092AD0012F77D13E4A82
:10D6D00002EB830284F48033D2F80012C3F30043D8
:10D6E000C4F3404444EA430421F4706144EA8004F2
:10D6F00021F00F0144EA05230B43C2F80032002059
:10D70000C4E70725D5E70425D3E70525D1E7032599
:10D71000CFE7630341BF012372688B40D360CEE73C
:10D720002A4AD5E71036394630460DF1020202F09A
:10D73000E1F914F4403F80460CD13946304606F0FA
:10D74000D0F9234B9845DAD130469DF8021002F00B
:10D7500027FAD4E74FF0000901AB3946304603AA57
:10D76000CDE90439CDE90199CDF80C9002F07EF8AD
:10D77000174B984288D114F4003315D09DF803302C
:10D7800084F48034C4F300448DF80E3039464B469F
:10D79000304603AA8DF80C508DF80D4002F022F9A6
:10D7A0000B4B9842CDD06FE7CDE9043339460DF1EC
:10D7B0000303304603AA039302F058F8F0E78033DE
:10D7C00052F82330FFDE00BF00088C4100058C4179
:10D7D0000000AD0B10B504460269A2B0C2F880008B
:10D7E0001649002002F018FB002201211220FEF74A
:10D7F000FFFD8422002101A8646807F0D1FB00230B
:10D80000012001AA61680432D940C90744BF00FA67
:10D8100003F142F8041C2168D940C90748BF00FA47
:10D8200003F103F1010348BFD163102BEAD101A832
:10D8300002F00AFB002022B010BD00BFDF3503015B
:10D840002DE9F04F8C46002640F2FF1EDFF8E48001
:10D85000DFF8E490DFF8E4A0F3B29C4502D80020A2
:10D86000BDE8F08F50F82610C1F3C324082CC1F393
:10D87000080350D8890C734508BF4FF0FF3318F8E0
:10D88000044003294AD8DFE801F002083033C2F827
:10D890000C35591C2FD10136DEE7C2F814355D1C5A
:10D8A000F9D0002550F8261001F40047002F0EBFD4
:10D8B000AB464FF0010B002503F01F075B0928D092
:10D8C000012B31D1534603EB8707C1F341212402D9
:10D8D000D7F8003244EA81042C4303EA090344EAFE
:10D8E0004B042343C7F80032D5E7C2F80835D0E728
:10D8F000C2F81035D3E7590909D0012911D10F4FCA
:10D90000012503F01F0105FA01F1B960CAE70C4FC8
:10D91000F6E70B4BD7E76FF01500A1E76FF0850036
:10D920009EE700239B60FFDE0023803753F82730FB
:10D93000F9E700BF8D5A0301F0F0FCFF00088C41AD
:10D9400000058C412DE9F04104460D46476807F07B
:10D950008CF84FF0400888B9264B1B7873B16426C9
:10D96000606805F0DCFEF0B9012006F02AF8013EFF
:10D97000F6D10021212003F07DFEF0E7EFF31186C0
:10D98000314688F31288BFF36F8F606805F0C7FED9
:10D99000A8B986F31188BFF36F8FEFE786F311887C
:10D9A000BFF36F8FE5E7EFF31186314688F31288F6
:10D9B000BFF36F8F606805F0B2FE0028EED0FB6900
:10D9C00000201D706368FA691B68C3F844250122B2
:10D9D000C3F84825C3F82001D3F82041C3F8580103
:10D9E000D3F858019A6081F31188BFF36F8FBDE8B7
:10D9F000F08100BFE0760021F7B505460022012145
:10DA00001320FEF7F5FC1320FEF7C2FC6B681A69C1
:10DA10001868C0F82425997D5A7D0A43198B1B7D0F
:10DA20000B431343C0F86C356E68D6E9004313F01E
:10DA3000010348D02F6907F1080005F0D5FF304BEE
:10DA400098425AD1387A04F10C0204F5907105F02D
:10DA5000C4FF387A012707FA00F001F0E1FD08233E
:10DA6000C4F80035F369C4F844350023C4F84835D8
:10DA7000A760D4F85831002BFBD00021C4F8001562
:10DA80006B6801AADC68204605F01CFE002805DB57
:10DA9000019B226819791868FFF7D2FE08216A688D
:10DAA0001368C3F80015117A51B9126AC3F8342506
:10DAB0000122C3F83825C3F81011D3F810111A60E9
:10DAC000002003B0F0BD0822C4F80025F269C4F8B4
:10DAD0004425C4F848350123A360D4F82031002B35
:10DAE000FBD00023C4F82031D4F820310123E360B7
:10DAF0004FF48073C4F80433BBE76FF00400E0E731
:10DB00000000AD0B0123834070B5DC430B4AD2E823
:10DB1000EF1F01EA0405C2E8E65F002EF7D14FF4DB
:10DB2000803282400648C0F80823BFF35F8FBFF3FE
:10DB30006F8F0B4214BF0120002070BDBC73002109
:10DB40000060014170B40E4922F07F46D1E90034F3
:10DB5000D01AC31844F10004C1E90034A6F500133B
:10DB6000B3F5400F09D2074B1B681A0A1B069C1914
:10DB7000054B42F10005C3E9004570BC03F010BF3E
:10DB8000901E0021C0730021981E0021D9B10123ED
:10DB90000D4A8340D2E8EFCF4CEA030CC2E8E1CF54
:10DBA0000029F7D14FF48033084A8340C2F8043388
:10DBB000074BD3E8AF3FC340DB0742BF4FF48002BF
:10DBC000044BC3F800217047BC7300210060014181
:10DBD000B873002100E100E00D4B1868010A00064F
:10DBE000BFF35F8F0B4BD3F80435181841F10001D8
:10DBF000B3F5801F0AD2084BD3E90023904271EBA2
:10DC0000030303D210F1807041F10001704700BF9F
:10DC1000C073002100600141981E00212DE9F04FE2
:10DC200085B016461F4604469DF840A0FFF76AFFE0
:10DC30000190FFF7D1FFB04271EB070352D23B4B8B
:10DC4000301A67EB0101984271F100014DD2384B57
:10DC500003EB0413D3E902239F4208BF964258D036
:10DC60004FF48038334908FA04F8204626F07F4BF9
:10DC7000C1F8488305F084FD4FF00309584604F1CC
:10DC80005005AD00ADB205F1824504F5A87305F568
:10DC9000B0350293029A20F07F4341F82230C1F858
:10DCA0004483D1F80435244AC01A033820F07F4059
:10DCB00090422ED9286868B1D1F80435A3EB0B0047
:10DCC00020F07F40B0F5000F039322D9204605F0E5
:10DCD00057FD039BBAF1000F07D109EB030009F1CF
:10DCE0000109D7E7BAF1000F09D06FF015052046FA
:10DCF0000199FFF74BFF284605B0BDE8F08F0123DF
:10DD00000E4AA340D2E8EF0F1843C2E8E10F002902
:10DD1000F8D107490E982301C8500F9B01EB04125C
:10DD20000025C2E902675360E1E700BF01008000FF
:10DD3000801E002100600141FDFF7F00B8730021BB
:10DD40007FB500254FF0FF304FF0FF31194C1A4BD3
:10DD50000226C4F80833C4F84833184BC4F80855F1
:10DD6000C3E902014FF480334FF48002C4F8043356
:10DD7000134B0121C4F804631620C3F880212A46FE
:10DD8000FEF736FB1620FEF703FB01230D4AA360C6
:10DD9000236013600C4B0D4A009328460023CDE905
:10DDA0000155FFF73BFF3046FFF78EF9284604B0D8
:10DDB00070BD00BF0060014103000F00801E002104
:10DDC00000E100E0BC73002145DB0201FFFF7F00A2
:10DDD0002DE9F74305F035FB2A4BD3F804239007D0
:10DDE0000BD5D3F8042142B10022C3F80421264AFE
:10DDF000D3F80431136801331360224AD2F8043394
:10DE0000D90320D5214BD3E8EF1F21F00100C3E84F
:10DE1000E40F002CF7D1CB0702D4D2F8403193B1F4
:10DE20000025184CC4F84051D4F84031FFF7D4FE17
:10DE3000EFF3108272B6164BD3E90267B042B941D4
:10DE400004D282F3108803B0BDE8F0834FF0FF38AE
:10DE5000D3E900104FF0FF391D60C3E902894FF488
:10DE60008033C4F84833C4F84051D4F8403182F3C9
:10DE700010880029E7D0009032463B462846884764
:10DE8000E1E700BF00600141C0730021B8730021C9
:10DE9000801E002130B5431C124C85B005D0844251
:10DEA000A8BF0446012CB8BF0124FFF795FE0E4B16
:10DEB0000C4DD3E90013401AB0F5000F0FD2221811
:10DEC000AA4228BF2A46002052180849CDE901007D
:10DED000009143F10003FFF7A1FE05B030BD2A46D3
:10DEE000F1E700BFFFFF7F00901E002145DB02012C
:10DEF00008B5FFF771FE024B1B68C01A08BD00BFD2
:10DF0000901E002102460B46014802F0BDBD00BF35
:10DF100080080021014802F02FBE00BF80080021C8
:10DF200070B5064688B038480D46384906F050FDB1
:10DF300001F0ECF903A8D3F76FF9354806F0EDFBD3
:10DF400000285BD0334B01A80193D3F71FFB0028B7
:10DF500057D14FF0FF304FF0FF31FFF7D3FF0446AA
:10DF600080B90320D3F702FB20B1FFF7D3FF6FF096
:10DF7000850407E028492948D3F704F9044620B16D
:10DF8000FFF7C8FF204608B070BD40F6C41302A8D2
:10DF90000293F5F7CCF80028E7D14FF4C86302A844
:10DFA0000293F5F7E1F80028DFD140F2145302A8FC
:10DFB0000293F5F7DEF80028D7D1029002A8F5F712
:10DFC000DBF80028D1D102A80294F5F7AEF80028BA
:10DFD000CBD1012368468DF80030F5F79EF8002874
:10DFE000C3D147F2305302A80293F5F7A8F80028EE
:10DFF000BBD1FFF78FFF33691D60C3E76FF01204D9
:10E00000C0E76FF01504BDE7C87300215338030162
:10E01000905003018DE20201A01E00217DE2020169
:10E020007FB59448D2F7A0FFD3F708F918B16FF085
:10E03000850004B070BDD3F781F90028F7D1D3F77C
:10E0400013F90028F3D1D3F78FF90028EFD1D3F7D4
:10E0500021F90028EBD1D3F739F90028E7D1D3F71C
:10E0600051F90028E3D1D3F75BF90028DFD1D3F7CA
:10E0700025FA0028DBD1D3F737FA0028D7D1D3F718
:10E0800049FA0028D3D1D3F75BFA0028CFD1D3F7D0
:10E090002BF90028CBD1D3F735F90028C7D1D3F716
:10E0A0003FF90028C3D1D3F783F90028BFD1D3F7B4
:10E0B0008DF90028BBD1D3F797F90028B7D1D3F752
:10E0C000ADF90028B3D1D3F7C5F90028AFD1D3F704
:10E0D000DBF904460028AAD10226012101AA8DF805
:10E0E0000460D2F795FF0028A3DB012531462046C6
:10E0F00001AA8DF80450D2F78BFF002899DB08267F
:10E100000721204601AAADF80460D2F781FF00285C
:10E110008FDB594B0321204601AA0193D2F778FFE8
:10E12000002886DB0421204601AA8DF80450D2F78E
:10E130006FFF0028FFF67DAFFB230621204601AAD2
:10E14000ADF80430D2F764FF0028FFF672AF314615
:10E15000204601AA8DF80450D2F75AFF0028FFF696
:10E1600068AF03230521204601AA8DF80430D2F7B9
:10E170004FFF0028FFF65DAF0921204601AA8DF868
:10E180000450D2F745FF0028FFF653AF03250A21BC
:10E19000002001AA8DF80450D2F73AFF0028FFF6BC
:10E1A00048AF0B21204601AA8DF80440D2F730FF7A
:10E1B0000028FFF63EAF01231021204601AA8DF86A
:10E1C0000430D2F725FF0028FFF633AF02261121D5
:10E1D000204601AA8DF80460D2F71AFF0028FFF646
:10E1E00028AF1221204601AA8DF80460D2F710FF53
:10E1F0000028FFF61EAF1421204601AA8DF8046006
:10E20000D2F706FF0028FFF614AF1321204601AA1B
:10E210008DF80460D2F7FCFE0028FFF60AAFFB235E
:10E22000ADF80C30F7238DF804500425CDF80540E7
:10E23000ADF8063040F20343152120460DEB0502F0
:10E240000294ADF808308DF80A50D2F7E1FE0028AC
:10E25000FFF6EFAE45F26003984208DD84F31188C3
:10E26000BFF36F8F284602DF6FF00B00E1E6204618
:10E27000DFE600BFA13703011B1B0302014902486F
:10E2800006F0C2BBC8730021006F002110B4034622
:10E290000A46034881680C681946234610BC184793
:10E2A0009050030173B54FF0FF304FF0FF31FFF78F
:10E2B00029FE002875D13C4D0DF10701284600F0DC
:10E2C00041FF0446FFF726FE002C6AD19DF8073077
:10E2D000042B36D128783E2817D0FF2825D04FF0C0
:10E2E000FF324FF0FF33214605F0ADF80446002819
:10E2F0003ED06A782C4902320C3005F057F821469E
:10E300002A4B1B682A48984732E0AB78022B08D08A
:10E310000D2BE4D1EE78012EE1D1A98811F0100186
:10E3200009D0002200230124DDE7AB7803F0FD03D0
:10E33000802BD4D1F5E74FF0FF324FF0FF330C467E
:10E34000D1E7022B19D14FF0FF324FF0FF330320FA
:10E35000FEF736FD064658B16A880432B2F5847F6E
:10E3600016D984F31188BFF36F8F0423184602DF98
:10E3700002B0BDE87040FFF781BF082BF8D14FF025
:10E38000FF324FF0FF330520FEF71AFD0646E3E7A4
:10E39000294606F10C0005F009F8044B31461B68CC
:10E3A000B0E702B070BD00BF74740021C4730021D7
:10E3B000E050030142F2640398423FD02ED842F26B
:10E3C000260398421ED842F20C03984214D840F219
:10E3D0000643984232D040F21D43C01A18BF0120B4
:10E3E0007047A0F501502838154B80B2C34003F0A8
:10E3F000010383F001007047A0F500500D38114B68
:10E4000080B2F3E742F23203984217D0A0F50150F0
:10E410000338012894BF00200120704742F2850391
:10E42000984206D842F267039842DAD842F266036D
:10E43000D3E74FF6025320F00800CEE700207047E4
:10E440002F804020411200032DE9F341B14D078890
:10E450002A7804463BB2002A40F06D8642F24A0117
:10E460008B424BDC42F235018B422FDC42F207013A
:10E470008B425AD03BDC40F603418B425DD042F2E6
:10E480000602934238D004238DF80730A24B268829
:10E49000D3F80080B8F1000F79D00DF107022046C3
:10E4A0009E490DF10603C047012802466FD09DF832
:10E4B0000630002B40F054819DF807300E21AB70E0
:10E4C00001236970EB70AE80AA7147E0A7F5005395
:10E4D000373B122B1CD8DFE803F01919191F1B1941
:10E4E0001919191919191919191919191900A7F54B
:10E4F0000053083B052BC6D8042218E042F25C0208
:10E5000093420DD042F25D029342BCD1042201E05D
:10E51000EA71052202230BE0EA712A720622F9E76A
:10E52000B0F80330A5F80730F8E7EA7105220123B7
:10E530007B48017821B90370A5E7794B1A70A2E7EF
:10E540009942A0D03846FFF735FFA8B10E236B7073
:10E550000123EB700C23AA70AF80AB7101232B70E9
:10E5600040F635439F4203D1AB79002B00F0E085A4
:10E57000002002B0BDE8F0810F236B700423AB7064
:10E580000C23EB700123A5F805702B71E6E7B6F5B7
:10E59000105F4FEA96230DD27BB1013B072B0CD8BD
:10E5A000DFE813F00D000B002C009C0002010B00B3
:10E5B0000B0013013F2B00F087840122D0E020469E
:10E5C00040F2064230F9033B934207D040F21D422D
:10E5D0009342F2D1F4F797FE024602E0F4F791FE7F
:10E5E00002463046FFF7E6FE80F00100C0B2002888
:10E5F00040F0B680012A7FF45FAFDEE7204640F6A8
:10E60000354130F8032B13B28B4229DC40F62C4104
:10E610008B420BDC40F60142934231D040F603427C
:10E620009342CAD1D3F792F80246DAE7A2F62D4315
:10E63000082BC2D801A252F823F000BF89E60201DC
:10E64000BBE50201BBE50201BBE502019DE602015B
:10E65000BBE50201A5E60201BBE50201ADE6020150
:10E6600040F67B42934225D040F67C4293422BD029
:10E6700040F663429342A0D1F4F7DBFC0246B0E7D8
:10E68000F4F7CAFC0246ACE79DF80730254903338E
:10E690008DF80730F4F7C5FC0246A2E7F4F7C3FC97
:10E6A00002469EE7F4F7C1FC02469AE7F4F7BFFC86
:10E6B000024696E79DF807301A4904338DF8073073
:10E6C000F4F7BCFC02468CE79DF80730154902338D
:10E6D0008DF80730F4F7B4FC024682E72388A3F5EF
:10E6E0008053013B082B3FF668AF01A252F823F09C
:10E6F00029E702013DE7020175E70201BBE50201DE
:10E70000BBE50201BBE50201BBE50201BBE502017D
:10E7100095E702017D750021D87300217E750021E7
:10E720007C750021847500219DF80730E648083388
:10E730008DF80730F4F72AFD024652E79DF80730BE
:10E74000E14840338DF8073005F085F83046FFF793
:10E7500031FE80F00100C0B2002200283FF4ACAED0
:10E760000F236B700423AB700123EA702B71A5F8A3
:10E770000560F3E600229DF8073008338DF8073076
:10E78000D14B1A605A60EB7A23F0600343F06003C8
:10E79000EB72DBE79DF80730CB4806338DF8073086
:10E7A000F4F7F6FC02461CE741F2054322889A4240
:10E7B0007FF403AF9DF80730C3490333E01C8DF8A5
:10E7C0000730F4F7A2FD02460BE7204642F27C0137
:10E7D00030F8033B1AB28A423FF7EFAEB2F5005F62
:10E7E0000DDC40F615439A4200F0B68240F616431F
:10E7F0009A427FF4E2AEF4F727FC0246F1E6A3F575
:10E800000053013B7B2B3FF6D8AE01A252F823F018
:10E8100001EA020109EA02011DEA0201BBE5020167
:10E820002FEA020137EA02013FEA020153EA02013C
:10E830005BEA020163EA020173EA02017BEA020178
:10E8400083EA02018BEA020193EA0201A7EA0201CC
:10E85000AFEA0201B7EA0201BFEA0201CDEA020112
:10E86000D5EA0201E9EA0201F1EA020105EB02013F
:10E8700019EB020121EB020135EB020149EB020128
:10E88000BBE50201BBE50201BBE50201BBE50201FC
:10E89000BBE50201BBE50201BBE50201BBE50201EC
:10E8A00059EB020161EB020171EB020179EB02010C
:10E8B00081EB020189EB0201BBE50201BBE502012C
:10E8C0009DEB0201A5EB0201BBE50201ADEB0201EC
:10E8D000C1EB0201C9EB0201BBE50201BBE502018C
:10E8E000D1EB0201D9EB0201EDEB0201F5EB0201E4
:10E8F000FDEB020105EC020119EC02012DEC020115
:10E9000035EC02013DEC020145EC02014DEC020147
:10E9100055EC02015DEC020165EC02016DEC0201B7
:10E9200075EC02017DEC020185EC02018DEC020127
:10E9300095EC02019DEC0201B1EC0201D5EC020163
:10E94000E9EC0201C5EC0201BBE50201BBE50201F5
:10E95000BBE50201BBE50201BBE50201BBE502012B
:10E96000BBE50201BBE50201BBE50201BBE502011B
:10E97000CDEC0201F1EC020105ED020119ED0201FD
:10E980002DED020169EB0201BBE50201F5ED02018B
:10E990000BEE02016DED020187ED0201A1ED020116
:10E9A000A9ED02013DED020145ED0201D9ED0201A3
:10E9B000E1ED0201EBED0201BDED0201C5ED020149
:10E9C00035ED020167EE02017DEE020125EE020146
:10E9D0003BEE020151EE020193EE0201BFEE020195
:10E9E000A9EE0201BBE50201BBE50201BBE50201A4
:10E9F000BBE50201BBE50201BBE502016BEA0201D6
:10EA0000F4F7C8FB0246ECE59DF807302E480333C7
:10EA10008DF80730F4F7C3FB0246E2E59DF80730B6
:10EA2000294808338DF8073004F05BFF8EE6F4F7D1
:10EA3000B8FB0246D5E5F4F7B6FB0246D1E59DF8F2
:10EA40000730214801338DF80730F4F7AEFB02465A
:10EA5000C7E5F4F7ACFB0246C3E5F4F7AAFB0246B0
:10EA6000BFE5F4F7A8FB0246BBE5F4F748FC024615
:10EA7000B7E5F4F7A2FB0246B3E5F4F7A0FB0246C4
:10EA8000AFE5F4F79EFB0246ABE5F4F79CFB0246CC
:10EA9000A7E59DF807300C4801338DF80730F4F7EF
:10EAA00094FB02469DE5F4F792FB024699E5F4F7E4
:10EAB00090FB024695E5F4F78EFB024691E5F4F7EC
:10EAC0008CFB02468DE500BF84750021F4F787FBBF
:10EAD000024686E59DF80730D14907338DF80730A7
:10EAE000F4F77FFB02467CE5F4F77DFB024678E510
:10EAF0009DF80730CA4910338DF80730F4F775FBDD
:10EB000002466EE59DF80730C54808338DF807309A
:10EB1000F4F76DFB024664E5F4F76BFB024660E533
:10EB20009DF80730BE4902338DF80730F4F763FBD8
:10EB3000024656E59DF80730B94902338DF8073093
:10EB4000F4F75DFB02464CE59DF8073008338DF87D
:10EB50000730FF23EB711BE600F0E0FB024640E5C7
:10EB600004F0E2FE02463CE504F0E1FE024638E530
:10EB7000F4F749FB024634E5F4F747FB024630E57B
:10EB8000F4F745FB02462CE59DF80730A448013315
:10EB90008DF80730F4F73DFB024622E5F4F73BFB26
:10EBA00002461EE5F4F739FB02461AE59DF80730E8
:10EBB0009B4904338DF80730F4F731FB024610E52A
:10EBC000F4F72FFB02460CE5F4F72DFB024608E5AF
:10EBD000F4F72BFB024604E59DF80730904901331A
:10EBE0008DF80730F4F723FB0246FAE4F4F721FB33
:10EBF0000246F6E4F4F71FFB0246F2E4F4F71DFBCD
:10EC00000246EEE49DF80730854802338DF8073060
:10EC1000F4F715FB0246E4E49DF807308048013321
:10EC20008DF80730F4F70DFB0246DAE4F4F70BFB3E
:10EC30000246D6E4F4F709FB0246D2E4F4F707FBF8
:10EC40000246CEE4F4F705FB0246CAE4F4F703FB00
:10EC50000246C6E4F4F701FB0246C2E4F4F7FFFA09
:10EC60000246BEE4F4F7FDFA0246BAE4F4F7FBFA12
:10EC70000246B6E4F4F7F9FA0246B2E4F4F7F7FA1A
:10EC80000246AEE4F4F7F5FA0246AAE4F4F7F3FA22
:10EC90000246A6E4F4F7F1FA0246A2E49DF8073032
:10ECA0005F4801338DF80730F4F7E9FA024698E43B
:10ECB0009DF807305A4802338DF80730F4F7E1FA2F
:10ECC00002468EE4F4F7E3FA02468AE4F4F7E1FA46
:10ECD000024686E49DF80730514804338DF807302A
:10ECE000F4F7D1FA02467CE4F4F7CFFA024678E46E
:10ECF0009DF807304A4902338DF80730F4F7CBFA14
:10ED000002466EE49DF80730454902338DF807301E
:10ED1000F4F7C5FA024664E49DF80730404902332F
:10ED20008DF80730F4F7B9FA02465AE4F4F7B9FA65
:10ED3000024656E4F4F7D1FA024652E4F4F7BFFA79
:10ED400002464EE49DF80730354902338DF807300E
:10ED5000F4F7B7FA024644E49DF80730304802332E
:10ED60008DF80730F4F76EF902463AE42C49F4F7CF
:10ED70009EFA297A9DF80730013103EB41030246E0
:10ED80008DF807302DE42649F4F793FA297A9DF897
:10ED90000730013103EB410302468DF8073020E4D0
:10EDA000F4F789FA02461CE49DF807301C49013348
:10EDB0008DF80730F4F781FA024612E4F4F783FA8B
:10EDC00002460EE49DF80730154901338DF80730EF
:10EDD000F4F77BFA024604E4F4F779FA024600E419
:10EDE000F4F777FA0246FFF7FCBBF4F774FA024631
:10EDF000FFF7F7BB9DF80730094806338DF8073059
:10EE0000F4F751FA0246FFF7ECBB9DF807300449CE
:10EE10000B338DF80730F4F748FA0246FFF7E1BBF1
:10EE2000847500219DF80730C54902338DF80730FD
:10EE3000F4F75BFA0246FFF7D4BB9DF80730C049F0
:10EE400002338DF80730F4F752FA0246FFF7C9BBD8
:10EE50009DF80730BA490E338DF80730F4F74BFAB6
:10EE60000246FFF7BEBB9DF80730B54902338DF867
:10EE70000730F4F736FA0246FFF7B3BB9DF80730C8
:10EE8000AF4902338DF80730F4F72DFA0246FFF749
:10EE9000A8BB9DF80730AA490E338DF80730F4F768
:10EEA00028FA0246FFF79DBB9DF80730A4491E33A0
:10EEB0008DF80730F4F721FA0246FFF792BBF4F71A
:10EEC0000EFA0246FFF78DBB20464FF60B4230F894
:10EED000033B934222D8B3F57C4F7FF66EABA3F58C
:10EEE0007C43013B0A2B3FF668AB01A252F823F0AA
:10EEF000B1EF0201C7EF0201BBE50201BBE5020170
:10EF0000BBE502011FF00201BBE50201BBE5020106
:10EF1000F3EF020109F0020129F0020103F540724A
:10EF200092B21D2A3FF649ABA3F57D431D2B3FF658
:10EF300044AB01A252F823F03FF002016FF002014E
:10EF400079F0020183F002018DF0020197F00201D5
:10EF5000BBE50201BBE50201BBE50201A1F0020134
:10EF6000BBE50201BBE50201ABF00201BBE502011A
:10EF7000BBE50201BBE50201BBE50201BBE5020105
:10EF8000B5F00201BBE50201BFF00201BBE50201E1
:10EF9000D5F00201DFF00201F5F00201FFF00201FD
:10EFA00009F1020113F102011DF1020127F1020131
:10EFB0009DF8073062480C338DF80730F4F746F8B7
:10EFC0000246FFF70EBB00229DF8073040338DF854
:10EFD00007305B4B1A80EB7923F0230343F02303C4
:10EFE000EB712B7A23F0070343F007032B72FFF733
:10EFF000ADBB9DF80730524817338DF80730D2F774
:10F00000B3FB0246FFF7EDBA9DF807304C482033BA
:10F010008DF80730D2F7FAFB0246FFF7E2BAF4F7B1
:10F0200030F80246FFF7DDBA9DF807304448013357
:10F030008DF80730F4F727F80246FFF7D2BA00221E
:10F040009DF8073040338DF807303D4B1A60EB795F
:10F0500023F03F0343F03F03EB712B7A63F05F0330
:10F060002B726B7A63F001036B72FFF76FBBF4F7DF
:10F0700020F80246FFF7B5BAF4F71DF80246FFF78D
:10F08000B0BAF4F74AF80246FFF7ABBAF4F747F81C
:10F090000246FFF7A6BAF4F748F80246FFF7A1BA0E
:10F0A000F4F747F80246FFF79CBAF4F746F8024631
:10F0B000FFF797BAF4F743F80246FFF792BA9DF8C4
:10F0C00007301F4904338DF80730F4F73AF8024649
:10F0D000FFF787BAF4F744F80246FFF782BA9DF8C3
:10F0E0000730174908338DF80730F4F73BF802462C
:10F0F000FFF777BAF4F738F80246FFF772BAF4F779
:10F1000038F80246FFF76DBAF4F736F80246FFF713
:10F1100068BAF4F72CF80246FFF763BAF4F732F84E
:10F120000246FFF75EBAF4F72FF80246FFF759BA26
:10F130002B70FFF71DBA4FF0FF30FFF71ABA00BF70
:10F140008475002138B5094C0D4623781BB9BDE8FC
:10F150003840F3F751BFA278611C023205F013FF6B
:10F160000020042320702B7038BD00BF7D75002166
:10F1700070B505460E46084C204605F0CEFA38B16B
:10F18000A36829462046B2B21B68BDE87040184704
:10F190006FF0120070BD00BF90500301F8B51C4D18
:10F1A0001C4905F12002002808BF2946104602F03C
:10F1B000D9FC4FF0FF3200284FF0FF334FF0010031
:10F1C00014BF12270027FDF7FBFD00F10C060221FA
:10F1D0000446304604F0E4F83E2303702223012164
:10F1E0004370304604F0DCF80923212103703046D7
:10F1F00004F0D6F800F8017B2FB12022FF2105F0A2
:10F20000CFFE2046F8BD05F1200104F080FBF8E7B1
:10F2100080760021AF5A03012DE9F041364BD3E847
:10F22000AF2F022A1F4660D0042A63D0012A48D19A
:10F23000324C334E20212046FFF79AFF002849D157
:10F2400020223146204605F00AFE0028F2D0214651
:10F250002C4802F073FC05460028EBD14FF0FF323A
:10F260004FF0FF330120FDF7ABFD00F10C0602214A
:10F270000446304604F094F83E23037042230121F3
:10F280004370304604F08CF8082341210370304667
:10F2900004F086F8064600F8015BEDB1402200213B
:10F2A00005F07EFE0023D7E8EF2FC7E8E13F0029F5
:10F2B000F9D16CB114482146BDE8F04103691B68DF
:10F2C00018470022D3E8EF1FC3E8E02F0028F9D148
:10F2D000BDE8F0811F25C1E70A4904F018FB203181
:10F2E00006F1210004F013FBDCE70020FFF756FFD6
:10F2F0000446D7E70120F9E7EC730021807600216E
:10F30000AF5A0301A0760021E050030101490248F1
:10F3100005F05EBB23390301DC730021012208B52F
:10F32000084BD3E8EF1F002903D1C3E8E02F0028E2
:10F33000F7D105D10449054805F066FB002008BD5A
:10F340000C20FCE7EC730021DC730021006F00212E
:10F35000002910B508BF0222044618BF04220D4B35
:10F36000D3E8EF1F002903D1C3E8E02F0028F7D12D
:10F370000ED12146084804F0CAFA084804F12001D9
:10F3800004F0C5FA0649074805F03EFB002010BD11
:10F390000C20FCE7EC730021A0760021C076002150
:10F3A000DC730021006F00210A4608B501460748BA
:10F3B00003F04FFC064803F04CFC002383F3118854
:10F3C000BFF36F8F0323184602DF08BDCF5A030136
:10F3D000D85B030137B51022164B1748C3F8202518
:10F3E000FCF702F832230125ADF8043000231A217E
:10F3F0006846124A8DF80630ADF800508DF802309C
:10F40000F2F75AFD044690B94FF4AF60FCF700F8EC
:10F410002A4621460C20FCF7EBFF2A462146112004
:10F42000FCF7E6FF2A4621460820FCF7E1FF2046CC
:10F4300003B030BD0020014110200141A9F30201B9
:10F440000149024805F0E0BAF0730021006F002185
:10F4500037B500240C4D6FF009034FF48062284645
:10F460000A49009401F09CFD0949284605F003FB78
:10F470000849094805F0ACFA224604211A20FCF795
:10F48000B7FF204603B030BD006F0021E8800021A7
:10F49000E45A030159390301F0730021014B0020A4
:10F4A0001B6818470074002120B1012806D10448C8
:10F4B000EFF7DEBE034B01201B681847704700BF03
:10F4C0009DF4020100740021014B1860014870474F
:10F4D000007400210000AD0B0022D30003F1FF7384
:10F4E00003F58033D3F80013013107D0D3F80013AC
:10F4F0000132D3F80433202A0B60EED1224BD3E93A
:10F500004C32072B26D1023A032A204B28D9D3F8B4
:10F510000024D10732D41C4BD3F83021072A19D14B
:10F52000D3F83431023B032B02D8194AD35C8BB198
:10F530007F23184A1849C2F818310023C1F8043E45
:10F54000C1F8083EC2F82431C2F82C3102F57F22FE
:10F55000C2F81031114B1A68114BC3F8442570479B
:10F5600010498A5C002AD2D0D3F80024D207CED525
:10F570000022C3F81421C3F81821C8E76FF0010274
:10F58000C3F80024C7E700BF0000FF01005000419E
:10F59000EE5A030100200041000008410080FF01F5
:10F5A00000600041F25A030130B50468ACB1B4FA0E
:10F5B00084F30122C3F11F03DBB29A4024EA020262
:10F5C000D0E8EF5FA54204D1C0E8EC2FBCF1000FFA
:10F5D000F6D1EAD102480B7030BD0248FCE700BF0B
:10F5E0000000AD0B0200AD0B10B50368CB40DB078C
:10F5F00010D401238B40026843EA0201D0E8EF4FA8
:10F60000944204D1C0E8EC1FBCF1000FF6D1F2D156
:10F61000014810BD0148FCE70000AD0B0400AD0B34
:10F62000014BC3F80405704700F000410146014852
:10F63000FFF7BABFA0070021036803F01F025B09B0
:10F64000026004D0012B034818BF00207047024815
:10F65000704700BF00088C4100058C41034A4309F4
:10F66000D35C00F01F001844C0B27047F65A030183
:10F6700070B50546FFF7F2FF0C4C083034F8103037
:10F680000E46DA0508D5C3F3432304EBC30228462C
:10F6900054F8333052689847A3682BB13146284656
:10F6A000E268BDE87040184770BD00BFA4070021A4
:10F6B00008B5FFF7D3FF034B083033F81000400BB9
:10F6C00008BD00BFA407002108B5FFF7C7FF034B23
:10F6D000083033F81000C0F3400008BDA407002133
:10F6E00008B5FFF7BBFF034B083033F81000C0F339
:10F6F000401008BDA4070021034611F0010010B519
:10F70000CCB20BD1A207C4F340000DD5074A106A52
:10F7100058601062003818BF012005E004490A6AE9
:10F720001A600A62002AEDD010BD00BF00088C41AB
:10F7300000058C4110B5FFF791FF124A083032F8EE
:10F740001030D9051CD5C3F3432123F4F85322F814
:10F750001030002002F10E0434F8023F13F4807FD1
:10F7600003D0C3F3432399420AD001303028F3D1A8
:10F77000002342F831300448BDE81040FFF734BFA1
:10F7800010BD00BFA40700211C080021F0B50546EC
:10F7900000200126044607468C420BD1114BD3F8BA
:10F7A0007C2132B10022C3F87C21D3F87C3140F0B7
:10F7B0000040F0BDE3B29B0003F580729B0806FA9F
:10F7C00003F31D420BD002F1824202F52042D2F82F
:10F7D00000C0BCF1000F02D017601268184301345A
:10F7E000DAE700BF00A00041F7B506460846FFF77C
:10F7F00035FF1A4F00F1080537F815300C46DB07C6
:10F8000029D5304604F04AF92046FFF769FF50B188
:10F810002046FFF74DFF0023316801EB8000C0F860
:10F820001035C0F810352046FFF784FF002301A8EB
:10F8300027F815300194FFF7FFFE019B00EB8300D2
:10F84000D0F80022064B134043F00203C0F8003208
:10F85000044803B0F0BD0448FBE700BFA407002143
:10F86000F0F0FCFF0000AD0B0400AD0B2DE9F04300
:10F870001646804685B00846FFF7F0FE0D46316813
:10F88000044609B32846FFF71FFF18B12846FFF7C3
:10F8900027FF10BB00230DF10F02CDE900338DF8D7
:10F8A0000E308DF80F3028460B460DF10E0104F096
:10F8B0009DF8484A04F1080132F8113023F00203A0
:10F8C00043F0010322F8113073687BB328461F7898
:10F8D0005968FFF7F9FE10B1E9B13F4829E03D4A08
:10F8E00004F1080032F8103023F02003DB04DB0CB5
:10F8F00022F8103079B1032FEFD87168496891F878
:10F9000000C0D8F800104FEA8C094944A7B9C1F8E3
:10F910001075C1F810752F4A04F1080132F8113042
:10F9200023F01C0343EA870322F81130B3683BBB82
:10F930002A4805B0BDE8F083D1F810E543EA4C331E
:10F940002EF0030EC1F810E5D8F8001043F02003A4
:10F9500001EB090EDEF8101522F8103021F44F31BA
:10F9600021F44071CEF810152902DEF8108501F45B
:10F970007C5141EA074141EA0801CEF81015CAE777
:10F980002846D3E90067FFF7D5FE002ED0D0114DF1
:10F99000D5E90023964203D19F4201D1002209E01C
:10F9A0000F480DF10F01FFF7FFFD0C4B9842C0D13E
:10F9B0009DF80F2005EBC20308345F6035F8143062
:10F9C00045F8326043EA422343F4807325F814304B
:10F9D000AEE700BFA40700210400AD0B0000AD0B93
:10F9E0001C0800212DE9F0430C46804685B02046D6
:10F9F00011461E46FFF732FE054629B32046FFF7A3
:10FA000063FE18B92046FFF76BFE18BB334F05F1B4
:10FA1000080937F8193013F01C0F02D04B78012B6E
:10FA200018D001238DF80F3000234A1CCDE90013B4
:10FA300020468B1C0DF10F0103F0D8FF37F8193069
:10FA400043F0030327F81930002E44D02046FFF777
:10FA50003BFE18B9224805B0BDE8F083002296F8B5
:10FA600000C0D8F800301D4F03EB8C03C3F81025FD
:10FA7000C3F8102505F1080237F812104FEA8C0E72
:10FA800021F02001C904C90C27F81210757815B3AC
:10FA9000D8F80000B6787044D0F810352D0423F45F
:10FAA000991323F4F853C0F81035230203F47C5360
:10FAB00005F440353605D0F810E52B4306F48016E2
:10FAC000334341EA4C3143EA0E0341F02001C0F8D0
:10FAD000103527F812100348BDE700BFA407002126
:10FAE0000400AD0B0000AD0B014BC3E902127047DF
:10FAF000A407002110B508461446FFF7F1FD50B1E8
:10FB00000846FFF7ABFD054B083033F810300448CA
:10FB10005B0B237010BD0348FCE700BFA407002166
:10FB20000000AD0B0400AD0B70B5154D064695F801
:10FB300080401CBB2146602205F1100005F030FA20
:10FB4000214630682E6F8E420ED10023C0F87C31E2
:10FB5000D0F87C3140F30730FCF71AFC0123094848
:10FB600085F88030AB6770BDCBB29B0003F5807227
:10FB70007C2B04BF845083580131E4E70248F2E74C
:10FB8000A40700210000AD0B0C00AD0B034B93F854
:10FB90008000003818BF0120704700BFA407002173
:10FBA0000148FFF721BD00BF180800210148FFF7F9
:10FBB000FBBC00BF1808002173B503681646D3F8D4
:10FBC00004230546002AA8BF4FF000420846A8BFFC
:10FBD000C3F804230C46FFF783FDE8B10846FFF79E
:10FBE00073FD0146C0B92046FFF762FD2C68820014
:10FBF00002F58073E150E3582B681344D3F81025C5
:10FC000042F00102C3F8102526B101232A6883407F
:10FC1000C2F8043302B070BD2046FFF71FFD0F4B42
:10FC2000083033F81030C3F38203042B11D0052BB6
:10FC300011D001A80194FFF7FFFC019A0369D3409A
:10FC400003F00103991C204602B0BDE8704003F0A8
:10FC500016BF0321F7E70221F5E700BFA407002143
:10FC60002DE9F04F684BDFF8A481D3F80403D8F8EE
:10FC70007010C0B289B040F00040FFF787FD051E4C
:10FC80002FDAC24600235AF87C1F06A8CDE90633B6
:10FC9000FFF732FD4FF0000B5D4B0DF1180901939A
:10FCA000019A12F8013B0192DA081AF8022003F0D7
:10FCB000070322FA03F3DA071CD409F10409BBF1A4
:10FCC000000F14D0D8F870104FF00040FFF75EFD21
:10FCD000D8F87C1006A8FFF70FFD0028DAD125F030
:10FCE00000450124002D76D109B0BDE8F08F4FF01A
:10FCF000010BD5E7474B5B440293D9F8001000296C
:10FD0000DBD091FAA1F1B1FA81F1029B1C7841EAB2
:10FD100044142046FFF7A2FC083038F81070C808D9
:10FD2000BB080393012319F8002001F0070103FA2F
:10FD300001F122EA010209F8002005A80594FFF765
:10FD40007BFC059A039B803250F82220C7F3820681
:10FD50005B073746C2F3014222D520463946D6B268
:10FD6000FFF786FC05A80594FFF766FC059B80332A
:10FD700050F82330C3F301439E4207D100212046AF
:10FD800003F07DFE3146204603F079FE05A8059478
:10FD9000FFF752FC0122059B02FA03F30362ACE772
:10FDA000022A0CD10321204603F069FE06F0050368
:10FDB000012BEBD139462046FFF75AFCE6E702213A
:10FDC0002046039203F05BFE032EF3D0039A032A2E
:10FDD000DCD1022EEDE795FAA5F3B3FA83F304FA2A
:10FDE00003F29B0003F1824303F52043D3F810058F
:10FDF000D3F81015C0F30520C1F3014125EA02052F
:10FE0000FFF736FC6EE700BF00A00041A407002109
:10FE1000065B0301065B030170B5084C0E462379AF
:10FE2000154643B91220FCF7B3FA012304482371A5
:10FE30002660A56070BD0348FCE700BF0474002184
:10FE40000000AD0B0C00AD0B002330B50D4A50F88F
:10FE5000234003F5A2710133102B42F82140F6D163
:10FE60000023084A00F13C0103F5B27451F8045F25
:10FE70000133102B42F82450F6D1D0F88030C2F86C
:10FE8000043330BD002001410123024A8340C2F8FF
:10FE900004337047002001410123024A8340C2F825
:10FEA0000833704700200141F8B5012600270B4BAD
:10FEB0000B4DD3F80C4304B9F8BD94FAA4F0B0FA92
:10FEC00080F006FA00F324EA0304064B82009F50F8
:10FED0002B68002BEFD0A9689847ECE70020014180
:10FEE00004740021002101412DE9F0410E4617461E
:10FEF0000C4D55F81C4FAC4203D16FF01200BDE819
:10FF0000F081314654F8440CA4F14408FBF7B5FAEB
:10FF100030B9C7F800804046BDE8F04103F0D9BED3
:10FF20002468E8E71074002110B5D0E909124A608E
:10FF3000416A00F124031160C0E9093343680446B3
:10FF400003B19847054A936833B11279062A03D959
:10FF50000720226802499847002010BD1074002134
:10FF6000085B03012DE9F04107460D460B4E56F89C
:10FF70000C4FB44202D16FF001000AE0394654F848
:10FF8000240CA4F12408FBF778FA20B91DB1C5F8B8
:10FF90000080BDE8F0812468EBE700BF1074002109
:10FFA00038B5044600B30068F0B10378E3B100212E
:10FFB000FFF7D8FFD8B104F11C03C4E907330D4B98
:10FFC00004F12402196903F10C00A16260621A6154
:10FFD0000A609D6835B11B79062B03D9072022687A
:10FFE0000549A847002038BD6FF01500FBE76FF00A
:10FFF0001000F8E7107400210A5B030110B50368D4
:020000040103F6
:1000000093B11B7883B18368012B0DD8084B00F1A5
:1000100044014360074B1A6A03F11C048264446480
:1000200000201962116010BD6FF01500FBE700BFE2
:10003000280800211074002138B5114C05462168AC
:1000400019B100200131216038BD2422204604F07E
:10005000A7FF2B682846A3602B79237104F10C03BA
:10006000C4E9033304F11403C4E9053304F11C03A8
:10007000C4E9073300F018F80028E5D12168E0E76B
:100080001074002138B5074D2C68013C2C6044B930
:1000900000F012F821462846BDE83840242204F03A
:1000A0007FBF38BD1074002108B50248FFF778FF04
:1000B000002008BD280800210148FFF735BF00BF18
:1000C000280800210EB4431E062B33B588BF00203C
:1000D000094B05AC54F8045B53F82010074802F0B4
:1000E000B8FD214628460194FBF7B6FA02B0BDE8F8
:1000F000304003B0704700BF385803011D5B030157
:100100002DE9F04F87B017469B460446DDF840A026
:1001100000284BD0056A35B12D6825B1AC4607B033
:10012000BDE8F04F6047A36A9F4242D80026BE4216
:1001300003D1002007B0BDE8F08F182303FB06F8B9
:10014000D4F82C90A26909EB08052B1D0593CAB9B8
:10015000686969680368B5F80CC0C91AAB680CF126
:10016000030E5D1E05EB0C155B4205EB4E051D40B5
:1001700005EBCC0385680633A94228BF4FF0FF3159
:1001800003F074FD59F8083020460293236AB1B297
:100190009B6A01935AF8263000935BF82620059B52
:1001A00003F0B5FD0028C5D10136C0E76FF015009A
:1001B000C0E70148BEE700BF40F4FFFF10B50446AA
:1001C00090B1028D43899A4209D0084A936833B1AD
:1001D0001279032A03D9426805490420984720462A
:1001E000BDE8104004F030BE10BD00BF1074002107
:1001F000B85B030130B544898C4212D9436A013C93
:100200005D882C4003EBC40359609A60BFF35B8F99
:10021000426A538801335380438D01334385002064
:1002200030BD0148FCE700BF41F4FFFF70B4039EFE
:10023000144660B1006A50B14BB1013407D0002EB2
:1002400005DBD0F8844014B1A44670BC6047014877
:1002500070BC70472DF8FFFF70B4039E144660B168
:10026000006A50B14BB1013407D0002E05DBD0F845
:10027000944014B1A44670BC6047014870BC7047FC
:100280002DF8FFFF70B50C4611461E460E4B054675
:100290002022002908BF1946204604F02AFA01232B
:1002A000E362049B6662A362059B25626363069B0F
:1002B000A363079B63646A6804F13C03C4E90F52BB
:1002C0006B60226C136070BDD95B03012DE9FF47A1
:1002D000DDF834800E4691469A460546002876D0D1
:1002E000002974D0B8F1000F71D001F164073846CD
:1002F00003F09DFEBAF1FF3F49D1346E06F1500282
:1003000004F18000844204F01F0C07D2C4F34111B1
:1003100052F8211021FA0CF1C90736D4012104F05A
:100320007F04600952F8203004F5806A01FA0CF16C
:1003300004F201440B4304F07F0442F82030346699
:100340006B6C4A4603930E9B2946CDE901830C9BB7
:10035000304600935346FFF795FF384600F07AFC8D
:100360002C7874B196F8A4405CB1AB6A013330D1FB
:100370000021284603F09AFE044610B1284603F0F7
:100380006BFE204604B0BDE8F0870134BAE7BAF549
:10039000806FD5D3AAF580637F2B06F150010FD86B
:1003A000580951F8204003F01F0324FA03F2D20742
:1003B0000BD4012202FA03F3234341F82030BFE7B4
:1003C000054C384600F046FCDBE7044CF9E7024CEC
:1003D000D7E70024D5E700BF2DF8FFFF29F8FFFF7E
:1003E00008B583681A0C0AD1094A93682BB11279AF
:1003F000022A02D9032007499847002008BDA3F527
:10040000803383601B0C0CBF01200020F6E700BF87
:1004100010740021DA5B030138B50446E0B100F145
:100420006405284603F0E1FED4F8B4309B6953B963
:10043000D4F8A840103C002C00DC084C284603F0FF
:10044000D2FE204638BD012BF7D1D4F8BC0003F012
:10045000D6FDA0F11004EEE7014CF2E72EF8FFFF05
:100460002DF8FFFF38B50446E0B100F164052846D9
:1004700003F0BBFED4F8B4309B6953B9D4F8AC4058
:10048000103C002C00DC084C284603F0ACFE204653
:1004900038BD012BF7D1D4F8B80003F0B0FDA0F1BE
:1004A0001004EEE7014CF2E72EF8FFFF2DF8FFFFF6
:1004B0002DE9F04385B00F46904603A90D9A0546F5
:1004C000994604F055F80446E0B10C9E039BD5F81C
:1004D000C0009E42A8BF1E460168D0F808C0611A3D
:1004E00033464A46614528BF4FF0FF3103F084FB95
:1004F0002346424639462846009603F0D9FF05B008
:10050000BDE8F0830048FAE72EF8FFFF2DE9F0433D
:100510008BB00E46DDE9128915461F46044620B908
:10052000954D28460BB0BDE8F0830029F8D0002B8C
:10053000F6D00021A822C0F8D01004F031FD01222D
:1005400004F16400114604F020FA8C4BC4F8B46046
:10055000E5677462C4F88430894BD4F8B450C4F8A9
:100560008830884BC4F88C30874BC4F89030874B68
:10057000C4F89430864BC4F89830864BC4F89C304D
:10058000854BC4F8A030AB6943B9B9F1000FC7D0AF
:1005900099E8070004F1A80383E80700AB69012B81
:1005A00007D0D4F8B400E0B96FF01505B9E74307F8
:1005B000F7D4D4F8B4000028F6D0036A002B00F07A
:1005C000D8809B68002B00F0D48098474206EED577
:1005D0000021D4F8B40003F0F6FD05460028E8D069
:1005E0009FE7036A002B00F0C4801B69002B00F01A
:1005F000C080984700F0010084F8A400D4F8B4004B
:100600008369E3B999F80830002B00F0858008F180
:100610000C03C4F8C430B8F1000F81D0D8F808201A
:10062000002A00F0A4809B68002B00F0A0805B4BA8
:1006300004935B4B05935B4B06935B4B079383697A
:10064000012B07D1564B0493544B0593564B0693FD
:10065000544B0793002104F1C803C4E9323306ABBD
:10066000C4F8C07002220093019104ABFFF748FD6B
:10067000054600287FF455AFD4F8B4309A693AB9EA
:10068000F26A1268C4F8B820F26A9269C4F8BC2011
:100690009B69012B07D1F36A9B69C4F8B830F36AF0
:1006A0001B68C4F8BC30D4F8BC0003F043FCF36A08
:1006B0001B68DF62F36A9B69DF62D4F8B430D3F859
:1006C0001890B9F1000F07D1D4F8AC300993D4F8E1
:1006D000B8305B894B4521D894F8A430C4E9004474
:1006E00063B100230293314B204601933523304AF6
:1006F0000394009304F10801FFF7C4FDD4F8B4009B
:100700008369002B7FF40DAF042103F05CFD0646E6
:1007100000283FF406AF24E043467AE74046D4F889
:10072000AC1003F016FF0646D0B139680890411AA4
:10073000B8680022814228BF4FF0FF31D4F8AC30B6
:10074000384603F093FA009601230022D4F8B8004B
:1007500008A903F009FB064618B909F10109B6E733
:10076000144ED4F8B40003F027FD3546D9E6114DF8
:10077000D7E66FF00505D4E62DF8FFFFB1040301BD
:100780003F420301B143030171450301B144030139
:10079000F74103016504030119040301FB5B030135
:1007A000015C0301DD430301E541030163420301F1
:1007B000075C03012EF8FFFFF0B505460E4617460D
:1007C00087B0074A03AC07CA84E807000C9A314691
:1007D000009228463A460194FFF798FE07B0F0BD14
:1007E0002852030138B5EFF31185402383F31288B3
:1007F000BFF36F8F064B9C6803F0A2FF85F311884F
:10080000BFF36F8F2046BDE83840FBF743BD00BF04
:100810003474002138B5094B53F82040013053F8A7
:100820002050A54200D838BD636823B1204603F0AC
:100830008AFF0834F5E723689847FAE75858030118
:10084000012270B52A4B032086B01A70FFF7E2FF31
:10085000FBF73AFB03F093FF0420FFF7DBFF254C87
:10086000254D2646AE4204F1300410D300F044FE7C
:10087000204C224EAC4226D300F052FE01F029FF5C
:100880001F4A137B23F00103137306B070BD54F8A5
:100890000C3C059354F8103C049354F8143C039317
:1008A00054F8183C029354F81C3C019354F8203C33
:1008B000009354E90A2354E90C0100F0EBFB54F8CF
:1008C000303C5E65CDE7D4E90A23B3F1FF3F08BFB2
:1008D000B2F1FF3F05D052EA0301206803D104F0D2
:1008E000CDF83034C6E73146183000F0DFFFF8E7C6
:1008F000E0760021E851030118520301AB4B0301DC
:100900002070002108B50348034A0021121A03F0A1
:1009100032FF08BD90090021E47600210023012266
:1009200070B586B0CDE904230F220193CDE90232E0
:1009300014230F4D0F4E03FB00550F4906EBC01655
:10094000044601EB00214FF4807230460B4B0095BA
:1009500000F0A0FB737B2C7423F004037373084B2B
:10096000013403EBC423EE606B6006B070BD00BFC2
:1009700034740021A06F0021E88C00214B48030152
:10098000E8840021BFB50020FFF744FF2D4B03F59D
:10099000006282F3088883F30A88E0232A4D00244A
:1009A00085F822302023EB772C766C76AC7685F8B0
:1009B00020406B6A254E43F4E0236B6285F82340A8
:1009C000FBF7E6FBFBF784FD4FF0FF33AB62EB6216
:1009D000FBF70AFFFBF7A0FD40F201131C4D1D4F72
:1009E0002846AB81C5E9194401F08AF8B56003F0E7
:1009F00093FE0120FFF70EFF0220174DFFF70AFFBD
:100A000000F0AEFD154B75610593012314494FF4B9
:100A10000062CDE9034328463B46CDE901440094FA
:100A200000F038FB06466A7B284622F004026A730F
:100A300004F060F82046FFF771FF3A463146284639
:100A4000FBF722FDE884002100ED00E03474002172
:100A50004071002141080301207000210A5C03015C
:100A6000E88D002138B5064C064DAC4201D300207C
:100A700038BD2046D4E9011203F082FE1434F4E7B5
:100A80006C080021800800212DE9F3410446174637
:100A90001E46EFF31188402383F31288BFF36F8F54
:100AA000C368334A7BB180689168884219D057EA9D
:100AB000060318D188F31188BFF36F8F6FF00F0012
:100AC00002B0BDE8F081916891F90E100133E36046
:100AD00093682161A36088F31188BFF36F8F0020B2
:100AE000EEE72169F2E791F90E1090F90E306FF000
:100AF0007E029942A8BF19469142B8BF11468B4267
:100B00002DDD03F0ADFE054622464146CDE90076D7
:100B1000184800F03DFC0028E1D0EFF31186402397
:100B200083F31288BFF36F8FA068D0B12368216967
:100B30009C420AD04BB193F90E309942A8BF194696
:100B40006FF07E039942B8BF194603F089FE40B1A9
:100B50003146084800F08CFC6FF00A00B0E7002531
:100B6000D2E7002DF4D186F31188BFF36F8FF3E73E
:100B700034740021E176002138B58368044663B3FC
:100B8000194A926893422BD1C368012B03D9013BC8
:100B9000C360002038BDEFF31185402383F3128832
:100BA000BFF36F8F0169806803F05AFE204604F09E
:100BB00000F8A06058B190F90E2022610022C267AF
:100BC00003F098FF2946094800F052FCE1E7E06095
:100BD00085F31188BFF36F8FDBE76FF01500D9E75E
:100BE0004FF0FF30D6E700BF34740021E1760021DA
:100BF00037B51146EFF31185402282F31288BFF317
:100C00006F8F04689CB12368426823F00303944209
:100C1000036008BF43600121204603F095FE0446AF
:100C200085F31188BFF36F8F204603B030BD51EAC2
:100C30000302F5D000F10802CDE900131046294661
:100C400000F0A6FB0028EFD1014B9B685C69EBE745
:100C50003474002138B50446EFF31185402383F343
:100C60001288BFF36F8F03F0A4FF48B10022C26760
:100C700003F040FF2946BDE83840074800F0F8BBC4
:100C8000D4E902329A4218BF01330221A36004F171
:100C9000100004F0ACF8EDE7E176002113B5EFF3B6
:100CA0001181402484F31288BFF36F8F846844B1AC
:100CB000013C846081F31188BFF36F8F002002B084
:100CC00010BD52EA030406D181F31188BFF36F8F80
:100CD0006FF00F00F3E7CDE900230246014800F072
:100CE00057FBECE7E17600211FB5094A02AB92E819
:100CF00003004FF4006283E80300009305494FF0BE
:100D0000FF33054800F04CF9002005B05DF804FB06
:100D100034520301E8950021A07000212DE9F04331
:100D200005464FF0FF364FF0FF37DFF82C8185B0D6
:100D3000EFF31189402383F31288BFF36F8FD5F847
:100D400080408CB9022105F1980003F02EFE0028A6
:100D500060D100234946CDE90067029305F188027E
:100D60003E4800F0ABFCE3E7D5F8842023689442CA
:100D7000C5F8803008BFC5F88430D5F8983043F006
:100D80000203C5F89830E36823F0040343F001033D
:100D9000E360636889F31188BFF36F8F204698473B
:100DA000EFF31189402383F31288BFF36F8FE36859
:100DB000D90623F0010237D4E260E3689A071AD516
:100DC000D8F8000023F00203E360A0B1002102681C
:100DD00088B143689C4237D1036869BBD8F80420C6
:100DE000C8F80030824201D1C8F80430002340F82E
:100DF000083BFFF72FFFD5F8983023F00203C5F822
:100E0000983089F31188BFF36F8FDB0590D400F021
:100E1000AFFB8DE705F1900400220121204603F08D
:100E200020FF0028F8D194E723F01103E36004F1D8
:100E30001000FFF70FFFC0E70B60D8F804308342C3
:100E400008BFC8F80410D1E722B113680146104664
:100E50001A46BDE71346F9E754740021E1760021F4
:100E6000F8B5C36804469A070F46C3F340062CD46E
:100E70005B071AD40B680BB983680B60E368DD0766
:100E800042BFA36802263B603D6858BF0126002D83
:100E90003AD01F4B9B68AB420AD0D5F89830D807A0
:100EA000C3F3800214D46FF0120600233B6025E0E8
:100EB00003F0DBFDD5F898300028F0D1D907C3F353
:100EC000C002F0D552B15B0708D46FF00F06ECE713
:100ED000002AFAD1C3F3C003002BF6D1002323600C
:100EE000D5F8843063B9C5E92044284603F069FD8C
:100EF000E36843F00403E3603B68A3603046F8BD59
:100F00001C60C5F88440F0E76FF01506CDE700BF20
:100F1000347400212DE9F041C368074603F005034E
:100F2000002B0C4614BF4FF001084FF0000822D0F0
:100F30008668D6F8805025B1AF4201D02D68FAE717
:100F400001250122002104F1100003F01EFD2046BE
:100F5000124903F03DFDE36843F01003E3609DB1E7
:100F60003B68236073B9D6F884303BB9C6E92044A6
:100F7000304603F026FD4046BDE8F0811C60C6F80F
:100F80008440F5E73C60F3E7D6F880302360D6F87C
:100F90008430C6F88040002BEAD1F0E7C149030154
:100FA000F0B50446002089B0C4E920000E9D04F18C
:100FB0008800C4E9220004F19000C4E924004DB384
:100FC0002879002840F2011008BF0120C4F89800D9
:100FD00000204FF0FF364FF0FF37CDE90330CDE969
:100FE0000100CDE9066720460B4B009400F090F815
:100FF00055B1296811B1204603F03DFD6B791BB155
:10100000237B43F001032373204609B0BDE8F04081
:1010100003F034BD0120D9E71D0D030130B50A46A8
:10102000044685B0EFF31185402383F31288BFF3A4
:101030006F8FD0F8983013F0060F1DD1B1B143F087
:101040000C03C4F89830204603F0BBFC00234FF09B
:10105000FF3202934FF0FF332946CDE900230C48BD
:1010600004F1900200F02AFB05B030BDD0F88000FA
:1010700048B143F00403E4E743F00401C0F89810DA
:10108000002AE0D0DBE785F31188BFF36F8FEBE731
:10109000E17600212DE9F043984685B000F1580330
:1010A000C0E91633109B002603730423073222F095
:1010B000070543730F9B01EB05090F4683734946F0
:1010C000C0E906668660C6730446FAF70FFF0E9BFA
:1010D000073020F00700E066C4E9197502930D9B04
:1010E000A9EB000901930C9B4A46009339464346FD
:1010F0002046FBF7ADF9054B66659B6803B11B6F96
:101100004846236705B0BDE8F08300BF3474002172
:10111000F0B5002587B00595109DDDE912760495A0
:101120000F9D044603950E9D02950D9D01950C9D06
:101130000095FFF7AFFFB6F1FF3F08BFB7F1FF3FE4
:1011400005D056EA070305D1204600F0A3F9204652
:1011500007B0F0BD3A463346024904F1180000F0EA
:10116000A5FBF4E7AB4B030138B50D4D2B4653F807
:10117000184F9C4200D004B9EC68AB6838B95A7B70
:10118000D20604D1A26912B9DA897F2A05D89C4215
:1011900002D0204600F0D2FA23466B6138BD00BF72
:1011A0003474002108B590F90D200146002A437BD4
:1011B00004DA03F07F03437303F062FC044B986886
:1011C000431A58425841BDE80840FFF7CDBF00BF61
:1011D0003474002170B490F90D30427B002B29DB70
:1011E000D30627D183692BBB134962F07F02427378
:1011F0000A4652F8184F944218BF2346CC6923B9C7
:10120000C0E900242060C8610CE090F90E5093F909
:101210000E60B5420AD0AE4208DD5A68C0E900321D
:1012200010605860002070BCFFF79EBF9C42E7D062
:101230001B68E4E770BC704734740021002A2DE974
:10124000F0410E460CBF10210821427B044611429A
:101250000FD141EA0203D20918D1437308291BD0E8
:101260000120FFF781FFBFF35F8F637B23F06003F3
:101270006373284B9B68A34245D1EFF30583002B92
:1012800041D13046BDE8F041FBF71AB803F07F03C7
:10129000437303F0F5FBE1E7A36813B1204603F0C5
:1012A000F7FB04F1180003F0FEFCA56D04F15807EC
:1012B000AF4211D04FF0000875B1284603F0E8FBAB
:1012C00005F1180003F0EFFC2846C5F87C80FFF715
:1012D00081FFA56DAF42EFD10E4FBB689C42BFD1DD
:1012E000EFF30583002BBBD00120FFF73DFF40F259
:1012F0000113094DAB8100232846C5E9193300F0DD
:10130000FFFBBD60AFE786F31188BFF36F8FBDE8C9
:10131000F08100BF347400214071002170B590F954
:101320000D200146002A437B04DA03F07F03437358
:1013300003F0A6FB154A4B7B104663F07F034B730B
:1013400050F8183FD469834208BF002323B9C1E98C
:1013500000042160D1610CE091F90E5093F90E6008
:10136000B5420ED0AE420CDD5868C1E900300160D4
:1013700059609068BDE87040431A58425841FFF7E1
:10138000F3BE9C42E3D01B68E0E700BF3474002149
:10139000F8B5124B0C46DDE9067611469868104AFE
:1013A0001060EFF31182402282F31288BFF36F8F37
:1013B0009D68284603F076FBB6F1FF3F08BFB7F102
:1013C000FF3F06D03A463346064905F1180000F0C3
:1013D0006DFA2046BDE8F840FAF772BF3474002178
:1013E0005C740021AB4B0301F8B50446EFF31186A2
:1013F000402383F31288BFF36F8F437B49B2DA0631
:1014000019D18569BDB903F07F03437303F038FB3D
:10141000437B164A63F07F0343731346817353F88B
:10142000180F984218BF0546D0695DB9C4E900306D
:101430000460D46111E00020A17386F31188BFF32A
:101440006F8FF8BD95F90E70B9420BD08F4209DD50
:101450006B68C4E900531C606C600120FFF784FED8
:101460000120EAE7A842E1D02D68DEE734740021CC
:1014700049B9EFF3058030B9054B5A699B689A4228
:1014800001D0FAF71DBF81F31188BFF36F8F70474A
:101490003474002110B5EFF31184402282F31288D6
:1014A000BFF36F8F427B510704D484F31188BFF3DD
:1014B0006F8F10BD22F004024273FFF78BFE2146AE
:1014C000BDE810400148FFF7D3BF00BFE17600211F
:1014D000034648B9EFF3058232B9064A516992686A
:1014E000914201D0FAF7ECBE83F31188BFF36F8FFE
:1014F000704700BF34740021EFF31181402383F360
:101500001288BFF36F8F054B9A68D37B013BD3736F
:1015100081F31188BFF36F8F704700BF34740021CF
:1015200038B5EFF31185402484F31288BFF36F8F31
:101530000A4B00209A68D37B0133D373FFF714FE64
:1015400085F31188BFF36F8FEFF3118084F3128856
:10155000BFF36F8FBDE83840FFF7BABF3474002186
:10156000024B03F11802C3E90622704734740021CC
:10157000F8B5EFF31185402383F31288BFF36F8F23
:1015800019498868437B03F07F03437303F078FABB
:1015900008468B685A7B62F07F025A7350F8182F06
:1015A000CC69824208BF002222B9C3E9000423604B
:1015B000CB610CE093F90E6092F90E70BE420ED032
:1015C000B7420CDD5168C3E900210B605360012074
:1015D000FFF7CAFD2846BDE8F840FAF771BEA242FF
:1015E000E3D01268E0E700BF3474002150EA010341
:1015F0002DE9F04105460E4603D1FFF7B9FF002063
:101600002BE0831C71F1FF3329DB03F061FB2C1805
:10161000EFF31188402383F31288BFF36F8F124FCB
:10162000124BB8681860FFF7BDFDB86810492A462C
:101630003346183000F03AF9BA684046537B43F01D
:1016400010035373FAF73CFE03F042FB201A63EBDE
:101650000303012873F10003D1DBBDE8F0816FF0D3
:101660000104241AD4E700BF347400215C74002103
:10167000AB4B0301B1F1FF3F08BFB0F1FF3F08B52D
:1016800006D10A4B986803F044FA4FF0FF3008BDCA
:10169000FFF7ACFF4FF47A7147F6FF730022C0FBEF
:1016A0000132D80B40EA4240F1E700BF3474002118
:1016B000014B9868704700BF34740021D3B5DDE951
:1016C0000667089CCDE90067FFF762FE1CB1034B7B
:1016D0009B685B69236002B0D0BD00BF34740021F9
:1016E0000122044BC01A044BC0105843034B1A5438
:1016F000704700BFC0710021ABAAAAAAE176002101
:10170000C3897F2B12D80A4B1B6863B1094B90F930
:101710000E201B689A4209DB437BDB0606D1064B91
:10172000C31A18BF012303F0010070470023FAE732
:101730006474002160740021A06F002170B50E4B0D
:101740000E4C1E7C182303FB06440546204603F07E
:10175000AAFA00220A4B28469A55FFF7D1FF48B152
:10176000084B2046BDE870401A680749013AD31774
:1017700000F09CB870BD00BF34740021C07100211E
:10178000E176002164740021E116030138B5EFF31E
:101790001185402383F31288BFF36F8F104B114ADA
:1017A0009C681068A04206D1FFF7C8FF85F3118836
:1017B000BFF36F8F38BD00211B7C11600A4AD35CD8
:1017C000002BF3D02046FFF79BFF0028EED0637B71
:1017D000DB0602D12046FFF7A1FD2046E4E700BF6B
:1017E000347400215C740021E176002108B50648BC
:1017F000064A0749121A02F0C0FFBDE80840054A30
:101800000549064802F0B9BF000000218C090021FB
:10181000445C030100000000445C0301000000215F
:10182000034B1B680BB9FCF763BB0020704700BF7C
:101830006874002130B570B10B4B5B6898420AD0D8
:10184000036843B1D3E90421D0E90445121941EBFF
:101850000501C3E90421D0E9003213605A60002376
:10186000C0E9003330BD00BF5408002110B50E4B55
:101870001C689C4204D1FFF7D3FF6FF0004010BDFD
:10188000FFF7CEFF002CF8D0D4E904321B1A62EB2C
:10189000E072B3F1004F72F10001EEDA002AACBF42
:1018A00018460020EBE700BF54080021B3F1FF3FCA
:1018B00008BFB2F1FF3FF8B504461D4616465ED09C
:1018C0008160EFF31187402383F31288BFF36F8F9A
:1018D000013275F1FF3324DA6FF001032D49D1E9AC
:1018E00000209B1A4FF0FF3262EB00009E1B60EB62
:1018F0000500012E70F1000301DA01260020C4E981
:101900000460254ED6F800C07568B44508BF4FF096
:10191000000CBCF1000F0DD1C4E900652C607460AF
:101920001CE0FFF77DFF013645F10005361845EB59
:10193000E070E4E7DCE90420D4E90431934271EB80
:10194000000E1DDAD21ADCF8043060EB0100CCE99D
:101950000420C4E900C31C60CCF804403368B342DF
:1019600009D09C4207D10D4B1C6824B9FFF77EFFBC
:101970002146FCF78FFA87F31188BFF36F8FF8BD0C
:101980009B1A61EB0001AC45C4E90431C4D0DCF81A
:1019900000C0BEE7D87100215408002168740021FE
:1019A0002DE9F84FEFF3118C402383F31288BFF336
:1019B0006F8FDFF8B0A0DFF8B0900024C9F8000006
:1019C000DAF800000025504508BF0020274FE04608
:1019D000D7E90021D9F8003078B3D0E9046C4FEA98
:1019E000E37EB3427EEB0C0B05DAF61A6CEB0E04C9
:1019F000C0E9046421E0B21841EBE671C0E9044596
:101A0000C7E90021FFF716FF88F31188BFF36F8F36
:101A100083689847EFF31188402383F31288BFF35C
:101A20006F8FD9F80030DAF800009B1B5045C44690
:101A3000C9F80030CBD1D7E9002100249A1841EB36
:101A4000E373C7E90023C9F80040FFF70FFF214601
:101A5000FCF720FA88F31188BFF36F8FBDE8F84FC9
:101A6000FFF794BE5408002168740021D87100214A
:101A700010B5EFF31184402383F31288BFF36F8F07
:101A8000FFF7CEFE0346054AD2E90001181841EBE4
:101A9000E37184F31188BFF36F8F10BDD8710021FB
:101AA00038B50346EFF31185402282F31288BFF365
:101AB0006F8FC160012181600068834206D185F388
:101AC0001188BFF36F8F0024204638BDD0E9003263
:101AD00013605A600023C0E9003303F042F929463D
:101AE00004460248FFF7C4FCEEE700BFE27600219F
:101AF0000A460146014803F094B900BF6C08002172
:101B0000014B0367704700BF6C08002138B50446DD
:101B10000D4602F0AAFF20B9064B9B681B6F0BB95C
:101B200038BD054B2A4621461846BDE8384003F02B
:101B300078B900BF347400216C08002130B599B029
:101B40000546684600F02AF86946044608A800F0F1
:101B500055FA034608A928461C4300F08BF9204695
:101B600019B030BD70B598B005466846164600F00D
:101B700015F83146044608A800F048F9034608A9BC
:101B80006A4608461C4300F083F9034608A9284624
:101B90001C4300F06DF9204618B070BD38B50B68D5
:101BA000124D1BBAC3614B682A461BBA83618B680E
:101BB00004461BBA4361CB681BBA03610B691BBAAD
:101BC000C3604B691BBA83608B691BBA4360CB69E6
:101BD00001461BBA0360CEF78FFA034620461C4627
:101BE00029461A46CEF7A8FA601E38BD7058030180
:101BF0002DE9F04106460C46904688B0684602F151
:101C0000200106F12007CEF733FE6A466946684692
:101C1000CEF750FD69463846CEF72AFE3A46394699
:101C2000384604F12005CEF745FD6A466946684608
:101C3000CEF740FD41462846CEF71AFE6A46414699
:101C40003046CEF7FDFD2A4629466846CEF732FDDE
:101C50002A4669466846CEF72DFD69466846114A10
:101C6000CEF728FD69462046CEF702FE32462146D1
:101C70002046CEF75DFD324621462046CEF758FD80
:101C8000224631462846CEF753FD6A462946284665
:101C9000CEF7D6FD3A4629462846CEF749FD08B08C
:101CA000BDE8F08150590301F0B504460D4699B0E6
:101CB0002A4668462146CEF73BFD69466846CEF780
:101CC000D7FD6A46214608A805F1200604F1200741
:101CD000CEF7B6FD6A4629466846CEF7B1FD3246D4
:101CE000394610A8CEF7E6FC324639463046CEF7E4
:101CF0001FFD31462846CEF7BBFD6A46204608A99F
:101D0000CEF7D8FC224629462846CEF711FD6A4672
:101D1000684608A9CEF70CFD6A4639463846CEF724
:101D20008FFD2A46684608A9CEF702FD6A4631466D
:101D30003046CEF785FD3A4631463046CEF7F8FCC0
:101D4000684610A9CEF794FD224669462046CEF794
:101D5000EFFC08A922460846CEF7EAFC10A908467F
:101D600008AACEF76DFD3A46384610A9CEF7E0FC3A
:101D700019B0F0BD2DE9F04105460C46904688B0FB
:101D80000A4668462946CEF7D3FC69466846CEF730
:101D90006FFD6A462946284604F12006CEF750FD1D
:101DA00005F120076A4621466846CEF749FD3246CE
:101DB00039463046CEF7BCFC31462046CEF758FDBA
:101DC0002A4621462046CEF7B3FC6A4621462046E5
:101DD000CEF7AEFC6A4629464046CEF7A9FC4246FD
:101DE00039463846CEF72CFD224629466846CEF7BE
:101DF0009FFC6A4631463046CEF722FD3A463146D0
:101E00003046CEF795FC08B0BDE8F08170B50446C9
:101E10000D4690B004F1200600F014F9304605F1AB
:101E2000200100F00FF9214608A8CEF721FD08A9EE
:101E300008460D4ACEF73EFC08A922460846CEF7D2
:101E4000FFFC08A90846094ACEF734FC314668462B
:101E5000CEF70EFD202269460DEB0200CEF7FCFB0B
:101E6000013810B070BD00BF505903013059030153
:101E700000F002B938B505460C4600F0FDF805F152
:101E8000200004F12001BDE8384000F0F5B800BFA3
:101E900013462DE9F047B8B08946544A19468046A2
:101EA00010A8CEF729F95249024610A8CEF744F9F6
:101EB0000746179E4D4907EAD676C6F1010210A8DB
:101EC000CEF73AF9179C4A46E44328A918A8FFF729
:101ED0008FFEE40F20A90846C4F101024FF0FE0A6C
:101EE000C7F1010700F090F825466A4618A928A80E
:101EF000FFF740FF4FEA6A1338AA02EB830353F857
:101F0000A04C0AF01F03DC4004F0010465402A469F
:101F100028A918A8CEF76CF92A4630A920A8CEF730
:101F200067F90AF1FF3A28A918A8FFF7BDFEBAF130
:101F3000FF3FD9D1C4F1010220A908A800F064F83C
:101F400066406A4618A928A8FFF714FF324628A958
:101F500018A8CEF74DF9324630A920A8CEF748F997
:101F600008A96A460846CEF76BFC08A9084600F0A7
:101F70009DF808A908F12004084609F12002CEF7CF
:101F80005FFC204620A908AACEF75AFC08AA68469A
:101F900018A9CEF755FC69466846CEF769FC18AA21
:101FA000694608A8CEF74CFC21466846CEF760FC8F
:101FB00008AA69461046CEF7BBFB68460D4A08A939
:101FC000CEF7B6FB20462021CEF75AFB024608A9E1
:101FD000684654423C43CEF70BF940466946064AF0
:101FE000CEF72EFC204638B0BDE8F087B05803018C
:101FF000D058030130590301905803010A460149A2
:10200000FFF746BFF058030170B588B004460D468F
:10201000164600212022684602F0C2FF002329460E
:1020200020222046009302F0AEFF2A466946684609
:10203000CEF77EFB324669462046CEF7D9F808B087
:1020400070BD00BF0B681BBAC3614B681BBA8361CC
:102050008B681BBA4361CB681BBA03610B691BBA5F
:10206000C3604B691BBA83608B691BBA4360CB6941
:102070001BBA0360704700BFCB691BBA03608B6952
:102080001BBA43604B691BBA83600B691BBAC36000
:10209000CB681BBA03618B681BBA43614B681BBAE0
:1020A00083610B681BBAC361704700BF70B50D46F2
:1020B000052498B0064610A8CEF7DAFB2A466846F3
:1020C00010A9CEF7BDFB694610A8CEF7D1FB10A929
:1020D0000846CEF7CDFB6A4610A908A8CEF7B0FB9C
:1020E00008A910A8CEF7C4FB10A90846CEF7C0FB7C
:1020F00010A90846CEF7BCFB10A90846CEF7B8FBDE
:1021000010A908AA0846CEF79BFB10A90846CEF7EF
:10211000AFFB10A90846CEF7ABFB10A96A4608A88A
:10212000CEF78EFB08A910A8CEF7A2FB10A908468F
:10213000CEF79EFB013C10A9F5D1084608AACEF7C0
:102140007FFB052410A90846CEF792FB10A908468C
:10215000CEF78EFB013CF5D110A908AA0846CEF7B0
:102160006FFB10A908A8CEF783FB08A90846CEF795
:102170007FFB08A96A466846CEF762FB10246946D1
:1021800010A8CEF775FB10A90846CEF771FB013CED
:1021900010A9F5D12A460846CEF752FB402410A9D3
:1021A0000846CEF765FB10A90846CEF761FB013C57
:1021B000F5D110A96A460846CEF742FB102410A9B3
:1021C0000846CEF755FB10A90846CEF751FB013C57
:1021D000F5D110A96A460846CEF732FB102410A9A3
:1021E0000846CEF745FB10A90846CEF741FB013C57
:1021F000F5D110A9084608AACEF722FB2A46304698
:1022000010A9CEF71DFB18B070BD00BF2DE9F04F2F
:1022100043688DB015468046029383789A0740F153
:102220000D8100240E78002E00F00A81252E0BD09F
:102230004B1C0393013441463046029B98470028CB
:10224000C0F2F6800399EDE74E788B1C252E0393A0
:10225000F0D00027B946BB46BBF11F0F38D8A6F116
:102260002003102B0AD8DFE803F02A0909300909F6
:10227000092109090928092D09091F00A6F13003C0
:10228000092B33D92A2E37D11BF0400F55F8043BC8
:1022900040F08280002BA7BF4BF0200B9946C3F182
:1022A00000094BF0280B01E04BF0010B039B13F8E6
:1022B000016B0393002ECFD130E04BF0020B4BF0BB
:1022C000040BF3E74BF0080BF0E74BF0100BEDE7D6
:1022D000BBF17F0F19D8A6F13003092BD2D81BF020
:1022E000400F03D00A2101FB0737DFE70A214BF03B
:1022F000200B01FB0939D9E72E2E06D11BF0400F28
:1023000040F09E804BF0400BD0E76C2E31D02BD8A4
:10231000682E36D06A2E3CD04C2E3AD0002F46F094
:102320002003B8BF2BF04002A3F16501BCBF00271A
:102330001FFA82FB022901D9612B2FD1073507270C
:10234000DFF8ACA225F0070508351BF0080F66D0B2
:102350000AEB070B56465E4563D1A4EB0A0AA9EBCC
:10236000070906EB0A026FE1742E9FD07A2E9DD0EA
:10237000D4E71BF0800F18BF4BF4007B4BF0800BB1
:1023800094E71BF4807F18BF4BF4007B4BF4807BF9
:102390008CE74BF4207B89E71F4687E7A6F16301B2
:1023A000122900F2F080DFE811F013004F00EE0078
:1023B000EE00EE00EE004F00EE00EE00EE00EE004C
:1023C000EE00FE00E900EE00EE001B00EE00AF00A4
:1023D00055F8043B01270DF1180A8DF81830B4E7C1
:1023E00055F804AB834BBAF1000F08BF9A461BF0B7
:1023F000400F504614BF39464FF0FF3102F061FDE7
:102400000746A2E741462020029B984700280FDBA1
:10241000013EB742F6D34C44B146A41B98E74E4662
:10242000F7E7414616F8010B029B9847002892DA1D
:1024300098F8023043F0040388F802304FF0FF347C
:1024400020460DB0BDE8F08F1BF0800F34D01BF498
:10245000007F2CD0073525F00705AA4669685AF891
:10246000080B2BF010050029ADB237DA404245F4D5
:10247000806561EB41010DF1180B0A235A4602F009
:102480002CFDA0EB0B0301936B0662D5019B25F09D
:1024900001019F4289B240F3A180002E00F0998093
:1024A00015F0100240F09C80BB460D4623E0AA4682
:1024B0005AF8040BC117D4E7AA461BF4807F5AF8D8
:1024C000041B01D10846F5E71BF4007F19BF48B291
:1024D00041F3C01108B241F3C031C2E750EA010331
:1024E000C9D11BF0400FC6D0002FC4D12BF0110270
:1024F000BB46019795B240F2064115EA01021CBFA6
:102500000BF1010B00222CE02BF010020A231FFA22
:1025100082FB1BF0800C49D01BF4007115BF0735FE
:10252000AA4625F007055AF8040B1EBFAA4669689B
:102530005AF8080B50EA010545D12BF016051BF09F
:10254000400FADB242D0002F40D12BF017020197BF
:1025500095B215F0100248D0019B002E42D103F134
:10256000010B29075AD4EB0706D5D9456FDDA9EB36
:102570000B030199CB465F185B4649E04BF0100B0B
:1025800010237826C5E7782B04D1C6F1780343F0F1
:102590001003BEE741462520029B98470028FFF61E
:1025A00047AF023447E608230026B2E7AA461BF4E9
:1025B00080715AF8040BBDD01BF400711ABFC0B271
:1025C000614680B2B6E72BF0060295B20DF1180B0A
:1025D00054E725F01105BB46ADB28CE70D46B8E7D0
:1025E0003B460D4603F1020BBBE7DDF804B082E782
:1025F0003A5C0301335C0301CDE9043241462020FB
:10260000029B98470028FFF613AF049B059A0133FD
:102610009945F1DCA4EB0B019B46CC180AB341466B
:102620003020029B98470028FFF602AF8EB9013494
:102630002744391B019B994224DC1D4655BB019A56
:10264000A9EB0B09554622441446914433E0019FFF
:1026500092E7023441463046029B98470028E7DA69
:10266000E6E640F206410D42E2D015F0020F04F119
:102670000104414614BF2B20202015F4806F18BFA1
:102680002D20E9E741463020029B0134984700287D
:10269000CFDACDE606AB013D4146585D029B984737
:1026A0000028CBDAC4E641462020029B013498473B
:1026B0000028FFF6BDAEA9EB0403002BF3DCC1E557
:1026C0007047EFF31183402383F31288BFF36F8FBA
:1026D000FEE708B5F8F760FF10B110F1580F06D10A
:1026E000F8F778FF10F1580F02D00028F8D008BD95
:1026F0000020FCE7836800EBC101B3F5004F2CBF5D
:1027000051F8220031F81200704700EBC1018068D7
:10271000B0F5004F2CBF41F8223021F8123070473D
:10272000012208B5FFF7E6FFD04008BD836800EB43
:10273000C101B3F5004F08D34B681AB143F0010350
:102740004B60704723F00103FAE74B881AB143F05E
:1027500001034B80704723F00103FAE75300012285
:10276000FFF7D3BF8368B3F5004F34BF04230823BA
:10277000C91A081AC0087047B0F5004F34BF0423C7
:102780000823481C0833A0EBD300B0FA80F0C0F156
:102790001F0070472DE9F041174603220E460446FC
:1027A000FFF7A8FF8642054607F104080AD1012277
:1027B000E368BA4023EA0203E360002344F82830C8
:1027C000BDE8F081314602222046FFF793FF06461E
:1027D0002B4601460322204644F82850FFF795FF78
:1027E000334629462046BDE8F0410222FFF78DBF5F
:1027F00070B50D4686680446FFF792FFB6F5004FA8
:10280000014601D3012809D03046FFF7B5FF29461C
:1028100002462046BDE87040FFF7BCBF70BD2DE901
:10282000F04705468068FFF7A7FF05EB800ADAF856
:10283000109088460646B9F1000F1BD00327DAF83E
:10284000104028462146FFF76BFF404507D332462C
:1028500021462846FFF79EFF2046BDE8F087032269
:1028600021462846FFF746FF013FCAF8100001D075
:102870008145E4D14FF0FF34EB680136B4401C4091
:10288000EAD094FAA4F2B2FA82F2131D55F823406A
:10289000DEE72DE9F04114460E460546FFF740FFFE
:1028A000A4EB0608371B0744424631462846FFF78B
:1028B00055FF3A4621462846FFF750FF434600227F
:1028C00021462846FFF721FF21462846FFF728FF2B
:1028D0003B46211800222846BDE8F041FFF715BF0E
:1028E0002DE9F041164604460F46FFF719FF314621
:1028F00005462046FFF714FF05442A463946204680
:10290000FFF72CFF31462046FFF70AFF2B46311810
:1029100000222046BDE8F041FFF7F7BE2DE9F04167
:102920000D4686680446FFF7FBFEB6F5004F0146EC
:1029300001D3012832D03046FFF71EFF04EB80019F
:102940000E6996B90122E36882401343E3600222D4
:102950000D612B4629462046FFF7D7FE0322294664
:102960002046BDE8F041FFF7D0BE022231462046A6
:10297000FFF7C0FE0746034629462046FFF7C5FE7F
:102980000322334629462046FFF7BFFE39462B4631
:102990002046FFF7BAFE02223146E1E7BDE8F081AA
:1029A000F8B50C460546FFF7BBFE26180122314656
:1029B0002846FFF79FFEC3070CD431462846FFF791
:1029C00017FF21462846FFF7ABFE2146221828466E
:1029D000FFF786FF002221462846FFF78BFE271AC5
:1029E000012239462846FFF785FE10EA020613D178
:1029F00039462846FFF7FCFE214632462846FFF7B7
:102A000079FE2246211A2846FFF76AFF2146324600
:102A10002846FFF76FFE241A21462846BDE8F840F5
:102A2000FFF77CBF38B571B1056800222846FFF773
:102A300099FE044601462846FFF778FE2146BDE888
:102A40003840FFF7ADBF38BD70B5066809B9002042
:102A500070BDB368B3EBD10FF9D9B3F5004F34BFF4
:102A600004230823CC1D1C44E40821463046FFF70C
:102A7000D6FE05460028EAD001463046FFF750FE54
:102A8000A04209D92C44294630462246FFF701FFCF
:102A900021463046FFF742FF304601222946FFF724
:102AA00045FEB368B3F5004F34BF0423082303EB9E
:102AB000C5031844CCE72DE9F84306681446B2680C
:102AC00001F1FF39B2F5004F34BF0423082319EA9E
:102AD00001090F460BD0494239408B424F4628BF6F
:102AE0000B46894654B900252846BDE8F88399422B
:102AF000F8D82146BDE8F843FFF7A6BFB2EBD40FE4
:102B0000F1D9B2F5004F34BF04220822E11D394447
:102B1000C91A11443046C908FFF781FE80460028D3
:102B2000E1D0B36809EBC005B3F5004F34BF04230F
:102B300008231D4435447B1E1D44B5FBF7F57D433A
:102B4000A5EB090529463046FFF70CFE2C44073457
:102B500024F00704A41B804507464FEAE40408D28A
:102B6000024641463046FFF794FE41463046FFF7A5
:102B7000D5FE39463046FFF7D3FD3844844208D2AB
:102B8000394630462246FFF784FE21463046FFF79D
:102B9000C5FE012239463046FFF7C8FDA4E7B2F56D
:102BA000802F2CBF082304232DE9F0410026D21AE0
:102BB0008C18CD1D25F0070524F00704641BE408DC
:102BC000056021462046AC60EE60FFF7D5FD421D52
:102BD0009200013002F107074FEAD7073146A2F110
:102BE000100205F11000B8BF324602F0D9F93A469A
:102BF00031462846FFF7B2FD334632463146284675
:102C0000FFF783FDA4EB0708284631460122FFF7B2
:102C10008DFD42463946FFF7A1FD3B463246394617
:102C20002846FFF772FD21462846FFF797FD4346E9
:102C3000324621462846FFF768FD214628460122F4
:102C4000FFF774FD3946BDE8F041FFF767BE00208D
:102C500070470FB407B504A951F8040B0191F8F7B8
:102C6000FBFC03B05DF804EB04B07047038B13F07A
:102C7000070305D10368002B0CBF00200320704719
:102C8000022B05D1408BB0FA80F0400980007047DC
:102C9000012B05D10368002B0CBF002005207047D5
:102CA0000020704710B50C4600B111B96FF0150047
:102CB00010BD081D00F093F80028F9D1A368032B7C
:102CC000F6D9F3E72DE9F0410D4607461946281DD0
:102CD00090461E4600F097F8044638B13346424607
:102CE00029463846A446BDE8F0416047BDE8F0817A
:102CF00010B4EFF31182402484F31288BFF36F8F76
:102D0000416110BC0121F8F7D9BC38B50C46054625
:102D100058B151B10B6843B14B6833B11C2200214B
:102D200002F03EF900202C6138BD6FF01500FBE782
:102D300070B505460E46FFF7B5FF041E14DBEFF332
:102D40001182402383F31288BFF36F8F4FF6FF7118
:102D50006B8B2C8B8B4204F0070407D182F3118814
:102D6000BFF36F8F6FF00A04204670BD022C0CD1A8
:102D700001336B8382F31188BFF36F8F00232246E8
:102D800031462846FFF79EFFEEE7062C14D8DFE811
:102D900004F004131313041A0400002333606B6857
:102DA0003BB9C5E90066ACB902212846F8F786FCB4
:102DB000DAE71E606E60F6E782F31188BFF36F8F6B
:102DC0006FF00404D0E782F31188BFF36F8F6FF0C8
:102DD0008504C9E782F31188BFF36F8FC4E7034608
:102DE00040B1426802F00302022A06D0032A04D04E
:102DF000012A05D06FF0150070471A68002AF9D033
:102E000000209860704710B54268034602F0030244
:102E1000022A4FF00004816007D0032A02D05C60D0
:102E2000002001E018685C6010BD18685C60002834
:102E3000F6D0FEF735FEF3E7704720B183682BB17B
:102E40001B6833B118476FF0150070476FF004002E
:102E500070471846704730B450B149B142B18468E8
:102E600054B1E56845B141F8040BE36830BC18473C
:102E70006FF0150030BC70476FF00400FAE730B413
:102E80001346044650B1006860B182686AB1956823
:102E90005DB10A46AC46616830BC60476FF0150012
:102EA00030BC70476FF00100FAE76FF00400F7E7FD
:102EB0000369D3F8900370476FF0850070470846A8
:102EC00008B5114618B101F013F9002008BD6FF0E4
:102ED0000100FBE7084608B5114618B101F0FFF8FC
:102EE000002008BD6FF00100FBE713B5044608465B
:102EF000216901F56371D1E8AF1F022909D15BB1E6
:102F000068B100931346D0E90912FDF7A5F902B0A4
:102F100010BD6FF00F00FAE76FF04C00F7E76FF0AD
:102F20000100F4E72DE9F8431C46DDE90853164695
:102F300098460F46006939B34AB344B36A1C43F15B
:102F40000003022A73F1000324D2226842B1D0F8B0
:102F500090339A4204D96FF00B002360BDE8F883E8
:102F600005EA080909F101035A425A412146384647
:102F700001F0C7F888B9B8F1FF3F08BFB5F1FF3FCE
:102F8000F0D06FF06800E9E76FF00100E6E76FF05E
:102F90001500E3E76FF08500E0E730600020DDE733
:102FA00001F0F3B838B50D46044600F14801284653
:102FB000F8F763FA30B1284604F1C001F8F75DFA7A
:102FC00020B90120782303FB004038BD0020FCE736
:102FD00002F5367102F53A7001F016BDD0F8B03046
:102FE000A0F53670003B18BF012300EB8300D0F83A
:102FF000C40201F016B8C86828B1096983681B6863
:103000000BB1002218477047FDF7B6BDD0E8EF3F7F
:10301000C0E8E21F002AF9D1704710B5436804697F
:103020001B68C4F8883304F5EC7001F021FC002122
:1030300004F56370FFF7EAFF084610BD2DE9F34180
:1030400017460D4679B30B786BB3D0F8C440A4F59E
:10305000E27814344FF0FF324FF0FF332046FDF793
:1030600013FD2A46404601A9F8F758FC019E2EB9E7
:10307000204602B0BDE8F041FFF7C6BF58B1204678
:10308000FFF7C2FF3B462A463146404602B0BDE844
:10309000F041F8F721BC2022294606F1480001F052
:1030A00000FFB766E4E702B0BDE8F081030103EB7F
:1030B0004003093323F0030303EBC0034843033009
:1030C000083320F003001844400070472DE9F8430E
:1030D00006464FF001090569D0F8048005F56377CD
:1030E000D7E8EF3F022B03D1C7E8E29F002AF7D1D0
:1030F00041D195F86C30002B40D195F8E430002B8D
:103100003CD12846D5F8881300F054F8044680BB1B
:1031100073683669D3E9050183681B693BB32246AE
:103120009847044628BB06F53A7649463046FDF7EF
:1031300075FF304605F5F876F9F7ACF83046D8F863
:10314000001000F074F8044698B90146E8223046B1
:1031500001F026FF21464FF4F672284601F020FFC9
:1031600021463846FFF752FF2046BDE8F8836FF04E
:1031700057040221F5E76FF07704F5E76FF00F04CD
:10318000F2E710B50846029B114652B993F86C203D
:103190002AB90122184683F86C20F8F7AFFC00200A
:1031A00010BD1A6F5468002CF9D05A6FA047F6E78B
:1031B00000F0EBBF38B50D46044660B1F03001F0C9
:1031C00085FA0DB1002038BDC4F8C451C4F8C85107
:1031D000C4F8CC51F6E76FF01500F4E70268D2F8B6
:1031E000E03013B1D2F8DC1018477047704783699C
:1031F00013B9D0F88830197070470120704783697F
:10320000012B04D1D0F888301878C0B27047042060
:10321000704738B5C41DE400204601F01CFE054689
:1032200018B12246002101F0BBFE284638BD38B552
:1032300004463022002101F0B3FE1822002104F1DF
:10324000BC0001F0ADFE1822002104F1A40001F041
:10325000A7FED4F8D800FCF7B1FFD4F8D400FCF7EF
:10326000ADFF002304F13400C4F8A03000F05BFC93
:10327000FCF708FFE36E04F140050BB128469847C0
:1032800038220021284601F08BFE002038BD01289D
:1032900001D1EFF30583FDF7A5BA01460068FFF7FA
:1032A000F6BF08B5F8F71EFEBDE80840F8F73EBEC9
:1032B00000210120FFF7EBBF436E83F30B887047BB
:1032C00061B662B680F31188BFF36F8F704708B59F
:1032D000F9F796FC72B6002383F31188BFF36F8F62
:1032E000F9F70CFD50B1BFF34F8F30BF00BF00BFE7
:1032F00000BF00BF00BF00BF00BF00BF62B6BFF38A
:103300006F8F08BD10B50446F9F77AFC72B600233A
:1033100083F31188BFF36F8FF9F7F0FC50B1BFF35F
:103320004F8F20BF00BF00BF00BF00BF00BF00BF66
:1033300000BF00BF84F31188BFF36F8F62B610BD6A
:1033400040E800F313F4803FD8B208BF6FF01500D7
:10335000704730B50C684B6885B00A894D89009478
:10336000013B24F01F04234402F01F0242EA4512ED
:1033700023F01F0369468DF808200393F9F702F93B
:1033800005B030BD08B5F9F7BDFA002008BD70479B
:10339000416A8968F9F71ABB83680B440360704778
:1033A0008388026819448180D018704730B48488BB
:1033B0000568A3188380281930BC01F0E4BD0268B9
:1033C000531E036083880133838002F8011C704719
:1033D0008388C2888168D21A03685B1AD01A704742
:1033E000F0B5D0F80473064617F002001CBFC2F116
:1033F000807018604FF0000518BF01204FF0010CDD
:103400004FF4803E0CFA05F40C4214D00EFA05F489
:103410003C4210D005F5A87456F82440A41A34F0A4
:103420007F4408BF4FF0807408B91C6002E0186840
:10343000A042FAD801200135042DE3D1F0BDF9F7FF
:1034400073BBF9F771BB0120F9F7BABC0C22036911
:10345000C9B201FB0233186C00F00700704770B569
:10346000C9B20369EFF31185402484F31288BFF3D6
:103470006F8F0C2606FB0134246C14F0C00408D0B6
:10348000A24206D085F31188BFF36F8F4FF0FF3053
:1034900070BD012206FB01331A6485F31188BFF366
:1034A0006F8F436803EBC1035B6898470020EFE729
:1034B0008022FFF7D4BFF8B5069F0469C9B2EFF3C5
:1034C0001186402585F31288BFF36F8F0C2505FB0D
:1034D0000144256C05F0070CBCF1010F0CD12764E9
:1034E00086F31188BFF36F8FC4E90E23436853F846
:1034F000313098470020F8BD05F0C005AF4286F393
:103500001188BFF36F8F0CBF6FF077004FF0FF3063
:10351000F1E713B580240094FFF7CDFF02B010BD92
:1035200010B41C240069CBB203FB0400002110BCC2
:1035300010470020FBF7B8BF002000F039BA104652
:10354000FDF788BB436800205B681B690B60704710
:10355000436802EA01005B6821EA020198600020EA
:10356000D9607047436800205B6899607047436882
:1035700000205B68D960704743685A68536821EA45
:1035800003000B4090600020D360704710B50369C2
:103590005868F8B1884219D19C680868A1425860FF
:1035A00000D19860002008602AB15A680A609A68C1
:1035B000596002B99960002010E0814206D1086884
:1035C000206098688142EDD19C60EBE7044600687A
:1035D0000028F2D1002AE8D16FF0150010BD30B4F8
:1035E00051F820500C4601EB80023DB10146AC463B
:1035F000D4F88000002330BC126C604730BC7047A8
:1036000010B500690F299FBF00EB810440F821200D
:103610002364002088BF6FF0150010BD00207047A4
:10362000102070470F290ED843685B68CB40DB073A
:1036300009D501228B00DBB203F1824303F59033FD
:1036400000201A6070476FF01500704738B50F29D9
:103650000C46056933D843681B68CB40DB072ED581
:10366000D5F8841021FA04F303F001031AB99BB9C9
:103670006FF0770022E0002BFAD111B91220F8F791
:1036800087FE0122D5F88430A2401343C5F8843068
:10369000E0B2FCF7F9FB0AE0E0B2FCF7FDFB012227
:1036A000D5F88430A24023EA0203C5F88430D5F867
:1036B000843013B91220F8F779FE002038BD6FF07E
:1036C0001500FBE730B543681360057A446804EBE6
:1036D000C504A34202D36FF0010030BD5C798C4277
:1036E00001D00833F0E70020F7E743681B68D3F800
:1036F0008004C3F88004704742681368D3F810014F
:1037000050B10020126A12780A70C3F81001D3F881
:10371000102101221A6070474FF0FF307047026895
:103720000346D2F8580140B95B68DB0706D4D2F8EB
:103730002001003818BF01207047012070474368FE
:103740001B68D3F80423D20517D5D3F82021A2B1E2
:10375000EFF31182402181F31288BFF36F8FD3F80A
:10376000201131B10021C3F82011D3F8201101211B
:10377000D96082F31188BFF36F8FD3F85831704747
:10378000002200F150039B009BB203F1824303F53A
:10379000B0331A601B68704708B5FAF71DFA08BD08
:1037A000FEF78FBF10B500F0BEF84FF0FF304FF0BE
:1037B000FF31FAF7A7FB044620B9CDF719FD0446FF
:1037C000FAF7A8FB204610BD38B50B8A0D462BB181
:1037D0000B7E022B05D0042B2ED0ABB16FF015045D
:1037E00010E04FF0FF304FF0FF31FAF78BFB04464B
:1037F00040B9E868EFF7D7FB0446FAF78BFBB4B1A2
:10380000FAF73CFD204638BD4FF0FF304FF0FF3156
:10381000FAF778FB04460028F4D1E868FAF714FEBA
:103820000446FAF777FB002CECD1FAF727FD28467F
:10383000F9F75EF90024E5E74FF0FF304FF0FF3174
:10384000FAF760FB04460028DCD1E868EFF7B5FB27
:10385000D2E7FAF727BD312210B50021044601F066
:103860009FFB20237F22237080232277A3703022A6
:103870006FF03F0384F8202063716FF009026FF04E
:103880001B0384F82320A3724022282384F82D20D0
:10389000A3730C222223E271E3737E22042384F8B3
:1038A0002220A37507226FF0080384F8272063768F
:1038B0006FF01F02FF2384F82820A3766FF0180210
:1038C000E37684F8243084F8253084F8263084F8B0
:1038D0002A3084F82B30072384F8292084F82C30F0
:1038E00010BD002303604360037863F0220303707C
:1038F000437823F0790343F079034370C37863F08E
:103900000803C370037943F010030371704701F19A
:103910002003013813F8012D8B4200F8012FF9D153
:103920007047FBF779BC70470021FBF711BD90F899
:103930004010012901D8FBF70BBD122070476846E3
:1039400020F007018D4601B5ECF740FAF8F7EEFAE2
:10395000BDE801408546704708B54FF0FF314FF094
:10396000FF30FAF7CFFAF7F769FDBDE80840FAF73C
:10397000D1BA684620F007018D4601B5FFF75FFD1B
:10398000ECF7AAF9BDE8014085467047684620F08B
:1039900007018D4601B5EBF7B7FDF8F7C7FABDE8AB
:1039A00001408546704708B5F7F7DCFC002008BDEC
:1039B000012801D1EBF76CBC70477047EBF70ABBED
:1039C000004700F0A5BE40F00040C1F880007047FD
:1039D00040F00040C1F88000704740F00040C1F85E
:1039E0008000C2F880007047FBF720BEF7B516468E
:1039F000DDE90847019001A81D46FBF71DFE019B6C
:103A0000B6F1000C18BF4FF0010C00EB83000B1E49
:103A100018BF0123002D43EA4C0314BF4FF00C0CD8
:103A20004FF0000C002C43EA0C0314BF4FF4706CF1
:103A30004FF0000C002F43EA0C0314BF4FF4403C3E
:103A40004FF0000CD0F8002243EA0C0322EA0303F3
:103A500001B109780EB13678760019430DB12D7891
:103A6000AD0031430CB12478240229430FB13F78D3
:103A70003F040C433C43C0F8004203B0F0BD1FB507
:103A80000DF10F03019300238DF80F101A4619460C
:103A90000093FFF7ABFF05B05DF804FB38B50546B2
:103AA00008460C46FBF71CFEA8B10846FBF70CFEC7
:103AB00088B90846FBF7FCFD01232A688340C2F859
:103AC00008332B6803EB8000D0F8103523F0030394
:103AD000C0F8103538BD2046BDE838400021FFF75A
:103AE000CEBFFBF781BEFFF7D9BF37B50C461546F1
:103AF00090B1037883B179B10B786BB162B101A950
:103B0000FCF730FA50B9019883684BB12A46214638
:103B100003B0BDE8304018476FF0150003B030BD6A
:103B20006FF01200FAE701464068C36803B1184716
:103B300070472DE9F04389B0109E044689469046AF
:103B40000021202268461F46129D01F029FA1F2EEF
:103B500097BF01234FF0FF33B34003F1FF332361DD
:103B6000119BC4E90098C4E902766361183445B139
:103B70000FCD0FC495E80F0084E80F0009B0BDE831
:103B8000F0836D46F4E773B50468661C31D0856830
:103B9000A9422ED264182CD05E18AE4288BF6B1A90
:103BA000056A35B100930523A8470346184602B0BD
:103BB00070BDBFF35B8F1946A41A101919B140EA02
:103BC0000205AD070AD103290DDC013811448A42F0
:103BD000ECD010F8014F02F8014BF8E700780139FA
:103BE00002F8010BE9E750F8044B043942F8044BA2
:103BF000E9E76FF02103D9E773B50468651C32D09B
:103C00008568A9422FD264182DD05E18AE4288BFB5
:103C10006B1A456ACDB100930523A84702B070BD69
:103C200012F8015B013905701546A01819B140EA78
:103C30000206B607F4D103290ADC013D014488429B
:103C40000CD1BFF35B8F1846E8E71946A41AEBE7DF
:103C500055F8042B043940F8042BECE715F8012F34
:103C600000F8012BEBE76FF02100D7E773B51C4696
:103C7000036815465A1C29D08268914226D25B18E7
:103C800024D066189642866A88BF541A36B1052336
:103C90002A460094B047204602B070BD184622461E
:103CA0004AB9294601F07CF9BFF35B8FF3E700F8CE
:103CB000015B013AF4E78307F9D14FF001336B431D
:103CC000032AEEDD40F8043B043AF9E76FF02100E7
:103CD000E2E70020704710B4046B02460B4684B93B
:103CE000C1681F2998BF23FA01F4416861B1806857
:103CF000834209D21069184051F82430184410BC8E
:103D00007047234610BC18474FF0FF30F7E730B537
:103D1000059CC4E90002039A21811989E260049A92
:103D2000618121856261D3E9002502EB0113C4E9B9
:103D300006128A1C236203EB42036A1C13446D4281
:103D40002B406362836953B90139E2698B4202EB0C
:103D5000031206DB002393736FF07F03D3730020FD
:103D600030BD0133D381F0E72DE9F04FB0F830A03A
:103D700004465546002685B002EB030891460E9A8C
:103D800000EBCA031FFA88FB9A63A3F83CB008F162
:103D9000FF32C3690F1D0192B0451ADC238D2586C1
:103DA000A3EB0B032385236A61895A8801390A40F2
:103DB00003EB4203A3F804A0BFF35B8F0020226A49
:103DC000538801335380638D0133638505B0BDE8AB
:103DD000F08FE06A2A0157F8041C03EB05150293E3
:103DE00003680392C91A83680837994228BF4FF0C5
:103DF000FF31FFF770FFDDE90232985000226A6060
:103E000057F8082CAA60019A9642ACBF0022012202
:103E1000B145D8BF42F00202AA810136ED89BBE765
:103E2000F0B550B3456A448E6B88A34230D0631C12
:103E300043864389BFF35B8F013B1C4005EBC40500
:103E40006B689EB209B1AD680D60D0F81CC09BB222
:103E50000CEB031100EBC3039D8F078D2F44013D35
:103E600007859D878D896F070ED5058ECD81002131
:103E70000686986B996302B11480F0BD9D8FC98945
:103E8000013D0CEB01119D878D89ED07F6D4ECE720
:103E90000020F2E7C36903EB01139868704770B51F
:103EA000C369C56A09015E586B6BE3B92C69621C72
:103EB00009BF6B6834401C68341B21462846FFF755
:103EC0000AFF864207D02B6901331C44AB689C4231
:103ED000F3D34FF0FF342868431C09D0AB68A342EA
:103EE00006D9204470BD3146284698470446F2E77B
:103EF0000020F7E770B5BFF35B8F0D46016A1646E9
:103F0000838E4A8804469A4212D05A1C828642897D
:103F1000013A134001EB43018988298089B2FFF7F8
:103F2000BEFF2A88E36903EB02139B68336070BD10
:103F30000020FCE710B5026893691269920017D55A
:103F400043B9438E026A81694489013B1B1B02EB22
:103F50004102938003689B69012B08D1838E426ADA
:103F600081694089013B1B1A02EBC102938010BD9D
:103F700023B9026A138843F00103138003689B6925
:103F8000012B01BF426A138843F001031380EEE75F
:103F900010B5BFF35B8F036804461A699B6912F082
:103FA000005F1AD07BB9036A426A5B888169013B72
:103FB00002EBC10292889B1A628D9BB29A4214D87E
:103FC0000023638510BD012BFAD1436A026A5B8826
:103FD0008169013B02EB4102ECE763B9436A1B884C
:103FE000DB4303F00103002BEAD06369002BE7D029
:103FF00020469847E4E7012BE2D1036AEFE7036A22
:10400000828E598891420AD0418901390A4003EBD6
:1040100042039A88C36903EB021398687047002033
:104020007047BFF35B8FC36803B1184770474FF009
:10403000FF324FF0FF33FCF731BE10B1C36A0133DA
:10404000C362704738B1C26A013AC2621AB9026BE0
:1040500002B110470262704770B50446056A05F167
:1040600064063046FFF7E3FF636AA3F580637F2BA6
:104070000BD801225909503503F01F039A4055F817
:10408000213023EA020345F82130D4E90F124A60B7
:10409000E16B04F13C0311602046C4E90F33FFF7E4
:1040A000D1FF3046BDE87040FCF7D4BD10B58CB0F0
:1040B000436A04460B912022014602A80A9300F0AD
:1040C00018FB28230122CDE9003220463522616AFF
:1040D00002ABFCF7ABF800EAE0700CB010BD30B1F9
:1040E000006A20B119B1D0F8883003B11847704781
:1040F00030B1006A20B119B1D0F88C3003B1184743
:10410000704730B1006A20B119B1D0F8903003B1D6
:104110001847002070472DE9F843064688461746A1
:1041200099460468A64201D1002520E07A1CA4F13A
:104130003C0502D06B6ABB4219D0B8F1000F22D007
:1041400020224146284600F09AFEE0B9B9F1FF3F2F
:1041500002D0AB6A4B450AD07B1C0BD02468B4421A
:10416000E2D054F8183CA4F13C059F42E8D128461F
:10417000BDE8F883AB6A0133F9D02468B442D3D0E8
:10418000A4F13C05D9E72468CCE710B5044690B10A
:10419000036A83B102784AB193F8A43033B1436A19
:1041A000B3F5806F02D30121FFF780FF2046BDE801
:1041B0001040FFF751BF10BD20B1036A13B15B6817
:1041C00003B11847704708B530B1036A3BB1DB68EB
:1041D0002BB19847002008BD6FF01500FBE76FF08A
:1041E0000500F8E77047FCF735BD4FF0FF324FF0A0
:1041F000FF33FCF753BDF8B50C4600F164070546E4
:10420000A4F110063846FFF7F0FF3046FCF7E8F857
:1042100080B154F8083C24F8083CD5F8CC3044F878
:104220000C3C05F1C80344F8103CC5F8CC6054F8C8
:104230000C3C1E603846FFF7D6FF0020F8BD38B5AD
:104240000D4600F164042046FFF7CFFF55F8083C07
:10425000204603F5803345F8083CBDE83840FFF7B9
:10426000C2BF2DE9F04188B00E9C282A8846D4F8B8
:10427000C0006ED101688568A8EB0101A94228BF82
:104280004FF0FF3120236A46FFF77DFC04F16406FE
:10429000D8F820703046FFF7A8FF3B464FF0FF32BA
:1042A00069462046FFF737FFD8F824300546E0B1CD
:1042B000D0F8308003F00103B8F1000F02D0DBB971
:1042C000AF6230E0002BFBD04FF0FF33836230460B
:1042D000FFF789FFAB6B83BBD4F88030002B38D05D
:1042E0003A4669462046984733E0DB071FD43046FC
:1042F000FFF779FFE36FF1E74FF0FF338362FFF7DA
:104300009CFE3046FFF76FFFAB6BA3B9D4F880304B
:104310001BB13A466946204698473046FFF765FF8D
:104320002846FFF78FFE3046FFF75DFF11E030466D
:10433000FFF759FFD0E74FF0010828469847D4F817
:1043400080301BB13A46694620469847B8F1000FC5
:10435000E3D1002008B0BDE8F081F0B504468E68D6
:104360000D46B6B23146D0F8B80085B0FFF792FDE1
:10437000D4F8B43007469A6942B90095CDE90250A5
:104380000123D4F8B80002A9FFF7EEFCD4F8B4304A
:104390009B69012B05D13A463146D4F8B800FBF7AA
:1043A00029FFD4F8B80005B0BDE8F040FFF7F0BD34
:1043B00070B500F16406A1F1100504463046FFF720
:1043C00014FF2846FCF70CF818B129462046FFF7E1
:1043D000C4FF3046BDE87040FFF705BFF0B5036885
:1043E00085B05F6A07F164063046FFF7FEFED7F836
:1043F000B4309B69002B4DD0012B46D1D7F8B800C3
:1044000003AA0DF10A01FFF775FD04463046FFF7D8
:10441000EAFE002C3CD0BDF80A303046A360FFF71E
:10442000E4FE4FF0FF33002162683846FFF773FE69
:104430000546FFF702FEA368304603F58033A3600C
:10444000FFF7D1FE7DB1AB6A696C013308BF236809
:10445000284608BFAB622368A2890091D5F834C012
:1044600004F11001E0473046FFF7BFFE2846FFF792
:10447000E9FD2046FBF7B4FF18B121463846FFF7A7
:104480006CFF3046FFF7AFFEAEE73046FFF7ABFEFE
:1044900005B0F0BDD7F8B8000DF10A0203A9FFF787
:1044A000BFFCD7F8B43004469B69012BAED1A5E719
:1044B0002DE9F041A3F1100653F8085C002388B001
:1044C0000693ADF81E3004461023CDE904120E9F6A
:1044D000D0F8C000ADF81C700168D0F808C0711A9F
:1044E0000DEB0302614528BF4FF0FF3104F1640872
:1044F000FFF782FB4046FFF778FED4F8B430ADB248
:104500009B69CBB9D4F8A820D4F8B430D4F8BC0057
:104510009B69C3B9CDE902620096012202A9FFF7A7
:1045200023FCD4F8BC00FFF733FD4046FFF75BFEE9
:10453000384608B0BDE8F0812946D4F8BC00FFF742
:10454000A9FC0246E0E7012BEBD12946FBF752FE1E
:10455000E7E710B548B149B143688B4206D382689A
:104560000468D21A5B1A4360A01810BD0020FCE753
:104570002DE9F3470546D0F8B4000E46904618B929
:10458000002002B0BDE8F087036A002BF8D09B68DA
:10459000002BF5D098474307F2D543F69823B8F19E
:1045A000000F18BF984605F1640705F1C8093846A1
:1045B000FFF71BFED5F8C8404C452BD054B3D4E9C7
:1045C0000023536022681A60C4E90044D5F8B4306F
:1045D00021899B69ADF806107BB1012B14D03846B8
:1045E000FFF701FEBDF8063004F1100003F580333B
:1045F000A3603368103B3360C3E7D5F8A83033605D
:10460000D5F8B4309B69E8E7D5F8BC00FFF742FC69
:104610003060E4E7D5F8B430D3F818A0BAF1000F51
:1046200036D13146D5F8BC000DF10602FFF7F8FB94
:1046300004460028D3D1D5F8BC301B8DB3B9384619
:10464000FFF7D1FDB8F1000F9AD0D5E92D3218212E
:104650001289DB6A01FB0233D5F8D02022BB21206E
:104660000021FDF707F808F1FF38A0E7D5F8A810FA
:10467000D5F8C400FFF76DFF0446D5F8A830ADF8B3
:1046800006A033603846FFF7AEFD002CDAD0A9E76C
:10469000BAF1010FD3D13246D5F8BC000DF10601B5
:1046A000FFF728FC0446EDE71969284690476FF4A8
:1046B000FB639842D3D000287FF479AF60E720B144
:1046C00019B112B1C0E901220160704710B504466A
:1046D00018B910BD3C38FFF758FD20688442F9D165
:1046E0000023C4E92E33D4F8B400BDE81040FFF72E
:1046F00063BD034608463AB9F6F7C9BE10F8011B78
:1047000003F8011B0029F7D0013AF7D11A70F3E73B
:1047100008B1F8F741BB7047704740B1C36858789B
:1047200010F001001EBF1878B0FA80F04009704701
:10473000EFF31183402383F31288BFF36F8FFEE7FB
:1047400008B5FFF7F5FF10B5D0E9003433B9002004
:10475000E268537843F00103537010BD2046984738
:104760000028F4D00028B8BF4042FF28A8BFFF208F
:10477000E3681870ECE700F013BC00F004BC70476D
:1047800010B400F10C04C0E9034410BCFEF707BAF2
:104790002DE9F04F054689B0DDE9126791463B46A9
:1047A000324606A8059105F1140A00F095FADDE9F4
:1047B0000634CDE90234EFF311844FF0400888F35A
:1047C0001288BFF36F8F05F10C0B4A4628460599F6
:1047D000FEF771F930B184F31188BFF36F8F09B020
:1047E000BDE8F08F3E43F6D0DDE9022306A800F0D5
:1047F00097FADDE906675A4621465046CDE900673B
:10480000FCF7C6FDEFF3118488F31288BFF36F8FB6
:10481000DBE738B50446EFF31185402383F31288B4
:10482000BFF36F8FFEF7FEF804F10C0000F0E4F91F
:1048300030B1294604F11400BDE83840FCF718BE39
:1048400085F31188BFF36F8F38BD402408B5EFF3AF
:10485000118384F31288BFF36F8FFEF738FDF6E7FC
:1048600090F90E308B4201D0FCF7BEBD002070479E
:1048700003460020C3E90033C3E9020070472DE975
:10488000F843994604460D4690469DF8203000F1C5
:104890000806EFF31187402282F31288BFF36F8F6F
:1048A00003B14568304600F084F958B10023C0F8E0
:1048B0001480C36700F01EF930463946FCF7D8FD76
:1048C00000200CE0B9F1000F1BD00821FDF71EF904
:1048D00038B987F31188BFF36F8F6FF00B00BDE815
:1048E000F8830122C0F804800260016801F003012E
:1048F0005DB922680A430260626820606AB960603C
:104900000BE04046C8F80090EFE72A68032A10D869
:104910000160616839B9C4E90000042104F11000A4
:1049200000F065FAC8E70A6802F0030202430A6071
:10493000E5E722F003020A4302602A6802F003025C
:1049400040EA02032B60E8E710B5044630B1026884
:10495000930703D0446809B100F076FA204610BDF1
:10496000012307B5009300230A461946FFF787FF86
:1049700003B05DF804FB002307B50A46009319460F
:10498000FFF77DFF03B05DF804FB5AB18A4209D3FB
:1049900000F11003C0E90212C0E90000C0E90433CD
:1049A000002070476FF015007047012302688B40AC
:1049B00022EA0303036022FA01F000F001007047CD
:1049C000704720B100228830114600F04AB9704784
:1049D00038B504460D461022002100F0E1FA65606A
:1049E00038BD13B501900846EFF31184402383F3DB
:1049F0001288BFF36F8F01A9FCF732FA84F3118894
:104A0000BFF36F8F02B010BD10B5FFF7EAFF041EB1
:104A100008DDEFF31180402383F31288BFF36F8F1B
:104A2000FCF756FD204610BD70B50D46EFF311861C
:104A3000402383F31288BFF36F8FFCF76BFA0446B1
:104A400086F31188BFF36F8F38B14FF0FF324FF00C
:104A5000FF3305F11000FCF721F9204670BD08B5C1
:104A6000A022002100F09CFA08BDEFF30580003879
:104A700018BF012070476FF057007047FCF70ABD60
:104A8000D0E9003213605A600023C0E90033704758
:104A900008B5FFF7F5FF437B23F0020343730023C0
:104AA000836008BD38B504460D46FCF77BFB637B8D
:104AB00043F002036373E5B1A5602B689D4209D101
:104AC0006B68C4E900531C606C6012E06A689A422B
:104AD000F6D01B68002BF3D094F90E2093F90E103A
:104AE0008A42F3D09142F1DD5A68C4E90032146081
:104AF0005C6038BD10B5EFF31184402383F3128856
:104B0000BFF36F8FFCF766FB84F31188BFF36F8FE1
:104B100010BD10B50446183000F0C5F8EFF3118150
:104B2000402383F31288BFF36F8F627B12F0100271
:104B300004D081F31188BFF36F8F10BD2046BDE80C
:104B40001040FCF77BBB08B5EFF31181402282F3E4
:104B50001288BFF36F8F83680BB1FFF799FF81F362
:104B60001188BFF36F8F08BD38B50446EFF3118588
:104B7000402383F31288BFF36F8F437B13F0280F1A
:104B80000BD183680BB1FFF783FF637B51B903F04F
:104B9000FB0320466373FCF71DFB85F31188BFF30D
:104BA0006F8F38BD03F0EB03F3E701211838FFF7EF
:104BB000DBBF38B5EFF31185402383F31288BFF3D1
:104BC0006F8F0468A0420DD034B12046FFF760FF1C
:104BD00004F1180000F067F885F31188BFF36F8FB8
:104BE000204638BD0024F7E710B5FFF7ACFFBDE85D
:104BF0001040183000F057B838B50546046800205A
:104C0000AC4200D138BD002CFCD02046FFF7ECFFB1
:104C10002046FFF76FFF2C680120A542F1E7EFF374
:104C20001181402282F31288BFF36F8F027BD2077B
:104C30000CD581F31188BFF36F8F002383F31188A4
:104C4000BFF36F8F0423184602DF7047437B1B07B7
:104C500004D581F31188BFF36F8F70470122FCF7F1
:104C6000EDBA38B5EFF31185402383F31288BFF313
:104C70006F8F0468A04212D09CB1E1676261204648
:104C8000FFF706FF04F1180000F00DF82046FCF7CE
:104C9000A1FA012085F31188BFF36F8F38BD002082
:104CA000F8E72046F6E710B5EFF31184402282F3CF
:104CB0001288BFF36F8F03683BB1FCF7BBFD002088
:104CC00084F31188BFF36F8F10BD6FF01500F7E705
:104CD00008B5FCF7CDFE08BDB3F1FF3F08BFB2F148
:104CE000FF3F70B504461D46164613D01A4315D033
:104CF0006FF001024FF0FF33921B63EB05010029B7
:104D000004DAFCF7B5FE821941EB0501C4E9002184
:104D1000204670BD4FF0FF321146F7E70022FBE757
:104D2000B3F1FF3F08BFB2F1FF3FF8B507461646A3
:104D30001C4610D054EA020311D0FCF799FEB04291
:104D40000A46A14103460AD2F31A64EB0204C7E9FA
:104D500000343846F8BD4FF0FF331C46F7E7002318
:104D6000FBE72DE9F041846805460E46ECB1637817
:104D7000012B25D114F8533C9A0714D5A4F16007F0
:104D80003846FFF731FF082E0CBF6FF003030023F6
:104D9000E36114F8533CDB0605D154F8483C13B9E1
:104DA0003846FFF7A7FE002323700020EB68A860B9
:104DB000C3F38632164366F39433EB60BDE8F081AB
:104DC000022BF0D12378002BEDD054F8048CB8F1ED
:104DD000000FE8D004F11400FFF765FF0023A4F1F1
:104DE000140739464046E362FFF7FBFDDBE7034665
:104DF00010B5EFF31184402282F31288BFF36F8F56
:104E00000068834208D0D0E9003213605A60002362
:104E1000C0E90033FFF7A5FF84F31188BFF36F8F5C
:104E200010BD0432D3B5044608D20026002741F055
:104E30000401CDE90067FFF7ABFC10B9002002B018
:104E4000D0BD40F8044BFAE720B1011F50F8040C24
:104E5000FFF7DFBC704701460420FCF749BE01396B
:104E6000024410B5904201D1002005E0037811F80A
:104E7000014FA34201D0181B10BD0130F2E710B55D
:104E80006AB10139841810F8012B11F8013F9A42D8
:104E900003D1A04201D0002AF5D1D01A10BD10468E
:104EA000FCE710B50139044632B111F8013F013A6F
:104EB00000F8013B002BF7D1002100F071F82046EB
:104EC00010BD0246014410B58A42134603D01C7837
:104ED0000132002CF8D1181A10BDF0B5C3F1370714
:104EE000044603F01F031046FFB2082BE6B232D08F
:104EF000102B3DD06508A40845EAC17544EA8174C9
:104F00008A082D1942EB5102290941EA02716D18F4
:104F100042EB1212290A41EA02616D1842EB122299
:104F2000290C41EA02416D1842EB1242AD1842F1E0
:104F30000002EC0844EA4274D10804EB8402A6EBB8
:104F40004205EDB2092D0CD90134A5F10A0541F154
:104F50000001EDB212E0E40806F0070544EA4174EE
:104F6000C908303554EA010200F8015BBDD1F0BD3B
:104F7000240906F00F0544EA01740909092D84BFCC
:104F8000ED19EDB2EDE70A44431E914200D170479E
:104F900010B511F8014B914203F8014FF9D110BD42
:104FA00002440346934200D1704703F8011BF9E71E
:104FB000014800687047000010720021BE64FF7F46
:104FC000010000004DCB02010000000051CF0201A2
:104FD00054500301650A030100000000B5D5020129
:104FE0007C500301B5D5020168500301D5F30201DD
:104FF00000000000A739030100000000D1D3020126
:1050000090500301F9D90201A4500301BDD102015E
:105010000000000041DD0201000000005DCB020144
:10502000000000002DC9020100000000D5D70201D8
:10503000B850030151F4020100000000E90C030123
:10504000000000001B300301CC50030121E00201ED
:10505000E0500301445A03013C5703014C5703013C
:105060005E08002164720021635A03017057030136
:10507000A0570301620800210C730021715A03013B
:1050800088570301A0570301640800211873002109
:10509000535A030100000000685703016008002113
:1050A000B8720021965A0301D85703012058030112
:1050B00068080021AC7300217F5A03019807002182
:1050C000C45703016608002124730021BA59030163
:1050D00058070021585603015C080021E81A0021F6
:1050E000A45A0301000000002C5803016A080021A3
:1050F000C473002100000000B13203010000000071
:10510000B132030100000000B132030100000000D1
:10511000B132030100000000B1320301BD390301C7
:10512000C139030100000000B1320301000000009A
:10513000B132030100000000B1320301B872002156
:1051400041D4020161FC0201C139030100000000E9
:10515000B132030100000000B13203010000000081
:10516000B132030100000000B13203010000000071
:10517000B132030100000000B13203010000000061
:10518000B1320301A9FE0201C1390301A450030198
:105190003F37030100000000B132030100000000AE
:1051A000B132030100000000D1DD02010000000067
:1051B000B132030100000000B13203010000000021
:1051C000B13203010000000041F4020100000000C0
:1051D000B132030100000000B13203010000000001
:1051E000B1320301FFFFFFFF681A0021E8760021BA
:1051F00000060000ADB40201000000000000000045
:10520000000000000700000000000000AD5903018D
:105210000000000000000000FFFFFFFFFFFFFFFF96
:10522000C5000301060000000002000000020000AB
:10523000000000000F5C03010001000000010302F8
:1052400000002CA6E0A120A820A80000F401FA008C
:10525000960064004B0032001E0014000A00050096
:1052600002000100010204002526270001020303B9
:10527000250D0F0F0102040000000000141E0000A5
:105280003011000060EA000060EA000000002CA677
:10529000E0A120A820A8000000002CA6E0A120A8E2
:1052A00020A800000001030200002CA6E0A120A815
:1052B00020A8000001020303F401FA009600640034
:1052C0004B0032001E0014000A000500020001001D
:1052D00000002CA6E0A120A820A8000000000000EB
:1052E000141E00003011000060EA000060EA0000B7
:1052F000F401FA00960064004B0032001E00140016
:105300000A0005000200010001020303010100027E
:10531000070001020401000100000101000001007A
:1053200001000001000100000000F401FA009600F5
:1053300064004B0032001E0014000A000500020049
:10534000010001000B0002000A00050009000A002C
:105350000800140007001E000600320005004B0084
:1053600004006400030096000200FA000100F4014A
:105370000000010203030C0802170D0101020909D4
:1053800001010602091818030101090903030503B5
:105390000201230202240910040405050B0B040B6F
:1053A0002B1B1B151A1A1C021D16130501490D157E
:1053B000050000002CA6E0A120A820A800002CA633
:1053C000E0A120A820A80001020201020400A3011C
:1053D000B103BF05EF024906A309C505F50B251268
:1053E0000E021C045A03B4063006600C01020303CB
:1053F00000002CA6E0A120A820A8010203030102BE
:1054000004010203030000002CA6E0A120A820A8AC
:10541000F401FA00960064004B0032001E001400F4
:105420000A0005000200010000000000141E000038
:105430003011000060EA000060EA000000002CA6C5
:10544000E0A120A820A800002CA6E0A120A820A868
:105450000102030300000000141E000030110000D0
:1054600060EA000060EA000001020400030000009E
:105470002CA6E0A120A820A800000000141E000017
:105480003011000060EA000060EA000000002CA675
:10549000E0A120A820A8F401FA00960064004B00C7
:1054A00032001E0014000A00050002000100000086
:1054B00000002CA6E0A120A820A8F401FA00960084
:1054C00064004B0032001E0014000A0005000200B8
:1054D0000100000000000000141E00003011000058
:1054E00060EA000060EA0000010203030102040018
:1054F0000102020000002CA6E0A120A820A80001C3
:1055000003020000E3A3C3000406080A0C0E1012F5
:105510001416181C1E20222426282A2C2E30323441
:1055200036383A3C3E40424446484A4C4E021A50B5
:1055300000000000280000001800000050010000DA
:105540005001000000000000141E00003011000097
:1055500060EA000060EA000000000000141E000085
:1055600030110000B45F00003C730000B80BD0079E
:105570006C396C39000000000000000100008063FD
:105580000000806301000000070000000000000030
:10559000000000000000000000002CA6E0A120A8F0
:1055A00020A8000000003408E803280A280A0000A8
:1055B0000000000070170000A00F00003C28000051
:1055C0003C2800000000DC05E8030000D4170000C0
:1055D00000000000141E00003011000060EA00000E
:1055E00060EA00000001030200000000000000006B
:1055F00000000000000000000000000001010101A7
:1056000002020202030303030405060708090A0B4A
:105610000C0D0E0FD8ECF0F4F8F9FAFBFCFDFEFFD0
:105620000001020306080801020600100200FA0049
:10563000000000005BB4020167B402016BB4020118
:1056400073B4020177B40201000000000000000002
:105650000338FDD87047000045B90201CD30030181
:105660002DBB020179BB020159BC0201B12E03011D
:10567000252F0301B92E0301EB2E0301D52E0301C3
:10568000BF2E03010000000000000000FF310301F5
:10569000EF310301FB310301ED3103010000000094
:1056A000000000000000000000000000DD310301E8
:1056B00000000021000000000600010002000000C0
:1056C000C456030100000001355A03010600000022
:1056D000E0FF0301000000213D5A0301210000000A
:1056E000E0FF0021A9C90201000000008F3303017F
:1056F000E4560301FC56030104010000E8BD00214B
:10570000E45603010C5703012000000008BF0021EC
:10571000E45603011C57030103010000ACC0002143
:10572000E45603012C57030108010000E4CB0021DB
:10573000D9CE0201A9CE02010000000031D0020141
:105740001DCF02013335030139350301A9CF020111
:10575000B134030113350301000000004D3403018F
:10576000000000000000000079D30201D1D2020144
:10577000FFFF000000088C41000000000100000055
:1057800000A0004100000000FFFFFFFF00058C416A
:10579000000000000000000000A000410000000028
:1057A00049D6020145350301513503016535030131
:1057B0006F35030179350301B5D402018D3503013D
:1057C0000000000025360301013603011D360301E8
:1057D000213603014D360301003001410100000074
:1057E00000000000FC5703010000D601000000008B
:1057F0000000000073740021727400210030014128
:1058000008580301010000001058030104000000C3
:10581000290000002A000800280604002B060C00BE
:10582000F936030145D90201EB36030121DF0201FC
:10583000A5370301C9370301205B0301335B030173
:10584000465B0301595B03016C5B03017F5B030152
:10585000925B0301A55B0301C44F0301C44F030125
:10586000145003011C500301545003015450030110
:10587000512563FCC2CAB9F3849E17A7ADFAE6BCF2
:10588000FFFFFFFFFFFFFFFF00000000FFFFFFFF24
:10589000AAAAAAAAAAAAAAAAAAAAAAAA55555555BC
:1058A00055555555555555550000000055555555FC
:1058B000522563FCC2CAB9F3849E17A7ADFAE6BCB1
:1058C000FFFFFFFFFFFFFFFF00000000FFFFFFFFE4
:1058D000512563FCC2CAB9F3849E17A7ADFAE6BC92
:1058E000FFFFFFFFFFFFFFFF00000000FFFFFFFFC4
:1058F00096C298D84539A1F4A033EB2D817D03776A
:10590000F240A463E5E6BCF847422CE1F2D1176B04
:10591000F551BF376840B6CBCE5E316B5733CE2BD7
:10592000169E0F7C4AEBE78E9B7F1AFEE242E34F06
:105930004B60D2273E3CCE3BF6B053CCB0061D6543
:10594000BC86987655BDEBB3E7933AAAD835C65ACC
:10595000FCFFFFFFFFFFFFFFFFFFFFFF0000000056
:10596000000000000000000001000000FFFFFFFF3A
:10597000647261676F6F6E2F6C6962732F736368F7
:105980006564756C696E672F7372632F72656D5FE6
:1059900068616C5F6576656E745F74696D65722EA3
:1059A00063006E72665F62745F6863690074785F3B
:1059B0007468726561645F69640069706330007364
:1059C00072616D302E73686D0067656E6572696314
:1059D000002A2A2A20426F6F74696E67206E524631
:1059E00020436F6E6E6563742053444B2076322ED5
:1059F000382E39392D356438616338343765306174
:105A000035202A2A2A0A002A2A2A205573696E6715
:105A1000205A6570687972204F532076332E372EC6
:105A200039392D3532356339623765646261382022
:105A30002A2A2A0A00464C4153485F3000535241FB
:105A40004D5F3000636C6F636B4034313030353004
:105A500030300072616E646F6D40343130303930F7
:105A60003030006770696F4034313863303830301F
:105A7000006770696F403431386330353030006D05
:105A8000626F784034313031323030300000010202
:105A900003040506070B75617274403431303133ED
:105AA0003030300062745F6863695F736463003F25
:105AB00049F6D4A3C55F3874C9B3E3D2103F504A46
:105AC000FF607BEB40B7995899B8A6CD3C1ABD4D05
:105AD00050534C204153534552543A2025732C20A7
:105AE00025640A004D50534C20576F726B00000024
:105AF0000001010000000020303030303030303004
:105B00003030303030300001756E72656769737403
:105B100065726564202573206275730A0025730021
:105B20006D6574616C3A20656D657267656E637949
:105B30003A20006D6574616C3A20616C6572743A4C
:105B40002020202020006D6574616C3A206372690A
:105B5000746963616C3A2020006D6574616C3A2051
:105B60006572726F723A2020202020006D6574618A
:105B70006C3A207761726E696E673A202020006D62
:105B80006574616C3A206E6F746963653A202020F9
:105B900020006D6574616C3A20696E666F3A202052
:105BA00020202020006D6574616C3A206465627568
:105BB000673A20202020200025733A206672656510
:105BC000696E67206E6F6E2D656D707479207669D1
:105BD000727471756575650D0A00756E657870650E
:105BE00063746564206275666665722068656C64BE
:105BF00020636F756E7465720D0A0072785F76713E
:105C00000074785F7671004E53006D61696E0073A9
:105C10007973776F726B7100E0058308F89F3E72AD
:105C20008C341CDA19092679D8E8285C00FFFFFFBC
:105C3000FF1F00286E756C6C29002A666C6F6174FA
:105C40002A000000FFFFFFFFFF1F00001F000000F1
:105C5000000000007FFE0000E4070000DD500000AF
:105C600000000000FFFFFFFF1F000000A0354D00F7
:105C7000FF000000C40900000000000000C0004157
:105C800000000000000000000C00000000FF7F008A
:105C90000000000000000000000000000000000004
:105CA00000000000000000000000000000000000F4
:105CB00000000000000000000000000000000000E4
:105CC00000000000000000000000000000000000D4
:105CD00000000000000000000000000000000000C4
:105CE000000000000000000000000000E54400018A
:105CF000294500019D480001E1610001294400019E
:105D0000715F0001D55E00012944000129440001B2
:105D1000755E000149610001195E00012960000102
:105D200065450001ED630001CD460001915700017A
:105D3000A96300018D630001D15C0001195D0001C0
:105D4000BD5D0001695D000155570001FD44000182
:105D5000B1450001B1450001814800011545000130
:105D600019690001BD480001516F0001216F000158
:105D700065500001DD50000100000000000000003F
:105D800059640001DC000021EC000021A800002182
:105D90001C010021040100213D4E0001CD45000100
:105DA000BD6000018D5C00010000000000000000EB
:105DB00000000000000000000000000000000000E3
:105DC00000000000000000000000000000000000D3
:105DD00000000000000000000000000000000000C3
:105DE0007D20010100000000F761020100000000B9
:105DF0001521010100000000AF6202010000000057
:105E0000FD20010100000000AF620201000000005F
:105E1000C920010100000000AB6102010000000088
:105E2000E120010100000000AB6102010000000060
:105E3000D9620201000000005B6202010000000064
:105E4000A761020100000000D5620201000000000D
:105E5000B520010100000000736202010000000093
:105E600095610201000000004D6102010000000088
:105E70003F62020100000000552101010000000006
:105E8000436202010000000000000000000000006A
:105E90000000000000000000000000000000000002
:105EA00000000000000000000000000000000000F2
:105EB00000000000000000000000000000000000E2
:105EC00000000000000000000000000000000000D2
:105ED00000000000000000000000000000000000C2
:105EE00000000000000000000000000000000000B2
:105EF00000000000000000000000000000000000A2
:105F00000000000000000000000000000000000091
:105F10000000000000000000000000000000000081
:105F20000000000000000000000000000000000071
:105F30000000000000000000000000000000000061
:105F40000000000000000000000000000000000051
:105F50000000000000000000000000000000000041
:105F60000000000000000000000000000000000031
:105F70000000000000000000000000000000000021
:105F80000000000000000000000000000000000011
:105F90000000000000000000000000000000000001
:105FA00000000000000000000000000000000000F1
:105FB00000000000000000000000000000000000E1
:105FC00000000000000000000000000000000000D1
:105FD00000000000000000000000000000000000C1
:105FE00000000000000000000000000000000000B1
:105FF00000000000000000000000000000000000A1
:106000000000000000000000000000000000000090
:106010000000000000000000000000000000000080
:106020000000000000000000000000000000000070
:106030000000000000000000000000000000000060
:106040000000000000000000000000000000000050
:106050000000000000000000000000000000000040
:106060000000000000000000000000000000000030
:106070000000000000000000000000000000000020
:106080000000000000000000000000000000000010
:106090000000000000000000000000000000000000
:1060A00000000000000000000000000000000000F0
:1060B00000000000000000000000000000000000E0
:1060C00000000000000000000000000000000000D0
:1060D00000000000000000000000000000000000C0
:1060E00000000000000000000000000000000000B0
:1060F00000000000000000000000000000000000A0
:10610000000000000000000000000000000000008F
:10611000000000000000000000000000000000007F
:10612000000000000000000000000000000000006F
:10613000000000000000000000000000000000005F
:10614000000000000000000000000000000000004F
:10615000000000000000000000000000000000003F
:10616000000000000000000000000000000000002F
:10617000000000000000000000000000000000001F
:10618000000000000000000000000000000000000F
:1061900000000000000000000000000000000000FF
:1061A00000000000000000000000000000000000EF
:1061B00000000000000000000000000000000000DF
:1061C00000000000000000000000000000000000CF
:1061D00000000000000000000000000000000000BF
:1061E00000000000000000000000000000000000AF
:1061F000000000000000000000000000000000009F
:10620000000000000000000000000000000000008E
:10621000000000000000000000000000000000007E
:10622000000000000000000000000000000000006E
:10623000000000000000000000000000000000005E
:10624000000000000000000000000000000000004E
:10625000000000000000000000000000000000003E
:10626000000000000000000000000000000000002E
:10627000000000000000000000000000000000001E
:10628000000000000000000000000000000000000E
:1062900000000000000000000000000000000000FE
:1062A00000000000000000000000000000000000EE
:1062B00000000000000000000000000000000000DE
:1062C00000000000000000000000000000000000CE
:1062D00000000000000000000000000000000000BE
:1062E00000000000000000000000000000000000AE
:1062F000000000000000000000000000000000009E
:10630000000000000000000000000000000000008D
:10631000A599020191A1010145990201499E01013E
:10632000000000000000000000000000000000006D
:10633000F006002193B3020199B302019BB302015D
:10634000C5B302019FB30201CFB30201A5B302019D
:10635000DBB30201ABB30201E1B30201ADB3020151
:10636000BBB30201BFB30201B1B30201B7B3020173
:10637000CBB30201D5B30201345603010100000082
:10638000A259030100000000A1B40201D9B4020126
:1063900000000000000000004F2C0301010000007D
:1063A0000000072000000100B850030101000000B8
:1063B000B8500301000000000200000000000000CF
:1063C000000000000002000000000000853303010F
:1063D0000000000000000000E0500301FFFF00008B
:1063E000FFFF000000E0FFFF0000000000000000D1
:1063F000000000000000000000000000000000009D
:10640000000000000000000000000000000000008C
:10641000000000000000000000000000000000007C
:10642000000000000000000000000000000000006C
:10643000000000000000000000000000000000005C
:10644000000000000000000000000000000000004C
:10645000000000000000000008000000FF00000035
:10646000000000000300000000000000C959030103
:1064700000000000E9FE0201000000000000000032
:10648000000000000000000000000000000000000C
:106490000000000000000000540800215408002102
:1064A00000000000000000000000000000000000EC
:1064B00000000000E89D0021002000000000000016
:1064C000000000008008002180080021000000007A
:1064D000000000000E000000940800219408002134
:1064E0000000000001000000A4080021A408002111
:1064F0000000000000000000B4080021B4080021E2
:10650000BC080021BC0800210000000000000000C1
:10651000CC080021CC080021D4080021D408002197
:106520000000000000000000E4080021E408002151
:10653000EC080021EC080021070007000100000022
:106540000000000000570301E8BF00210000000028
:106550000000000010090021100900211809002185
:10656000180900210A000A000100000000000000D4
:1065700010570301CCCA00210000000000000000F9
:106580003C0900213C090021440900214409002163
:10659000010001000100000000000000F0560301AE
:1065A000ECBE00210000000000000000680900218E
:1065B0006809002170090021700900210A000A0001
:1065C00001000000000000002057030134D6002124
:0465D00015E015E0DD
:00000001FF
