:020000040100F9
:10000000E895002165C102013B32030151C10201A3
:1000100051C1020151C1020151C1020100000000A1
:1000200000000000000000000000000011C30201F9
:1000300051C1020100000000D1C2020151C1020100
:1000400095C4020195C4020195C4020195C4020140
:1000500095C4020195C4020195C4020195C4020130
:100060002539030195C4020195C4020195C402011A
:10007000D738030195C4020195C4020195C4020159
:1000800095C402010B39030195C4020195C4020114
:1000900095C4020195C4020195C4020195C40201F0
:1000A00095C4020195C4020195C4020195C40201E0
:1000B00095C4020195C402012DE9F00791E8F80703
:1000C000B2E802105B1854EB0C04B2E802104D4188
:1000D00056EB0C06B2E802104F4158EB0C08B2E8A0
:1000E000021059EB01095AEB0C0A80E8F80780412D
:1000F0000130BDE8F00770472DE9F00791E8F807F7
:10010000B2E802105B1A74EB0C04B2E802108D41E5
:1001100076EB0C06B2E802108F4178EB0C08B2E8DF
:10012000021079EB01097AEB0C0A80E8F8078041AC
:100130004042BDE8F00770472DE9F007524290E8D1
:100140007800B1E880071740DB1918EA020854EB81
:10015000080419EA020955EB09051AEA020A56EBE6
:100160000A0678C090E87800B1E8800717407B4124
:1001700018EA020854EB080419EA020955EB0905CC
:100180001AEA020A56EB0A0678C080410130BDE83F
:10019000F00770472DE9F007524290E87800B1E887
:1001A00080071740DB1B18EA020874EB080419EA01
:1001B000020975EB09051AEA020A76EB0A0678C00D
:1001C00090E87800B1E880071740BB4118EA0208C0
:1001D00074EB080419EA020975EB09051AEA020A28
:1001E00076EB0A0678C080414042BDE8F0077047D0
:1001F0002DE9F00152424FF0040890E8300091E8F8
:10020000C000A31B1340E41AF618EB1B1340ED1AB1
:10021000FF1830C0C0C1B8F10108EED1BDE8F0014F
:10022000704700BF00B592E8DC072DE9DC07B1E8B4
:10023000805702B4A7FB02510A95A8FB020B0918CC
:100240000020E7FB03105BEB000B00204041E9FBC3
:1002500002B00B91A8FB0351401800214941EAFB71
:1002600002011BEB050B0025E7FB04B568410025E7
:10027000E7FB0605694100256D41E8FB0615CDF851
:1002800030B0A9FB03B689190026EAFB03167541B5
:1002900000267641ECFB035610EB0B005FF0000BE1
:1002A000E8FB040B51EB0B015FF0000BE9FB041BB7
:1002B00055EB0B055FF0000BEAFB045B56EB0B06FE
:1002C0005FF0000B5BEB0B0BECFB046B0D90ACFBDE
:1002D0000230059C2D180020EEFB02504641002004
:1002E000E9FB04605BEB000B00204041EAFB04B03B
:1002F0005B180021E7FB04314D410021E8FB04516C
:10030000069C4E410021E8FB04615BEB010B0021E0
:10031000E9FB04B1484100214941EAFB04010E9385
:10032000A7FB0432079CB6180022E7FB04625BEBD4
:10033000020B0022E8FB04B250410022E9FB040258
:10034000514100225241EAFB0412049CED180023A3
:10035000E9FB04535E410023EAFB0463089C5BEB6A
:10036000030B0023E7FB04B358410023E8FB04031D
:1003700059410023E9FB04135A4100235B41EAFB86
:1003800004230F955DF8049B99E80006DDF80080D2
:10039000A9FB08541BEB040B0024EAFB08B4DDF8AE
:1003A000108060410024ECFB080461410024EEFB56
:1003B000081462410024E9FB0824634100246441DD
:1003C000EAFB0834DDF8048076190025EEFB0865A9
:1003D0005BEB050B0025E9FB08B568410025EAFB4E
:1003E0000805DDF8148069410025ECFB08156A4119
:1003F0000025EEFB08256B410025E9FB08356C4123
:1004000000256D41EAFB08450F96DDF80880AEFB3C
:10041000087680190026E9FB080671410026EAFBF0
:100420000816DDF8188072410026ECFB082673419F
:100430000026EEFB083674410026E9FB08467541AC
:1004400000267641EAFB0856DDF80C801BEB070B13
:100450000027ECFB08B778410027EEFB080779413D
:100460000027E9FB08177A410027EAFB0827DDF897
:100470001C807B410027ECFB08377C410027EEFB0A
:1004800008477D410027E9FB08577E4100277F414F
:10049000EAFB086708B000BD2DE9F14F87B0FFF710
:1004A000C1FEDDF81C8008F1200888E8FF00FFBCD1
:1004B00087E87F08BDE8F08F00B591E84C57A2FBB4
:1004C00002410194A2FB034524190020E2FB0650DF
:1004D0006D417F41641802940021E2FB0801A3FBF7
:1004E000034B654103950024E3FB060440417F4133
:1004F000091900246441E2FB0914FF0750EB0B00CB
:1005000004900025E2FB0A455FF0000BE3FB081BAB
:1005100049415FEA370714EB0B045FF0000BE3FB84
:10052000094B55EB0B055FF0000B5BEB0B0BE2FB94
:100530000C5BFF0F0020E2FB0EB000225141E6FBF6
:10054000061205910021E6FB084164417F416D18C8
:100550000021E3FB0A515BEB010B0021E3FB0CB133
:10056000484100214941E3FB0E010023E6FB09530A
:100570001BEB030B0023E6FB0AB358410023E6FB09
:100580000C03594100235B41E6FB0E13FF07544166
:1005900006946D417F41A8FB08265541079500222E
:1005A000E8FB09B25BEB0B0B7F4180180022E8FBF4
:1005B0000A0251410022E8FB0C125A4100235B4120
:1005C000E8FB0E230024E9FB0E340025E9FB0A15A5
:1005D00052190025E9FB0C256B410025EAFB0C357F
:1005E0006C4100256D41EAFB0E45FF075BEB060BF6
:1005F0000026ECFB0E564041494152415B416441AB
:100600006D417641AEFB0EE848F100087F00A9FB82
:100610000979784151EB0901AAFB0A7A7A4153EB37
:100620000A03ACFB0C7C7C4155EB0C0556EB0E062B
:1006300048F1000700BD00BF2DE9F14F87B0FFF77B
:100640003BFFDDF81C8008F1200888E8FF00FFBCB4
:1006500087E87F08BDE8F08F30B44FF0000310F852
:10066000014B11F8015B013A84EA050443EA0403F3
:10067000F5D1A3F101034FEAD37030BC704700BF3E
:100680004FF0000310F8012B013943EA0203F9D1BE
:10069000A3F101034FEAD370704700BF30B411F8E3
:1006A000014B12F8015B6C4000F8014B013BF6D1A5
:1006B00030BC70472DE9F00791E8F807B2E8021066
:1006C0005B1854EB0C04B2E802104D4156EB0C06DB
:1006D000B2E802104F4158EB0C08B2E8021059EB97
:1006E00001095AEB0C0A8941B3F1FF3374F1FF346D
:1006F00075F1FF3576F1000677F1000778F1000813
:1007000079F101097AF1FF3A51F100015B184C418E
:100710004D4156F1000657F1000758F1000859EB1A
:10072000D1795AEB010A80E8F807BDE8F007704775
:100730002DE9F00791E8F807B2E802105B1A74EBB4
:100740000C04B2E802108D4176EB0C06B2E8021000
:100750008F4178EB0C08B2E8021079EB01097AEBD3
:100760000C0A89415B184C414D4156F1000657F186
:10077000000758F1000859EBD1795AEB010A80E8DB
:10078000F807BDE8F007704718EB040859EB0509B6
:100790005AEB060A5BEB070B5FF0000C4CF1000C08
:1007A00018EB050859EB06095AEB070A5BEB070B38
:1007B00050EB0C005FF0000C51EB0C0152EB0C0203
:1007C00063414CF1000CB8EB070879F100097AF1AC
:1007D000000A7BEB040BA841B141A241B3416CF18B
:1007E000000CBBEB050BB041B941AA41BB416CF118
:1007F000000C4CF001068CF0020718EB060859EBD0
:100800006C095AEB6C0A7BEB6C0B70EB6C0471EBB4
:100810006C0572EB670653EB6C076CEB6C0C18EB1A
:100820000C0059EB0C015AEB0C025BF1000354F184
:10083000000455F1000556EBDC7657EB0C077047CA
:100840002DE9F14F87B0FFF7EDFCDDF81080DDF802
:100850001490DDF818A0FFF797FFBDE8000FFFF731
:1008600093FF03B05DF8048B88E8FF00BDE8F08FCC
:100870002DE9F14F87B0FFF71FFEDDF81080DDF89E
:100880001490DDF818A0FFF77FFFBDE8000FFFF719
:100890007BFF03B05DF8048B88E8FF00BDE8F08FB4
:1008A0001FB50B4B01A901934FF4B473ADF8083099
:1008B00008238DF80A30837803208DF80B30FF234E
:1008C0008DF80C3001F074F805B05DF804FB00BF42
:1008D0007F8902011FB50B4B01A901934FF44273AD
:1008E000ADF8083008238DF80A30437802208DF8DF
:1008F0000B3000238DF80C3001F05AF805B05DF88C
:1009000004FB00BF378E02011FB5002301A901209F
:1009100003930193084B0293084B1B78002B14BFE1
:10092000022301238DF80B30FF238DF80C3001F0EA
:100930003FF805B05DF804FB400108009009002174
:100940001FB50A4B01A901934FF42673ADF8083087
:1009500008238DF80A30037800208DF80B308DF8CD
:100960000C0001F025F805B05DF804FBDF900201F2
:100970001FB50A4B01A901939023ADF80830082355
:100980008DF80A30C37804208DF80B30FF238DF8E2
:100990000C3001F00DF805B05DF804FBF391020195
:1009A0001FB50A4B01A90193A823ADF8083008230D
:1009B0008DF80A30037905208DF80B3001238DF86E
:1009C0000C3000F0F5FF05B05DF804FB599F010104
:1009D0001FB50B4B01A901934FF40873ADF8083014
:1009E00008238DF80A30837D09208DF80B30002311
:1009F0008DF80C3000F0DCFF05B05DF804FB00BFA3
:100A000029B500011FB50A4B01A9427D0193782346
:100A10008DF80B200222ADF8083008238DF80C2049
:100A200018468DF80A3000F0C3FF05B05DF804FBEE
:100A300079BB00011FB5002301A901930393054B66
:100A40000293037E0B208DF80B3000F0B1FF05B050
:100A50005DF804FB080108001FB50B4B01A90193C9
:100A60004FF48C73ADF8083008238DF80A30C37D3D
:100A70000A208DF80B30FF238DF80C3000F098FF22
:100A800005B05DF804FB00BF7D9D02011FB500238A
:100A900001A901930393054B0293437E0C208DF82B
:100AA0000B3000F085FF05B05DF804FB080108007D
:100AB0001FB50023427801A903930193074B0293CA
:100AC00003780F2013448DF80B30FF238DF80C3082
:100AD00000F06EFF05B05DF804FB00BF8800080061
:100AE0001FB572B6194B5D68E5B9BFF34F8F184952
:100AF000184BCA6802F4E0621343CB60BFF34F8F18
:100B000000BFFDE7B4FBF6F4D3B20132002CF9D1FB
:100B100003F110026A4402F80C4C0A2233B901A80E
:100B2000A847E2E7044600220A26EDE7013BDBB2D4
:100B300003F110040DEB0406B0FBF2F402FB140009
:100B4000303006F80C0C2046E8E700BF9009002181
:100B500000ED00E00400FA0513B5114C6846237C53
:100B60008DF80130E37B8DF80030A37BADF80430C5
:100B7000637BADF8023010F009F918B1DD210320D4
:100B8000FFF7AEFFA07E10F06DF908B1E021F6E7A7
:100B9000607E10F061F908B1E121F0E702B010BD0C
:100BA000900900212DE9F34104460D4671B91C4B13
:100BB00093F82E3053B9012101A80193FFF7F2FFFA
:100BC00020B940F206210320FFF78AFF2368002D99
:100BD000144F4FF0000603F10703DFF84C800CBF01
:100BE0002046002023F00703236000F0B9FE57F8E9
:100BF000043B0BB1404698470136102EF7D100F068
:100C000027FF031E09DB206818440DB1002804DB10
:100C10002060012002B0BDE8F0810020FAE700BFAB
:100C20009009002150000021980900212DE9FF4181
:100C3000B0FA80F60546039003A876093146FFF71F
:100C4000B1FF20B96FF00B0004B0BDE8F0818F4C0C
:100C5000637A277AA17B607B1F44E27B0331237C8C
:100C6000033022F06AFD039B002D07FB00F103F126
:100C7000030308BF002023F0030318BF18460393A3
:100C800001F044F8039B0DB9C342DBD41844A37AA6
:100C90000390C3B1E17D1944E37A1944FF29D1DC03
:100CA0000330002D628AC9B220F00300039008BF10
:100CB000002001F09BF8031EC4DB039818440DB913
:100CC0000028BFDB0390724F7B68F3B1617CE1B118
:100CD00094F82F300398002B00F1070014BF402335
:100CE000252320F0070014BF4FF481722822002D25
:100CF000039008BF002006F0F1FE031EA2DB03985C
:100D000018440DB900289DDB0390217DC1B1A37A61
:100D10001BB97B68A3B1637C93B10398002D00F1EC
:100D2000070020F00700039008BF002013F09EFB8F
:100D3000031E87DB039818440DB9002882DB03905B
:100D4000544B1B68B3B1217BA1B10398002D627D88
:100D500000F1030020F00300039008BF0020984733
:100D6000031EFFF66FAF0398184415B90028FFF66D
:100D700069AF0390484B1B68ABB1A17D99B1039853
:100D8000002D00F1030020F00300039008BF0020B5
:100D90009847031EFFF656AF0398184415B900286C
:100DA000FFF650AF03903D4BD3F80080B8F1000F31
:100DB00019D0E17DB9B10398002DA37E00F10300A5
:100DC000227E009320F00300637E039008BF002082
:100DD000C047031EFFF636AF0398184415B9002824
:100DE000FFF630AF0390FB69BBB1217BA9B103983B
:100DF000002D227F00F1030020F00300039008BFC4
:100E0000002001F065F9031EFFF61CAF039818449B
:100E100015B90028FFF616AF039094F82700C0B16B
:100E2000039A94F821300332A17F22F0070219447B
:100E3000334642F00402C9B2039201F08BF9031E5B
:100E4000FFF600AF0398184415B90028FFF6FAAE74
:100E5000039094F82810002975D0039F002D628D0F
:100E600007F1070708BF002027F0070718BF38461B
:100E7000039722F0C8FC031EFFF6E4AE0398184463
:100E800075B90028FFF6DEAE0AE000BF9009002128
:100E900050000021900000219800002194000021C2
:100EA00003901DB1618D38461DF000FA94F82210B0
:100EB00000294AD094F82630002B46D00398002D04
:100EC000A28C00F1070002F1240220F0070092B288
:100ED000039008BF002022F096FC021EFFF6B2AE7F
:100EE000039F3A4415B9002AFFF6ACAE033294F8DA
:100EF0002030A17F22F0070294F8260019443346DF
:100F000042F00402C9B2039201F016F9031EFFF683
:100F100099AE0398184415B90028FFF693AE0390D4
:100F20003DB1A28C384694F82210083292B21DF0DE
:100F30003FFC236BA3B1039B05B1236328330393C9
:100F40004DB1002080E60F46ABE7002DF1D0002226
:100F500011461046EBE7002BFFF674AE039873E6DC
:100F6000002DEED1FAE700BF38B50546002844D081
:100F700020F0F8FF10B94FF0FF3038BD2AF00CFA1E
:100F8000B0F5FA7FF7D81F4C1F486560002500F0C8
:100F9000C7FB402229461D4884F82E5021F006FC4C
:100FA0002622294604F10800257084F82F50256375
:100FB00021F0FCFB1B2240F20113627340F21B3252
:100FC00023810123E28140F20232A37222821F2296
:100FD0002377F72362824FF40272A384FB23A28259
:100FE00044F6011263852283EFF3108472B601F098
:100FF000EBF82CB962B62046BFE76FF01500BCE7EE
:101000002846BAE790090021590B00015000002141
:1010100010B5002840F0AB80564C94F82E30032BCE
:1010200000F0A280A1B1002A70D00139142900F289
:101030009E80DFE801F00B1C1F2F575F783562653B
:10104000733B414E537D808E9195850013782372BA
:101050000020FFF7EBFD0028B7BF012302236FF04C
:101060000B0084F82E30A8BF84F82E3010BD137802
:101070006372EDE79378002B48D0D378002B45D0EE
:1010800013781A2B42D953781A2B3FD91368C4F816
:101090000D30DDE71378E27A934237D3A372D7E7B6
:1010A0001378A27A934231D8E372D1E71378A27A07
:1010B00093422BD8E375CBE713783BB35378013BCE
:1010C000DBB2F82B22D81388927823832A4B9A70AC
:1010D000BEE71078E07618F095FDB9E71378ABB16C
:1010E0002377B5E71378254A52680AB1012B0DD949
:1010F0006374ADE713886382AAE713782373A7E7C5
:101100001E491378C96921B9012B04D86FF0150065
:10111000ACE7002BFAD01378637599E71378082BA6
:10112000F4D8A37594E71388FF2BEFD823758FE7C6
:10113000137863778CE713780E2BE7D8A37787E7CC
:1011400013680F49C4F8223053684B6013890B8130
:101150007EE71378E3777BE7137884F8213077E72D
:10116000137884F8203073E74FF0FF307EE76FF09C
:101170002C007BE790090021A809002150000021E4
:10118000B2090021F8B50D46074660B359B311F016
:10119000070428D1154E96F82E30012B02D16FF09E
:1011A0000B00F8BD032B02D14FF0FF30F9E700F040
:1011B000EBF90028F8D02846FFF738FD0028EEDBD1
:1011C000384621F043F886F834001BF021FA96F8EF
:1011D0003400316B11F0B0F8FFF7BEFC032320465A
:1011E00086F82E30DDE76FF01500DAE79009002170
:1011F00010B5084C94F82E30032B05D111F0B8F837
:1012000094F8340021F03EF822F09CFC002084F891
:101210002E0010BD9009002150B1074B03F11402BC
:1012200053F8041B934240F8041BF9D10020704787
:101230006FF01500704700BFA85B0301074B10B5A6
:1012400093F82E4034B910F07BFF054B054A204639
:10125000DA6010BD4FF0FF30FBE700BF90090021BE
:1012600050000021A1080001074B10B593F82E4053
:1012700034B910F079FF054B054A20469A6010BD3D
:101280004FF0FF30FBE700BF900900215000002124
:10129000D508000138B5094D95F82E405CB910F01D
:1012A00085FF074B074A20465A60074A1A60012308
:1012B00085F82F3038BD4FF0FF30FBE79009002153
:1012C000500000210909000141090001054B10B53A
:1012D00093F82E401CB924F0C4FE204610BD4FF0F8
:1012E000FF30FBE790090021054B10B593F82E4025
:1012F0001CB924F0B9FE204610BD4FF0FF30FBE7CB
:1013000090090021054B10B593F82E401CB924F02C
:10131000AEFE204610BD4FF0FF30FBE790090021E4
:10132000054B10B593F82E401CB924F0A2FE2046C0
:1013300010BD4FF0FF30FBE790090021074B10B5BF
:1013400093F82E4034B910F04DFF054B054A204666
:101350001A6110BD4FF0FF30FBE700BF900900217C
:1013600050000021710900010A4B10B593F82E407E
:1013700064B910F051FF084B084A20465A61084BE7
:10138000084A1A60084B094A1A6010BD4FF0FF3036
:10139000FBE700BF9009002150000021A1090001D6
:1013A00090000021F1A601019800002141200001D8
:1013B000054B10B593F82E401CB923F038FF20469A
:1013C00010BD4FF0FF30FBE790090021054B10B531
:1013D00093F82E401CB923F032FF204610BD4FF089
:1013E000FF30FBE790090021084B10B593F82E4021
:1013F00044B910F029FF064B064A20461A62064AF5
:101400005A6210BD4FF0FF30FBE700BF900900218A
:1014100050000021050A0001D1090001094B10B557
:1014200093F82E4054B910F02DFF24F012FE064B15
:10143000064A20461A62064A5A6210BD4FF0FF3033
:10144000FBE700BF9009002150000021050A0001C0
:10145000D1090001084B10B593F82E4044B910F0A3
:101460002FFF064B064A20469A62064ADA6210BDF2
:101470004FF0FF30FBE700BF900900215000002132
:10148000590A0001350A0001084B10B593F82E40A7
:1014900044B910F033FF064B064A20469A62064ACA
:1014A0001A6310BD4FF0FF30FBE700BF9009002129
:1014B00050000021590A00018D0A0001074B10B5A8
:1014C00093F82E4034B910F051FD054B054A2046E3
:1014D000DA6310BD4FF0FF30FBE700BF9009002139
:1014E00050000021B10A0001074B10B593F82E40BF
:1014F00034B910F053FD054B054A2046DA6310BDA0
:101500004FF0FF30FBE700BF9009002150000021A1
:10151000B10A0001074B10B593F82E4034B910F012
:101520006BFD054B054A2046DA6310BD4FF0FF30D6
:10153000FBE700BF9009002150000021B10A000123
:10154000074B10B593F82E4034B910F03FFD054B12
:10155000054A2046DA6310BD4FF0FF30FBE700BFBD
:101560009009002150000021B10A0001026800200A
:10157000014B1A60704700BFC8090021014B1B686E
:10158000184700BFC8090021024B1868003818BF6F
:1015900001207047C809002173B5031D2D4D044675
:1015A0002B60284611F084FF0228064606D12949FF
:1015B000204621F0D6F9304602B070BD042842D151
:1015C0002B78092B0AD0252B1ED02946204621F046
:1015D00044FAB0F5817F2DD3722112E005213E201F
:1015E00021F092F90028F0D1EB7801A92A79684618
:1015F00043EA0223ADF8003021F0D1FD0028D0D01D
:1016000053210820FFF76CFA1A213E2021F07CF9C3
:101610000028DAD16B68694601A8C3F30F23ADF83F
:10162000043011238DF8063021F01BFE0028B8D0BD
:101630006521E6E70028B4D0A178207821F064F98C
:101640000028B8D1ADE70828B5D10249204621F0DD
:10165000C0F9B0E7CC090021074B4FF0FF3141F64C
:10166000FF72C3E9001205490022C1E900221F21CF
:10167000C3E90212704700BF00000021D00A002118
:101680003F280CD801380B4BC0F3421200F01F006A
:1016900053F8223023FA00F000F001007047FF28D1
:1016A00006D04038044BC0F3421200F01F00EFE7B1
:1016B0000120704700000021D00A0021074B01469D
:1016C000006849681A4603C240F48C221A6041F04F
:1016D000107242F4FF625A60704700BF00000021A0
:1016E0000246024B0068516803C37047D00A0021CC
:1016F0000246024B0068516803C37047080000218E
:101700000138064BC0F3421200F01F0003EB8203C6
:101710009B6823FA00F000F00100704700000021F0
:10172000014B1860704700BFD80A002110B5FFF7C1
:1017300093FF22F0C9FE034B04461B6803B1984790
:10174000204610BDD80A002138B5274B0446D3F8EF
:10175000A022D3F8A412013106D1D3F8A8324FF653
:10176000FF719BB28B423DD0D3073BD51E4DD5F8C0
:10177000A422D5F8A832C4F80120A4F80530C3F398
:10178000072363F03F03A371D5F89032013323D0D0
:10179000D5F8943201331FD0D5F8983201331BD0DD
:1017A000D5F89C32013317D0002010F059FF98B9BA
:1017B000D5F89002D5F89412D5F89822D5F89C3235
:1017C000C4F80700C4F80B10C4F80F20C4F8133095
:1017D00001230020237038BD10220021E01D20F0DD
:1017E000E5FFF5E70023F4E70000FF0170B5274DA2
:1017F000102200210446D5F8A06220F0D7FF102265
:101800000021A01820F0D2FFD5F8803201330BD18F
:10181000D5F88432013307D1D5F88832013303D1AA
:10182000D5F88C3201330BD0D5F88002D5F884126C
:10183000D5F88822D5F88C3220616161A261E3611C
:10184000002010F00DFF08B9F3071CD40F4BD3F89C
:10185000902201320BD1D3F89422013207D1D3F870
:101860009822013203D1D3F89C2201320BD0D3F855
:101870009002D3F89412D3F89822D3F89C322060C7
:101880006160A260E360002070BD00BF0000FF0146
:1018900070B50C88C27CA6B2C4F30E04931C0588F4
:1018A00004F114021D44825AADB21A4443882A44FA
:1018B000013AB2FBF5F202FB054292B29342044BAD
:1018C0008BBF3340B34313439BB20B8070BD00BF4B
:1018D0000080FFFF4A1E062A08B50346084604D8C2
:1018E0004FF4D1711520FFF7FBF8094A914202D954
:1018F00040F2A311F6E711B903B1196008BD2BB18D
:101900001B680022C3E901211A1D1A600430F5E7A3
:10191000FAFFFF7F10B5114B00EB41041A78638981
:10192000B3FBF2F303FB0223013A1A44B2F5706FE2
:10193000027928BF00231A448378B2FBF3F01944DC
:1019400003FB1020091AB1FBF3F003FB101313443F
:101950006FEA43436FEA5343638110BDDC0A002101
:10196000124B10B5E0B15A78022A04D040F22B1184
:101970001720FFF7B5F803225A70026812F007012A
:1019800002D04FF49871F3E75C685A602244BDE8D6
:101990001040026003F10C009A60402220F006BF64
:1019A0000122C3E901005A7010BD00BFDC0A00210A
:1019B0002DE9F041254E96F801E00EF0FD0CBCF14A
:1019C000010F04D040F245111720FFF789F891F874
:1019D0000680B8F1080F02D940F24711F4E7CF7939
:1019E00097B345467B1D7268022D4FEA430402EB14
:1019F000430338BF02256A1E6D421344C8F100023A
:101A00002B408D884544013D2A40B2F5803F02D3EA
:101A10004FF4A971D8E7BEF1030F12D106EB800095
:101A20001C1BC56815B140F25711CDE7C460A77003
:101A3000228084F803C0087A09682071080C21818B
:101A4000E08007FB02337360BDE8F081DC0A00210F
:101A50002DE9F047364C6378012B65D0032B04D079
:101A600040F267111720FFF73BF8D4E901329A42A0
:101A700002D04FF4B571F5E7002325460F221E462C
:101A8000994605F80C3B55F82200013A58B190F8F8
:101A900004808178B8F1FF0F2FD180F804908E4236
:101AA0003CBFCEB20123511CEDD103B126700F26ED
:101AB00040F6FF6955F826709FBB013EFAD2042319
:101AC00000206370BDE8F08755F82CE0BEF1000FF0
:101AD00006D09EF804A0C24504BF9EF802E07744F9
:101AE0000CF1FF3CBCF1000FEEDA3944FF2907D9B5
:101AF00003B126704FF48371B4E794460027F1E7F1
:101B00000771CCE707EB410308F101083846A3F859
:101B10000A90FFF7FFFE5FFA88F1BB788B42F1D89D
:101B2000CBE74FF00008F6E7022360686370C9E76F
:101B3000DC0A0021034B03EB8003D86800B18078F6
:101B4000704700BFDC0A0021F8B54FF6FF73054669
:101B50000380184B03EB8103D868B8B1867803790A
:101B6000B3FBF6F206FB1233DBB219460A1D00EB9B
:101B70004202B2F902705488002F09DB0131B1FB37
:101B8000F6F206FB1211C9B28B42EFD10020F8BD6C
:101B9000FF29FBD0C4F30E03C4782B8024B94FF483
:101BA000D9711720FEF79CFF5380BDE8F84021F063
:101BB0007FBD00BFDC0A00211D4B03EB810370B524
:101BC000DC68054644B3030404D54FF4E0711720E4
:101BD000FEF786FF0146204621F04DFDFF28014615
:101BE00004D02046BDE8704021F062BDA078B5FB6E
:101BF000F0F300FB1353DBB219460A1D04EB420657
:101C0000B6F90260002E09DB0131B1FBF0F200FBF6
:101C10001211C9B28B42F0D1002070BDFF29FBD058
:101C20008B4204EB42021CBF0023E3705580D8E7CF
:101C3000DC0A0021094B03EB8103014610B5DC6887
:101C4000204621F018FDFF28014604D02046BDE8BB
:101C5000104021F02DBD002010BD00BFDC0A002186
:101C6000F8B5104B074603EB81030146DC682046BC
:101C700021F001FDFF28054611D0E688238953EAAB
:101C8000064606D00146204621F012FD01463846A0
:101C9000B04720462946FFF73DFE0020F8BD05204D
:101CA000FCE700BFDC0A002138B50E4B0446827900
:101CB00003EB8203D86808B9052038BD8278E17942
:101CC0009142F9D24B1CE37100EB41035D89B3F9FA
:101CD0000A30002BF3DBA58021F0EAFC2060002015
:101CE000EBE700BFDC0A002108B5074B03EB8103DB
:101CF0000146D86821F0BFFCFF2804D140F226211C
:101D00001720FEF7EDFE08BDDC0A002170B5044681
:101D100010F003000E4603D04F211820FEF7E0FE1E
:101D2000FFF7D8FD054624B1034831460460FFF7AC
:101D3000D1FD284670BD00BF280B00212DE9F14FD1
:101D4000DFF870B01E4607460D46DBF800309046BF
:101D50009DF828A09DF82C901BB961211820FEF752
:101D6000BFFE52460921404621F0F5FA4A4684B2A8
:101D70000921304621F0EFFA81B2DBF8000021445E
:101D800021F04EFC386018B9286001B0BDE8F08F32
:101D900004445346414609222C60386821F087FAF2
:101DA0004B4609223146286801B0BDE8F04F21F0CA
:101DB0007EBA00BF280B002170B50E46044621F004
:101DC000DDFA0546304621F0D9FA044B2A1821469F
:101DD0001868BDE8704021F047BC00BF280B002107
:101DE000014B186821F010BC280B00211F2AF8B500
:101DF000044613460ED89200033222F00303B3F5D3
:101E0000803F2DD2184DACB1A00710D05F21092022
:101E1000FEF766FEFF2B4FEA420204D9FF339A42D7
:101E2000A8BF1A46E8E77C2AB8BF7C22E4E72970FD
:101E30006C602B8122F0030228230127120403FB8C
:101E400001F06B680025120CEEB28E4200D3F8BD93
:101E500014B126181F705E60104401352833F3E773
:101E60004FF0FF30F3E700BF2C0B0021144A002194
:101E700038B553681478C8B2844203D8AB2109201E
:101E8000FEF72EFE1846013128330578002DF2D0DA
:101E900000218170012412898161051D447092081E
:101EA000C16100F12001446821F8022B994245F8F4
:101EB000044B1444F8D100234361037038BD00BFC4
:101EC0002C0B00210A4B1B89B3F5FF7F4FEA9300CF
:101ED00006D25A089B1A9BB2984238BF18467047E0
:101EE000B3F5EE6F01D8FF22F4E740F27263F3E737
:101EF0002C0B00212DE9F8434B7880460C4602F06C
:101F0000040602F0FB07D3B1DFB12E4BD4F80490E6
:101F10001D89B7BB0123AD084A46211D637004F13A
:101F2000280004F12003A761E76123F8025B9842CF
:101F300041F8042B2A44F8D10023636101E0002F0B
:101F4000E3D0FF23A370002E18BF0226A3191B7D28
:101F5000032B03D1022F1CBF0136F6B2A3190122B5
:101F60001A7506F10C02002304EB860624F81230E1
:101F70007268A3704046C8F80020A8F80430BDE895
:101F8000F883002114226170A01820F00FFCB5F531
:101F9000FF7F0FD26B08ED1AADB209EB0502C4F852
:101FA00004902584A2606384C4F80C90A584226107
:101FB000E384C6E7B5F5EE6F4FF0FF03EBD940F2CF
:101FC0007265EAE72C0B0021F7B5D2000B684000E0
:101FD000002502F07802CDF8013000F006008B8871
:101FE0000243ADF805300D4B42F001021E785F68E8
:101FF0008DF80020EBB29E4201D800240AE0C5EB28
:10200000C5040722694601353C44204620F0F2FA17
:102010000028EFD1204603B0F0BD00BF380B0021EF
:10202000014B1878704700BF380B0021034B00218B
:102030001A785868C2EBC20220F0B8BB380B0021F6
:1020400010B50C4650B1830703D020214120FEF784
:1020500047FD044B58601970FFF7E8FFC4EBC4005C
:1020600010BD00BF380B0021F8B504460D461646DA
:10207000FFF7AAFF034630BB144A92F800C0576826
:10208000DAB2944501D807201CE0C3EBC302013348
:10209000B85CB918024610F00100F1D1630022F0DB
:1020A0007F02F60003F0060306F0780643F0010312
:1020B000334313430A4602F8013B2B68C1F8013051
:1020C000AB889380F8BD1220FCE700BF380B0021DD
:1020D0002DE9F84305460C46F7200521914621F0ED
:1020E0003AF9061E22DB1DB906FB04F0BDE8F883B1
:1020F00015F0030703D098211920FEF7F1FCDFF853
:102100003480C8F81050A5B2A8F81460BBB29D4244
:10211000EAD9B8F814C04B46D8F810000522F721C8
:1021200007FB0C00013721F0C2F8EFE74FF0FF305A
:10213000DCE700BF400B002107B5CDE900230B46CB
:1021400003490246081D21F0ABFC03B05DF804FB17
:10215000580B002113B5064CCDE900230B4602466F
:1021600004F1080104F10C0021F09AFC02B010BD4A
:10217000580B0021024B0146186821F083BC00BFB8
:10218000580B0021024BD3E9002121F0AFBC00BF66
:10219000580B0021034B1B28D3E9022138BF1B2019
:1021A00021F0A4BC580B0021024B0146D3E90020CA
:1021B00021F05ABA580B0021024B0146D3E9022004
:1021C00021F052BA580B0021144B012200214FF08C
:1021D000FF309A60C3F80012C3F80803C3F8001573
:1021E000C3F804259A60C3F808034FF48040C3F88D
:1021F0000015C3F8042503F5805341F6F872084929
:10220000C3F80825C1F88000BFF34F8FBFF36F8F6D
:10221000C1F88001C3F80825704700BF00E0004105
:1022200000E100E08C463022064B00B50CF8032B91
:102230008E4607CBCEF80300CCF80410CCF808206B
:102240005DF804FB740B002110B5154C1BF034FA3B
:102250001AF088FB0021636A608C9847237E9BB943
:10226000104B628C93E8030012F08AF9E36A188835
:1022700012F0B0F8636B94F8301094F8310098477E
:10228000002384F8383010BD94E8070004F10C03F3
:1022900083E80700044904F1190025F07EFBDFE71D
:1022A000680B0021900B002125220001034B93F8BD
:1022B000383003B97047FFF7C7BF00BF680B002174
:1022C00040F21F41062008B5FEF70AFC08B5094B8D
:1022D00093F83820022A07D1DA7A42F00102DA7242
:1022E000BDE80840FFF7B0BF40F253212720FEF7BA
:1022F000F7FB00BF680B002138B5454D044695F843
:1023000028300BB1C2070ED4012913D82B6C2046FC
:10231000984778B195F8300060B995F828305BB9E6
:1023200014BB204638BD6B8F1B07EDD5EB6BDB78FC
:10233000022BE9D1012038BD002CF3D195F85420AF
:10234000D20617D42046D5E912321B781B11002A79
:1023500047D003F001036A8F94073ED5EB6BD87822
:10236000023818BF012038BD95F85420D106C2F3B9
:1023700000101CD5E96B0A7802F00302032A02D18F
:10238000CA78022A41D0686C21F0A1F8002839D11E
:10239000EB6B1B7803F00303032B33D010F022F90F
:1023A00080F0010095F82830C0B2002BCBD1AB6C87
:1023B000E96A1B78EA6C91F8F2101B11CAB103F0BC
:1023C00001036A8F002AB5D1002918BF43F0010329
:1023D000184380F00100C0B238BDE96A91F8F210EC
:1023E000F0E7B5F85020002A14BF002303F00103E2
:1023F000B1E7B5F850406A8F002C14BF002303F0FA
:102400000103DFE795F82830CFE70020CDE700BFD4
:10241000680B0021F8B5234C0646E56AA36C95F8D5
:10242000A42005F1900794F85C00A3650AB1031D90
:10243000D8B2FF2895F87D1004D11EB995F87C30EC
:10244000994202D01AF076FC3A7D22B3206E1BF03E
:1024500047FA94F82830216E003BA06D18BF012385
:1024600084F88030D7E91E23C4E91E231AF018FA35
:1024700046B995F87D30033B012B94BF28200020FE
:102480001BF094FA95F87C1000201BF083FB0223CC
:1024900084F83830F8BDA06D1BF022FA1AF062FA09
:1024A000E6E700BF680B00212DE9F041394C82B00E
:1024B00006460F4694F83830E56A012B5FFA83F838
:1024C00005F190055ED12B796BB1638F002104205B
:1024D00043F0040329716387636A984794F82830AE
:1024E0000BB185F80680E16B0B7803F00303032B37
:1024F00031D04B7863B30223AB722B7DDBB194F800
:102500002830003B18BF012384F88030D5E91E2312
:10251000C4E91E23E36A94F85C2093F87D30013B04
:10252000DBB2032B33D81C490020CB5C0090012088
:102530001A491AF04BF9012F05D126B93146304618
:10254000FFF7DAFEC8B102B0BDE8F041FFF77CBE8C
:102550000123AB72D1E7AB7A63B9638F022043F0FA
:1025600002036387636A9847E16B0B7803F0030308
:10257000032BBED10323AB72BFE702B0BDE8F0412D
:10258000FFF748BF40F2B3412720FEF7A9FAFFF753
:1025900097FE00BF680B0021CC510301D00B002136
:1025A00070B5894C002382B0E56A8DF8053095F846
:1025B000A42005F1900694F85C300AB10433DBB234
:1025C000FF2B11D180B995F87D3095F87C108B42A6
:1025D00002D0FF201AF0AEFBB37A032B00F2EE809C
:1025E000DFE803F0051F8B7B95F87C10F1E794F88A
:1025F000C2307648ADF80630A5F86C300FF0CCFF4D
:10260000002840F0A4800DF105020DF10601606C78
:1026100020F0DCFEE06320B196F85130002B00F092
:10262000AF806B4B1846E363F37ADB0003F00802DC
:10263000037803F0F3031343327B920002F00402A9
:10264000134303F003020370032A03D1C278022A62
:1026500000F09480606C20F03AFF0246E06B037853
:10266000002A5CD103F00301032907D00FF0BAFF61
:102670000246E06B82F001020378D2B296F8621053
:1026800003F0EF030139012971D9002A6FD10370DA
:10269000F37C13B14378002B46D11BF021F91AF0DB
:1026A00061F9E66B10F0ECFF20B1337803F003031F
:1026B000032B5FD095F87D1001201BF06BFAE26BC5
:1026C000012344491088927884F8C430A4F8540057
:1026D00084F838308A7002B070BD3C480FF05CFF5F
:1026E000002861D0E06BC3781B2B14D1012105F1C8
:1026F00010001AF04FFBE06B0DE0B5F86C300DF1F7
:1027000005020DF10601606CADF8063020F05EFEAA
:10271000E06300284DD0012384F8C33084E723F020
:10272000100343F01003B2E7206E1BF0D9F894F8C1
:102730002810206ED6E91C23B1FA81F6E16B7609E8
:10274000C4E91E2384F880601AF0AAF8A9E7638F11
:102750004FF48070E16B43F48073626A6387904743
:102760000121E06B7171C3781B2BD4D1BFE743F01B
:1027700010038CE701201CF077FE9BE700227DE729
:102780009DF8053043B1BDF8061025F0CAF80123C5
:10279000E06B84F8C33047E7038001218370E06B6E
:1027A00024F040FEE06BEEE740F2FD212720FEF72B
:1027B00097F940F2F3212720FEF792F940F20B310E
:1027C0002720FEF78DF900BF680B0021A40B002124
:1027D000F80B0021BC0B00210D4B0E4A70B50E4CBE
:1027E0001A6094F838301BB1E1212720FEF778F900
:1027F00003F0FF0206460D46227611F0B9FE0121D4
:1028000004F1900024F00EFEA664256670BD00BFA2
:102810009C00002128310001680B0021074A10B5F7
:1028200092F8383013B10C24204610BD03F0FF0499
:10283000147611F09DFE204610BD00BF680B0021EC
:10284000024B012283F8C520704700BF680B0021AE
:102850002DE9F04184B0BC4C02AD85E8030094F84A
:1028600038100A98002940F0A081002B18BF002AD8
:1028700000F09B81B0FA80F14909002800F09581B1
:10288000236404F12803606384F8C51084F83010D1
:1028900084F8C61084F8311084F8C41084F8C3108A
:1028A00061876184626295E8030083E80300E56A5A
:1028B0001AF0A4FA1AF056F895F9800005F190067E
:1028C0001AF0A8FBA86B1AF0EFFF286A1AF0A8FB11
:1028D00096F824001AF0AEFB94F82870EA6941F6E5
:1028E0004B53002F00F0B6809A4200F228814D2011
:1028F0001AF076F901201AF007FD732195F87D2072
:1029000001201AF023FD914B18681AF0D3FFD5E986
:1029100005236264C4F8C83095F88B303BB9D5F80C
:10292000843023B1F18F32898A4200F02881D6F8B1
:102930008410D6F88C30864FD6F88000D6F88820E0
:102940000FC7D6F8903094F82810C4F88130D6F824
:102950009430C7F80D30002940F0BB80E36A93F84B
:102960009E20263A012A40F2848093F89F20262A4E
:102970007FD093F87C70032F08BF042705F144082B
:102980003946404625F078F8394624F00EF9B5F876
:102990005030024695F87D104046934228BF1346BA
:1029A00084F8C23025F035F895F87D1096F814803B
:1029B0000429B5F8587008BF032124F0F6F8B8F1DF
:1029C000000F01D1043080B2B84228BF3846C7B2E8
:1029D00084F8CC7010F054FE10B12B2F38BF2B2789
:1029E00094F8280084F85C70002857D1F37CDBB1A0
:1029F000012395F87C1084F880300139D6E91C2336
:102A0000C9B2C4E91E23EA6941F64B539A4298BF02
:102A10000420032900F2CE8000224E4B0092FB22BC
:102A20005B5C4B4919F0D2FE0120FFF7B9FD002392
:102A300096F82400C4E90033A360D5F88C302A88C6
:102A400031892071618022800BB101221A6004B0AB
:102A5000BDE8F0819A427FD84D201AF0C1F838467F
:102A60001AF052FC7D2195F87C2000201AF06EFCB3
:102A700049E793F87C7093F84232002B3FF47EAF25
:102A8000FA1E012A40F28880DA1E012A40F2848070
:102A9000012F72D0012B70D002276FE7337DA3B1D5
:102AA00095F87D100120013984F88000C9B2D6E97B
:102AB0001E230329C4E91E237CD8264B3A465B5CBF
:102AC00000210091224919F081FE0120FFF7A2FCAC
:102AD000ADE7E26A92F89E30A3F12600012827D9DB
:102AE00092F89F70262F23D0A3F1210013460128CE
:102AF00001D8242F4AD100293FF43BAF242F7FF483
:102B000038AF92F84E3192F87C7092F875201340ED
:102B10005A0741D413F0010240D19B077FF52EAF35
:102B2000FB1EDBB2012B37D9012F18BF022725E787
:102B300092F8D63292F87C70002BA1D11EE7962035
:102B40001AF04EF89C21D9E6680B00219C00002168
:102B5000D00B0021CC51030196201AF041F8164BFE
:102B600095F87C2003EB42039988144B01F5FA7128
:102B7000A3FB013189097D3177E70127FEE6B5F82E
:102B800088100A44F28701221A60D0E692F84E318A
:102B900092F87C705907BDD50427EFE6FB1EDBB227
:102BA000012B8CBF17460427E8E640F26F1127205F
:102BB000FDF796FFFFF784FBCC510301D34D621064
:102BC00008B5124B93F8382092B193F8282022B917
:102BD00093F83830012B14D108BD93F83820022A1D
:102BE0000AD1DB6AD3F81802BDE808401AF0B0BE7B
:102BF000BDE80840FFF728BB40F235212720FDF74C
:102C00006FFF40F231212720FDF76AFF680B00219A
:102C1000FFF71ABB014B1876704700BF680B002105
:102C2000014B93F8C4007047680B0021034B93F8E5
:102C3000C30010B9588CC0F300307047680B0021F6
:102C4000024B588CC0F3C020704700BF680B0021B6
:102C5000014B93F8C6007047680B00212DE9F04145
:102C60001E4F820782B00546FC6A0E4604F19004AE
:102C700011D4EB070CD5217BD4E91E32013342F18C
:102C800000020129C4E91E320CBF00230123237373
:102C900002B0BDE8F081FB6CDBB1B7F850201846FC
:102CA000B96D033291F801801FF00AFD0DF10202A7
:102CB00001A9B865D7F8C80020F09CFC019820F065
:102CC00083FC012230604146D7F8C80020F049FC5F
:102CD000CFE740F2A4412720FDF702FF680B002157
:102CE0002DE9F04F0023AA4C87B00746E56A8846D5
:102CF000CDE9043394F8383005F19006022B40F00A
:102D00000182638C13F0400106D1636A402098472A
:102D1000638C43F040036384002F65D0337D002B28
:102D200040F00E81D4F858B09BF8013099B2A4F865
:102D30005010002940F01C810023E3649BF80090B0
:102D4000638CF17AC9F3800243F400739142638487
:102D500000F0DD80E26A94F8280002F1900A9AF807
:102D60000A20EAB1022A00F0A28100218AF80A10A2
:102D700020B19AF80630002B40F08F819AF8053088
:102D8000002B40F03B819AF80B30D4F858B0012B5F
:102D90000CBF002301238AF80B30638C9BF8009052
:102DA00096F8622043F400634FF0000A022A63841D
:102DB00000F0BF80012A02D1022286F86220317B16
:102DC000C9F3C002914200F0EB804FF0000910F00F
:102DD00057FCF0B19BF8003003F00303032B18D12C
:102DE00001201CF041FB14E0327D002A40F0A48059
:102DF00043F480634FF00009638494F8C6300133D4
:102E000084F8C63095F87D30033B012B40F2838077
:102E1000CA46F37C03B394F8283095F87C10B3FAD3
:102E200083F3E86901395B09C9B284F8803041F65F
:102E30004B53984294BF042000200329D6E91C2359
:102E4000C4E91E2300F263810022524B0092FB2250
:102E50005B5C514919F0BAFCB8F1000F08D194F845
:102E6000C6100120FFF748FA0546002800F08880C8
:102E700001251AF0C9FEB9F1000F38D1BAF1000FDF
:102E800008D094F82830002B4AD1B4F80930013327
:102E9000A4F8093087B3B4F805300022013384F870
:102EA000C620A4F805303D4811F082FA049830B1EC
:102EB00020F08AFBE16A0022027210F037FB059BCA
:102EC00033B1E16A00221A720C22059810F00EFB51
:102ED000C5B9638C1B0607D4636A294680209847CE
:102EE000638C43F08003638407B0BDE8F08F05A9CD
:102EF0000220FFF7B3FEC1E7B4F807300133A4F8AE
:102F00000730D0E7FFF7A0F907B0BDE8F08FBA4669
:102F100096F862204EE70120CA461CF0A5FA78E731
:102F2000B4F80530B4F8071032890B431343B1D01D
:102F3000ABE786F862A042E719F092FD638C57E791
:102F400019F054FD19F036FDD4F858B000287FF47C
:102F5000EBAE9BF8011000296DD09BF80030327B5E
:102F6000C3F3C0039A4200F0B58089B2A4F85010B0
:102F7000D4F8C80020F0CCFAD4F858B0E064DDE60C
:102F8000FFF70EFBB9F1000F3FF478AFAFE700BFDA
:102F9000680B0021CC510301D00B0021900B0021C4
:102FA00009F00301E26A032902F1900223D143F4FC
:102FB000805301205946039263844FF00009638FC8
:102FC000107143F001036387636A9847D4F858B0DF
:102FD000039A137B013B18BF012313739BF8013045
:102FE000002B3FF4F4AE936F01339367D36F43F13B
:102FF0000003D367EBE609BB8946EAE74FF0000917
:103000008AF805900FF0D8FA002800F08280638FCC
:103010004946082043F008036387636A9847DAF853
:1030200070300133CAF87030DAF8743043F10003BD
:10303000CAF87430A7E6A4F850107DE69BF801109A
:103040000029D9D043F4805392F8149003926384FA
:1030500019F0E0FD042894F8CC30039A07D1B9F1B7
:10306000000F14BF1B211F218B4228BF0B46D4F831
:1030700058B09BF80110994232D8E36C002B3FD036
:1030800094F8C530002B39D0636A002120204FF01E
:1030900000099847D4F858B099E6638F10208AF851
:1030A000061043F010036387636A984766E604A935
:1030B000606C20F0ADF988B3DAF8703094F828002D
:1030C0000133CAF87030DAF8743043F10003CAF8FB
:1030D00074304AE6012384F83130FFF7B5F803E78E
:1030E00094F8303001204FF0000943F0100384F8C9
:1030F00030301CF0B9F9D4F858B068E6B94668E742
:10310000994664E640F227512720FDF7E9FCFFF7D6
:10311000D7F840F234412720FDF7E2FC40F21D4190
:103120002720FDF7DDFC00BFCD220001E12C0001CE
:10313000A9240001AD2200012DE9F047002800F08C
:10314000DA800446072900F2C780DFE801F07C241A
:103150002478C51F6FC10146204625F01AFCD4F81B
:10316000443100F1EC059D4240F2BA80E81A032197
:10317000402838BF40201EF065FB0346C4F8445188
:1031800020461D4625F0C9FC002D4DD02046BDE847
:10319000F04725F0C3BCB0F83A310022062B80F886
:1031A000402180F849216DD80133A0F83A3104F567
:1031B000A07528461DF092FD002800F0A08094F82C
:1031C000603103F0FF01002B54D16FF00043D4E9CC
:1031D00056029A4208BFB0F1FF3F11D02046D4E911
:1031E000546725F0D6FBD4F85831EC30D4F85C2184
:1031F0009B1B62EB07021B1A62F10002002A36DBFE
:10320000294694F818011DF055FE002800F0818031
:10321000D4F85051D4F83071D4F85461D4F83481D2
:10322000AF4278EB060334D3BDE8F08790F818017D
:103230001DF02CFD002384F83831BDE8F087BDE88F
:10324000F0471AF0F5BC13F02DF8D4F84401DC383F
:103250001EF056FA002857D0204625F02BFC0028F7
:103260003FF479AF2046BDE8F04725F056BC204634
:1032700013F020F894F818011DF008FD002384F8DD
:103280003831C5E7D0F81C318BB3012380F84831C1
:103290008DE7204625F0CCFB50EA010381468A46A3
:1032A000C2D0E81B4A46534666EB08011FF0C4F83B
:1032B00009FB01F1D4E94C3200FB0A11A9FB009093
:1032C00013EB0903014441EB0201C4E94C31ABE7C4
:1032D000F4213020FDF704FCF8213020FDF700FC3C
:1032E0002046C4F84451BDE8F04725F016BC02233F
:1032F00080F848315BE7D7213020FDF7F1FB40F241
:1033000092613020FDF7ECFB40F251213020FDF7B7
:10331000E7FB40F296613020FDF7E2FB2DE9F04F2C
:10332000044689B000201F460E46914694F87DA0C1
:10333000049022F0DFFF94F800320B2B00F21E8382
:10334000704A94F89F8032F8135089F001032844A2
:10335000029385B2B9F1000F1AD0B4F8901204F5B7
:103360001879B4F898B0711AA6EB0B0B09B20FFAE2
:103370008BFB0029C0F24E82384694F84432032B6E
:1033800000F21683DFE813F0C2018801C4003A009E
:1033900094F84432032BE0D1B8F10E0FDDD1B4F82C
:1033A000D432B342D9D1B4F81C222046B4F89232B8
:1033B0001344C4F84032D4F84C32C4F83832E369CC
:1033C000C4F83C3214F068F9D4F8DC32E2699A426D
:1033D00005D004F1280027F02CF8D4F8DC32E361A2
:1033E000D4F8D832E363B4F8D632A4F84030D4F835
:1033F000E0326362022384F84432AEE7E36903FB00
:1034000001F20492002F00F00F82B4F81C52002D3C
:1034100040F00A8284F85B52D4F84CC294F89E3093
:103420000CFB1121262B049100F00D8294F89F30A3
:10343000262B00F0088200283CD0002D3AD1D4E998
:10344000A0E0D4E99E237245834180F0AC8294F8D9
:103450007D00C31E012B40F2868203911AF026FEE6
:103460004AF2A13CD4F88032274D8444A3F1830171
:1034700094F87D00A5FB0C3CA0F1030ED4E99E233B
:10348000BEF1010FA1EB020303991944A1EB9C11BA
:1034900040F2838203911AF009FE00F2E730D4F87B
:1034A0004CC20399A5FB0030B4F81C5280090144BA
:1034B00010390491AB44AAF103030CFB0BFBDBB204
:1034C0000BF1300B012B4FEA4B0B40F205825046BB
:1034D0000D4D1AF0EBFD4AF2A1330344A5FB032383
:1034E0009D0950461AF0DAFD0BF1730341F64B5279
:1034F0001D44E36928449342044D286040F227822A
:10350000049A6FE0DC510301D34D6210380C0021A6
:10351000E36B2946D4F83C02184427F037FF2946CC
:10352000C4F84802E06927F031FF41F64B53E269E5
:1035300094F87DA09A42CA4D98BF0230C4F84C025C
:1035400050461AF0B3FDAAF1030A4DF64171BAF1E3
:10355000010F01442046A5FB013194BF282300231D
:1035600003EB9111803124F0E5FAB4F81C3213B961
:10357000002F40F0B381D4F83C32E26B94F87DB078
:103580001344D4F84802ABF103011B1AC9B20493E7
:10359000D4F838320129D4F84022B4F840A002FB14
:1035A00003050AF1730A05F130054FEA450540F2BB
:1035B000428158461AF07AFD4AF2A1330344A848E2
:1035C000A0FB03239B095846039355441AF066FD5C
:1035D000039B049A1D44A34B28441860012384F8DC
:1035E0004432E369D4F84C52D4F888125D1B6FF46E
:1035F000B3731D44D4F88C32854228BF0546891820
:1036000004F1440043F10003C4F81852C4F87012E6
:10361000C4F87432002384F8603224F0F8F92844A6
:10362000A4F89062C4F86402D4E99C23C4E9A223FC
:1036300013F076FA20B1D4F864321E33C4F8643241
:10364000B4F80812002301228E1B84F8683284F833
:10365000F22036B29E4204DD84F8F230022384F870
:103660006832B8F10E0F00F0FF80002F40F0FF80AD
:1036700094F84432002B40F01A81494694F85C02D9
:103680001DF018FC002800F07E81029B84F858325F
:10369000002009B0BDE8F08FD4F84C02E269D4F8FC
:1036A0004052B4F81C32121AB4F840A09B4402FBFA
:1036B00001F1D4F84832EA430AF1730A0491303335
:1036C0009344D4F8382202FB053594F87D20D31EAC
:1036D00000FB0B55012B4FEA450540F2AE8010462A
:1036E00003921AF0E3FC4AF2A13303445C48A0FBC6
:1036F0000323039A4FEA931B554410461AF0CEFC5D
:10370000584B5D44049A2844186081E094F87D1079
:1037100094F8160223F070FA8246E06B2946DFF82F
:1037200040B1504427F032FE2946C4F84802E0690F
:1037300027F02CFEE26941F64B5305A99A4298BF47
:103740000230C4F84C0206A81AF066FA059B0093F2
:10375000DDE90623D4E9A2011EF0CEFA94F87D300B
:103760000546184603931AF0A1FC039B4DF64171E0
:10377000033B01442046012BABFB013194BF2823BE
:10378000002303EB9111803124F0D4F9D4F8943262
:10379000E26B94F87D00049303921AF087FC4AF2DE
:1037A000A133039AC318D4F84802ABFB0331049B3E
:1037B000933B13441B1A5344B4F840A05B1B00F125
:1037C00030050AF1950AA3EB91136D00049394F868
:1037D0007D30DA1E012A33D9184603931AF066FCAD
:1037E00000F52340A130ABFB003B039B4FEA9B1B42
:1037F000184655441AF052FC049AD4F894325D44A9
:103800001849D31A2844B3F5A07F0860C0F0C080DF
:10381000E369E7E600235946012084F85B32D4E9E6
:103820009E23C4E9A223A8E594F85B52002D50D052
:103830000C490868D6E66523C5E64FF0650B5BE7E3
:103840004FF0650BD4E7B4F8D432F31A1A043FF5FD
:10385000F2AD94F8D732002B18BF9A46EBE500BFC3
:10386000D34D6210380C0021002F3FF406AFB4F89E
:103870003022CAB1B4F8320294F8341200FB0111BC
:1038800001308A427FF7F9AE002B3FF4F6AE0023F9
:10389000A4F8320284F868320FF0F8FE00F0070056
:1038A000013084F83402E8E6A4F83222E5E6D4F8E0
:1038B0004C324846E169C91A23F046F983B2002B1D
:1038C0003FF4DBAE129A0120002A3FF4E2AE1380EF
:1038D000DFE6B4F81C529FE5652502E6E26BD4F8FA
:1038E0003C3294F87D0003EB020A1AF0DFFB4AF247
:1038F000A13394F87DB0AAF1930A0344ABF103011C
:10390000D4F84802A5FB0323C9B2D4F88022AAEB5D
:10391000000A9B09012992440393D4E99E23AAEB50
:10392000020A29D958461AF0C1FB94F87DB000F27A
:10393000E732D4F84802ABF10301A5FB0235C9B266
:10394000AD09039BAAEB03022A44049220E6184621
:103950002A4604AB594623F06CF9049A84F85B02BA
:10396000E36928683EE6AEF1E80E3C20D4E99E23E8
:10397000AEEB020E71449AE53C25E2E740F2B53128
:103980000620FDF7ADF840F279513020FDF7A8F898
:1039900040F2C2413020FDF7A3F8B4F81C523C209D
:1039A000D4F84CC283E540F216513020FDF798F868
:1039B00040F22E513020FDF793F800BFF0B585B0EE
:1039C000002800F015810446072900F20081DFE895
:1039D00011F09200080008007B00FE0080008800C3
:1039E000FA001BF03FFDD4E99E23801A61EB03012E
:1039F000012871F10003C0F20D816FF00102002374
:103A000082428B41C0F20181E3690BB1B0FBF3F359
:103A100094F89F200E2A00F0CF80B4F89810B4F8E4
:103A200056220B449BB2D11A0D0454BF531C0133D0
:103A30009BB2A4F8563294F85932B4F8561223B90E
:103A4000B4F80C328B4200F0C680B4F8D40002AD5A
:103A5000B4F89830B4F892220344B4F8D20001329A
:103A60006F4E013BA4F892221B1A9FB2336853B1E8
:103A700001390022204689B29847B4F85612014411
:103A800089B2A4F856127B1A18046ED4002320467B
:103A900000951A46FFF742FC00284AD1D4F884303A
:103AA0003BB3B4F8CE20B4F856329B1A1BB2002BAD
:103AB0001FDDB4F888100B44013BB3FBF1F303FBAB
:103AC0000123A4F8CE3014E005B0BDE8F0401AF0B0
:103AD000AFB801201BF0C8FC05B0BDE8F040FFF70F
:103AE00097B890F84432042B40F08B80002380F884
:103AF000443205B0F0BD90F8583253B3B0F85632A6
:103B0000B0F8982093426BD09A1AA0F89830A0F899
:103B10000E222046D4E99C23C4E99E2313F0AAFC7C
:103B200094F81332002BE4D005B0BDE8F04025F046
:103B3000A7B9012860D1B4F85612B4F80832CA1AED
:103B400012042FD4BDF80830194489B2A4F85612D3
:103B50008CE7B0F85432B0F89810B0F854225B1AE1
:103B6000A0F89820A0F80E32D3E794F8A220012301
:103B700028460394002A8DF808300CBF3E23082302
:103B800084F8C13010F096F9204625F07BF9002327
:103B900094F85C0284F844321DF078F8202384F80D
:103BA0005C32A6E7BDF80820114489B27A1A12F4F3
:103BB000004F18BF1946C9E7B4F85612013189B24F
:103BC000A4F8561241E7CB213020FCF789FFCF2122
:103BD0003020FCF785FF013189B2A4F8561234E792
:103BE000B0F80C22D31AA0F89820A0F80E3290E773
:103BF000A6213020FCF774FF40F252613020FCF720
:103C00006FFFC5213020FCF76BFF40F205613020CB
:103C1000FCF766FF40F204613020FCF761FF00BF53
:103C2000A00000212DE9F043D0F81C31002683B01C
:103C3000054680F820610F46D0E9548983F81622A2
:103C400080F838610121D0F81C010FF015F9D5F882
:103C50001C41324631462046C4E99E8995F8183108
:103C6000C4F8947284F85C32334684F84462A4F851
:103C70009062C4E9A2890096FFF750FBD0B90123F6
:103C8000C4F84002C4F8380284F84432A4F856025A
:103C9000A4F8540284F85902B4F89830A4F89202B7
:103CA000013BA4F8983019F091FD03B0BDE8F04352
:103CB0001CF076BE40F2F3113020FCF711FF00BF7C
:103CC000D0F81C01704700BF2DE9F043002385B0F8
:103CD0000322FF26CDE900338DF806206846FDF764
:103CE000E3FF044620BB009D95F83831002BF5D04A
:103CF00085F860610121284624F012FF95F83831DB
:103D0000002BEBD095F818011DF030FB95F8180149
:103D10001DF0BCFE95F818011CF0B8FF00283CD03F
:103D200085F838416846FDF7BFFF04460028DAD021
:103D3000DFF87C800123002502264FF6FF7788F804
:103D400004301AE0029BE3B193F85C22202A18D0D9
:103D50001888B8421BD00221FDF76CFF814608B3DA
:103D600090F85C021DF092FE99F85C0289F84442DA
:103D70001CF08CFF202389F85C32CDE902558DF8C8
:103D80000E6002A8FDF790FF04460028DAD0002359
:103D900088F8043005B0BDE8F08340F2DF11302030
:103DA000FCF79EFE40F22B113020FCF799FE00BF7D
:103DB000380C0021044B002242F210715A71D98054
:103DC0001A71FFF781BF00BF380C00212DE9F843BD
:103DD00090F83831002B76D1044688460146564883
:103DE000154603F0FF071CF025FF202806466AD081
:103DF0005022394604F58C701EF0D8FC84F8186106
:103E0000C4F81C81FF2384F83831B8F1000F06D0C4
:103E10000FF054FC00F00700013088F83402022350
:103E20004FF00008A4F8483184F8408127F0B6FA32
:103E300000F1BC062046B6B224F03CFE002846D075
:103E400022F058FA00F5CD6128464FF0010989B2F9
:103E500027F09CFA2844C4F844011BF003FB3018F7
:103E6000A4F8268041F10001C4F8500184F82091A3
:103E70002046C4F8541124F033FE002845D0A5F59F
:103E80009D654946204624F084FD2D1AC4F824512E
:103E90004FF0FF326FF00043C4E9562304F5A071E0
:103EA00094F818011DF006F800283FD000212046A4
:103EB000D4E95423A4F83A11C4E94C2324F030FE89
:103EC0003846BDE8F8830C273846BDE8F88301463C
:103ED000204624F05EFDDFF86480EC30C4F8440135
:103EE000B8F8060008B1E08CB8B906441BF0BAFA7D
:103EF000361841F10001C4E95461002DC8D0AE1953
:103F000041F10001C4E95661C8E7EC3D484624F0A0
:103F1000D7FE2D1AC4F82451BAE70FF0CFFBB8F83A
:103F20000630B0FBF3F202FB1300DEE740F2C111F2
:103F30003020FCF7D5FD00BF39310001380C0021DD
:103F400090F838310BB90020704710B50446FF23B4
:103F500080F86031012124F0E3FD94F838310BB989
:103F6000002010BD94F818011DF000FA94F8180113
:103F70001DF08CFD94F818011CF088FE20B1002380
:103F800084F83831002010BD40F2DF113020FCF7FA
:103F9000A7FD00BF014B5871704700BF380C0021CE
:103FA00090F8602182B910B502F0FF0490F820214A
:103FB00012B90122104610BDD0E949319942F9D910
:103FC00012F078F92246F5E700221046704700BF4C
:103FD00010B5044618F042FE074B9A68824208D397
:103FE000E16941F64B52914203D9187980F0010002
:103FF00010BD002010BD00BF380C002140F20B2185
:1040000008B523F0AAFDB0F5296F28BF4FF4296049
:1040100080B208BD90F81332002B73D1F0B503F0D5
:10402000FF0590F8443285B00446032B01D005B05B
:10403000F0BD1BF017FAD4E99E23801A61EB03014F
:10404000012871F10003F2DB6FF00103834275EB8D
:1040500001035ADBE369B4F89820002B53D0B0FB7E
:10406000F3F080B20132B4F80C32104480B2A4F8FC
:104070005402B4F854229B1A1BB2002BD7DD94F8DB
:104080005C021DF073F90028D1D0FF2384F8593267
:10409000B4F898500DF10E06B4F8D420B4F8D2302C
:1040A00015441F4F013DED1A3B68ADB263B1B4F842
:1040B000541200222046013989B29847B4F854328C
:1040C000184480B2A4F85402B4F85432EB1A1B041A
:1040D000ADD4B4F8541200230122204689B20096D0
:1040E000FFF71CF90028A2D0012813D1B4F85432EC
:1040F000BDF80E2013449BB2A4F854323B68002B49
:10410000D5D1E1E770471846ACE740F2AD51302019
:10411000FCF7E6FC40F2F4513020FCF7E1FC00BF74
:10412000A00000212DE9B043044682B0062900F228
:104130009780DFE801F0041D0A1A232A6D004B4B1B
:104140001B7903F0FF02002B7CD0042384F8443257
:1041500019F03CFB1CF024FC0023B4F89820A4F8D0
:104160009232A4F8562284F8593202B0BDE8B083E6
:10417000032380F8443202B0BDE8B08318F092FD0A
:10418000C4E9A00102B0BDE8B08390F87D30C569F4
:10419000033BD0F84C12DFF8D480012B98F805309F
:1041A00094BF4FF4BD794FF4A9798D428CBF6D1A3D
:1041B00000251BB9436C9D4228BF1D46D4F81872D8
:1041C00004F1440023F023FC074402201DF0E6FA2A
:1041D0000221ED1B25EAE575854228BF05462846E4
:1041E0001DF030FB00B92F444A463946204623F0E3
:1041F00089FCE269D4F81832C8F80800D0181DF01C
:104200007FFA0028B1D140F275313020FCF768FC0C
:1042100090F87D502846033D19F048FF4DF6417156
:104220000246134B012D20461144A3FB013194BFDC
:104230002823002303EB9111803102B0BDE8B04385
:1042400023F078BCB0F80C1201230092FFF766F857
:1042500000283FF47DAF40F2CD613020FCF740FCF8
:1042600040F269713020FCF73BFC00BF380C0021A4
:10427000D34D6210012A70B5064609D0022A1446B1
:104280000D461ED04AB140F293713020FCF728FC55
:1042900018F0E4FCC6F8940270BD18F0DFFC22466A
:1042A00001462846FFF7BEFC32460F4995F8180133
:1042B0001BF0C4F80028EFD140F27C713020FCF7ED
:1042C0000FFCD0F8941201222846FFF7ABFC3246CF
:1042D000054995F818011BF0B1F80028DCD140F22F
:1042E0008D713020FCF7FCFBBD390001F8B50446A8
:1042F00051B1012962D1002380F8203119F066FA0A
:10430000BDE8F8401CF04CBBC58C002D4ED12046BA
:10431000D4E94C7624F08CFB40194FF0000341F1B6
:104320000001C01984F840314FF0020346EB01014F
:10433000C4F85001C4F83001C4F85411A4F848314D
:10434000C4F8341194F8603103F0FF017BB96FF0C9
:104350000043D4E956029A4208BFB0F1FF3F0FD1A3
:1043600004F5A07194F818011CF0A4FD58B30023C3
:10437000A4F83A3119F02AFABDE8F8401CF010BB55
:104380002046D4E9545624F004FBD4F85831EC30DC
:10439000D4F85C215B1B62EB06021B1A62F100027F
:1043A000002ADDDA204611F085FFE0E70FF06EF914
:1043B000E58CB0FBF5F303FB1505A8E740F2A3710C
:1043C0003020FCF78DFB40F2EC613020FCF788FBDD
:1043D00090F83801003818BF01207047014BD88091
:1043E000704700BF380C002106220B4603F8032B50
:1043F000B0F809C0C27AA1F803C09A70704700BF34
:1044000018230B70704700BF40F2A921322008B575
:10441000FCF766FB70B5002844D0437A04460E468C
:104420007BB300214089FDF705FC054600283ED0FE
:1044300000880EF071F800212888FDF711FC002893
:104440003AD11321334604F10902293403F8031B3E
:10445000D2F800C0103252F80C5C103352F8080C3D
:1044600052F8041CA24243F810CC43F80C5C43F809
:10447000080C43F8041CEBD1107800221870B271BC
:1044800070BD036DD0F80E20C3F80320428AA3F854
:104490000720427B036D12F0FD0F14BF01220022A2
:1044A0009A70CEE740F2F2213220FCF719FB40F27D
:1044B000FE213220FCF714FB40F202313220FCF7DF
:1044C0000FFB00BF044B00221B68A3F8BA2083F83F
:1044D000BC2083F870207047440C002108B50EF012
:1044E00087FD034B187019F0E7F8032008BD00BFE3
:1044F0001000002108B50EF07BFD024B02460120A2
:104500001A7008BD1000002138B50D4D2C6894F8C4
:10451000893063B900230121204684F87010A4F883
:10452000BA3084F8BC30BDE8384005F0D5B919F090
:1045300087FA18F0B7F8002384F889302C68E9E787
:10454000440C002138B5114C002003F05BFB2568BA
:1045500003F0ECFA2368E867D86F60B103F022FB40
:1045600070B119F0BDF9002019F020FA2368042277
:1045700083F8702038BD40F2B6413220FCF7B0FA23
:104580004FF497613220FCF7ABFA00BF440C0021D6
:1045900008B50EF02DFD044B024600201A7003F002
:1045A00087FC012008BD00BF1000002170B53D4C04
:1045B0000646236893F87020032A34D093F87020BD
:1045C000042A30D093F854309B0731D16568002D10
:1045D0004FD0236893F85420002A40D06EB3284669
:1045E00022F0E9FE18B9284622F000FF20B3236824
:1045F00093F87020022A4BD993F87020082A4CD8DF
:1046000093F870102846A268274B12690B4452F8A1
:10461000233098470C2827D8A368DB68BDE8704092
:1046200053F820301847D86F03F0BCFA0546CEE7A0
:1046300003F0D0FA0546CAE7236893F87020022AEF
:104640001CD993F87020082A1DD893F87010A2681E
:10465000154B52690B4452F823309847DAE741F280
:104660008F313220FCF73CFA41F2A2313220FCF7C4
:1046700037FA41F289313220FCF732FA41F26F31D8
:104680003220FCF72DFA41F270313220FCF728FA83
:1046900041F20F313220FCF723FA41F2103132207F
:1046A000FCF71EFA440C0021FDFFFF3F38B5144C07
:1046B000236893F854309B0719D16568DDB12368EE
:1046C000FF2093F8B91018F035FB284619F008F9C7
:1046D000236893F8B930033B012B94BF28200020B6
:1046E00019F064F92368072283F8702038BD03F0BD
:1046F00071FA0546E2E740F2DD413220FCF7F0F9BD
:10470000440C0021F0B5514C00220E4605462368AA
:1047100041F2707083B0196D5A72CA69B1F800C065
:10472000A3F80AC0A2F57A7C844540F2818048480B
:10473000A0FB0202C2F38F221A848A8C5A84CA8C8C
:104740009A844FF47F42DA844FF6FF721A85002D67
:1047500064D00121304622F050FD3278D20923681E
:1047600093F8481009B1002A36D193F88600002149
:104770000828596119833CD003F10E0203F10D01A1
:104780000EF0BCF900285BD023685A7B03F11A07AE
:1047900042F002025A73002D3AD103F198000268E8
:1047A0003A608288BA8093F95810186D0EF004FCB4
:1047B0002068284923F0E8F8236827491A6D03F197
:1047C0002A001488A3F8334092F8A62083F83520F5
:1047D00023F0E3F803B0F0BD427902F0C002402AB2
:1047E000C3D102685A61828893F886001A83082828
:1047F000C2D193F89E10D3F89820B3F89C00597357
:104800000021C3F80E205882C3F81A10D983CAE7D2
:104810000021304622F0F1FC2368C0E76068694659
:1048200022F09EFB636868461A78C2F3801296E70E
:104830000A48A0FB0202920902F5506292B27BE79D
:1048400041F2D8313220FCF74BF900BF440C002173
:104850005917B7D115440001E9430001D34D621047
:1048600008B5002003F0FAFA0EF0C2FB024B024634
:1048700001201A7008BD00BF10000021034A022366
:10488000106880F8703004F0ABBE00BF440C00210B
:1048900040F25A31322008B5FCF722F930B50478DD
:1048A0008DB004F00F0402A9224603F097FC18F023
:1048B00003FF0EF09DFB204B042C187002D0032048
:1048C0000DB030BD1D490546039A0868147890F86C
:1048D00098108C42F3D1547890F899108C42EED114
:1048E000947890F89A108C42E9D1D47890F89B1083
:1048F0008C42E4D1147990F89C108C42DFD151792C
:1049000090F89D209142DAD19DF8191090F89E20E0
:104910009142D4D17F2D0CD07F2202A97C301A7015
:1049200090F82C30827A009503F0B2FB03200DB092
:1049300030BDFFF7ADFF00BF10000021440C002187
:104940002DE9F04F044687B006290CD8DFE801F0C6
:10495000AC34110B0B0B0400BA4D286890F88C3066
:10496000002B40F0CD8018F0A7FE032007B0BDE873
:10497000F08F18F0A1FEB34B186890F854309D07E3
:10498000F3D090F88C30002BEFD0AF4B93F9002090
:104990007F2A00F009820292FF2590F886107F227C
:1049A000CDE900511A70214600F1420302227C3009
:1049B00003F0C2FA0320D9E7A24D867C2968012EB4
:1049C00091F88C3091F88D90059391F8483083F0F0
:1049D000010B00F0B480002691F85420374612F005
:1049E000040000F0B48091F84D30002B00F0AF804F
:1049F00091F88880B8F1080F40F0AC8091F84180C0
:104A00000027C44620B3626891F85B0092F800E08A
:104A1000864500F062814FF0000A91F88520082A4F
:104A200005D091F88800904208BF4FF0010A002F8E
:104A300040F0F280BBF1000F40F048813846B9F1F8
:104A4000000F40F0EB8018F037FE2B6893F85420ED
:104A500093078AD018F030FE059B002B85D028687C
:104A6000A36800F14201A27C90F8410021F0E2FF2E
:104A700017B9002800F06E81734A92F900307F2B3D
:104A800000F0928102932146286890F8864000F158
:104A90004203CDF800807C3001947F241470012201
:104AA00003F04AFA032061E7664D286890F8543015
:104AB0005F071BD590F88D30002B5DD0636890F8B0
:104AC0005B201978914200F0DC8090F85630012B81
:104AD00000F0B38090F88830082B04D090F885203F
:104AE0009A4200F0AA8018F0E7FD286890F88C3010
:104AF000002B46D190F88D30002B7FF436AF32E793
:104B000090F85430990769D54F4A92F900307F2BBD
:104B100000F04A810293214690F886307F24019369
:104B2000FF23009300F1420314707C30062203F04F
:104B300003FA2B680022092083F8A82016E7826870
:104B4000527902F0C002402A7FF445AF44E791F861
:104B500085804FE740460DF0DFFE002818BF8346F2
:104B6000002F40F0E780296891F8418091F85420A7
:104B7000C44602F0040045E790F88C30002B3FF467
:104B8000F2AE90F854309E0760D4D8077FF5EDAEB2
:104B9000590700F102812C4B93F900207F2A00F085
:104BA00003817F200292FF26002218702146286888
:104BB00090F88630CDE9006300F142037C3003F0C9
:104BC000BBF92B68032093F88D20002A7FF4CEAE2A
:104BD00093F88C30002B7FF4C9AEC4E6DA077FF57A
:104BE000C2AE5B0700F1D680174B93F900207F2AF5
:104BF00000F0DA802868FF2502927F2290F8861064
:104C0000CDE900511A70214600F1420306227C30A2
:104C100003F092F90320A9E6012010E72B6893F82E
:104C20005630012B06D0002B7FF40DAFBAF1000FE8
:104C30003FF409AF00283FF406AF0A2007B0BDE8F3
:104C4000F08F00BF440C002110000021574A92F958
:104C500000307F2B00F0A8800293214690F8863028
:104C60007F240193FF23009300F1420314707C30F2
:104C7000002203F061F92B680122092083F8A820A3
:104C8000A1E7597890F85C2091427FF41EAF9978A3
:104C900090F85D2091427FF418AFD97890F85E20AB
:104CA00091427FF412AF197990F85F2091427FF41E
:104CB0000CAF5A7990F860309A427FF406AF627C6C
:104CC00090F85A309A427FF400AFB6E7423160461E
:104CD000A368A27C21F0AEFEB1E692F801E091F863
:104CE0005C0086457FF497AE92F802E091F85D0093
:104CF00086457FF490AE92F803E091F85E00864519
:104D00007FF489AE92F804E091F85F0086457FF465
:104D100082AE507991F8602090427FF47CAE94F896
:104D200011A091F85A20AAEB0202D2F1000A4AEB34
:104D3000020A72E6A16840460DF0F8FF29680746AE
:104D400091F841C091F8542050B34CF0020802F0A1
:104D5000040057E6286890F85530023B012B3FF6D7
:104D600004AE002E3FF401AE104B93F900207F2AD1
:104D70001AD00292FE2590F886107F22CDE90051CC
:104D80001A70214600F1420301227C3003F0D4F86E
:104D90000320EBE518F090FC26E718F08DFCFAE60E
:104DA000E04602F004002DE6FFF772FD100000213E
:104DB00030B5184C85B094F900307F2B27D00A46C7
:104DC0007F21217014490C6894F87010032916D0C3
:104DD00094F8701006290CBF03210121CDE902319E
:104DE00094F88650014604F14203019594F8B90005
:104DF0000090002002F02CFF18B905B030BD002152
:104E0000ECE7002005B0BDE8304003F027B8FFF71D
:104E10003FFD00BF10000021440C00210F4A136821
:104E200010B593F8701002290ED993F87010082964
:104E30000FD893F870109268094B92680B44BDE844
:104E4000104052F82330184741F28F413220FBF7CF
:104E500047FE41F290413220FBF742FE440C002114
:104E6000FDFFFF3F38B51C4D2B6893F87020022AD8
:104E70002DD8027C044683F884201A44C1685967FF
:104E800092F8BD2083F8B9204268C3F88020037AE5
:104E9000022B0ED017F0B2FF18F0D2FD17F002FC73
:104EA0000E4818F007FD0E4818F0FEFC0D4818F0EB
:104EB000B7F8637C03B938BD2868643021F0B0FDD1
:104EC0002B68DB6E002BF6D001221A6038BD40F64D
:104ED000AC013220FBF704FE440C002154010021F8
:104EE00055555500D6BE898E38B505460C460DF091
:104EF00085FA420704D4A37803F0E003402B0DD0D9
:104F00000DF07CFA830704D4A37803F0E003202B90
:104F100004D0237803F03F03242B01D9002038BDAF
:104F200017F07EFE94F9003094F802C0002B6278EE
:104F30000CF01F03ACBF1E214FF4967142EA03230D
:104F400001FB03F31A1AB2F5877FE7D39842E5D83D
:104F5000054A294623881068A0F8BA3080F8BCC0FA
:104F6000BDE8384004F0D4BA440C002170B5334E8B
:104F700084B0336893F88C507DB30A4693F8A81038
:104F8000044631B9017800290CBF0121022183F8C0
:104F9000A81093F870100629C8B241D0072814BF92
:104FA00001250225264991F900007F2843D042338C
:104FB000CDE9020593F84400019093F87700009042
:104FC0007F2008702146002002F042FE40B9022DE9
:104FD00028D00020054602F06BFF284604B070BDC3
:104FE0006378DB061ED5A1690220FFF77DFF054629
:104FF0000028EED03368002283F894206169C1B1A3
:105000004A780978100902F00F0241EA0222A3F857
:10501000962083F8950018F04FFB284604B070BD29
:105020000325BFE70020054602F018FF284604B01C
:1050300070BDFF20EDE7FFF72BFC00BF440C002103
:105040001000002110B504468AB00DF0D1FF194AB6
:105050002378107003F00F03072B02D001200AB051
:1050600010BD2046694603F057F9684603F042FA3E
:105070009DF80030002BF1D19DF80130DB07EDD514
:105080000D4C019922689DF8110002F1980392F8E5
:105090009E2021F0CFFC0028E0D020680121903034
:1050A00021F0F7F8FF216846FFF760FF0028D5D010
:1050B0000220D4E710000021440C00212DE9F0412A
:1050C00004468AB00DF094FF4E4A2378107003F026
:1050D0000F03082B04D0012420460AB0BDE8F0815C
:1050E0006946204603F0AEF89DF80030002BF2D15F
:1050F0009DF8013003F00303032BECD1424E3568D9
:1051000095F84D30002B46D095F8888095F8893079
:10511000002B43D1002705F1980395F89E200199B3
:105120009DF8110021F086FC08B9002FD3D0336818
:1051300095F8482093F8417003F14205002A49D1BF
:105140009DF812000299012834D02B463A4621F0EE
:1051500071FC0028BFD030680121903021F099F80F
:10516000356895F88930002B43D121460120FFF79F
:10517000C9FA306890F8543013F0030432D023F0A9
:105180000403032180F854300C4604F0CFFB0020C8
:1051900002F038FDA0E795F88580B7E721F08EFC96
:1051A0000828B7D0A0EB080785F88600B7FA87F77C
:1051B0007F09B0E74B7903F0C003402BC5D12B46E4
:1051C0003A4621F037FC0028C5D1029940460DF03F
:1051D000ADFDBEE740460DF0E3FD0028B0D005462A
:1051E0000127ADE7022104F0A1FB204602F00AFDF1
:1051F00072E718F025FC17F055FA002385F889307E
:10520000B3E700BF10000021440C0021F0B5544F5B
:1052100085B03B6893F8AF30D3B1437804461B07A1
:1052200016D50378A3B93B680E46D3F8B0005030CA
:1052300024F027FA054658B93A68D2F8B000837DC1
:1052400053B9616991F801C0817AB1EB1C1F03D099
:105250000025284605B0F0BD6168002951D092F8BC
:105260008520082A2ED010460DF1070102AA0DF064
:1052700045FC064600286DD03B68D3F8B000837D1E
:10528000002B4AD0636902A99DF807005A781209D9
:105290001EF0F1FB0028DCD03B68BDF80C10D3F801
:1052A000B02002981182D0609DF80710D3F8B0208A
:1052B000D1726369012135465B789174C3F303139E
:1052C0009372C6E7002B36D06369607C5A78120966
:1052D0001EF0D1FB0028BBD0636939685A78D1F839
:1052E000B030C2F303129A7262681068D860928874
:1052F0001A82D1F8B030627CDA72002201259A74E9
:10530000A7E72EB3012EA3D1084602F03DFF0028E7
:105310009ED03B6893F88E509BE700F10C0102ABE6
:105320009DF80720C07A21F085FB002891D03B68CA
:10533000D3F8B020BDE70B46627C00F10C01C07AC7
:1053400021F078FB002883D03B68D3F8B030D4E755
:1053500001257EE740F69D713220FBF7C1FB00BFBF
:10536000440C00214378F0B50446580687B071D448
:10537000227803F01F0352EA03236BD008466188AA
:10538000052967D9227A6368C2F3040253EA020549
:1053900060D0344D2D68002D5ED000285CD0A84729
:1053A000002857D0304E0121227A3068C2F304021F
:1053B0006368D0F8B05069768DF814201A0A8DF819
:1053C000103005F11E008DF811201A0C1B0E04A9D7
:1053D0008DF812208DF8133021F07AFC628840F2AB
:1053E000E24303FB02F2637BAA67D4F809202A6038
:1053F000A27B43EA0223E27B43EA0243227A6B6008
:10540000C2F34212238A85F89220013B3268A5F844
:10541000623092F8B930EB75637825789A0603F01C
:105420001F0354BF1E224FF4967245EA032317460A
:1054300002FB03F517F036FC0B46218A0246306862
:105440000631D0F8B00089B2019750300095029132
:1054500014F0ECFA07B0F0BD034E3168D1F8B0504B
:10546000AAE700BF34010021440C00212DE9F04FD0
:10547000DFF8F8A09346847C83B0DAF80020064673
:10548000012C894692F84870984687F001073ED073
:10549000002492F88950234605B392F85410490726
:1054A00025D47068002839D092F88550082D26D070
:1054B000284601930DF030FA019B002818BF0746DB
:1054C0001BB3DAF8003093F88B3083B321F000FB84
:1054D000DAF800300022054683F88B208BF8005064
:1054E00089F8004088F8007003B0BDE8F08F92F8AA
:1054F0004D100029D5D092F88850082DD8D123B16D
:10550000DAF8005095F88A10B9B10025E6E783680B
:105510005B7903F0C003402BBAD1BAE7019302F0E4
:1055200033FE019B0028EAD0DAF80020BCE72846C9
:10553000B1680DF0FBFB0546D0E7B06801910DF0B6
:10554000F5FADAF8003085F8890093F88950002DD3
:10555000C4D021F0B3FA0828019904D0DAF8003059
:1055600083F88500BAE70D46B8E700BF440C002178
:105570002DE9F0416A4C002205460F466368D4F8D5
:10558000008018461A8018F0ABF9032D37D0052D8E
:105590004AD0606808F1980121F0E9FC98F89E1063
:1055A000606821F0F8FC236893F8482003F1420674
:1055B00093F8417052B193F85420520718D493F8DD
:1055C00085000DF0EDFB08B1064601273146606805
:1055D00021F0BFFC3946606821F0D0FC514BD3F874
:1055E0000431002B40F09680052D12D0BDE8F081EB
:1055F00093F84D20002AE2D093F88800E1E7606834
:10560000037823F00F0343F0030303700C2343706C
:10561000C0E7236831681A6DC2F80A10B188D181D9
:105620001B6D5F72BDE8F081D4E90006222331785A
:10563000737021F02F0141EA471141F005013170EB
:1056400041F64B51036D1B6AC6F80F30026D936B28
:10565000F3741F0A1B0C37757375D369B2F8407069
:105660008B42D16B3BD9DFF8C0C0ACFB01E1ACFB96
:1056700007C7890ABF0AF175C1F30721B7753176EB
:105680002949A1FB0313C3F38F2373761B0AB37657
:10569000938CF3761B0A3377D38C73771B0AB3771B
:1056A000D2F8A730C6F81F3092F8AB3096F8242015
:1056B00086F82330036D22F01F0293F8B23003F016
:1056C0001F03134386F824300CF0BEFE96F82430F6
:1056D00003F01F0343EA401386F8243059E7DFF84C
:1056E0004CC0ACFB01E1ACFB07C749097F09F17570
:1056F000C1F30721B775A3F57A77317641F270715E
:105700008F42BDD80A49A1FB03139B0903F55063DF
:105710009BB2BAE740F2F9513220FBF7E1F900BF42
:10572000440C0021008000415917B7D11F85EB516F
:10573000D34D621010B50DF05BFC0B4A0B4B146897
:10574000187094F889301BB917F0B6FF032010BD0C
:1057500018F076F916F0A6FF002384F8893017F0C8
:10576000ABFF032010BD00BF440C0021100000213E
:1057700070B51F4C0E20236893F8B91017F0DAFAB1
:10578000236893F854309B0729D165685DB3284698
:1057900018F0A6F8236893F8B930033B012B94BFA7
:1057A0002820002018F002F92668681D96F8B950E4
:1057B0000DF0EAF9236886F8890093F8892052B140
:1057C000033D012D94BF5525502516F04FFF284667
:1057D00018F02AF92368082283F8702070BD02F0BF
:1057E000F9F90546D2E740F2CA413220FBF778F9D1
:1057F000440C0021F8B52E4C0546236893F8BC20D4
:105800005F2A2CD851092B4A565C93F8BA0000F055
:105810003F0017F00FFC236893F9580017F0FAFBCC
:10582000FDB1236832460120596F17F08FFD2368C0
:10583000314693F89430022B0CBF4020FF2017F024
:1058400079FA256895F854309B0710D195F8A8305F
:105850006768A3B13846BDE8F84018F041B80026A3
:10586000D3E732467321012017F070FDDFE702F025
:10587000B1F92568074695F8A830002BEAD1781DC4
:105880000DF082F9236885F8890093F88930002BA0
:10589000E0D0033E012E94BF5524502416F0E6FEBE
:1058A000204618F0C1F83846BDE8F84018F018B89E
:1058B000440C0021F4510301F0B52F4C83B0054690
:1058C000236893F8BC205F2A30D851092B4A575CD3
:1058D0005A6F7ABBD3F8800018F03AF8266896F829
:1058E00054309A0703D596F89420022A34D05B07E7
:1058F0002ED425BB284602F047FC014628460D461B
:1059000002F04CFC024606F1A9002946256895F8EC
:10591000943095F8B950009502F094FD2368002268
:1059200083F8B97083F88A2003B0F0BD5A6F00275E
:10593000002ACFD00120FFF75DFF2368CAE70020CF
:1059400002F03CFC014606F1A90002F071FDE5E71A
:1059500096F89430012BCCD1FB1E012B05D939468A
:10596000002018F017F92668C3E796F85930012B84
:1059700014BF39460321F3E7440C0021F45103011D
:1059800007292DE9F04F0D4687B004469046476839
:1059900003D12FB9002A00F0C880002F00F09080BA
:1059A000637CDFF8C092012B5DD0072D40D0D9F881
:1059B000003093F88500082840D00DF10F0104AAAB
:1059C0000DF09CF8002800F0488104A99DF80F0014
:1059D00022F0DAFC0746D9F8006096F8543013F04C
:1059E000030076D1824613F0040386F88CA040F0C1
:1059F000C88000219C4B86F88D101B6833B141464E
:105A00002046984786F88E00D9F80060636843B155
:105A1000627C86F89E201A68C6F898209B88A6F8B3
:105A20009C30A06808B1072D39D007B0BDE8F08FD1
:105A3000D9F8006096F885000828BED16168607CBE
:105A400022F0A2FCD9F80020074661688532607C0C
:105A50000CF08AFF0028BED1D9F80060A6F88C00AF
:105A600086F88E00DDE77B7903F0C003402B9CD1E4
:105A7000D9F80060072D96F8893000F0A480002B3B
:105A8000D8D021F01BF8D9F8003086F88500012223
:105A900093F8850083F88A2083F886008BE7D6F890
:105AA0008C3096F8851033F07F43BED00829BCD0E7
:105AB0000DF05AF8D9F80030012283F88B20B4E7B2
:105AC000DFF8A091D9F8006096F8543013F0030085
:105AD00088D0062D96F84CA070D9082D00F28C8045
:105AE00096F88CB08BF00101B8F1000F0CBF0021CB
:105AF00001F0010100297FD16268002A5ED1B8F16E
:105B0000000F40F093806278D00640F18F80012032
:105B100086F88C0058077FF56DAF96F84D1096F813
:105B20008DA0D30674D5012164E7DFF83891D9F848
:105B3000002092F8543013F0030118BF012113F034
:105B4000040382F88C1005D00378A3F10103B3FAA3
:105B500083F35B0982F88D3092F8AF30002B3FF46D
:105B600064AFD9F80030D3F8B000503023F089FD8D
:105B700000287FF45AAFD9F80030012283F88E2034
:105B800053E7062D96F84D1004D800297FF432AF64
:105B900039462FE796F88DA0082D3FF62AAFBAF1C7
:105BA000010F03D0B8F1000F7FF423AF6368002B1F
:105BB000EBD1B8F1000F2BD16278B2E7BAF1000F48
:105BC00008BFBA460FE7002B3FF434AFB8F1000F1F
:105BD0007FF455AF96F8B91001297FF452AF3846DB
:105BE0000CF0A4FF86F88900D9F8006096F8893097
:105BF000002B3FF41FAF44E7002213F0040386F8A4
:105C00008C203FF4F6AE96F84D1096F88DA0C3E7C1
:105C10000020019102F0B8FA1AEA000702D10199B6
:105C2000A9B10F46D9F800603946E3E6002002F03A
:105C3000ABFA1BEA000B0ED1BAF1000F02D10CF047
:105C40008DFE8246D9F8006096F85430CBE60CF011
:105C500085FE0746E6E7DA46F4E740F66231322091
:105C6000FAF73EFF440C0021A400002138B50F4D87
:105C7000002002F01DF92C6894F8893063B90023E4
:105C80000121204684F87010A4F8BA3084F8BC30A2
:105C9000BDE8384003F020BE17F0D2FE16F002FD3A
:105CA000002384F889302C68E9E700BF440C002108
:105CB00038B50F4D0DF09CF90E4B2C68187094F808
:105CC000893063B900230121204684F87010A4F8BC
:105CD000BA3084F8BC30BDE8384003F0FDBD17F0A1
:105CE000AFFE16F0DFFC002384F889302C68E9E76A
:105CF000440C00211000002138B5114D002002F0A5
:105D0000D7F80DF075F92C680E4A94F889301070A8
:105D100063B900230121204684F87010A4F8BA303A
:105D200084F8BC30BDE8384003F0D6BD17F088FEDB
:105D300016F0B8FC002384F889302C68E9E700BF2E
:105D4000440C00211000002138B5124D0DF050F91F
:105D5000114A00212B68107003F1900020F099FA8D
:105D60002C6894F8893063B900230121204684F817
:105D70007010A4F8BA3084F8BC30BDE8384003F0A5
:105D8000ABBD17F05DFE16F08DFC002384F8893062
:105D90002C68E9E7440C00211000002138B5144DAF
:105DA000002002F05BF80DF023F90246286800217C
:105DB000104B90301A7020F06CFA2C6894F88930EF
:105DC00063B900230121204684F87010A4F8BA308A
:105DD00084F8BC30BDE8384003F07EBD17F030FEDB
:105DE00016F060FC002384F889302C68E9E700BFD6
:105DF000440C00211000002170B5154D05212868C4
:105E000003F086FB50B12B68012093F8B91017F00E
:105E1000C1FE2B680B2283F8702070BD2E6896F8A7
:105E2000893063B900230121304686F87010A6F846
:105E3000BA3086F8BC30BDE8704003F04DBD044672
:105E400017F0FEFD16F02EFC86F889402E68E9E773
:105E5000440C002170B5164D00210320FFF788FB8C
:105E60000321286803F054FB40B10121084617F0D4
:105E700091FE2B68092283F8702070BD2E6896F879
:105E8000893063B900230121304686F87010A6F8E6
:105E9000BA3086F8BC30BDE8704003F01DBD044642
:105EA00017F0CEFD16F0FEFB86F889402E68E9E774
:105EB000440C002170B5244C236893F8BC205F2A61
:105EC00029D85109214A565C5A6F42BBD3F8800049
:105ED00017F03EFD256895F854309A0703D595F8DC
:105EE0009420022A20D05B0703D595F89430012B2B
:105EF0001AD0002002F062F9014605F1A90002F073
:105F000097FA23680021062283F8B96083F88A1083
:105F100083F8702070BD5A6F0026002AD6D0012069
:105F2000FFF768FC2368D1E7F31E012B05D9314642
:105F3000002017F02FFE2568DBE795F85930012B7C
:105F400014BF31460321F3E7440C0021F45103014F
:105F5000F0B52B4C83B0236893F8BC205F2A35D86A
:105F60005109284A575C5A6FA2BBD3F8800017F03A
:105F7000EFFC256895F854309A0703D595F89420DE
:105F8000022A2CD05B0703D595F89430012B26D03C
:105F9000002002F0F9F80646002002F0FFF8024661
:105FA00005F1A9002568314695F8943095F8B95067
:105FB000009502F047FA23680021052283F8B970A2
:105FC00083F88A1083F8702003B0F0BD5A6F002761
:105FD000002ACAD00120FFF70DFC2368C5E7FB1E8D
:105FE000012B05D93946002017F0D4FD2568CFE7ED
:105FF00095F85930012B14BF39460321F3E700BF50
:10600000440C0021F451030170B5234C236893F82C
:1060100054309B072FD16068C0B30C232068012146
:1060200080F8703003F082FC00210520FFF7A0FA11
:106030000621206803F06CFA054658B12368012058
:1060400093F8B91017F0A6FD236801221B6D83F8A1
:10605000A62070BD266896F889307BB900230121FF
:10606000304686F87010A6F8BA3086F8BC30BDE825
:10607000704003F031BC01F0ADFDCDE717F0E0FC5E
:1060800016F010FB86F889502668E7E740F2475182
:106090003220FAF725FD00BF440C0021012970B51C
:1060A00015D1A0B91E4A136893F8701008292DD98C
:1060B00093F870100C292ED893F870109268194B31
:1060C00052680B44BDE8704052F823301847144D15
:1060D000002001F0EDFE2C6894F889306BB90023A4
:1060E00004F1BA0201212046A4F8BA3084F87010F5
:1060F0009370BDE8704003F0EFBB17F0A1FC16F001
:10610000D1FA002384F889302C68E8E741F25F4136
:106110003220FAF7E5FC4FF4A3513220FAF7E0FC05
:10612000440C0021F7FFFF3F30B5244D83B02B68AE
:10613000D86F01F037FD00283BD004460A232868B9
:10614000002180F8703003F0F1FB2A6823780520E5
:10615000126D92F8A64004EA531404F0010421469B
:10616000FFF706FA0421286803F0D2F928B12B685A
:106170001B6D83F8A64003B030BD2C6894F88930BD
:106180006BB900230121204684F87010A4F8BA30BE
:1061900084F8BC3003B0BDE8304003F09DBB0190F3
:1061A00017F04EFC16F07EFA019884F889002C68EE
:1061B000E7E740F222513220FAF792FC440C00212A
:1061C000F0B5684C83B0002001F01CFD256801F09B
:1061D000ADFC2368E867D86F002800F0BD8001F0AF
:1061E000E1FC0546002800F0B280236893F8B43043
:1061F000002B67D1206890F8843090F87020034419
:1062000093F8BD7080F8B9701AB190F87030012B16
:1062100076D190F88720544B1344187916F00AFF72
:10622000236893F88420134493F8BD60022E65D050
:1062300041D9F31E012B40D801F072FC314616F013
:1062400079FD284617F04CFB3146012016F000FF7F
:10625000012F46D0681D25680CF096FC236885F850
:10626000890093F8892052B1033F012F94BF55252F
:10627000502516F0FBF9284617F0D6FB236893F853
:10628000542012F0060F06D093F884201A4492F896
:10629000BD1001293AD0002240F608000321A3F8DE
:1062A0008500C3F88A2083F88E2083F8A82083F81D
:1062B000701003B0F0BD012EBED040F2B571322097
:1062C000FAF70EFC236893F8542093F8B500196D83
:1062D0000243C3F8341183F85420002283F8B42019
:1062E00088E7E81C25680CF04FFC236885F88900D6
:1062F00093F88920002AC2D04025BAE70D209DE7F7
:10630000002103F005F930B1206882E7002017F082
:1063100041FC2368BFE7256895F889306BB90023F5
:106320000121284685F87010A5F8BA3085F8BC30F0
:1063300003B0BDE8F04003F0CFBA019017F080FB46
:1063400016F0B0F9019885F889002568E7E740F272
:1063500006413220FAF7C4FB40F204413220FAF73A
:10636000BFFB00BF440C0021F451030108B50CF041
:106370003FFE044B187017F09FF9BDE80840FFF787
:106380001FBF00BF1000002110B50CF031FE0D4AF8
:106390000D4B1468187094F889302BB917F08CF9EC
:1063A000BDE81040FFF70CBF17F04AFB16F07AF972
:1063B000002384F8893017F07FF9BDE81040FFF71B
:1063C000FFBE00BF440C00211000002138B5194C5D
:1063D000256895F889302BBB00206168FEF792F99B
:1063E000206890F8543013F003050DD023F0040317
:1063F000032180F8543003F099FA002001F002FCE8
:10640000BDE83840FFF7DCBE022103F08FFA2846D2
:1064100001F0F8FB2368A3F8BA5083F8BC5083F866
:10642000705038BD17F00CFB16F03CF9002385F8CE
:106430008930D1E7440C002138B50446FEF712FD3F
:10644000237A032B63D0012B6AD051D84E4C4F498D
:10645000226892F8873092F84B000133A1FB035C6D
:106460000CF4FF7505EB5C055B1B40FA03FCDDB229
:106470001CF0010F16D10133A1FB035C2CF00105C8
:1064800005EB5C055B1B40FA03FCDDB21CF0010F61
:1064900008D10133A1FB035121F0010505EB5101A6
:1064A0005B1ADDB282F8875092F9580016F0B2FDFF
:1064B0002368002283F8A820FFF782FE256895F85C
:1064C0004830A3B16FF00043D5E928129A4208BFC3
:1064D000B1F1FF3F0BD018F0C5FFD5E9282390425A
:1064E00071EB030303D301200CF0ECFB18BB38BDA8
:1064F000023B012BFBD8244C236893F8A80090B9E9
:10650000FFF7DAF92368052283F8702038BD1E4BA7
:106510001B68586F90BBFFF76DF9237A012B94D15C
:10652000194C2268C0E70120FFF7C6F9236806224C
:1065300083F8702038BD25680CF0DAFA044618F0AC
:1065400091FF6301E20E1B1B62F10002520242EA5C
:10655000D3525B021B1942F1000C9A014FEA8C1EC8
:10656000D21A4EEA936E6EEB0C0C13194CF100022A
:106570001B1842EB0101C5E9283138BD40F6F30193
:106580003220FAF7ADFA00BF440C0021ABAAAAAA48
:106590002DE9F041A54E86B0336893F8572052B1EB
:1065A00093F88C2005466AB12C78012C15D0022C6A
:1065B0006CD0002C59D0032417F07EF8204606B08A
:1065C000BDE8F08193F88D20002AEDD193F88E304C
:1065D000002BF0D02C78012CE9D117F06DF834683D
:1065E00094F8B930022B6B7800F0838003F0180325
:1065F000182B46D194F85430580700F1F7809907CA
:1066000017D08B4A92F900307F2B00F07081002068
:1066100002937F21039094F88630019394F8B93067
:10662000009304F142031170FF22294601F010FB90
:1066300038B3A9690120FEF757FC10B30123326873
:1066400082F894306B69002B00F0E38059780224C3
:10665000C1F3031182F8951059781B7801F00F01EE
:1066600043EA0123A2F89630A8E717F025F833682B
:1066700093F85420970704D0D3F88C3013F0FF1F01
:106680003DD10324204606B0BDE8F08117F014F890
:10669000336893F854209207F3D06A7802F0180216
:1066A000182AEED1624A92F900107F2900F01F816A
:1066B000002002914233039093F84410019193F823
:1066C000771000917F211170FF22294601F0C0FA56
:1066D0000028D6D0A9690120FEF706FC0028D0D0FA
:1066E000326882F894406B69002B00F0F78059788B
:1066F000AEE703F01903192B3FF47CAFC1E76B78C9
:1067000013F0100FC3F3001714BF0822012232EA5E
:106710000303B6D1AB688DF815408DF816408DF89F
:106720001740002B00F0A4800DF117030DF11601A6
:106730000DF115022846FEF799FE31689DF81530D7
:1067400091F84180002B40F0BF804231AB68AA7CB9
:10675000404620F06FF978B9336893F85530023B22
:10676000012B8ED89DF81630002B8AD09DF815305D
:10677000002B86D14FF0FE08002F7CD02C4991F9D8
:1067800000307F2B00F0B380029300243368424630
:10679000039493F886004233019093F877000090B9
:1067A0007F2008702946204601F052FA00283FF465
:1067B00068AFA9690120FEF797FB00283FF461AF9D
:1067C000336883F894406A69002A00F08B8051781E
:1067D0000224C1F3031183F895105178127801F067
:1067E0000F0142EA0122A3F89620E7E66B680BBB93
:1067F000AB68002B7FF445AFAB699B7813F0E003E7
:106800000CD194F84930002B3FF43BAF94F854304E
:10681000F5E6FF23022482F89530CFE6402BF5D130
:1068200094F84A30002BF1D12BE700BF440C002133
:106830001000002104F15B0394F85A2004F1980140
:1068400094F89E0020F0F6F8346894F88530082B10
:1068500003D094F888209A4239D094F85630012B0E
:10686000C6D0002B7FF40DAF00283FF40AAFBFE77E
:106870004FF0FF0880E71F4A92F900307F2B36D097
:1068800030687F21117090F87020032A05D090F8AD
:106890007020062A0CBF0324012442462946CDE974
:1068A000023490F8864000F14203019490F8B90058
:1068B0000090002001F0CCF900283FF4E2AE002067
:1068C000032401F0CBFA79E648F0020854E794F883
:1068D0005630012B8CD0002B8AD0D2E6FF2382F8D1
:1068E00095306BE6FF22022483F8952066E6FDF7DB
:1068F000CFFF00BF1000002130B505468BB00CF073
:1069000077FB354B2C7802466946284604F00F0485
:106910001A7001F001FD072C37D0304D00222146BE
:106920006846FFF72DF82B6893F8B930012B0CD08F
:10693000023B022B4AD8032416F0BEFE2D6895F8C0
:1069400089308BB920460BB030BD062C02D015D84B
:10695000022CF0D821466846FDF7F2FF2D68044668
:1069600095F88930002BEDD017F06AF815F09AFEF3
:106970000023204685F889300BB030BD072CDAD1D2
:106980006846FFF705FE0446D8E7144D68462B68B5
:1069900093F8B91001F0FCFC002221466846FEF78E
:1069A000EFFF2B6893F8B930022B07D00BD8012BDF
:1069B0000CD16846FFF7ECFD0446BFE79DF80030B8
:1069C000012BB8D1DCE7033B012BD9D941F2F611F9
:1069D0003220FAF785F800BF10000021440C002196
:1069E0002DE9F04790B0A64C0D4606A901F094FCA5
:1069F000206806A9A93001F04FFD23689DF8181002
:106A000093F89420914205D1032D1AD09DF81920B6
:106A100011076BD40020012601F04AFA256895F889
:106A200089301BB9304610B0BDE8F08717F008F880
:106A300015F038FE0023304685F8893010B0BDE8E7
:106A4000F08793F89520FF2AE0D12A4606A807216F
:106A5000FEF796FF2568D5F88C0030F07F40DAD03D
:106A60000023089F8DF815308DF816308DF81730FB
:106A7000002F52D00DF117030DF115020DF1160183
:106A800006A8FEF7F3FC25689DF8159095F841805F
:106A9000B9F1000F01D048F002089DF816A09DF84A
:106AA00017709DF81860012E3CD0022E2FD0002EBA
:106AB000B0D195F8543098072DD09DF8193099072A
:106AC00000F19F804FF0FF0895F88E3033B16D4B89
:106AD0001B681BB10D9808B10F999847414606A84D
:106AE000FEF744FA2568B0B1022698E70B9993F8AF
:106AF00095004A78B0EB121F8CD1097802F00F0292
:106B0000B3F8963041EA02229A4283D19DE795F884
:106B100054309A074CD1012681E7BA46B9464FF066
:106B2000FF08BEE79DF8193095F8A91003F0090297
:106B3000092A05D000293FF472AF1A077FF56FAF1D
:106B400095F854305B0703D595F88D30002B76D13E
:106B500095F88C30002B3FF462AF95F854309F07C6
:106B60003FF45DAF9DF8193013F0020300F0F080A0
:106B7000B9F1000F40F08880089B05F142019DF8B3
:106B80002A2095F841001FF055FF00287CD1256888
:106B900095F85530023B012B3FF641AFBAF1000F9B
:106BA0003FF43DAFFE2106A8FEF702F9256836E75F
:106BB00095F88C20002AAED09DF8192002F009012A
:106BC0000929A8D113F0020600F0888012F002060D
:106BD00000F00581B9F1000F40F05D81002F40F019
:106BE0004E81256895F85530023B012B93D8BAF1B8
:106BF000000F90D0FE2106A8FEF7DAF801262568DE
:106C00000DE7B9F1000F7FF45FAF05F1420195F890
:106C10004100089B9DF82A201FF00CFF25680028E2
:106C20007FF452AF95F85530023B012B3FF673AF1E
:106C3000BAF1000F3FF46FAF4FF0FE0844E70029B0
:106C400000F0AB80089B8BB1B9F1000F0ED1002F83
:106C50003FF47EAF05F1420195F841009DF82A20EE
:106C60001FF0E8FE256800283FF472AF05F19000A0
:106C70001FF031FB256800283FF46AAF0C26CEE6F2
:106C8000440C0021380100219C4991F900207F2A01
:106C900000F0318123687F20087093F87010032979
:106CA00000F09B8093F8701006290CBF032101218E
:106CB0004233CDE9022193F84400424606A90190EF
:106CC00093F877000090002000F0C2FF00283FF406
:106CD000A5AE002001F0C2F82568A0E612F002027D
:106CE00000F0A480B9F1000F0BD1089B05F142011F
:106CF0009DF82A2095F841001FF09CFE00283FF4E3
:106D000070AF7E4991F900207F2A00F0F48023685B
:106D10007F20087093F87010032905D093F8701045
:106D200006290CBF0326012606A94233CDE9022617
:106D300093F844004246019093F8770000900020B9
:106D400000F086FF002840F094802568012666E662
:106D50006A4991F900207F2A00F0CD807F200870D9
:106D600095F87010032905D095F87030062B0CBFEC
:106D70000323012306A90020CDE9022395F88630DC
:106D8000019305F1420395F8B9200092FF2200F02B
:106D90005FFF00283FF442AE9BE705F15B0395F8E7
:106DA0005A2005F1980195F89E001FF043FE2568D2
:106DB00095F88530082B04D095F888209A4200F089
:106DC000918095F85630012B3FF43CAF002B7FF4B7
:106DD000BFAE00283FF4BCAE34E7002168E7474B64
:106DE00093F900507F2D00F086807F2231460320EA
:106DF0001A70FEF7BDFB2368304601260295424615
:106E000006A90396423393F84450019593F87750BE
:106E1000009500F01DFF00283FF400AE2068903080
:106E20001FF059FA28B325680B26F8E5334991F984
:106E300000307F2B5FD07F20087095F870100329F9
:106E400005D095F87020062A0CBF0322012206A95E
:106E50000020CDE9023295F8862005F14203019227
:106E600095F8B9200092FF2200F0F2FE00283FF4CE
:106E70006CAF0020012600F0F1FF2568CFE5089BEC
:106E800005F142019DF82A2095F841001FF0D2FD3E
:106E900000283FF4A6AE194B93F900507F2D2AD05D
:106EA0007F220021032001261A70FEF761FB236870
:106EB0004246029506A90396423393F84400019096
:106EC00093F877000090002000F0C2FE00283FF405
:106ED000A5AD206890301FF0FEF9256800283FF42A
:106EE0009EADA1E795F85630012B3FF4ABAE002BD9
:106EF0003FF4A8AE2CE6FDF7CBFC00BF100000214C
:106F000010B504460CF074F8084A2378107003F0AA
:106F10000F03072B05D120460321BDE81040FFF7E2
:106F20005FBD002000F0C4FF012010BD1000002153
:106F300010B504460CF05CF8084A2378107003F092
:106F40000F03072B05D120460121BDE81040FFF7B4
:106F500047BD002000F0ACFF012010BD1000002153
:106F600090F83E00003818BF01207047007A0038C2
:106F700018BF0120704700BF036D10B583B1022216
:106F8000FF21044642721A884FF6FF7380F82710DB
:106F900003850649428120F0F7FC0023236510BDDC
:106FA00040F229313220F9F79BFD00BF1544000162
:106FB0002DE9F843012107460020FAF73BFE0121A5
:106FC00004460846FAF736FE0546204602F0C0F9A8
:106FD00002E094F870301BB194F87030012BF8D1B6
:106FE000002D42D0284602F0B3F902E095F8703047
:106FF0001BB195F87030012BF8D100F083FD002112
:1070000040F201194FF007080E463F2220461BF0C0
:10701000CDFB04F16400A4F84C9084F8546084F82B
:10702000876084F8587084F84B801FF0F2FC3F2290
:1070300031462846E6661BF0B9FB05F16400A5F869
:107040004C9085F8546085F8876085F8587085F80D
:107050004B801FF0DEFCEE66002384F8AF30C4F8EE
:10706000B03084F8B430BDE8F88300F04BFD3F2227
:10707000294620461BF09AFB40F20112072304F137
:10708000640084F85450A4F84C2084F8875084F8A5
:10709000587084F84B301FF0BCFCE566DCE700BF9D
:1070A000F8B503461C4E0F46002001217360FAF725
:1070B00083FD38B34FF4A072002104461BF076FB29
:1070C00001210846FAF778FD054688B14FF4A07211
:1070D00000211BF06BFBB368CBB13846FFF768FFAC
:1070E000204602F017F92846BDE8F84002F012B930
:1070F000B36863B13846FFF75BFF2046BDE8F84050
:1071000002F008B940F649013220F9F7E9FC40F6EF
:1071100053013220F9F7E4FC440C0021014B024AF0
:107120009A607047440C00213C0100210349044847
:10713000044B054A08601A60704700BF38010021FF
:1071400065530001A40000210D520001036823B122
:10715000054A916813600B68184740F61D113220EC
:1071600010B5F9F7BDFC00BF440C002138B50F4D38
:10717000002000F09DFE2C6894F8893063B900234C
:107180000121204684F87010A4F8BA3084F8BC308D
:10719000BDE8384002F0A0BB16F052FC15F082FAB0
:1071A000002384F889302C68E9E700BF440C0021F3
:1071B00080F84B10704700BF11F001031FD04FF053
:1071C000010C0222634680F8BDC011F0020F0ED000
:1071D00000EB030C490700B54FF0020E8CF8BDE040
:1071E00003D51044042380F8BD305DF804FB4A0742
:1071F00004D51844042380F8BD307047704701223D
:10720000E3E700BF80F85710704700BF38B5054668
:1072100090F84000A0F1020CBCF1010F98BF0029CA
:107220000CBF0124002408D010F0FD0FBDE8384049
:1072300014BF012000200BF013BA12F0FD0F194605
:1072400014BF012000201FF02FFC082801D0204689
:1072500038BD95F84000E7E790F8403013F0FD0F97
:1072600014BF012000200BF0FBB900BF90F8B42040
:10727000F2B908B5034602F0FF0093F85420022A41
:1072800007D0012A08BF04290CBF0120002002D02A
:1072900008BD0429FCD1D3F834215AB91A6D72B152
:1072A000042283F8B520FF2283F8B420012008BD12
:1072B0000020704740F69B113220F9F711FC40F690
:1072C0009C113220F9F70CFC80F84010704700BF89
:1072D00038B590F84030044600F1420113F0FD0F3C
:1072E00014BF0120002084F841000BF0A1F994F8AC
:1072F0004030023BDBB2012B94BF0123002384F812
:10730000483000D938BD0BF0F3FB054618F0AAF859
:107310006B01EA0E5B1B62F10002520242EAD35299
:107320005B025B1942F1000C9A014FEA8C1ED21AE3
:107330004EEA936E6EEB0C0C53194CF100021B18C5
:107340004FF0000042EB0101C4E928310BF0BAFC18
:107350000028D7D140F6B6113220F9F7C1FB00BFA3
:10736000B1F1000C4FF0080110B504460CBF01202C
:10737000002084F856C084F84D0084F8881009D1A4
:1073800012F0FD0F194614BF012000201FF08CFBE6
:1073900084F8880010BD00BF08B5A2B180F85A106B
:1073A000D2F800C0036DC0F85BC090F8411092881D
:1073B000A0F85F205972D0F84220C3F80A20B0F834
:1073C0004620DA8108BD40F6D4113220F9F788FB57
:1073D00080F84910704700BF80F84A10704700BF1E
:1073E0002DE9F041D0F8E0509DF81840954203D1C6
:1073F00090F840208A4202D00020BDE8F08114F0CD
:10740000020190F83A5126D00026B4463146324661
:1074100012E04EEA010100EB820253F82C700CF1ED
:10742000010E0136D2F8E4205FFA8EFC7632BA42C1
:10743000E2D1F2B295422CD300EB020E0CF101081E
:107440009EF8BDE0AEF10307012FE2D841F0040140
:107450005FFA88FCDFE78E460A4601E0954218D3C2
:1074600086180EF1010E96F8BD60F71E012F53F835
:10747000227088BF314300EB820698BF41F00401BF
:107480005FFA8EF2D6F8E46006F1760C6745E5D037
:10749000B2E704F00500401AB0FA80F04009BDE8F8
:1074A000F08100BF90F85430024659070DD413F014
:1074B000030000D1704792F8550000F0FD00A0F1E4
:1074C0000100B0FA80F04009704790F85600A0F132
:1074D0000100B0FA80F04009704700BF10B50446C3
:1074E00011B190F889307BB994F854309B0707D1DB
:1074F0000023A4F8BA3084F8BC3084F8703010BD92
:10750000002000F0D5FCF3E716F09AFA15F0CAF85F
:10751000002384F88930E7E790301EF0E5BE00BF15
:107520000149363020F030BA0144000110B5012184
:1075300004460020FAF77EFB78B3637880F8543075
:10754000227812F0010323D1012112F0020F05D09D
:1075500000EB030C0B4602218CF8BD10520703D53B
:107560000344042283F8BD20A37880F84030E378F8
:1075700013F0FD0F80F855300CBF0123002380F875
:107580004C30237980F84B30637980F8573010BD48
:107590000123022180F8BD30D7E740F66B2132206D
:1075A000F9F79EFA10B590F87030022B0BD1044613
:1075B000002000F07DFC0023A4F8BA3084F8BC3031
:1075C00084F8703010BD40F697213220F9F788FA20
:1075D00008B5002364301A4619460AF06DFF0028EA
:1075E0000CBF0C20002008BD10B50121044600206E
:1075F000FAF720FB68B1034690F8AF2002F0FF00D5
:107600002AB9C3F8B040FF2283F8AF2010BD0C2088
:1076100010BD40F6CC213220F9F762FA08B50121FD
:107620000020FAF707FB18B1002380F8AF3008BD3F
:1076300040F6DD213220F9F753FA00BF38B50121B9
:107640000020FAF7F7FAF0B1044690F8AF30BBB17A
:10765000002380F8AF30D0F8B0000121503022F084
:10766000CBF8D4F8B03093F8443003F0FF053BB9C1
:10767000D4F8B00012F07CFE2846C4F8B05038BDF3
:107680000C25284638BD40F6E4213220F9F728FAC7
:1076900008B501210020FAF7CDFA28B190F8AF0023
:1076A000003818BF012008BD40F607313220F9F735
:1076B00017FA00BF2DE9F04304468DB00D460020B7
:1076C0000121FAF7B7FA002800F0F8810646C03029
:1076D00001F05AFE002847D096F85430042B43D0CE
:1076E000666A002E00F03781B34F07F10C039E420B
:1076F00062D007F108039E425ED006F137090AF016
:1077000055FE074602A9484600F006FE002F40F04D
:107710002E81E37A05F11C00DB0600F12E81002E9C
:1077200000F0B5809DF80830022B00F0B0800146D3
:1077300094F82E30E52248461FF0C3FD94F82E3011
:1077400080464846434484F82E301FF0B2FD94F83A
:107750002E30181AB0FA80F04009002F32D108F10B
:107760001803954FDBB29AE03046FFF7F9FB00288B
:10777000B6D1914F07F1080507F10C060023626AA4
:10778000002A00F00681616A0A68A94262620B70F1
:107790004B708B70CB70F2D0B142F0D038681CF0D7
:1077A0006AF8EFF3108272B63B790133DBB23B71BA
:1077B000002AE3D162B6E1E70AF0F8FD00286AD0BA
:1077C0004FF00008E37AD90640F181815A0703D5CA
:1077D000E37EFE2B00F04A81032108F10A032970A1
:1077E000A27A02FB03F3EA7002336B70637B6B7166
:1077F000D4F80E30C5F80630638A85F80C80A844AA
:107800006B81237E88F80D30E37A13F0080700F0CF
:107810000C81DFF8A8810423674F46452B715FD1A7
:107820002B79022262F34613626A2B716AB1EFF37D
:10783000108272B6636A19686162002A00F0A7803C
:1078400000221A705A709A70DA70A4F10801386830
:107850001CF011F8EFF3108272B63B790133DBB202
:107860003B71002A00F0918002264FF004088DF849
:1078700004808DF805609DF8042000209DF80530F7
:1078800062F3070063F30F200DB0BDE8F083002F13
:1078900040F01D81484F18234FF0000801200422BA
:1078A0002A70A27A02FB03F3EA7002336B70D4F8F9
:1078B0000B20D4F80F30D4F813C0D4F817106A6036
:1078C000AB60C5F80CC02961D4F81B20D4F81F3078
:1078D0006A61AB6185F81B80DFF8E08046459FD088
:1078E00008F104094E456BD0002E00F0908050B393
:1078F000636A63B1EFF3108272B6636A19686162FA
:1079000002B962B600221A705A709A70DA70314663
:1079100038681BF0B0FFEFF3108272B63B79013389
:10792000DBB23B7102B962B6636A0022434584F858
:107930002E203FF475AF4B4500F0B4809DF8083021
:10794000022B00F088802B7901264FF0040866F3A3
:1079500046132B718BE704F12F090AF027FD074628
:1079600002A9484600F0D8FC002F3FF4D2AEE37ADB
:1079700005F10D00DB067FF5D2AE9DF81880059964
:1079800042461AF09DFE0120E7E662B66CE762B659
:1079900056E7A4F1080138681BF06DFFEFF3108281
:1079A00072B63B790133DBB23B7102B962B64FF478
:1079B0000073ADF804305EE7500C0021580C002134
:1079C000636A63B1EFF3108272B6636A1968616229
:1079D00002B962B600221A705A709A70DA70637D2A
:1079E00093BB2A794FF0040863F346122A71A4F17D
:1079F000080138681BF03FFFEFF3108272B63B7945
:107A00000133DBB23B71EAB962B602262FE794F884
:107A10000B8018F010083FF42AAF2B79A4F108016D
:107A2000386866F346132B7112E703F00302032A4A
:107A300019D05B070BD4022A3DD0002A43D1264F30
:107A4000297149E7022612E74FF00008CFE701232A
:107A5000214F2B7140E72B7901264FF0040823F0CA
:107A600068032B7103E72F711B4F35E711221A4F63
:107A70002A70A27AEA70120102326A7001222A7117
:107A8000627B6A71D4F80E20C5F80620628A2B73D7
:107A90006A81E369C5F80D30238CA5F81130237E87
:107AA000EB7419E72B7962F34613626A2B71002A93
:107AB0007FF4BDAEC9E6084F2A710DE74FF4E171BE
:107AC0003320F9F70DF89D213320F9F709F85621F5
:107AD0003320F9F705F800BF500C0021303270B5A3
:107AE000054692B20C461E461BF08DFE35B1044A87
:107AF00000231560147456741471536170BD00BF77
:107B0000500C002138B5054C00252068A5611BF0FC
:107B10009CFE237C6561237138BD00BF500C0021A1
:107B2000014B587C704700BF500C002138B51C4DEC
:107B30006C6954BB28681BF08EFE0346686148B32D
:107B40002A7908301C63013A9C86A861D2B2C3F836
:107B50001140C3F815402A71C3F81940C3F81D40FD
:107B6000C3F82140C3F82540DC62A3F829401C7407
:107B70000125DA7CFF2147F6FF7465F34612DC83AA
:107B8000597583F82310DA7438BD4FF4A47133208B
:107B9000F8F7A6FF40F24B113320F8F7A1FF00BF22
:107BA000500C002108B50A4B5B6933B103F10802A0
:107BB000904207D103F1370008BD40F25B1133203A
:107BC000F8F78EFF40F25D113320F8F789FF00BF10
:107BD000500C002110B50A4C606908B1373010BD57
:107BE00020681BF038FE606128B123793730013BF3
:107BF000DBB2237110BD4FF4B4713320F8F770FF7E
:107C0000500C002110B5114C6169D1B120681BF0F6
:107C100032FE2379D4E9052101330832DBB29142E7
:107C200023714FF000030ED0636149B10839206819
:107C30001BF021FE237900220133A261DBB2237104
:107C400010BDA169F1E7C4E9053310BD500C002156
:107C50002DE9F0477D4E17460D469DF820C032793C
:107C60009DF824009DF928109DF82C90002A00F022
:107C7000AB8098467369002B00F0D080B469002C6B
:107C800000F0D080EA684AB195F810E0A28D724405
:107C900040F2726E724500F3BA80A28501220CF1A7
:107CA000FF3C21765FFA8CFCA272B9F1000F00F064
:107CB0008380BCF1030F00F2BA80654A12F80C20F1
:107CC000627583F811906A691AB15278C2F303128F
:107CD000A275EA6912B15288A4F8192095F800A09B
:107CE000E17AAAF10102D5F808C0B2FA82F252098B
:107CF00062F30001BAFA8AF2C1F3400E5209BAF1F6
:107D0000020F08BF4EF0010E6EF3410102EA51026C
:107D100062F3C301E172BCF1000F03D0CAB242F0BA
:107D20000402E2722A6A12B192F90020E2756A68CE
:107D300082B1082804F10E025BD004F10D010AF0B3
:107D4000DDFE00287DD0637B43F00203637373691B
:107D5000D5F808C0BCF1000F0BD0BA1E04F11C010D
:107D6000012A3ED9DCF80020E261BCF804208A80B8
:107D7000E776B9F1000F0FD000221A705A709A708E
:107D8000DA70626A002A3FD0A26A1360A3623149A6
:107D900020461FF005FE7369AA6932B151789278C6
:107DA00002F01F0251EA022213D0002B44D000231C
:107DB00001207361BDE8F087BCF1030F37D8244A76
:107DC00012F80C2022757CE702F0FF031846BDE88C
:107DD000F087616AB260E9B1A16A1F4A0A60A262D3
:107DE000E3E7D8F80020E261B8F804208A80E7765B
:107DF000BFE7697C617369680868C4F80E00898808
:107E00009180D5F808C0A5E76362A362BFE70020B0
:107E1000BDE8F087104A6262A262C6E750213320B3
:107E2000F8F75EFE4FF444713320F8F759FE40F244
:107E30000B310620F8F754FE4FF4D1713320F8F7D8
:107E40004FFEBC213320F8F74BFE00BF500C002141
:107E5000FC510301B5760001580C002138B5124DD4
:107E6000AC69DCB1114920461FF09AFD0023EB609C
:107E7000EFF3108272B6636A4BB1A16A05F10C038D
:107E80000B60A36202B962B60023AB6138BD05F195
:107E90000C036362A362002AF6D1F4E740F2733167
:107EA0003320F8F71DFE00BF500C0021B57600010D
:107EB00038B51E4CA3691BB35A7D0AB30022A260D9
:107EC000EFF3108172B65A6AEAB1986A04F10802B7
:107ED00002609A62A9B1A56915B3154928461FF039
:107EE0005FFD0023E360EFF3108272B66B6A8BB123
:107EF000A96A104B0B60AB6202B962B60023A361A2
:107F000038BD62B6E7E704F108025A629A620029B6
:107F1000E1D1F6E7074B6B62AB62002AEED1ECE7EA
:107F200040F273313320F8F7DBFD00BF500C002125
:107F3000B57600015C0C00212DE9F843524D0F4647
:107F4000002604682979984606609DF820909DF8DF
:107F500024009DF9283081B9A4F1080128681BF09C
:107F60008AFC2B790133DBB22B7100236A69AB6188
:107F7000002A7FD06B61BDE8F8830121C4F8096055
:107F8000C4F80D60C4F81160C4F81560C4F8196035
:107F9000C4F81D60A4F82160A172062A65D8DFE844
:107FA00002F02A3138643D640400E27A22F01202C1
:107FB00042F01202E27223760123082804F10E0235
:107FC000237547F6FF73E3822FD004F10D010AF009
:107FD00095FD002853D0637B43F002036373E37A7B
:107FE0005B072DD4FF23E376002323722749204625
:107FF0001FF0CDFCB9E7E27A22F0130242F013023F
:10800000E272D8E7E27A22F0150242F01502E2723B
:10801000D1E7E27A42F01002E272CCE7E27A22F093
:108020001A0242F01A02E272C5E77B7C63737B6836
:108030001968C4F80E109B889380E37A5B07D1D54A
:10804000A9F1020304F11C02012B07D9BB681968CE
:10805000E1619B88938084F81B90C5E7D8F80030D5
:10806000E361B8F804309380F5E74FF4757133207D
:10807000F8F736FD4FF4D1713320F8F731FDBC210C
:108080003320F8F72DFD00BF500C0021B57600011C
:10809000F8B53B4D8446002610462A790F46DCF899
:1080A00000409DF91810CCF800607AB9A4F10801DD
:1080B00028681BF0E0FB2B790133DBB22B71002326
:1080C0006A69AB61002A52D06B61F8BDC4F80960DF
:1080D00008286289C4F81560217641F6012122F44E
:1080E000DF52C4F8116041EA032141F6FF3322F068
:1080F0001F02C4F80D6003EA0103C4F81960C4F854
:108100001D6043EA0203A4F8216004F10E026381BA
:108110004FF00103237547F6FF73E38214D004F197
:108120000D010AF0EBFC38B3637B43F00203637389
:10813000E37A5B0713D4FF23E3760023237211490C
:1081400020461FF024FCBAE77B7C63737B681968C8
:10815000C4F80E109B889380E37A5B07EBD5BB686D
:10816000FF221968E1619B88E2762384E5E74FF4FA
:10817000D1713320F8F7B4FCBC213320F8F7B0FC00
:10818000500C0021B5760001034B986918B1407B73
:10819000FF3818BF01207047500C002108B5064B6E
:1081A0009B6923B1D87EFF3818BF012008BD40F27B
:1081B00034413320F8F794FC500C002108B5064BED
:1081C0009B6923B1987DFF3818BF012008BD40F29C
:1081D0003F413320F8F784FC500C002170B50C4669
:1081E000164605461EF0D3FE0346284663741EF06D
:1081F000D9FEA074062E13D8DFE806F00419041285
:108200000412040000230121EA1C6170C4E9012367
:108210006B78063BDBB223743BB10935E56070BD7A
:10822000002363702374C4E90133E36070BD03214C
:1082300000236A18093561702374E360C4E90125DD
:1082400070BD00BF70B50C46C17811F03F015CD025
:1082500005461EF09CFE0346284663741EF0A2FEEF
:10826000A0742B796370E878830923702B7913F05D
:10827000010641D14FF0050C4FF00B0E624613F092
:108280000201666002D005EB0C017246A16059073D
:1082900001D50132D2B213F0080102D0961CA91800
:1082A000F2B2616113F0100102D0D61CA918F2B22B
:1082B000A16113F0200103D002F11206A918F2B255
:1082C00013F04003E16102D0AB180132D2B200F0EA
:1082D0003F002362011D891A11F0FF0114BFAB1882
:1082E0000B4663626B78013B1B1ADBB2237453B1FC
:1082F0000A441544E56070BD4FF00B0C6E1D4FF045
:10830000110E6246BBE7E36070BD20462822BDE83F
:1083100070401AF04BBA00BF70B5067806F00F0631
:10832000072E26D00C4605461EF031FE0346284691
:1083300063741EF037FEA074062E13D8DFE806F033
:10834000041D04120412040000230121EA1C6170C0
:10835000C4E901236B78063BDBB223743BB10935DA
:10836000E56070BD002363702374C4E90133E360EA
:1083700070BDBDE87040FFF765BF032100236A1898
:10838000093561702374E360C4E9012570BD00BF45
:108390000378012B2FD0022B23D00339C9B2A3B10C
:1083A000012908D9427800236FF34512C361037491
:1083B000C360427070474378DA06F3D543780022F1
:1083C0006FF3861302624370ECE7012923D94378E7
:1083D000DB06E7D4437800226FF3C30342614370A6
:1083E000DEE743780022033923F003034260C9B279
:1083F00082604370D4E74278002302296FF3410280
:1084000083604270CED0D2B20339436063F300027E
:10841000C9B24270C4E7427812F0100FDAD022F0ED
:108420000302C0E90133D3064270C7D4D2E700BFCC
:10843000012300225940037043700371C2704271DE
:108440008170704710B4012B124C9DF804C0C0F825
:10845000024004D0022B17D083B110BC7047ACF19E
:10846000020C4FF0000310BCBCFA8CFC4FEA5C1C01
:108470006CF307036CF30F230380704710BC01708B
:1084800042700371C37070470022012310BC028048
:10849000437170470001010003782BB14B78002233
:1084A0006FF300034A604B7043782BB14B78002286
:1084B0006FF341038A604B7003792BB14B78002234
:1084C0006FF34513CA614B7083782BB14B78002250
:1084D0006FF3C3034A614B70C3782BB14B78002212
:1084E0006FF304138A614B70437913B100230B744B
:1084F000CB6070474378002223F022038260C26180
:1085000043707047042816D003280DD0022840F28B
:10851000762240F2464340F6480004BF13464FF42B
:10852000856018449630704740F6A22341F2BE1091
:1085300018449630704741F6067344F29020184470
:108540009630704740F2F521212008B5F8F7C8FAB7
:1085500040F29B31212008B5F8F7C2FA70B5044605
:10856000FF2380F8313190F8B80018F0FFFE94F83E
:10857000B80019F08BFA00212046FEF7AFFF94F8FF
:1085800038313BB1D4F8283153B104F5847001F08F
:10859000ADFF09E0D4F8340110B1D4F82831FBB1B3
:1085A00004F5847001F004FF002684F8316194F82A
:1085B0003851204615F0FF0518BF0C25FFF708F8C5
:1085C00084F83861C4F8346184F8306194F8B800F4
:1085D00018F05CFB48B12023284684F8B83070BD01
:1085E00000F5007001F0E4FEDAE7FFF7ABFF00BF33
:1085F000F8B5044616F036FF05460E46D4F8342189
:10860000002A56D04FF0000C94F83A0161466346B8
:1086100004EB83030CF1010CD3F8E4205FFA8CF334
:10862000763283421144F3D9D4F8E070B94214BFD2
:1086300001270227384619F0B1F83F2837D9431CE3
:108640005DD0D4E93C3219188A4298BFD01AD4F8C8
:10865000C030D4F8C4205B1B62EB0606012B76F118
:10866000000255DB00229842B2415ADA41F28836C4
:10867000864228BF0646C5F1900516F0F3FE054474
:10868000B54214D83946304619F0DCF878B9D4F838
:10869000F030D4E93D20334430449342C4F8F03004
:1086A000C4F8F80044D0BDE8F84019F029B800201B
:1086B000F8BDD4F8E0C0072794F83A0111461346F4
:1086C000ACFB07E704EB83030132D3F8E4307633E5
:1086D0001944D3B28342F5D98C451BD0D4F8D820A5
:1086E000D4F8C830D4F8DC109B1AD4F8CC2062EB54
:1086F0000102734572EB070311D301279AE7D4E90E
:108700003C30C61A41F288339E4228BF1E46B2E76B
:108710000026B0E75EEA070301D003278AE70227B5
:1087200088E741F28830834228BF03461E46A2E70D
:10873000D4E94223C4E93623B5E700BF2DE9F04F61
:1087400091B004461E460F46BDF86830029205936C
:1087500016F088FED4F8E4A08346049194F83A0118
:108760000AF176010D4650B1012304EB8302013377
:10877000D2F8E420DBB2763283421544F5D9D4F83E
:10878000E090A94566D1002E64D094F83031002BDA
:1087900040F03882029B002B40F0B8836FF000431A
:1087A000D4E930129A4208BFB1F1FF3F00F069826C
:1087B00094F83931234493F8BD00431EDBB2032BF8
:1087C00000F2E883C34A0428D35C00F090830533A9
:1087D0000328DBB200F09683022800F0858305337E
:1087E000DD0015F063FC4AF2A133BB4A05F588753C
:1087F000034400260AA8A2FB03238DF8286005EB9A
:1088000093151BF5B2730E93049B0B9543F1000374
:108810000F930223ADF8303018F060FA002800F012
:10882000CC830E9AD4F8C0300F999B1AD4F8C42088
:1088300062EB01025B1B62F10003002B80F26B8391
:10884000B246012206965E46DDF810805346D146B8
:108850000392A9E0029B002B40F04281002E40F0E1
:10886000DC81D4F808210BF5B276D4F80C31ABEBEF
:108870000205B5FBF9F509FB05F5AD18A6EB0506F4
:1088800043F10008B14594BFA6EB09023246002827
:1088900000F027838A42C0F0E782A2F17609012125
:1088A000A9EB0A02012819D0D4F8E83003F1760CBC
:1088B000624505D3A2F176090131A9EB0302C9B2E1
:1088C00002280BD0D4F8EC3003F17600824205D3B5
:1088D000A2F176090131A9EB0302C9B204EB8103CD
:1088E000D3F8E4A00B46E01890F8BD0000F1FF3C7F
:1088F0005FFA8CFCBCF1030F00F24C83DFF8D4E18B
:1089000004281EF80CC00CF105095FFA89F900F083
:10891000C582032800F0D682022800F0EE8209F119
:1089200005094FEAC9090391CDE9052315F0BEFBFE
:108930004AF2A13C059A8444039902F58870814467
:108940006548A0FB0C30069B09EB9010504500F2E7
:108950006A8204EB8301D1F8E410A1EB020ABAF1B8
:10896000000FC0F23F837619D4F80811D4F8C8205C
:1089700048F10008D4F80C51521A00F12D83D4F8B4
:10898000E000B2FBF0F200FB02F2521845F10005E4
:10899000B6EB0209C4E9422500F11E830122B9FBAE
:1089A000F0F9069200220392E21892F8BD00421EEE
:1089B000D2B2032A00F2EE82464904288A5C02F110
:1089C0000505EDB200F0CE81032800F0F181022808
:1089D00000F024820535ED00059315F067FB4AF29F
:1089E000A13205F5887502443B48A0FB023205EB35
:1089F0009215D4F8C020911BD4F8C42062EB080271
:108A0000012972F10003059BC0F2A98100208A456B
:108A100070EB020200DB8A4604EB8303D3F8E40028
:108A2000504528BF5046C4F8F400B9F1000F03D0F8
:108A3000069B002B40F0C281D4F83431029A2AB14F
:108A4000D4E94212C4E93268C4E936120022C4F8FB
:108A5000F050C4E934687A72002B00F0878194F8F2
:108A60003AC11146134604EB83030132D3F8E430D4
:108A700076331944D3B29C45F5D2D4F8E03099420C
:108A800014BF012302233B72039B7D60002B00F087
:108A900062810123049A3B70D4F8C030D4F8C4102A
:108AA000B3EB0B0361EB0201012B71F10002C0F289
:108AB00083810A4A00249A4274EB010100DA1346CA
:108AC0005B1B3B6185428CBF0020012011B0BDE8DB
:108AD000F08F00BF00520301D34D62100040420FDF
:108AE0000123069300230393049B1BF5FA6643F1CD
:108AF000000801F021FD01F0A9FCD4F8342103465F
:108B0000002A39D000210790D2F8080201F0AAFC0F
:108B1000079B0146834200F0AF81D4F834010993EA
:108B200000F50070089101F061FC0022C4F82821D2
:108B3000D4F83421DDE908130792002A00F04782B7
:108B40000891002900F09281099301F001FDDDE90F
:108B50000813002800F0368288680A68DDF81CC017
:108B600012184868CCF8002240F10002CCF8042228
:108B7000B1F92420ACF82422194604F58470079337
:108B800001F034FC079B1BB1B3F92420A4F82C217D
:108B9000A9450CBFD4F81051D4F8E050002B00F0D8
:108BA00061811A689868596880182A4641F1000165
:108BB000CDE9006801F07EFC85428146C0F0F88175
:108BC000861948F1000801F0BDFCD4F8E01001F26C
:108BD000CF7202EB0903B3FBF1F301FB03F3F31ACA
:108BE000C4F8083168F10003C4F80C31059B002B70
:108BF0003AD14FF0FF306FF000414FF00109C4E966
:108C00003001D1E6B4F92C31002B3FF4C3AD029B07
:108C1000002B7FF465AFD4F8E0900023D4E9420242
:108C2000ABEB000610EB0901B6FBF9F609FB06F603
:108C300042F100087618A6EB0B0248F10008B2F5E5
:108C4000B27F29D2D4F8D0200393121AB2FBF9F2E2
:108C500009FB02000122301A19EB0606069248F1C0
:108C60000008B0FBF9F99FE61846314642F210734E
:108C700042464FF00109E0FB03120023C4E9301221
:108C800092E6DDF8089001225E46DDF810804B4642
:108C9000CDF81890039287E694F8BD008DF828303F
:108CA000431EDBB2032B00F27581CC4A0428D35C4F
:108CB00003F10505EDB200F01081032800F05481A6
:108CC000022800F055810535ED0015F0EFF9D4F8D4
:108CD0000821D4F8D03005F58875D4F8E0109B1A37
:108CE000D4F83461B3FBF1F301FB03F39B184AF2B0
:108CF000A1320244BA480E93A0FB0202D4F80C0140
:108D000005EB921240F100000B9200220F908DF8BB
:108D10003120002E00F0088194F83A511046134695
:108D200004EB83030132D3F8E43076331844D3B232
:108D30009D42F5D281420CBF022001208DF8300007
:108D40000AA81DF001FF0023012281460393069229
:108D5000DDE90E6828E63B70C7E90468B2E64FF02B
:108D6000000A59E6AD0105F5C87535E6D4F8E0A06E
:108D700007211A4694F83A919E46AAFB01C104EBDA
:108D800083030132D3F8E43076339E44D3B299455D
:108D9000F5D2F24559D0D4F8D830D4F8DC20F31A03
:108DA00068EB0202634572EB01033AD301236AE6E2
:108DB0002D0105F5BF750FE6002381E64FEA49094D
:108DC000B4F92C011FFA89F11EF0D1FEB4F82C2160
:108DD000D4F83431121A12B2A4F82C2163B1A3F8DA
:108DE0002422D3F800221218C3F80022D3F8042258
:108DF00042EBE072C3F80422C117D4F808213618F8
:108E000041EB08081018D4F80C21C4F8080141EB14
:108E10000202D4F8F400C4F80C210FE60635AD00C8
:108E2000DAE502232FE694F83A218A423BD9D4F8B6
:108E3000E0204B1C9642DBB280F0B08004EB830252
:108E4000D2F8E4A00AF1760689E5D4F8C830D4F85F
:108E5000CC20F31A68EB0202634572EB0103E0D207
:108E6000032310E69946AEE600211BE50020002111
:108E7000079AC2E980017FE6D4F834C1D4F8102102
:108E8000DCF80802CDF81CC0824238BF0246C4F8A4
:108E900010210CF50072C4F8282151E64FEA891917
:108EA00009F5C8793FE5D4F8E02096420FD3B6EB38
:108EB000420F4FEA420176D204EB83020E46D2F80B
:108EC000E4A04CE54FEA091909F5BF792BE51646F0
:108ED00004EB8302D2F8E4A041E5AD0105F5C875C5
:108EE000F3E601460346FEE406339D0079E40533CC
:108EF000DBB29B0103F5C87573E409F106094FEA7B
:108F0000890910E51B0103F5BF756AE40023069388
:108F100001230393E8E5B146012206965E46DDF89B
:108F200010804B4603923FE5072594F83AE1B4469A
:108F30003246A1FB055804EB82020136D2F8E42048
:108F400076329444F2B29645F5D2614515D0D4F804
:108F5000D8209B1AD4F8DC2060EB0202AB4272EB03
:108F6000080308D30120E9E62D0105F5BF75ACE63D
:108F70000635AD00A9E60220E0E6D4F8C8209A1A2A
:108F8000D4F8CC3060EB0303AA4273EB0803F2D2AF
:108F90000320D3E6FD210520F7F7A2FD40F21E4194
:108FA0002120F7F79DFD40F23B412120F7F798FD86
:108FB00040F25E312120F7F793FD40F28A412120F3
:108FC000F7F78EFD40F2F1612120F7F789FD40F2BD
:108FD000EB612120F7F784FDFFF7BAFA0052030195
:108FE000D34D621040F244412120F7F779FD00BFD4
:108FF000F0B5044689B0072900F2E980DFE811F0F6
:109000005C00360036006B00E70070000B00E200E9
:109010002046FEF785FA94F83031002B00F00B81E2
:1090200094F83831002B3ED1D4F8340120B1D4F873
:109030002831002B00F0F88004F5847001F0B8F9B5
:109040002046FEF7C5FA002384F83831C4F83431DD
:1090500084F8303194F8B80017F018FE002800F0BA
:10906000E880202384F8B83009B0F0BD90F8BC3017
:1090700090F8BB2003F01F0352EA032340F09F80C7
:109080000022012302A920460092FFF757FB002887
:10909000BED002A994F8B80017F00CFF002800F029
:1090A000D18009B0F0BDD4F82831002BC4D004F52C
:1090B000847001F01BFAC3E790F8313103F0FF052B
:1090C00023B30121FEF70AFA14F080FB09B0BDE8D2
:1090D000F04017F065BC09B0BDE8F04014F0A8BD41
:1090E00090F831316BB990F8BC3090F8BB2003F0A8
:1090F0001F0352EA03235CD090F8B930033B012BE5
:1091000072D909B0BDE8F040FEF730B817F0D8FDCD
:10911000D4F80831B0EB030CC4E9320100F19080BF
:1091200094F83A61D4F8E07002940595B6B1BCFBAE
:10913000F7F207FB02332A46C01A2B4604EB8303DF
:10914000D3F8E43003F17601884203D37638013551
:10915000C01AEDB20132D3B29E42EFD294F8BC30C5
:1091600094F8BB2003F01F0384F839518DF8185090
:1091700052EA032330D1BC4538BF0123BC4534BF7C
:10918000002701278DF8103002A88DF81970FDF71F
:10919000DDFFD4F8F000A0F58070C4F8F80018F0F6
:1091A000AFFA00287FF47DAF40F2A5112120F7F738
:1091B00097FCFFF71DFA00287FF473AFA1E7FEF7D5
:1091C000F1F95DE740F2D9112120F7F789FC40F26F
:1091D000DD112120F7F784FCD4F8FC2003230027BD
:1091E00003928DF81030CFE790F80031002B88D132
:1091F000012144F2365084F8001118F023FB0028B6
:109200007FF47FAFD4F8F03044F23652D4F8F8004F
:1092100013441044C4F8F030C4F8F80018F070FAA1
:1092200000287FF43EAF6CE700F5007001F0C0F855
:1092300002E7FFF787F94FF4AB712120F7F750FCF5
:10924000FFF786F940F225712120F7F749FC00BFAE
:1092500030B589B090F83021002A45D1044602F09B
:10926000FF03FF2280F8302180F8313190F83A5125
:109270009C4680F83931A0F82C31184604EB830362
:109280000CF1010CD3F8E4205FFA8CF376329D42A6
:109290001044F3D2D4F8E030984220D0D4F8E4203F
:1092A00002F176034DB1EC32D4F8E830012D1344CD
:1092B00003D07633D4F8EC201344C4F81031009175
:1092C0000023012202A92046FFF738FAB0B102A913
:1092D00094F8B80017F0EEFD58B109B030BD41F276
:1092E0008833C4F81031EAE740F276212120F7F7FD
:1092F000F7FB4FF423712120F7F7F2FB40F28B21AB
:109300002120F7F7EDFB00BF014B1870704700BF3D
:10931000110000210D4B002141F6690210B51960C2
:109320001B6893420CD8044690F8303123B190F872
:1093300030310BB1FFF712F90023A4F82C3110BD26
:1093400040F614012120F7F7CBFB00BF6C0C002185
:1093500010B5044690F8303113B190F830311BB994
:109360000023A4F82C3110BDFFF7F8F80023A4F86F
:109370002C3110BD90F8303103F0FF020BB91046CC
:109380007047FFF7EBB800BF90F87000003818BFC7
:109390000120704770B590F830310BBB0D46D1B14C
:1093A00004460146134803F0FF0617F043FC20284B
:1093B00084F8B8000DD0C4F8345195F8283203F081
:1093C000FF0193B984F838112046FFF741FF0120CF
:1093D00070BD304670BD40F293212120F7F780FB2D
:1093E00040F292212120F7F77BFB40F29E212120C1
:1093F000F7F776FBF18F000130B585B090F830318A
:10940000002B56D103F0FF020B78CDE90122039225
:1094100013F001023ED194460125964613F0020452
:1094200007D00DF1100C0CEB8E0EAC46CD684EF84B
:109430000C5C13F0040334D10CF1FF3C5FFA8CFC9C
:1094400080F83AC14968C0F8E010C0F8181140F23D
:109450007121A0F81C111AB101997639C0F8E410F5
:109460005CB104A9551C00EB820401EB8201EAB255
:1094700051F80C1C7639C4F8E4104BB104AB00EB86
:10948000820003EB820353F80C3C763BC0F8E430D7
:1094900005B030BD8C68944602254FF0010E019452
:1094A000BCE70DF1100E0D690EEB8C0E4EF80C5C46
:1094B000C6E740F2B1212120F7F712FB38B5044688
:1094C0000D460848214617F0B5FB202884F8B8005F
:1094D00005D020462946FFF7BBFE012038BD0020FD
:1094E00038BD00BFF18F0001D0F8342108B552B16A
:1094F00090F8303103F0FF020BB9104608BDBDE80B
:109500000840FFF72BB840F2E6212120F7F7E8FAF0
:1095100070B590F8313113B10025284670BD04466E
:109520000D4615F09FFF94F8B920062D50D8DFE8BE
:1095300005F0290404073B0404000125284670BDFA
:10954000033A012A94BF4FF461764FF45776D4F86A
:10955000C820D4F8F030801AA3F588730644B342CB
:109560008CBF01250025D8D82046FFF741F80028F8
:10957000D3D0D4F8F050A5F58875AE422CBF0025A5
:109580000125CAE7531EDBB2032B1DD81349042A59
:10959000CB5C0FD05E1D032AF6B211D0022A06D092
:1095A0000536F6009836D2E74FF40276CFE7063656
:1095B000B600F7E75E1DF6B2B60106F5C876F1E72C
:1095C000360106F5BF76EDE7FD210520F7F788FAAD
:1095D00040F23D312120F7F783FA00BF005203012A
:1095E00090F8BC305F2B2DE9F04F044689B047D886
:1095F0005909B44A0A4492F80490B9F1040F00F0F2
:109600000F8194F9BA2003F01F0394F8BB50002A8D
:1096100094F8BA2045EA0325ACBF1E234FF4967395
:10962000D20903FB05F514BF4FF496771E2713F0FC
:10963000F7FAA5EB000813F019FB94F8BA304619B5
:1096400008EB070A13F0400F14BF32254FF4FA75E8
:109650001CF050FEB8F5D87F28449B4D0AFB0055FE
:109660009A48A0FB05354FEA95456ED394F8313101
:109670004BB114F0ABF809B0BDE8F04F17F090B95A
:109680004FF00009BDE74846DFF844A214F006FD9C
:109690008C4B03EB8903D3F808804AF2A13343448F
:1096A000AAFB032307EB9317AB3707EB45070744E8
:1096B000484614F0F3FCA7EB000B484614F0F6FC08
:1096C00094F85410A8EB00080BF5887B0129AAFB3D
:1096D000083A4FEA9A1A00F0DF804846FEF712FF78
:1096E000D4F8C830ABEB0A0BD4F8CC20843B8344CD
:1096F00042F1FF329B19CDF80CB042F100025D1B24
:1097000062F10003734A10780022FE288DF80820C9
:109710008DF81120CDE9065300F0AE804A0740F1E4
:10972000AB808DF8100002A994F8B800C4F8F0B02E
:10973000C4F8FC70C4E9345317F0BCFB002898D17E
:109740004FF4D4612120F7F7CBF94846DFF880A128
:1097500014F0A4FC5B4B0246484603EB8903D3F8A4
:10976000088008F2E733AAFB031307EB93172037AF
:1097700037442F44174414F091FCA7EB000B4846E4
:1097800014F094FC94F85410A8EB00080129AAFBEB
:10979000083A4FEA9A1A74D04846FEF7B3FE0BF522
:1097A000887BD4F8F090ABEB0A0303EB000AD145B9
:1097B0004DD2484B93F80080B8F1FE0F36D04B07DE
:1097C00034D5404617F0EAFFAAEB09034146402B87
:1097D00038BF4023984228BF1846804618F032F818
:1097E00040B32046FDF7DEFE94F8312102F0FF037E
:1097F000002A7FF43EAF1A4602A920460093FEF7E6
:109800009DFF002853D002A994F8B80017F052FB2E
:1098100000287FF42EAF40F20C712120F7F760F999
:1098200000224FF0030980F80021EAE615F02CFE33
:109830008046C6E7D4F8F0004044C4F8F000A0F534
:109840008070C4F8F80017F05BFF0028C9D0103E04
:1098500094F8391102220023751B02A88DF8181004
:1098600005958DF810208DF81930CDE90247FDF7E8
:109870006DFC09B0BDE8F08F15F006FEDDE906537A
:109880004FE7B9F1030F16D0B9F1020F40F64800C7
:1098900008BF4FF4856082E7B9F1030F0ED0B9F12C
:1098A000020F40F6480008BF4FF4856018E72046D5
:1098B000FDF736FEDDE641F2BE1070E741F2BE1064
:1098C0000EE700BF005203013F420F0083DE1B433F
:1098D000D34D62101100002110B588B090F83121ED
:1098E00072B902F0FF0302A904461A460093FEF77C
:1098F00025FF60B102A994F8B80017F0DBFA80B137
:1099000013F064FF08B0BDE8104017F049B82046D6
:10991000FDF706FE13F05AFF08B0BDE8104017F03F
:109920003FB840F20C712120F7F7DAF802292DE94F
:10993000F047044682B000F09E800D4670D8D0E912
:10994000327813F08BF994F8B990064605F00100CF
:1099500049461DF051F98246484614F0A7FB7D3F69
:1099600048F1FF38012D40F0B380B9F1040F00F049
:10997000B280B9F1030F00F0EA80B9F1020F0CBF19
:109980004FF4A6724FF4FC727A4BF619D4F8347186
:1099900003EB490348F1000516EB0A06D7F81C80D3
:1099A0009B8B45F1000503F2E73303447248A0FBAB
:1099B00003139B09F61A65F10005B61845F1000579
:1099C00000F03EFD04F58473834200F09880424627
:1099D000D7E98001CDE9006500F06CFD8045C0F05D
:1099E000C380664BD4F834111B68CC69834275D9A7
:1099F00023180246CC6341F64B5084428CBF41F69B
:109A00006A004FF4FA709042A1F8400040F2A7803B
:109A10009B1945F10005C1E9803502B0BDE8F0872A
:109A2000032940F09780D0F83431002B00F08A8071
:109A300000252A4683F8285290F8B91061F30702EE
:109A400061F30F22A3F87C20FF2283F87E200339E4
:109A5000D0F83401012900F144008CBF002101211C
:109A600009F082FDD4F8340100F018FBC4F8345139
:109A700002B0BDE8F087D0F83431002B62D0002569
:109A80002A4683F8285290F8B91061F3070261F36F
:109A90000F22A3F87C20FF2683F87E600339D0F8DC
:109AA0003401012900F144008CBF0021012109F09B
:109AB0005BFDD4F8340100F0F1FAC4F8345184F8B5
:109AC000386113F083FE02B0BDE8F04716F068BFBE
:109AD0004FF4FC7258E740F6E83255E741F64B5335
:109AE0009C4226D9264AA2FB003240F2E243920A67
:109AF00003FB1202821ACA630346821A7BE797F8B5
:109B0000810000283FF46DAFD4E9429A00F020FDB7
:109B100038B9B7F92432A7F8240213EB09094AEB44
:109B2000E37A424648465146CDE9006500F0C2FC62
:109B300057E7144AA2FB00326423520903FB1202C6
:109B4000821AD8E740F291712120F6F7C9FF40F25E
:109B5000864219E74FF4FF612120F6F7C1FF40F27A
:109B600086712120F6F7BCFF40F272312120F6F712
:109B7000B7FF00BF00520301D34D62106C0C0021EF
:109B80005917B7D11F85EB512DE9F0430123DFF8B9
:109B9000808083B000254FF6FF77202688F80030BC
:109BA0001DE0009BEBB193F82822D2B11888B8428F
:109BB0001DD02146F8F73EF88146F0B190F8290211
:109BC00017F064FF99F8290289F8284217F05EF827
:109BD000C0B109F5007089F8296200F0E9FBCDE910
:109BE00000556846F8F760F804460028D9D00023ED
:109BF00088F8003003B0BDE8F0834FF4E8713520F9
:109C0000F6F76EFF40F2BF113520F6F769FF00BF8F
:109C1000700C00212DE9F84F91F89E600C46054626
:109C200017460E3E9846F6B2002B40F0148194F889
:109C30002832032B00F24881DFE813F0AD00040066
:109C4000EB000400D4F81C90DFF888A2DAF80030AA
:109C5000002B00F0CC8041462046984700FB099736
:109C600000F076FC002800F0C88000200346D4F8FD
:109C70000022D4F80412BA1841F10001121843EB83
:109C80000103C4E98023C5E9042300232B7084F871
:109C9000F23094F89E3003F0FD020C2A00F0BF80F1
:109CA000A3F1260BBBFA8BFB4FEA5B1BBBF1000F4A
:109CB00040F0B58020461FF048FA002800F0E88008
:109CC00094F8283204F1440085F809B0012B18BF3C
:109CD00002232B721DF09BFE012E686059D9B8F14A
:109CE000000F56D0494628461CF02EFF86B220466B
:109CF0001FF02BFA8046464518D3002307FB08F2D5
:109D00002B72D4F800329B18D4F8042242F10002DE
:109D10002B616A61002F00F0D280494628461CF072
:109D200013FF4044022386B284F8F23031462046C5
:109D30000FF0C4F9DAF8003073B1012120469847DA
:109D40002B6909FB00F9304413EB090386B22B6140
:109D50006B6943F100036B6100F0FAFB00287FD0D0
:109D6000D5E90430D4F88420C4E980308AB1B4F84D
:109D7000CE20B4F898309B1A1BB2002B09DDB4F842
:109D800088100B44013BB3FBF1F303FB0123A4F860
:109D9000CE30BDE8F88F002F00F08C80012394F8BE
:109DA0007C2094F87D9084F828324B4B4846A9F1EA
:109DB0000309DFF820A133F8127014F077F9B9F134
:109DC000010F464907F29D774FF0000907442046EE
:109DD000A1FB073794BF2821002101EB9711FF3128
:109DE0001DF0A8FEDAF80030002B7FF434AF4F46A8
:109DF00000F0AEFB00287FF438AF0221B4F9240252
:109E00001DF0B5FEB4F824321B1AA4F82432C3178F
:109E10002DE70323D4F8309284F8283214E7204643
:109E20001FF093F90023022204F144002B7284F8FE
:109E3000F2206B721DF0EBFD012E6860A9D9B8F11C
:109E4000000FA6D0494628461CF07EFE86B220466A
:109E50001FF07BF96AE7012120460FF02FF9E6E6B3
:109E60007600B4F92402B6F5803FB4BFB1B24FF624
:109E7000FF711DF07CFEB4F824222B69121AC3185E
:109E8000A4F824226A692B6142EBE070686169E7FB
:109E90000223287284F8F230687204F144001DF045
:109EA000B6FD012E68607FF674AFB8F1000F7FF445
:109EB00019AF6EE74FF40D713520F6F711FE40F241
:109EC000BA213520F6F70CFE40F26E213520F6F768
:109ED00007FE00BF6401002128520301D34D621028
:109EE0002DE9F04387B000287BD0044607296DD8C0
:109EF000DFE801F02A0404146C19216701460123EC
:109F000068460022FFF786FE694694F8290216F09B
:109F1000D1FF00286FD007B0BDE8F08307B0BDE8DF
:109F2000F04313F085BE012015F09EFA07B0BDE89E
:109F3000F043F8F76DBE90F82832042BEBD040F2D6
:109F400033113520F6F7CCFD90F82832002B4DD098
:109F50000EF0F4FF0028DED094F87D3040F2211995
:109F6000DFF8A480033B98F80120012B88BF4FF055
:109F7000F90982B3E66904F144001DF048FD00F1DF
:109F800076070220F61B17F009FC022126EAE67587
:109F9000854228BF0546284617F054FC00B92F44D7
:109FA0004A46394620461DF0ADFD0346E069C8F833
:109FB000043017F0A5FB18B307B0BDE8F0431FF05D
:109FC00080B84FF49C713520F6F78AFD4FF49E71EE
:109FD0003520F6F785FD666CE569AE4228BF2E4652
:109FE000C9E740F205113520F6F77AFD40F20D1170
:109FF0003520F6F775FD40F2F6213520F6F770FDB5
:10A00000FF213520F6F76CFD700C0021024B002279
:10A01000C3E90022FFF7B8BD700C0021FFF7B4BD03
:10A02000014B5870704700BF700C0021C0F8081237
:10A03000704700BF40F2BF1108B51DF08EFDB0F5AE
:10A04000296F28BF4FF4296080B208BD38B5A0B190
:10A0500090F82832044603F0FF05C3B990F829327E
:10A06000202B0FD101460C4816F0E4FD202884F87F
:10A07000290214BF28460D2038BD4FF4D171352078
:10A08000F6F72EFD4FF4D2713520F6F729FD40F298
:10A09000A3113520F6F724FDE19E000170B586B0CE
:10A0A000002800F09C8090F828320446002B40F0F5
:10A0B000A58090F82932202B00F09B8090F8283260
:10A0C000032B00F2A080DFE803F03B025B02C569CE
:10A0D0004F4B1B6823B100212046984700FB0555D4
:10A0E00000F036FA00286BD000200346002294F8D6
:10A0F0009E108DF8002084F8F220D4F80022AD18CC
:10A10000D4F8042242F100022D1843EB020301F0BF
:10A11000FD02C4F800520C2A0495C4F804320593D9
:10A1200034D0262932D020461FF00FF888B394F897
:10A130002832012BDAB24FD002238DF808302EE0FE
:10A1400090F87C100123334A90F87D6032F811506A
:10A1500084F82832304613F0A9FF033E05F29D71C2
:10A160002D4D012E0144204694BF28230023A5FB3A
:10A170000121002503EB9111FF311DF0DBFCA7E766
:10A180000323D0F8305280F82832A1E720461EF091
:10A19000DCFF002202238DF8082084F8F23000232F
:10A1A00004F144008DF809301DF031FC0346694686
:10A1B00094F82902019316F07DFEA8B106B070BD97
:10A1C0000221B4F924021DF0D2FCB4F824321A1A88
:10A1D000C317A4F8242289E78DF80820DFE740F2AE
:10A1E000B1113520F6F77CFC40F2B7113520F6F7B7
:10A1F00077FC40F2B3113520F6F772FC4FF4D971B9
:10A200003520F6F76DFC40F26E213520F6F768FC3C
:10A210006401002128520301D34D621008B512F0E9
:10A220001DFD054B5A68824203D3187880F0010067
:10A2300008BD002008BD00BF700C002170B50446A9
:10A2400086B0042900F28680DFE801F0680D031271
:10A250004900042384F8283213F0B8FA06B0BDE8A8
:10A26000704016F09DBB032380F8283206B070BD05
:10A27000C269D0F85032C0F830229A4204D0283057
:10A2800020F0D7F8D4F85032D4F84C2294F87C005F
:10A29000334994F87D60E361E263D4F85432B4F852
:10A2A000482231F810503046A4F84020033E636243
:10A2B00013F0FCFE05F29D712A4B012E014420464D
:10A2C000A3FB013194BF2823002303EB9111FF313D
:10A2D0001DF030FC022384F8283206B070BD90F8DF
:10A2E0007C201F4B90F87D6033F812503046033EBF
:10A2F00013F0DCFE05F29D7102461A4B012E20463A
:10A300001144A3FB013194BF2823002303EB9111D7
:10A31000FF3106B0BDE870401DF00CBC124B1A783E
:10A3200002F0FF03002A94D1014601226846FFF79C
:10A3300071FC694694F8290216F0BCFD28B1B4F806
:10A3400098300133A4F8983086E740F2F6213520A2
:10A35000F6F7C6FB40F251313520F6F7C1FB00BFDE
:10A3600028520301D34D6210700C0021024B0022D1
:10A37000C3E90022704700BF780C0021034A13682C
:10A380000BB10C207047184653607047780C0021C1
:10A39000C3690BB1012070478369002BFAD1034BCD
:10A3A0001B68181AB0FA80F040097047780C002139
:10A3B000C36993B18168D0F80CC0DA686144114474
:10A3C00082699A618269D9602AB1D361002200232F
:10A3D000C0E906237047DA60F8E7826902490A603B
:10A3E000002AF2D1F2E700BF780C002108B5C16164
:10A3F000A1B18B698861836173B1D861C1690023A0
:10A40000C36041B1CB6823B18268934211D39B1AD8
:10A41000C3600023CB6008BDC360F3E7074A13683D
:10A4200083611BB1D8611060C169E8E71060C36047
:10A4300008BD2D213720F6F753FB00BF780C002113
:10A44000014B1868704700BF780C0021044B1B6853
:10A4500023B118469B69002BFBD170471846704703
:10A46000780C0021124B1B68CBB14FF0FF3C00B5BC
:10A470008646002000E01346DA68964503D8624518
:10A4800001D2184694469A69002AF4D1B0FA80F2B3
:10A49000520911B9002A18BF18465DF804FB184686
:10A4A000012219B9002A18BF18467047704700BF2B
:10A4B000780C002130B585B01546DDE90834C01AA6
:10A4C00061EB0404002C0DDB214603AA02AB0092D1
:10A4D0002A4617F085FF002C039801DA00B1281AEC
:10A4E00005B030BD404264EB4401EEE7036A2DE95C
:10A4F0003048DBB182689C68A24217D3D0E90615C8
:10A50000D0E906BCC3E906BC4DB1AB61996951B154
:10A51000C068CB610244121BDA60BDE83088054D8B
:10A520002B600029F4D1D960BDE83088CD213720D7
:10A53000F6F7D6FA780C0021014B01221A71704708
:10A54000780C0021014B00221A717047780C002111
:10A55000014B1879704700BF780C002138B52B4BA0
:10A56000864608461B6863B34FF0000C64461D69BD
:10A570000CB1A54204D22C46002D42D0B3F814C031
:10A580009B69002BF3D1E4B1A0421BD30EF1FF3E37
:10A590000EEB0401B0FBF4FCB1FBF4F18C4510D3DD
:10A5A00004FB0CF3B3FBF4F504FB153525B9B3FB41
:10A5B000F2F502FB153505B30CF1FF3C1B1B8C4576
:10A5C000F0D238BD431E2344B4FBFEFEB3FBF0F3D0
:10A5D0007345F6D8B4FBF3F503FB154149B9B5FB58
:10A5E000F2F102FB115121B9B5FBFCF10CFB115149
:10A5F00029B101337345EDD938BD184638BD284619
:10A6000038BD4FF496713720F6F76AFA780C0021BE
:10A61000F0B5574C012385B062682370127A002A86
:10A620006ED1A36BFF2093F8E01012F083FB94F837
:10A630003C30042B60D0022B26D0A06B217AD0F8BE
:10A64000D02090F8D430009113F0A6FE606400286A
:10A6500000F0848000F12005237A6E78012B1AD94E
:10A6600094F83C302846042B71D010F09DFF6368AD
:10A670001B7A0BB1002E60D1284613F031F905B0DA
:10A68000BDE8F04012F06EB9A36B207A197F13F089
:10A6900069FE6064DBE7A76C2B78D7F898009DF81B
:10A6A0000C20C3F3C00100F00100C3F3001E63F3EC
:10A6B0000102C3F3801C97F89C7060F3820261F37F
:10A6C000C3026EF304126CF386128DF80C2052064E
:10A6D00006D4A26BD2F8D01092F8D42001F0010178
:10A6E00003F0030343EA800343EA0E1343EA8C13A7
:10A6F00043EAC1032B70BAE70023256C6364ABE720
:10A70000217AA26B31B3012984F8283018BF0221C5
:10A7100092F8E030D2F8D050013B92F8D400DBB28E
:10A72000032BC4E908501ED81248FB220091C35CD9
:10A730000020114912F04AF873E7E06C13F0D0F8EA
:10A740002946E06C05B0BDE8F04012F0A9B810F061
:10A7500049FF8CE784F828101946D9E74FF4C971EE
:10A760004720F6F7BDF940F21F410620F6F7B8F989
:10A77000800C002134520301900C002130B54E4C66
:10A78000022283B0636822701B7A002B4DD194F8AB
:10A790003C30042BA36C29D0987D93F8A81012F0BC
:10A7A000C9FA94F83C30033B012B21D800232365E0
:10A7B0006368256C1B7A002B2DD0E06C13F090F8A9
:10A7C000E16C284612F06CF8237A03F0FD03012BAC
:10A7D00029D1A36C93F8A830033B012B94BF282008
:10A7E000002003B0BDE8304013F0E0B80820D4E703
:10A7F000A06C1FF0CFFE20650028D9D0A36C00F11B
:10A800002005D3F8982093F89C308260C360636879
:10A810001B7A002BD1D1284613F062F8237A03F07B
:10A82000FD03012BD5D003B030BD217AA26C0129E4
:10A830002AD0012384F82830D2F8983092F89C006E
:10A840002362606292F8A830927D1B2A38BF1B22D7
:10A85000022934BF01210221013BDBB2032B25D8A1
:10A8600016480091C35C0120154911F0AFFF94F820
:10A870003C306268042BA36C127A15D0987D002AB4
:10A880008BD00430C0B288E7002384F82830D2F897
:10A89000983092F89C002362606292F8A830927D12
:10A8A0001B2A38BF1B22D7E70820E8E740F21F41E8
:10A8B0000620F6F715F900BF800C00213452030181
:10A8C000900C002110B5104C206D20B1A16C1FF030
:10A8D0006EFE00232365636C0BB10023636494F860
:10A8E0006430022B03D194F86800C30708D512F036
:10A8F000E3FE002384F8643012F034F894F8680022
:10A90000E36EBDE810401847800C002110B5134CD1
:10A9100094F86830206D43F0010384F8683020B16A
:10A92000A16C1FF044FE00232365636C0BB1002370
:10A93000636494F86430022B03D194F86800C30771
:10A9400008D512F0B9FE002384F8643012F00AF83A
:10A9500094F86800E36EBDE810401847800C0021B1
:10A9600070B5484C82B094F83C30042B5FD0636CD7
:10A97000002B77D0237A054603B303F0FD03012BA8
:10A9800075D1D4E91C23B93243F10003A06B002632
:10A9900000F1D001009120F04BFC6664002D34D111
:10A9A000237A93B1032B10D0012B65D1FFF7E6FE7C
:10A9B00094F86430012B47D002B070BDD4E91C1369
:10A9C000A26F521843F10003E0E7206D38B1A16C8B
:10A9D0001FF0EDFD0023626C236502B1636494F8FF
:10A9E0006430022B03D194F86800C30708D512F035
:10A9F00063FE002384F8643011F0B4FF94F868001B
:10AA0000E36E02B0BDE87040184794F86830206DDE
:10AA100043F0010384F868300028E0D0A16C1FF0F7
:10AA2000C6FD636C2665002BD9D06664D7E7206D20
:10AA300020B1A16C1FF0BBFD00232365636C002BCC
:10AA4000CDD000236364CAE712F04EF9616D022392
:10AA50002A4601440C4884F8643002B0BDE87040D6
:10AA600013F008B840F2F9214720F6F739F84FF40F
:10AA70003A714720F6F734F840F21A314720F6F7DA
:10AA80002FF800BF800C0021D80C00212DE9F047E1
:10AA900082B0002848D0AC4C0E46206D002800F053
:10AAA000998000F12002137892F80180227A012A1D
:10AAB0004FD9022A00F0E48063681D7A002D00F06F
:10AAC0008B800827B8F1000F00F09F8111F08EFFF6
:10AAD00011F070FF002840F0208194F86830206D5C
:10AAE00043F0030384F8683020B1A16C1FF05FFDD0
:10AAF00000232365636C0BB10023636494F8643016
:10AB0000022B03D194F86800C30708D512F0D4FDD6
:10AB1000002384F8643011F025FF94F86800E36E98
:10AB200002B0BDE8F0471847874C94F83C30042B3E
:10AB300000F0E580A26C0546536E01335366E66F64
:10AB400012F094F801462846B047206D0028CCD179
:10AB5000D0E7A16CC3F3C00AA26BC3F38019D1F88C
:10AB6000987091F89C1007F00107D2F8D05092F835
:10AB7000D42085EA9305BA4505F0010563D0B9F103
:10AB8000000F60D163681B7A002B40F0208112F027
:10AB90006DF8E36F0146A06788209847BA4500F03A
:10ABA000C480A26CD36E0133D3661DB12020D4E9DA
:10ABB0001E139847002E40F09780237A002B52D125
:10ABC000FFF726FD94F86450012D00F0D78002B005
:10ABD000BDE8F087226C66E712F048F8E36F0146A3
:10ABE000A06708209847236D002B71D0227A012A94
:10ABF00000F0D280D4F88010A26F5218D4F88410DC
:10AC000041F10001C3E90421B4F88820A16C003AA5
:10AC100018BF01221A7600221A705A709A70DA70E0
:10AC20004A6B002A00F0C6808A6B13608B6391F830
:10AC30003130002B00F0B8800022E36FA16F1020AC
:10AC400022659847B1E763681B7A002B59D0B9F1A8
:10AC5000000F00F0D08012F009F8E36F0146A06702
:10AC600008209847A1E7013B012B00F2BF80206D2F
:10AC700000283FF43FAFA16C1FF099FC266539E72F
:10AC800094F83C2003F00305C3F38201C3F340139F
:10AC9000042A9DF8042065F3010261F3840263F342
:10ACA000451253D0636812F0200F8DF804201D7AEE
:10ACB0000CBF08270C27002D7FF404AF11F0D6FF3E
:10ACC0000146E36F3846A1679847236D002B8DD16D
:10ACD000A36C9B6D002B7FF46DAF1020D4E91E1385
:10ACE0009847002E3FF469AF94F86830206D43F028
:10ACF000010384F8683000287FF4F7AEFAE64025B7
:10AD00001DE711F0B3FFE36F0146A06708209847E5
:10AD1000B9F1000F7FF449AF40E711F0A7FF00251C
:10AD20000146E36F3846A1679847236D002B7FF4F7
:10AD30005DAFA36C9B6D002B7FF437AF1020D4E97F
:10AD40001E13984731E700BF800C002102F0030377
:10AD50008DF80420032B30D163681B7A13B1B8F14E
:10AD6000000F4BD111F082FF0146E36F4820A1672D
:10AD70009847206D00287FF4B8AEBBE611F076FF4F
:10AD8000616D02232A460144324884F8643002B0DF
:10AD9000BDE8F04712F06EBED4F88020D4F88410DD
:10ADA000B93241F100012DE7A06C2B4929301CF08C
:10ADB000EEFD41E74B638B6339E794F8683043F06D
:10ADC000010384F8683000287FF48FAE92E64FF0DC
:10ADD0008809B8F1000F34D0BA4523D011F046FFEE
:10ADE0000146E36F4846A1679847DAE640F2C3217F
:10ADF0004720F5F775FE4FF00809EAE711F0F6FD78
:10AE000011F0D8FD0028ADD167E611F02FFF014603
:10AE1000E36F3846A1679847236D002B3FF458AF86
:10AE20004546E3E611F0E2FD11F0C4FD00283FF4D1
:10AE300054AE11F01BFF0146E36F4846A1679847E7
:10AE400073E711F013FF0146E36F4846A167984787
:10AE5000A4E600BFD80C002161A60201044AD2E991
:10AE60001C311B1841F10001C2E91C31704700BFC1
:10AE7000800C0021054B002210B4054C83F864209F
:10AE8000C3F88C40186410BCD9647047800C002152
:10AE9000D4B10001034B0246D3F88C00DA67D966BF
:10AEA00012F008BD800C0021024B002283F86420C0
:10AEB000704700BF800C00212DE9F843524C054635
:10AEC0009DF8309094F86480109EB8F1020FC4F899
:10AED00090102072C4E92023DDE90823C4E91C2373
:10AEE000BDF82830A4F888309DF82C3084F83C3028
:10AEF000DDE90D73A3640F9B6760A3634FF000034C
:10AF000084F8683060D1012811D93B7A63BB032DE6
:10AF100075D8DFE805F007020702FFF779FB01208B
:10AF2000BDE8F883FFF72AFC0120BDE8F883284636
:10AF3000002860D0A36C93F8A81012F02BFEB8F193
:10AF4000020FE2D0207A00F0FD00012814BF01209A
:10AF500000204CD1A36B93F8E020D4F8901012F0AD
:10AF6000F5F93B7A002BD2D07169B2693069F36987
:10AF7000264F0FC7636896F820201B6896F82710A5
:10AF80005A4084F8301084F8292096F8242084F858
:10AF90002D2096F8212082EA132284F82A2096F8A0
:10AFA000252084F82E2096F8222082EA134284F885
:10AFB0002B2096F8262084F82F2096F8232082EA6A
:10AFC000136384F82C30A2E7386812F029F8484659
:10AFD00012F030F86368586812F066FCA36B93F9BE
:10AFE000E10012F017F8207A0128ACD8A0E7A36C92
:10AFF00093F8A820B1E7A36B93F8E0109DE740F227
:10B0000077314720F5F76CFD800C0021900C002172
:10B01000044B00211A7883F86410022A00D070478C
:10B0200012F096BC800C002110B5134C94F86830D7
:10B03000206D43F0010384F8683020B1A16C1FF04B
:10B04000B6FA00232365636C0BB10023636494F8A4
:10B050006430022B03D194F86800C30708D512F0BE
:10B060002BFB002384F8643011F07CFC94F868001A
:10B07000E36EBDE810401847800C002130B40F4C3F
:10B0800093F816C065682D7A1DB10CF1040C5FFAB7
:10B090008CFC93F8A830156860655068002284F82D
:10B0A00061300123A56584F86010E06584F862C012
:10B0B00084F8632084F8643030BC7047800C002131
:10B0C00030B4147A93F80EC01CB10CF1040C5FFA82
:10B0D0008CFC0B4C1568606550680122A56584F8EE
:10B0E000642093F8E02093F9E13084F86010E06583
:10B0F00084F862C084F8612084F8633030BC704703
:10B10000800C002130B58C4693F9E1E000F190010C
:10B11000124DD2E9004093F8E020114B03EB4203BB
:10B120009B8803F5FA73A5FB035301EB93110D4BB9
:10B13000C3E9164083F860C0FF204FF0020C83F88B
:10B14000612083F86200002283F863E003F1580075
:10B1500083F864C0BDE8304012F08CBCD34D62105F
:10B1600034520301800C002110B59DF808408E4632
:10B170000CBB93F816C0117A19B10CF1040C5FFAEC
:10B180008CFC93F8A83001460C48D2E9002480F8E2
:10B1900060E04FF0000E80F861300223C465583043
:10B1A0000260012280F80AC080F80BE00373BDE85A
:10B1B000104012F0A7BC4FF0080CDCE7800C002117
:10B1C000034B186D08B120307047186C704700BFF2
:10B1D000800C0021C5A800018DAA000161A9000111
:10B1E0000DA9000170B50E460C210446F6F722FDAC
:10B1F00018B103460020336070BD0B212046F6F7DE
:10B2000019FD08B10C2070BD09212046F6F712FD8A
:10B2100003460028EED1022070BD00BF70B50E4677
:10B220000B210446F6F706FD18B1034600203360F3
:10B2300070BD0C212046F6F7FDFC054608B10C2038
:10B2400070BD09212046F6F7F5FC20B100F1B003EE
:10B250002846336070BD022070BD00BF40F20B3144
:10B26000062008B5F5F73CFC23211A2008B5F5F7B0
:10B2700037FC00BF38B505460C4691F8FB3113B1D9
:10B2800091F805328BB9002D50D02B7873B194F81A
:10B29000F0318BB304F1B00020F01FF80021002240
:10B2A0000023C4F8A811C4E9682338BD94F8F2312A
:10B2B0006BB90221B4F8AC01F6F7BCFC38B104F26A
:10B2C000152100F59C7018F062FA00283ED0092183
:10B2D000B4F8B001F6F7C4FC002844D16B6F002B22
:10B2E000E3D10821B4F8AE01F6F7BAFC0028DCD0AF
:10B2F00060211A20F5F7F4FB94F8F23103F0FF0116
:10B300007BB9B4F8AC01F6F795FC50B104F2152105
:10B3100000F59C7018F03BFA18B92B211A20F5F7AC
:10B32000DFFB4FF6FF73A4F8AC31B3E794F8F231CA
:10B3300073B90221B4F8AC01F6F77CFC40B104F219
:10B34000152100F59C7018F022FA08B9FFF78CFF60
:10B350000921B4F8B001F6F783FC0028A5D04E21EE
:10B360001A20F5F7BDFB53211A20F5F7B9FB00BFF2
:10B3700070B5002800F0948004460B46002200F8C7
:10B380000D2C6FF4FE700A219A702518197008218F
:10B39000B5F8B021B5F8AE01A3F8032095F8062260
:10B3A0005A71F6F747FC064614F8023CA3B9C6B139
:10B3B00033785BB314F80D3C002B4CD06FF4A673BC
:10B3C000E0185D3C1FF089FF002100220023C5F832
:10B3D000A811C4E9002370BD237A002BFBD1002EF5
:10B3E000E6D114F80B3C002B4FD10221B5F8AC018B
:10B3F000F6F720FC002848D004F1180100F59C70F5
:10B4000018F0C5F9002840D1FFF72EFF14F80B3CC7
:10B410006BB90221B5F8AC01F6F70CFC38B104F1B8
:10B42000180100F59C7018F0B2F90028ECD0092141
:10B43000B5F8B001F6F714FCB8BB736F002BCAD196
:10B440000821B5F8AE01F6F70BFC0028C3D0602147
:10B450001A20F5F745FB14F80B3C03F0FF017BB90C
:10B46000B5F8AC01F6F7E6FB50B104F1180100F5B0
:10B470009C7018F08CF918B92B211A20F5F730FBC5
:10B480004FF6FF73A5F8AC3198E70921B5F8B00184
:10B49000F6F7E6FB00289ED04E211A20F5F720FB98
:10B4A0004FF4A7711A20F5F71BFB53211A20F5F76B
:10B4B00017FB00BF10B54FF408720021044617F0C7
:10B4C00075F94FF6FF732046A4F8AC311FF04DF824
:10B4D00004F1B000BDE810401FF0E8BE38B500250B
:10B4E0000446282200F5E4702946C4F89850C4F8B0
:10B4F0009C50C4F8A050C4F8A450C4F88051C4F8BB
:10B500008451C4F88851C4F88C5117F04FF984F86D
:10B51000F25184F8F15120461FF027F804F1B000F1
:10B52000BDE838401FF0C2BE10B50C4601F1B000B6
:10B530001FF0DCFE2046BDE810401FF048B800BFF9
:10B5400090F8F23123B90221B0F8AC01F6F772BBE2
:10B550000020704790F8F23103F0FF011BB9B0F8FA
:10B56000AC01F6F767BB0020704700BF38B528B3C1
:10B5700090F89F3004462A2B1ED142B92B2380F825
:10B580009F3094F9E030002B1CDB002038BD1F23D6
:10B590000D4680F82A2180F82B31322380F89F3025
:10B5A0000029EED00821B5F8AE01F6F743FB68B1EB
:10B5B0002946FFF75FFEE4E70C2038BDB3211A20CF
:10B5C000F5F78EFADA211A20F5F78AFAD5211A2032
:10B5D000F5F786FAF8B5002800F0AE806FF4F9733D
:10B5E0000C4607460821C51824232370437A95F892
:10B5F0009821E370B5F8B0316272A38095F8993163
:10B60000A37295F89A31E37295F8B531B5F8AE01A9
:10B610002375F6F70FFB95F8FC310646002B43D156
:10B62000002800F08D800378002B47D12B7B2373FB
:10B630006B7B6373AB7BA37395F8B430E37395F8BE
:10B64000B530237495F8B630637495F8A830013B93
:10B65000DBB2032B6ED83C4AD35CA37495F89031CF
:10B66000013BDBB2032B65D8D35CE374EB7D6375E0
:10B6700095F8BF30A375AB7DA4F8193095F8BE30AE
:10B68000A4F81B307368327C3049A271A1FB03130C
:10B69000B27C717C9B0A2272E171B6F81520A4F885
:10B6A0001D30A4F81720F8BD10B10378012B32D05B
:10B6B00029463046BDE8F840FFF7DCBD95F8B430C8
:10B6C000237395F8B530637395F8B630A3732B7B6D
:10B6D000E3736B7B2374AB7B637495F89031013B10
:10B6E000DBB2032B26D8184AD35CA37495F8A83094
:10B6F000013BDBB2032B1DD8D35CE37495F8BF305C
:10B700006375EB7DA37595F8BE30A4F81930AB7D59
:10B71000A4F81B30B6E717F8033C002BC8D016235B
:10B7200007F10A000A4985F806321CF02DF9442376
:10B73000E370BDE7FFF792FDE1211A20F5F7D0F99C
:10B74000F3211A20F5F7CCF9445203015917B7D168
:10B7500071B30001F0B583B0002800F0D080A0F2F2
:10B760002E23DA7B2A2A40F08F800C46A0F5CA727D
:10B7700041F61071118093F950203221002AD973BB
:10B78000C0F2C280A0F2BE20D0F83871002F00F0C5
:10B79000BF806FF4057300220821FD18102385F87F
:10B7A000C821242285F8FC312270E37095F8983185
:10B7B000B5F8B021637295F89931A280A37295F81B
:10B7C0009A31E37295F8B531B5F8AE012375F6F705
:10B7D00031FA95F8FC310646002B46D1002800F0DE
:10B7E0009E800378002B52D095F8B430237395F8DF
:10B7F000B530637395F8B630A3732B7BE3736B7B23
:10B800002374AB7B637495F89031013BDBB2032B5F
:10B8100000F28380444AD35CA37495F8A830013BBE
:10B82000DBB2032B79D8D35CE37495F8BF30637532
:10B83000EB7DA37595F8BE30A4F81930AB7DA4F864
:10B840001B30327C04207368A2713849727CA1FBE2
:10B850000313E271B27C9B0A2272B6F81520A4F899
:10B860001D30A4F8172003B0F0BD30B10378012BD0
:10B8700003D117F8253C002B36D130462946FFF777
:10B88000F9FC042003B0F0BD002003B0F0BD2B7B19
:10B8900023736B7B6373AB7BA37395F8B430E37353
:10B8A00095F8B530237495F8B630637495F8A830E0
:10B8B000013BDBB2032B30D81B4AD35CA37495F851
:10B8C0009031013BDBB2032B27D8D35CE374EB7DD3
:10B8D000637595F8BF30A375AB7DA4F8193095F862
:10B8E000BE30A4F81B30ACE71623A7F118001049AE
:10B8F00085F806321CF048F84423E370BDE74FF4A6
:10B9000094711A20F5F7ECF8DA211A20F5F7E8F827
:10B9100040F23F111A20F5F7E3F8FFF79FFCF321FF
:10B920001A20F5F7DDF800BF445203015917B7D1CB
:10B9300071B3000140F25921062008B5F5F7D0F89F
:10B9400040F25921062008B5F5F7CAF82DE9F04173
:10B95000847B002C00F08A80474B002184461D68C0
:10B960008E4617E0012E62D0022E40F083800F3207
:10B97000920003F5977301319CF810700CF10E0CD6
:10B980009BB2CEB21344AB4238BF2B46B44207FB46
:10B9900003EE59D9C1EBC1029CF81980CE0000EB2F
:10B9A000420218F0040FB2F8153025D118F0010743
:10B9B00001D108F00207761A9CF81A8000EB4606BF
:10B9C00018F0040FB6F8172034D118F0010626D16C
:10B9D00018F0020633D1DBB24FF0FD08012F23D05F
:10B9E000022F47D19B003C33B8F1010FD2B2B9D13D
:10B9F000920102F57472BCE79CF81A70B2F8172035
:10BA00007E0729D417F0010622D117F0020628D1AB
:10BA1000DBB24FF0FD089B0103F57473E4E7012FDF
:10BA2000DBB24FF0FE08DBD1DB007033DCE70E3217
:10BA3000D2009EE7DBB24FF001080426CEE7DBB26E
:10BA40004FF0FF080226C9E7AEF19600BDE8F0818D
:10BA5000DBB24FF0FE08DEE7DBB24FF00108042650
:10BA6000D9E7DBB24FF0FF080226D4E76FF095006C
:10BA7000BDE8F081FFF75EFF140D00212DE9F843CA
:10BA8000099F97F80080B8F11F0F4BD01D4608F1B1
:10BA90000103064689463B701446FFF757FF089B93
:10BAA00098423AD8D4B1B1787378B6F8092043EA0D
:10BAB000012340F2E241747B01FB02F2F17843EA98
:10BAC0000141F379A4BB03FB02035B1AB9F80A2016
:10BAD0004FF47A7101FB02F29A421ED32DB37279B0
:10BAE00040F2E2413379747B43EA0223B6F809203D
:10BAF00001FB02F2B17943EA0143317AE4B101FB7F
:10BB000002320244B9F80C304FF47A7101FB03F3AE
:10BB1000934202D32846BDE8F883002087F80080CE
:10BB2000BDE8F8830020BDE8F8830120BDE8F88374
:10BB300003FB02130344C9E701FB0202D21AE1E747
:10BB400038B504460D4602F06FF929462046BDE897
:10BB50003840FFF78FB900BF0020704710B578223A
:10BB60000021044616F022FE02F066F9002324624A
:10BB7000A062636710BD00BF10B501F120000C4644
:10BB80001DF05CFEB8B92378012B636F01D0B3B907
:10BB900010BD002BFCD01A68092133F8610C6267D4
:10BBA000F6F75EF818B9636F002BF4D110BD4B2186
:10BBB0001120F4F795FF40211120F4F791FF532154
:10BBC0001120F4F78DFF00BF054B984205D800F512
:10BBD0003473044A0020136070471220704700BF7E
:10BBE00000093D001400002110B5002382B0082296
:10BBF0000446CDE900338DF8062003E0009B1B7D51
:10BC0000A34208D06846F6F74FF80028F6D04FF662
:10BC1000FF7002B010BDBDF8040002B010BD00BF3F
:10BC2000406F18B909E0D0F8110230B16FF4047315
:10BC3000184490F8B4318B42F5D1704770B5046860
:10BC4000CCB10E46154602E0D4F815429CB16FF413
:10BC500005731C4494F8B431AB42F5D10821B4F813
:10BC6000AE01F5F7E7FF0028EED0037DB342EBD13C
:10BC7000B4F8B00170BD4FF6FF7070BD2DE9F04F04
:10BC800085B0002800F0EA816FF43E7805460F4643
:10BC90008044D8F838611EB936E0D6F815629EB3F4
:10BCA0006FF4057E08217644B6F8AE01F5F7C2FFC1
:10BCB00015F8613C027D9A42EFD1436F0446002B98
:10BCC00047D06FF4047C15F8601C634406E0D3F899
:10BCD0001132002B3DD06FF40470034493F8B4216B
:10BCE0008A42F4D1072200214046FFF73FFC034679
:10BCF000002840F0AE810022104663F3070062F393
:10BD00000F2005B0BDE8F08F08210DF10A00F5F70E
:10BD10001BFF04460028E5D07822002116F046FDDE
:10BD200004F1200602F088F80023A0623046246265
:10BD300063670DF0E9FD002800F04F810821BDF890
:10BD40000A00F5F78DFF0028CCD0CF211120F4F7A1
:10BD5000C7FE40F2E24235F8483C02FB03F362685A
:10BD60009A42BFD1627D15F84A3C9A42BAD1A27D6F
:10BD700015F8493C9A42B5D115F85C2CE37DB3EB3C
:10BD8000D21FAFD115F8582C15F8593C43EA0223BD
:10BD900015F8572C02F00F0243EA0243A2689A42B8
:10BDA000A0D115F8552C15F8563C43EA022315F896
:10BDB000542C02F00F0243EA0243E2689A4291D106
:10BDC000092103A8B6F8AE91F5F7BEFE0646002895
:10BDD00088D0FFF76FFBA6F8AE91BDF80C30A6F83F
:10BDE000B031B8F80030A6F8AC31012386F8C8317C
:10BDF000EFF3108072B66FF4E07106F215236A1843
:10BE00001168C6F81512136000B962B615F8613CE6
:10BE100040F2E242237535F8483C02FB03F36360CD
:10BE200015F84A9C84F8159015F849AC84F816A0CA
:10BE300015F8581C15F8592C15F8550C42EA012232
:10BE400015F8571C01F00F0142EA014215F8561C83
:10BE500041EA002115F8540C00F00F0041EA0041BE
:10BE600015F85C0CA260C0F3C010A364E160E0753B
:10BE700015F85FCC1CF0040F40F0AC801CF0010EF4
:10BE800001D10CF0020E86F8A8E015F85ECC1CF08B
:10BE9000040F40F09C801CF0010E01D10CF0020E4A
:10BEA00086F890E115F85ACC15F845BC0CF00F0C4B
:10BEB00015F85CECCDF800C00EF00F0E15F846CC6E
:10BEC0004CEA0B2C15F842BCCDF804C015F843CC55
:10BED0004CEA0B2C15F85DBC4BEA0E2EDDF800B0D9
:10BEE000A6F814E015F85BEC4EEA0B2EDDF804B072
:10BEF000A6F8BCE015F844EC4BEA0E4EC6F8A4E1F7
:10BF000015F841EC4CEA0E4C15F84DECC6F8A0C102
:10BF100015F84ECC15F83FBC4CEA0E2C15F840EC49
:10BF20004EEA0B2EA6F8B2E115F84CEC4CEA0E4C9A
:10BF3000C6F89CC115F860CC86F8B4C115F84FCC92
:10BF400086F8240086F8B5C186F8CC0015F84B0CAD
:10BF5000C0F30300F07515F84B0CF261C0F3031049
:10BF6000C6F8C410336286F8BF0006F1B000C6F808
:10BF7000C83035F8533CB37535F8513C86F8C1A04C
:10BF800086F8199086F8BE3098F8A430D8F8382092
:10BF900086F8C031B8F82630C6F8BC214FF0FF3221
:10BFA000A6F8B6314FF0FF331FF01EF9B6F8B031E6
:10BFB000B6F8AC112522A7F805300423A7F8031022
:10BFC0003A7096F8B4213A72227DFA7193E64FF0F6
:10BFD000040E65E74FF0040E55E7092103A8BDF8EC
:10BFE0000AA0F5F7B1FD814648B3FFF763FAA9F857
:10BFF000AEA1BDF80C30A9F8B031B8F80030A9F8FE
:10C00000AC31012389F8C831EFF3108172B66FF4B7
:10C01000E07209F21526AB181A68C9F815221E60DD
:10C0200019B16FF405731E44F0E662B6D8F83861B2
:10C03000002EF6D140F235111120F4F751FD3046B3
:10C040001DF0FCFB00283FF479AECD211120F4F760
:10C0500047FD40F26B111120F4F742FDFC21112045
:10C06000F4F73EFD20B10098184401FB0200704730
:10C070000098C01A01FB0200704700BF014B186016
:10C08000704700BF140D0021044B1B6823B1181A20
:10C09000B0FA80F04009704701207047140D00216C
:10C0A000024B1868003818BF01207047140D00219A
:10C0B000A1F1030CBCF1010F10B52AD901291DD043
:10C0C00002292DD10F308000D91E92B201291CD92E
:10C0D000012B22D0022B23D10F329200029B114C54
:10C0E000591C00F59773480821689BB28842134495
:10C0F00038BF0846984238BF184610BDD91E0E30CA
:10C1000092B201294FEAC000E2D8920102F574729E
:10C11000E4E7800100F57470D6E70E32D200DDE767
:10C12000FFF708FC140D00212DE9F04F05468DB0F6
:10C1300010461E4695F800B00C46049281F800B0F7
:10C140000593AA786B78697943EA02232A7942EA4F
:10C150000122E9786370E17043EA01411B0AA37090
:10C16000AB792271A37142EA0343120A627140F66D
:10C17000C312914215D8934240F27C81C44AA2FB7B
:10C180000323980ADDE904239A4200F0F683002B8A
:10C1900040F079810120C31CB3FBF0F303FB00F0F6
:10C1A00074E1BB4E9342A6FB01014FEA91200BD9EB
:10C1B000A6FB0323990ADDE90432934200F05F8174
:10C1C000002A18BF08465EE1DDE904239A4200F028
:10C1D000D783002B00F0578104231846A4F80930B8
:10C1E000EB79E3722B7A23736B7A637395F80EA065
:10C1F00084F80EA04BBB049B93B1A37840F2E241BC
:10C20000627842EA032283B201FB03F3E17842EA57
:10C210000142B3FBF2F102FB1133002B40F0AA8381
:10C22000059B93B1637940F2E241227942EA03220D
:10C2300083B201FB03F3A17942EA0142B3FBF2F1BD
:10C2400002FB1133002B40F09283BAF1000F00F093
:10C25000B8801FFA80F840F2E24305F1100C04F1B7
:10C26000110603FB08F800201CF8012C00EBC003AA
:10C27000C10006F8022C2B44DCF800701A8A5B8A95
:10C2800037609CF8047017F0020F40F0188117F027
:10C29000010E01D107F0040E86F808E09CF8057045
:10C2A00017F0020F40F0088117F0010E01D107F0DE
:10C2B000040E86F809E0002A00F0F780754F02F1BD
:10C2C000FA0994F801E0A7FB0979A7784EEA072E4E
:10C2D00002EBD9174FEAD919013FB7FBF9F794F8E8
:10C2E0000390BFB24EEA094E94F80D90B9F1000FD9
:10C2F00008D0F04502D102F10D07BFB2C64501D901
:10C300000537BFB2FB2F0EF1FF3928BFFB27C14411
:10C310003A44013AB2FBF7F2B9FBFEFE92B20EFBD1
:10C3200002F2A1EB000E0F2A04EB4E0E28BF0F22E3
:10C33000AEF81570B272002B00F0B080554A03F1D0
:10C34000FA0E2779A2FB0E2E627947EA022703EB49
:10C35000DE124FEADE1E013AB2FBFEF294F806E06E
:10C3600092B247EA0E4794F80DE0BEF1000F08D0F4
:10C37000B84502D103F10D0292B2474501D9053209
:10C3800092B2FB2AA1EB000128BFFB2204EB410182
:10C390001344A1F81720013BB3FBF2F37A1E9BB2C2
:10C3A0004244B2FBF7F707FB03F30F2B28BF0F2321
:10C3B000F37201300CF1090C0E36C3B29A453FF608
:10C3C00053AF0023CDE90A3308238DF82E3004E063
:10C3D0000A9B1B7D5B4500F096800AA8F5F764FC7C
:10C3E0000028F5D094F80EC000262B4B40F2011225
:10C3F0001B68A4F80720BCF1000F63D0B4F80970E3
:10C4000040F2E2420CF1FF3002FB07F7C0B2BB4240
:10C4100034BFFB1A00230693C0EBC00304F10E00E7
:10C4200000EB43002346DA7E0E33997B8A4238BF05
:10C430000A4683429A70F6D12046FFF787FA049B9A
:10C44000002B47D0A278637843EA0223E27843EADC
:10C450000243627B002A40F08782FB1A03446A8908
:10C460004FF47A7101FB02F29A4233D211200DB0DF
:10C47000BDE8F08FB0427FF4AFAE012001461BF063
:10C48000E1FB94F800B003287FF685AE83B2A5E601
:10C490005917B7D1BFBF8C82140000210A1A04EBD0
:10C4A0004202D3751376F37283E70F1A04EB470742
:10C4B0007A75BA75B2723EE74FF0020EF9E64FF0A8
:10C4C000020EE9E6637B002B40F0AE8200200DB047
:10C4D000BDE8F08F059B002B51D06279237943EAA8
:10C4E0000223A27943EA0243627B002A40F03982A8
:10C4F000FF1A3844AB894FF47A7202FB03F383428C
:10C50000B4D300273CE0BDF82C304FF6FF729342C5
:10C5100031D018460821F5F78DFB064660B3476F0A
:10C5200057B3A6466FF4047923461EF80ECF4F4446
:10C53000644697F8B4019C46D4B1611E6346C9B203
:10C54000C1EBC1010EEB410103E00E33994200F053
:10C550001982DA7B8242F8D1D7F81172002F00F0ED
:10C5600044826FF40478474497F8B401002CE4D176
:10C570000124002309E2064694F80EC035E71F4661
:10C58000002305F10908DDF81490C3EBC301AA7B71
:10C59000D80004EB4101C97B002A00F01E81013A5A
:10C5A0005FFA82FC2A460CEBCC0CC44403E009324F
:10C5B000624500F0128192F80FE08E45F7D1C21863
:10C5C0002A4492F816A092F817E0A0EB030C217A07
:10C5D00004EB4C0C9CF81C209CF810C0002A00F0C6
:10C5E000E98001FB0CF1BCFBF2FB013A02FB1B12E0
:10C5F0009645C0F2DF80C31A069A2946204604EB0E
:10C6000043030092049A103301934B46FFF736FA26
:10C61000013794F80EA0FBB29A45B6D805F1090B84
:10C620002046FFF793F90123D9460022B34608902C
:10C630000793924540F2B4800132D2B2531EAE7BD2
:10C64000DBB2C3EBC30004EB4000C77BD800002E75
:10C6500000F08A80013E2946F6B206EBC6064E443B
:10C6600002E00931B1427FD091F80FC0BC45F8D14A
:10C67000C118294491F816C0CF7DC11A04EB4101BD
:10C680000E7F097C8E4233D296B306F1FF3EB1FB9A
:10C69000F6F8267A039606FB01F60EFB1866B742FB
:10C6A00026DB66794FF47A78277947EA0627AE8940
:10C6B00008FB06F6DDF80C80099608F10108A6795A
:10C6C00047EA064640F2E247B646B4F8096007FB7F
:10C6D00006F6677B002F00F09C8008FB06E6089FAB
:10C6E0003E44039FFF2F03D0099FB74280F09780FD
:10C6F000C31A04EB4303DB7E99429AD9002B98D0EE
:10C70000E079B1FBF3F6013B00FB01F103FB1611ED
:10C710008C458EDBA17840F2E24763786E8943EA6C
:10C7200001234FF47A7194F80DC001FB06F6E1780D
:10C7300043EA0143B4F8091007FB01F1471CBCF1BF
:10C74000000F60D007FB013308990B44FF283FF42A
:10C7500070AF9E42FFF46DAFE77192456AD9013226
:10C760000023D2B2079369E7BBF1000F00F07E818E
:10C77000DBF8741019B90EE0D1F8111259B16FF449
:10C780000476314491F8B461BE42F5D191F8CDC040
:10C7900091F8257071E740F2A1211120F4F7A0F97A
:10C7A000079B002B4DD1BAF1000F4AD00123002284
:10C7B000079341E7C21A04EB4202D27E002A3FF4FB
:10C7C00027AFE179BCFBF2FE0CFB01F1013A02FB61
:10C7D0001E129245FFF61CAF0DE7002E00F04681B9
:10C7E000726F22B9D7E7D2F81122002AD3D06FF4A2
:10C7F000047C624492F8B4C18C45F4D192F8CDA087
:10C8000092F825E0E1E6DDF820C007FB01C1CB1A74
:10C810009CE7089F08FB06767746F61B61E7C31A7C
:10C8200084F8088004EB4303DB7E994295D900200D
:10C83000079063E7012300220793BAF1000F7FF40A
:10C84000FBAE5E4694F80EC000274FF0010905F1DB
:10C850000908674544D2C7EBC702AB7BF80004EB7D
:10C860004202D17B002B59D05A1E2B46D2B202EB8A
:10C87000C202424402E0093393424FD093F80FE0E2
:10C880008E45F8D1C3192B44997D93F817E0C31B4B
:10C8900094F808B004EB43031A7F93F810A05AB33E
:10C8A0000BFB0AF3BAFBF2FB013A02FB1B32964583
:10C8B00022DBC01BDDF818C0294604EB4000CDF890
:10C8C00000C01030DDE9042301902046FFF7D6F8C0
:10C8D00000283AD194F80EC00137FFB26745BAD3A9
:10C8E000B9F1000F40F08580BCF1000F3FF4EAADD4
:10C8F0004FF001090027AEE7C31B04EB4303DB7EC7
:10C90000002BE9D094F807E0BAFBF3F2013B0AFBF5
:10C910000EFA03FB12A39942DEDBCAE7002E00F0F9
:10C92000A580736F2BB936E7D3F81132002B3FF493
:10C9300032AF6FF40472134493F8B4218A42F3D1F6
:10C9400093F8CD1093F825E0A1E7013794F80EC0D5
:10C950004FF00009FFB26745FFF47DAF8146002725
:10C9600077E71F443844C5E53B44034477E501239A
:10C9700063736AE40123637352E4014601207EE598
:10C9800001217CE5621C2346D4B2C3EBC3030CEB4C
:10C990004303D87397F8B5211A74B7F8BC20A3F8ED
:10C9A0001120BA8AA3F8132097F8BE20A3F8152007
:10C9B000BA7DA3F8172097F89021D11E012998BFBE
:10C9C00004225A7697F8A820D11E012998BF042284
:10C9D0009A7697F8BF20DA76FA7D1A778CF80E40AF
:10C9E000D7F81172002F7FF4BCAD6346A4461C46F5
:10C9F000FBE4637B002B3FF469ADBCF1000F13D067
:10CA00000022C2EBC20304EB4303B3F81110083356
:10CA1000F6293FF62BADB3F80B30F62B3FF626ADDB
:10CA20000132D3B26345ECD340F2E243B4F80920BB
:10CA3000A17803FB02F2637843EA0123E17843EA39
:10CA400001439A4203DD049B002B7FF40FAD237951
:10CA50006079A17943EA002343EA01439A427FF7D0
:10CA600035AD059B002B3FF431ADFFE440F29F2133
:10CA70001120F4F735F800BF8B7B7BB1013B01F14E
:10CA80000902DBB203EBC303134401E0994205D072
:10CA9000CA7B09318242F9D10120704700207047DA
:10CAA00010B58C7B94B100239C4603E05FFA83FCB5
:10CAB000644509D991F80FE001330E318645F5D16F
:10CAC000012082F800C010BD002010BD204610BD1E
:10CAD000C06E7047FEF7A8BA70B51C4D82B0044610
:10CAE000C27D2B68197869BB5B7D2979204600914E
:10CAF00004F1980102F00EF92B6894F8BF601A78DF
:10CB000068710ABB9B7D2A7904F5C07120460092AA
:10CB1000324602F0FFF8D4F8D83194F8DC11013332
:10CB2000A87104F1B00041F10004A3FB06315A1EC4
:10CB300004FB061363F10003DBB202B0BDE87040F2
:10CB40001EF04FBB9B7DD0E75B7DDCE7180D00211D
:10CB500040F26F11422008B5F3F7C2FFF8B5044662
:10CB6000000731D53F4D01230E46EF68EB712B7264
:10CB700097F8C831022B62D02B6942F210716A69B2
:10CB8000F318B7F8B60142F10002E0FB0132286861
:10CB9000C7E9743203788BB9426F2B79002A5ED0D3
:10CBA0003146D7F89C6152F8792C203006FB03F30C
:10CBB000D7F898619B1B1A441CF081FD210603D411
:10CBC000EB68012283F8CE21E2062AD4A30600D422
:10CBD000F8BD244DE868D0F88021B03090F8D4300A
:10CBE0001EF005FBEB6893F8BF1003F5C070D3E9A6
:10CBF000626402F051F92A6813784BB9EB68D3E903
:10CC00006201864274EB010103D25068FEF726F9F7
:10CC1000EB68D3F870210021013AA971C3F87021A3
:10CC2000F8BD104DE868C17D983002F035F9EB6829
:10CC30000022996D83F8CE2171B16A71C6E7032392
:10CC400007F2F310084987F8C831002387F8FC3150
:10CC50001AF09AFEEF688FE701236B71B6E7FFF7D2
:10CC600077FF00BF180D0021D5B5000140F21B4130
:10CC7000422008B5F3F734FF8221422008B5F3F7CC
:10CC80002FFF00BF70B5254E33681A7832B15B684C
:10CC900000205B08984228BF184670BD1C6D196CB7
:10CCA000091B5C6C5B6D64EB03030D1843F100031F
:10CCB000012D73F1000127DB4FF0FF31A94272EB28
:10CCC000030326DBF379BBB919F014FB336893F83F
:10CCD00062300B2B13D8124A112432F8131001447E
:10CCE00089B228461EF052FB336820445B685B081B
:10CCF000984228BF184670BD64210224F1E740F233
:10CD0000B5310620F3F7ECFE40F223114220F3F791
:10CD1000E7FE4FF492714220F3F7E2FE180D002176
:10CD20004852030138B50378044623BB856C12F0E2
:10CD300099FB636F2BB36FF4047403222344E5FB68
:10CD4000020193F8C821022A0AD00BD8D3F8113275
:10CD5000BBB16FF40472134493F8C821022AF4D1D2
:10CD6000012038BD032A0ED1D3E97442A04271EBF1
:10CD70000202EBD3F4E7056D12F074FB636F002B36
:10CD8000D9D1022038BD4FF48B714220F3F7A8FEB1
:10CD9000013270B5D2B290F8B541944221D9C47D28
:10CDA0006CB1D0F8A060D0F8D8C190F8DC51D0F8C0
:10CDB000A440B44575EB040401D31A7070BD90F81B
:10CDC000BF405CB1D0F88861D0F8D8C190F8DC5190
:10CDD000D0F88C41B44575EB0404EED20C78012CEC
:10CDE00046D0D0F8112272B3022612F849CC6FF463
:10CDF0000475BCF1010F02EB0500ACF1020E24D06A
:10CE0000BEF1010F1BD812F8202C02F0FF0EB2B9B0
:10CE1000B1F93220B0F9E4414D8E121BD0F8D8118F
:10CE200090F8DCC192B2A0F8E4518A184CF10001EC
:10CE3000C0F8D82180F8DC1183F800E070BDD0F88C
:10CE40001122002AD1D1002070BD0C78002CF6D11F
:10CE50004C8EB0F8E051641B2404F0D4D0F8D841D3
:10CE600080F8C8610634A0F8E451C0F8E041CAE790
:10CE700090F8CE41002CB4D11A709FE790F8C01101
:10CE800008B590F8BE3090F89021A1B1D11E0129CB
:10CE900038D9012A48D0022A58D190F8A8100F3367
:10CEA000827DC81E9B00012835D89001963300F57D
:10CEB0007470184408BDD11E012911D9012A36D039
:10CEC000022A43D190F8A8100B33827DC81E9B0024
:10CED00001280ED89001963300F53470184408BD2F
:10CEE0009B0103F5347390F8A810827DC81E0128B9
:10CEF000F0D9012924D0022928D1900096332C3072
:10CF0000184408BD9B0103F5747390F8A810827D46
:10CF1000C81E0128C9D901290CD0022916D19000B8
:10CF200096333C30184408BD0E33DB00EDE70A337E
:10CF3000DB00D8E7D200963302F17000184408BD38
:10CF4000D200963302F15000184408BDFEF7F8FCF9
:10CF500000287FD08446F0B500244FF0020EDCF8A4
:10CF6000110230B36FF4047500EB050C9CF8C80196
:10CF700001282CD002380128F1D89CF8F1010028B2
:10CF8000EDD1002A4FD09CF81700A8B3DCF8D86187
:10CF9000DCF8A0709CF8DC51DCF8A400BE4275EB14
:10CFA000000029D39CF8B5019042D8D960461A7088
:10CFB000F0BDFCB9486FE8B16FF40474013200EBC6
:10CFC000040CD2B201249CF8C8010128D2D10878FF
:10CFD0000028C4D1BCF8E051488E401B0004BED4E8
:10CFE000DCF8D8018CF8C8E10630ACF8E451CCF894
:10CFF000E001C2E70020F0BD9CF8BF0058B1DCF8AA
:10D00000D861DCF888719CF8DC51DCF88C01BE42F8
:10D0100075EB0000C6D208780128A0D19CF8CE019B
:10D0200000289CD1BEE74C8EBCF9E401B1F9321066
:10D03000ACF8E441091ADCF8D80189B2411860461D
:10D04000CCF8D8119CF8DC1141F100018CF8DC110E
:10D050001A70F0BD002070472DE9F0413C4E84B0BD
:10D060008046376832793B7E3946F068012B0DF1F6
:10D070000F0352D0FFF78CFE0446ACB17A6F9DF8D7
:10D080000F30002A5ED0D4F89C5152F8790C03FB83
:10D0900005F5D4F89831ED1A05442046FFF7EEFE69
:10D0A000B3692844984202D904B0BDE8F0813B78C6
:10D0B0002046F461ABB3FEF74DFA002844D09DF84A
:10D0C0000F109030B4F8CA71A5EB08050131B4F81F
:10D0D000D83194F8CC811630C9B2D4F8B821009177
:10D0E00004F5E57119F09DFE3368A4F8CA7106468F
:10D0F00084F8CC811B78012B19D0642128461EF0BE
:10D1000045F90230234604F5DC7280B23146281A14
:10D11000FDF7B4FF04B0BDE8F081FFF719FF044646
:10D12000ABE7FEF70DFA0028C9D1FFF7A5FD0146D0
:10D1300004F1B00304F5DC722846FDF7C1FF04B02A
:10D14000BDE8F081FFF704FD8B214220F3F7C8FC16
:10D15000180D00212DE9F04103780C46012B26D053
:10D1600011B33E4E0546326813787BB300275068F2
:10D1700033694008D5E91021D31A726961EB0202C4
:10D180001B1942F10002B84228BF3846181A62F152
:10D190000003002293424CDB6FF00101814272EBED
:10D1A000030341DBBDE8F081C920BDE8F0812C49D3
:10D1B00004F190002B4D01EB4202138B03F5FA733F
:10D1C000A5FB032300EB9310BDE8F081116D176CF4
:10D1D0007F1A516C526D61EB02023F1942F100025D
:10D1E000012F72F1000129DB4FF0FF31B942934169
:10D1F00029DBF379A3B919F07DF8336893F862302D
:10D200000B2B25D8164A4FF0110832F813100144A1
:10D2100089B238461EF0BAF8326800EB0807A6E774
:10D2200064214FF00208F4E74FF4CA714220F3F78B
:10D2300057FC40F293114220F3F752FC40F22311C5
:10D240004220F3F74DFC4FF492714220F3F748FC73
:10D2500040F2B5310620F3F743FC00BF180D002162
:10D2600048520301D34D62102DE9F04F0023C54D04
:10D27000446F8FB02B71EB712860002C00F064813B
:10D280006FF4047702213C4494F8C831012B00F07C
:10D290002A81023B012B00F21B8194F8F131002B13
:10D2A00040F01681B0F93230B4F9E461D4F8D821F5
:10D2B0009B1B94F8DC11468E02209BB2A4F8E4611B
:10D2C000D31841F10001C4F8D83184F8DC112F687B
:10D2D000FB6EAB6114F062FA0221D7E91B639E1B5F
:10D2E000864228BF0646402E38BF4026304614F0FE
:10D2F000A9FA28B9AB693344AB61BB6B3344BB6358
:10D300000FF07CFD13F0DCFC2B681B78C5E90401F1
:10D310002046002B00F0FA80FEF71CF90646002894
:10D3200000F05181286806F1900B2B79426F002A9A
:10D3300000F04781D4F89C1152F8792C01FB03F8D6
:10D34000D4F89831A8EB0308904494F89021414612
:10D35000FFF700FF2979B4F8D8310131D4F8B821AA
:10D360000C900BF11600C9B2009104F5E57119F0AB
:10D3700058FD0D210D90B4F8AC01F4F75BFC0746A5
:10D38000002800F0DB8094F890010FF023F907EB00
:10D3900040077B7E84F891312046FFF79DFB2E6885
:10D3A0003278736F0B92D4E92807002B00F00981C3
:10D3B00053F8793CD4F898C1D4F8D811A3EB0C09F0
:10D3C0002B6919EB03096B6943F1000EB1EB000AFD
:10D3D000736894F8DC01AAFB03A260EB0707B9EBC2
:10D3E0000A0A03FB07270B9A6EEB0707002A40F097
:10D3F0009580BAEB080AD4F8882167F100078A1AE9
:10D40000D4F88C1160EB0100A2FB0321B9EB0202FE
:10D4100003FB00116EEB0103B2EB080263F10003A2
:10D4200031690BF1700BACEB010C1CEB020643EB0A
:10D43000EC79FDF739FD54495448FDF72BFD3B4687
:10D44000286852460D9F0078049704F1B0070C99A4
:10D45000079704F5DC77CDF820B006940597CDE961
:10D4600000690026CDE902662E72FDF725FD002831
:10D4700074D02F68EC603B78012B6DD04046FFF7ED
:10D4800001FC3246814641463846FFF763FE0746B7
:10D4900094F8A80010F002FE94F8A8203C4B074432
:10D4A0003C4803EB82035E6A06F2E736A0FB0636D1
:10D4B00007EB961606EB4900FDF7AAFD2868203019
:10D4C0001CF06CF940460FB0BDE8F04FFFF7C4BD4B
:10D4D000D4F81142BCB36FF404731C4494F8C831FF
:10D4E000012B7FF4D6AE0378002BF1D1B4F8E02104
:10D4F000438E9B1A1E04EBD4D4F8D83184F8C8119B
:10D500000633A4F8E421C4F8E031C6E6FEF718F8C3
:10D51000064600287FF406AFFFF7AEFBD4F888215B
:10D520008A1AD4F88C1160EB0100A2FB032103FBE3
:10D530000011B9EB02026EEB010371E796F880303F
:10D5400084F8913128E728680378A3B920300FB018
:10D55000BDE8F04F1CF03FB93046ADE7AB79EC6861
:10D5600033BB2B7994F8B5210133286893420378B3
:10D5700012D0002BEAD020300FB0BDE8F04F1CF0E5
:10D580001AB900BF180D0021D1D500015DCB0001F3
:10D5900048520301D34D6210002BECD194F84A316C
:10D5A000002BD3D1D4F878310133C4F87831CDE7EA
:10D5B000D4F8802104F1B00094F884311DF017FEF6
:10D5C000CFE7FFF7C5FA8B214220F3F789FA00BFB6
:10D5D0002DE9F04F860799B00446C34D03D5EB689B
:10D5E0003D2283F8F1216A79AB79EF680B92002B29
:10D5F00040F043812A7997F8B531511CD5F8008065
:10D60000994200F02481E00700F1178198F8183062
:10D6100041463846012B4FF000038DF85F300DF185
:10D620005F0300F03381FFF7B3FB9DF85F300446E2
:10D630002B71002C00F03381D8F87420002A00F000
:10D640000C82D4F89C61204652F8792C03FB06F634
:10D65000D4F89831F61A1644FFF710FCAB69304441
:10D66000984200F2E08098F800302046002B00F04D
:10D670002381FDF76FFF8046002800F0F08194F8C9
:10D68000902131462868FFF765FD2979B4F8D83133
:10D690000131D4F8B8210F9008F1A600C9B2009169
:10D6A00004F5E57119F0BDFB0D211190B7F8AC013F
:10D6B000F4F7C0FA08F1900381461093002800F0B7
:10D6C0006A8197F890010EF085FF09EB4000437ED8
:10D6D00084F891312046FFF7FFF9D5F800E0D4F83F
:10D6E000A0809EF80020D4F8A4A0DEF87430934601
:10D6F000CDF84880CDF84CA00C92002B00F0AD8105
:10D7000053F8791CD4F898316869C91A0E932B69BB
:10D71000D4F8D8C1C918DEF8042094F8DC9140F19F
:10D720000000BCEB08030D9169EB0A0AA3FB02831E
:10D7300002FB0A33B1EB080860EB03015B46002BE8
:10D7400040F01381B8EB0608D4F88831D4F88CA1E6
:10D7500061F100011493BCEB0303CDF854A069EB15
:10D760000A0AD346A3FB023A02FB0BA2DDF834A05F
:10D77000BAEB030360EB02029B1B62F10002DEF8CE
:10D780001000DDF838E0AEEB000B1BEB030AE37D85
:10D7900042EBEB7B002B00F09B80129B9C45139B84
:10D7A00079EB0303C0F0948094F8BF30002B00F0B5
:10D7B0000681149B9C45159B79EB0303C0F0FF8009
:10D7C0004FF00109EA69944200F088800D91FDF75D
:10D7D0006BFB0FF071FF2B680D991B780C93119B5D
:10D7E00004F1B00C42464FF000080694CDF80880D2
:10D7F0000C98CDE90393109B7033CDE900AB0893EF
:10D800000B4685F80880CDF81CC004F5DC7C0F9928
:10D81000CDF814C0FDF750FB002869D10B9B002BFD
:10D8200040D1D5F8008098F8003008F120004BB9BD
:10D8300019B0BDE8F04F1BF0CEBF98F80030ABB187
:10D8400008F1200019B0BDE8F04F1BF0B4BF98F804
:10D850000030002B38D197F84A3123B9D7F8783106
:10D860000133C7F87831E1077FF5D0AE08F1200029
:10D8700019B0BDE8F04F1BF0AEBFD7F8802107F11B
:10D88000B00097F884311DF0B2FCB3E6FFF760FBFF
:10D890009DF85F3004462B71002C7FF4CDAE0B9BBE
:10D8A000002BC0D097F83130002BBAD10F4907F1C7
:10D8B00029001AF06CF8B4E7FDF742FE8046002814
:10D8C0007FF4DDAEFFF7D8F9E3077FF59FAEB7E74A
:10D8D000EA694FF0030994427FF478AF2B7A002B6A
:10D8E0003FF474AF7BE700BF180D002161A6020171
:10D8F000D5F80090EC6099F80030012B50D0002B47
:10D9000060D0002E00F09B803046FFF7BBF92969FC
:10D91000D9E910325B1A696962EB01029B1942F185
:10D920000002181A62F1000300229342C0F2AF8095
:10D930006FF00101814272EB0303C0F2A380054640
:10D9400094F8A80010F0AAFB94F8A820524B2844A1
:10D9500003EB8203514A5B6A03F2E733A2FB032322
:10D9600000EB931000EB48001BE0D4F88831D4F8AA
:10D970008CA11493BCEB0303CDF854A069EB0A0B04
:10D98000A3FB023A02FB0BA2DDF834A0BAEB0303BF
:10D9900060EB0202F3E698F8803084F8913199E662
:10D9A0004046FDF735FB3046FFF756FB0B9B1BB19E
:10D9B00097F83130002B44D019B0BDE8F08F4FF00C
:10D9C0000209FFE6D9F84020D9F85010B2EB01085F
:10D9D000D9F85410D9F8442062EB010218EB06087C
:10D9E00042F10002B8F1010F72F1000145DB4FF086
:10D9F000FF31414593413BDBEB7953BB18F07AFC97
:10DA00002B6893F862300B2B2DD8234A4FF0110A64
:10DA100032F81310014489B240461DF0B7FC2B6860
:10DA20008244586899F800304FEA5008D04528BF22
:10DA3000D046012B7FF465AF06F1900580E7C9253C
:10DA40007EE7174907F1290019B0BDE8F04F19F03A
:10DA50009EBF64214FF0020ADEE7FFF779F88B21C1
:10DA60004220F3F73DF840F2B5310620F3F738F8DD
:10DA70004FF492714220F3F733F840F22311422021
:10DA8000F3F72EF84FF4CA714220F3F729F840F269
:10DA900093114220F3F724F848520301D34D62104A
:10DAA00061A602012DE9F041037E0546002B58D006
:10DAB000436F002B00F0A5806FF4047100260B4427
:10DAC000304693F817C01C4693F8BF20944538BFE2
:10DAD000944693F8B521824201D310461E46D3F8EE
:10DAE00011326BB16FF404721344DA7D93F8BF10F6
:10DAF0008A4238BF0A469445EBD894461C46E8E76C
:10DB0000002E00F082802B78002B67D120464FF04A
:10DB10003908FFF7B3F994F8BF30E27D934238BF7C
:10DB20001346013BDAB26B6F53F8797CD4E9663166
:10DB3000FB1A01FB0233434418442B78E8666BBBA5
:10DB40003046FFF79BF996F8B5313930013BDBB22F
:10DB50003844D6E96612401A02FB03002867BDE884
:10DB6000F081743015F033FE002852D06FF4047445
:10DB70002B78041926468BBB4FF039082046FFF757
:10DB80007DF9E37D94F8BF20934238BF1346013BF3
:10DB9000DAB26B6F002BC7D1FEF7DAFF96F890214F
:10DBA0001E4B96F8A80003EB42031C8B10F07EFA84
:10DBB0000746304604F24554FFF760F9184BE21966
:10DBC000A3FB023296F8B53100EB9210013B6A6F6D
:10DBD000DBB2002AE0D052F8797CB9E794F89021C2
:10DBE0000E4B94F8A80003EB42031F8B10F05EFA73
:10DBF0000B4B07F245570744A3FB07234FEA931843
:10DC0000BCE7E3214220F2F76BFFE4214220F2F768
:10DC100067FFBF214220F2F763FF00BF48520301B4
:10DC2000D34D62102DE9F04F426F85B0D1E90489E0
:10DC30000291002A00F0E8806FF404750021044688
:10DC4000DFF8DCA12A440E460125DFF8D8B1D2F86E
:10DC500098311746019397F8C831032B00F2DB8007
:10DC6000DFE803F039774002D7E97423904579EB78
:10DC7000030316D2D7F8983097F89C30180603F0B3
:10DC800080020ED4D7F8803197F8843103F08003F6
:10DC90001A4306D197F8DC2102F08002134300F00A
:10DCA000878097F8F131002B6BD1082387F8C86182
:10DCB00087F80632237843B907F2112104F1740082
:10DCC00015F050FD002800F09A80514607F2FD1033
:10DCD00019F05AFE0121D7F81172F7B16FF40473ED
:10DCE0001F44B8E7D7F8E02197F8F13103F0FF00BF
:10DCF000002B35D1D7F8D83113F1010C97F8DC316E
:10DD000043F10003944503F0FF0373F1000341D294
:10DD1000D7F811720546002FE0D1B5B92378A3B921
:10DD2000636F002B70D053F8793C019AD31A6DD4ED
:10DD3000226993425ED202980269D2180261426956
:10DD400042EBE3734361002950D1284605B0BDE89A
:10DD5000F08F97F8F13103F0FF020BB91546BAE7DF
:10DD600097F8F13103F0FF027BB9032387F8C8313C
:10DD7000594607F2F31087F8FC2119F005FE01213E
:10DD8000A9E797F8F131DBB290E72378CBB187F8B8
:10DD9000C861EDE7237803B33E23594607F2F31039
:10DDA00087F8C86187F8FC3119F0EEFD012192E790
:10DDB00097F8F13103F0FF02002B7FF472AF1546A4
:10DDC00089E707F2112104F17400039215F0CAFCEF
:10DDD000039A0028DBD1FEF749FF07F2112104F175
:10DDE000740015F0BFFC0028D6D1F4E72046FFF7F9
:10DDF00059FEAAE740F2F5414220F2F771FE40F2E7
:10DE00002D414220F2F76CFEFEF7A2FE40F2F441F3
:10DE10004220F2F765FE40F2E4414220F2F760FE54
:10DE200071B30001D5B50001014B024A1A60704779
:10DE30006801002144DE0001014B1868704700BFF3
:10DE400068010021D1CA000125CD000169D200017D
:10DE5000D5CA0001D5CA000131DC010125DC000171
:10DE60002DE9F84F05460469D1F8980198466B6C86
:10DE70000E46241A286C91469DF828A0241843F1D8
:10DE8000000B12F01DFFA04271EB0B0380F08380AA
:10DE9000133402464BF10003201A6FF0004463EB89
:10DEA0000103A04273F1000470DAD9F81C40002786
:10DEB000844277EB030C35DBB9F898E0BC46BAF145
:10DEC000210FBB46F444A8F800C03ED0B0F5FA7F5D
:10DED00073F1000439DA6C682D692018D6F898417E
:10DEE000A4EB050543F1000315F1290C4FEAE57594
:10DEF00045F100051CEB020241EB0501D7194BEB84
:10DF000001043F1843EB0404C6E97A74012873F155
:10DF1000000245DB6FF07F42904273F1000330DA7C
:10DF2000BDE8F88FB0FBF4FC1FFA8CFCACFB047E60
:10DF3000C01BACFB047B63EB0E03B9F898E0BAF1AD
:10DF4000210FF444A8F800C0C0D12D69D6F898413B
:10DF5000651B15F1290C4FEAE57545F100051CEB31
:10DF6000020241EB0505D7194BEB05053F1843EBC2
:10DF70000505BAF1210FC6F8E871C6F8EC51C9D011
:10DF8000C4E740F273411320F2F7AAFD40F23C418E
:10DF90001320F2F7A5FD40F239411320F2F7A0FD5E
:10DFA00040F271411320F2F79BFD00BF2DE9F041D3
:10DFB000446894F89F501DB101252846BDE8F081C2
:10DFC0000E4604F015FACA0715D41A261F2232236A
:10DFD00084F82A6184F82B2184F89F3094F8E0308B
:10DFE000002228460133A4F8DE20A4F8BC2284F8DD
:10DFF000E030BDE8F08104F526773046394619F067
:10E00000ACFB94F8A430002B40F09A8094F8A33035
:10E01000002B40F09580B4F89880E66904F0EEF9A2
:10E0200094F89A32022B07D843B91E262322384689
:10E03000002114F0BBFBC9E7042BF6D1C043184202
:10E04000C2B240F0848094F89B32022B74D9042B26
:10E05000EBD11A427BD194F89D3203F0C003C02B60
:10E0600075D0B4F8A632002B73D194F8AE321B07EA
:10E07000DBD1B4F8A832002B6ED194F8AE3213F095
:10E08000F00FD2D194F8AA325A1E1E2ACDD894F895
:10E09000AC22012B94F8AB3243EA022394F8AD2270
:10E0A00043EA024302D0B3F5C87FBED3B4F8B1123D
:10E0B00040F2E24201FB02F29342B6DA94F8AF3248
:10E0C000002BB2D094F8B032002BAED00B1F40F62C
:10E0D0007C429BB29342A8D894F8B42294F8B3320D
:10E0E00043EA022394F8B52243EA0243B3F5FA7FE8
:10E0F0009BD39E4299D994F8B71294F8B62242EA7B
:10E10000012294F8B81242EA014293428DD8B4F841
:10E11000B932A3EB08031BB2002BB8BF5B429BB222
:10E12000B3F5804F81D22A230D4904F2F92084F8F7
:10E130009F3019F02CFC51E7002B3FF476AF88E7B5
:10E140001DF056F900287FF466AF25266EE72026DD
:10E150006CE7FB2B8DD968E7FB2B93D965E700BFF4
:10E160007DBC0001FDF702BA4B6890332DE9F04108
:10E17000D3F8A85082B00C46074625B940F2DB110F
:10E180001320F2F7ADFC6FF40573082135F8670C26
:10E190001D44F3F74FFD6368DE6903F14408D5F8C9
:10E1A000A031013E9E4228BF1E4618F0A3F86268C7
:10E1B000014692F800320B2B2CD8D069184A32F85D
:10E1C0001330194489B21DF0E1F80446404619F0B5
:10E1D0001EFC0346C6F30F2238461C44D5F8A43172
:10E1E000694611346400B44228BF34469C4238BFAB
:10E1F0001C46009B64F317030093B5F8B2318DF809
:10E200000360ADF80420ADF8063019F01BFB02B036
:10E21000BDE8F08140F2B5310620F2F761FC00BFA5
:10E22000805203014B6800B503F5A07383B093F8E7
:10E230001BC09A7E01A91B7F8DF804C08DF80520B4
:10E240008DF8063019F05FFB03B05DF804FB00BFEA
:10E25000202901D00220704730B590F89F3083B05C
:10E2600004462C2B07D1D0F838513DB94FF4FF713B
:10E270001320F2F735FC022003B030BD082135F839
:10E28000670C0192F3F7D6FC94F8E03000216FF4AC
:10E290000572013B84F89F10A818A4F8DE105BB249
:10E2A000019A8B4284F8E0300BDB80F8FC210AB144
:10E2B00080F8C811A5F12200044919F065FB00207F
:10E2C000DAE740F203211320F2F70AFCD5B500018A
:10E2D00090F89F302A2B00D0704790F80133002B24
:10E2E000FAD190F8C632002BF6D1C2690139B0F8E4
:10E2F000BC32B0F80EC211446344B1FBF2F19BB2E0
:10E300008B42A0F8BC32E7D3024900F2BE2019F0DC
:10E310003EBB00BF55B7000108B5436893F89F2086
:10E3200090332B2A09D1002193F950202C208A42C6
:10E33000A3F84E10D87305DB08BD40F22E21132040
:10E34000F2F7CEFB40F231211320F2F7C9FB00BFF8
:10E3500008B50A794979FDF771FC4FF6FF739842C9
:10E3600000D108BD0921F3F765FC18B1162380F828
:10E37000F13108BD40F23D211320F2F7B1FB00BF9F
:10E38000D0F8883270B5002B47D013F8512C6FF4B9
:10E3900006710446022A03EB010503D01B68C4F88A
:10E3A000883270BD0821B5F8AE01F3F743FCB4F82C
:10E3B0009830B5F8B2216FF0004CE6696FF0020EAC
:10E3C000D21A13B242F3C031A3FB063206FB01227C
:10E3D000D5F8A8115B184FF0000142F1000213EBD1
:10E3E0000C0C42F10002E64571EB02021AD3002B3D
:10E3F00041680BDB0622D4F88832C5F8E021002BF7
:10E40000CCD14FF457711320F2F76AFBDA430A4478
:10E41000B2FBF1F292B20632EDE74FF455711320E0
:10E42000F2F75EFB40F2E5211320F2F759FB00BF43
:10E430002DE9F04F45688BB095F89F302C2B05D017
:10E440004FF0020948460BB0BDE8F08F084606A918
:10E4500019F03FFAD5F83881B8F1000F04D140F235
:10E460006F311320F2F73CFB082138F8670CF3F703
:10E47000E1FBBDF82520B5F898306FF4057E044621
:10E48000D31A08EB0E071BB2002BB8BF5B429BB23E
:10E49000B3F5804F80F00581BDF8203042F2107C4A
:10E4A0009DF81F604FF00009E98CBDF8220046EA94
:10E4B00003269DF824300CFB01F140EA0340079B42
:10E4C000E165C3F317030699C7F8B81126616168BF
:10E4D000C7F89801C7F8A831A7F8B221A368627DF0
:10E4E000E07D0096FDF7BEFD2669F860E368A27D39
:10E4F0006168E07D0096FDF7B5FDB5F89820BDF8A0
:10E500002530079E9B1AD5F81CC0C6F31701C7F823
:10E51000B4001EB243F3C0336FF07F42A6FB0C6021
:10E5200076180CFB0303B14843F10003B21843F122
:10E530000001904279EB010297F8242038BF4FF098
:10E540002009002A40F0A380617DD7F898C10139E5
:10E55000D4F804E00EFB01C1D5E9A02B396116EB1C
:10E56000020A21694BEB0300BAEB010160F10000E4
:10E5700011EB0C0140F10000C7F8E811C7F8EC01FD
:10E58000B9F1000F40F09580002BC0F2C6800496D0
:10E5900004F1200A059250461BF073F8059A0646CE
:10E5A000002800F0C780616F002900F00F81D7F8C4
:10E5B00098016FF4047C51F8793C8C44984240F205
:10E5C0009B80434643F8041D636720460592FFF78E
:10E5D00069FA636F002B00F0038153F8790CD7F8C8
:10E5E0009831049AA0EB030C6245059A80F0D48020
:10E5F0004FF000080592BEB1002150461BF0FCF818
:10E6000094F8240012F0B2FE059A002800F0D4809D
:10E610000021049E5B465046CDE90111616801FB73
:10E62000186100910BF002FA638E01339844A7F849
:10E63000E081237E012B00F0A080636F002B00F0AF
:10E64000CA806FF404729A181B68002B00F0B9801E
:10E6500053F8791CD2F89831D2F89C215B1A934276
:10E6600080F08B8001230022237695F8E03085F836
:10E670009F20013BA5F8DE205BB2934285F8E03095
:10E68000BFF6E0AE40F2F6311320F2F729FAD7F8E0
:10E6900098C1A168D4F804E06144627D0EFB0211C8
:10E6A0005AE7EB8C42F210724FF01E0902FB03F3A3
:10E6B000C36595F8E0300022013B85F89F20A5F85E
:10E6C000DE205BB2934285F8E030DBDB87F8FC911B
:10E6D0009146A8F12200464987F8C82119F054F95B
:10E6E00048460BB0BDE8F08F56F8791C6FF4047EF5
:10E6F0008842B6445AD8F446DCF81162002EF3D1B1
:10E7000008F8046CA8F1040888F8016088F8026031
:10E7100088F80360CCF8118257E7F34387F8DC915F
:10E720007344B3FBFEF399B20EFB0163C7F8D81133
:10E7300004932DE7636F4046059240F8043D6067FF
:10E740002046FFF7AFF9012404995B46A7F8E041A2
:10E750005046059A0091CDE901660BF067F995F8EE
:10E76000E03085F89F60013BA5F8DE605BB2002BCE
:10E7700085F8E030BFF666AE84E795F8E030002219
:10E78000013B85F89F20A5F8DE205BB2934285F817
:10E79000E030BFF657AE75E7A3EB0008049B606856
:10E7A0009844B8FBF0F81FFA88F823E748F8046D9E
:10E7B0000026CCF8118208E740F2C9311320F2F7A5
:10E7C0008FF940F2CF211320F2F78AF940F292211B
:10E7D0001320F2F785F94FF433711320F2F780F923
:10E7E00040F2F5211320F2F77BF900BFFF86930476
:10E7F000D5B50001034608462DE9F0415E6882B0B8
:10E8000006F1900801A919F085F806F5A076D8F868
:10E81000A8400CB39DF805509DF8047002E0D4F8B0
:10E820001542CCB16FF405731C4494F8B431AB427B
:10E83000F5D10821B4F8AE01F3F7FCF9037DBB4232
:10E84000EDD19DF8063084F8F131B37D23B1B27E6D
:10E850009DF805309A4203D0002002B0BDE8F08157
:10E86000F27E9DF804309A42F6D198F8A230222B1D
:10E87000F2D00023B375EFE7704700BFD0F8A8309F
:10E880008BB190F8312003F8242CFF2103F8231CCE
:10E890001B6843B190F8312003F8242C03F8231CA3
:10E8A0001B68002BF6D170472DE9F047D1F80480A2
:10E8B0008CB0D8F88892B9F1000F00F0DF800746DD
:10E8C000082139F86B0CF3F7B5F96FF406730546B8
:10E8D00009EB0304002800F0CC8098F8A43084F8F9
:10E8E000C031D8F83830C4F8BC31B8F82630A4F8B4
:10E8F000B631FFF7D7F8D4F8A461002E00F0A2805B
:10E90000D4F8A0310DF10C08B4F8B2C194F890011C
:10E91000002294F8A810A0F1030EBEF1010FA1F19E
:10E92000030ECDE90422CDE9062298BF0420CDF8DC
:10E930001F20BEF1010F95F814E098BF04218DF857
:10E940000CE094F8B4E18DF80F108DF80E008DF8FE
:10E950000DE0B4F8BC0095F81790C0F30B00D5F8A3
:10E960000CE0D5F808A040EAC930BDF81090BDF819
:10E97000181009F4E04921F47F6140EA0900B4F875
:10E98000149021F00F01ADF8100010466AF3130047
:10E9900005908DF817E0CEF30B2E41EA0E01ADF88D
:10E9A0001810BDF8121069F30B01ADF8121094F8AD
:10E9B000BE10ADF81A10A17DADF81C1094F8B51179
:10E9C00001298DF81E1003D0D4F89C2122F07F423B
:10E9D0008DF81F203846C2F30727120C41468DF8E8
:10E9E00020708DF8212094F8BF20E47D02F00F0202
:10E9F00042EA0412244C8DF82220B5F81520ADF817
:10EA000023206A688DF82760A4FB02428DF82A3023
:10EA1000920AADF82DC0ADF82520C6F30722C6F343
:10EA200007468DF82820C3F30722C3F307438DF868
:10EA300029608DF82B208DF82C3018F021FE0CB0B9
:10EA4000BDE8F08742461F230DF10C0821460093D4
:10EA500028464346ADF80C60FFF702FABDF80CC03B
:10EA600049F8790C064649F8750C0346A4F8B2C17A
:10EA70004CE740F281411320F2F732F840F27F4137
:10EA80001320F2F72DF800BF5917B7D108B5436826
:10EA900093F89E20903312B92D229A7308BD40F24C
:10EAA000B6411320F2F71CF810B5446882B094F810
:10EAB0009E302D2B02D0022002B010BD08466946C0
:10EAC00018F0D2FEBDF80630B4F898209B1A1BB29D
:10EAD000002BB8BF5B429BB2B3F5804FD4F88832AD
:10EAE00037D2D3B313F8292C02F0FF00F2B14FF064
:10EAF000000C2021322284F82D11002184F89E2060
:10EB0000A4F8D81013F8292C02F0FF00AAB1442071
:10EB1000D4F8882284F82C0122B31268C4F8882221
:10EB2000162203F8282C084602B010BD2E23A4F8A4
:10EB3000D80084F89E3002B010BDD4F8882284F842
:10EB40002CC17AB11268C4F8882203F828CC02B02C
:10EB500010BD13B14FF01E0CCBE740F2E341132080
:10EB6000F1F7BEFF4FF4B7711320F1F7B9FF00BF03
:10EB700008B50022D0F8883280F89E2080F8DC208A
:10EB800033B11A68C0F888221A2203F8282C08BD6D
:10EB900040F20A511320F1F7A3FF00BF2DE9F04323
:10EBA000D1F8048087B0D8F88842002C64D06FF484
:10EBB00006730746082134F86B0C1C44F3F73AF847
:10EBC0000546002853D0D4F8A861A6B3B4F8B20122
:10EBD0000DF1080894F8243043BBD5F80CC06B68DD
:10EBE000D4F898212D69B3FBFCF3511B013B0CFBBE
:10EBF0001311D4F8B831216141460293ADF81220C7
:10EC0000C2F30742039BADF81500384666F31703BD
:10EC10008DF81420C5F30F220393ADF810208DF862
:10EC20000F5018F031FE07B0BDE8F0832D69D4F81D
:10EC30009821511BDDE7424621230DF108082146AA
:10EC40000093B1464346ADF80860FFF709F96B8EB3
:10EC50000646C4F8A8010133BDF80800C4F8D891ED
:10EC6000A4F8E431A4F8B20184F8DC91B2E740F2F0
:10EC700016511320F1F734FF40F214511320F1F72D
:10EC80002FFF00BF08B5436893F89E102E291DD1B1
:10EC900003F1900200219173D3F8883282F84C106E
:10ECA0007BB113F8512C6FF40671012A0B4400D08C
:10ECB00008BD4FF0FF310222C3F8E01183F8C821EC
:10ECC00008BD40F23B511320F1F70AFF40F23451E6
:10ECD0001320F1F705FF00BF1F29034610B509D027
:10ECE0000220D3F8881281B10C68C3F8884201F879
:10ECF000282C10BD90F89E102D29F1D10021084636
:10ED000083F89E1083F8DC10EBE740F26A51132081
:10ED1000F1F7E6FE2DE9F04F85B09DF83840002A66
:10ED200000F08780D0F8D87190F8DC8190F8B5E1D8
:10ED3000002C51D0581E8E680D686CEB0C0CD1F86D
:10ED40000CA0A6FB029B0B7902903318CDF80CC0E7
:10ED50004AEB0C0CB5EB090502FB0ABBEDB2BEFB9E
:10ED6000F2F00090501E451B0190BEFBF2F005FB37
:10ED700010E5EDB2A54256D1E04508BF9F4252D101
:10ED80000D6848460B79013543F100030D600136EB
:10ED90004D6803F0FF034AF1000A121863F30705F8
:10EDA0004BF1000B4D600D680B795B4508BF954238
:10EDB00067D00B680A79B3EB0900019BC0B201343C
:10EDC000181A009B00FB13E0C0B2201AB0FA80F0C2
:10EDD000400905B0BDE8F08FF81A68F1000CBCF1ED
:10EDE000000F47DB0130D1F800900E794CF1000C98
:10EDF000A2FB00AB02FB0CF5D14500FB04555D44C2
:10EE0000AE411AD3013BD1E90205BEFBF2F66CEB31
:10EE10000C0C1B18A2FB000B02F1FF3245EB0C0C93
:10EE2000009681460192E04508BF9F420A68097931
:10EE300024D0002005B0BDE8F08F0CF0FF06C1F82B
:10EE400000A005F0FF05D1F804C0013B65F3070CF5
:10EE5000C1E90206C1F804C06CEB0C0C1B18A2FB44
:10EE6000000B814646EB0C0CBEFBF2F0013A009021
:10EE70000192D8E74FF0FF308446B3E7B2EB0900C8
:10EE80009BE7029B9146039AF3188E60C1F80CA091
:10EE90004AEB020CC7E700BF30B5046802790134C1
:10EEA000836842F1000204604468013302F0FF020B
:10EEB00062F30704C268446042F10002A1FB03E46C
:10EEC000056890F804C001FB02418C4508BF7545F8
:10EED00008BFC0E9023230BD10B5044614F034FE5C
:10EEE00008B9002010BDE04314F02EFE0028F8D031
:10EEF000E31683EAA4635A1E1A42F2D0E3B25A1E02
:10EF000013405A1E1342ECD0A0B218F084FE0B2816
:10EF1000E7D8204618F07BFE1828E2D8A3B2B3EB5E
:10EF2000144F04D184EA142313F0FF1FD9D0044BEB
:10EF300063405A1E1A4214BF01200020D2E700BFCE
:10EF4000D6BE898EF0B5070C164BA7F5AA4203EA88
:10EF50009023543A012A20D927F4004042F6AA22ED
:10EF6000801A18BF0120002216211F24164687EAA6
:10EF7000060562EA0505013511D0DD0301394FEAC6
:10EF80005303ADB245EA56064FEAC4354FEA54047E
:10EF9000ADB245EA5202EAD1F0BD0020E3E700201D
:10EFA000FAE700BFE0FF3F00F8B58D1F40F67A4C4E
:10EFB0000746BDF82460ADB21046BDF8182065457F
:10EFC0003BD8841FA4B264458CBF0024012425468D
:10EFD000AFBB1D4F3F796FB15CB96FF450654D19F0
:10EFE000062D06D86FF450640419062C8CBF00243B
:10EFF00001242546FDB1814224D803FB0666B6F5FF
:10F00000FA7F1FDCA2F10A0340F676449BB2A342CA
:10F0100018D814F021FF42F2107300FB06F15A4396
:10F02000B2EB410F0ED9BDF81C50BDF8200085424F
:10F030008CBF002501252846F8BD0024C7E797F8B6
:10F040008170C8E70025F6E7380D0021F0B5027899
:10F050000346DFF894C001F10C060A7000254278DF
:10F0600040F2712E4A7082788A70D0F80320C1F87D
:10F070000320B0F80720A1F80720427A4A729407CB
:10F080009CF8200001F1240481F8490002F00100FD
:10F0900048BF0130520744BF0130C0B2EAB29042CB
:10F0A00007D89CF8393081F84830002381F84A307D
:10F0B000F0BD03EB0512013557890EFB07F746F843
:10F0C000047B97890EFB07F7B760D78924F8027B8A
:10F0D000178AA780578A6781978A2782D78AE7820B
:10F0E000128BA283DAE700BF380D0021012821D856
:10F0F000022B0DD1A2F57A70104B98421CD8A1F5C5
:10F100007A70984218D88A428CBF1220002070472B
:10F110000B48824210D8012B07D140F252739A4219
:10F120000AD9A1F6C410074BEBE7042BF9D140F63E
:10F13000C313F4E71220704730207047A7F970021C
:10F140008FFD7002CBF370020138C0B2032808B5FE
:10F1500004D940F20B310620F1F7C2FC014B185CD8
:10F1600008BD00BF985203010138C0B2032808B59A
:10F1700004D940F20B310620F1F7B2FC014B185CC8
:10F1800008BD00BF025303010138C0B2032808B50F
:10F1900004D940F20B310620F1F7A2FC014B1844D0
:10F1A000807A08BD8053030110B503210020F2F7D7
:10F1B00041FD044670B90321F2F7FEFC044620B974
:10F1C00040F245313920F1F78BFC034B93F94410A1
:10F1D00019F095FB204610BD380D002110B50446EE
:10F1E0000A48F8F7A3F90A492046FAF705F9204634
:10F1F000F8F732F838B12046F8F76AF82046F8F701
:10F200008BF9002010BD1220FCE700BF540D002137
:10F210005C0D00212DE9FF4106788046012E40F06B
:10F22000988031460020F2F705FD054620B940F6EA
:10F23000CD613920F1F754FCB8F80430002B40F0D0
:10F240008280F7F78DFE00287FD195F83031002BB2
:10F250007DD12846FFF7C2FF044600286FD1584FE2
:10F2600031463046F2F7E6FC97F83810064619B1F9
:10F2700010B940F6E961DCE73A7F0023CDE90233BB
:10F2800012F001031CBFF86A0290520741BF04AAA2
:10F2900002EB83037A6B43F8082C002945D096F8DB
:10F2A0003031002B41D0B8F80230002B3DD13B7FEC
:10F2B0003046BA6A009302ABB97FF8F791F8A0B371
:10F2C0003046FAF711F906F14003804605F1400295
:10F2D000703653F8041BB34242F8041BF9D1284698
:10F2E000FFF77CFF024610B140F60B71A1E7B8F1C1
:10F2F0000C0F07D101462846FAF7E0F8F8B940F6B6
:10F300000F7196E7B8F1000F02D040F6147190E744
:10F310007B7F2846296D43F0040385F85430FAF7C3
:10F3200039F860B940F6167183E7B8F8042028462A
:10F33000B8F80210FAF7C2F8002808BF07242046E0
:10F3400004B0BDE8F0811124F9E73A24F7E70C2472
:10F35000F5E701210020F2F76DFC054610B940F6F3
:10F36000297166E7FAF706F804460028E7D195F810
:10F37000543095F8B42022B195F8B520134385F8A0
:10F38000B400053B012BDAD82B6D13B940F6397167
:10F390004FE701210846F2F74DFC29464FF4A072D1
:10F3A000064613F08DF90423316D304686F854304B
:10F3B000F9F7F0FF0028C2D140F63E7139E700BFEF
:10F3C000380D0021114BF7B59C7E0646DD7E9F8BE4
:10F3D00014B903F013F80446A5B903F00FF8054675
:10F3E00014B9092003B0F0BD0028FAD0304601A9B5
:10F3F0008DF804408DF80550ADF8067017F0F8FB55
:10F400000020EFE7002CF1D1EBE700BFBC11002199
:10F410002DE9F0439946694B044685B018680F46BC
:10F420001B790021029020461646654D8DF80C3060
:10F4300003F074FD634B20462780C4F83832AB6874
:10F4400040F8443FFAF7F6FD804602F0D1FF2B7CEE
:10F4500010F0200FA4F84E8084F84C305A4B0EBFA9
:10F460001B22AA8869881B6814BFA4F86E10A4F830
:10F470006E20A4F870201BB194F98010384698478C
:10F48000524F3B79003B18BF012384F88130504B29
:10F490001B681BB107F10801208898474D4B1B687A
:10F4A00013B14D492088984704F1280840461AF0C6
:10F4B000C0FF494BD7F83A00424659681B8903C23E
:10F4C000697804F114001380AB886A8803330191D2
:10F4D000033229789BB2009192B204F11801F2F73D
:10F4E0002DFC636923B941F24B113920F1F7F8FA89
:10F4F000A36913B941F24C11F7E714F001FC206243
:10F50000B9F1000F04D004F0D9F820F07F40A063D7
:10F5100096F84A2006EB4202508D14F09DFC41F60D
:10F520004B530146984246D9908C40F2E24214F087
:10F5300093FCFBF713F840F2E2430146E1612046F9
:10F54000C4F81012A4F8143296F84A20E96806EBC1
:10F550004206338EA384F38EE384FAF767FD02A993
:10F5600004F1A60017F0B4FBFF2384F83C32FB6CD7
:10F5700023B1012204F5A171204698472046FFF7E8
:10F5800021FF054604F09AF80C230121B0FBF3F2A9
:10F5900002FB13032046DBB25A1DD2B2082A96BFE3
:10F5A0000D3384F8B22084F8B23003F0B7FC28465B
:10F5B00005B0BDE8F0834FF47A73BFE7BD5B03018C
:10F5C000BC1100217D0D00217C010021380D00219E
:10F5D000900100218C010021720D00212DE9F743DB
:10F5E0000F460F21804616461D46F2F723FB0446C0
:10F5F00000283DD06946404617F06CFA20B140F231
:10F60000DB413920F1F76CFA684614F014FC90F8ED
:10F6100066309B072ED52846DDF8048019F07AFC69
:10F6200004F15B01A8B1144B1B6813B940F2E74128
:10F63000E7E72A463046984740B9A4F85860A4F84E
:10F640005B7084F85A50FF2388F8543103B0BDE84A
:10F65000F0830A4BD3F80090B9F1000F02D140F2C9
:10F66000ED41CEE72B4604F17D023046C847E3E783
:10F670000220EBE71A20E9E794010021980100211C
:10F68000034B044A1A60044B044A1A60704700BFD7
:10F690008801002115990101700100218D9501015A
:10F6A000014B024A1A607047740100212D9F01012D
:10F6B00038B517F0BEF9002503F03AF91C4C02F0FA
:10F6C000ABFE18F05FF903F0BBFC04F0E1FE03F0C1
:10F6D000EBFC012002F064FE164B174A29465D83BD
:10F6E0001A601B22DD839A80F9221D841D76134B3C
:10F6F00022835868124A1B8922601422E06104F1B7
:10F7000024002384A576A580A57513F04FF8012366
:10F7100042F2107204F13A0084F8455084F8243023
:10F7200084F83930C4E90A22BDE838401AF087BEAF
:10F73000380D0021BC11002103021B009852030167
:10F740001B004801044B41F64C521B215A611974AD
:10F75000C3E90222FFF7ACBFBC11002173B5384DDD
:10F760000446AB6840F8443FF4F748FC064602F014
:10F770003FFE2B7C10F0200FA4F84E6084F84C3034
:10F78000304B0EBF1B22AA8869881B6814BFA4F8DF
:10F790006E10A4F86E20A4F870201BB194F98010AC
:10F7A0002088984728490B79003B18BF012384F82B
:10F7B0008130264B1B6813B108312088984794F894
:10F7C00081302046002B41F64C5318BF4FF47A731A
:10F7D000E361FFF7F7FD064648B102212088F2F702
:10F7E0003FFA40B340F2C1513920F1F779F9184B93
:10F7F0001B6813B101462088984704F128001AF0CD
:10F8000018FE6978AB8804F114006A88019103330B
:10F81000297803329BB2009192B204F11801F2F7F9
:10F820008DFA636913B940F2D651DDE7A3691BB9BC
:10F8300040F2D751D8E70926304602B070BD00BF6C
:10F84000BC1100217C010021380D00219001002114
:10F850008C0100212DE9F34105460E4619F094F87C
:10F86000002800F0AE80284619F024F930B1B6F82F
:10F870000130013B7F2B01D9122404E0284619F006
:10F880001DF920B90C24204602B0BDE8F0812846BD
:10F89000F4F79EFD0028F5D1284619F01AF88046A5
:10F8A0000028EFD1284606F0B3FA0028E4D042F24F
:10F8B0001073B6F80170F17828465F4319F0E2F84A
:10F8C00004213078F2F7B6F9044606213078F2F7D1
:10F8D000B1F9002C77D038B141F665113920F1F734
:10F8E000FFF8044690F8BD80404E3368002B6CD082
:10F8F0004034204619F009FF002866D0204619F050
:10F90000C0FE002861D1B8F1000F08D0384B204666
:10F910001B689847002858D041F67911DEE7354931
:10F920004246336820464969984700284DD041F641
:10F930007E11D3E7284619F0BDF840B902210DF138
:10F940000600F2F701F9064658B90D249BE7284650
:10F9500019F0C2F80028F1D1274B1B79002BEDD10B
:10F960008AE7002103F088FABDF8063028463146C0
:10F97000338019F0C6F8284619F0AEF8A0B9284629
:10F9800019F0B4F801463046FFF7E8FE04460028B7
:10F990007FF479AF3A4631462846F4F717FA044621
:10F9A00020B141F6AA1199E70121ECE7124BDB6C7B
:10F9B000002B3FF468AF024606F5A1713046984728
:10F9C00061E742245FE700288BD1284619F066F8EA
:10F9D00001460028AED13A462846F4F7F7F9044626
:10F9E00000283FF450AF41F6871177E788010021E6
:10F9F00084010021BC110021380D00210378032B64
:10FA00009DBF03F00103034A0020112098BFD37764
:10FA1000704700BFBC110021064B01889A889142B3
:10FA200006D3B0F8032091B211B100201A847047B8
:10FA300011207047BC1100212DE9F3411C4F0646EF
:10FA4000FB7F8BBB0C2002B0BDE8F08106EB850389
:10FA50006946B3F80380B3F801004444A4B217F038
:10FA600039F8E8B9684614F0E6F9C38C434519D370
:10FA7000A3EB0803C38490F830303BB990F83130E1
:10FA800023B1C38C13B9684604F014FA01353278F7
:10FA9000ABB29A42DAD83B8C00201C443C84D2E7BB
:10FAA0000220D0E71220CEE700252C46EFE700BF6A
:10FAB000BC110021014B93F944007047380D00211F
:10FAC000B0F90020F8B514B292B202F5A0639BB26F
:10FAD000B3F5206F36D8B0F902301DB29BB203F5F2
:10FAE000A06189B2B1F5206F2CD802F2F64140F244
:10FAF000BE5089B2814227D803F2F64189B28142D1
:10FB000022D8002C4FF00A00C4BF093214B2002DD5
:10FB1000C8BF093394FBF0F4C8BF1DB203F098FAD4
:10FB20000A2167B2064695FBF1F1384649B203F067
:10FB300081FA074B1B684BB1A01B40B208B1984734
:10FB40000020F8BD3020FCE71120FAE71846F8E75E
:10FB500080010021034B5A8802801B7883700020AB
:10FB6000704700BFBC1100217FB5837806461A2B71
:10FB700009D8042B05D9012202FA03F3314A1342B2
:10FB800005D112251AE0292B01D03B2BF9D1308861
:10FB9000B0F5706FF5D2694616F09CFF88B9019BED
:10FBA00093F8402102F0FF05C2B9B27883F84121F1
:10FBB000FF2283F84021684617F0BDFE284604B0B6
:10FBC00070BD09213088F2F735F80446002837D097
:10FBD00002A9B0F8AC0116F07DFF08B10C25EDE7E5
:10FBE0000821B4F8AE01F2F725F820B94FF40F61FF
:10FBF0003920F0F775FF03781BB994F8C831032B4F
:10FC0000ECD1039B93F85621002AE7D194F8F02118
:10FC100002F0FF05002AE1D1B4F8B021A3F8582181
:10FC200094F8B42183F85A21027D83F85B21B278DD
:10FC300083F85C2184F8F021FF2283F85621BDE788
:10FC40000225BBE72000380438B50478427804F078
:10FC50000103857804F0020452EA030101D1112066
:10FC600038BDBCB9002DFAD0002B08BF144601E006
:10FC700000242546204614F064FA0028EFD02846D8
:10FC800014F05FFA0028EAD0054B00209C76DD7660
:10FC90009883E5E7002BEBD114461D46EAE700BF49
:10FCA000BC11002113B50088694616F013FF18B186
:10FCB0000224204602B010BD9DF80030019863B9BF
:10FCC00014F0D7F80028F3D0684614F0B4F8019B7C
:10FCD00093F8522122B13A24EBE714F0D8F8F1E777
:10FCE00090F85C2002F0FF04002AF4D190F8532031
:10FCF000920706D1FF2283F85221684617F01BFEB7
:10FD0000D7E70249543017F048FED2E7ED820201EE
:10FD10002DE9F84303780446032B03D9122528461E
:10FD2000BDE8F8834378032BF8D8437E85780BB978
:10FD3000012DF3D115F0F80FF0D1A80751D5022D00
:10FD4000ECD1504B5B79002BE8D002F057FB35EA41
:10FD5000000340F0928094F8029019F0010506D05B
:10FD600001232269A168E078FFF7C0F9054619F080
:10FD7000020F07D002232269A168E078FFF7B6F9E5
:10FD80000543EDB219F0040F07D004232269A168DE
:10FD9000E078FFF7ABF90543EDB2002DBFD1B9F123
:10FDA000050F0FD194F804900423E1686269484676
:10FDB000FFF79CF900285ED1E3784B455DD1A3683D
:10FDC00099425AD1237E013B062BA7D8012100205E
:10FDD000F1F730FF814638B940F6CE513920F0F7BF
:10FDE0007FFE69079AD0B0E7C030F9F7CDFA18B1B5
:10FDF00099F854309A0742D194F819C0E278BCF1CE
:10FE0000000CA178A06818BF4FF0010C012AB4F8CB
:10FE1000009014BFB2FA82F2022294F818E018BFE0
:10FE20005209CB071ED54B0727690BD56669BB194D
:10FE3000984207D243089F4228BF1F46C31B9E42D9
:10FE400028BF1E460F4B19775A77A3F81E9083F8E8
:10FE500020E083F821C083F82410C3E90A07C3E92E
:10FE60000C865CE7022902D1D4F81080EAE74B0740
:10FE700048BF2669E6E7054651E711254FE70C25FF
:10FE80004DE700BF380D00212DE9F041044688B050
:10FE9000002002F085FA23788DF8043063788DF81D
:10FEA0000530A37803F001058DF806305B0748BFE5
:10FEB000013502F0A3FA9DF8063083434AD10DF1D3
:10FEC000070003A904F1030840F2712E0E46844690
:10FED000DAB2954219D8214B93F8202093F83930A3
:10FEE0008DF81C20A2788DF81D3032F0050333D137
:10FEF00012F0050F30D01A4CDAB2954217D801A88B
:10FF0000FFF706FF08B0BDE8F08103EB8302013381
:10FF100018F8027022440CF8017B9788D2880EFBF7
:10FF200007F70EFB02F246F8047B7260D0E710F888
:10FF3000012B012A10D88A680E46A2F6C412A242EA
:10FF400006D8326804310133A2F6C412A242D3D9D2
:10FF50003020D7E71120D5E71220D3E7380D002154
:10FF6000CBF3700200B589B0437940F271218DF86E
:10FF7000043083798DF8053001238DF8063003783D
:10FF80008DF80730B0F801304B430393B0F80320ED
:10FF90004A430D4991F820100592A2F6C4128DF83B
:10FFA0001C1000218DF81D1008498A4209D8A3F6BB
:10FFB000C4138B4205D801A8FFF7AAFE09B05DF86B
:10FFC00004FB3020FAE700BF380D00213C369C00CE
:10FFD0002DE9F04F437A04468FB0980705D5924A31
:10FFE000127912B943F001036372657A690704D18B
:10FFF000122630460FB0BDE8F08F15F0F80FF7D19C
:020000040101F8
:1000000002F0FCF935EA000340F0928094F84830A1
:1000100053B9012DECD1A369844AA3F253739342DF
:1000200000F26A81012602E015F00106F3D1AA0769
:1000300045BF731CB2464FF0FF0ADEB26B070AD50C
:10004000B31D7B4A54F82330A3F6C413934200F245
:1000500053810136F6B204F1080704F122054FF08E
:1000600000095FFA89F846452BD823789A1E022AA0
:100070005ED9012BBCD813B9A378012BB8D863780B
:10008000032BB5D894F84930013B062BB0D8664E07
:1000900001210020F1F7CEFD96F838300546002BFF
:1000A0005FD101210846F1F7C5FD002818BF0546BC
:1000B00005F1C000F9F768F9074600286BD00C2657
:1000C00097E7C24536D07B680493049A3B69934214
:1000D0008ED8012069882A89EB89B5F814B003907D
:1000E000288C05910290688BCDE900B00020CDE905
:1000F0000623FEF759FF002800F0FE80B8F1000F3C
:100100002AD02888059988427FF472AFE988069A38
:1001100091427FF46DAFAA89079B9A427FF468AF42
:100120006B8A5B457FF464AF3B68049A9A4213D0B4
:1001300011265EE7012E0FD13A693E48A2F57A7387
:10014000834200F2D9807B68A3F57A71814200F284
:10015000D3809A423FF64CAF09F1010904370235CA
:100160007FE7C030F9F710F900289AD06FF000430C
:10017000D5E930129A4208BFB1F1FF3F91D1637ABD
:100180002846E268009304F118036178F7F728F92C
:100190000746002885D02846F6F7E8FE08B13A263B
:1001A00027E72846F6F7DCFE0028F8D1B37E43B9EE
:1001B000CDE9093306238DF82A3009A8F1F774FD3B
:1001C000B8B100210DF12200F1F7BEFC80460028F5
:1001D00000F0908001232246BDF82210FFF718F9A5
:1001E000064620B94046F9F731FF47B168B10646E7
:1001F000C7E0099B93F8A530802BDED05FE700288D
:10020000F5D161782846F7F75FF804F1030AA27880
:10021000217828465346F6F7F9FF00286ED1002FC3
:1002200066D11220E3E700BF380D00213CF67002D2
:10023000CBF37002A7F97002637A8DF8247013F083
:100240000102E16818BFA0690A911EBF0B9001204E
:100250008DF824009F070DD5022B09D1901D54F86D
:1002600020000C909DF8240040F002008DF824003E
:100270000132D2B2580709D5063254F822200D9225
:100280009DF8242042F004028DF8242003F0050399
:10029000052B0ED10B980D9A8318994209D24B0861
:1002A000834228BF0346C91A0B93914294BF0D9114
:1002B0000D9209A92846F9F79FF894F848102846A6
:1002C000003918BF0121F6F79DFF94F84910284620
:1002D000F6F76EFF2846F7F71FF941462846F9F76B
:1002E00059F800287FF485AE07264AE00B2648E03F
:1002F000122646E00D267CE630267AE617B9284617
:10030000F6F7E6FF5346A27821782846F7F728F853
:1003100094F80990B9F1020F05D002F06FF809EADC
:10032000000909F0050949462846F6F745FF17B9BF
:10033000042385F85430C5F850805246A07813F055
:1003400070FD01462846F7F727F8237833B952465F
:10035000A178404613F04CFE0028C7D10121284661
:10036000F7F736F801212846F7F736F8002F3FF463
:1003700063AF04212846F6F779FF00287FF439AEF1
:100380000C26B8F8000002F0C7F80021B8F8000009
:10039000F1F766FC00283FF42CAE41F212413920FF
:1003A000F0F79EFB10B5437994B0032B57D823F098
:1003B000020302798DF80630D0F806308DF804205B
:1003C000CDF807304389027BADF80B3001238DF85F
:1003D000052040F271228DF80D30038853430493B9
:1003E00041884A430792A2F6C412847B417B41EACA
:1003F0000421ADF82810047CC17B41EA0421ADF84A
:100400002E10847C417C41EA0421ADF83410047D37
:10041000C17C41EA0421ADF83A10417D847D41EA76
:100420000421ADF84010C17D007E41EA00210E4854
:10043000ADF8461000218DF84C108DF84E100B4988
:1004400090F820008A428DF84D000AD8A3F6C41314
:100450008B4206D801A8FFF7BBFD14B010BD1220D7
:10046000FBE73020F9E700BF380D00213C369C0047
:1004700030B5044695B0002001F092FF01A9204656
:10048000FEF7E4FD054601F0B9FF9DF80D4034EAA2
:10049000000302D0112015B030BD14F0050F1ED09E
:1004A00014F0F80F1BD101F0A9FF8443F2D104AB83
:1004B0000C49E2B2954203D801A8FFF789FDEAE7AB
:1004C000DA681846A2F6C4128A4206D802680433D3
:1004D0000134A2F6C4128A42EBD93020DBE71220A5
:1004E000D9E700BFCBF3700273B506230024CDE932
:1004F00000448DF806306846F1F7D6FB58B1002667
:1005000001210020F1F796FB054698B941F24441DC
:100510003920F0F7E5FA009C94F8A530802BEAD05A
:1005200094F80931002BE6D194F8A430002BE2D1E5
:100530000126E5E7C030F8F727FF244B93F8383061
:1005400083B3F0B195F85430053B012B19D82846F8
:10055000F8F7CAFF044610B141F24F41D8E72846E8
:10056000F6F70AFD95F854302246214623F004039D
:10057000284685F85430F8F7A1FF80B941F254417C
:10058000C6E701210846F1F755FB054610B941F2CF
:100590005B41BDE7C030F8F7F7FE68B90C24204690
:1005A00002B070BD30B9002EF8D0FF2384F8A4301B
:1005B0000024F4E7002EF8D12846F8F795FF04460A
:1005C0000028ECD12846F6F7D7FCE8E7380D0021E3
:1005D0002DE9FF41077804460D46EF2F01D912257A
:1005E000A5E0B0F80130ADF80C309DF90C209DF875
:1005F0000C30002AF3DB9DF80D209607EFD1D806CA
:100600006CD4990603F0030265D5002AE7D11A07D6
:1006100003D503F06703012BE1D163781E0711D4E2
:100620002179E278E07942EA0122617942EA0142E5
:10063000A17941EA0021207A41EA00418A42CED8DC
:100640001F2ACCD9627A013A062AC8D8A27A032A8C
:10065000C5D813F0040102D1023A012A03D8E27A84
:10066000012ABCD811B9A27C032AB8D813F0100112
:10067000227D44D0012AB2D1237E012BAFD800299C
:100680004DD06378D80703D501F08AFD00284DD0FE
:100690006378227D03F0180108295AD1022A45D136
:1006A0001B0709D4E279A37943EA0223227A43EAB9
:1006B0000243B3F5804F39D81FFA87F8032140462B
:1006C000F1F7B8FA0646002849D0F3F781FE002872
:1006D00051D00C252BE0032A99D180E713F0600F4D
:1006E0007FF47DAF03F00F0203F00703052B94D0D6
:1006F000931E012B91D9002A7FF471AF8DE7022A56
:1007000004D103F06F03092B7FF469AFA37D013B94
:10071000022B3FF664AFE37D0F2BADD95FE701F00D
:100720006DFE81070AD4237D022B04D111252846B2
:1007300004B0BDE8F081A37D022BF7D001F05EFE8E
:1007400042079ED4237D032BF0D0A37D032B98D1A9
:10075000ECE7022AA4D0A27E002AA1D0E6E703217A
:100760004046F1F729FA0646002840D0214B93F97C
:10077000441018F0C4F80021384618F04FFD18BB9B
:10078000304618F088F921462870E074304605F0AC
:1007900097FB637E0546002BC9D00028C7D10246CF
:1007A000F16C6846F1F7A6FB2A46F06C012113F0C4
:1007B000AAF8F16C68460422F1F79CFB2A46294608
:1007C000F06C13F0A0F8B2E7403018F09EFF00285C
:1007D000D6D0637813F0330F7FF401AFA77D304696
:1007E00018F084F9FEF7B0FC8742C9D071E70725FD
:1007F0009DE700BF380D002130B502798BB003466C
:10080000042A58D84488B4F5804F54D82B48002186
:100810001044ADF804108DF80C10827C457B42F03A
:1008200010028DF8211042EA4502C57D007F42EAA0
:10083000850242EAC00202F01F028DF80420BDF8D2
:100840000420ADF80D201A888DF81240240A8DF886
:100850000F20120A8DF811108DF814108DF8102049
:100860008DF813405A7BD3F807008DF815205A797C
:10087000069003A88DF816209A798DF81720B3F802
:100880000B209B7BADF81C208DF81E307F238DF84C
:100890001F3001238DF820308DF822308DF8231081
:1008A0008DF824108DF825108DF8261001A9FFF77A
:1008B0008FFE0BB030BD1220FBE700BF9852030142
:1008C000F7B5B0F801200546B0F803309A4202D9D6
:1008D000122003B0F0BD052AFAD9052BF8D9B0F8DB
:1008E0000530002B40F09C8003210078F1F7A2F93D
:1008F0000646002800F0968018F0D4F80028E7D1CA
:10090000304618F0E9F80028E2D1304618F0C6F871
:100910000028DDD1304618F0C9F801460028D7D1AB
:10092000287818F07BFC0446002852D1062128784C
:10093000F1F780F90746002852D1BCB92F7806207C
:1009400012F0CDFEBFB200285DD006213846F1F787
:1009500033F9002857D080F8BD400446354B204677
:100960001B68984706F12803C4F88830E28D94F894
:10097000300094F834104FF6FF7301F0FF070029A0
:1009800054D19A4294F8351046D0002814BF3B2722
:100990002327A06813F045F8B5F80320014640F27C
:1009A000E240737942432046009718F083FC002808
:1009B0003AD004F14001284613F00AFB737930461F
:1009C000237418F068F80146204618F085FC0020D2
:1009D0007FE7403018F055FE0028A7D00C2078E7BC
:1009E00090F8BD303BB10146287818F05FFF114BFD
:1009F00038461B68984706F12803C7F8883000235B
:100A000087F8BD3099E704213846F1F7D5F8044658
:100A10000028A3D107205CE7002918BF0927B8E701
:100A2000112056E7422054E7452052E79A42ACD1C4
:100A30000927AEE7700100212DE9F347074603219E
:100A40004078F1F7F7F80546002800F0BC80042153
:100A50007878F1F7EFF8044606217878F1F7EAF8AC
:100A600006462CB1C0B141F624313920F0F738F8F0
:100A700018B90C2002B0BDE8F087044690F8BD908C
:100A80003B7804F14008DB07404640F18F8018F0C6
:100A9000F8FD18B10020EDE78146F1E7284618F08F
:100AA00001F80028E5D1284618F016F80028E0D112
:100AB000284617F0F3FF0028DBD1284617F0F6FF91
:100AC0000028D6D1B9F1000F36D06B794046627B51
:100AD000237495F846301B0963F3071262733B7861
:100AE000C3F34003A37308F009FF0028C2D156B135
:100AF000B9F1000F07D013F003F9364BC6F8900098
:100B00001B7E86F8A33013F0FBF8206002F0D6FDC0
:100B100020F07F4060602846F3F75AFC0028B9D0E7
:100B2000B9F1000F36D02C4B40461B68984700287F
:100B3000B0D041F6763198E7A06812F04AFF00285D
:100B400097D1E28D94F8300094F834104FF6FF738B
:100B500001F0FF0A002938D19A4294F8351014D0D8
:100B6000002814BF4FF03B0A4FF0230AA06812F090
:100B700058FF6B790146CDF800A02046226F18F08F
:100B800099FB0028A1D1452074E7002918BF4FF038
:100B9000090AEBE7114B4A464046596908F0BAFE8C
:100BA00000283FF477AF41F67B315EE7B9F1000FE3
:100BB00004D002B0BDE8F04718F07ABE02B0BDE83C
:100BC000F04718F03BBE422054E79A42C8D14FF09C
:100BD000090ACBE7380D002184010021BC11002156
:100BE000037813F0F80F73B5044640F0AA8013F0B1
:100BF000010307D142780F2A00F2A5808278012AEA
:100C000000F2A180B4F80920B2F5FA7F80F09B8051
:100C1000B4F80B2043F6F6710A3A92B28A4200F217
:100C20009280627B1F2A00F28E8002F01702172A40
:100C300003D10C24204602B070BD4BB9E51CCDE9B0
:100C4000003305238DF806306846F1F72DF838B1EA
:100C500005216846F0F778FF054688B90724E9E7DB
:100C600000986378827A9A42EED100F10C012B460B
:100C7000A278C07A15F0DEFE0028E5D00B24D9E773
:100C8000324B0146BDF8000005F150061B6898473D
:100C9000BDF8003030462B81237883F00203C3F384
:100CA0004003EB742378C3F380032B756378AB7236
:100CB000A378EB722378C3F30003AB75637B2B76C9
:100CC000D4F80330EB60B4F807302B82A27A637A51
:100CD00043EA022342F21072A5F88830B4F80B30D0
:100CE0005343C5F88C3008F00FFE58B10521BDF80C
:100CF0000000F0F7B5FF0028B0D041F6B46139200C
:100D0000EFF7EEFE2846F6F76FFC044680B130465A
:100D100018F094FD10B141F6BA61F0E70521BDF875
:100D20000000F0F79DFF002883D041F6BB61E6E7A5
:100D3000074B1B68002B3FF47DAFBDF800009847C0
:100D400078E7112476E7122474E700BF74010021CC
:100D500078010021014913F0A8B800BF400D00211F
:100D600013B50378044653B1002301A801930DF095
:100D70001DFF019B9B0702D00C2002B010BD227802
:100D80000020014B1A71F8E7380D00210278034664
:100D900072B1427862B142881A2A09D982881A2A25
:100DA00006D90068034A106000209B889380704732
:100DB00012207047BC11002102680020014B9A608C
:100DC000704700BFBC11002102680020014BDA60AF
:100DD000704700BFBC1100210378A3F10A02112A59
:100DE0009BBF024A0020122013747047BC110021DF
:100DF0000378FF2B16D14378FF2B13D18378FF2B79
:100E000010D1C378FF2B0DD1037923F0E0021F2A04
:100E100008D113F0E00F05D05B09034A002082F8E7
:100E20002030704712207047380D00210378012BC5
:100E30009DBF03F00103034A0020122098BF82F8EF
:100E400039307047380D002102680020014B5A618B
:100E5000704700BFBC110021014B1876002070477D
:100E6000380D0021014B587600207047380D0021C5
:100E70002DE9F04F04468BB000780491FAF7B4FEE8
:100E8000A37B08210393F0F7D5FE0646002842D045
:100E9000466F002E3FD06FF404714FF000084FF002
:100EA0000E09771846460DF12602214697F8B4013F
:100EB000FBF7F6FDA0B9039D0135EBB2039397F85C
:100EC000BF30002BFB7D18BF0126002B18BF4FF051
:100ED0000108D7F81172FFB16FF404721744E2E70A
:100EE0009DF8263009FB0342B2F8112052B109FBEC
:100EF0000343B3F81330002BEBD197F82830002BC5
:100F0000E7D003E097F8D020002AF0D00C26304636
:100F10000BB0BDE8F08FB046039B1F2B00F2EA80B8
:100F20002378EF2B00F2E680B4F8092040F67C41EC
:100F3000131F9BB28B4200F2DD8094F80EE0002379
:100F40000E20D9B28E4554D87EB1A178637843EA99
:100F50000123E17843EA0143944903F18073FF3BA5
:100F600023F07F438B4200F2C580B8F1000F0FD011
:100F70006179237943EA0123A17943EA01438B494B
:100F800003F18073FF3B23F07F438B4200F2B2807A
:100F9000E379002B00F0AE80237A002B00F0AA80CA
:100FA000E37A072B00F2A680237B012B03D9BEF145
:100FB000010F00F29F80637B022B059355D000F256
:100FC000998040F2E243A04626464FF00009534381
:100FD000069304F10F0307935FFA89F2964517D839
:100FE00001F00CFA039B06460E2B40F29B8009266B
:100FF0008DE700FB03410133B1F81170B1F8131014
:10100000002F18BF0126002918BF4FF0010898E7EC
:10101000F07BEF286ED80023D9B28E4527D896F8FA
:1010200010A00AF1FF331E2B64D80E2303FB0941E5
:10103000B1F81120B2F5805F5CD2B1F81330B3F58E
:10104000805F57D2B1F81500FB2853D8B1F81710BC
:10105000FB294FD896F81BC0BCF10F0F4AD8377F39
:101060000F2F47D852EA03050BD111264FE79142C3
:1010700005D00E21079D5943695C81423AD0013366
:10108000CAE750EA0105F0D05CEA0705EDD042EA74
:10109000000B5BEA0C0506D0002AE6D00028E4D05D
:1010A000BCF1000FE1D043EA010B5BEA070505D074
:1010B000002BDAD00029D8D0002FD6D0BC45E3468B
:1010C00038BFBB46DA45D0D3059D3DBBA0B1024435
:1010D00094F802A0069D013AB2FBF0F0627842EA71
:1010E0000A2294F803A042EA0A42B5FBF2F2504306
:1010F000604501D912260AE781B10B446279013BB0
:10110000B3FBF1F1237943EA0223A27943EA0243D4
:10111000069AB2FBF3F35943B942EBD809F101093E
:101120000E3659E70DF0C8F805460DF05FFB94F850
:101130000EE000214FF00E0CCBB29E450CD840F2D1
:10114000E243B4F809005843E37A0B2B30D940F25C
:10115000B5310620EFF7C4FC98F819200F46002A95
:1011600083D0531E134280D198F81A30002B3FF4DD
:101170007CAF03F1FF3919EA030F7FF476AF164213
:101180003FF473AF1E423FF470AF0CFB0143B3F862
:10119000113083423FF669AF0CFB0743013108F180
:1011A0000E08B3F81330AB42C6D95EE700FF0F005C
:1011B000A04A00274FF0960802EB4303BA46B9460F
:1011C0003D46598C1AF0E2F88346A37BFEB2B34247
:1011D00031D82078FAF708FD0821F0F72BFD002818
:1011E0004FD0466F002E4CD06FF404730DF12602E1
:1011F00021461E4496F8B401FBF752FCC0B959468B
:101200000390304612F01DFF039B074630461946F7
:1012100012F017FF07F19603B9441B1A984538BF1F
:10122000984696F8B5319A4503FB075538BF9A465C
:10123000D6F81162D6E70E23594601375E4306F110
:101240000F0222441046059213F0B1F80390FAF70A
:101250001BFF00283FF44EAF059A0021264410469C
:1012600013F0A5F8039B03F196029944121A9045D6
:1012700038BF9046327C924502FB035538BF9246F8
:10128000A3E7237B012B08BF0AFB09F5B8F5FA7F1A
:1012900038BF05F5AF75FAF703FF38B9B4F8093070
:1012A00040F2E2425343AB42FFF4DFAE2078FAF75C
:1012B0009BFC0821ADF82400F0F7BCFC0546D8B92A
:1012C000082109A8F0F740FC054608B907261EE6E4
:1012D000FAF744FC05F1200008F010FB064660B167
:1012E0000821BDF82400F0F7BBFC00283FF40FAE46
:1012F00042F2D96139202DE7012695F86870002F58
:101300007FF404AE09204FF00E0A12F0E8F994F8C9
:101310000E808146A27BFBB29A420AD8C14580F07A
:101320008580002ED2D10821BDF82400F0F798FC6A
:10133000CCE70AFB03432846D97BFAF771FC18B1C6
:1013400008F1FF385FFA88F80137E3E709FB064840
:10135000284698F80F10FAF763FC8246002850D10F
:1013600009210DF12600F0F7EFFB824610B942F299
:101370000371BFE7FAF79EF8BDF82430AAF8AE3142
:10138000BDF82630AAF8B03198F80F308AF8B43199
:101390006B6FCAF811320AF211236B67049B013795
:1013A00003EB4606BAF8B0317380A17BFEB2B142BE
:1013B000CCD801232B7023782B75A2786378E6783C
:1013C00043EA0223627943EA0646237943EA022389
:1013D000A279AE6043EA0243EB60E2796A75227A51
:1013E000AA75627B002A14BF01200020E8753FD156
:1013F00040F2E240B4F809704FF00E0C474310463B
:1014000025E0B0F8B031D0F811B20393FAF752F8F2
:10141000039BBDF82420AAF8B031AAF8AE2198F8B1
:101420000F30CAF811B28AF8B431B7E700274FF08D
:101430000E09BAE7985203010CFB0042B2F81320E0
:1014400022B1B7FBF3F203FB12727AB90130C2B2D8
:1014500091420DD90CFB0042B2F81120002AEBD0CA
:10146000B7FBF6F206FB1272002AE5D00123EB75FA
:10147000B4F8093040F2E24200274FF00E0853431F
:10148000A5F854202B656B60237B2B76A37BFEB2E3
:10149000B34229D8E37A286D0B2B3FF658AE704A39
:1014A00002EB4303598C19F071FF2B7E80466E6F5F
:1014B000002B40F0A280002E6ED06FF4047906EB72
:1014C00009071E463846414612F0BBFD97F8B53174
:1014D000C7F89C01D7F8117200FB0366002F5BD0A0
:1014E0006FF4047E7744EDE708FB06462846013793
:1014F000F17BFAF795FB014610B942F25871F9E613
:10150000337C80F8B531B27C737C43EA0223A0F8C7
:10151000BC30327DF37C43EA02238382EB7D80F88A
:10152000CC3080F82430B6F8153080F8BE30B6F8EC
:1015300017308375707E12F084FC81F89001B07EC4
:1015400012F07FFC81F8A800F37E01F1B00081F871
:10155000BF30337FCB75A278637843EA0223E27809
:1015600043EA02436279C1F8C430237943EA022393
:10157000A27943EA02434FF0FF32CB616B68C1F8B6
:10158000C8300B626B7D81F8C130AB7D4B764FF07C
:10159000FF3319F029FE79E76B6F2E616BB16FF4A1
:1015A000047C634493F8B521D3F89C11C3F8986187
:1015B00001FB1266D3F81132F0E7DEB92B696A7DC0
:1015C000E87D0093D5E90113FAF74CFD2B69AA7D5C
:1015D0000646E87D0093EB686968FAF743FD6B6F98
:1015E000B3B36FF404721344C3F8B460D860D3F893
:1015F0001132F5E742F291717CE6AEB16FF40477F7
:10160000F7190026B1463846414612F01AFD97F800
:10161000B531D7F8117281449E4238BF1E4627B1BA
:101620006FF404700744EEE7B14609FB06F66F6FEE
:101630002E61002FC2D06FF404710F444146C7E9F8
:101640006669384612F0FDFCD7F81172361AF0E7D9
:1016500023780026049A1370A37B537057E400BFCD
:10166000985203012DE9F0470446BEB000780F46BA
:10167000FAF7BAFA082194F80E80F0F7DBFA05467B
:1016800008B3456FFDB16FF40472AE180025A9468A
:10169000214696F8B401FBF7EFF968B996F8BF3028
:1016A00008F10108002BF37D5FFA88F818BF4FF0AE
:1016B0000109002B18BF0125D6F8116226B16FF47D
:1016C00004731E44E4E7A946B8F11F0F4FD82378EE
:1016D000EF2B4CD8E379072B49D8237A012B02D979
:1016E000A37B012B43D8637A022B04D11125284612
:1016F0003EB0BDE8F0873AD894F80EC026462246A0
:101700000023D9B28C4534D8B9F1000F15D0A27896
:10171000637843EA0223E27843EA0243604A03F132
:101720008073FF3B23F07F43934220D8638940F6C8
:101730009B72053B9BB2934219D8002D00F0A78005
:101740006279237943EA0223A27943EA0243544AA5
:1017500003F18073FF3B23F07F43934207D8A389B3
:1017600040F69B72053B9BB2934240F2908012255B
:10177000BDE7D17BEF29FAD803EBC3012144B1F8CF
:1017800010E0BEF5805FF2D2498AB1F5805FEED2FB
:1017900092F814A0BAF1070FA8D8507DBAF1000F43
:1017A000A4D001380628A1D8BEF1000F05D1002928
:1017B0009CD0012501330932A3E74FF0010900292C
:1017C000F8D0F6E7317D1A4608428FD0717D084285
:1017D0008CD003EBC3012144098AFB2986D802EB94
:1017E000C202013309362244528AFB2A3FF67EAFF9
:1017F000DAB29445E6D82B464A4609A92046FAF7BC
:1018000093FC054600287FF472AF01A909A8FFF7F1
:101810002FFB054600287FF46AAF2078FAF7E4F939
:101820004FF6FF73984204D142F2E3413920EFF7BB
:1018300057F90821F0F7FEF9804620BB42F2E54156
:10184000F4E706EBC606404609F101092644F17BA0
:10185000FAF7E6F910B942F2EA41E7E7B37D80F81A
:10186000CD30F37D80F82530A27B5FFA89F6964271
:10187000E7D323780DF106017A70B81C52003B7053
:1018800010F01EFF33E7A946EEE709252FE700F029
:10189000B5FDB8F10E0FF8D894F80EC00023A7E7F5
:1018A00000FF0F00024B1B6803B11847112070475F
:1018B0006C01002138B5038804469AB20B80B2F55A
:1018C000706F3ED28278012A3BD8C078FF2838D08A
:1018D0002179032901D1237B9BBBA57A637A43EA53
:1018E0000523E57A43EA0543184DAB4229D850BB9E
:1018F000032928D182F0010505F0010572B1092103
:101900002088F0F797F978B90B212088F0F792F941
:1019100078B12946BDE8384014F087B80CF056FF7E
:101920000028ECD10C2038BD2946BDE8384014F021
:1019300032B80C212088F0F77DF90028E9D1022087
:10194000F1E71220EFE71120EDE700BF00093D00AD
:1019500037B5002504460DF106010DF105008DF89F
:101960000550ADF806500CF039FF074B28465A8851
:1019700022801B78A370BDF80630A4F803309DF8D0
:101980000530637103B030BDBC1100212DE9F04F6B
:1019900003788DB00546EF2B04D9122738460DB0D9
:1019A000BDE8F08F4378EF2BF7D88378013B1E2BEF
:1019B000F3D80279C37843EA0223427943EA024327
:1019C0005E4A03F18073FF3B23F07F439342E4D8E8
:1019D000C38840F67C42043B9BB29342DDD8037A35
:1019E000013B1E2BD9D8B0F8093040F6FE72013BFE
:1019F0009BB29342D1D8B0F80B30013BFA2BCCD834
:101A0000467B002EC9D0731E3342C6D100F0F6FCCF
:101A1000864301D01127C1E7AB7B012BBDD8EB7BFF
:101A2000022BF7D0B9D82B7C013B062BB5D86B7CA9
:101A3000013B0E2BB1D8AB7C0F2BAED8EB7C012B2E
:101A4000ABD8002B72D12B7A287CB3FBF0F100FBD2
:101A50001133DBB2002BA0D16C7CCAB2A1429CD363
:101A6000AB7C01D0002B98D0121B5343DBB2142B5C
:101A7000D0D8EB7B002B5FD140F2E243EA88E978D3
:101A80005A432B7941EA03216B7941EA0341B2FBC6
:101A9000F1F301FB1322002A4ED1B5F80B10B5F873
:101AA00009200A44013A92FBF1F253439BB2984257
:101AB000B0D30121687817F0B1FB8046002800F010
:101AC0000082C28D4FF6FF739A4240F0FA81EB7CA0
:101AD000002B90F83420806814BF3B24232411F09D
:101AE000A0FF98F81030014600944046D8F87020C6
:101AF00017F0E0FB002800F0E681B5F80930B5F8F2
:101B00000B000193AB7CC0B22A7C0093297A6B7CDA
:101B100018F0C5F9074600283FF47CAF0B2011F000
:101B2000DEFDAB7883420BD90D2737E719F060FC57
:101B3000002888D1252731E70123B8E700FF0F00EF
:101B40000A212878F0F776F8002840F0BE810A21B3
:101B50002878F0F731F804460028E5D018F0FDF8B1
:101B6000032384F830302B7884F831300123A978AE
:101B700084F8343084F8321084F833102B7A84F8E7
:101B8000363084F83530EB7C003B18BF012384F8F5
:101B90004F302B7C84F84C30AB7C84F84D306B7C20
:101BA00084F84E30B5F80B3084F850302A79EB7851
:101BB00043EA02236A7943EA0243E365A87A6A7A30
:101BC00042EA0022A4F85220E87B48B940F2E24CF5
:101BD000EA880CFB02F2B2FBF3FC03FB1C2313B9F3
:101BE000071E18BF012784F86470687B12F029F97A
:101BF000012984F8650003D9AE7B003E18BF012699
:101C00004FF0FF3384F89460002640F2E2422361F3
:101C1000FF23A4F8D26008462375E681EB88A4F878
:101C2000F4205343C4F8F03012F0B2F8C4F898002E
:101C300001F044FDA4F89C006B783146D4F898007C
:101C400084F89E30667512F07BF83146C4F80C01BA
:101C5000B4F89C0018F020F994F84F30C4F8100143
:101C600094F8651094F8500084F814312676E675DF
:101C700003B1043012F01DFA04F1540394F8322039
:101C8000064694F8361094F89400029304F1580331
:101C9000CDE90063EB8818F037F994F8361094F822
:101CA00032000096D4E9153218F0A9F894F86420AF
:101CB00094F836302066039294F84D20029294F8FE
:101CC0004E20019294F84C200092D4F8F020E16D5F
:101CD00018F0CDF8A06404A801F0C6F920B942F6C6
:101CE000D8513920EEF7FCFE04A9204614F0F0FF8D
:101CF00094F84F306BB304F1380705F1140305F184
:101D000024013A4653F8040B8B4242F8040BF9D1F4
:101D1000182108AE0DEB0100EFF730FC06AB04F123
:101D2000A0020DF1300E03CB9446C4F88800C4F82D
:101D30008C103346083203CB734542F8080C42F846
:101D4000041C1E46F5D104F17802614638460AF0BB
:101D50000BFC94F84F3094F8362094F8321094F835
:101D60009400029394F865300193636D0093A36D22
:101D700018F055F8D4F8F03000F5617A9A4509D991
:101D80000A212878EFF76CFF00283FF443AE42F6B3
:101D90001861A6E704F1C00B584607F0AFFD0746EF
:101DA00048B10A212878EFF75BFF00283FF4F6AD31
:101DB00042F61F6195E795F8029009F1FF394FFA55
:101DC00089F9B9F1000F0ADA01225146584607F0A5
:101DD000A1FD0746002865D042F6446181E70B214A
:101DE00006A8EFF7B1FE064610B942F6286178E77B
:101DF0005FFA89F918F0BAF8BDF8183009F1010155
:101E0000A6F8FA30C9B286F8F81094F84F3086F880
:101E1000F4302B7886F8FC30D4F8980011F090FF5D
:101E200096F8F810C6F8EC00B4F89C0018F034F8F6
:101E3000C6F8F00094F8653030464FF0FF3206F5F2
:101E4000807606F8203C98F80F3046F8307C06F88B
:101E50001F3C56F82C3C67F3070346F82C3C94F8DB
:101E6000643006F8E43CB4F8523026F8F43C94F8B8
:101E7000503006F8F23C94F84C3006F8F13CE36D33
:101E800046F8EC3CD4F8F03006F8EF7C46F8E83C35
:101E90004FF0FF3319F0A5F9D4F890303360C4F84F
:101EA00090608AE7D4E93832293342F10002C4E96C
:101EB0000A3294F84F3088F830302B78A8F82E305A
:101EC0006CE542276AE5452768E50C2766E500BF13
:101ED0000279C37843EA0223427943EA0243224A61
:101EE00003F18073FF3B23F07F43934230B50446F8
:101EF0008BB002D912200BB030BD038940F69B7223
:101F0000053B9BB29342F5D8837A1E2BF2D8C28848
:101F100040F6FE71531E9BB28B42EBD8F72A01D9D3
:101F20001120E8E7C57A15F0F80FF9D100F066FA4C
:101F300035EA0003F4D1A378013B1E2BDAD8237BCA
:101F4000012BD7D8637B022BEAD0D3D8A37B012BFC
:101F5000D0D801A920460AF0FBF80028E0D001A85B
:101F6000FFF714FDC7E700BF00FF0F0008B5012011
:101F700001F080FB182000F01FFA07F0EFF8034B88
:101F8000034A1A60034B044A1A6008BD94010021F9
:101F9000ED7C010190010021718F020108B5012043
:101FA00001F068FB182000F007FA05F0B3FB034BC3
:101FB000034A1A60034B044A1A6008BD94010021C9
:101FC000ED7C010190010021718F020108B5012013
:101FD00001F050FB192000F0EFF916F062FF01F05C
:101FE00061FF07F07DFF024B024A1A6008BD00BF87
:101FF00090010021718F020108B5012001F03AFB28
:10200000192000F0D9F917F09EF801F04BFF07F006
:1020100067FF024B024A1A6008BD00BF9001002111
:10202000718F020108B5054A0120054B1A6001F0C5
:1020300021FBBDE8084005F079BB00BFA3430201C6
:102040006C01002108B503F0CDFDF1F7B3FE0248A5
:10205000BDE8084003F0B0BD880D002108B5F8F7D1
:1020600085F9F7F7D3FFFDF725FD01460248BDE8E6
:102070000840F5F715B800BF880D002108B50348E2
:1020800007F066FABDE80840FDF7FABA880D0021AE
:10209000044808B500F58471F9F752FDBDE8084021
:1020A00001F0F8BE880D0021054808B500F58471DF
:1020B000F9F746FD01F0EEFEBDE80840FFF7B2BFBC
:1020C000880D0021044808B500F5847117F038FE2A
:1020D000BDE8084007F052BA880D0021054808B550
:1020E00000F5847117F02CFE08F05CFCBDE8084098
:1020F00007F0FEBE880D002108B514F098FC0648D4
:1021000000F58471F0F768FB022011F0FDFA002061
:10211000BDE8084011F0F8BA880D002108B5012289
:10212000064B83F80A2203F065FD04F0EBFCFFF791
:10213000E3FFBDE8084001F0B3B900BF880D0021FE
:1021400010B5064C064904F5037013F0AEFF04F514
:1021500004700449BDE8104013F0A7BF880D0021AA
:102160009C010021A401002110B5094C094904F586
:10217000037013F09AFF04F50470074913F095FFFC
:1021800004F505700549BDE8104013F08EBF00BF8F
:10219000880D0021340200213C0200212C02002184
:1021A000014B93F80A027047880D002110B5094CC5
:1021B000094904F5037013F078FF04F5047007492A
:1021C00013F073FF04F505700549BDE8104013F0E6
:1021D0006CBF00BF880D0021EC010021F40100213B
:1021E0000402002110B5094C0D2000F0E5F8084963
:1021F00004F5037013F059FF04F50470054913F05A
:1022000054FF2420BDE8104000F0D6B8880D00210E
:102210000C0200211402002110B5084C0D2000F022
:10222000CBF8074904F5037013F03FFF04F5047081
:102230000449BDE8104013F038BF00BF880D0021ED
:102240001C0200212402002110B50A4C1D2000F0C0
:10225000B3F8094904F5037013F027FF04F504707F
:10226000064913F022FF04F505700549BDE810404A
:1022700013F01BBF880D0021DC010021E4010021C7
:10228000FC01002110B50A4C1C2000F095F809490A
:1022900004F5037013F009FF04F50470064913F008
:1022A00004FF04F505700549BDE8104013F0FDBEBC
:1022B000880D0021CC010021D4010021FC01002166
:1022C00010B50A4C1E2000F077F8094904F5037098
:1022D00013F0EBFE04F50470064913F0E6FE04F576
:1022E00005700549BDE8104013F0DFBE880D0021E0
:1022F000BC010021C4010021FC01002110B50A4CE1
:102300001F2000F059F8094904F5037013F0CDFEC1
:1023100004F50470064913F0C8FE04F5057005497C
:10232000BDE8104013F0C1BE880D0021AC010021B2
:10233000B4010021FC01002138B5094C0D4601F023
:10234000A1F8D4F80C02C4F8045113F0A6FEFDF76E
:10235000F9F901F0CBF9012384F8183238BD00BF38
:10236000880D0021014B93F818027047880D002159
:1023700010B50A4CD4F8100213F08FFED4F81402F2
:1023800013F08BFEFDF794F9202000F023F82620AF
:1023900000F020F8002384F8183210BD880D0021C9
:1023A000014B83F819027047880D0021014B93F807
:1023B00019027047880D0021C2080549012300F069
:1023C000070003FA00F08B5C18438854704700BF85
:1023D00018000021C208054900F0070001238340CE
:1023E000885C20EA03008854704700BF1800002171
:1023F000014BD3E90001704718000021054B186814
:10240000C0F3C022C0F30020400040EA820040F048
:10241000010070471800002108B518F0BDFF002327
:10242000074A32F82310814205D302EB83039B78DD
:10243000044A137008BD01330C2BF2D10023F7E7D7
:10244000D2520301A20F0021024B1878072828BF9F
:1024500007207047A20F002110B54468238884F834
:10246000A711A4F8A83194F87C00FCF77DFE84F84D
:10247000AA0194F87D00FCF777FE054984F8AB01CA
:1024800004F5CF7015F089FA002384F84C3110BDA3
:10249000F9620201406807490388A0F89A3190F870
:1024A000743080F89C3190F8753000F2911003730D
:1024B00015F06DBA3163020130B50446056808466F
:1024C00051B115B12179994215D1FF216171237163
:1024D00022600023637130BD002DFCD0FF236371A7
:1024E00001222379216002FA03F30449C1F8083577
:1024F00060711046EFE70020EDE700BF00F00041FB
:10250000044B002283F832204FF6FF729A86DA8657
:102510001A877047A40F0021054B9A8E824201BF93
:10252000002283F832204FF6FF729A86704700BF70
:10253000A40F0021014BD886704700BFA40F0021D3
:10254000094A03464FF6FF71908E884206D192F8F1
:102550003210012905D001201A6070470020186050
:1025600070470020704700BFA40F0021064B93F86E
:102570003220012A1BBF0120DA8E002083F83200AE
:1025800018BF9A86704700BFA40F0021014B18871F
:10259000704700BFA40F0021064B0246198F988E8A
:1025A000884205D193F8320018B1012013607047BA
:1025B00000207047A40F0021094B998E1A8F914279
:1025C00001D0002070474FF6FF729A8693F83220B0
:1025D000002AF6D00022012083F83220704700BF85
:1025E000A40F0021054B998E1A8F914203BF93F8D7
:1025F0003200B0FA80F0400901207047A40F00219A
:1026000050B90A4A0120134603F8010B0868C2F8C2
:1026100001008A889A807047012805D1034B0A6817
:10262000D8719A608A889A81704700BFDE0F0021B6
:1026300048B90A4B187880B1D3F80120B3F80530B7
:102640000A608B807047012806D1044BD87920B1ED
:102650009A689B890A60F4E700207047DE0F00212A
:1026600020B9054B187800F00100704701280ABF17
:10267000014B0020D879F6E7DE0F0021F7B58B88F3
:1026800000228DF80600ADF8043008680B4B8DF879
:10269000072001461C7803F5AC73019DD0B284423B
:1026A00001D8082007E0D3E9007601320833AE42B2
:1026B00008BF8F42F2D103B0F0BD00BFF00F002180
:1026C000084B0146002230B55C7803F58173D0B227
:1026D000844201D8082004E013F8015B01328D42E6
:1026E000F5D130BDF00F0021F8B52D4C63782218DC
:1026F000013B92F80251DBB28342637030D01A0181
:102700000101961C8F1C2644274406F1100C56F834
:1027100004EB664547F804EBF9D18232823122445A
:10272000214402F1100652F8047BB24241F8047BC6
:10273000F9D1E118221891F8026182F802610626A7
:102740007343704303F5857300F58570E618E3580D
:1027500027182350B388BB8091F83A3182F83A3178
:102760002846FFF7ADFF082818D12378013BDBB2DC
:102770009D42237012D02B3305F12B0204EBC303CF
:1027800004EBC20293E8030082E803002078FFF71D
:1027900097FF08281CBF241884F80251F8BD00BF19
:1027A000F00F0021F0B5254D89B095F8984105F25C
:1027B0009911684622460FF083FF2146684614F0BF
:1027C00057F90446B8B300EB400102A8C9B2EEF7CE
:1027D000D5FE601E95F8A1610124C0B295F898213C
:1027E00005E0731CB3FBF2F102FB1133DEB206F11C
:1027F00020030DEB030111F8203C002BF1D100EB7D
:10280000400201F8204C06EB460320322B446A4478
:1028100012F8187C83F8A27112F8177C12F8162CA3
:1028200083F8A37183F8A4210138AB19C0B283F8EF
:102830009941FF28D2D109B0F0BD00BFF00F0021AF
:1028400070B5064688B00C46002A4FD02A4A92F846
:10285000A131D01890F8991121B94FF48071282036
:10286000EEF73EF903EB43010133114491F8A25115
:10287000E57091F8A35191F8A411257161710021BF
:1028800080F8991192F89811B3FBF1F001FB103325
:1028900082F8A13192F8C23123B9184902F5DD70EE
:1028A00015F078F865790D220021684605F03F059E
:1028B00045F0400565710FF079FFE37804AA694699
:1028C0008DF80F30304623798DF80D508DF80E308D
:1028D00004230FF0BBFB9DF81F3023709DF81E30C2
:1028E00063709DF81D30A37008B070BD032160189F
:1028F000EEF744FED6E700BFF00F0021A527010147
:10290000044B5A78824286BF1B1893F84A01002074
:10291000704700BFF00F0021044B5A78824286BFF7
:102920001B1893F842010020704700BFF00F0021F0
:10293000064B00224FF461711A8083F8C32183F89B
:10294000C421A3F8C61183F8C2217047F00F0021FB
:10295000014B83F8C4017047F00F0021014B93F83D
:10296000C4017047F00F002110B51446FFF786FE32
:10297000082803D1012000F0010010BDFFF7A0FEE0
:10298000064B5A788242F5D904B12070184490F869
:102990003A31012BEED090F84A01ECE7F00F00211C
:1029A0002DE9F0478246894617469846FFF766FEAE
:1029B00008280546064603D0FFF782FE082863D1A3
:1029C000334C6378072B61D8082D18D12678731CF7
:1029D000072E237003D96B212820EEF781F806F12A
:1029E0002B03D9F80000DAB204EBC30344F8320039
:1029F00004EBC201B9F804208A8083F806A0657848
:102A000007F110026B1C290163704B1C234412F860
:102A1000010DBA4203F8010FF9D1813108F1100319
:102A2000214413F8012D984501F8012FF9D12544CF
:102A30001021404614F07CF8102185F842013846F8
:102A400014F076F8002385F80261667885F84A016B
:102A500085F83A3131460F4814F00AF805463146F8
:102A60000D4814F005F8012D03D8002818BF0135D2
:102A7000EDB284F898510025284684F8A151FFF75B
:102A800091FE2846BDE8F0871220FBE70720F9E712
:102A9000F00F0021321100213A110021064B10B530
:102AA0005878013840B2002800DA10BDC4B2204680
:102AB000FFF71AFE601EF5E7F00F0021014B83F8C7
:102AC000C3017047F00F0021014B93F8C301704719
:102AD000F00F0021431E4AF2B7129BB293429DBFF2
:102AE000024BA3F8C601012000207047F00F00211F
:102AF000014BB3F8C6017047F00F00210A4B30B507
:102B00005C7884420ED9184490F802012B3003EB14
:102B1000C004A5790D7053F8300010600120A3881F
:102B2000938030BD0020FCE7F00F002170B5064611
:102B30000D460AF085FF09F0B5FD0A4B93F8C34135
:102B40005CB1597859B1981C82333246002D08BFC8
:102B5000184609F073FD09F0CBFD204670BD0C4608
:102B6000FBE700BFF00F002108B5064B024603EB60
:102B70000113012103F1820009F060FDBDE8084066
:102B800009F0B6BDF00F00210246074810B590F8D5
:102B9000C34124B1417821B1023009F04FFD2046F4
:102BA00010BD0C46FBE700BFF00F002108B5084B35
:102BB0005A7882420AD91A1892F8422132B903EBA4
:102BC00000108230FFF73CFE012008BD0020FCE72A
:102BD000F00F002108B5084B5A7882420AD91A181A
:102BE00092F84A2132B903EB00100230FFF728FEB9
:102BF000012008BD0020FCE7F00F00212DE9F74F70
:102C00002F4C9A46804689466378834256D92318CA
:102C100093F8425185F00105F9B193F84A31E3B9CF
:102C200045F002070135BAF1000F18D1FA070AD5AD
:102C3000062104EB0810524601FB0841823001F5E1
:102C40008571FFF7FDFDBB0734D504EB0810524634
:102C500049460230FFF7F4FD2CE02F46E3E794F8F5
:102C6000A1614FF0010B002DE0D0A31993F8991149
:102C7000019399B90092DAB100F008FD019B06EBCF
:102C80004601009A4FEA102C83F899B1214481F84B
:102C9000A201000C81F8A3C181F8A401013694F8C7
:102CA0009831013DB6FBF3F103FB1166F6B2DAE7AA
:102CB00047F00407384603B0BDE8F08F0027F9E776
:102CC000F00F0021F8B50646174C48B3617804F5BB
:102CD000A17013F0CDFE94F89851074604F29910B4
:102CE000294613F0C5FE2D1AEDB2AF421AD80025C1
:102CF00006270FE0E21892F8422152B907FB034180
:102D000004EB0313324601F5857103F18200FFF7EE
:102D100097FD01356278EBB29A42EBD80120F8BDFD
:102D20000546E5E70020FAE7F00F0021F0B51B4E5D
:102D300089B007460D46737883422CD9331893F82F
:102D4000424144BB0D22214668460FF02FFDEB782F
:102D500006EB071004AA8DF80F3069462B798230F4
:102D60008DF80E306B798DF80D3004230FF06EF96D
:102D70002A789DF81F309A420AD16A789DF81E3051
:102D80009A4205D1AC789DF81D00231A5C425C4143
:102D9000204609B0F0BD0020FBE700BFF00F002186
:102DA000074B5A78824209D91A1892F842212AB957
:102DB000062202FB003000F5857070470020704746
:102DC000F00F0021064B5A78824281BF1B1893F8FE
:102DD0003A01B0FA80F0400998BF0020704700BF68
:102DE000F00F0021F8B50E4607460621154630467D
:102DF00013F09EFE044640B10A482946427800F589
:102E00009D700FF0D3FC2046F8BD3146384613F0D4
:102E10004BFE08281FBF034B0124C01880F83A510D
:102E2000F1E700BFF00F002130B5002442F2107529
:102E3000A0F84240B0F846404C43B4FBF2F4A0F88E
:102E40004640541E05FB0343B3FBF2F3A0F84430A5
:102E5000084BB3FBF2F30133A0F84A30838F05FB34
:102E60000344436B5943B4FBF2F4B1FBF2F28463C5
:102E7000426330BD005A620270B504460D4649BB3C
:102E80004FF442720FF092FC012384F8F95084F859
:102E9000A6306FF0360384F8FA5084F8F430042337
:102EA00084F8F5306FF03B0384F8F6306F2384F834
:102EB000F7306FF03F0384F8F8302B2384F8F330B9
:102EC000FE2384F832317F2384F89D30202384F858
:102ED0005C3270BD012917D10023A0F81C3280F8A4
:102EE00013320D4BC26913441146B3FBF2F3C0F821
:102EF000C83040F6B833A0F8CC30C38C04F1900051
:102F0000BDE87040FFF790BF0229E2D1B0F8E2328D
:102F1000D0F8DC22C169F1E77FC3C90170B504466E
:102F20000D4649BB4FF426720FF040FC012384F894
:102F3000F95084F8A6306FF0360384F8FA5084F81C
:102F4000F430042384F8F5306FF03B0384F8F63056
:102F50006F2384F8F7306FF03F0384F8F8302B23A9
:102F600084F8F330FE2384F832317F2384F89D30D7
:102F7000202384F8293270BD012912D1C2690D4B7A
:102F800011461344B3FBF2F3C0F8C83040F6B8332F
:102F9000A0F8CC30C38C04F19000BDE87040FFF77E
:102FA00043BF0229E7D1B0F85632D0F85022C169A8
:102FB000F1E700BF7FC3C901034B80F880101B6895
:102FC0000BB100881847704744020021074B93F962
:102FD00000301844142804DC10F17F0F03DB40B2EA
:102FE0007047142070476FF07E007047B8110021C1
:102FF0007F2307B50DF107008DF807300AF02EFD8D
:103000009DF9073068B10A4A5078404240B21844EE
:10301000142808DC10F17F0F07DB40B203B05DF825
:1030200004FB1846FAE71420F8E76FF07E00F5E796
:10303000B8110021014B187059707047B811002168
:10304000024B00221A705A70704700BFB81100215D
:10305000014B93F900007047B8110021014B93F91F
:1030600001007047B8110021054B1B7833B9054B9F
:103070001A681B79026003710120704700207047B5
:10308000BA11002120000021054BFF221A70054AC9
:10309000016811600179117100221A70704700BF38
:1030A000BA11002120000021064B07B518681B79D2
:1030B000009068468DF80430FFF7E6FF03B05DF836
:1030C00004FB00BFBD5B03010346407848B1DB78D9
:1030D0003A2B05D8034AD35C1B1A58425841704713
:1030E00001207047065303013A2908B5C17003D87F
:1030F000064B5B5C437008BDFF2904D04FF4896127
:103100002A20EDF7EDFC0123F4E700BF065303018D
:103110002DE9F04385B089461446984602A913F07C
:10312000D9FC054600283DD1039E34B9012486F818
:10313000A540204605B0BDE8F083776921463846B2
:1031400010F0E3F8014678B3194B5B88A3422DD306
:1031500001AA384610F032FA96F8A5300198002BF3
:103160000CBF4946022114F05DF901982246414600
:1031700003300FF0A5FA2146384610F00BF904464B
:1031800018B97A212B20EDF7ABFC9DF808302BB154
:1031900002A814F0D0FB039BA3F80A52002386F880
:1031A000A530C6E70124C4E70446C2E72C46C0E7C1
:1031B000BC110021024B987FC04300F00100704712
:1031C000BC1100217FB505460C4621B940F215110E
:1031D0001020EDF785FC03888B8000234B728669F5
:1031E000304610F0DDF9014610B94FF48F71EFE76A
:1031F00001AA304610F0E2F9E08010B940F2231144
:10320000E6E7FB2802D940F22511E1E7019814F026
:1032100011F9012801D0022805D12072206828B9AF
:103220004FF49E71D4E740F23511D1E70199E2885D
:1032300003310FF045FA304610F0C8F910B940F2EA
:103240004111C5E70021304610F007F910B94FF4DD
:10325000A371BDE70A4BDA7F82B11A8C02A92888D4
:10326000013A1A8413F036FC10B140F24F11AFE767
:10327000039AB2F8B6300133A2F8B63004B070BD8C
:10328000BC11002110B521B940F25B211020EDF7EF
:1032900027FC4A600B72EFF3108472B6031D0B60BB
:1032A00042681AB1127A012A08BF036003681960E4
:1032B000016004B962B6034BBDE8104058780EF0C7
:1032C000F1BF00BFE01100212DE9F34706460D468E
:1032D0004FF005080027DFF850912B693BB11B7AAE
:1032E0002BB12C699CB9002002B0BDE8F0876C6856
:1032F000237A012BF7D0EFF3108372B66A68126855
:103300006A6003B962B6237A002BE6D02C6194F888
:1033100008A05FFA8AFA84F808800AF1FF330B2BC1
:1033200074D8DFE803F0700612266D3D4C3D3D3D3C
:103330003D60636823B940F2C7111020EDF7D0FB60
:1033400031462046984704201BE0636813B94FF4C8
:10335000E871F2E73146204698470346ADF804008D
:10336000C0B2C3F30723012B53D0022B09D12F6125
:1033700051E0636813B94FF4ED71DEE720469847DA
:103380000020EFF3108372B6227A052AD1B201D061
:10339000002944D127722F61002B3CD162B63AE05C
:1033A000D9F80030002BEBD0524631466068984780
:1033B000BAF10A0FC7D100232B61042094E7636898
:1033C0000BB9DA21B9E70D220024327001221988E5
:1033D0005869A6F803102146B2707271B47110F0EA
:1033E0003CF82C61E9E7606810B940F20521A4E7D8
:1033F0000E4B31461B689847002302202B6173E770
:1034000040F20E2199E740F2112196E74FF4057141
:1034100093E70323237200283FF45FAF64E7002B98
:103420007FF45BAF62B658E74C02002148020021EE
:1034300070B5134C14260021231D324618460FF098
:10344000B5F903460125257404333246002104F101
:103450001800C4E901330FF0A9F984F8245004F1ED
:103460001C03C4E906330023E362236384F8343089
:10347000C4F83530C4F8393084F83D3070BD00BF31
:10348000E0110021014B5870FFF7D2BFE01100217D
:10349000014B024A1A60704748020021C531010100
:1034A000014B024A1A60704748020021C5310101F0
:1034B00038B50B4D044605F11801FFF705FF70B94B
:1034C000AB681B7A0C2B04D1064BDA7F0AB11B8C3C
:1034D0002BB120460449BDE83840FFF7F5BE38BDA2
:1034E000E0110021BC110021E4110021134610B5A8
:1034F000027A22B14FF42D711020EDF7F1FA0A464D
:1035000001460248BDE81040FFF7BCBEE4110021AF
:10351000044890F834301BB903492C3014F034BA05
:10352000704700BFE01100217B7902010A4610B507
:10353000037A23B14FF42F711020EDF7D1FA014631
:1035400007230248BDE81040FFF79CBEF811002198
:103550001346027A0AB1037270470A4601460148CF
:10356000FFF790BEE41100211B234FF01B12838450
:10357000038482618382C260038541B94FF4A473DE
:10358000094AC3844384C261C382026170474FF415
:1035900029634FF4A472C384438403F12963C28274
:1035A000C3610361704700BF4801480103460846F4
:1035B000B3F86820B3F85C10B3F852C08A42F0B494
:1035C00093F87D4028BF0A46B3F86060B3F86A10EC
:1035D000033CB3F85870B142E4B2B3F8565028BF78
:1035E0003146012CA3F852208BBFB3F85A604FF438
:1035F00029660C464FF429649742A3F8564038BF19
:1036000017468E4238BF0E469445A3F85870A3F86B
:103610005A6026D12C1B18BF0124B3F86420B3F8DC
:103620005E50B3F850609542B3F8541028BF154669
:1036300093F87C20033A012A15D9B3F86220B3F835
:103640006670BA4228BF3A46AE42A3F85050A3F87B
:10365000542002D1914200D144B10549F0BC14F08C
:103660009CB90124D9E74FF42962EDE7F0BC70471B
:10367000AD790201014B1870704700BF1E12002186
:10368000014B1878704700BF1E120021094AD2E989
:103690000003434083EAB01181EA43214FEAF34338
:1036A00011605360044B58434FEAF06000EB800018
:1036B000704700BF20120021BB79379E094AD2E92A
:1036C0000203434083EAB01181EA43214FEAF34306
:1036D0009160D360044B58434FEAF06000EB8000E8
:1036E000704700BF20120021BB79379E38B50A4CC5
:1036F00004F1080508212846EDF740FFD4E902232C
:103700001343F7D0FFF7DAFF2060FFF7D7FF2368F6
:1037100060600343F6D038BD20120021174B184AD1
:103720009A60184ADA62184A1A61184A5A61184AA5
:103730009A61184A1A63184A5A62184ADA64184A8F
:103740009A64184A9A63184B184A9A60184A1A627F
:10375000184A5A60184A1A60184A9A62184ADA6275
:10376000184ADA60184A9A61184A1A63184A9A6421
:10377000184ADA64184A5A62704700BF50020021A2
:10378000937D020113800201DD7F0201A17F02010E
:10379000D93F0101E1420101A54101012582020158
:1037A0004D8202012D4101013C030021B57D020142
:1037B000B7810201217E02013D7F02014B8102019E
:1037C0002F8002016D8102012D8102010B83020114
:1037D000AB8202018F820201D1810201174B184A8C
:1037E0009A60184A5A60184A1A60184A9A62184A27
:1037F000DA62184ADA60184A9A61184A1A63184A53
:103800001A62184ADA64184A9A64184A5A62184BBB
:10381000184A9A60184A5A62184ADA62184A1A61B3
:10382000184A5A61184A9A61184A1A63184A9A64DF
:10383000184ADA64184A9A63704700BF28040021C6
:10384000937D0201C97D02015B7E0201538002016A
:10385000B38002013D400101C9800201E142010142
:103860002D410101258202014D820201A541010184
:1038700014050021B57D0201D1810201EB80020116
:103880008F8002010F810201CD4001010B830201F3
:10389000AB8202018F820201B78102010C4B0D4AFB
:1038A0000D491A600D4B0E4A1A600E4B0E4A1A60F3
:1038B0000E4B0F4ADA670F4AC2F880100E49C3F860
:1038C00084100E49C3F888100D4BC2F88830704739
:1038D00004060021A9E80001A9EA00010006002170
:1038E0009DEB00010C06002125E200013C030021B4
:1038F0008DEA00015002002185EC000179E8000109
:10390000F5E700010B4B0C4A0C491A600C4B0D4AB1
:103910001A600D4B0D4ADA670D4AC3F884200D4A30
:10392000C2F880100C49C3F888100C4BC2F88830DC
:10393000704700BF0806002169E1000119E300019A
:103940000C06002125E2000128040021ADDF000162
:1039500031E4000114050021F5E7000179E80001D8
:10396000054B064A9A65064ADA65064B064A9A6589
:10397000064A1A66704700BF50020021976502018F
:103980001F6702013C030021B56302018769020140
:10399000054B064A9A65064A1A66064B064A9A6518
:1039A000064ADA65704700BF2804002177660201E5
:1039B0008167020114050021B5630201F369020168
:1039C00010B5084B084C09485C6798670849094BD3
:1039D000094A59679A67094BC3E91D40084BC3E977
:1039E0001D1210BD3C030021DDA20201F7A202015D
:1039F0003DA302015002002199A3020114050021F8
:103A000028040021024B034A1367034A13677047D7
:103A1000857A01015002002128040021024B034A4B
:103A20001367034A136770474F7D02013C0300216F
:103A3000140500212A2A73B505460C462ED82A2AD9
:103A40002FD8DFE812F0330074007E008A00A20055
:103A500088008800B100B300B90088008800BE006B
:103A6000C900B3002E002E00CD0088008800E900B8
:103A7000E900F000F70003012E002E0022013F01B3
:103A80004C0152015801630165016701690174012C
:103A90007C01930195012E002E008401FF2A00F085
:103AA000698140F2FE315120EDF71AF8416841F684
:103AB0004B50D1F85032B1F84822834294BF642071
:103AC00040F2E240B2FBF0F241F64B50D2B28342F8
:103AD0002271D1F84C2294BF642040F2E240B2FB44
:103AE000F0F292B2A3F57A706271120AA27141F2F9
:103AF00070729042204695BF4FF47A7240F2E242D3
:103B0000B3FBF2F3B3FBF2F398BF03F550639BB240
:103B1000E3711B0A2372B1F8543263721B0AA37259
:103B2000B1F8561202B0BDE8704013F0A7BC43686C
:103B30002046D3F83812013102B0BDE8704013F0CE
:103B4000D1BC02784368012A02D193F8343101E0F4
:103B500093F84131237102B070BD4568204605F5E8
:103B60001F7113F0CEFC05F52171204613F0D3FC34
:103B700005F51771204613F0D4FC05F59071204629
:103B800002B0BDE8704013F0DABC4168204601F293
:103B9000262113F0DCFC6968204601F5927102B021
:103BA000BDE8704013F0D7BC4368CEE7084602B0CA
:103BB000BDE8704000F04ABB02B0BDE8704000F0C4
:103BC00057BB0E230B7159234B7100238B713A2382
:103BD000CB7120230B72BEE7436893F82A31B9E713
:103BE000037846687BB996F8343163B196F82D11A5
:103BF000204613F03DFD96F82C11204602B0BDE89A
:103C0000704013F039BD96F82B112046903613F012
:103C10002FFD96F89A10F0E70146204602B0BDE865
:103C2000704014F09EB8436893F84E21227193F8C7
:103C30004F3109E0436893F84C21012AF4D093F8FE
:103C400078200A7193F87930637184E7456895F8B4
:103C5000430212F07BFC0146204613F0F0FC95F87D
:103C60004202C31E012B07D895F87C30DA1E012AC8
:103C700002D8984218BF002012F068FC0146204686
:103C800002B0BDE8704013F0D6BC45680023204662
:103C900001218DF8043013F0D1FB2A7C01A96B7C43
:103CA0002046032A03F01F0308BF002243EA8213C1
:103CB0009DF8042002F0200213438DF8043013F025
:103CC000C6FB48E743680F211888EDF7B3FF00F102
:103CD0005B01204602B0BDE8704013F058BC0846B6
:103CE00002B0BDE8704016F0E9BA084602B0BDE87F
:103CF000704016F0EBBA254B1B68002B3FF42BAF3E
:103D00002946204602B0BDE870401847204BF3E733
:103D1000204BF1E7204BEFE7204B1B68002B3FF4D3
:103D20001AAF0246232002B0BDE8704018471B4B73
:103D30001B68002B3FF40FAF02462420F3E7174B1C
:103D40001B68002B3FF407AF02462520EBE74368D2
:103D50000F211888EDF76EFF00F17D0200F15B0185
:103D6000204602B0BDE8704013F01DBC0C4BC3E709
:103D70000C4BC1E74368204693F8CF22D3F8D0120A
:103D800002B0BDE8704013F065BB00BF040600211F
:103D900008060021000600210C060021180600215B
:103DA00014060021100600213A289ABF024B53F84E
:103DB00020000020704700BF500200213A289ABF1F
:103DC000024B53F820000020704700BF2804002158
:103DD0003A289ABF024B53F820000020704700BFDA
:103DE0003C0300213A289ABF024B53F820000020E0
:103DF000704700BF1405002130F8023CF7B50446B7
:103E00000D467BB100238DF804308DF8053000207D
:103E10009DF8043063F307009DF8053063F30F202D
:103E200003B0F0BD184B30F8B86C1B680BB12838E4
:103E30009847164B1B680BB1304698470A2300275A
:103E4000A5F803602B70AF70637A54F8A00C6B7107
:103E50000FF01FFB18B9B2216320ECF741FE30468A
:103E6000FEF75AFB39463046EDF7FAFE022130469E
:103E7000EDF7F6FE18B9064B1B6803B1984704230B
:103E80008DF804300023C0E71C0600212406002121
:103E900020060021014B024A1A6070471C060021CF
:103EA0007DE80001014B024A1A6070472406002198
:103EB000DD8E0201F7B5456804464FF6FF776E695F
:103EC0000DF102010DF101023046ADF802700FF064
:103ED0007DFA01A930460FF09BFA40B101980FF02E
:103EE00073FB616800220272FFF720FBE8E70449D8
:103EF00005F1B80003B0BDE8F04013F048BD00BFC5
:103F0000F93D0101F0B5044685B00D46FF2600F8E5
:103F1000B56C10F8B63CF3B1174F3B781BB1482194
:103F20001F20ECF7DDFD0C21381DEDF727FB3E705F
:103F3000002304F8B53C09232A4602F8033BD4F8D1
:103F40000930C5F80330D4F80D305360D4F811307F
:103F5000936005B0F0BD01A80C21EDF70FFBA4F5AF
:103F6000E073039A1A6001AB03CB44F8BE0C44F82B
:103F7000BA1C04F8B66CDBE73012002110B5054C12
:103F800023782BB90C21201DEDF7F8FAFF232370BD
:103F900010BD00BF30120021024690F82E32BBB98E
:103FA00090F82F3203F0FF010BB100207047094B4E
:103FB00018780028F9D01970D9680433C2F8241190
:103FC00003CBC2F82602C2F82A12FF2382F82E324F
:103FD000012070473012002138B54368044693F839
:103FE0009E201C2A24D1002283F8E12083F8DC20C3
:103FF00083F88622436893F8E21003F5F3701D8876
:1040000069B10C4983F8E220A3F8F05183F8EF215D
:1040100013F0BAFC6368002083F89E0038BD0122CB
:1040200083F8EF11A3F8F051034983F8F221EFE789
:104030000220F3E7657F0201577F020138B543682C
:1040400004460D4693F89F303BB1142B05D0123B2C
:104050000B2B94BF0820012038BD0321204613F00C
:104060008BFF78BB636893F8E23013B9204613F0F6
:1040700000FE6168284601F21E2113F059FA6168BA
:10408000284601F5907113F05EFA616828460B88A6
:1040900001F2EF2121F8023C13F038FA616828465A
:1040A00001F2F72113F03AFA6368002583F82E52E3
:1040B0006068054900F5397013F066FC63681622E4
:1040C00083F89F200020C7E7053F010138B543680A
:1040D000044693F89F201D2A04D040F2BB111F20F4
:1040E000ECF7FEFC002293F8E2101D8803F5F37054
:1040F00083F8E12069B10B4983F8E220A3F8F0517D
:1041000083F8EF2113F040FC6368002283F89F20BE
:1041100038BD012283F8EF11A3F8F051024983F86A
:10412000F221EFE7657F0201577F0201034610B5D8
:1041300000785B6820B993F89F202AB1012021E024
:10414000D3F89020D207F9D44C688968144A21F436
:104150001E51224021F01001C3F8F320C2F3076280
:10416000090442F00802090C83F8F620C3F8F7109E
:104170000021A3F8DE1030B9012283F8E0200422E8
:1041800083F89F2010BD93F8E0200846013283F8A1
:10419000E020D3F8902042F00102C3F89020F1E72C
:1041A0002FC904F7436870B593F89E20042A34D1D0
:1041B0004E688C681B4A24F41E540578324024F063
:1041C0001004C3F8F320C2F30762240442F008028B
:1041D000240C83F8F6200022C3F8F74083F8DC2093
:1041E00083F89E2015B9426882F8535193F8B421A0
:1041F00002F0FF049AB91A8803F5D67083F8B54126
:10420000A3F8B6214A68C3F8B8218A680649C3F8FA
:10421000BC2113F0B9FB204670BD0124FBE700244C
:10422000F9E700BF2FC904F795810201406890F8B3
:10423000B43143B9038800F5D670034943811A238A
:10424000437213F0A1BB70479581020110B504467B
:10425000FEF7CEF821F41E51044B21F0100103406B
:1042600009046360090CA16010BD00BF2FC904F7E9
:1042700037B50C464568FEF7BBF80A4B21F41E51D2
:1042800095F8F320034021F0100100931340090436
:104290008DF800306B46090C019103CB6060A16082
:1042A00003B030BD2FC904F7DB0410B5144604D5A4
:1042B000037D13B10023436310BD436B013343639C
:1042C00014F004F8D0E90D239A42F5D300230349F2
:1042D00043632046BDE8104013F05FBB1782020124
:1042E00070B544680D46067894F89E30012B09D0CD
:1042F00026B994F89F302BB1012042E0D4F89030D9
:104300009807F9D494F8E330990719D4284613F0A4
:1043100028F984F8ED00B5F80530A4F8EE30B5F8CA
:104320000730A4F8F03094F8E33043F0020284F848
:10433000E320DA0710D51D4904F1E40013F02DFB4A
:1043400094F8E330DB0713D4E6B994F89F3043B117
:104350004E214020ECF7C4FB94F85231002BEAD1F7
:10436000EEE70123A4F8DE6084F89F3084F8E030A3
:1043700094F89E300020012B03D184F89E0084F82D
:10438000DC0070BDD4F8903013F0020201D055214A
:10439000DFE743F00203A4F8DE20C4F8903094F87D
:1043A000E030013384F8E030E2E700BFED82020143
:1043B00070B545680446FEF71BFE054B014685F8BF
:1043C0009D001B681BB12046BDE87040184770BDBA
:1043D0002C060021024B1B6803B11847704700BF31
:1043E00028060021F0B5204E0546002430781470D0
:1043F00080B1431E7768DBB2181B01280BDC07EB8A
:10440000C40057F834604068884208BFAE4212D1F9
:1044100014700120F0BD18194610C0F3470057F87A
:1044200036C007EBC60EAC45DEF804608E412CBFEB
:1044300003460446E0E7B54271EB000002D2147077
:104440000020E7E707EBC30057F833404068884295
:1044500008BFAC4201D11370DBE7A542814128BF00
:1044600001331370ECE700BF5012002110F0070277
:1044700008B503D063214820ECF732FB18B1034B99
:10448000197258601A70C80008BD00BF5012002190
:10449000014B00221A70704750120021014B187A0C
:1044A000704700BF501200212DE9D34313F060FF85
:1044B0000DF1070207460E46FFF794FF98B9114C1D
:1044C0002278237A93420ED0616813466FF0604ED3
:1044D0009DF80700984209D301EBC0030132012087
:1044E0002270C3E9007602B0BDE8D08303EB0E0072
:1044F000013B01EBC000DBB2D0E90089C0E90289D1
:10450000E6E700BF5012002137B513F031FF0DF17F
:104510000702FFF767FF0446A0B10C4A9DF80700A9
:1045200013785568411C013B05EBC101DBB21370E8
:104530001A1AD2B2D200834238BF002205EBC00063
:104540000EF078F8204603B030BD00BF50120021B5
:104550000A460648822302F8033B0368C1F8033089
:104560004368536083689360704700BF591200210D
:104570001622002101480EF019B900BF591200217E
:1045800017B402AB03E903001B48437D83B30B461A
:104590009DF8001009BB93F87C10184A32F81120DE
:1045A0004FF47A7102F23F62B2FBF1F2D3E9801468
:1045B0007D3144F100045218198844F1000442602E
:1045C00001808460B3F8983002220D490C3020F845
:1045D0000A3C03B010BCFEF7BBBF520608D51A88D0
:1045E0000280D3F880224260D3F884228260E9E717
:1045F00003B010BC704700BF5912002142530301A1
:10460000514501010F4B4FF47A72042933F81130F0
:1046100010B503F2E73300F1FF34B3FBF2F34FEAD6
:10462000C41409D003290AD002290CBF6022F02249
:10463000234400FB023010BD4FF4D262F8E740F291
:10464000BE22F5E74C530301274B1A6810B5D2F888
:104650000F3041F64B540362537D117D1B0443EA36
:104660000123D17C0B4383636FF45063B2F81910BC
:10467000CB18062B96BF4FF47A7340F2E243A1F5B4
:1046800050615943A142C161937D8ABFC3EB43147A
:1046900003EB830303EB840341F64B5495BF03EB19
:1046A000830303EB83039B005B0088BF9BB2A142A3
:1046B000A0F8403098BF6421B2F8173088BF40F2AC
:1046C000E2414B43C363B2F81B308384B2F81D3020
:1046D000C38492F8243003F01F025B0980F8B220F3
:1046E00080F8003210BD00BF70120021042913B5FC
:1046F00017D19B0103F53473417990F84440013997
:10470000C9B203291AD81A480144887AD101CA319A
:1047100003FB0213174A934215D940F262712D2010
:104720000FE0032903D11B0103F5E773E4E7022936
:104730000BBF0B330A339B00DB00DDE740F2553142
:104740000620ECF7CDF91E2204F03F01B3FBF2F393
:104750001A0A41F04001DBB242EA4012002061F344
:10476000070063F30F20D3B263F3174002B010BD0C
:104770004C530301C3BF030038B5074D044600F195
:104780006901286812F0E5FB94F868102868BDE814
:10479000384012F0F3BB00BF70120021F7B5044699
:1047A000803012F03DF9D4F888300BB101221A6044
:1047B0006388DB0727D50023256A144E05F10A0715
:1047C000CDE9003302238DF80630FF2386F8203030
:1047D0006846EDF769FAB0B9009CA542F8D03B46AF
:1047E0006A7A04F10A01607A12F024F90028EFD005
:1047F000A37886F82030D4F80330C6F82130044B73
:10480000B4F807209A8003B0F0BD00BF70120021F9
:104810009112002138B5084D044600F169010623C4
:104820002868002212F0CAFC94F868102868BDE8D5
:10483000384012F0A3BB00BF7012002107B512F080
:104840000DFA8DF807000548012306220DF1070136
:10485000006812F0B3FC03B05DF804FB7012002195
:1048600008B5044B986910B1403014F00AFF00F00D
:10487000010008BD7012002108B5044BD86910B1C1
:10488000403014F0FEFE00F0010008BD701200215F
:10489000F8B504460E461346C07F6588324615F0CB
:1048A000040118BF04F17701FEF7A8F9C207054615
:1048B0000BD50123E07F84F86830FEF771FA0368B6
:1048C000C4F869308388A4F86D30AB070CD5012794
:1048D000084E04F17701306884F8767012F047FBD7
:1048E0003946306812F057FB85F00400C0F38000B1
:1048F000F8BD00BF7012002110B50446084694F8B8
:10490000E0306BBB2378082904F1E30284F8E1303E
:1049100016D004F1E201FEF7F1F820B940F6FB6190
:104920002D20ECF7DDF894F8E23043F0020384F830
:10493000E23004F1D8000B49BDE8104013F024B870
:10494000094B1868034613F8031BC1F3801184F860
:10495000E210D0F80310C4F8E3109B889380E8E7D6
:1049600010BD00BF318402017012002170B50446F1
:104970000E461546FDF71AFD98B92378A4F8C960CC
:1049800084F8C830637C84F8C7500BB194F8483081
:1049900004F1BE0084F8CB300249BDE8704012F04B
:1049A000F3BF70BD7D88020110B504460E499430F6
:1049B00012F0EAFF0D4904F1CC0012F0E5FF94F883
:1049C0009D20B4F89E102046FFF7D0FF084B002230
:1049D0001A71084B1B682BB12146206A0222BDE8E0
:1049E0001040184710BD00BF258702011B8402013B
:1049F000701200213806002138B5B0F8483004465E
:104A0000184D0133A0F84830AB7C2BB109F018F8F1
:104A100007F048FE0023AB7400232B7194F891300B
:104A20002BB101212046BDE83840EFF75FBC637C25
:104A3000B3B1B4F848209A4212D301212046EFF7CF
:104A400055FC63882046DB0747BF236A4322432285
:104A50004FF6FF7148BF1988BDE83840FFF786BFA1
:104A60000021DFE77012002110B5094C2379012BDA
:104A700002D02379022B05D1A37C1BB108F0E0FF03
:104A800007F010FEA06ABDE81040FFF7B5BF00BFF9
:104A9000701200210346074A906A03B909B9FFF76B
:104AA000ABBF1379D26A03F180431269033B52F81A
:104AB000233018477012002103292DE9F0430546E1
:104AC00085B090467BD090F890300529DBB202D1BA
:104AD0004288D60760D5002B5ED10127DFF8E89029
:104AE00099F81260B6B111F0E9FF082888F80000C3
:104AF00014D002AA0DF10701FEF700F820B940F624
:104B000085612D20EBF7ECFF02A99DF8070013F05B
:104B10003BFC064698F80030082B08D1D9F8001065
:104B200011F8030BC0F3801013F02EFC0646D9F8E1
:104B3000001005F1700395F86F2011F8030BC0F316
:104B4000801011F077FFD9F80010044611F8030B1C
:104B5000C0F3801011F0A8FF8146FEF733F901463B
:104B600040B1B9F1080F1BD04846FDF7C9FE80F0EF
:104B70000101C9B298F80000082815D094B9EB7F5C
:104B80001C1A604260416B885A0706D421B996B955
:104B90006B7D93B1BB4210D0002005B0BDE8F0831F
:104BA0000021E7E70120EEE714B181F00104E4B24F
:104BB00004F00100E7E73046EFE70120EDE7438826
:104BC0009B07E9D5022789E7701200212DE9F341FF
:104BD000444C2379012B07D02379022B04D040F6D3
:104BE0003C412D20EBF77CFFA26A176A0FB197F8C2
:104BF0008170A8B90125A37C1BB108F021FF07F043
:104C000051FD002D6BD0A06AEFF7CAF9002860D0E3
:104C100008F052FDE36A9B6802B0BDE8F041184716
:104C2000216802F1690392F8682011F8096BF00914
:104C300011F000FF0028DDD006F00F062068052ED9
:104C40002CD190F8243003F01F03102B26D9D4F870
:104C5000288098F813500DB308230DF10702314650
:104C600040468DF80730FFF727FF0028C3D098F89B
:104C7000F130002BBFD1226808F1F201D31C23329E
:104C800053F8040B934241F8040BF9D11B8808F147
:104C9000E9000B80144912F077FEACE7394612F0B8
:104CA000A2F90028A6D02379A06A012B05D0237988
:104CB000022B02D040F6154193E723793146E26A90
:104CC00003F180435269013B52F82330984705466F
:104CD00091E7A06A02B0BDE8F041FFF78DBE02B0D7
:104CE000BDE8F0817012002149840201032973B5E7
:104CF000044604D0052927D0012002B070BD082346
:104D00000DF107028DF80730FFF7D6FE0028F3D02B
:104D1000237C23B19DF807102046FFF7EDFD0F4DD2
:104D20000622042620462B685A701E70FFF724FDC9
:104D300094F85C20A16D286812F046F928682E715D
:104D400008F0CEFD0020D8E7054B1B6823B198473B
:104D500080F00100C0B2D0E71846CEE77012002103
:104D600034060021F8B504460F4619B300F13005AA
:104D7000284613F04FFFA0B963881A072ED528469E
:104D800013F05DFF0646284613F044FF301AC0B208
:104D900013F096FF444A936803442846936013F047
:104DA00018FF284613F01AFF08F044F9217925204E
:104DB00007F0C0FF3C4D002394F87620286803706C
:104DC00043706388103B0D2B5ED8DFE803F0595D1C
:104DD000550C5D405D5D5D5D5D5D5D402046BDE8FF
:104DE000F840FFF709BE06234370202303702046D6
:104DF000FFF7C2FC638823F008039BB2152B05D094
:104E000094F85420216D286812F0CFF8286808F033
:104E100067FD0323217900202B7108F019F906465C
:104E200007B9E86063881B0704D513F046FF064402
:104E3000C4F828616388103B0D2B30D8DFE803F0FD
:104E4000322F29292F292F2F2F2F2F2F2F290C23B6
:104E500043702123037042B104F1770112F087F807
:104E60000121286812F097F8C1E704F1700112F0EF
:104E70007EF894F86F10F4E7062303704370B6E7EA
:104E8000022303700623F9E740F226612D20EBF799
:104E900027FE21790120BDE8F84008F07BBE40F6EE
:104EA000AA41F3E7F8BD00BF7012002138B543886E
:104EB0000446102B04D10121BDE83840FFF752BF52
:104EC0000B4DAB7C23B107F0D1FB402008F0ACFDCB
:104ED000286808F005FD608810F0040002D12179EF
:104EE00008F058FE002008F061FD01232B7138BD49
:104EF0007012002103292DE9F743044605D0052946
:104F000000F08680FFF778FD7CE008230DF10302B6
:104F10008DF80330FFF7D0FD002877D0237C23B134
:104F20009DF803102046FFF7E7FC0123B4F8028048
:104F30003C4E00251F464FEA98123068294662F31E
:104F4000861707224370C8F380180270C57012F0EC
:104F50005FF92A463946306812F061F92046FFF7BA
:104F600059FC306812F0C5F9B4F85C30C0F1FE05A8
:104F7000AB42B4BFDDB2EDB2AB422AD947F0100765
:104F800000223068A5F10309394612F048F930686B
:104F900012F03AF9A91E5FFA89F9014420464D46FC
:104FA000C9B213F0F6FB0422C0F307238DF8040006
:104FB000C0F307400DEB02018DF8053003238DF897
:104FC0000600306812F0FAF800223946306812F014
:104FD00026F9B8F1000F06D094F9142094F8441083
:104FE0006079FFF72BFC2A46A16D306812F04BF96F
:104FF000FF203582617907F09DFE07233068337109
:1050000008F06EFC002003B0BDE8F083204679E78D
:10501000054B1B6823B1984780F00100C0B2F2E74E
:105020001846F0E770120021300600212DE9FF47F5
:1050300008230DF10702052104468DF80730FFF71C
:105040003BFD002800F08580444D206AFFF7FCFA04
:105050002B68D3F81F0093F8232002908DF80C20C2
:10506000226AD3F80310C2F80310B3F80710A2F8AD
:1050700007101B78206AC3F380138370384B1B68BA
:1050800013B1012221469847266A0E2328684FF063
:105090000808B7780021437080F8008012F0B8F853
:1050A00000224FF00301286812F0B9F82046FFF7FC
:1050B000B1FB3946286811F06EFF06230122F11C6E
:1050C000286812F07BF86179FF2007F033FE28682A
:1050D00008F006FC266A67790DEB080106F1A600C8
:1050E00094F914A011F0F4FD86F87C7086F87D70B8
:1050F0004FF0FF0986F87E90F91E06F14400012961
:105100008CBF00210121FEF72FFA51463046FDF7F2
:1051100053FF216A00239DF80720204684F89D3024
:105120000B8884F8BB90A4F89E304FF6FF73A4F868
:10513000BC3013F03CFB236A1A8885F80480A4F87D
:10514000D52093F8A63084F8D730012004B0BDE80C
:10515000F0872046FFF750FCF7E700BF70120021F0
:10516000380600212DE9FF4708230DF1070205212C
:1051700004468DF80730FFF79FFC064620B900264D
:10518000304604B0BDE8F087414F396807F121038C
:1051900097F8202011F8030BC0F3801011F04AFC9F
:1051A00005460028EBD13A68216A104691F8A630EE
:1051B00010F803CB03EA5C1303F0010381F8A63077
:1051C000D2F80330C1F803308388A1F807301346C2
:1051D000D4F820C013F81F1BC1F380118CF8021003
:1051E000D2F81F001B79029060468DF80C30FFF753
:1051F0002BFAD4F8208002A994F914A008F1A60093
:1052000011F066FD40F20113A8F87C304FF0FF0961
:1052100088F87E90294608F14400FEF7A5F951462A
:105220004046FDF7C9FE216A84F89D5020460B8850
:105230009DF80720A4F89E304FF6FF7384F8BB90CA
:10524000A4F8BC3013F0B3FA124904F1940012F040
:105250009BFB236A104904F1CC001A88A4F8D520DE
:1052600093F8A63084F8D73012F08EFB236A2A46D2
:1052700020461988FFF77AFB084B3D711B68002B0D
:105280003FF47EAF2A462146206A984778E700BF60
:1052900070120021258702011B84020138060021BB
:1052A00010B5154CA37C1BB108F0CAFB07F0FAF946
:1052B000A06AEEF775FE20B1A06A438803F01803D8
:1052C00023B9A06ABDE81040FFF796BB2379012BF4
:1052D00007D02379022B04D040F643312D20EBF781
:1052E000FFFB2379E26A03F18043D268013BBDE80A
:1052F000104052F823301847701200212DE9F04F6A
:10530000B0F802B08BB0044616461BF003070191BB
:1053100008D0012F06D0022F04D040F253612D2077
:10532000EBF7DEFB0BF00703052B08D1002E72D044
:105330004FF000094FF0010A4D46012209E0022B0F
:105340005DD1002E67D04FF000094FF0010A4D46A5
:105350004A464FF001081BF0400B04D0002E00F02D
:10536000FE804FF0010B48EA4202DFF86C82012117
:10537000072042EACA03002243EA051343EA491917
:1053800049EA8B1B0BF07B030093D8F800309DF8A3
:1053900000B05A7018705970002E40F00381B14669
:1053A000DE703946D8F8000011F032FFD8F800005E
:1053B0004A469DF8001011F032FF009B9DF80070E6
:1053C000D80702D52046FFF725FAB90710D5019B6B
:1053D000D8F80000002B00F0F68004F177010623D6
:1053E000012211F0EBFE0121D8F8000011F0D3FDED
:1053F0000023002B00F0F28040F635018FE7002BF0
:1054000047D15EBB0BF02303B4F85420134309D0FB
:105410001BF0200913D04FF0000901254A46AA4687
:10542000C84698E7FFF71CFA0028F1D1FFF724FAE5
:1054300002460028ECD1B1463546B24689E794F8D9
:1054400004800125A8F10308AA46B8F1010F94BF12
:105450004FF000084FF001084A467CE7FFF700FADA
:10546000A8B9FFF709FA1BF0200500F001096CD17B
:1054700094F804804FF0010A2A46A8F10308B8F115
:10548000010F8CBF4FF000084FF0010863E70120C7
:10549000E9E7012B17D194F8048056B9A8F1020569
:1054A000B1469A463246D5F1000848EB05081D463C
:1054B00051E7B8F102084FF000099A4618BF4FF0C3
:1054C00001084D46C8E7062B3FF430AF042B39D115
:1054D00026BB0BF02303B4F85420134311D02279D8
:1054E0004FF000090125033A012A94BF002201224E
:1054F0001BF0200F0CBF90464FF000084FF0010A40
:1055000029E7FFF7ADF90028E9D1FFF7B5F98246A1
:105510000028E4D14FF000094D460EE7FFF7A0F94F
:1055200070B9FFF7A9F9227900F00109033A012ABD
:105530008CBF002201221BF020050CD19046DDE734
:105540000120F0E740F2F661E9E600254FF0010A9C
:105550002A46A846FFE600254FF0010AF9E7B4F80D
:10556000541059B194F804B0ABF1030BBBF1010F27
:1055700094BF4FF0000B4FF0010BF4E6618801F08F
:1055800023010029EED10092FFF76AF9009A002862
:10559000E8D1FFF771F9009A0028E3D1002F3FF41A
:1055A000E0AEDFE7DA70FFF767F950B1D8F81C30EA
:1055B00093F8BD30002B0CBF4FF000094FF00A09E3
:1055C000EFE68146EDE604F170010623012211F0B9
:1055D000F5FD94F86F1007E7701200213A0716D511
:1055E000626C05A9D8F80000C2F30B2262F30B032A
:1055F00094F84620ADF814301209C3F3072362F380
:10560000071303228DF81530022311F0D7FDBF06D2
:1056100040F1B580D4F85031D8F81C700293D4F81A
:10562000543103930FB9D8F81870D7E918A3019330
:10563000FFF722F980B1D8F81C3093F8BD305BB188
:1056400007F1400014F048F930B93B6F13EB0A0A38
:10565000019B43F100030193397C4FF0000CA34BF5
:10566000D8F8142033F811004FF47A73DDF808E00D
:1056700000F2E730B0FBF3F0D2F1900361EB0101EF
:10568000B3EB0E03DDF80CE061EB0E01C3180198DB
:1056900041F1000113EB0A0340EB0101D4F844018E
:1056A000B3F5161FA0EB020E9DF8150071F1000274
:1056B0004FEAEE7A00F0BF000ADB6CF345108DF87C
:1056C0001500BDF814306FF30C03ADF8143026E06C
:1056D000B3F5703F71F1000208DB9E457AEB0102E1
:1056E000EBDA40F020008DF8150007E09E456CF3E2
:1056F00045107AEB01028DF81500E2DA9DF81520CD
:1057000012F0200FBDF8142014BF4FF4967A4FF01A
:105710001E0AB3FBFAF363F30C02ADF814203B6FDF
:1057200040F2E242B3FBF2F3ADF81630D7F817308F
:10573000FA7E06939DF81C3062F304038DF81C304A
:10574000FCF782FE9DF81C3060F347138DF81C3087
:105750009DF815306FF3C7138DF815303B68CDF801
:105760001D303B798DF821307B798DF82230BB7963
:105770008DF82330B7F852300133ADF82430012EC4
:105780004FD1B4F85430002B4BD06388980748D4DD
:10579000DFF85CA1DAF8000011F036FD421CB4F825
:1057A00054100346D2B2BAF81070C2F1FF00CF1BFA
:1057B0008742A8BFD743FFB2B94227D96288D10731
:1057C00024D401934A46009B033FD8F800000125EA
:1057D00043F01001FFB28B4611F021FD019B2046E2
:1057E000191D3944C9B212F0D4FFC0F307238DF854
:1057F0001000C0F307408DF8113004228DF812001C
:10580000032304A9D8F8000011F0D8FC3A46216D12
:10581000DAF8000011F037FDBAF810301F44AAF88A
:10582000107065F3041B1BF0200F5FFA8BF506D098
:105830002F481223052205A9006811F0BFFC6A0653
:105840000CD5002E4AD104F13000267913F002FA6B
:10585000014694F914203046FEF7F0FFFFF70CF8EC
:10586000002836D0224CE36993F8BD308BB3072172
:10587000206811F0C2FC092340F2E2410370322398
:105880004370E369D3F890308370E369D3F89030C4
:105890001B0AC370E369B3F892300371E36993F8AC
:1058A00093304371E36993F8A1308371E369D3F8CE
:1058B0009420B2FBF1F2C2717D22E369D3F89830F3
:1058C000B3FBF1F30372E369D3F89C30B3FBF2F35B
:1058D00043722B0606D540F69A0120E5667994F8C6
:1058E0004410B6E70BB0BDE8F08F00BF4C53030186
:1058F000701200212DE9F74F04460F4690F844003E
:1059000007F098FB6179FF20744D07F013FA002F20
:1059100048D1286811F01BFB94F80480064604F176
:10592000300013F08CF9B8F1040F2CD1B60106F554
:105930003476EB6803EBC013CA3306FB003663888A
:10594000002019076E6142BFAB68F6186E6162797C
:10595000696907F0FBFC63889A072AD05FBB61790D
:10596000012008F017F9012294F876102046FFF77D
:10597000C5FC286807F0B4FF06232B7101236B7167
:1059800003B0BDE8F08FB8F1030F03D1360106F57F
:10599000E776CEE7B8F1020F0BBF0B360A36B6003A
:1059A000F600C6E762794FF4A571002007F04EFEBD
:1059B000D1E7002FD7D066884FF0000A286806F09C
:1059C0000203C6F380165146002B4FF007030EBFAB
:1059D0004FF001094FF00009D4F858804FEAC90987
:1059E00012BFB4F85C70D4F85080B4F8547049EA2F
:1059F000861B0370012380F803A0D946437011F081
:105A000007FC52465946286811F009FC1BF0080FA4
:105A100017D0626C01A9BDF80430C2F30B222868CC
:105A200062F30B0394F84620ADF804301209C3F377
:105A3000072362F3071303228DF80530022311F0C8
:105A4000BDFB286811F055FC2B8AC0F1FE06FA1A3E
:105A5000B242B4BFD6B2F6B233449F422ADD00222E
:105A600049F01001286811F0DAFB286811F041FCB8
:105A70002E8ABF1BC0F1FE062868B742B4BFFEB233
:105A8000F6B211F0C1FB811920460131C9B212F002
:105A900080FE0422C0F307238DF80400C0F3074002
:105AA0000DEB02018DF8053003238DF80600286800
:105AB00011F084FB63885B0606D594F9142094F8F2
:105AC00044106079FEF7BAFE298A324628684144BC
:105AD00011F0D9FB288A06442E824AE77012002171
:105AE00010B5084CB0F85C30228A9A4205D00121EA
:105AF000FFF700FF0723237110BDBDE81040FEF73C
:105B00007BBF00BF7012002138B5438804461E4D8C
:105B100013F0020F0FD1DB070DD42A8AB0F85430EE
:105B20009A4203D1BDE83840FEF766BF0121BDE8C7
:105B30003840FFF7DFBE0020617908F02BF863885A
:105B4000617913F0020F14BF0C20222007F0F2F845
:105B500002232B71AB7C4BB106F088FD6379033BCC
:105B6000012B94BF4520402007F05EFF6379033B83
:105B7000012B94BF2820002007F018FF2868BDE8FB
:105B8000384007F0ADBE00BF70120021094810B5C3
:105B9000037903F0FF0453B92422214604300CF0AA
:105BA00005FE07F04DFF06F07DFD204610BD0C24DC
:105BB000FBE700BF7012002110B50023084C2371D1
:105BC0002060FFF7E3FF20B140F2F6212D20EAF735
:105BD00087FFE36A13B940F2F921F7E710BD00BF70
:105BE00070120021014B024ADA62704770120021E4
:105BF0002C630101044B054A1A60054B054A1A60E3
:105C0000054B064A1A6070473406002165510101B0
:105C10003806002175420001300600212D50010197
:105C20002DE9F34704460E4600297BD000F13005EC
:105C3000284612F0EFFF28B9638818076CD528466C
:105C400012F0C7FF284612F0C9FF07F0F3F92179D7
:105C5000252007F06FF8364D28680379D90623D53B
:105C6000C3789A0620D011F072F9074604F130008B
:105C700094F8048012F0CEFF421C3B464146D2B25B
:105C80002046FEF733FD0422C0F307238DF80400FD
:105C9000C0F307400DEB02018DF8053003238DF8AA
:105CA0000600286811F08AFA46B304F1300A286821
:105CB000D5F80C8011F04BF98146504612F0BFFF29
:105CC00007465046013F12F0A5FF1FFA89F2391A24
:105CD0002079C9B212F0DBFF638880441B0708D526
:105CE000AB6801212046984412F053FE4044C4F8AA
:105CF000280122794146002007F028FB286807F098
:105D0000EFFD26B92179304607F0A2F9E8600523B6
:105D10002B7102B0BDE8F087204602B0BDE8F04725
:105D2000FEF76ABE0A4690F87610FFF7E7FA92E7A8
:105D30007012002170B5174E012504463030B57140
:105D400012F068FFF8B96388DA0604D52046BDE88A
:105D50007040FEF751BEB279002AF7D003F023035A
:105D6000B4F85420134305D020460021BDE870400C
:105D7000FFF7C0BDFEF774FD0028F5D1FEF77CFDEE
:105D80000028F1D1E2E729462046BDE87040FFF740
:105D900047BF00BF7012002170B5114D00260121D0
:105DA00004462E826E7112F0F4FDAB680344AB60C2
:105DB000B4F848300133A4F84830FDF767FC4FF4DD
:105DC0007F7394F87610B0FBF3F202FB1300AB681C
:105DD00032461844A8602046BDE87040FFF78EBAEE
:105DE0007012002110B5094CA06A4388092B07D115
:105DF000FFF7D2FFA06A0121BDE81040FFF710BFF6
:105E00000121BDE81040FEF7ADBF00BF70120021B8
:105E1000F8B5867D0446B31EDBB2012B8CBF00278C
:105E2000012796B3023E18BF0126012B2DD800F1A1
:105E3000700190F86F0010F037FE054663889B06EE
:105E400005D4082D2CD02846FCF766FD40BBE5772D
:105E5000A77784F86860FCF74BFE054609F002FB63
:105E6000164B0022A5FB033584F876201B1820462C
:105E700045EB01051146C4E91835FEF709FD70B977
:105E800040F293412D20EAF72BFE0825D6E704F1D6
:105E900069013046FCF7CCFB0028D8D10020F8BDC2
:105EA000002EF4D0637F002BF8D0D4F81730C4F85C
:105EB0006930B4F81B30A4F86D30C8E740420F00D9
:105EC0002DE9F04F07469BB00C4605460EAE95F8FF
:105ED00012900FCF0FC60FCF0FC697E80F0086E8BE
:105EE0000F0006A86E7912F05AFEA37A6178029329
:105EF000237801F07F080393237D013BDBB2022B63
:105F000000F28180684AC90613449F7B06D4A37DB2
:105F1000013BDBB2022B76D813449E7BB9F1010F13
:105F200005D1042F08BF0327042E08BF0326617A7A
:105F300006A812F03BFE237DA27E06A8022B02F1EA
:105F400001020CBF617D0121D2B204BF0131C9B28F
:105F500012F02EFE18F0080F6CD106A812F06FFE9A
:105F600063788246DA0653D4EBF7ACFF81463946B4
:105F70005046FEF747FB0123014632464846CDF81E
:105F8000008012F070FA40F27121227900F5397028
:105F9000E378B0FBF1F043EA02236279484343EA35
:105FA00002434B43984238D84FF0000B94F818A0A6
:105FB0000593A37CE86C04930AF1FF33D3F1000A44
:105FC0004AEB030A0DF02DFD8146E86C0DF039FD1A
:105FD000059B484538BF48460DF1180980B260B3AB
:105FE00008A9CDF82090ADF824808DF830708DF898
:105FF0003160CDE90A3B12F066FB059BE8B945200C
:106000001BB0BDE8F08F40F21D310620EAF768FDB5
:106010002822414600F096F9B5E7E379A27942EAF1
:106020000322237A42EA034201FB02F3984298BF1B
:106030000346B9E700239B46B8E7CDE9103B049B34
:10604000039A8DF84D308DF83C700EAF029B8DF8A1
:106050003D602E468DF848A08DF84E308DF83820E2
:10606000ADF83A800FCF0FC60FCF0FC697E80F00DD
:1060700086E80F0099E8030028630020A986E37AE8
:1060800013F0FD0F14BF0123002385F86F30E36880
:106090002B67238AA5F8743095F84630E27D62F3C9
:1060A000071385F84630ABE74C5303012DE9FF4158
:1060B000564E0446327902F0FF0312B90278FF2AE5
:1060C00004D140F6A9112D20EAF70AFD3382B3600E
:1060D0007371B37180F891304D4B684604F130050F
:1060E00000934C4B01934C4B0293F36A5B68039310
:1060F00007F0E0FB06F082FE07F0A2FC06F0D2FA01
:10610000464806F08DFF464807F0CEFB284612F0C1
:1061100060FD284612F062FD06F08CFF21792520F3
:1061200006F008FE94F9140006F074FF04F1500123
:10613000E06C0DF005FC074604F15801E06C0DF031
:1061400026FC80461FB194F82430002B38D1B8F1DA
:10615000000F37D094F82550A37F13B963885B07ED
:1061600009D56FF00043D4E918129A4208BFB1F183
:10617000FF3F29D185BB002F08BF474694F89330D5
:1061800003B9AFB1638813F0100511D1606CC0F38F
:106190000B2012F0ADFC94F8463084F84500C0F3B3
:1061A000032023F00F03184384F8460084F893502B
:1061B00030680330FCF7E8FCB07404B0BDE8F0814F
:1061C0000125C9E74546C7E709F04CF9D4E918238A
:1061D000904271EB0303CDD30122204605EA020170
:1061E000FEF756FB68B1FCF783FC054609F03AF967
:1061F0000C4BA5FB03351B1845EB0105C4E918350D
:10620000B9E7002DB7D040F6DE115CE7701200212F
:10621000A1520101CD4B0101954A0101D6BE898EE3
:106220005555550040420F0037B504461C4DFFF749
:106230003DFF04212078EBF7FDFC0621A8612078C2
:10624000EBF7F8FCAB69E8612BB120B140F6162101
:106250002D20EAF745FC204612F08DFA618811F0F6
:10626000100118D000212046FEF77CFD94F89230F2
:106270005BB16846FCF7F8FE38B1694604F13600B8
:1062800010F026FD002384F89230204603B0BDE8CC
:106290003040FEF783BA2046FFF7C2FCE6E700BFB6
:1062A00070120021024B9862DB6A1B68184700BF1E
:1062B0007012002143881A0710B504460ED5036AF0
:1062C0003C220F49943042721B884381FF2380F89F
:1062D00027304FF6FF73038511F056FB6388204685
:1062E000DB0747BF236A3C223C224FF6FF7148BFC1
:1062F0001988FEF73BFBFF2384F8913010BD00BFE7
:1063000025870201ED4C0101F54E0101AD4E010161
:10631000CF880201355D0101095B0101E15A0101EC
:10632000A9490101C9880201DF890201296201012D
:10633000694A0101E55D0101246301010C6301016A
:10634000046301010138022808B503D9C3212F20B5
:10635000EAF7C6FB13290A4B05D811290CD81029D6
:1063600007D0D121F3E71529FBD103EB4003D888EF
:1063700001E033F8100008BD03EB40039889FAE709
:106380005E530301F8B52F4B40281A8842EA0002F9
:106390001A8005D104219868BDE8F840EDF7C2BE27
:1063A000802801D10521F6E700F00302032A04D179
:1063B00040F6C1113120EAF793FB10F0020418BF38
:1063C000D960C50705D5CA781961062A0DD00B2AF0
:1063D00018D02CB1DA68D278052A1FD00B2A2AD01F
:1063E000820644BF08221A75F8BD9A6892F89F1079
:1063F0001929EED1002600270121C2E9406782F861
:10640000A310E6E79A6892F89F10132901BF0021B4
:1064100082F8A310012182F8E210DAE79A6892F874
:106420009F101729DCD1002400250121C2E9424533
:1064300082F8A410D4E79A6892F89F101229CFD15D
:106440000021F5E7A012002113B5044601A8FCF7CE
:1064500077F820B940F2BA713120EAF741FB3222D5
:10646000002101980CF0A2F90321019810F0DAFF45
:1064700001982146037823F010030370FCF734FEE3
:10648000224601990548FDF7D5FAFCF76FF810B9D7
:1064900040F2C471E0E702B010BD00BFA4120021B9
:1064A00070B5274CA36893F8D66293F8D752002EA4
:1064B0003FD193F87C10002D3DD193F87D2083F8D7
:1064C0007C1083F87D20FF2283F87E201D4B1B6803
:1064D0000BB1A0689847A36893F84C31012B02D008
:1064E00056EA050303D000211748FBF7B5FFA06863
:1064F000443011F08CFA0546A06800F27511FDF7E2
:1065000055F8A0680621EDF70DFEA068443011F0A3
:106510007EFA8542044610D208F0B6FF0146601BA1
:10652000402838BF40200BF08DF9B0FA80F04009C8
:1065300070BD3146BFE72A46C1E70120F8E700BF3A
:10654000A012002150060021A41200210029A0F170
:106550000E0308BF1F2110B5182B22D8DFE803F067
:106560000D2121210D210D21120D21212121213665
:1065700021213C21212F2F2F47000021BDE8104071
:1065800012F0A2BB1E4CA36893F89E20222A0AD1C7
:10659000201DFBF761FFA368002283F89E2083F88B
:1065A000DC20002010BD2F2AFBD193F89F30A3F1EF
:1065B0002102062AEFD92F2BEDD02A21E8E7114B33
:1065C0001B68002BEDD0BDE8104018470E4B1B6830
:1065D000002BE6D01D20F6E70C4B1B68002BE0D00B
:1065E00007480A4620218068BDE810401847084B3C
:1065F0001B68002BD5D00748BDE81040184700BFE6
:10660000A01200214C060021640600214006002152
:1066100074060021A4120021134B024609799868E0
:1066200090F89E30222B13D02F2B11D0292B11D074
:10663000042B11D0102B11D01E2B11D090F89F00DD
:1066400024280FD0302B14BFFE202620FFF77EBF5A
:106650001620FBE72320F9E70E20F7E71220F5E7E5
:106660001420F3E71720F1E7A01200210A460146A3
:10667000044808B513F0C6FE10B9024811F0F0FA4C
:10668000002008BDA412002108B50C4B9B6893F8AC
:106690003221FE2A04D040F2C9713120EAF720FAF3
:1066A00083F8320111B9A3F8DE1008BD0022A3F867
:1066B000D820012283F8DC20F7E700BFA0120021D8
:1066C000104B1A7DCAB970B99B6841F64B52D96913
:1066D000914215D9B3F86C10B3F8502091420FD8FD
:1066E0001846EDF775BC1A88120708D59B6893F811
:1066F000A000083818BF0120704700207047012013
:10670000704700BFA0120021164BDB6810B5197945
:10671000436893F89E200A2A09D193F829218A42D6
:1067200005D1002283F89E2083F8DC2010BDD3F829
:10673000902012F0080407D022F00802BDE81040B3
:10674000C3F8902011F09FBAFF2905D1342283F8B5
:10675000CC4283F89E20E9E740F2CE413120EAF7AF
:10676000BFF900BFA012002110B504460879626885
:10677000262892F89E303BD8112807D80E2839D108
:1067800022460121BDE8104012F09EBAA0F112028B
:10679000142A2FD80FF2040C5CF822F08167010153
:1067A000F567010181670101F5670101F9670101E1
:1067B00081670101F5670101F5670101F5670101D5
:1067C000F5670101F567010147680101F5670101FE
:1067D000F5670101F5670101F5670101F567010141
:1067E00035680101F5670101F56701014F68010195
:1067F000FF2833D0002010BD222B01D02F2BF9D140
:10680000204611F02DFA636893F89F20232AF1D0D7
:1068100093F8F4201A21204622F0010283F8F42094
:10682000626892F8F43023F0080382F8F430FBF742
:1068300013FEDFE7292BDDD10C4B1B68002BD9D0D1
:1068400020469847D6E7332BD4D1094BF5E7094BBF
:106850001B68002BCED020469847CBE7064B9B69A0
:10686000002BC7D0012382F8CE32C3E754060021A3
:10687000680600216C060021A0120021F7B505462C
:10688000924C002840F0DD8023881F0752D5A36872
:1068900093F83221222A13D02A2A01D01C2A05D1AA
:1068A000002283F854218A4811F0DAF9A36893F89A
:1068B0003221FE2A11D14FF4A8613120EAF710F9F4
:1068C00083F85601834B1B68002BECD0A06800F5C1
:1068D000AB7100F59C709847E5E7FE2283F8322102
:1068E00093F89F201B2A08D10026794883F8E1609D
:1068F00011F0C9F9A36883F89F60A36893F89E20FC
:10690000342A3AD0402A41D0212A0AD193F89F2034
:10691000A2F12101062901D92F2A2CD12F2283F897
:106920009E20A36893F8A020082A02BF02222277A3
:1069300083F832212388DE0757D5A368276993F8A7
:106940009F30123B0B2B0DD8FB78023BDBB2092B9F
:1069500000F2B780012202FA03F340F2333213420D
:1069600000F0AF803846FCF7AFFB98B9394658487D
:1069700011F0C7F989E02222D1E7012283F8CD2264
:10698000002283F89E2083F8DC20CAE7504811F0EB
:1069900067F9C6E7FE78012E01D9162E0FD1A3683C
:1069A00093F89E0011F084F948B1A36893F89E20F3
:1069B000212A04D0222A40D12F2283F89E20112E92
:1069C00067D058D8072E66D00D2E66D03046FDF71A
:1069D000F5F90346002855D1FF2EC7D1A369002B36
:1069E000C4D0A368012283F8CE222388580706D595
:1069F000A26892F8A020072A04BF012222779907F3
:106A00000FD5E368DE780D2E49D0112E49D0072E20
:106A100049D03046FDF7E6F90346002845D02C481A
:106A200098472388DA060CD5A36893F89F200B2A91
:106A300007D10C2283F89F2003E0162E0CBF2025DF
:106A40000225237D1B0713D5A36893F89F30123BC3
:106A50000B2B38D9002601A903200196ECF7FEF88C
:106A6000019B2BB11E720C22A1680198FCF73EFD20
:106A7000284603B0F0BD142EA8D1174B1B68002B7D
:106A80003FF474AF2169124898470028ADD00546FD
:106A9000D7E7124BF6E7124BF4E7124BF2E7124B33
:106AA000BDE7124BBBE7124BB9E7FF2E06D1A26838
:106AB000342182F8CC0282F89E10B2E740F23451C1
:106AC000FBE60825BDE70825D2E700BFA01200219C
:106AD000A41200214406002160060021098E020153
:106AE0006967010119660101778D0201958D020127
:106AF00009670101024B002098611862704700BFCE
:106B0000A012002108B50022044B9A611A62FCF71A
:106B100065FEBDE80840FDF731BA00BFA0120021B4
:106B2000024B9869003818BF01207047A01200215D
:106B30002DE9F043814C0E4687B00746B4F800803B
:106B4000A16818F4007F01F190050CBFB1F8D220C4
:106B5000002328460DBF0132A1F8D23081F8173248
:106B6000A1F8D22012F02EF928B1434601F5B672F1
:106B70002846FDF799FB238803F4C06343B1A0685E
:106B800090F8A230002B00F0AF80032B00F0B28011
:106B9000A168238891F8A220012A04D11D0544BFD1
:106BA000022281F8A220002F40F07C81580657BFB6
:106BB000B1F830223A46013292B2A1F8302203F005
:106BC0000A020A2A0DD1E268D278022A09D123F0FA
:106BD000080330462380FFF751FE06430823F6B230
:106BE00023803046FFF74AFEA3690643F6B2002B26
:106BF0005FD01422002101A80BF0D8FDA36893F800
:106C00007D0007F053FAA368054693F87D0007F06E
:106C100045FA05F5FA754FF47A71A268B5FBF1F5FE
:106C20001388054441F27070ADF80430B2F8983022
:106C3000ADF80A50ADF80830D369A3F57A758542EE
:106C400095BFB3FBF1F340F2E24103F55063B3FBB0
:106C5000F1F39BB2ADF8063092F8CE3233B1206931
:106C6000C31C049310F0DCFB8DF81400A26801A88B
:106C70009DF80C3092F8CD2262F300038DF80C30B1
:106C8000A3699847A3680022049983F8CE2283F869
:106C9000CD2271B193F8CC225AB993F89E20342AB0
:106CA00007D09DF8142022B10878FF2827D11B2A8D
:106CB0002CD9A36893F83221FE2A4FD1002E4DD152
:106CC00093F8A020073A012A48D993F840312BB312
:106CD000A3680121022093F84121A3F8D66083F82C
:106CE0003421FFF7D1FC39E0012180F8A210EDF743
:106CF00019FA4DE70223012180F8A230F7E70728AF
:106D0000D7D1022AD5D14878FF28D2D10120C3F8A3
:106D1000D01283F8CF2283F8CC02CAE7A06890F89B
:106D20009F30A3F11105EDB20C2D40F27B81D0F81C
:106D30009030DA0704D531460920D2E7A0120021AD
:106D4000990740F10E8131460C20FFF79DFCA268A7
:106D500092F8E33043F0010382F8E330A568B5F818
:106D6000103295F814820133A5F81032B8F1000FF3
:106D700000F0B182EBF764FF10B10023A5F81032E8
:106D8000A16891F8A230012B40F2F68291F8A03070
:106D9000082B40F0C182B1F8D230022B40F2EC82D5
:106DA000B1F8D4500135ADB2B1F89830DFF8A08217
:106DB0002B44A1F80832D8F80030002B00F0E08214
:106DC0004B8E012B40F2DC82EBF730FF0246A068CD
:106DD000D8F80080B0F89810C047A36800F1010807
:106DE000B3F832901FFA88F8A36893F81522002AA6
:106DF00052D1012D50D993F89F200AB10C2A4BD1C2
:106E000093F89E20002A47D193F8A020002A43D16E
:106E100093F8A220022A3FD193F81722002A3BD1EF
:106E200058690CF036FB002836D0A36893F832215D
:106E3000FE2A31D1B3F80A22012A2DD9B3F8101253
:106E40009A8C914228D2B3F82E0128BB013D521AE8
:106E5000ADB292B2B5FBF9F5954228BF154605FBD8
:106E600009881FFA88F893F88B307BB9A268D2F8AA
:106E700084305BB1B2F8CE30B2F898209B1A9AB247
:106E80001BB2002B02DD9845A8BF9046003DA368C9
:106E900018BF012583F81252A368B3F89800804404
:106EA000A3F80C822288A368550657BFB3F81C22AA
:106EB0000022B3F80E125218A3F81C2293F84031A6
:106EC0002BB9A36893F8A030073B012B07D8A36820
:106ED000B3F8D620B3F80E120A44A3F8D620A2685D
:106EE00092F8DC0030B1B2F8D830B2F80E120B4490
:106EF000A2F8D83092F9E0100029C1BFB2F8DE3014
:106F0000B2F80E525B19A2F8DE3092F8C1305BB9CC
:106F1000002F40F08082237F022B40F0358292F8D0
:106F20003431062B18BF1623A26892F8C0202AB964
:106F3000A268484882F8C130FCF7BCFFA06811F095
:106F4000A1FF454B1B681BB1444AA06811689847D4
:106F5000A368002283F8132207B0BDE8F043FBF7D3
:106F60002BBB5A0702D531461320BAE6190706D5BE
:106F700090F82831314680F834310720B1E61A06FE
:106F800002D500211B20ACE613F030013FD090F871
:106F90004331002B40F04582A36893F84231F3B1AE
:106FA000A06890F89F3000F5A17100F2D622262B40
:106FB0002BD090F89E30A3F1260CDCF1000343EBBC
:106FC0000C0310F02DFDA268D2F8903023F02003BE
:106FD00043F01003C2F89030002382F84231A068D9
:106FE000D0F89030DA0640F11C8200F27511FCF7FF
:106FF000DDFAA36800211520B3F86620A3F8342138
:10700000B3F86A20A3F836216BE60123D9E713F021
:10701000400201D0242064E6DB0540F102821146E3
:107020001E205EE6123B0B2B54D8DFE803F006531C
:107030005353091953535353534400210B2050E623
:10704000FCF7AAFF00283FF489AE0021042048E69F
:1070500070060021A41200213C0600212800002116
:1070600090F8C832012B08D100210520FFF70CFB56
:10707000A368002283F8C82270E6A36893F8C83298
:10708000022BD8B27FF46AAEA368062293F8E250CE
:107090001DB1002183F83421E8E79B48032110F05B
:1070A00001FEA368294693F8F33013F0040F14BFD0
:1070B00011200D20DAE70021062012E60021112020
:1070C0000FE693F84C21012A04D193F84D31002B9F
:1070D00000F0B881A36893F89E2082B993F89F20AE
:1070E000113A0C2A40F2B58193F8D020002A00F022
:1070F000B08101211220F4E500212020F1E50A2AC7
:1071000040F0A38193F82921012183F8342134E749
:10711000A36893F852319BB1A36893F8E33013F05E
:1071200003050DD101210C20FFF7AEFAA36893F8F7
:10713000E32042F0010283F8E32083F852519BE7F9
:10714000A36893F8423153B3A36893F8433133BB38
:10715000A06890F89F3000F5A17100F2D622262B8E
:107160001BD090F89E30A3F1260CDCF1000343EB1A
:107170000C0310F055FCA368002283F84221012182
:107180001420FFF781FAA368B3F86620A3F834212E
:10719000B3F86A20A3F83621E0E50123E9E7A36804
:1071A00093F84C21012A70D193F84D31002B6CD10A
:1071B000A06890F89F50A5F12103062B65D92F2DCB
:1071C00063D090F87C104B1EDBB2032B09D890F8EB
:1071D0007D20DFF838E1013A1EF803C0D2B2032A5D
:1071E00004D940F20B310620E9F77AFCBCF1020F1A
:1071F00090F84E3110D0BCF1030F0FD0BCF1010F4D
:1072000004D1012B14BF002301234BB90B3D042DE6
:1072100023D90121162064E5022BF3E7042BF1E7C3
:107220001EF8022090F84F31022A24D0032A24D0DD
:10723000012AEBD1012B14BF00230123002BE5D041
:10724000B0F8983000F53572B0F850010FF06BF9D6
:107250000146A8B92C48FBF7FFF8A36893F89E20D5
:10726000002A7FF47BAD93F8CC32002B3FF476AD4F
:107270000121FF2035E5022BDDE7042BC6D1DFE736
:10728000A368282283F89E2068E5A36893F8563106
:1072900013B10121222024E5A36893F854313BB1B6
:1072A0001B4B1B6818489847FE28D6D0012118E5CB
:1072B000A36893F85E3113B101211D2011E5A36885
:1072C00093F8603113B1012126200AE5114B1B68A8
:1072D000002BE7D1C1E7EBF7A3FC08B1A5F81082BA
:1072E000EBF7B6FC00283FF44BAD95F817320133AD
:1072F000DBB2022B85F8173282BF0023A5F81032CB
:1073000085F817323CE500BFA41200217C5303012D
:10731000780600215806002191F8D0301BB191F871
:107320009E30102B28D191F8F230013B012B23D94C
:10733000B1F8D45001F19000B1F8D22001354B8E54
:10734000AD1A4FEA8308A5EB830511F03BFDA8B108
:10735000D1F8C820531CD1F8C4209B1AA3EB080312
:10736000AB42B1F82E21A8BF2B46151F9D42B8BFD6
:107370001D46012D3FF717AD012515E52B46EFE71B
:107380004FF00109C8462FE5012B09D192F8A13031
:10739000002B7FF4C9AD0021A068ECF7C3FED0E557
:1073A0005EB1F00635D4310735D4B20635D4B30713
:1073B00035D140F64311312016E738B1B2F8D80084
:1073C000B2F8DA30984201D32223ADE5002905DD79
:1073D000B2F8DE10B2F8DA309942F5D2B2F8D6102F
:1073E000B2F8D43099420BD2A36893F8A210B3F844
:1073F000D22051B1B3F8D4309342CCD8082393E5CE
:1074000092F84031002BDFD1EEE7052AC3D93E23A5
:107410008AE51E2388E53D2386E5232384E52A2388
:1074200082E5A36893F89F202B2A3FF465AE322AA9
:107430003FF444AE232A7FF44DAE93F84C21022A48
:107440007FF43FAE002117204BE40C2D3FF605AF33
:1074500084E40C2D7FF682AC93F85331002B3FF47B
:1074600057AE01210E20FFF70FF9A368002283F821
:10747000532101E673B56C4D00240126A8602E71DE
:107480002C802C752C77FF2380F81332AB6818887A
:10749000FBF750F8AB681888FBF778F8AB68B3F8DF
:1074A0000A22EAB193F83221FE2A19D193F8403129
:1074B000B3B1AB6893F8A020073AB24210D993F861
:1074C00041210220A3F8D640314683F83421FFF74A
:1074D000DBF8AB68022083F81242FEF7B5FF04E048
:1074E000AB6893F83201FE28F7D1AC68638E04F1E3
:1074F0009000B4F80E12012BB4F8102201F1FF3104
:1075000038BF012389B2B1FBF3F31344A4F810325E
:10751000B4F8D2300B44A4F8D23011F053FC20B1AF
:10752000D4F8C4300B44C4F8C430B4F80A3200268E
:10753000012B9CBF0133A4F80A3209B184F8176209
:1075400094F89F3084F81262A3F10B02012A1FD82D
:10755000B4F89830B4F8D4229B1A190432D404F247
:10756000D62104F1A6000FF0B3FBAB6883F89F604F
:10757000FF2283F8FB20A968B1F80E2201F19000E8
:107580000FF0EDFBA0B340F6CE013120E9F7A8FAE9
:10759000262B17D1B4F8D422B4F898309B1A1A04C9
:1075A00010D484F89F60FEF77BFFAB68014630B9CA
:1075B00083F84C0102B0BDE87040FFF7B9BA83F818
:1075C0004C61D8E794F89E30262B01D0282BD2D1DD
:1075D000B4F89830B4F8D4229B1A1B04CBD40023FF
:1075E00084F89E30FEF75CFF01460028C3D1E1E736
:1075F0000E4B0F4900930F4A0F4B03C9EBF728F9C5
:10760000296A19B195F8240006F0F4F9AB6893F8EB
:107610009F30123B0B2B04D802B0BDE87040EBF753
:107620000FB902B070BD00BFA0120021316B010183
:10763000A412002185630101C166010138B5044629
:10764000084694F8C83213B10C25284638BD94F882
:107650009F30163B012BF7D894F8EC3203F0FF056E
:10766000002BF1D1A1B194F82E3223B940F6981134
:107670003120E9F735FA074B9968052301F588723F
:1076800001F21E210AF0E2FC012384F8C832DCE793
:107690000223FAE7A0120021D0F8DC32C26993423B
:1076A00010B5044604D1D0F8E012426A914223D0CA
:1076B0002288A3F57A7104F5E070A4F8CA2141F29A
:1076C00070729142124995BF4FF47A7240F2E242D1
:1076D000B3FBF2F3B3FBF2F398BF03F550639BB235
:1076E000A4F8CC31B4F8E032A4F8CE31B4F8E232E8
:1076F000A4F8D03110F051F902212046FBF7BCFB71
:10770000002384F89F30032384F8A23010BD00BF0B
:107710003B7E020108B5FCF781F9024B024A1A6070
:1077200008BD00BF78060021358F020108B5FCF7BF
:10773000E9F8054B054A1A60054B064A1A60064BE4
:10774000064A1A6008BD00BF4006002151E2000150
:107750003C060021D1E200014406002151E3000172
:10776000014B1868704700BF28000021014B1860CA
:10777000704700BF2800002108B5FCF721F9034B32
:10778000034A1A60034B044A1A6008BD64060021CC
:107790006D66010168060021658D020138B5212260
:1077A0000B46044603F8022B00F109021D3052F883
:1077B000045B824243F8045BF9D110881880927808
:1077C0009A708A78122A03D80F4BD340DB0717D45C
:1077D000B1F8075005212846EAF72CFA18B9962186
:1077E0007720E9F77DF9503012F028F808B1992197
:1077F000F6E705212846EAF733FA08B19A21EFE7C0
:10780000002304F8053C38BD810004000378426879
:107810009BB992F87C100A4B33F811004FF47A733D
:1078200000F23F60B0FBF3F0D2E980317D3341F1EB
:107830000001C01841F100017047D2E9A001704772
:107840008053030110F8023C2DE9F043044689B04F
:1078500023B900F8053C09B0BDE8F083002300F12E
:107860001206CDE9063305238DF81E3006A8EAF787
:107870001BFA054680B105210DF11600EAF764F9FF
:10788000BDF816300546E381E0B907237A49204662
:10789000637210F079F8DEE70698237C827A9A42C8
:1078A000E4D1637C00F10C01C07A13F0FD0F334684
:1078B00014BF012200220FF0BDF80028D6D004F832
:1078C000055CC8E70146184602F030FB14F8043C9A
:1078D0006A4FEB7414F8033C2B7534F8083CA5F898
:1078E000883054F80C3CC5F88C3014F8063C2B76E4
:1078F0000023AB753B680BB30721BDF81600EAF710
:107900005BF90646D0B101463B68BDF816009847C2
:10791000237F40F2E2411A1E18BF01226A7654F812
:10792000102C86F835303260627F4A4372607D22C7
:10793000A37F4B43B360E37F5343F36005F15006ED
:10794000304601F0E1FF58B10521BDF81600EAF715
:1079500087F9002899D040F207117720E9F7C0F89D
:10796000237C04F1340105F11E0040F2E249AB72C0
:10797000637C13F0FD0F14BF01230023EB72D4F8D6
:107980001230EB60E38A2B8201236B750FF0A0F9B4
:10799000B4F81900E36A09FB00F92B60236BC5F802
:1079A00078906B60E37E85F8923094F8423085F8E9
:1079B0009830E38FA26AA5F8A030638F5343C5F8CF
:1079C0009C30A37AE17A43EA0123A5F8A230237E12
:1079D000013BDBB2022B0BD829490B449B7BEB7597
:1079E00094F8463043B1012B3BD040F27B3101E0AB
:1079F00040F21D310620B1E74FF01E08B4F93C00FB
:107A0000B4F84470C317A0FB020102FB031194F801
:107A100047304FF41612534308FB0733C71A61F17E
:107A20000001012F71F100031EDA4A4638460AF0C0
:107A3000E3FCB4F84030034409FB00F09BB2C01BE8
:107A40005A1E0633A5F862209BB26A7D85F8932002
:107A500000903046CDE90183D4E9082301F0E6FF28
:107A6000F9E64FF49678C9E7781E4A4661F10001BD
:107A70000AF0C2FC0130DCE79D770101800600219D
:107A8000805303012DE9F04F834687B008460E4628
:107A90000FF079FDDBF8049005460F21B9F80000DE
:107AA000B9F898A0EAF7C6F8837B0446002B00F0EB
:107AB000ED80C37A002B40F0E9806F7E7B1E012BA6
:107AC00002D9042F40F0E280FAF798FC37EA00036D
:107AD00040F0DC802B7E05F11A0713F0100FC3F382
:107AE000001118D0EB7F03F0C003402B13D13846B0
:107AF000FBF71CF878B10EF0E1FF082880460AD0A9
:107B000004AA0DF10F01FAF7F9FF88B940F28D11BF
:107B10007720E8F7E5FF2B7E4FF00808D5F81A002C
:107B2000C3F3001304908DF80F30BB88ADF8143008
:107B3000F3782A2B40F0AE8030460FF026FD064643
:107B4000002800F0A78003682360037984F82C30B4
:107B5000437984F82D30837984F82E30C37984F802
:107B60002F30AB7A5846D5F80670C3F3040301935F
:107B7000FFF74CFED9F81C20019BA263C4E90C015D
:107B8000AA8A84F84470AAEB020284F84830A4F868
:107B90004C203A0A84F845203A0C3F0E84F84620DF
:107BA00084F84770D5F80B302A7CE363EB7B43EA1B
:107BB00002236A7C43EA024323642B7EC3F342130D
:107BC00084F85230EA7DAB7D43EA0223A4F84E30BC
:107BD000EA7CAB7C43EA0223EA78A4F8503002F056
:107BE0001F02AB7843EA0223A4F85430EB78C3F3C6
:107BF000401384F85630EB780498C3F380139DF853
:107C00000F7084F857302B8CC4F82200AAEB0303C2
:107C100084F82170A4F84A30BDF81430E384AB7ABC
:107C2000C3F3421384F82B306B7E99073CD413F0D6
:107C3000010001D103F00400F7F7A6FA84F8280048
:107C40002B7EB8F1080F51462846C3F3030318BF33
:107C500047F0020784F82030AB88A4F82930B9F83F
:107C6000003063832B8818BF84F82170A3834FF002
:107C7000FF33A377E3770FF0A2FC034604F1100073
:107C8000A3B91223174963760FF07EFE002007B0D8
:107C9000BDE8F08F002684F82C6084F82D6084F80D
:107CA0002E6084F82F605CE70220C5E7A6B1337927
:107CB0005A1E1206E5D47279052AE2D9B779791EDF
:107CC000C9B2FD29DDD8F1790129DAD95343A98850
:107CD0008B42D6DCBA42D4D9FF23E37202490FF0BB
:107CE00059FED3E79D77010145780101012A70B55E
:107CF0000C460646114605D9931E012B68D940F261
:107D00007B2106E00521E9F795FF054618B940F209
:107D10001D2177204AE0503011F016FD002840F078
:107D2000A680237EAA7A62F303032376AB7C13B981
:107D3000EB7A03F00103227E63F304122276FAF752
:107D400083FB237E60F347132376E87DF7F71CFA65
:107D50000138C0B2022826D8464B05F10C011B5C45
:107D60006376AB7C23BBEB68C4F81A308B88E38363
:107D7000E37840F2E2426FF3C713E370AB6FB3FBFB
:107D8000F2F395F89220A380A37A62F34713A372CB
:107D90002B680020C4F80B302B79E3736B792374C4
:107DA000AB7963740AE040F22F310620E8F798FEC1
:107DB000E87A0EF079FE082801D1122070BD04F196
:107DC0001A01FAF707FF0028D2D140F23E21A0E7BE
:107DD00011F069F8054603213046E9F72BFF064606
:107DE00015B940F2552194E710B940F2562190E7B9
:107DF000837D6A7B003B18BF01231B0143EA1213FA
:107E0000227E22F01F0213432376FAF71DFBA37A8A
:107E100000F0070060F34713A372237E60F347135B
:107E20002376287CF7F7B0F90138C0B20228BAD817
:107E3000104B04F11A011B5C6376B37F7BB1F07FBA
:107E4000FAF7B4FE0028B8D0E37840F2E2426FF3CC
:107E5000C713E3702B6FB3FBF2F3A38098E7D6F858
:107E60006930C4F81A30B6F86D308B80ECE74220E8
:107E7000A4E700BF8E5303012DE9F74F03780646B0
:107E80008A46D0F8049033B1B9F8D2301BB1012042
:107E900003B0BDE8F08F3046FFF7B8FC88469AF88B
:107EA0005A100746012904D98B1E012B58D90220EC
:107EB000EEE70521BAF85800E9F7BCFE0028F6D035
:107EC00090F82C30002BE2D1856F7B1EB0F87E102D
:107ED00000F11F0B2B44AAF87110D0E920401B1BA6
:107EE000B3FBF5F39BB201EB030CA3FB05351FFAC3
:107EF0008CF21C19AAF86DC0A2EB010245EB00053B
:107F0000002AB8BF5242012A04DD002B24DA4D4A70
:107F10009342BCDBB9F8D220A742B9F89830A3EB62
:107F20000203AAF87B307368B3F89820AAF86F2090
:107F3000DBF800109BF80400CAF861109AF865108D
:107F400060F304018AF8651078EB05013ED340F236
:107F5000FF217720E8F7C4FD3B4A9342DADD96E73C
:107F6000BAF8580010F09FFF024600289FD090F802
:107F70003530002B8BD1B0F8523000F1170BAAF836
:107F800071300133AAF86D30304B017C33F8114069
:107F90004FF47A7304F23F64B4FBF3F4D0E918357C
:107FA000903345F10005E4189AF85A3045F1000580
:107FB000032BAFD14030019211F08EFC0028A9D1E3
:107FC000019A136F1C1945F10005A3E7E41BB4F5F2
:107FD000960F0CD9D969A1F59603013B2344B3FB55
:107FE000F1F31A449BB201FB1344AAF86F20B4F5D5
:107FF000161F174F9AF85E204FF0000094BF002123
:108000000121BC4294BF00230123B4F5161F4FEA9F
:10801000431343EA81118CBF4FF416130023E31A74
:10802000BC428CBF4FF496741E24B3FBF4F402F0F0
:1080300080038AF85D40C4F304240B431C438AF890
:108040005E4025E7C1B4B3FF3F4B4C0080530301B2
:10805000C3BF0300154B5B6893F8DC0028B1B3F88D
:10806000D810B3F8DA2091421ED293F9E0202AB159
:10807000B3F8DE10B3F8DA20914214D2B3F8D4206A
:10808000B3F8D61091420ED2B3F8D20093F8A230D2
:1080900023B9052894BF00200120704782428CBF7D
:1080A0000020012070470120704700BFC812002146
:1080B000144B1B285B6883F8320116D8124AC24061
:1080C000D2071ED4112806D193F8342152B10022D0
:1080D000A3F8D8207047072813D0092811D01528F5
:1080E00005D10022A3F8DE207047242809D01E28DD
:1080F00007D0022881BF0022A3F8D820012283F8EC
:10810000DC207047C81200210010080970B5204D0E
:108110006B6893F8421209B993F87C1093F84322E4
:108120000AB993F87D2083F87C1083F87D20FF2224
:1081300083F87E20174B1B680BB1686898470021B5
:108140001348FAF789F9686844300FF060FC064676
:10815000686800F27511FBF729FA04216868F2F7E4
:108160006DF8686844300FF052FC864204460CD229
:1081700007F08AF90146A01B402838BF402009F0CB
:1081800061FBB0FA80F0400970BD0120FCE700BF40
:10819000C81200219C0600210A460146044808B581
:1081A00012F030F910B902480FF05AFD002008BD56
:1081B000C8120021104B0246187AC8B9012A0DD105
:1081C0005B6841F64B52D969914214D9B3F86C20DF
:1081D000B3F850309A420ED8F2F720B85A895207B5
:1081E00008D55B6893F8A000073818BF01207047D6
:1081F0000020704701207047C8120021C278012A70
:1082000007D10D4A5268B2F83E224272120A8272B7
:1082100070473AB9084A5268B2F846224273120AC5
:1082200082737047182A05D1034B5B68B3F840127C
:108230000FF009BA704700BFC812002138B590F896
:108240009E3004460E3B012B37D8B0F89830B0F87A
:10825000462201339BB29A422FD1038841F27072B9
:10826000002500F5E0704381D0F890304572A3F509
:108270007A719142114995BF4FF47A7240F2E2420D
:10828000B3FBF2F3B3FBF2F398BF03F550639BB279
:108290008381B0F89430C381B0F8963003820FF038
:1082A0007CFB84F8445202212046FAF737FE032172
:1082B0002046F1F7C3FF84F89E5038BD3B7E020193
:1082C000394A034608465189194370B5518103F074
:1082D0000301032904D140F608113620E8F700FC19
:1082E00013F0020118BFD060DC0748BF106121B154
:1082F000C178062923D00B292ED0990644BF082126
:108300001172DB054ED5536841F64B51C478DE69D6
:108310009D8C8E42B3F8982096BF4AF6C87106210C
:10832000B1FBF6F129445D8E012C01FB052292B2CE
:1083300019D1A3F83E22BDE87040FFF75FBF516836
:1083400091F89E401A2CD8D100240025C1E942455D
:10835000012481F8A440D0E7516891F89E40142C84
:10836000CBD10024F5E714B9A3F84622E3E7182C93
:10837000E1D1B3F8421299B193F84242E11E0129CA
:108380000BD893F87C10CD1E012D06D88C4204D05A
:1083900093F84312002908BF0022A3F84022CAE73D
:1083A0000A46FAE770BD00BFC812002110B50246A8
:1083B00008795168A0F1120491F89E30112C16D85A
:1083C000DFE804F009150915091515151515151718
:1083D000151B1515150E0121BDE8104010F018BE33
:1083E000292B04D1094B1B680BB11046984700207C
:1083F00010BD332BFBD1064BF5E72D2BF7D1054BE9
:108400001B68002BF3D00846F0E700BFA006002150
:10841000940600218C060021002908BF1F21252871
:1084200070B535D8112803D803283CD0002433E098
:10843000A0F11203132BF9D801A454F823F000BFC4
:108440009D8401012D8401019D8401012D84010180
:108450009D8401012D8401012D8401012D840101E0
:108460002D8401012D8401012D8401011385010159
:108470002D8401011F8501012D8401012D8401013D
:108480002D8401010385010103850101038501019B
:10849000FE2814BF00240224204670BD0021BDE840
:1084A000704010F0B5BD254D6B6893F89E20182ADA
:1084B00001D0152A3FD193F8E220002A3BD183F85E
:1084C000E12083F8DC2093F8EE3103F0FF0423B1C0
:1084D00040F25B313620E8F703FB6B681A8883F8BB
:1084E000EF11A3F8F02183F8F24183F8864268681F
:1084F000134900F5F3700FF047FA6B6883F89E405C
:10850000CAE7104B1C68002CC6D02346BDE870405B
:1085100018470D4B1C68002CBED01D20F5E70B4BF7
:108520001C68002CB8D0054B0A461F21586823460A
:10853000BDE8704018470224AEE700BFC812002112
:10854000577F02019806002190060021880600212D
:108550000E4B024609795B6893F89E30A3F1110037
:108560000C280BD9292B0BD01E2B0BD0052B0BD095
:10857000212B14BFFE201620FFF74EBF0320FBE780
:108580002320F9E71420F7E71220F5E7C8120021AD
:108590002DE9F341944C0E460746B4F80A80616811
:1085A00018F4007F01F190050CBFB1F8D220002330
:1085B00028460ABF0132A1F8D230A1F8D22010F02B
:1085C00012FC28B1434601F5B6722846FBF76CFE53
:1085D000638903F4C06343B1606890F8A23023B9A3
:1085E000012180F8A210F1F729FE002F40F09381BD
:1085F000002E40F090816289550711D5636893F889
:108600009E10032904D140F2C4413620E8F768FAED
:1086100093F8A010072902BF012183F8A0602175FB
:1086200090070FD5E368D878072808D0112821D003
:10863000FBF7CEFB034618B94FF4A361E5E76B4B9C
:10864000694898476389190740F19D80606890F8F0
:1086500032312A2B06D81B2B0ED8012B3AD0032BF4
:108660004CD06BB3636893F83221FE2A75D140F287
:108670002451CAE75E4BE3E71C3B0E2BF2D801A264
:1086800052F823F015870101658601016586010115
:108690006586010165860101238701012F8701019C
:1086A0006586010165860101658601016586010116
:1086B0004F8701016586010165860101158701016A
:1086C000B0F89820B0F84612521A1204CAD480F8B2
:1086D0004432C7E7B0F89830B0F83E229B1A1D0428
:1086E000C0D4D0F83822137813B940F229218CE78E
:1086F000013B1370002380F89E30B3E790F89E3062
:10870000152BAFD003F0FD03182BABD0002380F85E
:108710008632DEE7002380F85431626882F8DC306C
:10872000A0E7344B1B68002B9CD098479AE70023A6
:1087300080F85631304B1B682BB1606800F5AB7187
:1087400000F59C70984728480FF08AFA8AE72B4B6F
:108750001B68002B86D02448E7E7FE2283F83221ED
:1087600093F89E20262A34D027D80C2A2BD00E2A04
:108770002DD0636893F8A020082A01BF0222227539
:10878000002283F8A0206389D90749D56368256949
:1087900093F89E1093F8E20010F027FCD8B1EB7824
:1087A000023B0F2B71D8DFE803F016701616167017
:1087B00070707016701670707016402AD9D10A4801
:1087C0000FF04EFAD5E70D2283F89E20D1E70F2255
:1087D000FAE72722F8E72846FAF776FC80B9294617
:1087E00001480FF0A2FA1AE0C81200219B8F020183
:1087F000B78F02018406002148060021A40600214B
:10880000E8780D283BD011283BD007283BD0FBF758
:10881000CBFA03460028E2D02946A44898470646EA
:10882000237A1A0715D5636893F89E1093F8E2002F
:1088300010F0DBFB054650BB009069460320EAF7C9
:108840000DFA009B2BB11D720C2261680098FAF79B
:108850004DFE6068FFF7F2FC636893F83221FE2A50
:1088600059D193F8A020073A012A54D993F84031FE
:1088700003F0FF016BB10220FFF71AFC4BE08C4BB9
:10888000CAE78C4BC8E78C4BC6E70826C8E7082622
:10889000DFE7636893F89E2022B993F8D01059B1AE
:1088A0001220E9E7252A69D01ED8142A24D017D827
:1088B000032A29D0132A21D0113A0C2A2BD993F854
:1088C0009F20062A7BD8002A7DD0013A052A7AD833
:1088D000DFE812F09C00AB0093001A0179001C0144
:1088E0001A2AE9D10620C7E7312A57D0322A4BD0BD
:1088F0002E2AE1D12120BFE70B20BDE7D3F8582273
:108900000320C3F82021B7E793F8292183F8342105
:10891000072283F83221656895F8403123B995F82C
:10892000A030073B012B04D8B5F8D6300133A5F8A9
:10893000D63095F8DC1021B1B5F8D8300133A5F860
:10894000D83095F9E02022B1B5F8DE300133A5F832
:10895000DE30002F40F0DD82237D022B00F0D58237
:10896000012B40F07882636893F8A130002B40F02F
:10897000878200216068F1F761FCD2E21822A3F837
:10898000D81083F83221C6E70122112083F8342160
:10899000FFF78EFB636883F89E10BCE727206BE728
:1089A000142A10D8DFE802F04A4A0F0F8C0F0F0F7D
:1089B0000F0FB40F0F0F0F0F0F0FBBA8B9001F3A07
:1089C000D1B21429ECD9636893F83221FE2AA2D1DE
:1089D00093F89E20002A40F0758193F84432002BD2
:1089E00000F0A180636893F89F000FF061F9002800
:1089F00040F09980FFF75CFB64E193F8282183F84D
:108A00003421072283F83221002214E00C220021B5
:108A100083F8322193F8E320A3F8DE1042F001023C
:108A200083F8E32083F89F10CDE7132283F83221E7
:108A30000022A3F8DE2083F89F20C4E793F8433197
:108A4000002BC0D1636893F84231C3B1606890F8DD
:108A50009F3000F5A17100F24222262B2ED090F813
:108A60009E30263B012B8CBF002301230EF0D8FF44
:108A70006368202283F89F20002283F842216068E7
:108A800090F89F30202B9ED100F27511FAF78EFDE1
:108A900063681520B3F86620A3F83421B3F86A2080
:108AA000A3F83621FFF704FB6368C1E7C812002171
:108AB0005185010195900201AD8301010123D5E7A4
:108AC00093F84C21012A0ED193F84D315BB96368BC
:108AD0005A6FD3F84E11AF480DF042FD636818226B
:108AE00083F832216FE7636893F84C21022A7FF400
:108AF0006AAFD3E91D21EEE70021112083F834117C
:108B0000FFF7D6FA63688DE709227BE71B2279E736
:108B10002420FFF7CDFA636876E71E20F9E72720C7
:108B2000FFF7C6FA4FE7636893F886328BB1636844
:108B300093F8A3203AB193F8A43013B940F2E2516C
:108B400063E50A2056E7D3F858220320C3F8202112
:108B500050E7636893F853310BB108204AE7626825
:108B6000D2F88832BBB113F8512C012A02D040F25E
:108B7000FA514AE513F8283C13B140F2FB5144E5A1
:108B8000606890F8F6309B0601D51F2032E7824BD3
:108B90001B68984796E092F8523183B1626892F868
:108BA000E33013F0030140F08D800C2043F001030B
:108BB00082F8320182F8E33082F8521182E0636871
:108BC00093F8423133B3636893F8433113BB606861
:108BD00090F89F3000F5A17100F24222262B17D0A9
:108BE00090F89E30263B012B8CBF002301230EF012
:108BF00017FF6368002283F8422163681420B3F8EA
:108C00006620A3F83421B3F86A20A3F83621F1E6F0
:108C10000123ECE763685F4D93F84C21012A40F093
:108C2000A78093F84D31002B40F0A280636893F841
:108C30009F000FF03DF8002840F09A80606890F89F
:108C40007C104B1EDBB2032B09D890F87D20DFF897
:108C50004CE1013A1EF803C0D2B2032A03D940F214
:108C60000B310620D2E4BCF1020F90F84E3109D04E
:108C7000BCF1030F71D0BCF1010F01D1012B07D062
:108C80001620B7E6022B14BF00230123002BF7D0D8
:108C90001EF8022090F84F31022A60D0032A60D0DB
:108CA000012AEDD1012BEBD1B0F8983000F510720C
:108CB000B0F850010DF037FC0146002853D135487B
:108CC000F9F7CAFB636893F83221FE2A7FF423AEDA
:108CD00093F89E20002A7FF41EAE93F83C32002BBE
:108CE0003FF419AE636893F89F000EF0E1FF00288F
:108CF0007FF411AE6368B3F898300A2B7FF60BAEA1
:108D00006846FAF7B1F900283FF405AE6568052218
:108D1000684605F1A70109F06DFC002800F0988075
:108D2000D5F83832194611F8012B002A00F0898055
:108D30000522684609F05EFC00287FF4ECAD63680C
:108D40000120D3F83822137801331370FFF7B0F9FC
:108D50006368002283F83C22DDE5042B93E7022BB5
:108D6000A1E7042B9FE76B68282283F89E20A9E7E0
:108D7000636893F8543133B1094B1B680548984731
:108D8000FE289FD036E6636893F85E3153B11D200C
:108D900030E600BFC81200218C0600219153030168
:108DA0007C060021636893F8563143B36368092158
:108DB000B3F85801E8F73EFF18B9636883F8560125
:108DC000FCE690F8F03103F0FF021BB9636883F80A
:108DD0005621F3E690F8C831032B0DD8DFE803F0F5
:108DE0000707020A6B6893F85C3180F8F1316B6811
:108DF0000022ECE72220FDE540F2CF5105E4636854
:108E000093F86031C3B1636893F84432A3B96368DF
:108E100093F8F7305D0608D5444B1B68002B3FF4F0
:108E200051AF434898472720E4E5424B1B68002B8D
:108E30003FF448AF3E48ACE63F4B1B68002B9DD14A
:108E400040E70098C3F801009DF804300B7176E705
:108E500085F83C0280E75EB1F00658D4310758D45B
:108E6000B20758D1B30658D440F69711FFF7CDBBDF
:108E700009B3B5F8D810B5F8DA3099421BD92223D6
:108E80002B4885F8C130FBF715F8002302216068F4
:108E9000A5F89E3085F8A230F1F7D0F9636893F811
:108EA0003221012A3DD1D3F838221378BBBB40F6DA
:108EB000C811FFF7AABB2AB1B5F8DE20B5F8DA3041
:108EC0009A42DCD8B5F8D620B5F8D4309A420FD201
:108ED000B5F8D620B5F8DA309A42D0D295F8A2206B
:108EE000B5F8D23052B9052B7FF643AD3E23C7E724
:108EF000636893F84031002BC1D1E9E7B5F8D4207D
:108F00009A423FF636AD0823BAE71623B8E71E2388
:108F1000B6E73D23B4E72A23B2E72323B0E7013BBA
:108F2000137002B0BDE8F041F9F746BBA806002176
:108F3000C8120021AC0600215C060021F0B5002318
:108F40005A4D85B004462B702E46686000886B81B0
:108F50002B722B75F9F7EEFA6B681888F9F716FB88
:108F6000B4F82A226968013201F1900092B20DF042
:108F7000F6FE20B140F26D113620E7F7B1FD94F80E
:108F80009F30A4F82A02262B13D1B4F89830B4F8F5
:108F900040229B1A19040CD484F89F00FFF7B6F8FE
:108FA000B8B9002100240846FFF7F2FA204605B0C0
:108FB000F0BD94F89E30263B022B0AD8B4F840222C
:108FC000B4F898309B1A1A0403D4002384F89E3016
:108FD000E4E794F89E300C3B012B20D8B4F898308D
:108FE000B4F83E229B1A1B0419D4D4F8381204F1A9
:108FF000A60001310DF06CFE94F89E300D2B0BD1C4
:10900000D4F83822137813B940F29511B4E7013B34
:109010001370002384F89E30FF2384F8FB30FFF7A1
:1090200019F8044608B10124C0E76B6893F832715F
:10903000FE2F25D003A8F9F783FA10B940F2B471D6
:109040009AE732222146039809F0B0FB03210398E6
:109050000EF0E8F903983946037823F01003037003
:10906000FAF742F83A4603991048FAF7E3FCF9F7A1
:109070007DFA10B94FF4F8617EE70398FFF7BEF868
:109080000B4B0C4A00930C4B96E80300E9F7E0FB0E
:109090006B6893F89E1093F8E2000FF0A6FF044669
:1090A0000028C0D0E9F7CCFB80E700BFC812002140
:1090B00091850101C1820101B5810101B0F82A3217
:1090C0000B4470B5A0F82A3200F19006B0F8D23007
:1090D00004460D460B44A0F8D23030460FF083FE14
:1090E000A0B1D4F8C43030460B442146C4F8C43093
:1090F0000FF0ECF8D4E931239A4207D30023164944
:1091000004F5B670C4F8C4300EF047FC94F8DC30B7
:1091100023B1B4F8D8302B44A4F8D83094F9E03017
:1091200023B1B4F8DE302B44A4F8DE3094F840319B
:1091300023B994F8A030073B012B04D8B4F8D630FB
:109140002B44A4F8D6302046FFF778F8B4F89810EE
:109150000D44A4F8985070BD1782020108B5FAF7C3
:109160005DFC024B024A1A6008BD00BF7C0600216C
:10917000358F020108B5FAF723FC034B034A1A6046
:10918000034B044A1A6008BD900600219981010131
:1091900094060021D58F020108B5FAF77FFB064B34
:1091A000064A1A60064B074A1A60074B074A1A60BC
:1091B000074B084A1A6008BD8C060021E78F0201A0
:1091C00088060021D9EC00018406002181E300011A
:1091D0004806002151E3000110B5044C20684030DE
:1091E00010F0E9FA0023237110BD00BF181300210D
:1091F000024B1B790BB1FFF7EFBF7047181300212B
:109200002DE9F04FA54C93B082460E46236893F8A3
:109210002D503DB1D3F8882055786279954294BF9E
:1092200000250125B3F82880E288D88DA8EB020834
:109230009F7B5A6A4FF6FF731FFA88F89842019293
:109240003BD00A21E8F7F6FC814607230021A068FD
:109250008AF8003001238AF803108AF801300DF0F3
:10926000D7FF86B1236893F835604EBBB9F1000F84
:1092700028D099F81630012B05D099F84F30002BE3
:1092800014BF3B262326AD003246A06845EAC70539
:1092900005F00C0A5146D3460DF0C1FF15F004034A
:1092A000009316D02368D3F888100B7813F0C00F02
:1092B0000AD0FD210A20E7F713FC4FF00009C4E7AC
:1092C0000926E0E74E46DEE701230222A0680DF002
:1092D00075FF21688B7B2BB1022303220C31A06820
:1092E0000DF06CFFA0680DF08FFFC0F1FE07054682
:1092F000B845B4BF5FFA88F7FFB247450AD3009B71
:10930000002B5CD022686379D2F888200133527830
:10931000934254DA4AF010013246A0684FF0010A35
:109320008B460DF07CFFA0680DF06EFFC0F1FE07CC
:109330000546B845B4BF5FFA88F7FFB2092E41D1A0
:1093400008238DF80C3028238DF80D3023689A6B94
:10935000CDF80E2093F83C20DB8E8DF81220ADF86E
:1093600013303346072203A9A0680DF027FF6AF3E4
:10937000041B1BF0100F5FFA8BF171D0237B226866
:1093800098440023107C08F03F08ADF808308DF8B1
:109390000A30B8F1240F88BFA8F12408022884F805
:1093A0000C80237B03F03F0343F040038DF808302B
:1093B00027D014D8012861D040F257117AE74FF036
:1093C000000ABBE7364B1B68002BD0D0232E01D000
:1093D0003B2ECCD1226803A948469847C1E7C31E5B
:1093E000012BE9D89DF80A30022666F3471344F2B0
:1093F00090268DF80A3041F2BE13042808BF334688
:1094000008E09DF80A30012666F347138DF80A300C
:109410004FF4856349070CD504283D4431D1AD0193
:1094200005F53475D2F888301B78DB0003F0F803BB
:109430002B4403F5A5751E23042202A9ADB2A06832
:10944000B5FBF3F59DF80A308DF80950C5F30425F6
:1094500023F01F031D4303238DF80A500DF0AEFEC9
:10946000E1883A46019BA0680B4419460DF00BFFBA
:10947000E3881F44E78013B0BDE8F08F40F648034F
:10948000C8E7032803D12D0105F5E775CAE70228CF
:109490000BBF0B350A35AD00ED00C3E718130021F3
:1094A000B006002110B50A4C207B03F0C3FDA06874
:1094B0000021FFF7A5FE236800204FF4A5711A7C58
:1094C00004F0C4F8A068BDE8104004F009BA00BF79
:1094D0001813002113B500B921B902B0BDE810403E
:1094E000FFF77ABE19494B790A68013392F82D00CB
:1094F000DBB24B71E0B1D2F8880044789C4217D9B6
:109500000378002113F0C00F14BF9B0903238DF8CB
:109510000430037801A8C3F30402DB008DF80520B2
:109520008DF8063003F036FCFFF7BCFF02B010BD2B
:10953000108DCB88984203D1B2F852309382CCE799
:1095400002B0BDE81040FFF7ADBF00BF1813002107
:10955000054B002298601A71044B054A1A60054BAE
:10956000054A1A60704700BF18130021B406002195
:109570009C980101B8060021AC980101014B024AF8
:109580001A607047B0060021E9BE01011FB504460C
:109590009022002109F00AF9E8F768FC012201464F
:1095A000A0606846E8F7A6FCA068002201210AF046
:1095B000AAF902A8F9F758FD20B94FF4DC710A2086
:1095C000E7F78EFA02A904F116000DF081FB054BB6
:1095D0002464A3640023A3824FF6FF73E38504B0E1
:1095E00010BD00BFAC9801012DE9F04117463B4A80
:1095F0008846194632F817504FF47A72044605F53A
:109600007E550735B5FBF2F50FF01CFE00EB0803A5
:10961000FF2B04DD01288CBF03300430C0B2C143EE
:1096200094F82D30C9B208EB0106013E96FBF1F625
:10963000F6B22BB1D4F888205278964238BF16463D
:109640004044002E35D0042F20D0032F21D040F2EB
:10965000725240F6921C022F18BF6246013E042F40
:1096600006FB110002FB0652C0B215D1800100F5C5
:109670003470104443B1D4F8882013785278DB005A
:1096800003F0F80302FB0300BDE8F08144F2DA3294
:10969000E4E741F20832E1E7032F03D1000100F5CE
:1096A000E770E6E7022F0BBF0B300A308000C000E6
:1096B000DFE7042F04D1800100F534702844D9E796
:1096C000032F03D1000100F5E770F7E7022F0BBF6E
:1096D0000B300A308000C000F0E700BF9653030152
:1096E00073B56B4C06462379206023B140F29E216E
:1096F0000A20E7F7F5F90FF0B6FD00F5D075B06D6B
:1097000085420FD92D1A3046402D38BF40250FF025
:109710005FFD0146284608F095F800283AD1B36D60
:109720002B44B365256895F835307BB1EB8EB5F8E1
:1097300052209B1A1BB2002B22DC05F1380105F1E7
:1097400016000DF0C5FA002385F8353095F8343051
:10975000B3B105F138063046F9F786FC80B1052231
:1097600005F11701304608F045FF30B1012385F8B7
:109770003530B5F852300A33EB86002385F83430A3
:109780000023E38063712368D3F888303BB940F24B
:10979000AB21ADE702B0BDE87040FFF71DBD03F09F
:1097A0002DFB3C4B186804F085F8236893F90F00F3
:1097B00003F030FC2368FF20197C03F0BBFA236818
:1097C000186803F02DFC2068B0F8522050F8161BE2
:1097D0000DF096FA207303F02DFCA06804F080F8D9
:1097E0002368586804F060F8236803F1240198683E
:1097F0000AF0A6F888B123689A7B4AB19889C0F329
:109800000B000FF075F923689A8960F30B029A81B7
:109810002368002283F82C2004E0236893F82C307E
:10982000002BE8D10121A068FFF7EAFC236893F838
:109830002D20AAB1D3F88820002101A8137813F0B5
:10984000C00F14BF9B0903238DF804301378C3F3B2
:109850000402DB008DF805208DF8063003F09AFA3B
:10986000236800201A7C0C4B33F812104FF47A73E3
:1098700001F5FA71B1FBF3F1903103F067FD206857
:1098800040300FF08BFF0123237102B070BD00BF89
:1098900018130021B406002196530301C791020159
:1098A000BD910201D5940101F1910101679202017C
:1098B000D1910201E1960101D9910101D9910101F2
:1098C00031DC0101B991020108B50022034B1A6095
:1098D00003F07CFFBDE8084007F062B828130021C0
:1098E0000B2808B504D940F2B5310620E7F7F8F89F
:1098F000014B33F8100008BDA053030101490FF0DC
:10990000DBBD00BF9B96020101490FF0D5BD00BF32
:10991000239702012DE9F043044689B00F46914692
:10992000037C012B7ED102463F49007905F086FD7C
:1099300020B94FF4FA710B20E7F7D2F805F092FD49
:1099400005460E46F0F7F8FD49463846A762F0F79F
:1099500089FD0146804604F12000F0F747FD40F6FE
:10996000B8302D1846F10006B9F1010F4BD1F0F7D0
:1099700067FD8269002A4FD0206B7B1E904603440E
:10998000B3FBF0F34343DB1BD2E9000761EB0101BA
:10999000181841EB0701226BCDE90056F0F78AFD5C
:1099A0000746B8F924000221A4F844000EF0DFF8BD
:1099B000B4F844303F18A3EB0003A4F844304FEA56
:1099C000E07343F100037D1946EB0306F0F7BAFD9F
:1099D00020460FF083FC0027A36803905B68206893
:1099E0008DF8087098478DF811708DF81000CDE94A
:1099F000065602232374204602A90FF09CFC384629
:109A000009B0BDE8F083B8F1000FDFD098E80B0093
:109A1000181841F10001BEE7B8F1000FD6D0284672
:109A20003146B8E70C20EBE79B9602012DE9F047A1
:109A300086B00446174698460E9D037C012B4CD1F8
:109A400002462749007905F0F9FC20B940F24F2180
:109A50000B20E7F745F8B7F1C906BDF840304FF0E5
:109A6000000A48F1FF39A3857619BDF83C3049F169
:109A70000009A4F84030C4E9087804232374294677
:109A800020460FF0D2FCA36805468DF800A02068A0
:109A90001B68984700F5D870A36800EB45005B6829
:109AA000019020689847761B8DF80800694669EB9D
:109AB000E57320468DF809A0C4E90C78CDE904636C
:109AC0000FF014FC48B1049B059AC93342F100021F
:109AD0005B1942F10002C4E9083206B0BDE8F08724
:109AE00023970201024610B5072927D8DFE801F0C5
:109AF0000426261417202923438A013343820FF0BA
:109B0000C0FD936818B9DB68BDE8104018479B6832
:109B10001068BDE81040184783685B69F4E7094B9B
:109B20001B68002BF0D140F251110B20E6F7D8FF53
:109B300083681B69E8E74FF4B171F6E740F26511FD
:109B4000F3E710BD2813002138B504460D46037C09
:109B5000062B0AD1052303740E490246007905F04D
:109B60006DFC38B94FF44D7101E040F231310B20FA
:109B7000E6F7B6FF3DB1204600210FF0B2FCBDE88C
:109B80003840FFF7A1BE20460121BDE838400FF064
:109B9000A8BC00BF23970201418A10B50131848D12
:109BA000091B09040CD5D0E90810521A054963EBCA
:109BB00000038A4273F10003ACBF0120002010BDF6
:109BC0000120FCE70140420F30B5D0E90C14C56B11
:109BD000511A63EB04048D424FF00001A1410CD3F4
:109BE000D0E90810521A064963EB00038A4273F168
:109BF0000003ACBF0120002030BD0120FCE700BF06
:109C00000140420F014B1874704700BF2C13002114
:109C100010B5B0F8A2000C460F21E8F70BF830B1F0
:109C2000447610300249BDE810400DF0ADBE10BDC5
:109C30009D7701011A2337B505460B7030F8340CB7
:109C40000C4615F82A2CA1F8030015F8323C4B718C
:109C500015F8313C8B7112B143F002038B7115F88A
:109C6000233C002B3FD00721E7F7E4FF18B940F26F
:109C7000DF110D203EE090F8353040F2E2414268BD
:109C800063748368B2FBF1F2B3FBF1F3A2747D223B
:109C9000E374C368B3FBF2F3237515F8253C2BB1CD
:109CA000013BDBB2032B22D8224AD35C637340F220
:109CB000E242EB6BB3FBF2F3E38195F85630237489
:109CC00055F8303CC4F8073035F82C3CA4F80B307C
:109CD0006B7AA37053B305F114000FF0AFFD58B1C8
:109CE00040F20921C5E76374A374E374D4E740F23A
:109CF0000B310620E6F7F4FE052135F8340CE7F7C2
:109D0000AFFF10B140F20D21B3E704238DF804300A
:109D100002238DF8053000209DF8043063F307001E
:109D20009DF8053063F30F2003B030BD04228DF899
:109D30000420EEE7E0530301F8B5174B1B68DE7D06
:109D40009D6E93F83840F31E012B1ED82401032684
:109D500004F5E7743046A5F5887504F09FF90F4BBC
:109D60000544304603EB86032C1B5F6804F09EF924
:109D7000C0F579704FF47A7303303844B0FBF3F0D8
:109D80002044BDE8F84003F0E3BD022E0BBF0B34C6
:109D90000A34A400E400DDE740130021E05303018E
:109DA00038B5104C0022236893F8375083F83720D9
:109DB000052D02D1188900F0D1FD206850300FF038
:109DC000C8FC08B1042D05D12068BDE838405030EA
:109DD0000FF001BD206801215030BDE83840FFF789
:109DE000B3BE00BF40130021034B1B6893F837300C
:109DF0000BB1FFF7D5BF70474013002170B5164D6A
:109E000006462B68188900F0C9FC044618B9FFF70C
:109E1000C7FF204670BD02F0F1FF104B186803F039
:109E200049FD2B68FF20D97D02F084FF2B6818685C
:109E300003F0F6F8304603F0FDF8204603F050FD3D
:109E40002B68586803F030FD2B680120C921DA7DAA
:109E500003F07CFA0120DDE740130021E006002139
:109E600010B5447D4CB980F845103C3005490DF0E3
:109E70008EFDBDE81040EDF7D1BB034BBDE81040AF
:109E80001B681847359C0101DC06002110B5134CF6
:109E9000236893F83A2052B9DA7D042A07D10121C8
:109EA00043F2D20083F83A1007F0CCFC18B1BDE8B9
:109EB0001040FFF775BF2268906E00F5435300F520
:109EC0003F5012331230936607F01AFC20B940F26B
:109ED0000A410D20E6F704FE10BD00BF401300212B
:109EE000014B024A1A607047DC060021119C0101F7
:109EF000044B054A1A60054B054A1A60054B064A91
:109F00001A607047C0060021E5B70101C4060021B0
:109F1000CDB70101BC060021C1B70101014B024AC6
:109F20001A607047E0060021CC06002138B50C46C7
:109F30000546A8220021204608F038FC284600F0FB
:109F400015FC41F6FF732581A383024B2465A365AD
:109F500038BD00BF80A3010170B5104D0C4607212C
:109F6000E7F77EFE2B68C3B194F83930ABB10C4BE8
:109F70001B6823B940F27E210D20E6F7B1FD98471A
:109F80000A2180B2E7F756FE10B940F28121F3E7CB
:109F90002B683E21BDE87040184770BDC406002103
:109FA000BC0600212DE9F0435E4D074685B00C4606
:109FB000286850300FF0C8FB78B1022138460DF008
:109FC0001CF92A680146107E0FF01BFD014600288F
:109FD0003FD000211046FFF743FF394628680FF0B5
:109FE0001FFDF9F705F8022C814607D002F03EFE6E
:109FF00001462868002250300FF061FB2B68DE7CA0
:10A00000AEB1032138460DF0F8F8631E012B0ED9CE
:10A010002A68137D5BB160B34178037801F00F01CA
:10A02000968B43EA0123F61A938318BF01263E4B11
:10A030001A683AB32A6892F839201AB31B6838466E
:10A040002968984780460EBB00BB631E5C425C419A
:10A050000BE002F150000FF0CFFB2868847D0CB1BB
:10A06000002402E01A21FFF7FBFE204605B0BDE800
:10A07000F0831E46DBE7022CF2D12B68188900F032
:10A080006DFCEDE7002EE0D04FF000082A680120BB
:10A09000B2F8623011890190CDE90268567E4A46D5
:10A0A000464038467642F6B2009600F089FB81467B
:10A0B00030B1B8F1000F03D02B68002283F83920AB
:10A0C000012CD2D0042138460DF097F80646B9F19C
:10A0D000000FD0D00028C3D082785F2A4FEA5211F7
:10A0E0002A6894BF114B0023D27D9CBF5B181B7E56
:10A0F0009A42C2D102F094FD96F90030B278002B5A
:10A10000737802F01F02ACBF1E214FF4967143EA30
:10A1100002234B431A1AB2F5877FAED39842ACD8CC
:10A120000424A2E740130021C0060021E0530301EC
:10A130002DE9F041354D07460E462B68188900F091
:10A140002DFB044620B940F253110D20E6F7C8FC60
:10A150001FB116B90DF02FF918B9BDE8F041FFF79E
:10A160001FBE237803F00F03072BF6D1E3789B097A
:10A17000F3D1032120460DF040F828B12B68427836
:10A180009B7AB3EB121FE8D12B6893F83730032B7F
:10A1900005D0052B13D0022B13D1002100E00121A3
:10A1A0002046FFF7FFFE2B68012883F837000BD00D
:10A1B00004281BD00028D0D04FF4CF71C5E702216E
:10A1C000EEE740F27F11C0E7114C226812B940F26D
:10A1D0008D11BAE707211889E7F72CFD10B940F275
:10A1E0008F11B2E72368BDE8F041184701462046C9
:10A1F0000DF003F8014628680B78C3F3050380F8D7
:10A200003630BDE8F04100F0C9B800BF401300216E
:10A21000C8060021F8B52E4D00232860503000F804
:10A22000163C0FF091FA20B12B68FF2283F83820FA
:10A230002BE02868C67D042E08BF03260FF0A6FB7E
:10A24000074607F0ABFA032E04463AD0022E0CBFA5
:10A250004FF47F704FF4FF608442394628BF0446B4
:10A26000204607F0EFFA2B6880BB9A6E032E22443B
:10A270009A6629D0022E0CBF04200820B4FBF0F40B
:10A28000FF2C28BFFF2483F8384028680FF0F9FB23
:10A290002868B0F8622050F81E1B0CF031FDFFF763
:10A2A000ADFD28B1FFF748FD286850300FF076FA71
:10A2B0002B685A7E002A14BF0322022283F837201B
:10A2C000F8BD4FF47F60C7E71020D7E70022ADE765
:10A2D00040130021002310B580F83A30FF230A4CC8
:10A2E00080F838300523206080F8373090F8360049
:10A2F000FFF784FD38B1206850300FF04FFABDE809
:10A300001040FFF719BD10BD40130021002370B5A8
:10A3100080F83A30FF23124E0D4680F8383005237E
:10A32000306080F83730008900F038FA044620B9F0
:10A3300040F20A310D20E6F7D3FB336893F836007C
:10A3400002F078FE336829460120DA7D02F0FEFF34
:10A35000204603F0C5FABDE87040FFF7EDBC00BF32
:10A3600040130021014946300DF011BB499902010B
:10A37000442302493C3043720DF009BB359C010176
:10A38000C39902018D99020115A20101A19D01014C
:10A390008D9E010131DC0101AD9A02012DE9F04FE2
:10A3A00004468BB00F4690F86030072B02D10FF0B7
:10A3B000A0FB7CE002F05AFC814602F031FC97F9E8
:10A3C00000307D784FF00008002BBB78029003F03E
:10A3D0001F03ACBF1E224FF4967245EA03253B785B
:10A3E0005543DA0914BF4FF496721E2213F0400F42
:10A3F00002EB050B019214BF32264FF4FA760BF0F4
:10A4000079FF8119584689B210F0C0FF039006F019
:10A4100057FC19EB0006A36F41F1000AD4E91C10A8
:10A42000691A60EB400089194AEB00008B4278EB17
:10A430000003039B01D22046B9E702981133484438
:10A440005A00039300F50170A84236D23D4904F149
:10A45000500002920FF008FAA16D206D096888473C
:10A46000019B029A03F5D877A16D8DF810801744EF
:10A4700049680744206D05978847039BC93E8DF8BE
:10A480001800A5EB030394F854004AF1FF318DF84E
:10A4900019809B1941F10001CDE9083104A906F0AA
:10A4A00009FD18B99F210C20E6F71AFBA766A36DDA
:10A4B000DB680BB0BDE8F04F184709F5D8739B4433
:10A4C000E37D042B21D0032B22D0022B40F6480041
:10A4D00008BF4FF4856093448344A06E83451AD827
:10A4E00097F900302046BA78002B7B7802F01F02E3
:10A4F000ACBF1E214FF4967143EA022301FB039186
:10A500000BB0BDE8F04FFFF701BF44F29020E2E747
:10A5100041F2BE10DFE7ABEB000B0121BBF1400FB6
:10A5200038BF4FF0400B584607F08CF9002882D115
:10A53000A06E5844A066A0F5807007F0E1F80028EE
:10A54000CED178E7079B02012DE9F047DFF898812B
:10A5500086B00C46D8F80070B8F80430C51BB5FBBF
:10A56000F3F5EDB203FB0577384609F019F8064616
:10A5700018B9E5210E20E6F7B3FA014605AA3846D8
:10A5800009F01CF8304609F01FF80C230646052197
:10A590005D43D8F808302B449888E7F74BFB002838
:10A5A00000F08F80F2791ABBB179DFF84091D9F8C9
:10A5B00000A0BAF1000F1DD0737903B9D1B1D8F85A
:10A5C000082005991544B279A88800922246D04700
:10A5D000002210F47F4FC4B2C0F30723727179D107
:10A5E000384608F0F3FF00286FD140F20D11C1E7A3
:10A5F0000021DAE7002A66D01C23DDF814A02370BE
:10A60000D8F808302B449B886380C37C002B69D02A
:10A610007388A4F8073033796372737CFF2B08D1F9
:10A620007F22A371A372002322716271E37204245A
:10A63000D6E7062150460CF0E0FD68B373785BB3B3
:10A6400090F90030237102213378504663710CF089
:10A65000D4FD18B303789B09A371F422D8F808300D
:10A6600004F10C0150462B441B7A0CF02AFED8F85A
:10A670000830E0722B441A7A1044187250460CF0DD
:10A6800018FED8F808301D442B7A834208D00123E5
:10A69000A372042401231DE07F23D3E7FF23DBE71C
:10A6A000737CA37200232B72D9F80030002BBED02C
:10A6B0002C2150460DF084FE0028B8D00123737180
:10A6C000E7E704468CE714468AE70021384608F09D
:10A6D000C4FE0023002064F3070063F30F2006B0DC
:10A6E000BDE8F0871C467BE744130021E406002107
:10A6F0002DE9F84305460E464FF48170122191462C
:10A7000008F029FE041E2CDB25B904F10C0070436F
:10A71000BDE8F88315F0030704D04FF492710E20C2
:10A72000E6F7DEF90C22DFF8408006FB04503946DC
:10A730007243C8F80050C8F80800A8F8044008F0B0
:10A7400035F8BE42E1D0B8F804504B46D8F80000C6
:10A7500012224FF4817107FB0500013708F0A7FDB5
:10A76000EFE74FF0FF30D3E74413002138B50A4D2F
:10A770000521E7F7B9FA04462B68A88804FB0030E6
:10A7800008F0B6FD0C20A968002344430A190B51B8
:10A79000D380138138BD00BF4413002108B50521C3
:10A7A000E7F7A2FA054B4FF481719A881B6800FB0A
:10A7B0000230BDE8084008F0ABBE00BF44130021E2
:10A7C0002DE9F04F87B08A46624C814605215046FC
:10A7D0009DF84480CDE901239DF840300093E7F7D0
:10A7E00083FAA3880546266800FB0366009BFF2BBF
:10A7F00009D1304608F054FE012833D100252846FF
:10A8000007B0BDE8F08F4FF0000B01223CE0C146DD
:10A8100058E0BBF1000F06D184F811B0A2F806B0E1
:10A8200041F805B088E09BF802309BF8010003F086
:10A830001F0350EA03230BBF0220012360746374DB
:10A840000BBFD3804C514B5182F8099074E0637C6C
:10A85000012BD4D0002323743F4904F108000DF0EC
:10A8600096F8CCE7042148460CF0C7FC8346002844
:10A87000CBD09BF802209BF8011002F01F0251EA96
:10A8800002230CBF012200220C20A1680392454341
:10A8900030464F5908F0FDFD18B9039A57EA0203F4
:10A8A000ACD00DF1120205A9304608F0A3FE0598C0
:10A8B00008F08AFE0446B8F1000FA8D048460CF014
:10A8C000F8FC8146234940F2726E886800EB050C63
:10A8D000BCF806204A44724590DC019BB7FA87F722
:10A8E000ACF806209DF84C207F092370029BA271D2
:10A8F00063809DF84820009B677000272371E271F8
:10A90000425967714AB1507C012806D117748A6890
:10A910001149505908300DF03AF80E4A91684A1919
:10A92000A2F804A0B8F1000F7FF473AFFF236374A3
:10A93000A2F8068041F8058001224FF4817130466B
:10A9400008F00FFE0546002881D173210E20E6F79E
:10A95000C7F800BF4413002149A5010170B50C24BC
:10A960000E4E0521E7F7C0F9B3684443185998B172
:10A970000379FF2B04D04FF4EB710E20E6F7B0F80B
:10A980000223437400250574054908300CF0FFFFCD
:10A99000B3681A19D5801D5170BD00BF4413002142
:10A9A00049A50101014B024A1A607047E4060021E3
:10A9B000ADBD010138B5164C23680BB1F0F774FA40
:10A9C00001F0D0FFA06890F83030022B04D1C030E5
:10A9D000BDE838400EF0FFBE0269037D013290F8F9
:10A9E0004C1043F10005A2FB012305FB0133DBB250
:10A9F0000FF03CF9A0680FF07BFB10B1A3680122B7
:10AA0000DA75A068BDE83840C0300EF0D4BE00BF93
:10AA10007013002138B5044690F84C100FF00FFA6F
:10AA2000054694F8303094F86500022B0CD103F001
:10AA30003DFB00F52143183303F2E7334FF47A70FE
:10AA4000B3FBF0F0284438BD034B33F8103003F566
:10AA50006E532033F0E700BF405403010C4B30B578
:10AA60009D6895F84C4095F84E50B1FBF4F2954234
:10AA70000CD990F8F850187B854207D104FB1211CD
:10AA8000587BC9B2431A5842584130BD0020FCE7F8
:10AA90007013002138B590F83030032B0ED190F8A8
:10AAA00065204FF47A70174B33F8122002F5FA72D2
:10AAB000B2FBF0F201F19000104438BDF9B1124D33
:10AAC000D0E93834D5E904051B1A64EB050458189D
:10AAD00044F10003801A63F10003002B04DA40F212
:10AAE00073114D20E5F7FCFF6FF0010282424FF039
:10AAF000000272EB0303E0DA4FF4BA71F1E7C92008
:10AB0000DBE700BF40540301701300210A4B37B547
:10AB10009C6894F83450A36D013D94F8362094F865
:10AB2000321094F894005D43646D00940FF070F956
:10AB3000401B03B030BD00BF7013002109B9FFF7FF
:10AB4000E5BF054B9B6893F83420891AD3E9153289
:10AB5000584302FB010070477013002170B5214E6D
:10AB6000B26892F83050022D39D1D2E93843D2E997
:10AB70003C12641A63EB0203241843F10003012C16
:10AB800073F1000204DA4FF4FA714D20E5F7A8FFE3
:10AB90004FF0FF32A2424FF0000272EB030302DAE1
:10ABA00040F2F511F1E7337EB3B90BF0A3FBB368C4
:10ABB00093F802210B2A03D940F2B5310620E5E7CC
:10ABC000094B112503EB420359890144204689B200
:10ABD00010F0DCFB284470BD32210846F5E7002068
:10ABE000F9E700BF701300214054030138B5044653
:10ABF00090F8650002EB410503F050FA94F86520E7
:10AC0000104B4FF47A7103EB82035A6A02F2E73277
:10AC1000B2FBF1F22A44851804F1C0000EF094FD55
:10AC200058B194F8953033B1012B08D040F27B3104
:10AC30000620E5F755FF1E231D44284638BD4FF476
:10AC40009673F9E7405403012DE9F04110F0100824
:10AC500005460E46314C15D0E069836D83B1A56879
:10AC600094F8203095F84C1095F84E50B3FBF1F263
:10AC7000954205D990F8F80001FB123320736373F5
:10AC8000BDE8F081A0680123C030237684F821302C
:10AC90000EF05AFD15F008073CD018B14146A068E7
:10ACA00000F094FD15F0400814D0FFF72FFF024686
:10ACB000A0683146C0300EF002FD002FE0D0B8F1A0
:10ACC000000F15D0F0F77CFA0146A068BDE8F0410E
:10ACD0000FF07AB9E36923B94FF4E9714D20E5F734
:10ACE000FFFE93F8F81094F82000FFF727FFDEE747
:10ACF0006B07C5D594F82230002BC1D1F0F760FA6C
:10AD0000A2680378517DC3F382038B42B8D001233C
:10AD1000D375B5E70028B3D1C4E700BF7013002195
:10AD20007FB5154B0E4605466846996891F84C402C
:10AD300091F84E2091F84D30B6FBF4F4A24296BF44
:10AD4000C2F101020023A41832469CBFE4B263435F
:10AD50000FF011F900989DF80420D5E900138842FE
:10AD600072EB030305D331462846FFF777FE04B0A4
:10AD700070BD0120FBE700BF701300212DE9F041F9
:10AD800016460546164F5DB1013105F1E808CCB213
:10AD9000BB6893F83520A24206D8D5F80051DDB93A
:10ADA000FF230025337004E093F83030022B03D0EA
:10ADB00034702846BDE8F08121462846FFF7B0FFF1
:10ADC0000028F5D023460134D5F8EC204146B86878
:10ADD000E4B20EF05CFFDBE7A5F58075FF21D2E75A
:10ADE00070130021F8B5204F0D461646BB6868B9B0
:10ADF000D3F890400CB1A4F58074B86890F8353061
:10AE0000AB420FD8FF230024337016E0D0F8004186
:10AE1000002CF0D1D3F890400CB1A4F5807401352A
:10AE2000EDB2EAE724B94FF481714D20E5F758FE01
:10AE300090F83030022B02D035702046F8BD2946FC
:10AE40002046FFF76DFF0028F6D0D4F8EC2004F17F
:10AE5000E8012B46B8680EF01AFFD4F80041002C28
:10AE6000C9D1BB68D6E700BF701300212DE9F04FB0
:10AE70000C469B463F4D002387B011462B60002CAB
:10AE800060D0AB680DF1170293F89430BBBBFFF7AD
:10AE900075FF0446A868ACBB90F818A0BAF1000F83
:10AEA00050D02346D0F80C2100F584710EF0EFFE4F
:10AEB000AB680746D3F890400CB1A4F580744FF00E
:10AEC000000803F5867983F81880FF238DF8173082
:10AED00041469DF81700FFF731FEAB680646514624
:10AEE000184603930EF0DDFE6A6A3044904229D87A
:10AEF000039BB4B940F2E1214D20E5F7F1FDFFF7E6
:10AF000071FFC6E7A1469DF8173004F1E8014FF044
:10AF1000000A59F8EC2F0EF0BAFE94F8F8800746B4
:10AF2000D6E793F830309DF81720032B2C602A7158
:10AF300085F80580AF7108D123464A463946304628
:10AF4000F0F7E0F807B0BDE8F08FA6EB0B06642140
:10AF5000304610F01BFA0230864202D84FF43F719F
:10AF6000CAE723464A463946301ACDF800A0F0F722
:10AF7000FBF8E7E7701300212DE9F04F854C002323
:10AF800091B081460E46014694F8200084F82130A5
:10AF90000D92FFF7D3FD8246FFF7E0FDA5688346DB
:10AFA00095F83630022B97BFD5F8E8306B6D5B080B
:10AFB000963B984211D305F1C0000EF0C5FB38B1A5
:10AFC0003E21A06800F002FC012011B0BDE8F08F26
:10AFD0000821A06800F032FCF6E7B9FA89F12846AA
:10AFE00049090EF05EFE636A50449842ECD823682B
:10AFF000B9F1000F6ED1002B69D14B46D5F80C2169
:10B0000005F5847128460EF042FE0B90A1680027DA
:10B0100001F5867391F84C000D7DB8460E930B69CF
:10B0200091F83010A3FB0032032900FB05223D46B6
:10B030000CBFC6F8D030C6F8983002F0FF020BBF44
:10B04000D6F8D430D6F89C3062F3070362F30703D6
:10B050000CBFC6F8D430C6F89C3004230C93A36808
:10B060005A46514618460F93FFF714FD0F9B0146B1
:10B070002A4693F8300068330696CDE907630E9BA5
:10B0800005930B9B0B9104930C9BCDE90058CDE9E4
:10B0900002734346EFF710FF0B99002894D00D9BE5
:10B0A000002B75D0A06890F83030032B6ED00A4684
:10B0B0005946FFF79BFDEFF7ABFF364A3046534644
:10B0C00092F820204946FFF7D1FE00207DE7A379C2
:10B0D0000B939BE7002B44D194F8203006F1E80154
:10B0E000D6F8EC2028460EF0D2FD0B90A1680D9BFF
:10B0F00094F820200C9391F84C3091F84E0091F880
:10B100004D70B2FBF3F3984297BF1B1A002701332F
:10B11000DBB298BF5F4391F83030022B3B460CBF47
:10B1200006F1980006F1D0000EF025FFA06890F817
:10B130003030022B18D190F83450826D013D6A43B3
:10B14000D4E90453AD1A63F10008B5EB0A05D0F851
:10B15000E83068F10008E3FB075806F1EC030E93B2
:10B160007DE7A3790B93C1E70EF0BBFEA168C01B7E
:10B17000D1F8F0104FEAE07CA1FB0008D4E90432DA
:10B1800001FB0C881D1A62EB0808E6E7002092E735
:10B190000D981AE7701300212DE9F04310F0020713
:10B1A00087B08046854C11D0A068C0300EF0CCFA34
:10B1B0003D2138B1A06800F009FB07B0BDE8F043BD
:10B1C000FFF7F8BBA06800F039FBF6E7E669002E50
:10B1D00042D0A36894F8201093F84C0093F84E20C6
:10B1E000B1FBF0F0013A904215D193F83030032BC7
:10B1F00020D1D6F8D020304696F8D430013243F131
:10B200000003DBB20FF0F0FFD6F8D020304696F8FE
:10B21000D4300FF0ECFF18F001081FD0002FCCD075
:10B2200097F83130002BC8D1654907F129000CF09F
:10B23000AEFBC2E7D6F8985096F89C20D6E90003FA
:10B24000854272EB0303E6D33046FFF707FC002884
:10B250000CBF37460027DEE73746DCE7A06890F8EA
:10B260003030022B04D1C0300EF06EFA0028D5D158
:10B27000A36893F83020022A38D1DA7D7AB394F8A3
:10B28000222062BB93F84F5093F8321093F8362087
:10B2900093F89400029593F86550D4F824900195A2
:10B2A0005D6D00959B6D0EF0BAFDA0EB090905469A
:10B2B0000121484606F0C6FA58B9A0686562D0F880
:10B2C000D820C0304A448261012200F8A82C0EF038
:10B2D00065FA0123002284F82230A368DA75206819
:10B2E00020B194F8213033BBEFF7DEFD2568002D47
:10B2F0005DD1A3680DF1170294F82010304693F841
:10B3000094305BBBFFF73AFD9DF81730054684F893
:10B31000203030B390F8F880294601224046FFF7EC
:10B320002BFEB8F1000F00F1FF3308BF0025E561E7
:10B330005D425D4119E06379002BD7D02179FFF799
:10B34000EFFC0028D2D0EFF7AFFD02F0B5F923797A
:10B35000266884F8203000232360C7E7FFF742FD0A
:10B36000D2E7A3681A7EBAB90125A36893F83030F2
:10B37000022B02BFFF23237363733FB197F8313071
:10B3800023B90F4907F129000CF001FB002D7FF4D0
:10B3900014AF07B0BDE8F083FF22D3F890501876C1
:10B3A00084F82020002DDFD0A5F58075B4E723793F
:10B3B00094F8058084F82030AEE700BF70130021B8
:10B3C00061A602012DE9F04190F830200021734C74
:10B3D00086B0032AA060217684F82210216008D16B
:10B3E0000269037DFF2B08BFB2F1FF3F01D100F0DE
:10B3F00031FAA068B0F8D230C289C3819A1A037DAD
:10B4000091B20269521890F8301043F100030229FA
:10B41000026103F0FF0303755CD1FF2323736373A1
:10B42000A0680EF035FEA56895F83030032B5BD18F
:10B43000AA7D002A58D001272F76384606F0AEF9AB
:10B4400095F84C10804628460EF0F9FC95F83030FF
:10B450006062032B50D1AB7D002B4DD095F84F305F
:10B4600095F8362095F8321095F89400029395F8E7
:10B47000653001936B6D0093AB6D0EF0D0FC666A86
:10B480003946861B464528BF4646304606F0DAF95F
:10B4900038B9636A33446362D5F8D8303344C5F8A9
:10B4A000D830A36893F8942062BBD3F8900008B119
:10B4B000A0F580700DF11702FF21FFF75FFC9DF8EA
:10B4C0001730054684F8203018BBFFF773FA06B032
:10B4D000BDE8F08190F84C50A5FB022105FB031359
:10B4E000DBB20EF0C3FB9BE7032B4FF000020CBF57
:10B4F000012702272A76A0E795F8351028460EF096
:10B500009EFCBCE700210DF117020846FFF76AFC1C
:10B51000D5E701F073FCEFF7C7FC21492148EFF7AD
:10B52000B9FC05F0CDFB0022C4E90401294695F8D9
:10B53000F800FFF721FD064658BB95F8F81094F87F
:10B540002000E561FFF7FAFA0546FFF707FBD4F89C
:10B5500008800246074629464046FFF79BFA98F8BE
:10B5600030300246032B12D039464046FFF73EFBEF
:10B57000EFF74EFDA068C0300EF010F9E0692B46E1
:10B5800094F8202090F8F810FFF770FC9FE7304601
:10B59000EEE70120FFF700FE99E700BF70130021DE
:10B5A00099B1010149AC01010D4A03789268D17D3E
:10B5B00030B5447831B1517D00250131D57501F0A8
:10B5C00007015175517D03F00303127E01F007015D
:10B5D000447043EA810343EA4213037030BD00BF65
:10B5E00070130021024B014698680EF020BD00BF89
:10B5F00070130021014B024A1A607047E8060021CF
:10B6000010B60101014B1868704700BFE806002121
:10B6100015AA0101719B0201C5B30101699C0201D8
:10B62000699C020131DC0101759B0201282203465D
:10B6300010B50A700024427ACA7010F87F0C0C759D
:10B640000871002A51D113F8682C0A7213F8672C7C
:10B650004A7213F8662C8A7213F8502C4A7113F848
:10B660004F2C8A7113F84E2CCA7113F84B2C013AE7
:10B67000D2B2032A32D82148825CCA7213F87A2CDB
:10B680000A7313F8642C4A7313F8632C8A7313F843
:10B69000622CCA7313F8602C0A8213F8802C022AD9
:10B6A00021D19A6B40F2E240B2FBF0F24A8213F8E9
:10B6B0007E2C53F8203C0A75FBB1A3F58073002261
:10B6C000D0B2B3F8FA40D3F8003101EB4000A0F853
:10B6D000154093B1A3F580730132F1E740F20B31CD
:10B6E0000620E5F7FDF91A6CDCE70A21E6F7B8FA5F
:10B6F00018B14FF4D5714920F3E710BD7854030118
:10B700002A2238B50A700346427A002510F8800CC8
:10B7100002280CBF9C6B1C6CCA7013F87F0C0D7454
:10B720000871A2BB13F8680C487113F8670C887194
:10B7300013F8660CC87113F87A0C087213F8640CCD
:10B74000487213F8630C887213F8620CC87213F80D
:10B75000600C53F8203C888140F2E240B4FBF0F4E6
:10B76000CC8163B1A3F5807301EB4200B3F8FA40DA
:10B770000132D3F80031D2B2A0F81140F1E70A74D7
:10B78000084BFF221A700022074B1A7038BD0A219D
:10B79000E6F766FA0028F3D04FF4A8714920E5F7E0
:10B7A0009FF900BF2C00002198130021024B0022BA
:10B7B0001870024B1A7070472C000021981300215A
:10B7C000014B1878704700BF2C00002180F8B91099
:10B7D00090F8B8301BB90249B0300CF0D5B87047BA
:10B7E00001B70101F8B50E462C210CF0E9FD114D11
:10B7F0000446B0B92B780133DBB2052B02D82B708D
:10B800002046F8BD0C4F0A2128703878E6F712FA66
:10B810003E21FFF7DBFFFF232C703B7086F8394099
:10B82000EEE7002301202B70D6E92023C5E902238F
:10B83000E7E700BF981300212C00002190F8B830F2
:10B840002BB980F8B910B03001490CF09DB87047A1
:10B85000F99C020180F8B910B03001490CF094B89D
:10B860002DB6010180F8B910B03001490CF08CB848
:10B870001D9D02012DE9F04FDFF880B28DB0054625
:10B880000E469BF800000A219046E6F7D3F90446DD
:10B89000002800F07A82EA7E5F2A4FEA521197BFB1
:10B8A000974B00275B181F7990F84F30434504D021
:10B8B00025212046FFF78AFF61E22979CB0600F0B7
:10B8C000708290F835301BB1B3EB511FC0F2698222
:10B8D000EA7812F0F80F00F0648211F0E00F00F047
:10B8E0006082AB7A13F0F00F00F05B8295F801C034
:10B8F00028780CF03F031CF0400F40EA032000F0D2
:10B90000FA8040F26563984240F24B82AB7802F0D5
:10B9100007025B0043EADC1343EA422340F67C4221
:10B9200003F6FC73C3F30B03934200F23A82EB7A03
:10B93000013BDBB2FA2B00F234822B7DEA7C1B0147
:10B9400053EA121300F02D826B7C02F00F02A87CE8
:10B9500043EA002343EA0243FE2B40F222823F29BE
:10B960004FEA511210D90AAB95F82010E8690193FB
:10B9700008AB01F07F010093002306F0B5FDDDE97F
:10B980000A23134340F00D822B7903F01F025B0959
:10B99000B2FBF3F103FB1123002B40F00282AB7AE0
:10B9A000B1EB131FC0F2FD8104D0EB7913F0F00F5F
:10B9B00000F0F781D5F817300AA8EA7E190A8DF849
:10B9C0002830C2F304028DF82910190C1B0E8DF8D3
:10B9D0002C208DF82A108DF82B300BF093F80028CE
:10B9E00000F0DF8138460EF070F98146002840F003
:10B9F000D881EB7894F83310C3F3C402B1EBD30FC2
:10BA000000F2CF812B7984F83220C3F3040384F849
:10BA100036302B79C3F3421384F84C30EB79C3F3FF
:10BA2000031384F84D30AB7AC3F3031384F84E301C
:10BA3000EB7A84F85030AA796B79697A43EA022369
:10BA4000EA79A87C02F00F0243EA02432A7A42EA2A
:10BA50000122A97A636501F00F0142EA0142697C83
:10BA600041EA0021E87C9342A26500F00F0094BFF8
:10BA70000023012341EA0041E87CE165297D0901B9
:10BA800041EA1011A4F8521095F8201084F865705E
:10BA900084F89430C1F3C0116B7884F8641049467F
:10BAA000C3F3801384F84F8084F89530D5F80D00E7
:10BAB00008F046F9C4F80C01B5F8153094F83520B3
:10BAC0001B0284F81481A4F81690C4F81031FF23E7
:10BAD00084F81890637594F836300AB1934201D215
:10BAE00084F83530B8F1000F1AD05EB940F2433116
:10BAF0004920E4F7F5FF132806E700BF2C000021DA
:10BB000078540301336804F1780206F1080104F166
:10BB10003800C4F888307368C4F88C3000F024FD15
:10BB20002A7995F8201002F0E003E869C1F30601D4
:10BB3000202B40F0AC80013841F1FF310023AE787A
:10BB400001F07F0194F84F20A4F8D2307600E38111
:10BB50006B78206146EAD316EB78217503F0070372
:10BB600094F8651094F8500046EA432640F2E24308
:10BB70005E43C4F8E8600EF0BAF894F8322094F806
:10BB8000363002F1FF3CA26D616D05925A1E4A43A8
:10BB9000059901FB0C2294F84CC094F864101044F1
:10BBA000E26DB3FBFCF394F84EC02066A3EB0C03EC
:10BBB00094F84DC00CFB03F303FB06630344002918
:10BBC0006DD013444FF0060CA364D4F8FC300CFB8A
:10BBD00006FC63452CBFC4F8FC30C4F8FCC0002947
:10BBE0005FD0324402EB0008D4F89060002E5AD0A7
:10BBF00016F8081CA6F58076D5F80D0008F0A0F818
:10BC000096F8F830C6F8EC00B5F8152095F8201035
:10BC100043EA0223EA6986F8A870C6F89820C6F8B5
:10BC2000F030C1F30603D6F89C0001F07F0161F308
:10BC30000700C6F89C0094F864C0B4F8521086F867
:10BC400024C0B18294F85010A87CB17594F84C10BF
:10BC5000F17594F84E103176697C41EA0021E87C58
:10BC600000F00F0041EA0041F161D4F8E810C6F895
:10BC700010803162A16CC6E90023F160BCF1000FB5
:10BC800002D130460EF0C4FCD6F80061AEE752098E
:10BC9000002306F0D1FB013861F100014EE79B1A49
:10BCA00090E78046A0E7D5F817302046EA7E190ACB
:10BCB0008DF82830C2F304028DF82910190C1B0EE0
:10BCC0008DF82C208DF82A100AA98DF82B300AF057
:10BCD000FFFF94F8651094F84F2094F85000CDE9D8
:10BCE00006120EF004F894F894A094F8327094F8C8
:10BCF0003690079A069905905046D4E91586029227
:10BD00004A463346CDE9008139460EF088F894F86A
:10BD100030309630022B3BD1D4F8E830984240D8EE
:10BD20000598963080453CD386423AD3BAF1000F4D
:10BD300031D108FB09F8464533D36878B4F8D220EE
:10BD40002B7810F0400F00F03F0102F1070204F1E0
:10BD5000C00043EA012118BF4FF4967392B208BFA6
:10BD60001E23CDE9013294F834204B43013A06FBFF
:10BD7000023300930C4BD3E90223FDF757FEFF2358
:10BD800000228BF80030084B1A700DB0BDE8F08F20
:10BD9000D4F8F030C2E7BAF1010FCED17743B845FD
:10BDA000CAE7112185E500BF981300212DE9F7436B
:10BDB000804615461E469DF82890084619B98621EA
:10BDC0004920E4F78DFE0AB98721F9E72C210CF010
:10BDD000F7FA0446A8B9B9F1000F01D09121EFE7B5
:10BDE00000238DF804308DF805309DF804300020D4
:10BDF00063F307009DF8053063F30F2003B0BDE83F
:10BE0000F08303783A2B0BBF0127002700F12301B1
:10BE10000021B9F1000F03D03A460230FFF72AFDA6
:10BE2000002EDDD0627F5F2A4FEA521197BF2D4B63
:10BE300000265B181E7930460DF047FF0028CFD151
:10BE40002723A5F80380013E2B706379F6B2C3F374
:10BE5000C403032E6B71A379C3F30403AB7123797D
:10BE6000E2784FEA430343EAD213627902F0070211
:10BE700043EA4223A5F80730A379C3F342136B7258
:10BE8000637AC3F30313AB72237BC3F30313EB7225
:10BE9000637B227DAB81E37C43EA0223627DAB734B
:10BEA0004FEA1323EB7302F00F03627D2B74A37D23
:10BEB0004FEA031343EA1213A5F811300ED8094BC9
:10BEC0008DF805009B5DEB7494F822306F75C3F319
:10BED000C0132B7504238DF8043086E740F20B3134
:10BEE00006206EE7785403010346F7B520B940F207
:10BEF000A6314920E4F7F4FD90F84C500026DC8987
:10BF0000B0F8D2001F69001B1C7D013780B244F1DC
:10BF10000004C01944F10004A0FB05C004F0FF04B4
:10BF200005FB0400D2E91874D3F8E020D21BD3F843
:10BF3000E47067EB0404012A74F1000702DA40F2AE
:10BF4000B631D6E76FF00107974276EB040702DAC5
:10BF500040F2B731CDE7734FBA4274F10007CF78A2
:10BF6000ACBF4FF0010E4FF0000E6EF38617CF708E
:10BF70006D4F974276EB0404ACBF1E244FF49674C9
:10BF8000B2FBF4F2CC788A70C2F3052224F03F04AD
:10BF90002243CA7000228A738A7993F8364064F388
:10BFA000040265F347128A714A7A93F84D4064F3AC
:10BFB00007124A720A7B93F84E4064F307120A7321
:10BFC00093F850204A7393F8522002F00F044A7DF0
:10BFD00002F00F0242EA04124A75B3F85220C2F38B
:10BFE00007128A7593F85420CA7193F855200A7283
:10BFF00093F8562002F00F044A7A22F00F022243EF
:10C000004A7293F858208A7293F85920CA7293F8AA
:10C010005A2002F00F040A7B22F00F0222430A7317
:10C0200093F85C20CA7493F85D200A7593F85E203B
:10C0300002F00F044A7D22F00F02224393F864407D
:10C040004A7591F8222064F3C71281F822204A79B8
:10C0500093F8324064F3C7024A71D3F89820C1F8CC
:10C060000F20B3F89C20C1F81EC0A1F8172091F84A
:10C07000222060F3060281F8222093F86520013A1D
:10C08000D2B2032A34D829480244487FD27962F3D5
:10C090004710487740F2E240D3F8F020B2FBF0F2CC
:10C0A000C87802F0010400F07F0040EAC410C870B4
:10C0B000C2F34700C2F342220871487920F007001A
:10C0C00002434A715A79D3F801008DF80420C1F86F
:10C0D00019004A7F019860F304024A7793F84F20D1
:10C0E00052B92323013B0B702C234B7003B0F0BDDE
:10C0F00040F255310620FDE6D3F8882001F12B00EF
:10C10000C1F82320D3F88C20C1F8272003F1A00226
:10C11000B03352F8044B9A4240F8044BF9D13B2318
:10C12000E0E700BFC5BF0300C4BF030078540301AC
:10C13000054B98429FBF00F56170044B586000208A
:10C1400088BF1220704700BF00093D002C0000216D
:10C150002DE9F04F03788BB007460C460B704378FF
:10C160004B7090F8029081F80290B9F1010F0279BA
:10C17000C37898BF002543EA02234279CB704FEA87
:10C1800013234A710B71C388A1F8093088BF057B5E
:10C190008D73827BCA744AB100F10F0314311F30D2
:10C1A00053F8046B834241F8046BF9D1FB7A990789
:10C1B00000F18A8013F0010801D103F00408A8F10E
:10C1C000030341F28736DBB2022B2CBF4346042324
:10C1D00063733979FB7843EA0123797943EA0143B0
:10C1E000B34274D91E4640F2E241B6FBF1F6E68056
:10C1F0004E43B6FBF3F103FB1161002977D1B34243
:10C2000075D8797BE173F888FB2885BF00F1FA0CBB
:10C210004FF0FB0E8446BCFBFEFE81BF0EEB000C14
:10C220000CF1FF3CBCFBFEFC1FFA8CFCB3420CEB98
:10C23000000AA4F80BC00AF1FF3A9AFBFCFA03F1DA
:10C24000FF3C5FFA8AFEB444BCFBF3FC9CBF0CFBD2
:10C250000EFE5FFA8EFEBEF1070F84F810E05ED985
:10C260004FF0010E1FFA8AF1714584F80FE040D9B2
:10C2700041F2883C634511D940F2E24EB3FBFCFC2D
:10C280001FFA8CFC8C4528BF8C46B3FBFCF6B1FB37
:10C29000FCF1B6FBFEFEA4F806E02174217C072920
:10C2A0001CD8F6281AD8217C012917D8B34240F0AF
:10C2B000C6800D30A4F80B00B4F80B30FB2B28BF60
:10C2C000FB23A4F80B302CE04FF0020877E740F294
:10C2D000E24093FBF0F100FB113119B100200BB0EB
:10C2E000BDE8F08F1E44B6FBF3F65E437BE7012109
:10C2F00088E7D3D1FB21B1FBF0F1614534BFC9B26E
:10C300005FFA8CF121B940F261414920E4F7E8FB82
:10C3100001FB00FEBCFBF1F1A4F80BE0BDE7002936
:10C32000BFD1012394F810A04146B4F80B00637408
:10C33000002384F808A0D21AA37418BF01220DF0BC
:10C34000D6FC08AB4A465146029309AB05900193CF
:10C3500000902846E3880DF0D7FD227A94F804C0B7
:10C36000607CE57894F8109045EA0C25049094F8E8
:10C3700005C094F812A045EA0C4C049DA178B2FBCC
:10C38000F9F0401B40F2E2450AFB00FAE088DDE9E3
:10C3900008E36843551E0AFB000001F1FF3A0EFB5B
:10C3A00005F503FB0A55054405980544E07B002884
:10C3B0004CD06544B7F808A04FF47A7B0BFB0AFA1F
:10C3C000AA458BD3E07CCDF800E0003818BF0120EF
:10C3D000CDE90180A07BCDE906120DF020FD604B78
:10C3E00003EB4808B8F80C3003F2E733B3FBFBFB70
:10C3F0005C4B5B6803F505739B4458448642FFF42D
:10C400006DAF059B301A079A03F196080699C2F1A1
:10C410001F03BF7A01FB09F193FBF9F301FB08F855
:10C42000B0FBF8FBD8B2874228BF07465F453846C5
:10C4300028BF58461E280CD940F2BF4165E782BF8D
:10C44000B4F80B300533A4F80B3035E7A5EB0C0539
:10C45000B0E7AAEB0505049BB5FBF8F1C3F10F03A8
:10C46000DBB28B4228BF0B46834228BF03460E2B0C
:10C4700002D940F2C64148E70BB901202FE70499E1
:10C480004A44471E01F10101D2B2C9B2227261745D
:10C49000F3D0A5EB080506EB080A554507D2013B8A
:10C4A000DBB2194409FB032261742272E5E7B4F898
:10C4B0000B00C0B2E5F75EFE94F810C0604561461F
:10C4C000FFF40CAF411A142389B2B1FBFCF2B5FBA7
:10C4D000F7F1A1EB0801B1FBF6F1B3FBF7F6B2FB04
:10C4E000F7FE0F2E237A28BF0F26764528BF764603
:10C4F0008E4228BF0E4626B107FB0C33A67423726A
:10C50000BBE7B5FBFAF11429A0EB0C0028BF1421FE
:10C51000B94228BF3946914228BF1146012201FB8A
:10C520000C338842A274DBB22372A6DB607C01FB71
:10C530001A557F1AC0F10F02B5FBF8F55FFA82F8C1
:10C54000B84528BFB846A84528BFA8465FFA88F86E
:10C55000404408FB0C38607484F808808DE700BF05
:10C56000785403012C0000212DE9F041184B94B0C0
:10C570000024154608AF10220E460DF13008014682
:10C5800000970DEB0200CDE904340133029301332F
:10C5900003930123CDE906440DF0F0FD384610AFBA
:10C5A00002A901230422CDF800800DF0E7FD4146E9
:10C5B00030460123102200970DF0E0FD23460422AF
:10C5C00003A9384600950DF0D9FD14B0BDE8F081FF
:10C5D000314749420138C0B2032808B504D940F2B6
:10C5E000CF217820E4F77CFA014B185C08BD00BF2E
:10C5F0008E5403014068038800F2F310C172A0F862
:10C600000930027301490BF0C8B900BF79A20201D9
:10C6100008B500F0CBFA00F029FA00F005F8BDE803
:10C62000084000F0CBB800BF034B00214FF480520C
:10C630001970A3F801207047AC13002170B50646AD
:10C64000022014460D4600F02BFA064B0122033C53
:10C650001A70054BC3F81045C3F80865C3F80455B4
:10C6600070BD00BFAC13002100E00041022008B5FE
:10C6700000F016FA084B002208484FF0010C084958
:10C6800080F800C0C3F80021C3F80421C3F80821D2
:10C69000C3F8801008BD00BF00E00041AC130021CA
:10C6A00003000080104B1A785AB110490020C1F8DD
:10C6B0008000D1F800213AB91021002099705A70F9
:10C6C0001870002000F0ECB9D1F80421002AF3D052
:10C6D000D1F8082112B110210246EEE7D1F800147A
:10C6E0000122C9B2E9E700BFAC13002100E000411C
:10C6F000022008B500F0D4F9064B002201210648BB
:10C700000170C3F80021C3F80421C3F8082119609F
:10C7100008BD00BF00E00041AC130021184A1378A7
:10C72000002B10B5507818BF0220A0F10204B4FA13
:10C7300084F46409B3B1C823124A013BD2F8001152
:10C74000DBB241B1D2F8040120B1D2F80801B0FA4D
:10C7500080F0400910BD0BB1002CEED1FA213B2036
:10C76000E4F7BEF9C82300E01CB1013B13F0FF035E
:10C77000FAD10228F2D0431E5842584110BD00BFE2
:10C78000AC13002100E000410A4B1A787AB10A4B41
:10C79000D3F800214AB1D3F8042132B1D3F80821EB
:10C7A0001AB9D3F80004C0B27047102070479878C7
:10C7B000704700BFAC13002100E00041024B002293
:10C7C0001A809A70704700BFB01300212DE9F8431A
:10C7D000044601200E461D4690469DF8209000F02C
:10C7E0005FF904F00300284F40EA054040F08070F4
:10C7F000C7F80405C7F80865244E35710EF0F6FD3C
:10C8000038B9D7F8182522F0FF0242EA0802C7F823
:10C81000182500221C4B4FF4805114F0FB0FC3F875
:10C8200084201B4AC2F8081504D11A4AC3F8802193
:10C83000C3F88420B9F1020F21D8174A012C124BFA
:10C8400012F80920C3F8202506D00123022CF47029
:10C85000737009D9BDE8F8830E4A1049C1F8D02198
:10C86000C3F88C207470F470074B012200213270E1
:10C87000C3F80011C3F800121A60BDE8F88340F253
:10C88000E7113C20E4F72CF900E00041B01300214F
:10C8900000F000410C00008094540301008000412E
:10C8A0002B4B5A7870B5002A48D02A4A0125C2F885
:10C8B0000C15C2F81005DC789D701CB3042C19D03F
:10C8C0001978002935D01B790021023BC2F80411E8
:10C8D000012B05D820480323C0F85011C2F81C359D
:10C8E0001C494FF480521D481D4BC1F88400C3F809
:10C8F000042570BD00211D70C2F80411C2F8005259
:10C90000156070BD1B78F3B1C2F804414FF4805438
:10C91000134BC3F80445D2F8006116B15560C3F853
:10C9200008450B7803704B78043343708B78837021
:10C9300070BD4FF489713C20E4F7D2F840F2152124
:10C940003C20E4F7CDF8E6213C20E4F7C9F800BF2D
:10C95000B013002100E0004100800041050000808C
:10C9600000F00041104B1A78CAB100220F4910485C
:10C9700010B44FF48054C1F88420C0F80845A0F5E5
:10C98000E040C1F88021C1F88420C0F8D021C1F86E
:10C990008C201A70002210BCA3F8012070470022DE
:10C9A000A3F80120704700BFB013002100E0004150
:10C9B00000F0004108B50B4B1B784BB10A4BD3F884
:10C9C000042152B1D3F80004003818BF012008BD7B
:10C9D00040F27B213C20E4F783F84FF41F713C20A8
:10C9E000E4F77EF8B013002100E00041F8B5184BE1
:10C9F0001B783BB3174CD4F8043113BB164B0222FF
:10CA0000C4F804231F691A6907F0100742F01002E6
:10CA10001A61D4F8043153B9104E4FF48045C6F86A
:10CA200080510EF0E7FCD4F80431002BF7D027B981
:10CA3000094A136923F010031361064B0222C3F85D
:10CA40000823F8BD4FF423713C20E4F749F800BFF8
:10CA5000B013002100E0004100ED00E000E100E043
:10CA6000014B01229A60704700E0004138B54FF455
:10CA70008042094BC3F88020BFF34F8FBFF36F8F05
:10CA8000064C0025C4F80055C4F80055FFF76AFFAE
:10CA9000C4F8805038BD00BF00E100E000E0004174
:10CAA00070B5124D00260446C5F80065C5F800654E
:10CAB000FFF758FF012CC5F8806006D0022C0BD080
:10CAC0004CB182213D20E4F70BF80222084BC5F857
:10CAD0000025C5F8143570BD0321054A054BC5F87E
:10CAE0000015C5F81425C5F8803070BD00E0004180
:10CAF000B813002103000080094B9B78012B0CD058
:10CB0000022B09D1830706D406490020064B0122D7
:10CB1000C1F840051A61704770474207F4D5704765
:10CB2000C814002100C00041008000411C4A431E7F
:10CB300010B582F82400032B2DD8DFE803F0271965
:10CB40000A02184B0522C3F8102505F0F9FB40B97D
:10CB500010BD144B0622C3F8102505F0F1FB002888
:10CB6000F6D0114A0F4BD2F88020C3F8882510BDAB
:10CB70000C4C0423C4F8103505F0E2FB0028E7D084
:10CB8000094BD3F88430C4F8883510BD054B032217
:10CB9000C3F81025D9E740F625513E20E3F7A0FF62
:10CBA000C8140021008000410000FF01682200211C
:10CBB000094810B505F0FAFD41F21114074B0022A7
:10CBC0004FF08240AA21C0F8004EC3F8402EC3F8AF
:10CBD000442EC3F8001E10BDC8140021007000418F
:10CBE000962808B507D89528054B8CBF002201224E
:10CBF00018851A7008BD40F203213E20E3F770FF4C
:10CC0000C8140021024B185C00F51660704700BF85
:10CC100098540301014B93F848007047C814002151
:10CC20000B4B0C4A10B493F84810D3E9103002EBC8
:10CC30008102C01AD36B116D03F2E733946A064A7E
:10CC40005B1A204410BCA2FB032300EB9310704737
:10CC5000C814002198540301D34D6210024B586C44
:10CC60001B6BC01A704700BFC81400210A490B4A49
:10CC7000086C10B491F84830094C02EB83020B6B3E
:10CC8000C01AD36B926A03F2F313801AA4FB032336
:10CC900010BCA0EB93107047C814002198540301F6
:10CCA000D34D62100D4A0E49106B10B492F8483003
:10CCB0000C4C01EB8301136C1B1AC86B896A00F2E0
:10CCC000F3105B1AA4FB0010D2E90E41A3EB901005
:10CCD000001910BC41F10001704700BFC8140021C9
:10CCE00098540301D34D62100F4910B591F84820B4
:10CCF000531EDBB2032B11D8086C096B0B4C401A86
:10CD00000B4901EB820201EB4303926AB3F86430F2
:10CD1000801AA4FB032300EB931010BD40F2A7215F
:10CD20003E20E3F7DDFE00BFC8140021D34D6210A2
:10CD3000985403010139124BC9B2032910B583F885
:10CD4000540013D80F4A104C02EB81010F4BCA6EEE
:10CD500014430F4A0243C3F81445C3F81825D3F807
:10CD6000503503F0F703032B05D010BD40F2E52149
:10CD70003E20E3F7B5FE4FF43F713E20E3F7B0FEEF
:10CD8000C8140021985403010801100000800041DC
:10CD90000000030208B5154A154BC3F8AC21027810
:10CDA000032A1DD1D3F81425012990F801C022F4DB
:10CDB000702210490CF03F0C0F4808BF42F40022CB
:10CDC0004CEA0000C3F814250A6A42F00302C3F8D3
:10CDD0000029C3F8100901230A6281F8643008BDF4
:10CDE00040F251313E20E3F77BFE00BF0600008099
:10CDF00000800041C8140021803202003F4B4FF4F4
:10CE0000807270B5C3F88020BFF34F8FBFF36F8F70
:10CE100000223B4801213B4D13463B4CC0F8FC2F00
:10CE2000C0F8FC1F05EBC3010133D1F800232240F9
:10CE3000824204D1D1F80023D1F804131160202BD1
:10CE4000F0D12F4D012340F2031040F25B61032229
:10CE50002E4CC5F83405C5F83815C5F83035C5F879
:10CE6000102584F8243005F06BFA20B1254BD3F857
:10CE70008030C5F88835224D40F201214FF48013EF
:10CE8000234AC5F850160026107CC5F8003201F080
:10CE9000C7FE05F0F7FC1F491F4BC5F8A81102316A
:10CEA0001E4AC3F8C820C3F8C41040F6F8311C4A23
:10CEB000C2F80415D3F84035A4F8486023636664CB
:10CEC00084F8556003F0FCFE2670D5F800290B4B62
:10CED00022624FF4807284F86460C4E90E019621E6
:10CEE00010202185A16EC3F88021C5F804031A60C3
:10CEF00001B18847BDE8704001F05EBE00E100E08E
:10CF0000008000410000FF0100F0FFFFC814002175
:10CF1000340000210300008000C0004106000080B2
:10CF200000F00041036870B51A0E344D1B02344EF8
:10CF3000C5F824250446C5F81C354368C5F83C35BA
:10CF4000037A86F82630437A807A5A1E86F854008F
:10CF5000D2B2032A4DD82B4901EB8202D16E2A4A64
:10CF60000A43C5F81425294A0243C5F81825D5F8FF
:10CF7000502502F0F702032A36D0032B86F824301E
:10CF80002ED0042B21D0022B0FD00323C5F810354F
:10CF900005F0D6F928B11E4A184BD2F88020C3F804
:10CFA0008825E37A86F8253070BD0423C5F810354E
:10CFB00005F0C6F90028F4D0154BD3F88430C5F835
:10CFC0008835E37A86F8253070BD0523C5F810351D
:10CFD00005F0B6F90028DED1E37A86F8253070BD79
:10CFE0000623C5F81035F3E74FF43F713E20E3F711
:10CFF00077FD40F2E5213E20E3F772FD008000411D
:10D00000C814002198540301080110000000030215
:10D010000000FF01014B83F825007047C814002170
:10D02000034B020E0002C3F82425C3F81C05704709
:10D0300000800041014B83F826007047C81400218E
:10D0400000B583B001AB01F0CFF803B05DF804FB8D
:10D050002DE9F047A34C82B094F85530DD0740F13C
:10D060002D8100284FF0000205460E460CBF042318
:10D0700002238DF806208DF8043002F005FA01280D
:10D080004FF0FF3088BF00208DF8050001A805F0A3
:10D0900023FC002840F00D8194F855304FF0010832
:10D0A000914F43F0020384F8658084F85530D7F837
:10D0B000003243EA0803C7F80032002D3DD0012DAD
:10D0C00076D08A4BD3F84C75238D952B00F20081D6
:10D0D00001A805F00DFC002840F0F580A3789DF82C
:10D0E0000420012B26D0022B15D0206B381A1DB13D
:10D0F000293002B0BDE8F0877D497E4A01EB460643
:10D10000B6F8903003F5FA73A2FB032300EB9310FB
:10D1100002B0BDE8F0879307E7D4744B0022C3F850
:10D120004025A3F5804301221A61206B381A002D97
:10D13000DED1E1E75207F0D5D7E794F826903046E4
:10D14000DFF8ACA1FFF7F2FC494630461AF8093087
:10D15000C7F808356B46C7F8549594F9252001F0B7
:10D1600043F89DF9000000F0A9FF9DF8010001F0CF
:10D1700047FD002840F098805C4B84F80280C3F89B
:10D180004C80C7F80080D3F84C75238D952B9FD920
:10D19000594807F128030AF17C01C36001F018FD2A
:10D1A0000130012894D940F226713E20E3F798FC23
:10D1B000731E94F8267084F82460032B00F28D808F
:10D1C000DFE803F055464102474B0522C3F810251E
:10D1D00005F0B6F800284FD1454BDA5D424BC3F855
:10D1E0000825C3F854756378012B4CD0434B0022BB
:10D1F000C3F800253C4B01203C490227D3F800220C
:10D2000042F48872C3F80022D3F8682542F4C022A1
:10D21000C3F86825A770C8645860238DD1F84C7591
:10D22000952B7FF655AF344807F129033449C36085
:10D2300001F0D4FC013001287FF64AAF4FF4E661DB
:10D240003E20E3F74DFC284B0622C3F81025BFE72C
:10D25000DFF894800423C8F8103505F071F8002831
:10D26000BAD0284BD3F88430C8F88835B4E71E4BC1
:10D270000322C3F81025ABE7224BD3F880201A4BCA
:10D28000C3F88825A8E7394601AB94F92520E07852
:10D2900000F0AAFF9DF9040000F010FF9DF80500C2
:10D2A00001F0AEFC0028A5D040F2CF513E20E3F7BC
:10D2B00017FC40F676213E20E3F712FC40F259714C
:10D2C0003E20E3F70DFC40F6AE213E20E3F708FCDC
:10D2D00040F234713E20E3F703FC40F625513E2036
:10D2E000E3F7FEFBC81400210080004100C00041AC
:10D2F00098540301D34D62103400002100400041D6
:10D30000145503010000FF010D4A92F8553043F017
:10D31000020382F855300B4B0B4A40B9C3F880200A
:10D32000D3F8002242F00802C3F800227047C3F885
:10D330008420D3F8002242F00402C3F80022704790
:10D34000C8140021008000410B0000802DE9F04F3F
:10D350000D4685B006469046002879D104238DF805
:10D360000E0003AF8DF80C3002F08EF801284FF05C
:10D37000FF3088BF00208DF80D00384605F0ACFA6C
:10D38000002840F0F480A84C4FF0010B4046DFF835
:10D390009C9294F8261084F865B00191FFF7C6FBC3
:10D3A00001994046DFF888A219F80130CAF808351B
:10D3B00002ABCAF8541594F9252000F015FF9DF929
:10D3C000080000F07BFE9DF8090001F019FC002820
:10D3D00040F00381217809EB480884F802B0012964
:10D3E00000F00081B8F89030924A03F5FA73A2FB7E
:10D3F0000323A5EB931511B98F4BCAF88030216B2D
:10D400008E4B29448C4AC3F84015C3F8C0212378B9
:10D41000002B67D0012B94F8553004BF43F0040370
:10D4200084F85530DA0704D59D0763D4580700F116
:10D43000A380824B0122DA64D3F84C0581426BD879
:10D4400000207B49C3F840050A6105B0BDE8F08FB4
:10D450000222002303AF8DF80C208DF80E3002F06D
:10D4600013F801284FF0FF3088BF00208DF80D0021
:10D47000384605F031FA8146002878D101236A4CFC
:10D480009E4284F8653040F0BF80404694F8268084
:10D49000FFF74CFB654B13F80820654BC3F80825D4
:10D4A000C3F854856378012B00F08580644BC3F882
:10D4B00000955F4B0221D3F8002242F48872C3F832
:10D4C0000022D3F8682542F4C022C3F868252278E8
:10D4D000A170012A93D0293D002A90D1564AC3F861
:10D4E00084208CE794F8553043F00202D80784F882
:10D4F00055209ED54E4BD3F8002242F00102C3F8CE
:10D500000022D3F8503503F0F603022B91D140F2FC
:10D51000FE513E20E3F7E4FA238D952B0DD9002E22
:10D520003AD0012E75D101F1290346484649C3601E
:10D5300001F054FB0130012861D8384605F0D8F9D4
:10D5400000286BD1A3789DF80C20012B54D0022B1E
:10D550007FF47BAF93073FF578AF38490020344B19
:10D560000122C1F840051A6105B0BDE8F08F40F610
:10D5700076213E20E3F7B4FA2D4B2F4AC3F88820DA
:10D5800003F58043D3F84031002B3FF452AF40F213
:10D5900005613E20E3F7A4FA01F1280329482A494E
:10D5A000C36001F015FB01300128C6D940F2267195
:10D5B0003E20E3F795FA41463B4694F92520E07872
:10D5C00000F012FE9DF90C0000F078FD9DF80D00B2
:10D5D00001F016FB00283FF46CAF40F2CF513E2023
:10D5E000E3F77EFAB8F89C30124A03F5FA73A2FB0F
:10D5F0000323A5EB931502E75207AED525E74FF4B9
:10D60000E6613E20E3F76CFA40F2C9713E20E3F791
:10D6100067FA40F234713E20E3F762FA40F6AE2139
:10D620003E20E3F75DFA00BFC814002198540301BF
:10D6300000800041D34D62100B00008000C000410B
:10D64000004000413400002114550301F8B5194D84
:10D6500095F8493043B304461646084654B1012CA8
:10D6600011D00027296B32462046791ABDE8F840D0
:10D67000FFF76CBE012B6F6C95F848100CD000F0D2
:10D6800035FD0744EEE7012B6F6C95F8481007D085
:10D6900000F05AFD0744E5E700F046FD0744E1E7E6
:10D6A00000F032FD0744DDE740F611013E20E3F7CC
:10D6B00017FA00BFC814002130B5404A1024404971
:10D6C0004FF48070D2F804530023C2F8084383B0AB
:10D6D000C1F880014FF480113A4C05F01005C2F8F2
:10D6E0000012C2F88830C2F88030C2F8843084F862
:10D6F0005530D2F85015C9B259BB238D952B04D99A
:10D70000A378012B50D0022B44D000232B4A94F84D
:10D710006410C2F8103123712380A37091B1C2F854
:10D72000AC31D2F8141584F8643021F47021236AE6
:10D73000C2F8141523F0030323492362C2F8003909
:10D74000C2F810191DB11D4B1022C3F8042303B0F9
:10D7500030BDFF218DF807100121C2F81031116191
:10D760009DF807304BB90CE09DF80730013BDBB268
:10D770008DF807309DF807301BB1D2F81031002B1F
:10D78000F2D09DF80730002BB7D140F651013E2072
:10D79000E3F7A6F901F02EFA01300128B5D940F6D9
:10D7A00068013E20E3F79CF901F01EFA01300128E0
:10D7B000ABD940F662013E20E3F792F900800041C8
:10D7C00000E100E0C814002180320200F8B5002218
:10D7D000304B314FC3F84825C3F84425C3F84025E2
:10D7E000C3F84C25FFF768FF01F0ECF997F86530B6
:10D7F0002BB105F077F8002841D187F865000020AB
:10D8000005F07CF8044600283ED1224D40F6F8325F
:10D81000224E234BC3F80825C5F8C401C6F888007A
:10D82000C6F88000C6F88400C5F8C800C5F8C40072
:10D8300005F040F800220023C6F8A841C5F8C04111
:10D840003C76C5F84845C7E91023164B4FF4807263
:10D85000C5F84445C5F84045C5F84C45C5F84841AC
:10D86000C5F84441C5F84041C5F84C41C3F8802093
:10D87000BFF34F8FBFF36F8FC3F88021F8BD40F225
:10D8800057513E20E3F72CF940F25A513E20E3F77E
:10D8900027F900BF00C00041C814002100800041EA
:10D8A00000F0004100E100E0014BC3F83C05704787
:10D8B0000080004138B50446074805F01FF828B934
:10D8C000064D94E80F0085E80F0038BD40F6B3011F
:10D8D0003E20E3F705F900BFF9CA01013415002124
:10D8E00008B5174B174993F85520C1F8040542F0C5
:10D8F000010C1865900783F855C010D5D1F8003297
:10D9000043F00103C1F80032D1F8503503F0F603BB
:10D91000022B06D140F2FE513E20E3F7E1F8530717
:10D9200000D408BD084A094BC1F88820D3F840311B
:10D93000002BF6D040F205613E20E3F7D1F800BF9E
:10D94000C8140021008000410B00008000C000418D
:10D95000124B196B5A6C0844824210B518D201243C
:10D960000F4AD8615464D2F844151C764B1D83428B
:10D9700005D30C4BD3F8042102B91C6110BD002162
:10D98000094BC2F84411C2F84405C2F8C43110BDB5
:10D9900040F6C5013E20E3F7A3F800BFC8140021FC
:10D9A00000C00041008000410900008010B50F4C0C
:10D9B0000222034694F849C02276BCF1010F208D63
:10D9C00094F8481094F824200BD000F0EDFBE061AF
:10D9D000636C0021064A0344C2F84411C2F844357E
:10D9E00010BD00F0C1FBE061F2E700BFC8140021E8
:10D9F00000C0004130B4094A40F00044084D012302
:10DA0000C5F8044103FA00F00C60D36C05490343E8
:10DA1000C1F80405D36430BC704700BFC8140021AE
:10DA20000080004100F00041044BC3F86005D3F8CA
:10DA3000002242F04002C3F80022704700800041FB
:10DA4000054B0021D3F8002222F04002C3F8002247
:10DA5000C3F86015704700BF00800041044B0246C8
:10DA60000120D3F8483503F07F035B421370704701
:10DA700000800041F0B5214C02250F460346B4F862
:10DA800028C0164604F1080E2571BCF1950F83B02D
:10DA900007C88CBF4FF0000C4FF0010C676184F891
:10DAA00000C08EE80700587AE07036B9A3780122EA
:10DAB000AB42627004D003B0F0BD657003B0F0BD3E
:10DAC00001AB94F9252094F8261000F08DFB9DF908
:10DAD000040000F0F3FA9DF8050001F091F838B960
:10DAE000074AD2F8003243F48873C2F80032E2E702
:10DAF00040F2CF513E20E2F7F3FF00BFC8140021EF
:10DB000000800041F0B5214C01250F460346B4F8D2
:10DB100028C0164604F1080E2571BCF1950F83B09C
:10DB200007C88CBF4FF0000C4FF0010C676184F800
:10DB300000C08EE80700587AE0702EB9A3786570AF
:10DB4000022B05D003B0F0BD0223637003B0F0BD1B
:10DB500001AB94F9252094F8261000F045FB9DF9BF
:10DB6000040000F0ABFA9DF8050001F049F838B95F
:10DB7000074AD2F8003243F48873C2F80032E1E772
:10DB800040F2CF513E20E2F7ABFF00BFC8140021A6
:10DB90000080004110B51A4C82B0238DE170952BA6
:10DBA0008CBF00230123237030B9A3780122022BFC
:10DBB000627005D002B010BD0223637002B010BDC8
:10DBC0008C4601AB94F9252094F82610604600F0AD
:10DBD0000BFB9DF9040000F071FA9DF8050001F0BF
:10DBE0000FF838B9074AD2F8003243F48873C2F804
:10DBF0000032DFE740F2CF513E20E2F771FF00BF75
:10DC0000C814002100800041024B0022C3F84025C7
:10DC1000704700BF00C00041044B30B4D3E9164543
:10DC20001B6EC0E9004530BC0B607047C814002172
:10DC30002DE9F043B44B0121B44C83B0226B94F82E
:10DC40005470D964D3F84C65B61A03F0A5FD238D42
:10DC500000222666952BA065E26506D9A378012BE4
:10DC600000F0B581022B00F06E81A94B0022A9497A
:10DC7000C3F88820C3F88020C3F8842084F8552096
:10DC8000D3F80002227E0140C3F80012002A65D1B9
:10DC9000A378012B6CD0022B00F0838000259C4AD6
:10DCA000D2F81011002940F03D81A3F1010E984AED
:10DCB0000021BEFA8EFEC2F800114FEA5E1EC2F8C5
:10DCC0000C11C2F81011C2F80411C2F80811C2F800
:10DCD0006C118D4994F84900D1F848250228D1F8F3
:10DCE000441594F824C0C4E9101200F0CE80022B31
:10DCF00000F0CB80617884F848C084F8493000296E
:10DD000000F0DA8015F0110F40F06C81B1F10109DB
:10DD1000207994F8008018BF4FF00109012800F025
:10DD20001D81022840F0A9807B48FFF7FBF861695C
:10DD30000023B8F1010F2380A370237107D13B3674
:10DD40008E4248D8704A84F80080C2F84031484674
:10DD5000E2784FF00008FFF7F9FA3FE003F580435F
:10DD6000D3F84421A378003A18BF0122012B92D1A5
:10DD7000674AD2F80C01002840F0BC80D2F810515C
:10DD8000002D92D0C2F800019E46C2F80C01302549
:10DD9000C2F81001C2F80401C2F80801C2F86C010F
:10DDA00097E75B49D1F80C010028D1F8000407BFC0
:10DDB000042500210221062510F0010F18BF0D4691
:10DDC0002AB105F00B0145F0010541F001010029E0
:10DDD0007FF46BAF63E74E4BC3F8108094F8643068
:10DDE000A3B14B4B0022C3F8AC2184F86420D3F8D4
:10DDF000142522F47022C3F81425226A22F00302AB
:10DE0000C3F800292262454AC3F81029EE072CD432
:10DE1000A80707D415F0280F6ED1EB0627D5A36FFE
:10DE2000984724E03A4BD3F85034D90140F1C380ED
:10DE300013F4706F0CBF0122002213F0F00F08BF23
:10DE400042F0010212B91A0740F0B580304AD2F808
:10DE50005414C3F34252C3F30443022A98BF012B64
:10DE600040F0A980012900F0A680E36E9847A378CE
:10DE7000022B27D003B0BDE8F083002800F08C808F
:10DE800040F639213E20E2F72BFEACF103010129D7
:10DE90003FF630AF1E49D1F8141484F8493011F020
:10DEA000060F61780CBF4FF0040C4FF0030C84F8A0
:10DEB00048C000297FF426AF88462180A1702171D7
:10DEC00021768BE7237E002BD4D0022B00F09980A3
:10DED000012B40F0D580E369626C934240F2CB8025
:10DEE000094AC2F84435084B0D4AC3F8C42103B0AF
:10DEF000BDE8F0830825D8E685F02001636F404631
:10DF0000C1F340119847B2E700C00041C814002196
:10DF100000800041E2FEFFFFD014002180320200A9
:10DF200009000080002145F01005C2F800118E465E
:10DF3000C2F80C11C2F81011C2F80411C2F808118D
:10DF4000C2F86C11C5E600F055FE013001287FF6DD
:10DF50008CAE40F668013E20E2F7C2FD4B48FEF76A
:10DF6000E1FF94F84930002B76D0012B57D094F87C
:10DF700048304748216C00EB8300236BC26BC91A01
:10DF8000836A02F2F312C91A424BA3FB0232A1EBDD
:10DF9000921162691144CBE6208D002B61D00129DA
:10DFA0000192614623D0BEF1000F33D100F0CCF8CE
:10DFB000019A811822E0236D5B78BB4228D885F056
:10DFC0000400C0F38000236F414698474FE700F0FC
:10DFD0000BFE013001287FF648AE40F662013E207C
:10DFE000E2F77EFD4FF00008FFF766FBF6E6BEF1B4
:10DFF000000F2CD100F07AF8019A8118226B891A4F
:10E0000096E6636CE169244A0B44C2F844356AE73A
:10E010000020D8E700F078F8019A8118EEE794F82C
:10E020004820531ED9B2032920D8194B03EB820292
:10E0300003EB4103216B906AB3F86420236C591AF7
:10E04000144B091AA3FB022301EB9311A1E700F083
:10E050006BF8019A8118D1E74FF4EA613E20E2F7AC
:10E060003FFD40F611013E20E2F73AFD40F2A721C4
:10E070003E20E2F735FD40F61A413E20E2F730FD42
:10E0800040F619413E20E2F72BFD00BFD0140021DD
:10E0900098540301D34D621000C00041024B03EBC2
:10E0A0008003986A704700BF98540301024B03EB4A
:10E0B0008003186D704700BF985403010028094B76
:10E0C00008DD01220338C3F80025C0B2064BC3F8AF
:10E0D0000C0570470022C0B2C3F80025024BC3F8FC
:10E0E0000C057047004000410080004110B5044617
:10E0F0000846FFF7DBFF034BA3FB0030A4EB9010B7
:10E1000010BD00BFD34D6210054B0238054A33F8ED
:10E11000113003F2E733A2FB032300EB93107047A7
:10E1200054550301D34D6210054B064A33F81130A4
:10E1300003F57A73A2FB032300EB9310704700BF33
:10E1400054550301D34D621010B504460846FFF73D
:10E15000ADFF044B00F2E730023CA3FB0030A4EB20
:10E16000901010BDD34D621070B50D4E84461D4603
:10E17000104636F8111006EB82060535F4680C449B
:10E180004FF47A7104F6B73401FB0C440549A1FB46
:10E190000434FFF783FFA4092C44204470BD00BF62
:10E1A00054550301D34D621070B506460846154616
:10E1B000FFF77CFF0A4B4FF47A710246284603EBC7
:10E1C0008503DC68074B04F6B73401FB0644A41A48
:10E1D000A3FB0434FFF762FF0530A409204470BD9F
:10E1E00054550301D34D62102DE9F04F244C83B0F8
:10E1F000064698460D46174600F032FD23788146C4
:10E20000B34202D16378AB4224D0731EDBB2032B3E
:10E2100031D81C4A2946D05C0DF107033A4600F07C
:10E2200025FD824618BB9DF907B02846FEF7EAFC9B
:10E23000534602464146584600F0E8FCB8F8003024
:10E2400026706570A380A071A77084F8039003B056
:10E25000BDE8F08F94F90230BB42D6D1E378834217
:10E26000D3D1A38894F90600A8F80030EFE73D2148
:10E270007520E2F735FC40F25F410620E2F730FC02
:10E28000480000217455030138B50446002580F884
:10E29000285080F84D50C16D21B1034B186805F02E
:10E2A000EAFAE56538BD00BF44150021014B18604E
:10E2B0009980704744150021014B9888704700BF32
:10E2C0004415002170B5114E0446828AB3889A42E3
:10E2D00002D90725284670BD0CF025F9054600280F
:10E2E000F8D120460CF0C6F80138A4F88800306850
:10E2F00005F0B1FAE0650028EBD0A4F88A5084F864
:10E300008E50FF2384F82830E4E700BF4415002135
:10E3100038B50C4618B34B6A23B94FF41A71432031
:10E32000E2F7DEFB4D6A2B68A8424B624FF0000318
:10E330002B706B70AB70EB70EFD1094904F13E00AC
:10E3400009F031FB2B7C23B9D4F8C4300133C4F875
:10E35000C4302946606DBDE8384005F08CBA38BD40
:10E36000DDB10201022808B504D140F2D9214320D1
:10E37000E2F7B6FB0328074B0AD1002914BF02229B
:10E38000012283F820200022024883F8212008BDC2
:10E390004022F6E74A1500212DE9F84315461E46AE
:10E3A00004469DF82080D0E92C23AA42B34108D22C
:10E3B0000123217F404684F89A30BDE8F843FFF7F7
:10E3C000D1BF406A0028F3D0D0F80090D0E90223F2
:10E3D000AA4273EB06010AD2D4E92E71BA4273EB5A
:10E3E000010122D22146FFF793FF4846EAE7B342F4
:10E3F00008BFAA4219D1037C0133DBB20374037C4A
:10E40000012B09D1D4F8C0300133C4F8C030002347
:10E4100084F89A30BDE8F883037C012B82BFD4F8DE
:10E42000CC300133C4F8CC30F1E7954276EB0303EE
:10E43000DBD2B8F1030FBBD00022217FD4F8C0306B
:10E440009142074803F1010384F89A2080F82120C3
:10E45000C4F8C03014BF0223134680F82030D9E737
:10E460004A1500210D230B7001238B704FF0FF33F1
:10E47000CB700B71034B5A7AA1F8052000225A7217
:10E48000704700BF701500212DE9F04F467E00F166
:10E49000180A8BB09C46360905460C46002706F044
:10E4A000040604360AEB0603099384F87870D4E96D
:10E4B0001CE8D4E91A0194F87830002BF5D1D4F88F
:10E4C000A0300593D4F8A4300693D4E92A37C4E9E0
:10E4D0002801BEEB030368EB0709A769A3FB07B399
:10E4E00007FB0933D4F88870CDF81CB00293C31928
:10E4F0000893D4F88C30C4E92AE841EB0308089B60
:10E5000005995F1A069B68EB0309B7EB0B07029BA3
:10E5100069EB0309D4F890300393D4F89430049352
:10E520006B7E5B06C4E922792DD53E4B9B7A53BBAB
:10E53000039B9B18049941EB0C086169A1FB022025
:10E5400001FB0C0CD219217F4CEB0907002965D087
:10E55000D4E92801C5E90027C5E90201D4E92A0167
:10E56000C5E904010999C4E9222749781AF8062067
:10E5700042EA0122A4F898202AF80630C4E9243897
:10E580000BB0BDE8F08F00F06DFF6369B4F898C080
:10E5900001933AF80630A3EB0C039BB2012B17D181
:10E5A00094F811E04FF0000C019ABEF1010F38BF52
:10E5B0004FF0010E02FB0EFEBEF57A7E4CF1FF3BE2
:10E5C0001EEB070E49EB0B0B704571EB0B021FD3D3
:10E5D000059B069A13F57A7342F1000C079A9B1873
:10E5E000029A42EB0C0C089A9B1A6CEB080C181858
:10E5F00041EB0C01012871F100030BDB019A0023B0
:10E6000003F01AFF421C41F1000C039BD31891E761
:10E610001A46FAE701224FF0000CF6E7C5E9003888
:10E62000A0E700BF7015002103480449437A013375
:10E63000437209F0B2B900BF7015002165E4010111
:10E6400010B5044698B1C16D29B10B4BD86805F0DF
:10E6500012F90023E36594F83D3004F134000749D2
:10E66000013384F83D30BDE8104009F099B9BDE8A8
:10E670001040FFF7D9BF00BF701500214FB2020153
:10E6800070B504460025074EE36A53B1E16AF068AD
:10E690000B68E3620D704D708D70CD7005F0EBF876
:10E6A000F2E770BD70150021404B70B50546D86883
:10E6B00005F0D1F8044620B94FF4FD710720E2F7C8
:10E6C0000FFA90F8213000F12002002108306FF39A
:10E6D00086134376C3F3031303F004030433D618FD
:10E6E000D1540023002271702946FFF7CDFE2B7F05
:10E6F000002B41D0EB6C1A0A337172711A0C1B0E8D
:10E70000B271F37195F84830E96C012B37D0022BC8
:10E7100042D000231A1D01310836E964C2F30521F5
:10E7200084F8222094F8232022F03F020A43022199
:10E7300084F8232094F8212061F3051216F8051CB3
:10E7400084F8212021F00F01C3F3032206F8063CD0
:10E750000A4306F8052C042293421FD80023237095
:10E760006370A370E370EB6AEBB9EC6228462C632C
:10E77000BDE870400CF070BBD5F89030BBE7AB89BA
:10E78000043B9BB233B1B1FBF3F203FB121305332D
:10E790009BB2BFE70423FBE7AB89BBE706F8012B7D
:10E7A000013292B2D8E72B6B1C60DFE770150021B5
:10E7B000024BD86019745A82704700BF701500214F
:10E7C000014BD86805F041B870150021024BD8689C
:10E7D000003818BF0120704770150021024B1A7CC9
:10E7E0005B8A02700B80704770150021034BD8685C
:10E7F00010B1588A083880B2704700BF70150021E8
:10E800002DE9F347DFF894820546D8F80C3023B998
:10E8100040F20E310720E2F763F96B7800220078AE
:10E8200001A903F00F03019240EA0320ECF7F6FC84
:10E830000646002840F02E81019C94F82030002BE1
:10E8400000F09F806978E26DC1F300179AB3002F42
:10E8500000F0978092F821C04FEA1C1000F00400ED
:10E860000430104490F822E090F8233092F822000F
:10E8700092F8232003F00F0302F03F024EEA032335
:10E8800040EA02201CF0400218BF042295F803E081
:10E8900095F802C00EF03F0E4CEA0E2CB8F812E0CC
:10E8A000F44576DC11F040011AD017B9BCF1070F1E
:10E8B0001BD8122666E0002F63D10A0902F0040279
:10E8C00004322A44D378907811F0400203F00F0309
:10E8D00018BF042240EA03230CBF10463046D5E798
:10E8E000BCF1030F01D8002FE3D0A7899F42E0D3EA
:10E8F000043360441A449042DBDC00294DD098F880
:10E900000AA0BAF1000F48D1D4E9227900F0AAFD9B
:10E910006B6810F1004241F1000C9A427CEB010C53
:10E920001FD20139DB1B61EB0901012B71F10002E0
:10E9300031DB62695008C0184FF0000341F100015B
:10E9400003F07AFD82468946E36D53BBD8F80C008C
:10E9500004F081FFE06520BB5149524809F01DF8E1
:10E9600013E010F1004C61F1000C934271EB0C02CA
:10E97000D8D24FF0004282427AEB010238BF013117
:10E98000D0E70C262046FFF75BFE304602B0BDE81C
:10E99000F0871126F6E74626F4E74FF0000AD14645
:10E9A000D2E7EA78AB7802F03F02E76D43EA022251
:10E9B0006B7807F12000DB0620D40432294603F0EF
:10E9C0007FFE97F8213003F03003202B57D15246B9
:10E9D0004B46214607F10800FFF756FDE36D002284
:10E9E000E16A1A705A709A70DA70002944D1E362B1
:10E9F00020462363E2650CF02FFAC6E797F8231050
:10EA000097F8223001F03F0143EA0123B8F81210D1
:10EA100003EB020C8C4504DD20461126FFF710FEA7
:10EA2000B3E70433291D184403F04AFE97F8233056
:10EA3000E97803F03F0297F822C001F03F0123F08C
:10EA40003F034CEA022CAA7842EA0122944487F858
:10EA500022C0CCF3052C43EA0C0C87F823C06B785A
:10EA600003F03003302B01BF97F82130022262F30C
:10EA7000051387F82130A4E7216B0B60B8E794F801
:10EA80003D3004F134000849013384F83D3008F08A
:10EA900087FF7AE7FFF7C8FD77E700BF7015002111
:10EAA00047B20201841500214FB20201C36A10B5BA
:10EAB00004463BB1C36A1A68C26200221A705A70D7
:10EAC0009A70DA70994204D040F256310720E2F78A
:10EAD00007F8084BD86804F0CEFE94F83D3004F1F6
:10EAE00034000549013384F83D30BDE8104008F09A
:10EAF00057BF00BF701500214FB20201F8B50446A0
:10EB0000DDE90650FF2684F820601C4EA789768A2E
:10EB1000073EBE422FDD00260027C4E92067267F7E
:10EB2000E6B9551B63F100060027C4E92256A1FB94
:10EB300000050026121A63EB05034942C4E91A23B3
:10EB400060EB0000C4E92823636DC4E92467C4E9CD
:10EB50001C10C4E92A1023B10020F8BD15461E463A
:10EB6000E2E7A07BE3F70EFB60650028F4D184F8B0
:10EB7000200084F850000720EFE700BF7015002147
:10EB8000C16D10B5044629B1074BD86804F073FE77
:10EB90000023E3652046FFF773FD002384F820304F
:10EBA00084F8503010BD00BF70150021014B1B6868
:10EBB0001B681847EC060021014B1B685B6818476F
:10EBC000EC060021014B1B689B681847EC060021EE
:10EBD000014B1B681B691847EC060021014B1B68A1
:10EBE0005B691847EC060021014B1B689B691847BD
:10EBF000EC060021014B1B68DB691847EC0600217D
:10EC0000014B1B68DB6A1847EC06002110B4034C6B
:10EC10002468E468A44610BC604700BFEC060021ED
:10EC200000220E4938B50446134644FA02F0D5B224
:10EC30000132C00742BF581CCD54C3B2042AF4D1DC
:10EC4000C3F10402042B054D4FF0FF01D2B288BF7F
:10EC50000022E81803F0AAFD2C7138BD5C1A0021CF
:10EC6000014B187D704700BF90150021042810B596
:10EC700011D883B104280CBF10242824A1420AD241
:10EC8000064C54F8200018B141568A42A8BF0A46E3
:10EC900000201A7010BD6FF01500FBE790150021E1
:10ECA0000228034610DC10F1270F0FDB2830084A3A
:10ECB00040B2105C024492F92C209A4207D00029FD
:10ECC00018BF0130C0B270470F2070470020704756
:10ECD00078550301022808B506DCFFF7E1FF034B76
:10ECE000034493F92C0008BD0320FCE77855030189
:10ECF000014B01221A60704700500041044A012371
:10ED000053600023C2F80031024A1370704700BFFD
:10ED100000500041A5150021014B01221A707047D7
:10ED2000A5150021054BD3F8003123B9044B187801
:10ED300000F0010070470120FAE700BF00500041D9
:10ED4000A5150021024BD3F8080400F0010070471C
:10ED500000500041024BD3F8140400F0010070474A
:10ED600000500041024BD3F81C0400F00300704730
:10ED70000050004107490246D1F81804D1F8181490
:10ED800010F4803005D0D0B201F003031B1A5842B2
:10ED9000584170470050004170B5094D01260446A6
:10EDA0002E70FFF7BFFF28B9064B6E706C60C3F87A
:10EDB000046370BD002CFCD0A04700236B60F8E713
:10EDC000A815002100500041024B00221A705A7011
:10EDD0005A607047A815002138B504463830064DF2
:10EDE00080B2AC81288100F00FFB6881204600F0E2
:10EDF0000BFBE88138BD00BFA8150021014B188A24
:10EE0000704700BFA8150021014B1889704700BF4B
:10EE1000A8150021014B5889704700BFA815002193
:10EE200008B509B3F8B14FF0FF331A46E0FB0132E1
:10EE30000E498A4204D940F257116D2003F052F86E
:10EE4000180D4FF22441C3F30F1340EA0230B0FB18
:10EE5000F1F203EB0040064B03FB1200B0FBF1F0B4
:10EE600040EA0240013008BD0846FCE73F420F007F
:10EE7000000024F410B5EFF3108472B6064A937CB8
:10EE80000133DBB29374937C012B01D1FFF730FF88
:10EE900004B962B610BD00BFA815002108B5FFF780
:10EEA000E9FFFFF73FFF084A084B30B1012111612C
:10EEB0000422DA7400221A7508BD0321D9740121D5
:10EEC000C2F80413F6E700BF00500041A815002166
:10EED00010B5EFF3108472B6094A937C23B94FF44E
:10EEE000BA716D2002F0FEFF937C013BDBB293749C
:10EEF000937C0BB9FFF702FF04B962B610BD00BFE7
:10EF0000A815002137B5194C94F8203063B9606A10
:10EF100000F00300FFF72EFF30B1EFF3108372B65D
:10EF2000E27C1AB103B962B603B030BD0122E274CB
:10EF300003B962B680230E4DC5F808334FF4207331
:10EF4000ADF80630BDF806309BB25A1E92B2ADF84D
:10EF50000620002BF6D1C5F81C3184F82830FFF7C5
:10EF60009DFF8023C5F80433DEE700BFA81500210C
:10EF700000500041F8B5264C94F82930002B45D0BC
:10EF8000244BD3F80071D3F8046157B10122C3F8C0
:10EF9000082363782BB10025636865700BB198472F
:10EFA00065601C4D3EB10023C5F804310223C5F84D
:10EFB0000833FFF7A7FFD5F81C3194F82860F6B2A4
:10EFC00037B1E27C032A01BF0422E27401222A61E4
:10EFD0007BB1104B0022C3F81C21E37C042B04D02E
:10EFE00040F20B216D2002F07DFF0223E374FFF756
:10EFF0006FFF5EB1002384F82830E37C022B01D13F
:10F00000FFF74CFFBDE8F840FFF762BFF8BD00BF57
:10F01000A81500210050004110B5044C606A00F0B2
:10F020000300FFF7A7FE0028F8D010BDA8150021A7
:10F03000F8B5054650B10278022A07D8437842B99C
:10F04000013B1F2B02D88378212B07D96FF01500C5
:10F0500069E0002BFAD18378002BF7D1684B20228E
:10F06000C3F88020BFF34F8FBFF36F8F654EC3F897
:10F0700080214FF0FF33644CC6F808330023C6F8F4
:10F080000031C6F80431C6F81C31A374AB88238262
:10F09000FFF758FE10B101232370A374D6F80C2497
:10F0A000D6F80C34D60303D5D80701D5FFF734FEC4
:10F0B0004FF4AF60FFF790FE0123AA7863622B78CC
:10F0C00062750022012B84F8203022752CD0022B8F
:10F0D0002DD0002B38D1FFF73DFE00283ED0FFF7A2
:10F0E00041FE636A03F00303984237D1AB7983BBD7
:10F0F000FFF792FF637D63B12B7853B9FFF712FEE0
:10F10000054603F065F86FF00043002D75D0C4E9A3
:10F11000060301232022002084F82930384BE074B4
:10F12000C3F880211A60F8BD02236362D3E7FFF7BA
:10F13000A1FE344BD3F80C14D3F80C24C903F9D531
:10F14000D207F7D50323F0E740F25D316D2002F0DE
:10F15000C9FE2C4B0222C3F80423CBE7294E01231E
:10F16000F3600023C6F8043194F82430C6F818354B
:10F170000CF036F988B10123C6F84C350123B36091
:10F180000223C6F80433AB79002BB3D1D6F804338D
:10F190009B070FD44FF44571D8E70CF023F90028F2
:10F1A000E9D10CF021F90028E5D10CF01FF9002875
:10F1B000E1D1E3E7154B1F691A6907F0100742F028
:10F1C00010021A61D6F804310BB90CF014F90D4E87
:10F1D000D6F8043173B1FFF71FFF27B90B4A136943
:10F1E00023F0100313610223C6F808330023C6F886
:10F1F00004317FE70CF0FEF8EAE7C4E9063088E75F
:10F2000000E100E000500041A815002100ED00E001
:10F21000064B1A7810B5044632B901221A70FFF76E
:10F2200029FE2046FFF7B8FD002010BDD3150021B0
:10F2300010B5054C23782BB1FFF7C6FD00232370D2
:10F24000FFF746FE002010BDD3150021014B1879B1
:10F25000704700BFD8150021044B1A79824283BF42
:10F260001B68302202FB003000207047D8150021B7
:10F2700043F60952C0F30803400A02FB03F302FB02
:10F2800000F003F5807300EB532070470346C0F392
:10F290000800C3F34E221B0E43EA0123090E10B5EA
:10F2A0004FEA411C43F609544FEA431E4CEAD36C23
:10F2B00004FB00F0BEEB030E04FB02F200F58070CD
:10F2C0006CEB010402EB50204FEA841C4FEA8E12D3
:10F2D0004CEA9E6CB2EB0E026CEB040C4FEACC0CC9
:10F2E0004CEA527CD200D31841EB0C01DA03C9037B
:10F2F000801841EA534141F1000110BD48F2376CDA
:10F30000430B0CFB03F300B54FEA134C43F6095EC5
:10F310000F4B0EFB1C0000FB03F35B0D0EFB03FE0B
:10F3200003EB4C2343F6085CF444B0EB5C2F08D8A5
:10F330000EF5807E0B60A0EB5E20C0B210705DF811
:10F3400004FB013300200B6010705DF804FB00BF6C
:10F350006F0C010070B5274DA94246D84FEA507C8A
:10F36000254C43F6095E43F608564CEAC10CC0F33F
:10F370004F3101EB0C41A4FB0C5C204D4FEA9C3C4F
:10F3800005FB1C11A4FB01411D4C890B41EA0C41FA
:10F3900048F2376C04FB1104600B0CFB00F04FEAE1
:10F3A000104C18480EFB1C4505FB00F0400D0EFBF1
:10F3B00000FE00EB4C207644B5EB562F11D80EF52D
:10F3C000807EA5EB5E2E5FFA8EFE049D85F800E040
:10F3D0000D06090A281841F10001186059601460EF
:10F3E00070BD01304FF0000EEFE796219B2002F038
:10F3F00079FD00BFFF7F841E83DE1B43000024F4E1
:10F400000080841E6F0C010048F23761420B43F606
:10F41000095C094B01FB02F2120C0CFB12015002B9
:10F4200001FB0333013B5B0D0CFB03FCB1EB5C2FD9
:10F4300088BF0130184470476F0C01001F280CD89A
:10F4400000EB4003012010B4DB00054C04EB030C7F
:10F45000E15010BCCCF8042070470020704700BF7A
:10F46000E015002100F060BA08B5064B93F80023C0
:10F47000202A02D083F8280308BD2D21022002F0A3
:10F4800031FD00BFE015002108B5064B93F80023BD
:10F49000202A02D093F8260308BD3321022002F06F
:10F4A00021FD00BFE0150021094A92F80033202B0E
:10F4B00008D003EB4303032102EBC30052F83330BF
:10F4C000406818473E21022010B502F00BFD00BF36
:10F4D000E015002130B440494FF0FF344FF0FF35C4
:10F4E0000023FF223D480B700B618A70C1E9024581
:10F4F0004FF48054C0F88040BFF34F8FBFF36F8F3D
:10F50000374A4FF0FF35C0F8804101240B75546035
:10F51000C2F80853C2F84035C2F84031C2F8443549
:10F52000C2F844314FF40033C0F88030BFF34F8F3E
:10F53000BFF36F8F02F5A042C0F880315460946031
:10F54000D2F80435002BFBD188694FF4E024254D17
:10F550002349C2F80853C2F84843C2F840311F4C4F
:10F56000C2F84431C2F84831C2F80431C1F800325F
:10F570004FF40033236060B34FF0004301241A4D71
:10F58000C1F8C031C0F88030C2F880300523C5F81A
:10F590000445C1F840350C60D1F84031002BFBD058
:10F5A0000122114C0023C4F8082504F500544A60D8
:10F5B000CA60C1F84031C1F84035C1F8C031C0F867
:10F5C0008030C4F88030094B022230BCC3F80423D9
:10F5D000704701231360F6E71819002100E100E0ED
:10F5E00000C000410200070000F00041001001418E
:10F5F000014B9861704700BF18190021B1F1FF3F1E
:10F6000008BFB0F1FF3FF8B500F0A280B84CD4E9D4
:10F6100002538B4208BF854273D0B64B0522C3F814
:10F6200008252378012B6DD0B34B4FF4E0224FF423
:10F63000803620F07F47C3F84823C3F80823002210
:10F64000AE4DC3F84021C3F84421C3F80863C3F8A2
:10F650004863C3F84021D3F80425BA1A1540002D99
:10F6600071D022F07F42B2F5000F6CD8C3F840751C
:10F67000C3F844630022A24E4FF48057A270C6F82C
:10F680008070BFF34F8FBFF36F8F9E4B01254FF0FC
:10F69000FF3CC6F880715D60C3F808C3C3F840251D
:10F6A000C3F84021C3F84425C3F844212275D3F898
:10F6B000042522F00302C3F80425D3F8082542F0FC
:10F6C0000302C3F80825102292FAA2F2B2FA82F2DB
:10F6D000092A00F30881C3F81025DD60864AC6F8C0
:10F6E00080713760884E2570C2F8C061C3F88060B1
:10F6F0000423804EC6F804356370C4E90201C2F8E1
:10F700004853F8BD7C4A4FF4C0234FF4803720F0B3
:10F710007F4CC2F84833C2F808330023774EC2F852
:10F720004431C2F80873C2F84873C2F84031D2F8C5
:10F730000435ACEB0303334205D023F07F43B3F52C
:10F74000000F40F2BB8040F202316C2002F0CAFB95
:10F75000694BD3F8001100297BD0664A0521644C1F
:10F76000C2F808152278012A00F0B3804FF4E02196
:10F770000022C3F84813C3F80813C3F84021C3F8A4
:10F78000442100205E4A4FF48051A070C2F88010DE
:10F79000BFF34F8FBFF36F8F5A4D4FF0010C4FF0F7
:10F7A000FF33C2F88011C5F804C0C5F80833C5F8A6
:10F7B0004005C5F84001C5F84405C5F84401D5F831
:10F7C0000435207523F00303C5F80435D5F8083552
:10F7D00043F00303C5F80835102393FAA3F3B3FAF3
:10F7E00083F3092B7FDCC5F810354FF00043C5F8D3
:10F7F0000CC0C2F8801111603F4AC2F80001C2F883
:10F800008031C5F880303B4BC3F804C5EFF3108757
:10F8100072B6D2F80415D2F8043173B92669002FF4
:10F8200039D162B6D2F80031002B38D0C2F80001CD
:10F83000C5F804C0C5F80CC0E8E7236901332361AB
:10F84000C2F80401D2F80415D2F80431002BF4D127
:10F85000E4E7EFF3108072B6D3F80455D3F804212F
:10F86000234C62B9236900B962B64FF0807203205D
:10F870000021E3FB0201401941F10001C7E62269C2
:10F8800001322261C3F80411D3F80455D3F80421DE
:10F89000002AF4D1E6E7D2F80031002BC6D10131BD
:10F8A0004FF000034FF0807243F10003E6FB0213B8
:10F8B0004FF60272C4E902132280F8BDC2F840C5B7
:10F8C000C2F84473D2F80435EB1A33427FF4D2AE57
:10F8D000F8E74FF4C0220021C3F84823C3F80823F7
:10F8E000C3F844114DE740F29131084802F0F0FAB4
:10F8F0001819002100F0004100100141FEFFFF0037
:10F9000000E100E000C00041020000800059030156
:10F91000014BD3E90201704718190021014BD3F8BC
:10F92000040570470010014138B5EFF3108572B639
:10F930000E4A0F49D2F80405D2F804315BB1002415
:10F940000B6901330B61C2F80441D2F80405D2F807
:10F950000431002BF4D10C6905B962B6FFF788FCBD
:10F96000044B0021E4FB030138BD00BF001001413E
:10F97000181900210080841E30B4EFF3108572B690
:10F980000E4A0F49D2F80405D2F804315BB10024C5
:10F990000B6901330B61C2F80441D2F80405D2F8B7
:10F9A0000431002BF4D10B6905B962B600214FF088
:10F9B000807230BCE3FB0201704700BF00100141C0
:10F9C00018190021012838B510D800F11004820060
:10F9D0000121304B00F5A87002F5A072A14000246F
:10F9E000C3F8081343F82040D45038BD031FDBB2DE
:10F9F000022B49D8284A1178C1B94FF48031274ADF
:10FA000003F5A8709940C2F80813C2F8481352F8D9
:10FA10002000D2F804452249001B01400029E4D00F
:10FA20009B00002103F5A073995038BD547884429F
:10FA3000E3D11C4805240129C0F8084508D000245A
:10FA40004FF0FF304FF0FF311470C2E90201D4E7EC
:10FA500015484FF48054C0F88040BFF34F8FBFF378
:10FA60006F8F4FF0FF35C0F880410A480024416095
:10FA70001475C0F80853C0F84045C0F84041C0F8BC
:10FA80004445C0F84441DAE740F29D316C2002F071
:10FA900029FA00BF00C000411819002100100141DF
:10FAA000FEFFFF0000F0004100E100E0012838B552
:10FAB00020D8394BD3E90241B1F1FF3F08BFB4F17F
:10FAC000FF3F4DD0002A5CD0012300F110043349E0
:10FAD00003FA04F4C1F8044300F5A87441F82420A3
:10FAE00000248B64D1F84855C1F84845AA423FD953
:10FAF000184638BD031F5FFA83FCBCF1020F3BD8E8
:10FB0000254B197811B15B7883423FD04FF4803197
:10FB10004FEA8C03224D22F07F4403F5A07301FAD3
:10FB20000CF200211F48C5F80823C5F84823595195
:10FB3000D5F80435E31A184023F07F43401A18BF64
:10FB40000120B3F5000F88BF00200028D1D00CF5AC
:10FB5000A87345F82340C5F80423C5F8442338BDED
:10FB60001B7D002BAED140F22F316C2002F0BAF990
:10FB7000FFF728FF204638BD40F257316C2002F0D5
:10FB8000B1F940F233316C2002F0ACF940F253315C
:10FB90006C2002F0A7F900BF1819002100C0004135
:10FBA00000100141FEFFFF00144B1B78012B1AD0FF
:10FBB000134B4FF4E0210022C3F84813C3F8081395
:10FBC000C3F84021C3F844210E4B00224FF0FF310F
:10FBD000C3F80813C3F84025C3F84021C3F84425EF
:10FBE000C3F844217047064B4FF4C0220021C3F8EC
:10FBF0004823C3F80823C3F84411E5E71819002186
:10FC00000010014100C0004120B1174B0122C3F890
:10FC10004423704730B40121134C144B4FF48052ED
:10FC2000C4F84813C3F88020BFF34F8FBFF36F8F22
:10FC30004FF0FF34C3F880210D4B4FF0FF350D4AD4
:10FC400059601075C3F808434FF0FF34C3F84005FE
:10FC5000C3F84001C3F84405C2E90245C3F84401B2
:10FC6000107030BC704700BF0010014100E100E09F
:10FC700000C000411819002108B5394BD3F80423FE
:10FC8000D00303D5D3F84021002A35D1344BD3F823
:10FC90000423910303D5D3F84421002A46D1304BE5
:10FCA000D3F80423520302D5D3F848215AB92C4B78
:10FCB000D3F8042132B12B4A0021C3F8041113698F
:10FCC0000133136108BD00222749C3F84821D3F846
:10FCD0004825D3F80435D31A194021B123F07F43C6
:10FCE000B3F5000FE3D91E4B4FF480220620C3F872
:10FCF000082301F043FCDAE70022C3F84021D3F8DF
:10FD00004025D3F80435D31A23F07F42B2F5000F13
:10FD100003D8154A1A40002AB8D1114B4FF480324B
:10FD20000420C3F8082301F029FCAFE70022C3F840
:10FD30004421D3F84425D3F80435D31A23F07F4265
:10FD4000B2F5000F03D8084A1A40002AA7D1044B85
:10FD50004FF400320520C3F8082301F00FFC9EE7A2
:10FD60000010014118190021FEFFFF0010B5294CB9
:10FD7000A378FF2B21D0237873B10122022B2275A7
:10FD800025D1254B0021C3F808254FF0FF324FF055
:10FD9000FF332170C4E90223204BD3F804239103DD
:10FDA00002D5D3F84421EAB91C4BD3F80423D2037B
:10FDB00002D5D3F8402112BB10BD184BD3F8043341
:10FDC000002BF9D00720BDE8104001F0D7BB02237B
:10FDD00060782370FFF7F6FD104BD3F804239103EE
:10FDE000E2D5DEE74FF400320120C3F8082301F02A
:10FDF000C5FB0A4BD3F80423D203DDD5D9E74FF472
:10FE00008031FF220020C3F80813A270BDE8104023
:10FE100001F0B4BB1819002100F0004100C00041FE
:10FE20002DE9F04F1C4693B004EB440404920CAE51
:10FE3000CDE90201FFF76CFD0191E200C0490546E2
:10FE400001EBC404083204F1080354580A4424F0B6
:10FE50007F4B92F80C90576892F80D80CDF8149073
:10FE60000FCB86E80F005846FFF702FA4B46B54A1B
:10FE700001339042034400F27E81934200F3DD801F
:10FE8000002BC0F2B9809A46FEF74CFFB8F1010F83
:10FE9000034608D0AC4ED6E902210A40013202D115
:10FEA000002800F0DE8007930BF07AFA019BAC4249
:10FEB000069005EA030977EB0303079BA9F1FF39D5
:10FEC000B9FA89F94FEA591903D3B9F1000F00F0D3
:10FED000B880029A0321A21A8A42C0F2A880002B9D
:10FEE00000F08E80029BE31A0293039B67EB0306EC
:10FEF0000BF056FA029B0930C217834276EB0203DD
:10FF000080F0CB80049B012B00F09E80B9F1000FA4
:10FF100000F0CF804FF0000920463946FFF76EFB16
:10FF2000B7F1FF3F08BFB4F1FF3F00F0298125463C
:10FF300001975846FFF79CF9844AAAEB00039342C5
:10FF4000C0F0B580A0EB0A009042C0F0F3807D4A7B
:10FF5000934200F2F180904240F21C817C4A121AD6
:10FF6000D3170020FFF7A2FD824600285FD0764E0F
:10FF7000B8F1010FD6E9022300F0D580B9F1000FE6
:10FF800040F0A680B3F1FF3F08BFB2F1FF3F00F0A1
:10FF9000EB800120FFF738FE337C002B40F0DE8041
:10FFA000621E4FF0060067F10003FFF77FFDB369A3
:10FFB000002800F0B58000221A60059B08AD4FF0C4
:10FFC000FF320C948DF83C3000230D978DF84030B3
:10FFD00008934FF0FF338DF83D805E4CCDE90A2346
:10FFE0000FCD0FC40FCD0FC495E8030084E80300C4
:10FFF000504613B0BDE8F08FDFF85CA19A4443E7A8
:020000040102F7
:10000000514ED6E90232B2F1FF3F08BFB3F1FF3FD4
:100010003FF468AFE31A069967EB02028B4272F174
:100020000003BFF45FAFB8F1010F3FF45BAF4FF0D7
:10003000000A504613B0BDE8F08FDFF814A19A44CF
:1000400022E72A46494646E7019BB3F1FF3F08BF36
:10005000B5F1FF3F00F0998025F07F4B4FF000098C
:1000600067E70BF09DF9019A069005EA0203013358
:1000700003D0AC4277EB020303D2069BDA1C029B4F
:1000800005E0337C0246002B2B4618BF0022E31A02
:100090009A42CCDC4FF00109B3E7B8F101092046E0
:1000A000394618BF4FF00109FFF7A8FA38E71A469A
:1000B00056E72A1B019B63EB0703042A73F1000137
:1000C00029DA012A73F10003B1DA25F07F4B30E71A
:1000D000B3F1FF3F08BFB2F1FF3F0BD00BF05AF96D
:1000E0004FF0FF324FF0FF33C6E90223B9F1000FA2
:1000F0003FF452AF069B0520EA1A019B63F100030F
:10010000FFF7D4FC00284AD0337C002B7FF448AFA3
:100110000123337444E720463946FFF76FFAFFE6C0
:1001200001221A6049E7B3F1FF3F08BFB2F1FF3F78
:10013000DCD0D3E7424213E701321A4410E700BF94
:10014000E0150021FF7F841E381900210040420F76
:1001500000807BE1E81800210080841E0520FFF765
:1001600031FC002333741BE70BF012F9FFF704FC9A
:10017000C6E902010DE740F20F41702001F0B2FE26
:1001800040F21671702001F0ADFE40F27A617020ED
:1001900001F0A8FE40F2CF71702001F0A3FE40F202
:1001A0002121702001F09EFE2DE9F04F904F83B089
:1001B0007C7C04EB44033B445D78202D46D08D4B82
:1001C000E6B26400002B00F089808B4BDFF82C92A4
:1001D000002B61D005EB46124FEA461807EB420AA6
:1001E0009AF81C30013BDBB2052B32D8844A12F856
:1001F00003B0BBF1080F2CD0AFF30080EFF31083F6
:1002000072B634449AF81D203C446270A278AA4227
:1002100000F0E68013B9AFF3008062B6A84405EBA6
:100220004505594609EBC50259F8353007EB480832
:100230005068012288F81C2098477C7C04EB44031A
:10024000E6B23B4464005D78202DC3D103B0BDE825
:10025000F08F40F24561702001F044FE4FF0200223
:10026000A270002B00F0BA80A84405EB4505594662
:1002700009EBC50259F8353007EB480850680122F0
:1002800088F81C2098477C7C04EB4403E6B23B448E
:1002900064005D78202DD9D005EB46124FEA461850
:1002A00007EB420A9AF81C30013BDBB2052BD0D891
:1002B000534A12F803B0BBF1080FCAD0AFF3008065
:1002C000EFF3108372B634449AF81D203C446270F8
:1002D000A2789542C2D0002BC6D17FE0464B4FF0AA
:1002E0002009DFF81CB1DFF814A1002B4DD005EB7D
:1002F00046124FEA461807EB4202137F013BDBB27E
:10030000052BA6D81BF803100829A2D0EFF3108301
:1003100072B63444527F3C446270A278954208BF62
:1003200084F80290002B50D0A84405EB45050AEB59
:10033000C5025AF8353007EB48085068012288F8A2
:100340001C2098477C7C04EB4403E6B23B446400E9
:100350005D78202DCBD179E762B6A84405EB450541
:100360000AEBC5025AF8353007EB480850680122FD
:1003700088F81C2098477C7C04EB4403E6B23B449D
:1003800064005D78202D3FF461AF05EB46124FEA23
:10039000461807EB4202137F013BDBB2052B3FF609
:1003A00058AF1BF8031008293FF453AFEFF3108345
:1003B00072B63444527F3C446270A278954208BFC2
:1003C00084F80290002BC8D1C6E70191AFF30080FA
:1003D00062B6A844019905EB4505A8E762B643E774
:1003E0004FF02002A270002B7FF418AF13E700BF7C
:1003F000381900210000000000000000E015002175
:10040000B45503012DE9F04FDFF82CA1994601EB1B
:1004100041034FF0200E85B093461AF80340039134
:10042000744582F800E000F082804A01CDF8049023
:100430000646DFF80881D94611460FE0737B012B91
:1004400002D0437D012B57D00B1989F80040A646F6
:100450000AEB43035B7F202B5DD01C4604EB44007A
:1004600035684FEA440B08EBC000D0E903238768E6
:10047000DB1942F100029D4273689341DED2DDF840
:1004800004905D46039B89F800E04FEA431B28195E
:100490003768D6E9012308EBC00013EB070CD0E95D
:1004A000023142F10002634571EB020211D3427D39
:1004B000012A02D0727B012A03D0012005B0BDE8D9
:1004C000F08F01930AF06CFF019B0130DB1B83422C
:1004D000F3DA254489F80040B27B0BEB040308EB08
:1004E000C5050AEB4303A97D91421CD95C7F202CF2
:1004F0004FEA4405CBD1E0E70291ED1B0AF050FF33
:100500000130029985429FDA5D46CB46DDF80490C2
:100510009BF800E0B6E7DDF80490012089F8004080
:1005200005B0BDE8F08F002005B0BDE8F08F0120D8
:1005300089F80040C2E700BF38190021E01500210A
:100540002DE9F04F0C46154683B01E469DF83070DD
:10055000FEF75AFF22684519636846F10006954286
:1005600076EB030342D3DFF88C8005E05D4576EB44
:1005700009033BD3C4E900B90DF107030DF10602ED
:1005800039462046FFF73EFF88BB9DF80730617B68
:1005900003EB430308EBC303D3E902A01A691AF182
:1005A000030B40F1000012EB0B0B40F10009012995
:1005B000DCD05B7D012BD9D10AF0F2FEABEB0A0354
:1005C00001308342D2DA9DF8073003EB430308EB96
:1005D000C303D3E902B90AF0E3FE013010EB0B0BC1
:1005E00049EBE0795D4576EB0903C3D2002003B007
:1005F000BDE8F08FE01500212DE9F0471C46177A81
:1006000092F809C0002388B0154612780646E360C8
:100610009DF84080A7730F4684F80DC0A360E27375
:10062000C4E90033002A3AD1FEF730FE3D4BD5E94C
:10063000042CC31841F1000E9A427CEB0E030AD33E
:10064000013E4FF47A7347F1FF372660C4E9017326
:1006500008B0BDE8F0872C3041F1000182427CEB0C
:100660000103EDD3501E04F10C0304AA6CF1000148
:10067000009306ABFEF76EFE049B68680DF10F0257
:10068000023305A91844FEF739FE0799DDE9053262
:1006900061609B1A226023F07F43A360D8E704F1D6
:1006A0000C0206A92048FEF729FE204B1B78202BC0
:1006B00024D01F490B69D1E905210A3342F1000A10
:1006C00013EB01094AF1000A6B6805AA207B04F1CB
:1006D00008011844C4E9009A0230FEF70FFE2869A9
:1006E00032463B462146CDF80080FFF729FF00281F
:1006F000AED1C4E9006708B0BDE8F08716F10A0979
:10070000637B47F1000A012BDED0FEF70BFB0028CC
:10071000DAD10AF045FE10EB090399464AF1000AC6
:10072000D2E700BF0040420FFF7F841EE018002187
:10073000E81800212DE9F04100EB40030646314D59
:100740004700DFF8C480EC5CFFF7E8F84FF0200CBE
:100750004FEA461E04E04B7FA446202B1C464CD09B
:1007600004EB44030EEB040108EBC30305EB41016A
:100770009A681B699B18121A1B1A22F07F4223F0F9
:100780007F43B3F5000FE6D8B2F5000FE3D8BCF114
:10079000200F02D12046BDE8F081BA190CEB4613B8
:1007A00071014FF0040E15F8028005EB4303444637
:1007B0005B7FAB540B192246204605EB430394455F
:1007C0005C7F83F81CE0F5D1BB192B4493F802E061
:1007D000BEF1200F5FFA8EFC11D08C4405EB4C0C5F
:1007E0008CF81D800A443E44202305EB4202354428
:1007F0005377A8702046BDE8F0811C46C7E783F810
:100800000180EFE738190021E01500212DE9F041C2
:1008100001EB4103434D0C468046EE5C4F00202E19
:1008200038D1414B0BB1AFF30080FFF7A5F8AB7C9B
:10083000202B0AD03D4B10F1020CD3E904E241F128
:100840000003E64572EB030329D3202E08D042466D
:100850003346FFF7E5FAB0B30220AE74BDE8F0818D
:10086000D5E90223B3F1FF3F08BFB2F1FF3F19D131
:100870002B7C13BB0420FFF7A5F8FFF795F90020A8
:10088000FFF7C2F92021AB690022A97401201A6088
:10089000BDE8F0810846FFF74DFF8642C1D0002039
:1008A000BDE8F0810AF076FD4FF0FF334FF0FF32E4
:1008B000C5E902232B7C002BDCD00520FFF782F852
:1008C00000232B74D6E706EB44133A196101042088
:1008D00005EB430315F802E05B7FAB5473469C467F
:1008E000CA18664505EB4202537F1077F7D13B19D2
:1008F0002B4498782028C2B210D00A4405EB42025B
:1009000082F81DE03C4461442023002005EB4101B6
:1009100025444B7785F802C0BDE8F08183F801E0FB
:10092000F0E700BF3819002100000000E81800219E
:10093000F8B52022154D002315494FF0FF364FF032
:10094000FF37AA7042F22000AA741C4605F11C026F
:100950002B7428806B740B6081F82030C1E902672A
:10096000C5E9026702F814300134202CFAD1094895
:1009700001F06CFC084B094A1C70107001F0E8FC97
:10098000A861FEF7A7FD0123EB74F8BD381900211B
:10099000E8180021A9010201E01800211019002126
:1009A0002DE9F04F83B0DFF87082FEF7E5FF0646D1
:1009B0000C46FFF7F9F84FF0FF334FF0FF32C8E96C
:1009C000022398F82030D3B9D8F81800934AD8F801
:1009D000103000F5DF610333A2FB0121D8F81420A9
:1009E0004FEA912142F100021B1842F100025B180C
:1009F00042F100029E4274EB020380F0F7804FF058
:100A0000FF304FF0FF31FEF7F9FD854A92F800B054
:100A1000BBF1200F00F0FA80824D202313700022DA
:100A2000AB746B7CC8F8002003EB43025FFA83F9D8
:100A3000AF5C5B00202F00930AD0DFF8ECA107EB3E
:100A400047037A000AEBC303D97D012900F0A48093
:100A5000009B4FEA4917DFF8D4A103EB09062E44A7
:100A60003478202C04D04846FFF764FE8442F7D146
:100A7000BAF1000F01D0AFF30080FEF77DFFAB7C31
:100A8000202B09D010F1020ED8E9042341F1000C0B
:100A9000724573EB0C03E3D3202C18D023460122BC
:100AA000FFF7BEF9002852D007EB0B03AC7405EB3F
:100AB00043031A7F022A31D0FF23AB71009B4B44C2
:100AC0001D446B78202B78D103B0BDE8F08FD5E9B9
:100AD0000223B3F1FF3F08BFB2F1FF3F07D00AF096
:100AE00059FC4FF0FF324FF0FF33C5E902232B7C56
:100AF000002B4BD10420FEF765FFFFF755F80020CF
:100B0000FFF782F8AB6900222021A9741A6007EB75
:100B10000B0305EB43031A7F022ACDD1009A06216D
:100B20004A4419772A4491782029CBB25BD03B44C0
:100B300005EB430383F81DB0009B5F444B4405EB7A
:100B400047072B4483F802B020237B77B4E73B1997
:100B50003078042105EB430302465B7F3370134674
:100B6000BA189C4205EB42021177527FF7D1B17857
:100B70002029CAB228D03A4405EB42025077B3701C
:100B80003B44202205EB43035A7769E70520FEF733
:100B900019FF00232B74ADE75B7D012B16D10336C3
:100BA00044F1000417440AEBC70ADAE90223B2420F
:100BB000A34128BFCAE902644AE71D4B187803B075
:100BC000BDE8F04F01F06EBB7070D8E70192FEF700
:100BD000A9F8019A0028E2D10AF0E2FB8619019AED
:100BE00044F10004DEE782F801B0A5E70C4B1821C0
:100BF0000D4A1B7801FB03F30721D018D358406836
:100C0000984740F2A621702001F06CF940F2B12122
:100C1000702001F067F900BFE81800219300DC9212
:100C2000E018002138190021E01500210000000023
:100C30001019002138B50C4605460AF0B7FB1149DA
:100C40004B7C01F11C0C5FFA83FE0CEB831C002330
:100C500002E00133202B13D01CF81320D8B2002A55
:100C6000F7D103EB4E1E084A03EB430301EB4E01A1
:100C700042F8335002EBC30301225C600A7738BDAF
:100C8000184638BD38190021E01500211F280346F9
:100C900008D80A494A7C00EB421201EB4202107F5D
:100CA000012801D00020704791F811C0002203EB09
:100CB0004C1301EB43031A77704700BF381900212A
:100CC00010B5054CD4E90401FEF7E0FA237F0133A7
:100CD000181841F1000110BDE81800210378002B1D
:100CE00040F0CF806C4A5368C3F308032DE9F04FFE
:100CF000814689B0002B40F0B480684D684E05F104
:100D00001C0ADFF8A0B126B1002140F23740AFF352
:100D100000806F7CFFB24FF00003AB7126B1002161
:100D200040F23C40AFF3008007F101080AEB871C5A
:100D300008F00108BCE80F000AEB88140FC4BCE8F7
:100D40000F000FC4BCE80F000FC49CE80F0084E83C
:100D50000F0026B100214FF47370AFF3008007EB52
:100D6000470708EB4803E95BEA199278E9522B44FC
:100D70009A7056B100214FF47470AFF3008026B121
:100D8000002140F24140AFF30080FEF7F5FD04ABD7
:100D90004A46CDF8008004460F46FFF72DFC26B1E9
:100DA00000214FF48960AFF300803F4B1B78202B6C
:100DB0003FD0DBF81030DBF814200A33DBF81810D2
:100DC00042F100025B1842F10002CDF80080DDE93B
:100DD0000401984271EB020C22D322463B4604A93F
:100DE0003248FFF7ADFB98B1DDE90401FEF74EFA9A
:100DF0009DF81C3001331B1841F10001C9F8103077
:100E0000C9F8141026B1002140F25B40AFF3008016
:100E1000AB79002B7FF477AF012009B0BDE8F08FEC
:100E2000CDE9043204A922463B462048FFF788FB5F
:100E3000DAE714F10A039DF81D1047F100020129B9
:100E4000C3D0CDE90232FDF76DFFDDE902320028A3
:100E5000BBD10AF0A5FA029B039AC31842F1000223
:100E6000B3E7103B59B200290DDB114B585C400928
:100E70000028D2D0094D0A4E05F11C0ADFF824B033
:100E800041E70020704703F00F03043B1344187E32
:100E900040090028EED1C0E700ED00E0381900213C
:100EA00000000000E8180021E01800210040420F77
:100EB00000E400E0B74A53682DE9F04FC3F308039C
:100EC0008FB003900591002B40F0478108230493D5
:100ED000059B1B78012B00F23782AF4D25B1002115
:100EE00040F22950AFF3008000260127AB4C25B11A
:100EF000002140F23650AFF3008027B9A84B0BB168
:100F0000AFF3008062B694F811B05FFA8BFB4FF03C
:100F10000003A371049B002B40F0CF80D84625B17D
:100F2000002140F24A50AFF30080FEF725FD0AABE6
:100F3000059A8246CDF800B0FFF75EFB25B100218F
:100F400040F25250AFF30080039B4FEA481703EB87
:100F5000481904EB490999F81C30013B012B00F2B8
:100F600081802AF07F4A0A998E4EA1EB0A020C9BDF
:100F7000164022F07F42003E18BF0126B2F5000F56
:100F800088BF00265B18A3EB0A0323F07F43B3F569
:100F9000000F8CBF002606F00106002E65D108EB7D
:100FA000480304224FEA4800234489F81C2099781A
:100FB0002029CAB200F0A1813A44039B04EB42020B
:100FC000537740441F444FF0010A204404EB470785
:100FD000837020237B7725B1002140F25750AFF377
:100FE0000080714B0BB1AFF30080EFF310884746E0
:100FF00072B6A379002B7FF47AAF039B6B4F03EBA0
:10100000430307EBC3070AAB08370FCB87E80F0092
:10101000BAF1000F0BD0049B3BB1002E40F0388199
:10102000637CDB4303F001036374FF23A371B8F116
:10103000000F04D15A4B0BB1AFF3008062B625B15B
:10104000002140F28E50AFF30080BAF1000F72D150
:1010500025B1002140F29A50AFF3008050460FB006
:10106000BDE8F08F4FF0000AB5E70DF127030DF151
:10107000260259460AA8FFF7C5F98246002800F063
:101080009F809DF826609DF827C0664540F0B5809A
:10109000202E00F04281BB1904EB43035B7F89F8EB
:1010A0001D303E44039B04EB4606737700261F4425
:1010B000032304EB47073B778DE73D4B0BF1010919
:1010C00003EB8B1E09F0010903EB891CC846BEE83F
:1010D0000F00ACE80F00BEE80F00ACE80F00BEE860
:1010E0000F00ACE80F009EE80F008CE80F0025B160
:1010F00000214FF47370AFF300800BEB4B0B09EB47
:10110000490334F80B1004EB0B029278E1522344AC
:101110009A7055B100214FF47470AFF3008025B17F
:1011200000214FF4A860AFF30080A379002B7FF477
:10113000DEAECB46F3E6637C03EB43031C446378EB
:10114000202B85D025B1002140F29550AFF30080CF
:10115000184B187801F0A6F87AE7103B59B200292D
:10116000C0F2CF80144B5B5C5B090493002B7FF4CF
:10117000AFAE124B1B78202B00F0EB80059B1B7849
:101180000493002B3FF4A9AE40F22251702000F0EE
:10119000A9FE00BF00ED00E00000000038190021AA
:1011A00000000000FEFFFF0000000000E01500212D
:1011B000541900211019002100E400E0E01800217A
:1011C00008EB480304224FEA4800234489F81C2016
:1011D00099782029CAB200F09C803A44039B04EB22
:1011E0004202537740441F44B2460026204404EB99
:1011F0004707837020237B77EDE6BCF1200F00F0DA
:10120000AD8007EB0C03202E04EB43035A7F00F064
:101210008C80BB194FEA480004EB4303597F5A778F
:1012200006914FF005097B180A468E4604EB4303EE
:101230009445597F83F81C90F5D100EB0803079281
:10124000234493F80290B9F1200F5FFA89FC74D01F
:10125000BC44069B04EB4C0C8CF81D3000EB0803DF
:10126000079A4FF0200C23443A44664583F802E085
:1012700004EB4202039B82F81DC03B4404EB430392
:1012800059777FF40EAF4044039B564623540EE734
:10129000354B1B78202B7FF4C3AE59460220FFF755
:1012A000B5FA00287FF4BCAE637C0420DDF80CE0C6
:1012B00003EB43010EEB431221445FFA83FC04EB82
:1012C00042028F7810775A01202F4FEA4303F8B279
:1012D00036D0111804EB410181F81DE071466344DA
:1012E0000A44B246234404EB420299702023537708
:1012F000B8F1000F7FF4A3AE9CE6039A5A70134630
:101300005FE603F00F03043B13441B7E5B09049369
:101310002CE7039A5A70134664E708EB48034FEA38
:101320004800E35C89F81D30ADE708EB48034FEA5D
:101330004800E15CE254069173E7069A5A708DE723
:1013400081F801E07146CAE740F22651702000F0B2
:10135000C9FD40F21F51702000F0C4FD40F2CB11D6
:10136000702000F0BFFD00BFE01800212DE9F84F0C
:101370007C4C4FF0010ADFF8F0810546B8F1000F10
:1013800004D0002140F2AC50AFF30080BAF1000F5E
:1013900004D1764B0BB1AFF3008062B64FF000037F
:1013A000A371B8F1000F04D0002140F2B150AFF3A7
:1013B0000080667C6E4B771C5FFA86F903EB86161D
:1013C00007F0010703EB871C0FCEACE80F000FCE30
:1013D000ACE80F000FCEACE80F0096E80F008CE8E9
:1013E0000F00B8F1000F04D000214FF47370AFF379
:1013F000008009EB490307EB4702E15AE0184FEA86
:1014000047098378A15222449370B8F1000F04D0A9
:1014100000214FF47470AFF30080A37903F0FF0153
:10142000002B7ED1B8F1000F03D040F2BB50AFF3D8
:10143000008005EB47137E0104EB43031B7F032B66
:1014400040F08D8009EB070314F803B05D4518BF29
:10145000BBF1200F14BF012200226CD05B46F218B2
:10146000194604EB42035B7F9D4218BF202B14BF3B
:1014700001220022F3D1202B69D09B455FD0334459
:10148000314404EB430304EB41015B7F4B77B8F13C
:10149000000F0CD0002140F23E30AFF30080B8F1D5
:1014A000000F04D000214FF4B860AFF300802E4449
:1014B000012304EB46063377B8F1000F04D0002176
:1014C00040F2C950AFF300802A4B0BB1AFF300805C
:1014D000EFF3108A72B6A379002B7FF44FAF5D450E
:1014E00003D1254B1B78202B33D0637CDB4303F0E7
:1014F00001036374FF23A3714FF00109BAF1000FD8
:1015000004D11A4B0BB1AFF3008062B6B8F1000FF3
:1015100004D0002140F2EB50AFF300804846BDE814
:10152000F88FB8F1000F3FF431AF002140F2B7500F
:10153000AFF3008022E7BBF1200F08D05B463344B5
:10154000B94404EB43035B7F04F809309FE79146FD
:10155000D4E739460220FFF759F90028C5D14FF0EA
:101560000009CBE73819002100000000000000004E
:101570005419002100000000E018002170B586B069
:10158000072809D8DFE800F02C0808080819040A21
:10159000574B01229B691A6006B070BD554B042160
:1015A000554A1B7803EB430302EBC30052F8333078
:1015B000406806B0BDE8704018474D4C237C002BB6
:1015C00046D0D4E90223B3F1FF3F08BFB2F1FF3F99
:1015D00078D00120FEF718FB0023237406B070BDFD
:1015E000434CD4E90223B3F1FF3F08BFB2F1FF3F00
:1015F0004AD0404E0120FEF707FB3378202B4AD01B
:101600003E4D6A7F012A30D0FDF78CFB034658BB64
:1016100094F89C200132D2B2312A84F89C2062D8FE
:101620004FF47A7230786946CDE90032CDE9023361
:10163000CDE90433FFF73EFC00284FD095F8204059
:10164000012385F82030FFF7ABF985F82040A3E7A8
:101650002A494FF0FF34274B4FF0FF35264A1B78BD
:10166000C1E9024505219DE73378234A03EB430393
:10167000002102EBC30052F8333084F89C1040681C
:1016800006B0BDE87040184709F082FEFEF774F915
:10169000C4E90201ADE7637C03EB4301DAB2635CAA
:1016A000202B16D003EB421204EB4202507F605411
:1016B000FF21A1710221114D33701177002285F8AD
:1016C00020209EE709F064FEFEF756F9C4E9020106
:1016D0007FE740F24221702000F004FC40F21461E8
:1016E000702000F0FFFB4FF4C261702000F0FAFBA5
:1016F00038190021E0180021E0150021E818002128
:10170000224B70B51A7886B0202A35D0204CD4E907
:101710000213B3F1FF3F08BFB1F1FF3F31D102EB3C
:1017200042021C4E054606EBC206D6E90201FDF751
:10173000ADFD337D00225B195241013342F10002BD
:10174000181804AB42EB01010DF10B02009203AA41
:10175000FDF700FE9DF80B2005200F2ADDE904139C
:1017600094BF00220122521843F10003A260E360FB
:10177000FEF79CF906B070BD40F2AA71702000F02F
:10178000B1FB40F2AB71702000F0ACFBE01800211F
:10179000E8180021E0150021FEF7C0B838B5254B48
:1017A00093F800E0BEF1200F3FD0234D6B7C95F8FD
:1017B00011C003EB43035FFA8CFCEB5C202B25D0BC
:1017C0004FEA4C1C1D4C05E0634405EB43035B7F73
:1017D000202B1BD003EB430204EBC202917D81421C
:1017E000F2D80EEB4E0E04EBCE04D4E902132069BE
:1017F0004018D2E9021243F10003C41C43F1000374
:10180000A14272EB030304D2002038BD4FF0FF3039
:1018100038BD0B4B081A1C680338FDF729FD04F18D
:1018200040038342F0D8001B38BD40F2DF717020C6
:1018300000F058FBE018002138190021E0150021C4
:10184000E81800218B4B2DE9F04F1D7887B0202D33
:10185000019000F00981DFF820920646DFF81C8233
:101860000DF1130299F811308B46D8F8000005A944
:1018700003EB4303304419F80340D8F810300393C6
:10188000D8F818300293FDF739FDA6F140027C4BE1
:101890009A4268D805EB4505DFF8E8A1059B0AEBFD
:1018A000C5018A6808699B18D8E904561818401BB6
:1018B00020F07F43B3F5000F55D899F81120202C64
:1018C000C8F81800D2B288F81EB000F0C0805201EB
:1018D000DC462021934604EB440240194FEA4407BA
:1018E0000AEBC20246F1000ED2E90263864273EBB4
:1018F0000E0346D3537D012B03D098F81D30012BE6
:1019000035D005200091FEF75DF8009999F8110097
:101910004FF0FF324FF0FF332029C0B2C8E9022355
:1019200040F0938000EB4000202419F80030514A29
:1019300099F81110127802EB411209EB4202537729
:10194000D8F80030019A1344C8F80030FF2389F812
:101950000630202C35D04C4B187800F0A3FC00202A
:1019600007B0BDE8F08F012007B0BDE8F08F00910F
:10197000751B09F015FD013000998542C1DA98F810
:101980001EC027440AEBC707BB7D63450DD90BEB8F
:10199000040309EB43035B7F202B16D02146D8F8C4
:1019A00018001C46D8E9045695E7DDE9023202200A
:1019B0009B18D8F810209B1AC8F8183007B0BDE85B
:1019C000F08F002007B0BDE8F08F0520FDF7FAFF8B
:1019D00099F811004FF0FF324FF0FF33C0B2C8E961
:1019E000022304EB40134FF0050C00EB400209EB1F
:1019F000430319F802A046005B7F410109F8023059
:101A00005346CF181A461D4609EB470794427B7F81
:101A100087F81CC0F5D137184F4497F802E0BEF1A3
:101A2000200F5FFA8EFC0DD08C4409EB4C0C8CF827
:101A30001DA00A443044202109EB4202484451775A
:101A4000857074E787F801A0F3E70C46C9E7052025
:101A5000FDF7B8FF4FF0FF324FF0FF3399F8110058
:101A6000C8E90223C0B25DE740F60801702000F02B
:101A700039FA00BFE018002138190021E8180021C8
:101A8000C03F420FE0150021101900212DE9F84F49
:101A9000944C637C00EB431304EB43031B7F002B4C
:101AA00000F01B81667C05468F4FF6B227B10021FE
:101AB00040F64700AFF300804FEA461805EB4616A4
:101AC00004EB4606002F40F0AC8008EB050604EB63
:101AD0004606337F012B09D01A1F022A00F29A8092
:101AE00008EB0503012204EB43031A774FF0010AC8
:101AF000DFF8F89127B1002140F65E00AFF30080D7
:101B0000BAF1000F04D17A4B0BB1AFF3008062B68B
:101B10004FF00003A37127B1002140F66300AFF33B
:101B2000008094F811C00CF101065FFA8CF809EB03
:101B30008C1C06F00106BCE80F0009EB861EAEE81F
:101B40000F00BCE80F00AEE80F00BCE80F00AEE8E5
:101B50000F009CE80F008EE80F0027B100214FF422
:101B60007370AFF3008008EB480806EB460334F8C7
:101B7000081004EB08024FEA460B9278E152234426
:101B80009A7027B100214FF47470AFF30080A379ED
:101B900003F0FF01002B58D11FB140F66D00AFF3E9
:101BA00000800BEB060323445878202810D0854290
:101BB00000F08480804671014246C2468B1804EBD7
:101BC000430393F81D80454548D0B8F1200FF3D169
:101BD00027B1002140F67100AFF30080454B0BB1F7
:101BE000AFF30080EFF310839A4672B6A279002A11
:101BF00080D16674FF22A27123B93D4B0BB1AFF3C4
:101C0000008062B627B1002140F68300AFF3008068
:101C1000BDE8F88F09F0EEFB337F012B7FF45CAF5A
:101C200064E7337F012B3FF461AF1A1F022A36D9D4
:101C3000002140F65300AFF3008009F0DBFB0021E8
:101C400040F65700AFF300803CE7002F3FF458AF59
:101C5000002140F66900AFF300804BE7B8F1200F98
:101C6000B6D0404530D00A44414404EB410104EB76
:101C700042024B7F537727B1002140F23630AFF359
:101C800000800BEB060323449B7898450AD0002F75
:101C9000A4D0002140F23E30AFF3008098E701234A
:101CA0003377CCE727B1002140F23930AFF3008021
:101CB0000BEB0603234483F802A0E8E7202887D033
:101CC00080464FF0200A710141440BEB060304EB00
:101CD000410123444A7F5A70CDE740F63E0170200F
:101CE00000F000F93819002100000000541900210B
:101CF000000000000000000070B586B05BBB054628
:101D000010460C460DF10B06FDF7B2FA02462146CD
:101D100004AB1446284603AA0096FDF71BFB039A62
:101D20001249A31A8B4209D3121B8A420CD31049C1
:101D30008B420BD88A4213D90E4B9B1A0A9AA2F1F6
:101D40000F00C01A06B070BD5342F7E703F1F45319
:101D500003F59023F2E740F68901702000F0C2F805
:101D600040F2CF71702000F0BDF800BF0040420F7C
:101D7000FF7F841E00807BE1BFF34F8F0549064B38
:101D8000CA6802F4E0621343CB60BFF34F8F00BF19
:101D9000FDE700BF00ED00E00400FA05094B012259
:101DA0005A604FF0FF32C3F808234FF40052064B3D
:101DB000C3F88020BFF34F8FBFF36F8FC3F880212C
:101DC000704700BF00D0004100E100E0094B012254
:101DD0005A604FF0FF32C3F808234FF48032064BAD
:101DE000C3F88020BFF34F8FBFF36F8FC3F88021FC
:101DF000704700BF0000014100E100E010B5134949
:101E000000230122124CC1F8FC3FC1F8FC2FDA007C
:101E1000013302F1FF7202F58032D2F80003204054
:101E2000884202BFD2F80003D2F804230260202BBC
:101E3000EDD1084B4FF48072C3F88020BFF34F8F71
:101E4000BFF36F8FC3F8802110BD00BF0080004139
:101E500000F0FFFF00E100E0F8B51B4E05460C4620
:101E6000174633786BBB00F061FA09F08AFA174B1A
:101E70007760002D08BF1D463472FFF7BFFF28466C
:101E8000FFF7A4FFFFF78AFF09F08CFA0546B0B907
:101E9000FEF74EFD09F088FA09F08FFA002C0CDBF2
:101EA00004F01F0264090123A400934004F160447C
:101EB00004F56144C4F8803123600123337028465F
:101EC000F8BD4FF0FF35FAE7D8190021BA550301E4
:101ED00008B572B6024B5B6803B19847FFF74CFF39
:101EE000D81900211FB572B6134B5D688DB9FFF785
:101EF00043FFB4FBF6F4D3B20132002CF9D103F165
:101F000010026A4402F80C4C0A2233B901A8A8470F
:101F1000EDE7044600220A26EDE7013BDBB203F1C0
:101F200010040DEB0406B0FBF2F402FB1400303099
:101F300006F80C0C2046E8E7D8190021074B93F966
:101F40000830002B09DB5A09012103F01F0340323E
:101F500001FA03F3024941F822307047D8190021F1
:101F600000E100E0014B1878704700BFD81900214C
:101F70002DE9F84FDFF8C4A00126314C0746314D5A
:101F8000DFF8C4909AF800805FFA88F8FF238AF897
:101F90000030B8F1000F01D08AF80130EFF3108261
:101FA00072B600236660C4F80031C4F80431C4F886
:101FB000047526603AB962B605E0D4F8043133B945
:101FC0002B69DB0620D4D4F80031002BF5D0D4F8EF
:101FD0000431002BE2D1B8F1000F13D19AF801308F
:101FE000DBB28AF8018003214FF40052C4F80813D1
:101FF000C4F80481C4F80081C9F880218AF80080FF
:10200000002BBFD1BDE8F88F4FF40053C9F88031E1
:10201000EFF3108B72B60323C4F80433D4F8003105
:1020200013B9D4F804311BB1BBF1000FCBD1C2E717
:1020300009F0E0F9BBF1000FC5D1BCE7E4190021BC
:1020400000D0004100ED00E000E100E070B5154671
:10205000DA078CB01C4686468C4640F1A280C37BD2
:102060006E4642788DF80030837B8DF80E208DF817
:102070000130437B8DF80230037B8DF80330C37A47
:102080008DF80430837A8DF80530437A8DF8063068
:10209000037A8DF80730C3798DF8083083798DF88D
:1020A000093043798DF80A3003798DF80B30C37805
:1020B0008DF80C3083788DF80D3003788DF80F3063
:1020C000CB7B4A788DF810308B7B8DF81E208DF8F5
:1020D00011304B7B8DF812300B7B8DF81330CB7A9F
:1020E0008DF814308B7A8DF815304B7A8DF81630C8
:1020F0000B7A8DF81730CB798DF818308B798DF8F5
:1021000019304B798DF81A300B798DF81B30CB785C
:102110008DF81C308B788DF81D300B788DF81F30C2
:102120003046FFF725FFA30731D59DF82F009DF816
:102130002E109DF82D209DF82C30287069709DF888
:102140002B009DF82A10AA70EB709DF829209DF8AD
:102150002830287169719DF827009DF82610AA7112
:10216000EB719DF825209DF82430287269729DF846
:1021700023009DF82210AA72EB729DF821209DF891
:10218000203028736973AA73EB730CB070BD0DF126
:10219000200CBCE80F0028606960AA60EB600CB0FE
:1021A00070BD6E46DEF80410DEF80820DEF80C3054
:1021B000B6460068AEE80F00DCF80000DCF804105A
:1021C000DCF80820DCF80C30AEE80F00A8E700BF10
:1021D0001B4B4FF4803270B5C3F88020BFF34F8F94
:1021E000BFF36F8F174D0021174CC5F80011C3F8CE
:1021F00080212669236906F0100643F0100323614D
:102200000123C5F804332B60D5F80031A3B11EB902
:10221000236923F0100323610A4B0122D3F8080538
:102220005A60C3F808230022C3F800214FF480321B
:10223000034BC3F8802170BD09F0DCF8E4E700BF70
:1022400000E100E00000014100ED00E002460C4921
:10225000052038B50138C0B2FF2803D148216920D4
:10226000FFF740FE01EBC0031D7905F0FF04002DD0
:10227000F0D141F8302001225C719C711A7138BD97
:10228000E8190021042808B503D94F216920FFF778
:1022900029FE034B03EBC0000023037108BD00BF00
:1022A000E8190021042808B503D958216920FFF74F
:1022B00019FE094B03EBC0000379012B01D0592112
:1022C000F4E7437982790133DBB29A4218BF437154
:1022D000BDE80840FFF732BEE819002170B50625B9
:1022E000114C0026013D15F0FF0500D170BD94F89A
:1022F000281004EBC1031A79012A09D158799A7977
:10230000904205D05A79D2B29A7154F83130984738
:1023100094F828300133DBB2042B94BF84F82830C2
:1023200084F82860DEE700BFE8190021024BD3F8EB
:102330003021024B1A6070470000FF01141A00217F
:10234000024B1868C31F584258417047141A0021A5
:102350000048704700070841914270B53BD2B2FA7D
:1023600082F33BB1C3F1200499409A4020FA04F46F
:1023700098402143160C1FFA82FE030C85B2B1FB74
:10238000F6FC06FB1C14240404EB10400CFB0EF4BA
:10239000844206D9201A90428CBF02200120ACEB67
:1023A000000C03EB01410CFB12114FEA0C4CB1FB8A
:1023B000F6F006FB101100FB0EFE05EB01418E4509
:1023C00006D9AEEB010E96458CBF02220122801A7F
:1023D00040EA0C0070BD73219620FFF783FD00BF1B
:1023E00070B5044616461D46FFF7B6FF049B00FB7A
:1023F000164428601C6070BD08B50B1E0EDB002A59
:1024000004DBFFF7A9FF002812DB08BD5242FFF7EB
:10241000A3FFB0F1004F0BD8404208BD404263EB30
:102420004301002AF3DA5242FFF796FF0028ECDA64
:1024300099219620FFF756FD2DE9F8431C4652EAF4
:10244000040348D0074615460E4694B3B4FA84F9FF
:10245000B9F11F0F43DC4FF0010808FA09F220FA26
:1024600008F0A2FB05C340EAC17021FA08F102FBA3
:102470000432FFF771FFC9F11F030021D84028D0B3
:10248000431E8C46804661EB0101184605FB01F2B4
:1024900003FB0422A5FB033EFB1A72441F4666EBB6
:1024A0000206AF4276EB040311D340466146BDE815
:1024B000F883914208D321463046FFF74DFF04468A
:1024C0002A46384604FB1561FFF746FF2146BDE862
:1024D000F8838446E5E7CA219620FFF703FDE7214C
:1024E0009620FFF7FFFC00BF2DE9F84F9A4652EA0D
:1024F0000A03DDE90A8774D0814614460E46BAF114
:10250000000F3ED0BAFA8AFBBBF11F0F6DDC01252C
:1025100005FA0BF3E840A3FB02C240EAC170E940B0
:1025200003FB0A22FFF718FFCBF11F030021D8405D
:1025300052D0431E8E46844661EB0101184604FBCF
:1025400001F203FB0A22A4FB03351544B9EB030394
:1025500066EB0502A34272EB0A051DD304FB0EF2E3
:10256000714660460CFB0A23A4FB0C421A44B9EBEB
:10257000040366EB0202C8E90001C7E90032BDE8C6
:10258000F88F91420ED2FFF7E7FEA4FB00425146BE
:10259000B9EB040366EB0202C8E90001C7E90032A7
:1025A000BDE8F88F51463046FFF7D6FE82462246F8
:1025B00048460AFB04F5711BFFF7CEFEA4FB004260
:1025C0005146B9EB04032A4466EB0202C8E9000154
:1025D000C7E90032BDE8F88FAC464B463246864626
:1025E000B8E7CA219620FFF77DFCE7219620FFF788
:1025F00079FC00BF92B1013A17D0034600EB020C00
:1026000010B501E09C450BD08E461C4611F8012BFD
:1026100013F8010B9042F5D0801A10BD1046704798
:1026200060789EF80120801A10BD00780A78801A20
:10263000704700BF10B5441A94422BD34AB34B1CC9
:10264000C31A022B31D9531E072B2ED922F00304B3
:102650008C4686460C445CF8043BA4454EF8043B8B
:10266000F9D122F0030302F003049A4200EB030CB9
:1026700001EB030E0DD0CA5C012CC25409D09EF8A8
:102680000130022C8CF8013003D09EF802308CF817
:10269000023010BD002AFCD08B18024413F801CD83
:1026A0008B4202F801CDF9D110BD4B1E0244014608
:1026B00013F8014F01F8014B9142F9D110BD00BF51
:1026C00081EA00039B072DE9F0415CD187075ED0CA
:1026D000002A56D0034601E0002A52D011F801CB5F
:1026E000013A03F801CB9E07F6D1032A28D941EA23
:1026F0000305141F6D074FEA940E4AD12B2C48D9BD
:102700000EF10108A1F108051C464FEA580C03EB35
:10271000CC0CF5E90267E4E802676445F9D118F0EA
:10272000010F28F0010403D051F8245043F824503D
:102730000EF1010402F0030203EB840301EB8401B8
:10274000FAB1541E022C20D922F003058C469E4675
:102750000D445CF8044BAC454EF8044BF9D122F023
:10276000030402F00305A2422344214409D00A785D
:10277000012D1A7005D04A78022D5A7001D08A783E
:102780009A70BDE8F0810346DAE71546EFE70346A5
:10279000ABE70EF101071D1F0C4601EB870754F84C
:1027A000046BBC4245F8046FF9D1C1E72DE9F04153
:1027B00084075FFA81FE5FD0002A59D0034601E00A
:1027C000002A55D003F801EB990702F1FF32F7D147
:1027D0004EEA0E24032A44EA04443ED9151FC3F3EB
:1027E0008001AE08172D06F1010647D99846002949
:1027F00040D048F8044B771A03EB810C79080CEBB6
:10280000C101CCE900440CF1080C6145F9D127F075
:10281000010C08EB8C016745CCEB8C7805EB880547
:1028200017D02F1F0C60032F13D9A5F108074C6098
:10283000032F0ED9A5F10C078C60032F09D9A5F140
:102840001007CC60032F04D9143D0C61032D88BF01
:102850004C6102F0030203EB86034AB1013A83F8AC
:1028600000E005D0012A83F801E018BF83F802E0F8
:10287000BDE8F0811546BEE70346A9E719461546AF
:10288000CFE700BF094B0A4AC3F880210132C3F8E1
:1028900084210132C3F88C210132C3F89021013226
:1028A000C3F8EC210132C3F890207047008000414A
:1028B00004000080074B0022C3F88021C3F8842164
:1028C000C3F88C21C3F89021C3F8EC21C3F8902001
:1028D000704700BF00800041014B1B681B68184710
:1028E00034070021014B1B685B681847340700213F
:1028F000014B1B689B68184734070021014B1B687C
:102900001B6918473407002138B505460C46DEF729
:10291000B7FE30B13E2D04D12046BDE83840DEF789
:10292000EFBE38BD1FB5014601A800F006F801A8AA
:1029300005F00DF805B05DF804FB0B880022C3F329
:102940000B0383804B884272C3804B78C3F301131F
:10295000012B02D0022B18BF134604310372016011
:1029600070478B88043010B500F8043C0C4610F812
:10297000033C03F0F00300F8033C8A88C2F303220F
:10298000134300F8033C03F0CF03CA8800F8022C7D
:10299000CA8800F8033C120A00F8012C0A7A1201D6
:1029A00002F03002134303F03F0300F8033C4A7A7D
:1029B00043EA821300F8033C0968814205D0E288AB
:1029C000FB2A28BFFB22FFF77BFEE0880430C0B261
:1029D00010BD8B880A46043010B400F8043C10F88F
:1029E000033C03F0F00300F8033C8988C1F30321A2
:1029F0000B4300F8033C03F0CF03D18800F8021C1E
:102A000010F8011C01F0C00100F8011CD48800F886
:102A1000033CC4F30524214300F8011C01F03F01ED
:102A2000147A240104F03004234303F0BF0300F8B8
:102A3000033C547A00F8011C43EA841303F07F033B
:102A400000F8033C1168814203D0D28810BCFFF724
:102A500037BE10BC7047FBF7D3BE2DE9F8430B78A7
:102A600005460C46013B822B00F26A82DFE813F038
:102A700099009D00A100520168021A01200126015F
:102A80002C0132013601380148014E0183006802F1
:102A9000A6006802AA003C0142015C0162015601E5
:102AA0006802680168027B01AB01B101B7016802ED
:102AB000BD01C901CF01FF0105022D020B021F025A
:102AC00027021102190262023302390251023F0247
:102AD00068026802680268026802680268026802A6
:102AE0006802680268026802680268026802680296
:102AF0006802680268026802680268026802680286
:102B00006802680268026802680268026802680275
:102B10006802680268026802680268026802680265
:102B20006802680268026802680268026802680255
:102B30006802680268026802680268026802680245
:102B40006802680268026802680268026802680235
:102B50006802680268026802680268026802680225
:102B60006802680268026802680268026802680215
:102B7000680245024B020E23B1F803200B7042F2AB
:102B800083039A4209D1062363706678214628465A
:102B900002363246FFF794FD5AE03121C720DDF7B7
:102BA0009FFF0C230B700823EEE71A230B70012301
:102BB000EAE73E230B700223A370E6E73E230B7087
:102BC0000B23F9E72920DEF79BFD28B13E23237074
:102BD000222363702923EFE70A20DEF791FD3E23CD
:102BE00005F1080204F108012B70A0B30A23AB70B1
:102BF000E378EB70A3882B71A3881B0A6B71A37910
:102C0000AB71E379EB71A368AB608B8893801F2273
:102C1000D4F80E30C5F80E30638A6B8263696B613D
:102C2000238B2B83638BAB76638B1B0AEB76A38B97
:102C30002B77A38B1B0A6B77E38BAB77E38B1B0A9A
:102C4000EB7794F8203085F820306A70023296B223
:102C50003046BDE8F8830123AB70E378EB70A388BE
:102C60002B71A3881B0A6B71A379AB71E37903F015
:102C70000103EB71A368AB608B8893801322638B95
:102C8000AB73638B1B0AEB73A38B2B74A38B1B0A95
:102C90006B74E38BAB74E38B1B0AEB7494F82030FA
:102CA0002B75D2E73E230B7004234B70142383E76C
:102CB0003E230B700C234B7004237DE73E230B70E7
:102CC0000A234B70032377E73E230B700D234B70D1
:102CD000052371E705232370042355E70823FAE74A
:102CE00030230B7003234FE73E230B700B234B70F5
:102CF000072361E73E230B7006234B700C235BE731
:102D000013230B708B789B0001333DE757230B7027
:102D1000022339E73E230B700D234DE73E230B7052
:102D200001234B70112347E73E230B7006234B70A2
:102D3000122341E73E230B7009234B7013233BE71B
:102D40003E2303702420DEF7DBFC002815BF24237C
:102D50000E2313260F263246A11CE81CAB70FFF78A
:102D6000AFFC721C71E73E2303702520DEF7C8FC20
:102D7000C0B125230A26AB70D4F80230C5F8033061
:102D8000D4F80630C5F807306389A5F80B30F01C7D
:102D9000E27A04F10C012844FFF792FCE27A013256
:102DA000324452E70F230726AB706388A5F803303F
:102DB00023796B716379AB71A379EB71A37A2B7271
:102DC000E37A6B72E3E73E230B7003234B7010230F
:102DD000F2E63E230B7005234B702023ECE63E23E6
:102DE0000B7009234B702123E6E63E230370262057
:102DF000DEF786FC002815BF262318231726132686
:102E0000A9E73E230B7004234B702723D4E63E230F
:102E10004FF0000881460370282346468370D1F89E
:102E2000023049F8033FAA795FFA88F39A4205D83D
:102E3000721D92B2002A3FF4A8AE06E7B21D331D00
:102E400008F10108A118A25809EB030049F8032072
:102E5000063131F8023C063020F8023C10F8017CC3
:102E60003A460637FFF72CFC3E44B6B2DBE73E237A
:102E70000B701D234B7019239EE63E230B70072316
:102E80004B701A2398E63E230B7014234B702223B9
:102E900092E63E230B700B7C5B000F334B701D23BF
:102EA0008AE63E230B7003234B701E2384E63E23E9
:102EB0000B700B7D5B0013334B701B237CE63E23B2
:102EC0000B7003234B701C2376E63E230B70052307
:102ED0004B701F2370E6FF230B700B234B70A22354
:102EE0006AE6FF230B7005234B70A32364E6FF23E0
:102EF0000B700D234B7080235EE6FF230B700D23B8
:102F00004B70822358E6FF230B7002234B70832300
:102F100052E6FF23C21C037081238370D1F8033073
:102F200003F1280153F8040B8B4242F8040BF9D14A
:102F300029228AE63E230B700C234B7023233BE6A9
:102F400040F232212AE608B510B1FFF7EBFC10B9C8
:102F50006FF0150008BD0020FCE708B5B0B1FFF721
:102F60007AFD12280BD8102810D8022811D00C286E
:102F70000FD0002814BF6FF00D00002008BD4628B8
:102F800014BF6FF00D006FF02200F7E76FF015002F
:102F9000F4E74FF0FF30F1E710B50C4630B129B13E
:102FA000DEF7FAFA28B12070002010BD6FF015008E
:102FB000FBE76FF02200F8E708B5DEF77FFB0020A3
:102FC00008BD01F055BBECF719BDECF725BDECF7DA
:102FD00033BD08B5DEF784FB002008BD02F0C5B99B
:102FE00002F0EAB902F064BC02F06DBC03460222B2
:102FF00000201A70032258709A70E022D8705A711B
:10300000052218719A716FF07C02DA7108221A7227
:103010006FF007025A726FF060029A723E22DA7203
:10302000704701F087BB10B50446FFF7D1F8B0F543
:10303000007F09DA10F5007F08DD031EB8BF0333F7
:103040009B100020237010BD7F23FAE76FF07E03F2
:10305000F7E7EDF785BE1FB5002341F64B524178E7
:10306000CDF80A30D0F80230934295BF4FF47A720F
:1030700040F2E242B3FBF2F3B3FBF2F398BF03F585
:10308000506302789BB242EA0122ADF80230ADF8FB
:103090000020ADF80430C279837943EA0223ADF809
:1030A0000630427A037A684643EA0223ADF80830D4
:1030B00001F058FC05B05DF804FB02F00ABA007894
:1030C000003818BF012001F037BCEDF775BEEDF7F1
:1030D000BBBE8178008802F0C7B902F0E3B9EDF712
:1030E00073BE37B505460C4600880DF1060101F0A8
:1030F00028FC2B882380BDF80630638003B030BDE8
:10310000EDF76ABE02F017BE0068F9F711B8EDF7E7
:103110006FBE0068E8F758BD006808B5E8F7AEFF75
:10312000002008BDEDF782BE02F0A5BF01F08ABA0B
:1031300001F0F5BA08B5DEF7DBFA002008BDECF7C0
:1031400009BD01F009BBEDF757BB01F0D4BA02F09D
:103150008CB801F071BE02F0BBB8ECF703BF01F010
:10316000D1BBEDF71FB9EDF7BFB901F0B2B901F06E
:10317000B7B901F000BA01F01CBA01F0F3BB01F0DD
:1031800049BC01F0F7BA01F09ABC01F0BFBA01F0F6
:1031900069BA01F0BABC03880B8002F0CBB803888F
:1031A0000B8002F0D5B801F0A9B901F0CAB901F05D
:1031B00037BA01F043BA01F023BA01F018BA01F0AE
:1031C00018BBECF741BD01F04FBB02F011B801F0A4
:1031D000DCBC02F05FB801F044BE01F075BE01F046
:1031E0005EBE01F066BE01F0FCBC01F008BDEDF76B
:1031F00067BB01F0A5BEEDF71FBCECF745BE01F0C3
:103200005EBBEDF735B9EDF7EBBC01F034BF01F073
:1032100039BF01F053BF01F060BF01F070BF01F092
:1032200079BF01F047BA01F056BAECF749BC01F09A
:10323000C9BA01F076BF01F087BF01F0C8BF01F045
:10324000A0BFEDF787BDEEF783BB02F053BDEEF7ED
:1032500009BAEDF70DBE02F064B902F03EBA02F011
:1032600067BAEEF71FBB02F080BD02F090BEEEF72A
:103270002FBEEEF78BBB02F0CFBE01F0E8BF02F02D
:103280005BBAEEF717BB02F096BC02F0C3BC02F0CB
:10329000C9BA02F029BB02F0EBBA02F088BA02F018
:1032A00028B9ECF761BCECF7FDBC02F0CBB8F8B57F
:1032B000941C0E46054617460C446343B3F5004F75
:1032C000A8BF4FF0FF3310F003019CB203D0AD2133
:1032D0001420DDF705FCB4F5004F01D9AE21F7E766
:1032E00010220430FFF762FAEF746C802E80F8BD74
:1032F0000188C27C8B1C134410B49BB24488B4FB7D
:10330000F3F310BCDBB2FFF7D2BF70B50688C588F7
:1033100003898E42C5F30E02C3F30E0403D2CF21FC
:103320001420DDF7DDFB5D40C5F30E030BB92D0462
:1033300009D4A24209D2C37CA41A0233E41AA142DE
:1033400003DD00238374184604E014320123815204
:103350008374104470BD023101444A43B2F5004FFA
:10336000A8BF4FF0FF3290B2173020F00300B0F545
:10337000004F34BF00B24FF0FF3070474088173025
:1033800020F00300B0F5004F34BF00B24FF0FF3023
:1033900080B2704738B503888B4204D240F20711DF
:1033A0001420DDF79DFB857C65B1C388C3F30E0354
:1033B0001433C25A8A4207D3C152811DDEF768FA1C
:1033C00000238374284638BD0025FBE703461430EC
:1033D000F0B59C88A5B2C4F30E06DC88AC4202D1DD
:1033E0000020D881F0BD5F89DC7C855B3C44ED1B0F
:1033F0000234ADB2344420440C88AC4288BF0D8006
:103400005C89B4FA84F4640914700A88DA81E9E703
:10341000F8B582880026C38904460D4692B20E6034
:10342000CBB14189C2F30E020B4414329BB2871810
:10343000825A4381934204D94FF4AA711420DDF7D4
:103440004FFB04D1011DDEF723FA46812F600023D4
:103450000120E381F8BD1846FCE770B50446084634
:10346000A38804F1140622899BB2C2F30E059A4286
:103470000DD021B1A91CE27C3144FFF721F904F100
:1034800008012046755BDEF703FA284670BD00256B
:10349000FBE78388C0889BB2C31A584258417047E3
:1034A000C288018910B5C2F30E044A40C1F30E036D
:1034B0001204A3EB04035CBF42889B180288C07C03
:1034C0000232104480B293FBF0F080B210BD8288CB
:1034D00073B595B2C488C2F30E02AC4202F1140275
:1034E00012D04189C689835A314499420EDB0DF1CD
:1034F0000601ADF80650DEF7CBF9BDF80600001B5B
:1035000018BF012002B070BD0020FBE70120F9E7E1
:1035100070B505890346C4881430C5F30E02C4F3A0
:103520000E066C40C4F30E0525B9240402D5002014
:10353000188270BDB2421C8806D9DD7C921B023510
:10354000521B9442A8BF14469D890DB1825BA41AF8
:10355000A142ECDCDA7C3544198202322A44104460
:10356000E7E738B5038ACBB18B4217D3C388848988
:10357000C3F30E031433C5180CB9C4546C700C4457
:103580008481C45A2144C15222B1811DDEF780F9E1
:103590000023838100230382012038BD0020FCE743
:1035A0008388C2889BB29A4206D0428922B9C3F36B
:1035B0000E0314331844704700207047C37C0888FA
:1035C00002330B44136070470230704738B583886C
:1035D000C2889BB29A4209D043893BB9C5893DB99B
:1035E000011DDEF755F9C581012038BD0020FCE73B
:1035F0001846FAE703881380C388C3F30E03143315
:10360000034480890B6070470368002223B9C0E936
:103610000132031D0360704759681B680A44F5E7CF
:10362000072938B5034604D84FF4EC711520DDF7AF
:1036300057FA0068A8B1D0E900248C4212D02AB908
:1036400001F10805AC4204D210460AE003461046D8
:10365000F1E7425045181A68641A12686C604250CB
:103660001D6038BD1A60FCE70023C1E90032036821
:103670000B600160704730B590B18478B1FBF4F312
:1036800004FB131300EB430252898A4201D1D8B2E2
:1036900030BDC27822B900F10A03D0B2844201D809
:1036A000FF20F5E733F8025B0132A942F5D1EFE7DD
:1036B0008278038805324B4303EB4203184470477A
:1036C000002307B5CDE900338DF806006846DEF724
:1036D000EBFAB0FA80F0400903B05DF804FB73B573
:1036E00000240546CDE900448DF806006846E6B2A0
:1036F000DEF7DAFA01340028F8D02846DEF71AFAA5
:10370000801BC0B202B070BD13B500230446CDE9E2
:1037100000338DF806006846DEF7C6FA08B102B03D
:1037200010BD2146BDF80400DEF79AFA0028F2D059
:1037300040F21D211720DDF7D3F970B51E460D4666
:103740000921FFF708FE0446324609212846FFF703
:1037500002FE002C03DB002801DB204470BD4FF08B
:10376000FF30FBE70246084613688B4203D121B1C4
:103770000B68136070470BB9184670471A461B68F0
:10378000002BF9D08342F9D10368136070470346D8
:103790000068884209D1EFF3108272B6186808B148
:1037A0000168196092B962B6704758B9704788428B
:1037B00008D1EFF3108272B618680028F2D00168C1
:1037C0001960EFE7034600680028F0D170470068F1
:1037D00020B1034600680028FBD118467047034615
:1037E000006830B558B10468014622460AB91C6029
:1037F00005E0156825B9086808B103680B6030BD9D
:1038000011462A46F2E7D31D23F0070370B50833AB
:1038100090B110F0070403D058212220DDF760F9A1
:1038200004604FF6FF75C28000F108040A468180EB
:10383000013A92B2AA4203D103FB01F0083070BDF5
:103840000668266004601C44F2E718B1C2888188CB
:10385000FFF7D9BF70470346EFF3108272B60068D6
:1038600030B1016819600023037043708370C37026
:1038700002B962B67047EFF3108372B602680A604D
:10388000016003B962B67047EFF3108372B6006847
:1038900018B10068003818BF012003B962B670473C
:1038A000012303707047F8B5054608461E461146C9
:1038B000002814BF00240224FF23AB702B191B7DAA
:1038C000012B04D001342B191B7D012B19D105EBE1
:1038D00044073B8B3A8C9819904204DD00202C441D
:1038E00038832075F8BD05EB8404324660681844BF
:1038F000FEF7E6FE3A8B16443E830023AB700120B0
:10390000F0E70020EEE7002910B514BF00230223E2
:10391000FF218170C1180C7D012C07D10C3320F8D8
:10392000132002230B750023837010BD0133C118CF
:103930000C7D012CF2D04FF48C710920DDF7D0F80A
:10394000024630B5837803F0FF00F3B9137D022BF4
:1039500019D0537D022B19D10346012089B10024CF
:10396000D5180C332C7522F81340131803241C753A
:1039700002EB80035B680B6000F10C0332F813303C
:103980008B80012002E00123E8E7002030BD30B544
:103990008378E3B9837D022B17D0C47D022C16D126
:1039A000032381B1002205190C342A7520F8142054
:1039B000C2180324147500EB83020C33526830F8EC
:1039C00013300A608B80012002E00324E9E7002025
:1039D00030BD037D012B01D1008B7047437D012B4E
:1039E0000CBF408B00207047837D012B01D1808B61
:1039F0007047C37D012B0CBFC08B00207047038B29
:103A000023B9408B003818BF012070470120704750
:103A1000838B23B9C08B003818BF01207047012069
:103A20007047027D022A01D1008B7047437D022B33
:103A300001D1408B7047032AF6D0032BF9D0002028
:103A40007047827D022A01D1808B7047C37D022B93
:103A500001D1C08B7047032AF6D0032BF9D0002088
:103A6000704708B5DEF7B0FA20B103786FF30003B2
:103A70000370012008BD08B5DEF7A6FA003818BFAC
:103A8000012008BD10B5044601F11B0200200121F0
:103A9000FFF7B9FE083C0838B4FBF0F080B210BD67
:103AA0002DE9F0410646069898460D464307114613
:103AB0009DF81C7002D010F0030003D025214C208B
:103AC000DDF70EF84FF48B72FFF79DFE002F06AB6B
:103AD000044600FB08F114BF00201846DDF7FAFE8B
:103AE00017B9069B33602C60BDE8F0812DE9F041E9
:103AF000064615460F4619B900242046BDE8F08158
:103B000011463846FFF78CFD04460028F4D03146B4
:103B100006F11B082846FFF7B5FF06460146424658
:103B20000020FFF770FE0EB1854205D22A462146DD
:103B30003846FFF799FDDFE7424631462046FFF75A
:103B400062FEDAE7DEF740BB00EA400303EA430324
:103B500003EA430303EA430303EA430313EA430389
:103B60000CBF01200020704708B5034610468B4269
:103B700009D03AB183EA010004F003F801288CBFB0
:103B80000020012008BD0120FCE737B500230446D2
:103B90000D46CDE900336846DEF786F830B10023E4
:103BA000CDE9003302238DF8063011E0009B2A4650
:103BB0002046196AFFF7D8FF0028ECD003B030BDCB
:103BC000009B2A462046196AFFF7CEFF0028F5D150
:103BD0006846DEF769F80028F2D00023CDE900330B
:103BE00004238DF8063007E0009B2A46204619681A
:103BF000FFF7BAFF0028E1D16846DEF755F8002844
:103C0000F2D00023CDE9003305238DF8063007E01C
:103C1000009B2A4620461968FFF7A6FF0028CDD151
:103C20006846DEF741F80028F2D00023CDE90033E2
:103C300009238DF8063008E0009B2A462046D3F879
:103C4000B811FFF791FF0028B8D16846DEF72CF8CD
:103C50000028F1D00023CDE900330B238DF8063086
:103C600007E0009B2A462046D3F8EC10FFF77CFFC4
:103C7000E8B96846DEF718F80028F2D000224FF4C1
:103C80004023CDE900236846DEF70EF830B100236B
:103C9000CDE900330A238DF8063014E0009B2A4654
:103CA0002046D3F8EC10FFF75FFF0028EBD001208F
:103CB00084E7009B2A462046D3F80C11FFF754FFF7
:103CC00000287FF47BAF6846DDF7EEFF0028F0D0D8
:103CD000002073E738B52325EFF7F0FC0446EBF737
:103CE000FBF820B101212046FFF74FFF30B1013D25
:103CF000F2D140F23A210F20DCF7F2FE204638BD27
:103D000070B523260025EFF7D9FC0446EBF7E4F85D
:103D100040B100212046FFF738FF68B9254620460C
:103D2000EBF710F9013E01D00028ECD035B940F294
:103D300015210F20DCF7D4FE0020F3E7284670BDE4
:103D400001EB8101C1EBC10189B270B501F12A0516
:103D500011F0010F05F07F0414BF4FF47C460026DC
:103D600015F0020F4FEA840205F030054FEA5403C4
:103D700018BF4FF4207102F4807208BF002103F0D5
:103D8000060313432B4333430B4380EA034070BDC8
:103D90002DE9F34106462325EFF790FC20F032741D
:103DA00010F4004F24F4803414BF44F4080444F4A5
:103DB00041042046EBF790F860B300212046FFF75E
:103DC000E4FE38BB0A23A7B2CDE900008DF8063027
:103DD0006846DDF769FFA8B10027F9B22046FFF772
:103DE000AFFF8046EBF778F8A0B100214046FFF71F
:103DF000CCFE78B90137FBB29E42EED2204602B02B
:103E0000BDE8F081009BB3F89800784003F0D5FE40
:103E10000128DDD8013DBFD140F29F210F20DCF702
:103E20005FFE10F0FD0F14BF0120002070474068B6
:103E300070474068704740689030704740689030E5
:103E400070478207034605D410F0010003D103F048
:103E500004007047022070476FF45063C318062BAC
:103E60009ABFA0F550604FF47A7340F2E243584392
:103E7000704790F82832DBB290F8C0202AB913F0CE
:103E8000FB0F14BF0120002070470020704790F8FE
:103E90004432DBB290F8C0202AB913F0FB0F14BFF4
:103EA0000120002070470020704770B5B0F8014035
:103EB000A3B2B3F5FA7F2DD2B0F8032043F6F6751E
:103EC000A2F10A039BB2AB4224D843791F2B21D81D
:103ED00013F008051ED103F01706172E18D000782E
:103EE000032817D8002814BF012600268E730ED091
:103EF00042F210768B720C8172434A60421E18BFE8
:103F000001220A73C21E504250414873284670BDB8
:103F10000C20FCE71220FAE713B501210020DDF7A1
:103F200089FE044688B901210846DDF783FE044670
:103F3000C0B90023CDE9003303238DF8063068466D
:103F4000DDF7B2FEC8B100200AE0C030E5F71CFA88
:103F50000028E8D02046E3F7A5FA0028E3D00120A6
:103F600002B010BDC030E5F70FFA0028E1D02046BE
:103F7000E3F798FA0028DCD0F1E7009C2046E0F750
:103F800027FA0028DBD0204604F055FD0028D6D0C3
:103F9000E5E7002307B5CDE9003303238DF80630AC
:103FA0006846DDF781FE08B1002004E00098E0F7E4
:103FB0000FFA0028F4D003B05DF804FB07B5002326
:103FC00040F6881201A9FAF721FE03B05DF804FB60
:103FD00038B540F2E2450C46B0F80310B0F80100E5
:103FE0002A4669436843E6F7B9FAA586206338BDD7
:103FF0002DE9F341002304460E46174600F10A0856
:10400000CDE900336846DDF74FFE08B1002015E02A
:10401000009DA542F6D03046EB1CFFF702FF394663
:10402000AA7802F007FD0028ECD005F10A036A7AAD
:104030004146607A02F0FEFC0028E3D002B0BDE801
:10404000F08107B5009190F8A830827D90F890112A
:1040500090F8BE00E8F72CF803B05DF804FBF0B56B
:1040600085B00C460646154603A99DF83870E7F75B
:10407000D5F818B9039BDA7B12B9112005B0F0BD51
:1040800093F820309BB903988389032B01D8002F24
:10409000F3D10D9B80F8487006800C99C0E9055457
:1040A00000930194DDE90A2307F0EBF8E6E70C2022
:1040B000E4E708B5CB1E012B04D8800100F534706D
:1040C00080B208BD012902D10A30C000F8E70229F8
:1040D00002D10B308000F3E740F259210620DCF7D3
:1040E000FFFC08B5CB1E012B04D8800100F534700D
:1040F00080B208BD012902D10A30C000F8E70229C8
:1041000002D10B308000F3E740F259210620DCF7A2
:10411000E7FC08B5CB1E012B04D8800100F53470F4
:1041200080B208BD012902D10A30C000F8E7022997
:1041300002D10B308000F3E740F259210620DCF772
:10414000CFFC10B5044638B1EEF758F934EA000355
:104150000CBF0120002010BD0120FCE707B50121A4
:104160000020DDF767FD20B3C030E5F70DF9E0B1C1
:10417000012009E0C030E5F707F900B3F8E700983F
:10418000403005F07EFA18B303B05DF804FB009BE5
:10419000586F503005F075FA0028F5D16846DDF704
:1041A00083FD0028F3D00020EEE7E3F771FA002842
:1041B000DED101210846DDF73DFD0028DAD1FFF709
:1041C000E8FE0028D4D10623CDE900008DF80630A2
:1041D0006846DDF769FD0028D1D00023CDE9003322
:1041E00007238DF80630D9E710B50446FFF7D1FE56
:1041F00058B901210020DDF71DFDE8B9012108466D
:10420000DDF718FDF0B9012013E0EEF7CFF868B143
:10421000EAF7CAFF044604F045FC58B9204604F00A
:104220003DFC80F00104E4B204F00104002CE0D174
:10423000002010BD0024F7E7C030E5F7A5F80028FE
:10424000DCD0F5E7C030E5F79FF880F00100C0B2A0
:10425000EFE770B505460C46E0F7BAF8F0B9284626
:1042600004F037FBD0B904212046DDF7E3FC064615
:1042700078B906212046DDF7DDFC054680B903212B
:104280002046DDF7EDFC88B141F29D713920DCF765
:1042900027FC403005F0F5F90028EAD00C2010E0AA
:1042A000403005F0EEF90028E9D0F7E73EB10421EF
:1042B0002046DDF7D5FC10B141F2A471E6E70DB957
:1042C000002070BD06212046DDF7CAFC0028F7D08B
:1042D00041F2AB71DAE738B505460C462AB11F2921
:1042E00001D8002038BD1220FCE7DDF7EBFDA0422D
:1042F00011D3284604F0F0FB08B11F2CF3D8284650
:1043000004F042FB48B12146284604F076FB002821
:10431000E7D14520E6E70720E4E74220E2E738B5A9
:10432000054604F031FBE8B12846E0F751F808B93A
:10433000002038BD2846DFF7C3FC04462846DFF7D7
:10434000FFFD88B9002CF3D02088EEF7E5F80221B4
:104350002088DDF785FC0028EAD041F6CD11392010
:10436000DCF7BEFB4220E4E70C20E2E738B5044668
:104370000D46EEF73DF8830001D40C2038BD2046F1
:104380000921DDF757FC044648B1E7F7D9F80028C2
:10439000F3D02A462146BDE83840E9F7E3BE0220C3
:1043A000ECE703880B80817898B2FFF7DFBF034604
:1043B00037B59A7A0D46C0885107C0B213D412F0AF
:1043C000010101D102F00201DC7A1A896307D2B23D
:1043D0000BD414F0010301D104F002030095E7F7B8
:1043E00067FE03B030BD0421EEE70423F6E72DE9B4
:1043F000F04385B007468846008802A902F06AFBB0
:10440000054650BB02A8FFF716FD034602A8FFF7BA
:104410000EFD039E814696F8992102F0FF051AB120
:10442000B8F1020518BF0125DA7B93F86430232A1E
:1044300043EAD3030CBFC5F10102002203F00103DC
:1044400013433CD0BC7814B9EDF7D8FF0446F87894
:10445000B8BBEDF7D3FF24B90925284605B0BDE860
:10446000F0830028F8D099F8812032B114F00204CA
:1044700000F00200F0D00028EED0FF2286F84D2197
:10448000DDB996F84C2102F0FF05B2B986F84F016C
:1044900001A986F84C8186F84E41BA888DF805004E
:1044A0004846A6F850218DF80440ADF8062002F0E9
:1044B0009FFB002386F84D31CFE73A25F9E71A250F
:1044C000CBE7002CCFD1C7E708B5EDF751FF0020AF
:1044D00008BD10B50446EFF7E1FF2070002010BDC5
:1044E00010B5FFF719FD044630B9EFF7D1FF2046AC
:1044F000EEF72EFA204610BD0C20FCE710B503782D
:104500000446012B01D9122010BDFFF727FE60B928
:104510002078FFF786FC01280DD004F11703E21D77
:10452000611CBDE81040EEF73BBAEEF7CDFA00286B
:10453000EED00C20E8E7A37903F0C003C02BECD049
:10454000E1E710B503780446012B0AD8FFF706FE11
:1045500048B9214611F8010BFFF763FC02F095FA08
:1045600038B9122010BDEEF7AFFA0028F1D00C20B8
:10457000F8E70020F6E738B50546FFF7CDFC04461E
:10458000A8B92878012803D9FF280BD0122038BDFC
:10459000FFF747FC691CEFF787FF002814BF0020D6
:1045A0000720F4E70120EEF7D3F92046EFE70C20CF
:1045B000EDE738B50546FFF7AFFC0446A8B92B7800
:1045C000012B03D9FF2B0CD0122038BD1846691CD3
:1045D000FFF727FCEFF798FF002814BF00201220F8
:1045E000F3E7EEF7B5F92046EFE70C20EDE708B565
:1045F0000088EEF76FFA00280CBF3020002008BDBD
:1046000038B50546FFF7AAFD044638B928780038C2
:1046100018BF0120EEF752FA204638BD0C20FCE707
:1046200008B5FFF79BFD18B9EEF738FA002008BD72
:10463000EEF74AFA0028F7D00C20F8E708230370B9
:104640000020704703463A21202210B50E24047042
:104650000020DC70592459709A701C71587199713E
:10466000DA7110BD082108B5DCF788FF002008BD0D
:1046700073B506460C460088694602F02BFA0546DB
:10468000B0B9B3787BB96846FFF7D1FB90F88030BA
:10469000A370338894F902002380EEF797FCA07092
:1046A000284602B070BD7F20FFF788FCA070F0E7BD
:1046B0000225F5E710B504466FF07F00FFF77EFC9A
:1046C000EEF784FC20707F20FFF778FCEEF77EFC8D
:1046D0006070002010BD10B50446EEF7B9FC00EB89
:1046E00080035B002380EEF7B9FC00EB8003002021
:1046F0005B00638010BD10B50446EAF755FD04F079
:10470000CAF9EEF763FC2070002010BD0A4600F1E4
:10471000100108B50723FDF799FC002008BD10B56E
:10472000014604460020EDF783FF08B92060A08011
:10473000002010BD10B50446EDF714FE28B9002086
:104740002146EDF75DFF002010BD0020FFF74CFD76
:104750000028F4D10C20F7E710B504460120FFF73C
:1047600043FD28B101202146EDF74AFF002010BD8E
:104770000C20FCE7F7B50C4605466946008802F0B8
:10478000A9F9A11C0246A8B96846FFF754FB0346E5
:1047900000F1170783F86B203868086038790871D2
:1047A0002888208093F86B6006F0FF00002EF1D17E
:1047B00003B0F0BD00230220C4F802300B71237057
:1047C0006370F5E710B50446FFF7C8FC58B92078C8
:1047D000611CFFF726FBE279EEF704FB002814BF0B
:1047E0000020022010BDEEF76FF90028EFD00C205A
:1047F000F8E7F7B507460D460088694602F06AF902
:104800000646B8B96846FFF712FB044684F87E6096
:1048100094F87C00EAF798FCA87094F87D00EAF719
:1048200093FCE87094F87E3003F0FF00002BEDD18C
:104830003B882B8003B0F0BD10B583880446022B63
:1048400010D8C078FFF77DFC08B9112010BDA07802
:10485000FFF777FC0028F8D020460121BDE8104082
:10486000FFF7C5BD1220F1E713B58378C17803F0D7
:104870000104027903F0020351EA040C1DD052EA4C
:10488000030C1AD0002C18BF0021002B037818BF8E
:1048900000228DF802108DF80320427843EA0223AB
:1048A000ADF8003043798279684643EA0223ADF8D7
:1048B0000430FFF7C1FF02B010BD1120FBE710B5B7
:1048C00004460020EDF76CFD2378012B13D16378AB
:1048D000012B03D9022B0CD1A38853B1628862B19A
:1048E000A38853B10A214A434FF4A0614B439A4233
:1048F00003DB122010BD002BFBD12046BDE8104089
:10490000EAF788BC07B5037800214278012B8DF8BF
:1049100000308DF80120ADF80210ADF8041007D179
:10492000012A07D86846EAF775FC03B05DF804FB76
:10493000002BF7D01220F8E708B5DEF76BF900205E
:1049400008BD13B50C46694602F0C4F830B9019BA6
:104950009DF80020B3F8983012B9238002B010BD42
:104960000133FAE77FB5054600210088DDF762F9DB
:10497000044610B9022004B070BDFFF77AFA00288F
:10498000F8D0AA881046FFF767FAE36906466988F7
:10499000984220460CBF638E01230393AB89029398
:1049A0006B8901932B890093EB88EAF7FDFA48B3F2
:1049B00094F8443203F0FF0033BB41F64B539E4260
:1049C00009D8642E22D9B4F87C2040F202239A42FE
:1049D0001ED1642301E040F2E243A4F848320023F0
:1049E000C4E99336EA79AB7943EA0223A4F8543256
:1049F0002B7A6A7A43EA0223A4F85632FF2384F81A
:104A00004432B8E73020B6E73A20B4E71220B2E7E4
:104A10000C20B0E713B5044602F074F800284CD01F
:104A20002046FF24EEF730FB0023CDE90033684633
:104A3000DDF73AF950B300244FF44033CDE9004399
:104A4000FF246846DDF730F920B300204FF48023BF
:104A5000FF24CDE900036846DDF726F9F0B1002117
:104A60004FF4C023FF24CDE900136846DDF71CF99D
:104A7000C0B100224FF42023FF24CDE90023684673
:104A8000DDF712F990B1002002B010BD009B83F851
:104A90003C42CCE7009B83F89240D2E7009B83F82E
:104AA0003440D8E7009B83F83440DEE7009B93F85E
:104AB0003020032AE3D19C77E1E71220E4E713B525
:104AC0000088694602F006F80146D8B99DF8003022
:104AD000019C8BB19DF80030012B03D10198FFF7A9
:104AE000D6F970B194F8533103F0FF0253B9FF23A4
:104AF00084F85331114605E02046FFF7BAF9002843
:104B0000E8D10221084602B010BD70B5002105466B
:104B10000088DDF78FF8044688B3FFF7AAF910B9CB
:104B20000C26304670BD94F8863203F0FF0643BB76
:104B300094F8F330DB0726D5D4F83831002BEFD1C9
:104B4000D5F8023004F51B72C4F87C32D5F8063073
:104B5000C4F880326B89A4F8843205F10C031C354B
:104B600053F8041BAB4242F8041BF9D10C2104F5A5
:104B70001670DCF703FDFF2384F88632D1E70226A6
:104B8000CFE73A26CDE71A26CBE7F0B589B0044641
:104B900000200E46EDF704FC01AA234604F1180C90
:104BA00017461868083353F8041C1546634503C5B7
:104BB0002A46F6D11B782B7000238DF81D308DF816
:104BC0001E30237D022B0AD0637803F01803082BD4
:104BD00005D031463846EBF7FBFC09B0F0BD12209A
:104BE000FBE710B5032104460078DDF723F820B178
:104BF0002178BDE81040FFF72CBB422010BD13B553
:104C000000200024EDF7CCFB0323CDE900448DF810
:104C100006306846DDF748F810B1204602B010BDF6
:104C2000BDF804100098FFF714FB002818BF0446D5
:104C3000EFE72DE9F341054690F801800321007864
:104C4000DCF7F8FF0446002800F08780EDF7AEFBA4
:104C500008B3204603F0FDFEEE78864228BF0646E4
:104C6000B6B2B8F1040F5DD0E06CFEF7B2FE871962
:104C7000BFB2EDF79BFBB8B9EB7873B9204603F0F0
:104C8000E8FE874210D9204603F026FF50B90720DE
:104C900002B0BDE8F081EE78E3E7204603F0EBFEDA
:104CA0000028EBD11220F3E7EDF780FB39460246EE
:104CB0002046FFF710FB0028EAD1A8F10303012BDF
:104CC0002DD8204603F008FF6B78032B2DD108F078
:104CD000FD07012F3AD1204603F0FEFE002833D114
:104CE000B8F1010F08BF02273A46E16C6846DDF7CC
:104CF00001F933466A680121E06CFEF7D4FD002813
:104D0000C5D06B78023B012B07D8E06CFEF761FE43
:104D100001210246E06CFEF7F6FD0020B8E7002E08
:104D2000CFD1BFE7002ECCD0BCE70028BAD1042BEE
:104D3000CDD12046DFF74CFB0028B3D0E06CFEF766
:104D40005EFE0028C3D1ADE70027CDE7B8F1040F20
:104D5000CFD1204603F0E7FEDFE7422098E72DE9B8
:104D6000F3470746467890F8039003210078DCF774
:104D700061FF044600283BD0EDF718FB30B1204618
:104D800003F090FE002808BF4FF00009E06C1FFA06
:104D900089FAFEF729FE00EB09081FFA88F8EDF7FB
:104DA00005FB60B1EDF702FB414602462046FFF7E6
:104DB00092FA054668B1284602B0BDE8F087FB7854
:104DC000002BEFD0204603F06DFE0028EAD112251B
:104DD000F1E7042EFBD0032E10D0B9F1000FF6D06E
:104DE0002046DFF7F5FA38B10C25E4E704220EE09F
:104DF0004225E0E70725DEE7012E0CD1204603F02F
:104E00006BFE0028F2D1012E0CBF06220522E16CB8
:104E10006846DDF76FF853467A680021E06CFEF7CC
:104E200042FD0028E6D0023E012EC4D842460021B1
:104E3000E06CFEF768FDBEE713B50446EAF7B4F987
:104E40004FF440736846ADF8003000238DF802300F
:104E500014F8013B8DF803300194FFF780FF02B096
:104E600010BD13B504460020EDF79AFAE378FB2B4A
:104E700013D82278043468468DF803308DF800206A
:104E800014F8022C8DF8022014F8032C01948DF8EC
:104E90000120FFF764FF02B010BD1220FBE710B540
:104EA00004460020EDF77CFADDF70CF820800020A6
:104EB00010BD10B504460020EDF772FA0320DCF7B0
:104EC00039FE2070002010BD73B504460020EDF7B8
:104ED00067FA6378F3B10025EBB203219E0004EB7F
:104EE00083039878DCF7A6FE40B32378012B0AD120
:104EF000B11C2144EAF7AEFC38B901356278EBB257
:104F00009A42E9D801E013B1122002B070BDFFF758
:104F100006FAF1E72378002BF6D1CDE9003303231D
:104F20008DF806306846DCF7BFFE08B10020ECE7DC
:104F30000098FFF7F4F90028F4D0E6E74220E4E710
:104F40002DE9FF41064603210078DCF773FE074692
:104F5000002800F0888004213078DCF76BFE0446DE
:104F600068B906213078DCF765FE044618B90C20D4
:104F700004B0BDE8F08190F8BD30002BF7D1737814
:104F8000042B17D104F1400004F07BFB08B9122078
:104F9000EEE7A068FEF733FD0028F8D0B378002BC9
:104FA000F5D17378033B012BF1D87378012B0ED127
:104FB00002220FE0B278002AF3D0033B012BF4D990
:104FC00004F1400004F05DFB0028EED0CFE7032B96
:104FD00004D10122A16802A8DCF78CFF7378042BAE
:104FE0003DD0B378F21C0121A068FEF75CFC0028DC
:104FF0003BD0A068FEF7EDFCE28D804694F83000CF
:1050000094F834104FF6FF7301F0FF0579BB9A4214
:1050100094F8351012D0002814BF3B2523257B7946
:10502000414600952046226F04F044F9024648B9F3
:10503000A0680121FEF767FC452099E7002918BF09
:105040000925ECE77B7923747378023B012B04D8A4
:1050500042460121A068FEF756FC002088E7204662
:1050600004F036F9F9E7422082E7072080E79A4208
:10507000D1D10925D3E708B5E2F7E0FA002818BF37
:105080000C2008BD38B5052105460088DCF7D2FDA7
:1050900088B1503004F0D2FB044620B141F6DD6106
:1050A0003920DBF71DFD05212888DCF7D9FD18B173
:1050B00041F6DE61F4E74224204638BD10B50446CF
:1050C000E2F7E6FA38B92146E27911F8010BBDE8BA
:1050D0001040DCF7C9BF0C2010BD10B50446E2F744
:1050E000D7FA50B92146E27911F8010BFEF7B9FC65
:1050F000002814BF0020422010BD0C20FCE710B592
:10510000E2F7C6FA044618B9DCF790FF204610BD56
:105110000C20FCE710B50446DCF782FF207000206D
:1051200010BD10B5052104460088DCF783FD48B1A9
:10513000A378C3F30003C374A378C3F340030375D8
:10514000002010BD4220FCE7038810B50B80044608
:1051500005218088DCF76EFD88B10721A088DCF787
:1051600069FD034620B190F83530003B18BF01239C
:10517000A28861882088BDE81040EAF72FBA422053
:1051800010BD038870B50B80044604210079DCF75C
:1051900051FDB0B906212079DCF74CFD98B190F8AB
:1051A000BD30002B14BF03250225403004F069FAFE
:1051B00058B12B46227961882088BDE87040EAF713
:1051C0000DBA0225F1E7422070BD0C20FCE710B5B6
:1051D0000446008808800F2180B2DCF72BFD0146D1
:1051E00020B1A01CBDE81040FEF75FBE022010BD3C
:1051F00038B5032105460078DCF71CFD0446A0B154
:10520000DFF7E6F828B92046691C03F019FC0020F6
:1052100038BD204603F046FC08B10C20F8E72046D4
:1052200003F03CFC0028F8D1EDE74220F0E708B598
:105230001A20EDF7C1F8BDE80840F3F79BBF08B5A9
:105240001A20EDF7B9F8BDE80840F2F795BA07B5AE
:105250000088694601F03EFC28B9684605F01CF854
:1052600003B05DF804FB0220FAE713B50446E9F742
:105270009BFF684614F8013B8DF803304FF44073F0
:105280000194ADF8003000238DF80230FFF7D1FC17
:1052900002B010BD13B504460020EDF781F8E378A5
:1052A000FB2B13D82278043468468DF803308DF830
:1052B000002014F8022C8DF8022014F8032C01941D
:1052C0008DF80120FFF7B5FC02B010BD1220FBE7FE
:1052D00073B50546E9F768FF04462B7863B10023F0
:1052E0000DF1010101208DF80030EDF7A1F918B1A1
:1052F0006846FFF77DFFA0B9002620468DF80060C4
:1053000003F0D8FBB0428DF8036014BF802333460E
:10531000ADF801302B78012B05D169462046EAF71C
:1053200099FA02B070BD1BB92046FEF7F8FFF8E706
:105330001220F6E710B5022104460088DCF77AFC5B
:1053400020B1A11CBDE81040F2F778B9022010BDD1
:1053500008B502210088DCF76DFC20B10021BDE812
:105360000840F2F76BB9022008BD37B504460D4678
:1053700000880921DCF75EFC18B10C23184603B045
:1053800030BD0B212088DCF755FC0028F5D10C211D
:105390002088DCF74FFC0028EFD16946208801F017
:1053A00099FB03460028E9D16846FEF744FD2288B0
:1053B0002A80828F6A80E1E7F7B504460D460088AF
:1053C0000921DCF737FC18B10C23184603B0F0BDF7
:1053D0000B212088DCF72EFC0028F5D10C21208839
:1053E000DCF728FC0028EFD1238898B22B80638853
:1053F0000BB91223E9E7694601F06CFB034600286C
:10540000E3D16846FEF713FD6488024642F210704D
:10541000A1B2D5694143508E6843958C05FB0000CD
:105420008142E6D301391F466846FEF704FDD5697F
:1054300047636E18B6FBF5F68663D669AE42F6D1C1
:105440008487C2E713B500880C460880694680B29D
:1054500001F040FB034620B96846FEF7ECFC427BB6
:10546000A270184602B010BD10B50C460221DCF740
:10547000E1FB88B1022C11D804F00103C4F340040D
:1054800080F8153280F8144223B190F812323BB103
:10549000DEF7C0FD002010BD0220FCE71220FAE775
:1054A0001846F8E710B504460078FF280AD0032113
:1054B000DCF7C0FB58B16378A27843EA0223C384C7
:1054C000002010BDB4F80100DEF788FFF8E74220A5
:1054D000F7E710B504460078003818BF0120E4F75C
:1054E0009FFD2078003818BF0120DEF753FD002013
:1054F00010BD10B50446ECF759FF50B1E9F754FE62
:105500006178C1F3400201F0010103F010FB0020BB
:1055100010BD03212078DCF78DFB0028F0D142205C
:10552000F6E72DE9F84F03780546013B1E2B02D91B
:105530001220BDE8F88FECF75BFFC80701D40C2000
:10554000F7E728780023D9B2884210D800274FF611
:10555000FF782B78FEB2B3421DD84FF00008C14649
:105560002B785FFA88FA534547D80020E1E705EB2E
:105570008302B2F801600022D4B2A04201D8013304
:10558000E1E78C4205D005EB8204B4F80140B44257
:10559000CED00132F0E705EB86060021B6F8030015
:1055A000DCF748FB044608B90220C2E790F88632CF
:1055B000EBB990F8A430D3B990F8A330BBB9092166
:1055C000B6F80100DCF736FB0028EDD0D4F88832BD
:1055D000002BB4D1B0F8AC3143457CD194F8F6300F
:1055E000190702D4FF2384F853310137B1E705F0DE
:1055F000FFFE0028E3D125209BE705EB8A0A09215D
:10560000BAF80100DCF716FB08210446B0F8AE0139
:10561000DCF710FB07460021BAF80300DCF70AFBB1
:10562000064627B942F648013920DBF759FA10B986
:1056300042F64901F8E70123204687F86830E5F78C
:105640004DFFEFF3108372B6D6F83821C4F8152257
:1056500004F21522C6F8382103B962B607F1200B0F
:10566000584604F00EF808BB7B6F13B16FF4047258
:10567000134400221BB962B942F67901D4E7D3F88A
:10568000111283F8C89121B11A466FF40473CB1834
:10569000F0E70122584684F8C821396901F23A211D
:1056A000F4F738F928B142F6A901BDE7012384F8DF
:1056B000C831FEF70FFBBAF80330C4F8B80104F2A2
:1056C000192424F86D3C08F10108D6F888322360CB
:1056D000C6F8884244E70B202BE738B500784FF630
:1056E000FF750870E6F780FAA84204461CD008212E
:1056F000DCF7A0FA20B942F6CE013920DBF7F0F949
:10570000436F4BB16FF404721344B3F8AC21AA4257
:105710000CD1D3F81132F4E708212046DCF7A0FAC7
:1057200018B142F6DC01E8E7022038BD0C20FCE7A6
:1057300000210088FEF71ABE70B543780546012B9C
:1057400001D9112026E00378262B24D02F2B27D037
:10575000202BF6D1ECF74CFE0446ECF749FE010F86
:1057600041EA547101F001016B78012B01D100294C
:10577000E7D00020FDF7A4FF06460220FDF7A0FFBA
:10578000044696B988B96B782878012B0AD1ECF7D2
:1057900013FE204670BDECF72BFEC1F34011E3E78A
:1057A0000021E1E7ECF716FEF3E70C20F2E70388AF
:1057B00073B5064698B20C460B80B0F5706F2DD2CB
:1057C00001A9E5F70FFD694605463088E5F726FD96
:1057D00080B9009BD3F8C020C4F80220D3F8C420BD
:1057E000C4F80620D3F8C820D3F8CC30C4F80A2077
:1057F000C4F80E3065B9019B5A6EC4F812209A6E37
:10580000DB6EC4F81620C4F81A30284602B070BD0A
:10581000022D05D1022818BF0025F6E71225F4E76E
:105820000025F2E7038813B5044698B20B80B0F563
:10583000706F19D2A378022B16D801A9E5F7D2FC14
:1058400018B9019BDA7D12B9112002B010BD93F88E
:1058500028305BB90198A178838A032B01D80029ED
:10586000F2D104F070FEF0E71220EEE70C20ECE736
:10587000038813B598B20C460B80B0F5706F13D245
:1058800001A9E5F7AFFC68B9019B93F84D306BB106
:10589000019B1A6CC4F802205A6C9B6CC4F8062059
:1058A000C4F80A3002B010BD1220FBE71120F9E75E
:1058B00010B50446F1F754FF40F27123B0FBF3F04A
:1058C0002080002010BD02884BF23F5108B5531EC6
:1058D0009BB28B4206D840F271205043F1F746FF4D
:1058E000002008BD1220FCE7038873B5054698B276
:1058F0000B800023B0F5706F0C468B70CB700B7172
:105900004B718B71CB710B724B728B72CB720B73B1
:105910004B733BD26946E5F781FC01A9064628880E
:10592000E5F760FC054610B146B1022015E02EB146
:105930000023019AAAB942F6FC1103E0009B23B9A7
:1059400042F6F2113920DBF7CBF893F85030FBB177
:105950000098F9F715F915B1002002B070BD0123C8
:10596000E7E792F84D206AB1019804F0EAFD019B47
:105970001A6CC4F802205A6C9B6CC4F80620C4F858
:105980000A30E9E7002BE7D11120E6E71220E4E72F
:10599000002DF9D1CCE737B504460D46B0F8AE017D
:1059A0000821DCF747F920B942F611213920DBF74D
:1059B00097F85DB194F8D03004F1B402003B18BF01
:1059C0000123D27A52B90C2003B030BD94F82830AC
:1059D00004F10C02003B18BF0123F2E7002BF2D1C7
:1059E00003784BB1B4F8B03165B92046238103B0D8
:1059F000BDE83040F8F766BC203003F042FE0028D6
:105A0000F0D1E0E7A4F8B030002104F1B000D4E90F
:105A100031230193B3FBF2F3DBB2013B5343009319
:105A2000D4E97A23F9F76AF8CEE773B504460D4650
:105A300090F8FC000A21DCF7FDF8064620B942F692
:105A400049213920DBF74CF890F83030032B03D193
:105A500085B90C2002B070BD022B09D1002DF8D100
:105A600094F8283004F10C02003B18BF012307E032
:105A7000002DF5D094F82030221D003B18BF0123E3
:105A8000D27A002AE5D0002BE3D106F1C00003F062
:105A9000F8FD0028DDD0B4F8FA30C5B123803046D7
:105AA000D4E90535B5FBF3F5EDB204F01AFAA369B4
:105AB00000FB0555014601932046013D6369ADB2E7
:105AC0005D430095D6E90A23F9F718F8C2E72046A6
:105AD000238102B0BDE87040F8F7F4BB38B5044646
:105AE0000D4662B390F828300BB90C2038BD90F801
:105AF0004D30002BF9D141B194F8D030002BF4D0C7
:105B000094F80031002BF0D1A2B10821B4F8AE0115
:105B1000DCF790F820B942F6BF213920DAF7E0FF30
:105B2000203003F0AEFD0146204604F062FD0DB9C1
:105B30000020DBE704F1B000F9F722F8F8E70029CC
:105B4000DAD1F5E770B504460D4690F8FC000A215D
:105B50001646DCF76FF820B942F6CF213920DAF784
:105B6000BFFF2EB394F828300BB90C2070BD94F809
:105B70004D30002BF9D190F83030022BF5D165B1C2
:105B800094F82030002BF0D094F85030002BECD15A
:105B900090F83030032BE8D136B10121204604F0D3
:105BA00028FD0DB90020E1E72046F8F7E9FFF9E705
:105BB000002DE5D1F6E7038870B5054698B20B8055
:105BC000B0F5706F24D2AC78631E022B20D8092167
:105BD00004F00106C4F34004DCF72CF828B1224697
:105BE0003146BDE87040FFF779BF0B212888DCF70C
:105BF00021F828B122463146BDE87040FFF7A2BF28
:105C00000C212888DCF716F80028F3D1022000E0E8
:105C1000122070BD0388F0B5054698B287B00B809E
:105C2000B0F5706F60D2AB78022B5DD80C21DCF739
:105C300001F800285AD109212888DBF7FBFF044628
:105C40000B212888DBF7F6FF07463CB320B142F66C
:105C50004A313920DAF744FF0821B4F8AE01DBF706
:105C6000E9FF10B942F64F31F3E7D0E9023201788B
:105C7000002918BF1A464168AB780493B1FBF2F3D0
:105C8000DBB2013B5343CDE90273D4E97A67CDE936
:105C900000672888FEF7E3F907B0F0BD40B30A219A
:105CA00090F8FC00DBF7C6FF064610B942F66331F8
:105CB000CFE7C36DD0F8F040B4FBF3F4E4B204F0E6
:105CC00010F9AB7800FB04440493013C7B69A4B257
:105CD000A4FB0343CDE90204D6E90A23CDE900235E
:105CE000F26DD6F8F010D4E71220D5E70C20D3E7F8
:105CF0000220D1E713B500880C46088001A980B2C4
:105D0000E5F78CFA98B9019B93F820209989D2B2D3
:105D100079B172B1D3E920120A430AD0B3F89020C6
:105D2000D3F88830628020726072A072636002B023
:105D300010BD0C20FBE713B500880C46088001A9B4
:105D400080B2E5F76BFA60B9019B93F8202099893E
:105D5000D2B241B13AB1B3F89020D3F88830628022
:105D6000636002B010BD0C20FBE72DE9FF47C3784C
:105D70000446012B05D94FF01208404604B0BDE897
:105D8000F087002B4CD1237D1F2BF4D8B4F81530AD
:105D900043F6F6720A3B9BB29342ECD82378EF2B82
:105DA000E9D8B4F80130B3F5706FE4D2E17D4B1E51
:105DB0001E2BE0D86FF0170504F1180200232D1BED
:105DC000184612F8013B5E1E1E2ED4D88342D2D94B
:105DD000A8188142F4DCF5F7F3FCFF283BD105213C
:105DE000B4F80100DBF726FF0646002800F0CC805F
:105DF000437E002B40F0C88000F10C05CDE9023352
:105E00000A238DF80E3002A8DBF74EFF78B10C2084
:105E1000FDF765FCE37D834220D94FF00D08ACE728
:105E200005F0E6FA0028AED14FF02508A5E7029864
:105E300090F83030022BE6D190F89820B37A9A424D
:105E4000E1D100F19A012B46F27A90F8990000F026
:105E5000F1FD0028D7D04FF00C088EE70A212078FA
:105E6000DBF7E8FE0028F6D10A212078DBF7A4FE54
:105E700005460028D1D003F070FF022342F21072D1
:105E800085F83030B4F815305343C5F8FC3023782A
:105E900085F83130E37D2344DB7D85F83330237E84
:105EA00085F83430237D85F83530E378002B14BF36
:105EB0000123002385F84F30B37A85F89830F37AC0
:105EC00085F8993096F8923085F80231F368C5F874
:105ED0009A30338AA5F89E300AD0231D05F1380286
:105EE00004F1140153F8040B8B4242F8040BF9D16E
:105EF00005F1C000F3F708FD804658B10A2120786B
:105F0000DBF7AEFE00283FF438AF42F66741392098
:105F1000DAF7E6FD94F8179004F1190A09F1FF3950
:105F20004FFA89F919F0800F06D02078F5F73EFC7A
:105F3000FF2386F8393020E70C210DF10600DBF74E
:105F400003FE09F1FF39074610B942F67041DEE75A
:105F500004F00CF8384604F008FBBDF8063007F5ED
:105F6000807727F8063C1AF8093007F8083C95F8BE
:105F70004F3007F80C3C237807F8043CD5F89030F4
:105F80003B60C5F89070CDE74FF04208F5E637B5B5
:105F90000446007808700A21DBF74CFE0546B8B3CA
:105FA00090F83030022B35D1F5F70AFCFF2825D0C8
:105FB0000023CDE9003305238DF806306846DBF772
:105FC00073FE30B9009B93F83920002AF6D083F88D
:105FD0003900FF20F5F7EAFB05F1C00003F02EFCC5
:105FE000044620B142F6A7413920DAF779FD442171
:105FF0002846F5F7EBFB204603B030BD20780A2198
:10600000DBF72EFE04460028F5D042F6AF41EBE761
:106010004224F0E70C24EEE710B50A21044600788C
:10602000DBF708FE034690B190F83020032A01D038
:106030000C2010BD827D022AFAD0827E02F0FF0081
:10604000002AF5D16278DA76FF229A76F1E74220CB
:10605000EFE708B50120EDF70DFBBDE80840F3F7C9
:106060009BB80820ECF7A8B90B20ECF7A5B903F012
:1060700068B802F014BF08B5C3780246013BD8B235
:10608000042801D9FE2806D11378042B03D1E3F7A5
:106090003BF9002008BD1220FCE710B5044604B906
:1060A00010BD236898476468F9E703680BB901607D
:1060B00070471A465B6813B18A42FAD170478A4228
:1060C00018BF5160704708B5E3F7A8FFE9F7F2FC85
:1060D000E0F76EFFBDE80840E4F750B908B5FE20D0
:1060E000E3F712F9BDE80840FFF7EDBF002307B55D
:1060F000CDE9003305238DF806306846DBF7D4FD83
:1061000028B103F08BFC68B140F2DB1107E0009886
:10611000503003F093FB0028EFD04FF4EC710120D6
:10612000DAF7DEFC0520FDF7EFFADBF77FFF03B0BF
:106130005DF804FB08B5F3F7F1FEE0F7F7FFBDE803
:106140000840E9F7ADBAF8F73BBB002313B5CDE93A
:10615000003308238DF806306846DBF7A5FD58B1FB
:106160000920FDF7D1FA0820FDF7CEFAE5F7F4FC97
:1061700078B140F2262107E0009C04F1200003F0F2
:106180005DFB20B140F219210120DAF7A9FC60671C
:10619000E2E702B010BD08B5DDF796FDEFF7F6FCBB
:1061A00020B14FF494710120DAF79AFC0320BDE886
:1061B0000840FDF7A9BA08B50220FDF7A5FA0020AE
:1061C000FDF7A2FADBF70CFEECF79AF9DCF726FBF9
:1061D00020B14FF484710120DAF782FC08BDFFF78B
:1061E000EABF08B5FFF7D7FFF0F784FC20B140F213
:1061F0003D110120DAF774FC08BD08B5FFF76EFF0A
:1062000002F09BFF20B14FF4C5710120DAF768FC62
:1062100008BD002307B5CDE9003304238DF806300F
:106220006846DBF741FD38B102F0E1FF48B14FF4B9
:10623000E2710120DAF754FC0098403003F0FEFAD6
:10624000EEE70420FDF760FA03B05DF804FB08B543
:106250000A20FDF759FA0B20FDF756FA0C20FDF73E
:1062600053FA03F078FD20B140F231210120DAF732
:1062700037FC08BDFFF79FBF08B5E0F74FFFEBF70E
:10628000EDFEEBF739FF02F05AFFBDE80840EDF7ED
:10629000FFB810B5C378044691B163B90388012BE8
:1062A00001D95B082380EDF7F1F92388B0FBF3F205
:1062B00002FB1300A070E37883F00103E37010BDCC
:1062C000002BF8D10388FE2BEDD85B009BB2FF2B8F
:1062D00088BFFF23E6E783780BB1013B83708078AA
:1062E000B0FA80F0400970470123038040F20113A7
:1062F0004380704705F050B80B46152203F8032B76
:10630000D0F80920C1F80320427B1A717047012898
:1063100004D1012914BF002001207047022801D1B7
:106320000229F7E7042801D10429F3E70020704788
:1063300030B585B004460D46ECF73CFF80B36FF4F2
:10634000C87302A91C442088ADF8000000F0C2FB0D
:1063500018B12E217E20DAF7C3FB039B0221684689
:1063600093F878208DF8022093F87920B3F87A30EA
:106370008DF80320ADF80430FEF739F808B1442158
:10638000E8E78DF808009DF808308DF80900002036
:1063900063F307009DF8093063F30F2005B030BDAB
:1063A0002E232B70D4F80930C5F8033004238DF860
:1063B0000830E8E708B5436893F89E201AB18521B4
:1063C0007E20DAF78DFB212283F89E2008BD03464C
:1063D00010F0010005D19A0702D403F004007047C1
:1063E0000220704730B5C1F3072285B0CCB2C0F3AC
:1063F0000723C5B2019011462046FFF788FF20B958
:1064000019462846FFF783FFF0B12B40234002EAEC
:1064100003010B4688071BD411F0010201D101F0E2
:106420000402990716D413F0010001D103F004000F
:10643000042A04D1BDF80630012B08BF0322D2B2D2
:1064400042EA002005B030BD05EA02012340E1E741
:106450000222E6E70220EBE72DE9F84F89460546E0
:106460000846904601F0E9F88246484601F0E9F80E
:106470008346FFF7ACFF06465046FFF7A8FF46EA03
:1064800000070446FFB2003F18BF0127EBF7B6FF35
:1064900000EA0B00C0B2002808BF0026EBF7AEFFF1
:1064A00000EA0A0095F87C20C0B2002808BF00244A
:1064B000B24214BF3346002388F8003095F87D209F
:1064C000A24208BF0024234388F801400CD148466B
:1064D00001F0BDF8B5F89830DB43184447F6FD737A
:1064E00080B2984288BF0027BEB995F87C00E8F7D3
:1064F0003BFE03280ED195F84C31012B0AD1B5F89B
:10650000502195F87C30012A09D1032B09D00323AF
:1065100088F800303846BDE8F88F042EEAE7042BEF
:10652000F8D00423F4E7042905D101280CD1032174
:10653000138051807047032906D1012804D004211B
:10654000012013805180704700207047012806D039
:10655000022804D0033801288CBF00200420704793
:106560007FB54468CDE900211146019894F87C601C
:1065700094F87D50FFF736FFC3B2C0F307209E4268
:1065800008BF0023854208BF002084F8423284F807
:10659000430204B070BDF7B5446806460F4694F850
:1065A0009F50002D65D194F89E30253B022B2DD9AC
:1065B00001A8EBF7F1FFE8B1019B0DF10301DB78D6
:1065C0008DF803300DF10203162294F89E0001F0BD
:1065D0007EFB88B19DF802201621304601F062FB57
:1065E000322384F89F30012384F8E0300023A4F89C
:1065F000DE300CE02946E5E7384601F00FF848B9EF
:106600003946304601F091FB054600E0202528463A
:1066100003B0F0BD3B7903F0070384F874307B7955
:1066200003F0070384F8753094F84D31DBB994F822
:106630004C31012B17D094F87D3094F87420D91E7A
:10664000012998BF04239A420FD194F87C30DA1EB6
:10665000012A94F8752098BF04239A4205D17368E3
:10666000022283F84C212323BBE73046EBF712FFCD
:10667000F9E70125CBE7F8B5446806460F4694F8DC
:106680009F50A5F12103062B47D92F2D45D0002D72
:1066900041D194F89E30262B3FD0084600F0BEFF33
:1066A00028B939463046BDE8F84001F02ABB7B796D
:1066B00003F0070384F875303B7903F0070384F88F
:1066C000743094F84D31D3B994F84C31012B16D075
:1066D00094F87D3094F87420D91E012998BF0423C2
:1066E0009A4214D194F87C30DA1E012A94F875206D
:1066F00098BF04239A420AD1022384F84C31232301
:10670000304684F89F3001F0B4FA2846F8BD304690
:10671000EBF7C0FEF3E70125F7E72025F5E743682F
:1067200037B593F89E3004460D46212B26D10846F6
:1067300000F07FFF616868B9A1F842026368012236
:10674000002083F8DC202522A3F8D80083F89E20BF
:1067500003B030BD2A7900206B7902F00702ADF852
:10676000060003F00703D1F84E118DF804202046EF
:106770008DF80530019AFFF7F3FEDFE70120E7E728
:106780002DE9F743456804460F4695F89F3095F884
:106790009E80242B2CD19F35384600F05AFF0028CC
:1067A0004DD0384600F049FF8146384600F049FF99
:1067B0000146FFF70CFE666848B396F87C309842B5
:1067C00025D096F84C21012A0CBF96F84E2196F858
:1067D0007820114233D0B8F1220F18D096F87520E6
:1067E000114214D153B940F2F7110620DAF778F9C3
:1067F000B8F1220F40F0C3809E35CDE7032B01D0C6
:10680000032832D1984294BF00200120B8B94846ED
:10681000FFF7DDFD00284BD096F87D30834247D04E
:1068200096F84C31012B0CBF96F84F3196F8793021
:1068300019EA030F14BF01230023002B38D163682A
:1068400093F84C21012A19D11E212046EBF704FEB2
:10685000B8F1220F20D1FA786368182A83F8292129
:1068600010D040F269217E20C0E7042BCAD0042852
:10687000C8D098422CBF00200120C7E7002283F82F
:106880004C21E5E70A2283F89E2093F8DC30002BA8
:106890003CD140F27121E6E7002320462B7001F045
:1068A000F2F93946204603B0BDE8F04301F029BAB9
:1068B000304601AA3946FFF7CFFD666880BB96F8DF
:1068C0004C31012B29D1B6F8983006F5357296F87F
:1068D0007C10B6F85001FFF726FE0646C0B9014607
:1068E0002046EBF7B9FD2E70636803F19F029542D5
:1068F00002D1002283F89F20636803F19F02954232
:106900004FF0000538D1204601F0BDF9002037E0F6
:106910006368282283F89E20E6E786F84C01E3E7C7
:10692000384600F094FE6368A6F8D402B3F8D42287
:10693000B3F89810013A521A47F6FD7192B28A42A2
:1069400006D92822204683F8C120EDF7B3FAD3E711
:1069500093F89F200E2A02D00B3A012A01D82A224E
:10696000F0E79DF8042083F8D6229DF8052083F8EF
:10697000D72226232B70BFE783F8DC50C6E702201E
:1069800003B0BDE8F083436810B593F89F20044638
:10699000B3F84212232A15D181B983F89F1093F8D6
:1069A0004C31012B01D1EBF757FD6368002283F8CE
:1069B0004C216368002283F8E02010BD262283F872
:1069C0009F20F6E793F89E20252A0DD141B983F840
:1069D0009E10EBF741FD6368002283F8DC20ECE7B2
:1069E000262283F89E20F6E740F27D317E20DAF7FA
:1069F00077F808B5436893F89F20232A05D022B181
:106A00004FF461717E20DAF76BF8242283F89F201F
:106A100008BDFF2343710023037103604371704776
:106A200043791BB903680BB101221A607047EBF779
:106A300067BD704730B542400C7818785D784440A7
:106A4000487868409D78044488786840DD7804443C
:106A5000C87868401D795B790444087949796840B1
:106A60004B4004442344D3420CBF0120002030BDDE
:106A7000034600200139C9B2FF2900D170475A5C92
:106A800082F001021044C0B2F4E708B5EBF7F6FD5E
:106A9000082807D0EBF714FE082803D0EBF724FEF4
:106AA000012008BD0020FCE708B5EBF7E7FD08284A
:106AB00003D0BDE80840EBF703BE08BD08B5F5F705
:106AC0002DFE18B1BDE80840F5F75EBE082008BDF0
:106AD000F5F724BE70B50D4600210646DBF7AAF88F
:106AE0000446686010B10020287070BD0221304655
:106AF000DBF7A0F8686018B1012320462B70F4E79B
:106B00000220F2E770B5047934F01F040ED1461E5E
:106B1000051D16F8010F01F069F80444AE42E4B215
:106B2000F7D1012C94BF0020012070BD0020FCE7AC
:106B300001440023884203D1B3FA83F0400970472F
:106B400010F8012B1343F5E7F8B505460C46D0E9DC
:106B50000476FAF7C3F820B94FF481712920D9F7E8
:106B6000BFFFF4B1D5E90431DA1B61EB0603012A5A
:106B700073F100014FF0000115DB6FF0010090424E
:106B800071EB030302DA4FF48671E7E7631E1344E7
:106B9000B3FBF4F35C43E41946F10006C5E904468F
:106BA0001C462046F8BD0C46FBE7CB1E012B0FD838
:106BB000032915BF4FF4167396234022102203F5C4
:106BC000BC73984212D9C01A90FBF2F080B27047A1
:106BD000022905D13C2809D93C38C0F38F00704701
:106BE000702803D97038C0F3CF0070470020704779
:106BF00003460868986770470229024608B515D011
:106C000006D801290AD040F27D112920D9F768FF62
:106C100003390129F7D840F6A66008BD40F6C41331
:106C200040F2E240002A18BF1846F6E740F6C410CA
:106C3000F3E76FF4B37C6044884294BF091A491AA1
:106C40001868012900EB5100186098BF00201368F4
:106C500088BF0120A3EB51031360704708B5F6F716
:106C6000EFF9BDE80840ECF7B1B9C3B293FAA3F36A
:106C7000000A90FAA0F01B0E000E43EA00207047B5
:106C80000131821DF8B5C9B20023012512F8010BAC
:106C9000884216D312F8066C002405FA04F7E0B215
:106CA00037421CBF01F1FF31C9B269B10134082C70
:106CB000F3D10133DBB2052BE8D199214620D9F776
:106CC0000FFF091AC9B2F4E700EBC300C0B2F8BD68
:106CD0000B6870B5C0F8013004460B79451C861D61
:106CE00003F01F0343710023C37215F8010B00F07A
:106CF0007DFF2871B542E37A1844E072F5D170BD8A
:106D000081EA114189B270B50446C57A032682EA48
:106D10000100FFF7AAFF013E00EB001016F0FF068E
:106D200001EB000290B2F4D141402522B1FBF2F315
:106D300002FB1313C3F3C402D8B203F007032244C7
:106D40005678012202FA03F31E4207D16943204616
:106D5000C1F30741BDE87040FFF792BF70BDF8B5C1
:106D600090F8215004466B1E242B56D8002A56D08A
:106D7000807D18B1012846D01F2019E094F8231017
:106D8000012694F8223002FB03132522B3FBF2F113
:106D900002FB1133DBB204EBD30284F82330D17D44
:106DA00003F0070206FA02F2114202D084F82430FE
:106DB000F8BDB3FBF5F205FB123304F11C010246EA
:106DC0000133D8B211F8013B834219D311F8067C84
:106DD000002306FA03FCDDB21CEA070F1CBF00F11A
:106DE000FF30C0B220B905EBC20284F82420DFE7EF
:106DF0000133082BEDD10132D2B2052AE2D1BBE733
:106E0000C01AC0B2F7E7228904F11600096AFFF739
:106E100077FF84F824000020CAE71220C8E7104654
:106E2000C6E72DE9F04105469DF8180082EA1242B6
:106E30000E460128E97A94B240D183EA0400032780
:106E4000FFF713FF7B1E00EB001013F0FF07204439
:106E500080B2F5D1444025233080B4FBF3FC03FB22
:106E60001C4CCCF3C4031FFA8CF25FFA8CF80CF0C4
:106E7000070C2B445878012303FA0CFC10EA0C0F82
:106E800013D01F2AD5F80100697950D89340013BEF
:106E90000F40184000F075FE0446384600F0A6FE8C
:106EA00004444046B470BDE8F0814C432414B470EF
:106EB000B1782846BDE8F041FFF7E2BE0829B7786F
:106EC00027D84B1FA1F10A0202EBD27252109A424C
:106ED0001046B8BF1846012825DD9A421DDD21293C
:106EE00023D8D2B23088FFF7C0FE00EB0010A1EB30
:106EF00042033A44204480B24440308003FB0444BF
:106F000002EB2442D2B2B2FBF1F301FB1322B270C6
:106F1000CEE7212909D80323D4E708290A4628BF48
:106F20000822053ADDE70122DCE70B22DAE7203A06
:106F30009340013BDFB24FF0FF33A9E7034612EA6B
:106F4000010003D013F03F0018BF012070474078C4
:106F500070470B68C0F803308B88A0F80730704783
:106F6000D0F803300B60B0F807308B8070470B68A7
:106F7000C0F809308B88A0F80D307047037889017C
:106F800023F0400301F040010B4303707047007889
:106F9000C0F380107047037803F07F0343EAC11306
:106FA000037070470078C00970471F2A38B505463E
:106FB000144603D9BF212A20D9F792FD063409309F
:106FC000FBF77EFB6C7038BD1F2A38B505461446AA
:106FD00003D9E1212A20D9F783FD06340930FBF7D4
:106FE0006FFB6C7038BD30B50378024603F00F03B9
:106FF000032B40D0052B1FD1C37F90F82000034303
:1070000092F82100034392F82200034392F82300F0
:1070100020F01F0018432DD05378222B0CD1B2F84A
:107020001930B2F81740907D41B1B3F5506F05D9D2
:1070300040F607518B420ED900201BE0991F40F605
:107040007A4589B2A942F7D8411E0729F4D883426C
:10705000F2D9A342F0D3B2F81B30B3F5FA7FEBD2EA
:10706000B2F81D0040F676430A3880B298428CBFD1
:107070000020012030BD4078A0F10C035842584157
:10708000F8E72DE9F04190F8038005460E4618F028
:107090003F0700F09180072900F28E80DFE801F0C1
:1070A00004101A242E38424C017901224046FFF781
:1070B00045FF00280CBF344605242046BDE8F0817A
:1070C000017902224046FFF739FF04460028F4D038
:1070D000052462E0017904224046FFF72FFF0446B1
:1070E0000028EAD0052450E0017908224046FFF745
:1070F00025FF04460028E0D005243EE00179102257
:107100004046FFF71BFF04460028D6D005242CE09C
:10711000017920224046FFF711FF04460028CCD019
:1071200034461AE0017940224046FFF707FF044643
:107130000028C2D0052408E0017940224046FFF72C
:10714000FDFE00280CBF0524062420222979404694
:10715000FFF7F4FE08B11234E4B210222979404658
:10716000FFF7ECFE08B10334E4B208222979404667
:10717000FFF7E4FE08B10234E4B204222979404664
:10718000FFF7DCFE08B10134E4B20222297940465F
:10719000FFF7D4FE08B10634E4B201222979404653
:1071A000FFF7CCFE08B10634E4B2072E85D1231FC9
:1071B0009F42B8BF002480E700247EE770B50C46EC
:1071C000064611461D4624B940F2E9212A20D9F786
:1071D00087FCFFF756FF10B940F2EA21F6E7031FDC
:1071E0002B443F2B02DD40F2EB21EFE72A462146FC
:1071F0003044BDE87040FBF763BA10B50446FFF7B2
:1072000040FF00B1204410BDC07800F03F0070473F
:10721000C37803F03F0343EA8113C3707047C1F39F
:10722000800330B5C1F38014C1F340052344C1F39A
:10723000001404EB44042344C1F3401404EBC404DD
:1072400003EB4403C1F300042C44C1F3C005134411
:1072500004EB44042C4403EB440313F0FF031CBF72
:1072600001330171C17818BFDBB221F03F0103F097
:107270003F042143C170591C41701AB104339B1A59
:10728000013AC25430BD70B5C4780646154604F0C4
:107290003F041319FE2B04DD40F247312A20D9F7B1
:1072A0001FFC0135201D2C443044FBF709FA747093
:1072B00070BD4378C078013B00F03F00181AC0B29F
:1072C0007047F8B50E4619460746FFF7F2FF451A14
:1072D000ECB2944228BF14464EB1FA78304602F020
:1072E0003F020432114422463944FBF7E9F92046B3
:1072F000F8BD2DE9F047C678012201793046FFF745
:107300001DFE022205463046FFF718FE2022824667
:107310003046FFF713FE082207463046FFF70EFE01
:10732000102281463046FFF709FE0422044630460B
:10733000FFF704FE402280463046FFF7FFFD05EBD5
:107340000A0307EBC707404404EB44044F4403EB34
:10735000430320443B4400EB430010F0FF001CBFFC
:107360000130C0B2BDE8F08738B5C5780446AB0936
:10737000032B1ED005F03F054378AB4219D9FFF728
:10738000B8FFA84215D895B12379DB060FD50421A3
:107390002046FFF732FF48B1037803F03F03242B68
:1073A00007D880785F288CBF0020012038BD0120DD
:1073B000FCE70020FAE70278437802F00F02072A80
:1073C00012D8DFE802F0080408111111080E0C3B76
:1073D000584258417047063B1F2B8CBF00200120AC
:1073E00070470BB1FFF7C0BF00207047027802F072
:1073F0000F02072A0AD0082A0AD0042A0ED14078A0
:1074000006381F288CBF002001207047FFF7ACBF53
:107410004078A0F10E035842584170470020704751
:1074200040787047037801F0030123F003030B4316
:1074300003707047007800F003007047037849013B
:1074400023F0200301F020010B43037070470B78F9
:10745000837070471B2A08B504D940F252412A2094
:10746000D9F73EFB42700330BDE80840FBF728B96E
:10747000B0F807007047B0F809007047C172090AF8
:1074800001737047B0F80B00704770B5B0F8073063
:10749000B0F80950B0F805600479B0F80B0091B16C
:1074A000B3F5506F0FD940F60752934218D8B5F58F
:1074B000FA7F15D20A3840F6764380B298428CBFE4
:1074C0000020012070BD9A1F40F67A4192B28A4294
:1074D00006D8621E072A03D89C4201D29E42E5E7E5
:1074E0000020EFE70B6843600B7903727047436835
:1074F0000B60037A0B717047B0F809007047007990
:1075000070470B6843604B688360704743680B604B
:1075100083684B6070470B888381704783890B8039
:1075200070470B68C0F80E304B68C0F812307047D7
:10753000D0F80E300B60D0F812304B6070470B68FB
:10754000C0F816307047D0F816300B607047FFF760
:10755000D8BFFFF7DBBF0B68C3607047C3680B6021
:107560007047007970470171090A41717047817154
:10757000090AC17170470172090A4172704781722C
:10758000090AC172704704307047263070470430D2
:1075900001F1200351F8042B994240F8042BF9D152
:1075A0000B880380704738B515460446FFF7EFFF98
:1075B0002B68C4F826306B68C4F82A3038BDC3780D
:1075C00003F06003402B10B524D08288052A21D90E
:1075D000837AD0F80640C3F3040323431AD0838A86
:1075E000CB1A1BB2002BB8BF5B429BB2B3F5804FE6
:1075F00010D2438AC08A181A00B20028B8BF40428D
:1076000080B2012808D95043B0F57A6FCCBF002072
:10761000012010BD0020FCE70120FAE703790246B3
:1076200013F0070004D0507910F0070018BF0120B4
:107630007047FFF7F3BF01717047007970474171E0
:107640007047407970478171090AC1717047C088DD
:1076500070470279437902F0070203F00703511ED5
:107660000A40591E0B4013430CBF012000207047F5
:1076700001717047007970474171704740797047D8
:107680000B7803714B7843718B788371CB78C3711E
:107690000B7903724A7910B513020C7902F00F02CC
:1076A00003F4404344EA022213431B1243728B79D2
:1076B0008372CB7903F00F03C3720B7A03734B7A97
:1076C00043738B7A03F00F038373CB7AC3730B7B03
:1076D00003744B7B03F00F034374CB898374CB8912
:1076E0001B0AC3740B8A03750B8A1B0A43758B7CB8
:1076F0008375CB7CC3750B7D03764B7D43768B7D89
:1077000003F0F002C3F3030313438376CB7DC37608
:107710000B7E0377B1F819304377B1F819301B0AA3
:107720008377CB7EC3770B7F80F820304B7F80F848
:1077300021308B7F80F82230CB7F80F8233091F886
:10774000203080F82430B1F8213080F82530B1F8AD
:1077500021301B0A80F8263010BD03790B70437965
:107760004B7083798B70C379CB7003890B71C3F332
:1077700003224B7923F00F0313434B7103894A799A
:107780009B0B63F386124A71D2B20389DB0B63F35E
:10779000C7124A7143898B71C3F30322CB7923F05B
:1077A0000F031343CB71837B427B10B5047B4A727A
:1077B00003F00F028B7A0C7223F00F0313438B72CA
:1077C000027C437CC47BCC720A7303F00F024B7BB8
:1077D00023F00F0313434B73438ACB81838A0B82BD
:1077E000837D8B74027E437EC47D4B75CC740A7599
:1077F0008B7D827E62F303038B75837E8A7D1B09FA
:1078000063F307128A75C37ECB75037F0B76B0F8DE
:107810001D30A1F8193090F8202090F82130C47F55
:107820000A77CC764B7790F8243090F8232090F8A4
:107830002240CA778C7781F82030B0F82530A1F843
:10784000213010BD0B7803714B7843718B788371B5
:10785000CB78C3710B7903724B794372CB888372F7
:10786000CB881B0AC37270474279837910B50479BB
:107870004A700C708B70437A027AC4790A71CC70AA
:107880004B714389CB8010BD0B6803710B681B0AD9
:1078900043710B681B0C83710B681B0EC3710B7952
:1078A00003724B7943728B798372CB79C3720B7AF3
:1078B00003734B7A43738B7A8373CB7AC3730B7BDB
:1078C0000374B1F80D304374B1F80D301B0A8374A2
:1078D0007047436810B50B60427A837A047A4A7124
:1078E0000C718B71027B437BC47A0A72CC714B7230
:1078F000037CC27B847BCA728C720B73B0F811302C
:10790000A1F80D3010BD0B7803714B7843718B7863
:107910008371704703790B7043794B7083798B7057
:107920007047FB2908B504D940F2E6712A20D9F73F
:10793000D7F8417008BD037843B1406890F812321F
:1079400023B1002380F81232DCF764BB704708B51E
:10795000017A19B101290DD0002008BD0368022168
:10796000C2888088EBF7D4FB0028F6D1EBF7D0FD76
:107970000120F2E70368C288F3E702230B700123BA
:107980008B707047EBF754BD0222EBF7AFBD0322BB
:10799000EBF7ACBD0422EBF7A9BD0222EBF7D8BD93
:1079A0000322EBF7D5BD0422EBF7D2BD14230B70F5
:1079B0006FF4BA7318440388A1F80330B0F850305C
:1079C000A1F80530B0F85430A1F80730B0F85230C3
:1079D000A1F80930B0F85630A1F80B30704708B55F
:1079E000CB1E012B04D8800100F5747080B208BD55
:1079F000012902D10E30C000F8E7022902D10F3070
:107A00008000F3E740F259210620D9F769F8406871
:107A10007047033901298CBFC08A4FF42960704731
:107A200070B590F87C608D88033E0C89012E04D9D6
:107A300043B11678033E012E04D8B5F5296F38BF3F
:107A40004FF4296590F87D60033E012E04D943B1BF
:107A50005378033B012B04D8B4F5296F38BF4FF49A
:107A60002964CB884A88A0F86830A0F86420A0F880
:107A70006650A0F86A4070BD38B5CB1E0446012B95
:107A800010D9C38B458C9D4228BF1D46207AFFF735
:107A9000A6FF6389AB4228BF2B46984238BF1846E1
:107AA00080B238BD4FF42965F0E72DE9F041064674
:107AB00090460C46B0F8500011461F46FFF78FFF66
:107AC0000546414606F14400FFF7D6FF8542394698
:107AD000A7F1030728BF0546B6F85800FFF77FFF58
:107AE000012F0346ADB28CBFB6F85A004FF429609F
:107AF000834228BF0346A01D9BB280B22B4418448A
:107B0000BDE8F08170B541F64B531646C2690C468C
:107B10009A4290F87D3090F87C2094BF4D259625B0
:107B20002946FFF7C2FF28443044A04294BF201AE0
:107B3000002070BD70B5C6690D4641F64B5190F8F6
:107B40007D3090F87C2004468E4294BF4D219621D2
:107B5000FFF7ABFF0544A56470BD006801F19C030D
:107B6000984283BF401A9C38400800207047002884
:107B700003DB814204DC08B202E049428142FADCC4
:107B8000704700F05533400800F05530034403F0CF
:107B900033329B0803F033331A4402F00F331209D7
:107BA00002F00F32134403F0FF101B0A03F0FF131F
:107BB000034403EB1343D8B2704745F2555300EA30
:107BC000030203EA5000104443F2333200EA020396
:107BD00002EA90021A4440F60F7302EA030003EA35
:107BE0001213184400EB1020C0B2704700F0550388
:107BF000400800F05500184400F03303800800F0FE
:107C00003300184400F00F0303EB1010704780EAB4
:107C10006000FFF7B6BF40F34E039BB25840FFF73A
:107C2000CCBF034608460BB108B9184670478342DB
:107C30008BBFB3FBF0F2B0FBF3F200FB123303FB9C
:107C40001200F0E710B50C4600B119B96F21792088
:107C5000D8F746FF4443FFF7E4FFB4FBF0F010BD54
:107C60004368002283F89E2083F8DC20A3F8D82004
:107C7000704743680022A3F8DE2093F8E020013229
:107C800083F8E0207047426808B592F8E030013B85
:107C90005BB2002B82F8E03003DA34214A20D8F7B7
:107CA0001FFF08BD436883F82B1183F82A21704712
:107CB000A0F10B03042B08D9A0F12103062B04D952
:107CC000A0F12F0358425841704701207047162AEF
:107CD00010B50446084612D1A4F10C02032A03D8B9
:107CE0002A2201201A7010BD212C01D12322F8E78D
:107CF0000029F8D00A78012AF2D9162AF6D00020F5
:107D0000F1E74268D2F8903010B513F008040AD1B8
:107D100043F00803C2F89030CB7882F82831FFF79F
:107D2000A8FF204610BD0120FCE7436893F89F00A0
:107D300058B9CA78A3F8DE0083F82821032283F813
:107D40009F20012283F8E02070470120704708B58A
:107D5000436893F89E301BB1C6214A20D8F7C0FE75
:107D600008BD38B54D680446B5F86810FFF7FBFB51
:107D7000B5F836112046FFF7FAFBB5F86410204637
:107D8000FFF7F9FBB5F834112046BDE83840FFF79E
:107D9000F6BB10B5446894F8A030073B012B07D917
:107DA0000846FFF7ACFB072384F8A10084F8A03055
:107DB000002010BD426892F8A030073B012B84BF21
:107DC000082382F8A0307047F8B5476804460D468E
:107DD00097F89F6016BB0846FFF78EFB6168A7F80F
:107DE000D402B1F8D432B1F89820013B9B1A47F67F
:107DF000FD729BB2934207D92823204681F8C130F7
:107E0000ECF758F83046F8BD01F2D6212846FFF7C6
:107E10006EFB63680B2283F89F20F3E70126F1E7EE
:107E200008B5436893F89E201AB12A215520D8F747
:107E300057FE0C2283F89E2008BD0B46082203F84B
:107E4000032BD0F80920C1F80320D0F80D205A6088
:107E5000427C1A720023CB707047F8B5436806461F
:107E60000D4693F89F40002C66D193F88110284668
:107E7000FFF70BFB28B929463046BDE8F840FFF76D
:107E800040BF7268B5F80D30B2F89810A2F8D4323D
:107E9000C9430B4447F6FD719BB28B4207D9282397
:107EA000304682F8C130ECF705F82046F8BD284688
:107EB000FFF7DEFA6FF45063776841F64B52C31850
:107EC0009BB2062B96BF4FF47A7340F2E243A0F5C3
:107ED000506058439042C7F8DC022B798ABFC3EB4D
:107EE000431203EB830303EB820341F64B5295BF2E
:107EF00003EB830303EB83039B005B0088BF9BB210
:107F00009042284694BF642240F2E242A7F8D6325B
:107F1000B5F805305343C7F8D832FFF7ACFAA7F8E5
:107F2000E00228467768FFF7ADFA73680E22A7F8DB
:107F3000E20283F89F20B8E70124B6E708B543685A
:107F400093F89E201AB15C215620D8F7C9FD0E2265
:107F500083F89E2008BD0B230B70D0F80930C1F8C0
:107F6000023070470B460C2203F8022BB0F80920B0
:107F70004A80C27A9A7070474368D3F8383110B596
:107F800004465BB10C22FFF78DFE63683222204667
:107F900083F89F20FFF76DFE012010BD1846FCE717
:107FA00010B50446406890F89E30182B14D100F5A7
:107FB000887200F51771052300F51B70FAF746F873
:107FC000636801220020002183F8A3201A22C3E95C
:107FD000400183F89E2010BD0220FCE738B50D4615
:107FE0004168044691F89E30152B10D101F51971A6
:107FF0002846FFF7AEFA6168284601F59271FFF74F
:10800000ADFA63681822002083F89E2038BD022054
:10801000FCE7436893F89E20112A05BF0020142234
:10802000022083F8A30008BF83F89E20704708B59C
:10803000436893F89E20142A04D040F20B111F20AD
:10804000D8F74EFD012283F8E220132283F89E2008
:1080500008BD38B54368054693F89F4034B1123CDB
:108060000B2C94BF08240124204638BD93F8A4307B
:10807000002BF9D00A21FFF77FFF0028F4D1284612
:10808000FFF7F7FD6B68122283F89F20ECE708B535
:10809000436893F89F20162A04D040F279111F20DC
:1080A000D8F71EFD012283F8E120172283F89F20D4
:1080B00008BD436893F89F20132A05BF14220020AF
:1080C000022083F89F207047436810B593F89F30D3
:1080D0000446192B07D1FFF7D6FD63681D22002047
:1080E00083F89F2010BD0220FCE708B5436893F891
:1080F0009F20122A04D04FF4D1711F20D8F7F0FC32
:10810000012283F8E120132283F89F2008BD08B5DF
:10811000436893F89F20172A04D04FF4D5711F208D
:10812000D8F7DEFC192283F89F2008BD08B5436804
:1081300093F89E201A2A04D04FF4ED711F20D8F72F
:10814000CFFC1C2283F89E2008BD08B5436893F835
:108150009E2022B14FF4F0711F20D8F7C1FC0122FC
:1081600083F8E120112283F89E2008BD08B54368FA
:1081700093F89E203AB193F8E22022B940F2E71139
:108180001F20D8F7ADFC012283F8E120152283F8E7
:108190009E2008BD0B46072203F8032BD0F80920C8
:1081A000C1F80320D0F80D205A60B0F811201A81D0
:1081B000C27C9A72704708B5436893F89E201AB142
:1081C000BC211C20D8F78CFC042283F89E2008BD1B
:1081D00008B5027843684AB993F89F201AB1C421C0
:1081E0001C20D8F77DFC83F8E02008BDD3F8901060
:1081F000CA0701D4C921F3E793F8E020013A52B24B
:10820000002A83F8E02001DACB21E9E721F001011F
:10821000C3F89010E9E70E23A0F5B6700B70038841
:108220004B8070474368017893F89E2061B9052A16
:1082300008BF00224FF0000002BF83F8D02083F86F
:10824000DC2083F89E207047102AF1E738B50378C8
:1082500045682BB995F89F00012380B1012015E0F6
:10826000D5F8903013F00404F8D1FFF702FDD5F8EB
:108270009030204643F00403C5F8903006E085F8BE
:10828000E0300223A5F8DE0085F89F3038BD037882
:10829000426813B982F8E0307047D2F8903023F08A
:1082A0000403C2F89030FFF7EEBC08B543680278CB
:1082B00093F89E1019B171214B20D8F711FC002AB8
:1082C0000CBF0522102283F89E2008BD10B5D0E90E
:1082D0000D42A24206D38B8C121B498E05334B43B1
:1082E000934202D3012380F8403010BD01230B706C
:1082F00000238B7030F8E43CA1F80330437A4B71D3
:108300004389CB8083890B81704708B5436893F814
:10831000E32091070ED493F89E201AB174214020D7
:10832000D8F7DEFB0121A3F8D82083F89E1083F84C
:10833000DC1008BD027842B993F89F200AB983F88F
:10834000E020002283F85221F3E7D3F890108A0747
:10835000F7D593F8E020013A52B2002A83F8E020E2
:1083600001DA8621DBE721F00201C3F89010E8E78B
:1083700010B50B7901284C790A6843EA04211046AC
:1083800008BF41F4803110BD07B5FFF7F1FF0DF1D3
:108390000702ECF727F803B05DF804FB38B5054693
:1083A000FEF732FF044608B9002038BD07212846F1
:1083B000FEF767FE0028F7D00434201AC0B2F4E7B5
:1083C00070B506460D460721FEF717FF04463046F6
:1083D000FFF7E4FF014674B1A0B100235A1CE01876
:1083E000D2B2A65CE25CAE4211D12C2D05D0322D6A
:1083F0000BD0282D07D0002004E0222A02D03A2AF0
:1084000018BF002070BD082AFAE7092AF8E70132F0
:108410001344DBB29942E1D8EDE70B46062203F89C
:10842000032BB0F80920A1F80320C27A9A70704794
:108430000B46172203F8032BD0F80920C1F80320BC
:10844000D0F80D205A607047312301F8033B00F14A
:108450000903293053F8042B834241F8042BF9D146
:108460001B880B807047F0B50646BDF8147001F507
:10847000A571D92E344607F0010507F0020028BF88
:10848000D9243034A4B2FF2C28BFFF24BF0700F04A
:10849000AF8048B3042A21D0032A22D0022A0CBF7D
:1084A0004FF496744FF414740C44D11EC9B29C342A
:1084B000022934BF282000200129044440D804F5B3
:1084C00035649834002D48D0042A40D0032A41D086
:1084D000022A0CBF6421C0210819F0BD41F2D0244A
:1084E000E2E740F2CE54DFE783B1042A08D0032A42
:1084F00009D0022A40F6480408BF4FF48564D3E748
:1085000044F29024D0E741F2BE14CDE7042A05D10D
:108510000534A4B2A40104F5C874C5E7032A05D143
:108520000534A4B2240104F5BF74BDE7022A0BBFD1
:108530000B340A34A4B2A4B20CBFA400E400B3E725
:10854000022A0CBFB4204FF4B0700444B9E74FF4D2
:10855000CA61C1E740F2AE21BEE793B1042A0AD056
:10856000032A0BD0022A40F648000CBF4FF4856165
:108570000146601812E044F29021FAE741F2BE1180
:10858000F7E7F12E354628BFF125042A1ED105F163
:10859000130080B2800100F5C8752819D92E9CD926
:1085A000D93EF721B6B2002B56D0F636042AB6FBD8
:1085B000F1F64BD0032A4CD040F2725340F69211A0
:1085C000022A18BF0B4603FB060086E7032A05D1E3
:1085D0001335ADB22D0105F5BF75DEE7022A0BBFDD
:1085E00019351835ADB2ADB20CBFAD00ED00D4E712
:1085F0008BB1042A09D0032A0AD0022A40F6480087
:108600000CBF4FF485640446B3E744F29024B0E70E
:1086100041F2BE14ADE7042A05D10534A4B2A40189
:1086200004F5C874A5E7032A05D10534A4B22001D6
:1086300000F5BF749DE7022A0BBF0B3404F10A0555
:10864000A0B2ADB20CBF8400EC0092E744F2DA3382
:10865000B9E741F20833B6E7B6FBF1F3042ADBB21F
:108660001CD0032A1DD040F2725140F69214022A07
:1086700018BF214601FB0300C3EB4311C3EBC10349
:10868000F61AB3B2002B3FF428AF0833042A9BB28A
:108690000AD19B0103F21A4318441EE744F2DA316F
:1086A000E8E741F20831E5E7032A03D11B0103F5AE
:1086B0004673F1E7022A0BBF9B00DB0003F5BB7397
:1086C00003F5CD73E8E78B88F7B513F01806074676
:1086D0000C4625D1086820B940F2DA312D20D8F7B0
:1086E000FFF900F0ACFA217C657C032908BF042166
:1086F000032D08BF0425EBF785FFA38801462A4612
:10870000384600933346FFF7AEFECC30D4E902235F
:10871000824273F100032CBF0120002003B0F0BDA2
:108720000120FBE738B513220B460C4603F8032B58
:1087300000F10902293052F8041B824243F8041B5D
:10874000F9D1127802211A700123A588A371284655
:10875000D9F770FA70B1E37863B10088E9F7DCFE0D
:1087600002212846D9F77CFA20B140F227212D209A
:10877000D8F7B6F938BD10B50446EAF787FF82B2DC
:1087800004F1690104F13600FEF7BAFA84F84400F6
:1087900010BD37B504460D46FFF7EDFF01222B460D
:1087A0006179204603B0BDE83040EBF79FBF38B594
:1087B000CB690446104641F27072A3F57A75954272
:1087C00095BF4FF47A7240F2E242B3FBF2F3B3FB8F
:1087D000F2F398BF03F5506304F1A8029BB2A4F82A
:1087E000B4308B8CA4F8B630CB8CA4F8B83091F8A8
:1087F000003284F8BA30A37F63B394F86830012B59
:1088000028D194F86E3003F0C003402B22D1D4F865
:108810006930C4F8A830B4F86D3093800828236A12
:1088200004F1AE019A7803F1030584F8A12004F164
:10883000A202D3F8033018D0C4F8AE30AB888B80D6
:1088400004F1A101EAF75AF940B940F69B312D2015
:10885000D8F746F90023C4F8A830DEE794F8A13031
:1088600043F0020384F8A13038BDC4F8A230AB88CD
:1088700093800023C4F8AE308B80F5E70B461622B8
:1088800010B503F8032BD0F80920C1F80320427B70
:108890001A71CB78BBB130F8BC3C1B0713D4B1F8CC
:1088A000054002212046D9F7C5F960B10088E9F7F3
:1088B00033FE02212046D9F7D3F920B140F26D21D1
:1088C0002D20D8F70DF910BD0121ECF74BBAFFF7B9
:1088D000FBBF08B590F89C300BB1012008BD90F8A3
:1088E000D430002BF9D190F8C63003F0FF00002BF4
:1088F000F4D0E9F75BFD80F00100C0B2EEE730B5DF
:108900004FF4B47285B00D4600210446F9F74EFFCE
:10891000FF2323701323638042F21073E384D9F79B
:10892000A5FA00220146E0646846D9F7E3FA00227E
:108930000121E06CFAF7E7FF0422E16C6846D9F701
:10894000D9FA0022E06C1146FAF7DDFF04F130009D
:10895000257500F024F902A8EAF786FB20B940F259
:1089600012312D20D8F7BCF802A904F13600FEF729
:10897000AFF904F18000FEF74CF805B030BDFF23DD
:10898000C86C0B70FAF78CBF0078FF3818BF012055
:108990007047F7B5044630300E4600F050F9618854
:1089A0000746CA0605D52822EDF7CCFC873003B070
:1089B000F0BD8B07E06C0FD5FBF743F80546217936
:1089C0003846EBF71FFE638801466279009328461C
:1089D0003346FFF748FDE9E7FBF723F8EEE7438866
:1089E000092B10B5044607D1EDF7D6F92046012131
:1089F000BDE81040EDF714B910BD034608465A888B
:108A000012F0180F30B587B010D103F13001ADF876
:108A10000420D3E902459B8800916946ADF81030E7
:108A2000CDE90245FFF74FFE07B030BD0120FBE75F
:108A3000D0E902017047407D003818BF012070471F
:108A40000B68C0F817308B88A0F81B3001234377E0
:108A50007047438813F0100005D013F0040F14BFC3
:108A600000201F2070479A0704D4DB0701D4D9F7F0
:108A700029BAEE20704708B5FFF7EBFF003818BFA2
:108A8000012008BD0023A0F8483043881D2B08BFF3
:108A900000214174704790F914007047408800F03D
:108AA000010070474088C0F3400070474088C0F321
:108AB000401070474088C0F3C000704710B544882C
:108AC000C06CE30654BFC4F340040024FAF7A0FFCF
:108AD000002C08BF012010BD4088C0F30010704773
:108AE0004088A0F1090358425841704740797047C7
:108AF00010B50446EAF7CAFDC0F30B00A042F9D056
:108B000010BD90F8683001624B72D0F86930C1F83E
:108B10000A30B0F86D30CB8170477047EBF76CBF0F
:108B200080F890107047FF2380F89330704780F8EA
:108B3000241080F825207047C0F34002C0F3800362
:108B400000F00100134418447047022808B507D00C
:108B5000042807D0012807D039212E20D7F7C0FFDD
:108B6000262008BD2720FCE72520FAE78278034667
:108B700012F0010002D0D978C9070FD5900702D5AD
:108B8000D978890709D512F0040007D0DB7813F0F3
:108B9000040F14BF002004207047022070470023F8
:108BA000C0F8023001234370037070478170704732
:108BB00010B54270144601708078FFF7BDFF48433E
:108BC00004FB00F2FE2A03DD5C212E20D7F788FF8C
:108BD00010BD0023C37043710371704710B5044684
:108BE000FFF7C4FF637962780133DBB29A426371A5
:108BF0000CD1E3780022A17803436271DBB2994281
:108C0000E37001BF2379E27001332371BDE81040A6
:108C1000FFF79BBF38B504468078FFF78DFF01460C
:108C2000E078FFF789FF2378227965789B1A6B43F8
:108C300059436379C91A00FB1510C0B238BD01460B
:108C400008B58078FFF778FF4A780B78534358438C
:108C5000C0B208BD08B5427903462AB1FFF786FFC6
:108C6000BDE80840FFF771BFC07881070BD410F052
:108C70000100F5D19B785A0707D413F0020F0CBFFF
:108C800001200220ECE70220EAE70420E8E70428BC
:108C900006D1920102F53472803201FB02F0704776
:108CA000032803D1120102F5E772F5E702280BBF92
:108CB0000B320A329200D200EEE740F2EF2070470A
:108CC00040F25A335843704738B50E38536814464B
:108CD0000D4693F89E2009283FD8DFE800F0053EB6
:108CE0003E3E0F3E173E3E26042A05D12046FEF7A3
:108CF000B7FF2046EBF79AFA002038BD102AFBD1C7
:108D000020460021BDE83840FFF78CBA1E2AF3D177
:108D10002046FEF7A5FF002DEED0626892F8F330F2
:108D200023F0200382F8F330E6E793F89F20242A0B
:108D3000E2D10025204683F89F50FEF7A4FF636828
:108D400093F84C31012B03D129462046E9F784FBE7
:108D50006368002283F84C21CEE74FF40F71312075
:108D6000D7F7BEFE10B50446FEF77AFF2046BDE8F1
:108D7000104001F034BB08B5436893F89F20172AD0
:108D800004D040F2D4413120D7F7AAFE1B2283F849
:108D90009F2008BD08B5436893F89F20322A06D16A
:108DA000002283F89F20BDE80840FEF76CBF172A19
:108DB00003D11B2283F89F2008BD40F2E9413120F6
:108DC000D7F78EFE037D63B9C37B90F85200A3F101
:108DD0001102032A05D928B11D2B8CBF00200120C8
:108DE000704701207047037D63B9837B90F8520080
:108DF000A3F11102032A05D928B11D2B8CBF002035
:108E00000120704701207047426870B592F8F33036
:108E10000D460446084643F0040382F8F330FEF79B
:108E20002DFC06462846FEF725FC22463146BDE8C5
:108E30007040EDF78BBB38B50C460546D1E905010E
:108E4000D8F7BAFF94F85C0220280BD0F8F71EFE82
:108E500094F85C02F7F71AFF20B94FF40361312050
:108E6000D7F73EFE0D212846D8F7FAFE0E212846F8
:108E7000D8F7F6FE28460F21BDE83840D8F7F0BEF7
:108E8000D9F79EBE0022A0F89E2080F8A22090F87C
:108E9000133213B10221DBF745B90321FBE7EAF7EF
:108EA00077BDEAF7AFBD022910B5044603D0032908
:108EB0000BD079210EE00421D8F7BCFE68B920461A
:108EC0000621BDE81040D8F7B5BE0621D8F7B2FE9E
:108ED00018B970217720D7F703FE10BD10B50F2108
:108EE000D8F7A8FE0446C37A9BB10521C08BD8F7FA
:108EF000A1FE70B1503000F0A1FC18B1B421772070
:108F0000D7F7EEFD0521E08BD8F7AAFE08B1B52111
:108F1000F5E710BD08B5032805D8DFE800F0090221
:108F20000902002008BD40F20E217720D7F7D8FDB6
:108F30000120F7E770B5466805460F213088D8F75D
:108F400079FE044601462846EEF796FF18B102283E
:108F50000AD0FE2007E094F85A00FFF7DBFF002854
:108F600014BF1C202A2070BD002386F85431F0E77E
:108F700038B50D460F21D8F71FFE044620B940F240
:108F800077317720D7F7ACFD88220021F9F70EFC66
:108F900095E80F0084E80F0038BD436893F89E20E1
:108FA000032A4FF0000206BF83F8DC2083F89E20DE
:108FB00083F8E0207047436893F834212AB10022F7
:108FC00083F89E2083F8DC20704783F89F2083F885
:108FD000E020704710B50446FEF742FE2046BDE88B
:108FE000104001F0FCB9E5F7C3BDA1F11303012B5B
:108FF0000AD910B9172902D87047132906D91C2994
:109000008CBF00200120704701207047002070476E
:1090100038B5142853680D46144693F89E300BD08B
:10902000162819D0122830D1052B13D10021104653
:10903000BDE83840FFF7F6B81E3B022B0AD81046B1
:10904000FEF70EFE35B1626892F8F33023F020038C
:1090500082F8F330002038BD212BFBD11046FEF7FB
:10906000FFFD6DB1626892F8F43023F0010382F8DD
:10907000F430626892F8F43023F0080382F8F43098
:109080001A212046E9F7E8F9E4E740F2F531362005
:10909000D7F726FD426870B592F8F3300D460446C6
:1090A000084643F0040382F8F330FEF7E7FA064679
:1090B0002846FEF7DFFA22463146BDE87040EFF75A
:1090C000ABB908B5EEF7C6FF18B9BDE80840D9F747
:1090D00077BD0021BDE808400846EFF759BA38B51A
:1090E0000C460546D1E90501D8F766FE94F8290239
:1090F00020280BD0F8F7CAFC94F82902F7F7C6FD30
:1091000020B940F65A013620D7F7EAFC04F500747E
:109110002046E1F73DF910B12046E1F749F90D216C
:109120002846D8F79DFD0E212846D8F799FD2846F8
:109130000F21BDE83840D8F793BD00207047EAF70B
:10914000EDBAEAF70DBCEAF75DBC0146428EB0F815
:10915000D20038B591F8A23095002BBBC0F10604BF
:1091600091F8F230641B022B91F8D03008BF002434
:109170001BB191F89E30052B1AD101F19000FFF739
:1091800032FEB8B1D1E93120801A421BB1F82E313C
:109190009442A3F10400A8BF144620EAE070A04264
:1091A000B8BF204680B238BDB1F8D440241AD7E702
:1091B0000022EBE72246E9E70020704782210A20DF
:1091C00008B5D7F78DFC7A210A2008B5D7F788FCB7
:1091D00090F835304BB9B0F85230828A9B1A9BB266
:1091E000032B8CBF01200220704701207047002014
:1091F000704710B50C460A21E08DD8F71BFD10B161
:10920000FF2380F89E30A06820B940F2D1110A20D7
:10921000D7F766FCBDE81040FAF742BB70B50E46C2
:1092200004210546D8F706FD044648B9062128461C
:10923000D8F700FD20B116B190F8BD3003B904464F
:10924000204670BD90F82D20034652B901319B7B1A
:10925000C8B20BB10230C0B2012884BF0130C0B225
:1092600070470231F3E7C28D70B5044690F83000C4
:1092700094F834104FF6FF7301F0FF05B1B99A422C
:1092800094F835100ED0002814BF3B252325A06884
:10929000FAF7C7FB2B460146227C2046BDE870400A
:1092A000F0F7A2B9002918BF0925F0E79A42EAD1E0
:1092B0000925ECE710B514461A469DF80830F0F77A
:1092C00093F900F5D070A0428CBF0020012010BDA2
:1092D000FF2380F82C307047C173704708B583684E
:1092E00000681B68984700F5D07008BD836870B5AA
:1092F0009B69044600680D46984780F00106F6B267
:1093000050B96B6829462079A361F7F7D3FD60B99E
:10931000AB210B20D7F7E4FB237C022B07D104F110
:109320002000E1F745F801232374304670BD237C0B
:10933000032BF8D1F3E738B504460D46FFF7D6FF07
:1093400018B1D5E90423C4E9082338BD70B5044633
:1093500086B0FFF7C3FF0025A36801905B68206813
:109360008DF800509847216B8DF8080068468DF8FD
:109370000950D4E90823CDE90423FDF7E5FB638A0E
:1093800086B233446382E1F7E3F8B8B97100B4F907
:10939000440089B2FEF7EBFBB4F844301B1AA4F882
:1093A0004430049B6946059A1B1842EBE070CDE9F6
:1093B00004302046FFF7BFFF06B070BD2846F0E737
:1093C0002DE9F041044686B0FFF788FF0746256B7C
:1093D000D4E90836ED1846F10006E1F7B9F810BBFC
:1093E0000221B4F94400FEF7C2FBB4F844301B1A62
:1093F000A4F8443045194FF00008A36846EBE07626
:109400008DF800805B6820680197984769468DF861
:10941000080020468DF80980CDE90456FFF78BFF40
:1094200006B0BDE8F0810020E4E72DE9F84390F8AC
:10943000436007460C4646B10368B3F86240B3F890
:10944000A010611A9C6F01FB0444FCF753FF054612
:1094500097F84200F0F744FA2918204689B201F043
:1094600095FF044606B33B6893F8985093F89280B2
:10947000D3F89C90FCF73EFF06462846F0F730FAFA
:10948000054640463544F0F72BFA80464846ADB2D3
:10949000294601F07BFF08EB05010646201889B23A
:1094A00001F074FF06443444B86A11344008A04205
:1094B00028BF2046BDE8F88338B504460846237C1B
:1094C00003F0FF054BB92146F7F7B4FB20282071C4
:1094D00005D001232374284638BD0025FBE7072566
:1094E000F9E7F0B5836887B00025044600680F46A9
:1094F0008DF800501B689847A36800F5D8705B682A
:109500000190206898478DF809508DF8080087B3BE
:109510006846D4E90823CDE90423F7F7DFFB18B93F
:10952000E7210B20D7F7DCFAD4E90801049A059B60
:10953000121A63EB0103002B01DAEA21F1E76FF065
:109540000106964275EB030301DAEB21E9E7A36A12
:109550005D1E1544B5FBF3F2AB4288BF01325343A5
:109560001B1841F10001CDE90431638A1A4462827B
:1095700031E0A36AE16B228FB1FBF3F0551C821E30
:10958000AA42A8BF2A46012AB8BF0122D4E9080589
:10959000534313EB000ED4E90C0645F10005BEEB76
:1095A000000065EB0606012876F1000301DA8B2145
:1095B000B7E76FF0010C844577EB060301DA8C21E5
:1095C000AFE7814230D2A16AD4E908325B1842F198
:1095D0000002CDE90432D4E90C200499059B891AD4
:1095E00063EB0003012973F10002E0DB6FF001027D
:1095F0008A424FF0000272EB0303E0DB237C20463B
:10960000042B04BFB4F84030C918FFF70EFF05461D
:10961000DDE90432D4E90801181A62EB01010029DE
:109620000ADA4FF495717CE7217C0429CBD0638A58
:10963000CDE904E5013B99E76FF00046B04271F1D6
:10964000000102DB40F22B116BE705F1C901204656
:109650005B1A694662F10002CDE90432019B03EB1B
:1096600045030193FFF742FE48B1049B059AC933B5
:1096700042F100025B1942F10002C4E9083207B06E
:10968000F0BD037C0BB900207047037C012BFAD09E
:10969000007C073818BF0120704708B54B1E0246F2
:1096A000012B07D8FFF7EDFF40B11046BDE8084099
:1096B000FFF74CBEBDE80840F0F714BA08BD70B51E
:1096C00004460D461646FFF7DCFF38B9237C072B0E
:1096D00004D040F27B210B20D7F702FAF7F7F0FA1B
:1096E0002D1841F10001AE1B61F10003C4E90863CC
:1096F000638AE3850023C4E90C5184F84330237C5A
:10970000042B01D10523237470BD08B5027C012A06
:10971000D3B204D0FFF7B5FF00F0010008BD184632
:10972000FAE708B54B1E0246012B08D8FFF7A9FF40
:1097300048B101211046BDE80840FFF7D2BEBDE8A0
:109740000840F0F7CFB908BD007C031F58425841CC
:109750007047037C032B04D0007C831F5842584180
:10976000704701207047D0E9083210B5D0E90C14D9
:10977000581A62EB0403002B04DA4FF42B710B2010
:10978000D7F7AEF96FF0010282424FF0000272EBA0
:10979000030302DA40F2AD21F1E710BD806908B59C
:1097A000A0F58070F7F7ACFF20B94FF42E710B20B5
:1097B000D7F796F908BD08B50246FFF762FF30B14A
:1097C0001046FFF7C6FF10B91046FFF7F9FDBDE8D8
:1097D0000840F0F779B808B50246FFF752FF38B1F4
:1097E0001046FFF7B6FF014610B91046FFF779FEA5
:1097F000BDE80840F0F768B838B50446FFF785FFC4
:10980000D8B1237C022B16D0257CEB1E5D425D4136
:10981000012907D1072323742079F7F7A7FD2079C1
:10982000F8F734F9012323743DB104F12000BDE8B9
:109830003840E0F7BDBD0125EAE738BD10B5044664
:10984000FFF763FF70B120460121FFF7D5FF2079B4
:10985000F7F71CFA20B94FF4F2710B20D7F740F953
:1098600000232374002010BD024608B5037C022BA0
:1098700008D1032313741079F5F7E0FDA8B940F27D
:109880000E310FE0037C052B01D10623F2E7037CA8
:10989000032BF0D0037C062BEDD0037C072BEAD002
:1098A0004FF443710B20D7F71BF908BDFFF7A1BC9C
:1098B00070B504460668FFF728FF05462046FFF707
:1098C000BDFF044635B196F8A2301BB106F1D000B9
:1098D000E0F76EFD204670BD007DA0F1FF03584209
:1098E000584170474FF4D5710D2008B5D7F7F8F8F7
:1098F00038B50546C07D0C46F4F7D8FBEA7D00F587
:1099000023434FF47A70A133042AB3FBF0F310D150
:1099100064B94FF4E77007E0032A07D0022A40F643
:10992000480008BF4FF48560184438BD41F2BE10AE
:10993000FAE7002CF0D1032AEBD0022A0CBF2C202E
:109940005020F1E7F0F72CBA1D2313B50B70044635
:1099500030F83E3C0A30A1F80330FFF76FFF20B12A
:1099600040F2BF110D20D7F7BBF8052134F83E0CAB
:10997000D8F776F910B140F2C111F3E7042363F38D
:109980000700022363F30F2002B010BD10B5044698
:1099900090F86030042B10D090F86030062B0CD07B
:1099A0005030FFF7E0FEA36F984208D903EB430362
:1099B000D4F88C200344934201D3012010BD02202F
:1099C000FCE710B504465030FFF7BEFE88B994F8A6
:1099D000373013F0FD0F0AD12046FFF7D7FF431EA3
:1099E000594259412046BDE81040FFF781BF01218F
:1099F000F8E701212046FFF77BFFB4F890301844C8
:109A000010BD31B10B789B091841C04300F0010033
:109A1000704780F01000C0F30010704700207047BE
:109A200037B5054608462821FEF7CAFC044630B380
:109A300083788DF80030C3788DF8013003798DF884
:109A4000023043798DF803308379684603F01F03B1
:109A50008DF80430FDF756F888B1B4F80720B5F852
:109A60006230D31A1BB2002B09DD01230098EA856E
:109A700085F82C309DF80430286385F8343003B025
:109A800030BD90F82C3010B5044673B1C38DB0F8DA
:109A900062209B1A1BB2002B07DC00F130011E3044
:109AA000FDF716F9002384F82C3010BDF8B500F14D
:109AB00050040546D1E904672046FFF745FE3246CB
:109AC0003B4660B12046F0F767F8044610B9002421
:109AD0002046F8BD3E212846F0F7C2F9F8E72046B7
:109AE000F0F772F804460028F1D02846F0F73AFC67
:109AF000EEE790F83730042B04BF002380F83730AE
:109B00000089F0F72BBF70B50446056807292CD8EB
:109B1000DFE801F0041313202B242D2705F150005A
:109B2000FFF7AFFD20B9A368DB68BDE870401847B8
:109B30002846BDE87040F0F7CDBB2846FFF7D9FFB7
:109B40002046FFF79EFD90B120460021BDE8704001
:109B5000EFF7FABFBDE87040F4F76AB883681B6995
:109B6000E3E75D210C20D6F7BBFF6021FAE770BD6B
:109B7000012070472DE9F04DB0F8D2400F46C3895F
:109B80000546013490F81480E41A0369A4B2E4187D
:109B900048F10008A1B200F090FA064608F0FF086C
:109BA00008BB284600F09DF9013495F84C3048F187
:109BB0000008241895F8302048F10008A4FB034061
:109BC000013C03FB080848F1FF38032A22D1D5F8ED
:109BD00090205AB1C3EBC303DB43A3424FF07F0392
:109BE00073EB080307D33046BDE8F08D40F2015116
:109BF0004D20D6F775FFAB7D022B05D0AB7E1BB990
:109C00000823EB76FF23AB76B8F17F0F94BF0026D5
:109C10000126E8E7D7E904AB05F1C0073846FFF7AE
:109C200093FD52465B4658B13846EFF7B5FF044600
:109C30000028D8D03E2128462646F1F7C7FDD2E7B6
:109C40003846EFF7C1FF28B1082128460126F1F771
:109C5000F5FDC8E7D5F890301BB1B8F17F0FC2D938
:109C6000F2E740F22F51C3E7E1F7DEB970B51546D0
:109C70001E46D0F890404CB1A4F580742A46334675
:109C8000204601F0B1FAD4F80041F4E770BD37B5D1
:109C90005C1C058AE4B22B460094FDF7C2F803B0C1
:109CA00030BD0A4608B590F84F3090F8651032B1D3
:109CB0001BB10C20FAF715FA08BD0820FAE790F856
:109CC0005000002BF6D00430F4E710B50446E8F756
:109CD00095FB631E012B06D9042C06D180F00400ED
:109CE000C0F3800010BD0020FCE70120FAE70AB1B4
:109CF000043080B2FAF70DBA08B52B230B70437A03
:109D00000B7110F87F0CC8700A21D7F7A9FF20B19A
:109D10004FF4B8714920D6F7E3FE08BD08B52923F2
:109D20000B70437A0B7110F87F0CC8700A21D7F7BB
:109D300097FF20B140F2C3114920D6F7D1FE08BDEC
:109D400038B504460D46F1F755FC29462046BDE8D6
:109D50003840E1F78FB80020704710B54FF48C728F
:109D600000210446F8F722FDF1F74CFC0023C4F86B
:109D7000C800C4F8C040C4F8903010BD38B591F8A0
:109D800030300D46032B08D1002195F89E00FFF7D7
:109D900045FA10B14FF6FF73C38505F1C000FFF718
:109DA0004DFD18B1E9214920D6F79AFED5F890402B
:109DB00024B32368C5F8903095F83030032B0DD1CB
:109DC000A4F58074204601F091FA0B21B4F8FA0052
:109DD000D7F746FF0028E9D0F421E4E7022BE5D1CC
:109DE000A4F58074204600F0F2FB0C21B4F8FA00D0
:109DF000D7F736FF0028D9D0F921D4E738BD10B500
:109E00000139029C013803FB014402FB004010BDF4
:109E100010B903FB01F0704700985043704710B52C
:109E200050B903FB01F49DF8102008209DF80C1098
:109E3000FFF75DFF204410BD029C5443F3E770B56B
:109E4000044690F833000E4694F8345094F86510A8
:109E5000013E401BA56D94F84F20454394F85000F7
:109E6000FFF745FF616D01FB0655284470BD30B515
:109E70009DF80C509DF81840B3FBF5F39DF8105079
:109E80005B1B9DF814506B4303FB022210440CB182
:109E9000084430BD401AFCE741EA0020704770B525
:109EA00015461E460C46D8F765F906FB05F19DF8E8
:109EB0001020C9B2A14236BF641A0024E4B2012EB8
:109EC00098BF012504FB0254844208DCF4F78EFCA1
:109ED000BDF81430984234BF0020012070BD00202E
:109EE000FCE790F84C1090F84E3090F836204B4339
:109EF00090F84D00DBB29A4289BFD31A002393FB3E
:109F0000F1F3DBB25843704702292DE9F047804650
:109F10000D469146DDE909761ED940F6C41A0AFBC2
:109F200003FAFCF7E7F90146504601F02FFA044620
:109F30004FF4FA71504601F029FA2318203308989B
:109F40009630B8F1000F09D1834238BF0346336021
:109F50006B433B60BDE8F0870023F0E7386000FB0F
:109F600009F098422CBF30603360F3E74FF48472FD
:109F70000021F8F71BBC2DE9F0418846064608464B
:109F800014461F46FFF7ADFFD8F8103098F814506C
:109F9000DB1998F84C70B4FBF7F245F1000507FBAC
:109FA0001242A7FB034105F0FF05D2B207FB0511E2
:109FB000121941F100011B1A326065F1000531717F
:109FC000C6E90235BDE8F08170B50C460546A8B17A
:109FD000A1B1837D93B90B784A78C3F382034375AB
:109FE000CB78012B0BD1032A08D9022383750B7977
:109FF000C3764B798A7943EA0223838370BD002BB1
:10A00000FCD1072AFAD90E1D3046FCF77BFD00284B
:10A01000F4D00123AB75637AA27A43EA0223AB84BE
:10A020006368C5F81F30237A85F82330E6E713B557
:10A030000346427D807D02F00702012810D00228ED
:10A0400022D1D87E01249B8BCC70A1F8053004234B
:10A05000087192004B7042F003020A7002B010BD0A
:10A060009C8CD3F81F0093F82330ADF805408DF891
:10A07000043000234860CB70BDF804009DF8063022
:10A0800008818B720823E4E760215020D6F728FD71
:10A09000837D012B10B504460ED1838C0269013BF0
:10A0A0009B1A47F6FD729BB2934205D900F11F013E
:10A0B000FCF70EFE0023A37510BD08B5837D022BAF
:10A0C00014D1CB43818B0B4447F6FD719BB28B427D
:10A0D0000CD990F83030022B04D1C17EF1F7AEFBE1
:10A0E000012008BD1621F1F7BDFBF9E70020F8E7D4
:10A0F000F8B5827D044612B100252846F8BD837E5E
:10A1000003F0FF073BB103690733838302238375A1
:10A1100082760125F1E7837F002BEDD000F11F0649
:10A120003046E8F7A1FF05460028E5D0A7770522CD
:10A13000611C3046F8F75EFA0028DDD0236907334A
:10A14000A3840123A375D8E770B590F90F30041FDD
:10A150000D1F0C30DB110022DBB254F8046F42EA11
:10A160004602844245F8042F22684FEAD272F4D1A5
:10A170000A7823F0780353400B7070BD2DE9F0414D
:10A1800011F0030498B006460D4690461F4603D0D2
:10A19000B7215220D6F7A4FC5022214604A8F8F794
:10A1A00005FB1E9B1022214608A816938DF85D70B2
:10A1B00010AF8DF85C80CDE91465F8F7F7FA3046FA
:10A1C0000CAE07236A4608A9F7F740FF31466846F8
:10A1D000FFF7BAFF39463046FFF7B6FF1022214697
:10A1E0000DEB0200F8F7E2FA9DF85C30A3F11008DD
:10A1F000159D102B454414D92B1F04AA0C3553F878
:10A20000041F52F8040BAB4281EA0001D160F6D181
:10A21000072304AA08A91498F7F718FF5FFA88F330
:10A22000E4E7C3F1100304AA13F0FF0318BF3E468E
:10A2300003F1FF3CE1B299421CD264450CBF80217E
:10A240000021375D013412F8010B102C80EA070061
:10A2500081EA0001D173EDD19DF85D3008A9169A0D
:10A26000002B149814BF07230523F7F7EFFE18B04F
:10A27000BDE8F081295DE4E708B518B9F321242091
:10A28000D6F72EFC26230B70B0F809308B80037BA9
:10A29000CB70C37A8B7108BD436893F8F6205207E0
:10A2A00008D593F85E2102F0FF002AB9FF2283F857
:10A2B0005E2170471A2070473A2070471D2310B561
:10A2C0000446C370E8F7C0F8207110BD1E2310B516
:10A2D0000446C370E8F7B8F8207110BD08B54368AC
:10A2E00093F89E201AB16E212420D6F7F9FB332271
:10A2F00083F89E2008BD08B50278436832B993F808
:10A300009F204AB179212420D6F7EAFBD3F8901098
:10A31000CA0504D47E21F6E783F8E02008BD93F84F
:10A32000E020013A52B2002A83F8E02001DA8021CD
:10A33000E9E721F48071C3F89010EFE702784368F1
:10A3400022B993F89F20012032B17047D3F89020B2
:10A35000D0050AD520207047332283F8E00083F827
:10A360009F200020A3F8DE007047097907298DBFE0
:10A370004FF4E95242F4807283F80012A3F82A21C4
:10A380008ABF3222C3F8902083F89F2093F8E02000
:10A39000013283F8E020E4E710B5446894F89E3079
:10A3A000332B1AD1037809791BB1072998BF84F898
:10A3B000001294F85E3143B107298CBF1E2200229F
:10A3C000F2F718F9002384F85E31002084F89E002B
:10A3D000A4F8D80084F8DC0010BD0120FCE710B51B
:10A3E000446894F8F63023F0040384F8F63094F8C7
:10A3F0005E3133B11122FF21F2F7FCF8002384F81B
:10A400005E3110BD1D2910B511D1446894F89E30FD
:10A41000332B0CD194F85E1101F0FF0329B1FF2119
:10A42000F2F7E8F8002384F85E31184610BD0223E5
:10A43000FBE7012343810023C3818381704701230C
:10A440004380038000238380C3804FF448630381EB
:10A4500070470346006860B1EFF3108272B6186867
:10A460000168196002B962B60023037043708370FB
:10A47000C3707047F8B590F824301BB9B0F890401D
:10A480002046F8BD90F88E70B0F8884090F88D3076
:10A49000B7B10BB9013411E0D0E91C31C269D0E980
:10A4A0001E56581B4FEA520361EB0601C0184FF0CD
:10A4B000000341F10001F7F7BFFF0444A4B2DFE756
:10A4C000002BDDD0D0E920C6D0E90031D0E9072546
:10A4D000B3EB0C032A4461EB06016FF001069E42C8
:10A4E00077EB010104D240F26E312620D6F7F8FA5C
:10A4F000C17DB3FBF1F36B439A42C1D2CAE770B599
:10A5000004460025666BA06D1EB9D7F755FEA665FB
:10A5100070BD616B0B6863630D704D708D70CD7095
:10A52000F9F7A9F9EEE7836D10B504460BB10020E9
:10A5300010BD807DD7F72EFEA0650028F7D107203B
:10A54000F6E7F3F7A1BE38B504460D461822002100
:10A550004030F8F72BF9204684F84C50F3F7B2FE60
:10A5600010B9FF2384F84D3038BD002100220023AC
:10A57000703040F83C1C40F8381C00F8581C40F87B
:10A580000C1C40F8081C40F8041C40E91C2328223D
:10A59000F8F70CB9034690F8282002F0FF0012B13A
:10A5A000986DF9F758B9FF2283F8602070470B4681
:10A5B0000146986DF9F75FB910B50446E06B28B114
:10A5C00003682146E363FFF7F2FFF7E710BD10B51C
:10A5D000044690F828300BB1F3F756FEA36D3BB15B
:10A5E0002046FFF7E9FF2046BDE81040FFF787BF90
:10A5F00010BD38B50D460446F3F746FE3DB920467A
:10A60000FFF7DAFF2046BDE83840FFF778BF38BDD6
:10A61000F0B5054687B019461046EC7D04ABD5E988
:10A620000776019302AB7C4300930023B4FBF6F45E
:10A63000A4B22246F7F758FFBDF80830BDF8102045
:10A64000A5F89030A41AB6FBF7F6B6B2A5F892407A
:10A65000B3FBF6F706FB1736A5F8946007B0F0BD1C
:10A660002DE9F04F0F4689B0044620B940F20D5154
:10A670002620D6F735FAD4F80B50A0F1290850F867
:10A68000290CD8F80410002D00F0C680D5E9026925
:10A69000494508BFB04208D104F10B00FFF7D9FECD
:10A6A000854267D04FF48461E2E7864279EB01038B
:10A6B00057D395F818B0BBF1000F49D114F8113CED
:10A6C000012B33D8D4F83F300133C4F83F3014F8AD
:10A6D000013CDBB2039354F8293C0193D8F80430D1
:10A6E0000293DDE90132134307D114F8053C23B985
:10A6F000002200234046FFF78BFFD4F8135045B1EA
:10A70000D5E90223DDE90110984208BF914218BF44
:10A710000025039B002B00F0E082D4F83330049333
:10A72000002B40F0868040F2B331A1E714F8122CE0
:10A730005B460192F7F780FE8246019A5B463046FF
:10A7400049461FFA8AFAF7F777FE80B28245B9D1F7
:10A7500004F10B00FFF77DFE85422BD040F22B4128
:10A7600086E704F10B00FFF774FE854234D040F217
:10A7700042417DE7D4F8131000220B4623B982B181
:10A7800013682B601560A2E7D3E902C0814508BFBA
:10A7900066450AD0664579EB0000F0D31A461B687F
:10A7A000ECE72960C4F8135091E741462846FFF7CB
:10A7B000FEFE8CE7D4F8131000220B4673B9D2B119
:10A7C00013682B601560D4F82F00F9F75DF8D0B945
:10A7D00004F11300F9F703F8414612E0D3E90270DF
:10A7E000814508BFBE420AD0BE4279EB0000E6D3E5
:10A7F0001A461B68E2E72960C4F81350E3E74146B4
:10A800002846FFF7D4FE0022D4F80B309B1A8DF8AF
:10A810001C2018BF0123BDE2D4F81330002B3FF4F5
:10A8200051AFD3E90223994208BF90427FF44AAF67
:10A830004DE7002D00F0B68095F8202005F1200BA3
:10A8400014F8051C95F8210002F0030319B19207D2
:10A8500004D402230DE0022B00F08380012B1ED1D3
:10A86000B4F86960013E18BF012686F00103002993
:10A8700077D0012811D994F863C005F1230E0EEBAF
:10A880000C0252780CEB02061EF80CC01CF0010FF3
:10A8900006F1020605D1022A08D8022613E0012695
:10A8A000E3E794F865C0BCF1000FF6D08642F4D817
:10A8B000033AB4F86160D2B2164434F8150C8642FB
:10A8C000D4BF002601269E4238BF1E46022E31D03C
:10A8D00000294AD005F1230C94F863001CF80030DD
:10A8E000DB0727D454F8192C6044D5E9041390F8F9
:10A8F00003C0511843EBE2730279120442EA0C22BE
:10A9000090F802C0002042EA0C02914273EB000C66
:10A9100010D3891AD4F84F2063EB0000D4F85330D9
:10A920008A42834106D20123C4F8471084F8653077
:10A93000C4F84B004046FFF79DFDB4F85F20824607
:10A94000831A1FFA83F91BB2012B4FF0000340F06A
:10A950000581002E40F01B813B6833BB40F22E2165
:10A9600086E6B4F861600644A7E7B4F86130002BCE
:10A97000E0D154F8192C54F8091CD5E90430D31847
:10A9800040EBE27054F80D2C914205D9B4F86B10ED
:10A990004A43D31840F100000122C4F8473084F83C
:10A9A0006520C5E7AB460226C4E714F8053C05F16F
:10A9B0002301002B49D094F86320885C01EB020C42
:10A9C000C0F340039CF80190C00757BFA9F10309E9
:10A9D000023205325FFA89F94CBF84F8632084F8AB
:10A9E000632005934A46049B94F863C003F1080B67
:10A9F000B4F8610061445844F7F762FEB4F861208E
:10AA000094F863104A44059B89441FFA82FC84F839
:10AA10006390A4F861C0002B63D0D4F84B10A4F16C
:10AA20002903D4F84700C4F85310C4F84F00D5E9FF
:10AA30000212C3E92012B4F85F30AAEB03039BB201
:10AA4000012B12D040F25B2112E69DF81C3095F8E4
:10AA5000202095F8219062F3010313F0030F8DF885
:10AA60001C300CBF01230023BBE784F864300CF1D9
:10AA7000080234F8213C5946A4F85FA0BB804FF48B
:10AA80008173FA803B813B681860FB883A68083B19
:10AA900082F804A04FEA1A2A9BB282F805A09371AB
:10AAA000C3F30323D3713868B4F861200830F7F793
:10AAB00007FE94F82430002B4ED094F82320B4F8ED
:10AAC0006130012A1CD0022A16D06ABB63B3D4F8C5
:10AAD0001F300133C4F81F300023A4F8613084F81C
:10AAE0006530374695F8212094F863309A4280F01B
:10AAF000D28040F2DB41BBE534F8152C9342E6D11D
:10AB0000032BE4D93B689F6814F8053CA3B194F883
:10AB10002B307BB1D4F827300133C4F82770FF22E3
:10AB200084F82B20BB42D2D1D4F817300133C4F8BB
:10AB30001730D1E73B46F0E754F80D1C14F8122CFF
:10AB40004A4354F8091CB2FBF1F2D5E9020192B272
:10AB5000F7F772FC8742E6E70826BDE717DCBBF192
:10AB6000000F00F0278114F8053C6BB166B994F82A
:10AB700063300BEB0302023312791344002784F88D
:10AB80006330002DAED187E09BF80130F6E701324B
:10AB900094F865E0A4F1290CA4F8613092B284F82D
:10ABA0006530A4F85F20BEF1000F2ED194F864E068
:10ABB000BEF1000F40D054F80D3CDCE91E105B18CC
:10ABC00040F10000CCE91E3094F82410B1B394F8A1
:10ABD0002B3023B1D4F827300133C4F82730D4F810
:10ABE0001B3000270133C4F81B30A4F12901D1E93F
:10ABF0000023C1E92023002EC3D0BBF1000FC0D039
:10AC00009BF8013084F86330BBE75FFA89F154F8B0
:10AC10000D0C0139CB17A1FB001900FB0399DCF8DF
:10AC200070305B1ADCF8741061EB09000121CCE98B
:10AC30001E3084F86410C7E77346C5E734F8211C5A
:10AC4000BEF1000F87F809E0B98018BF08204FF067
:10AC5000020104BF0420002339721FFA80FC18BFD0
:10AC60003968A0F10400A7F806C018BF0B60396866
:10AC7000FF880B180A54A7EB0C0C120A08271FFABE
:10AC80008CFC5A7083F802C0CCF3032C6CF07F0C60
:10AC900083F803C0A9E767D1019B5A1C029B43F1CB
:10ACA000000344F8292C44F8253C14F8053C53BB18
:10ACB00054F80D0C14F8122C54F8091C4243B4F843
:10ACC0006930B2FBF1F2013B92B29BB29342A4F81D
:10ACD000693004D340F2E741CAE4039FDCE793B94B
:10ACE000A4F86920B4F867200132B1FBF0F1A4F8B0
:10ACF000672089B2B4F86B20013292B2914218BF3A
:10AD00001346A4F86B30002384F86330B5B1D4F84F
:10AD1000133013B940F24451AAE4D3E90212DDE939
:10AD20000106964208BF8842F4D11A689D42C4F8D1
:10AD30001320EFD141462846FFF739FC039B9BB90E
:10AD400094F837305BB1D4F82F302BB14046FFF781
:10AD500033FC4046FFF7D3FB002384F83730002351
:10AD6000A4F8613084F86530D4F8133054F8295CC5
:10AD700054F8251C33B1D3E90202914208BF854241
:10AD800018BF0023D4F80B2092B9003B18BF012351
:10AD90008DF81C708DF81D3000209DF81C3063F379
:10ADA00007009DF81D3063F30F2009B0BDE8F08F58
:10ADB0000123EDE75F46E4E600238365D0E9203216
:10ADC000013342F10002C0E9203290F8633013B140
:10ADD000013B80F86330704700230B704B708B7021
:10ADE000CB70EFF3108372B6026822B90160416044
:10ADF00003B962B6704742681160F8E770B504465F
:10AE00000025666A16B9A16D59B970BD616A606D99
:10AE10000B6863620D704D708D70CD70F8F72BFD6F
:10AE2000EFE7606DF8F727FDA665EEE7436D10B517
:10AE3000044633B1FFF7E2FF606DD7F7B5F90023A1
:10AE4000636510BD0346807828B15B785B0654BF0C
:10AE500004380838C0B270472DE9F04F044685B079
:10AE6000A56D65B9606D50B1F8F7F5FCA06530B11E
:10AE700018222946083084F86250F7F797FCA56D30
:10AE8000002D00F0A881B4F86010277FB1B994F8C4
:10AE900063309BB197B90126294604F12400D4E917
:10AEA000202385F8206085F82170C5E90223FFF78B
:10AEB00093FF6E742046FFF77FFFD1E7E66A002E0E
:10AEC00000F0898106F1200396F82180019308F0B3
:10AED0003003202B04D040F2EF114320D5F700FEC1
:10AEE0004FEA181806F1200308F0040808F10408D6
:10AEF000984408F10403019300296CD1D6E9023982
:10AF0000002F51D0D6E90402D6E906CA1B1A69EB14
:10AF10000202012B72F100002CDBB3F1004F72F141
:10AF2000000201DBD221D8E7A26902F1FF3E73449F
:10AF3000B3FBF2F3E27B13EB0C0CD4E920B94AEB40
:10AF4000E37AACFB02C302FB0A33DC4573EB090274
:10AF500094F862203CBFDC464B46DAB1D5E902E00A
:10AF6000984208BFE64515D06B7C002BA2D140F279
:10AF70000121B2E753EA02000AD0B3F1004F72F1A7
:10AF8000FF3201DAD721A8E7A26993FBF2F3D1E7F8
:10AF90000123CFE7C5E902C3A37B9B1ADBB2042BD5
:10AFA00015D840F20A2198E7D4E9052094F80FC09B
:10AFB000B0FBF2F2BCFBF2FAD2B2AAFB033EBCFB3E
:10AFC000F2FC0AFB09EEC5E9023E84F863C0D5E94C
:10AFD0000223C4E9202305F12309002F00F0DA80C1
:10AFE000E27BB369A3FB02C3D4F88030A3EB0C036C
:10AFF000B3FBF2FCA269D6E90473ECFB02739A4638
:10B0000094F8623003B1A9BB09EB0302D6E902CE82
:10B010006266002229F803209A1CD2B284F86220CA
:10B02000002940F0B08067457AEB0E0302D240F26F
:10B030009D1152E7A7EB0C0313F07F4F02D04FF4A2
:10B04000D1714AE7039309EB0203BDF80CE09DF8C8
:10B050000EC029F802E083F802C094F8623003338E
:10B0600084F86230636E5A7803325A701A7861F34A
:10B0700000021A7006F12000D4E92023C5E902235A
:10B08000FFF7E0FEB4F860108346A27B94F86200FC
:10B09000ABEB0103121A4844DBB2D2B29A4228BF8A
:10B0A0001A4608F104030B4401921946F7F708FB0E
:10B0B00094F86210019AB4F86030114494F81CC0FE
:10B0C0001344C9B29BB284F86210A4F86030BCF19A
:10B0D000000F18D0606E90F801E07244427098F84A
:10B0E00003E098F802200EF00F0E42EA0E22A2EBC7
:10B0F000030EDEF1000242EB0E0290F800E062F374
:10B10000410E80F800E098F8030098F8022000F063
:10B110000F0042EA0022A07B884201D0934229D14D
:10B12000687C002838D0EFF3108372B62A7C0AB905
:10B1300085F8211003B962B6237F0BB96A7CB2B9D6
:10B1400094F862C0A07B844511D02A7C7AB98BB177
:10B150006369D6E902125B1842F100029F427AEB62
:10B16000020304D3A0EB0C00C0B2082802D820468A
:10B17000FFF722FEB4F860301FFA8BFB5B451FD946
:10B180004FF41671A9E619F8032042F0010209F8FC
:10B1900003206FE7BA466DE7BCF1000F0ED19B1A92
:10B1A00018BF012385F8203004F1240085F8211010
:10B1B000A16DFFF711FE01236B74BDE70223F1E7D8
:10B1C0007FF44EAE31462046F3F770FC4FF000039B
:10B1D000A4F8603044E605B0BDE8F08F3E38FFF7D4
:10B1E0003BBEC0E92C237047C0E92E237047F8B559
:10B1F000044615461E46406A20B92146BDE8F8407F
:10B20000F3F786B8D0E902230768B34208BFAA4221
:10B21000F3D0AA4273EB060104D22146F3F778F883
:10B220003846E9E7954276EB0303F9D20020E4E7DC
:10B23000C0E91A23009BD3E90223C0E91C23FF23A2
:10B2400080F87830704702230B708B70704707B519
:10B25000037F03F0FF027BB90D230B7001238B707A
:10B2600030F8343CA1F80330437AA1F8053042723B
:10B27000042003B05DF804FB3438F3F715FA00201E
:10B28000F7E737B50446FF2580F850500025C56420
:10B29000079D0195069D0095F3F730FC054610B912
:10B2A0002046F3F701FA284603B030BD38B504460E
:10B2B000406DF8F7CAFA0025582229466562A018A1
:10B2C000A562E5622563F7F771FA294604F1C0002B
:10B2D0001022BDE83840F7F769BA10B50446F3F715
:10B2E000CFF92046BDE81040FFF788BD10B50446F1
:10B2F00090F820300BB1F3F743FC2046BDE8104036
:10B30000FFF794BD08B5F7F711F8BDE8084000F065
:10B3100038B8801A00F3070038B50D46144659B204
:10B3200040B2F3F7D7FC0023287020446B7040B282
:10B3300038BD0023036070477047002070474FF00E
:10B34000FF3070474FF0FF30704770470020704764
:10B350004FF0FF30704700207047002070470023F7
:10B36000037070470022FFF7D4BF002070474FF0F2
:10B37000FF3070474FF0FF3070474FF0FF3070479D
:10B3800070477047F4F734B9FFF7FCBFF3F748BDD7
:10B39000F3F770BDF3F79CBDF3F730BDF3F734BDA1
:10B3A000F3F738BDF3F744BEF3F7ACBDF3F734BEA3
:10B3B00008B5F3F711FD002008BD70B50024F3F7C0
:10B3C00045FF05462646E0B2854200D870BDF3F73A
:10B3D00043FF0134868480F82660F4E7F6F77EBFE9
:10B3E0000020704700207047002070470020704701
:10B3F00001207047704720BF704700280CBF6FF0D6
:10B4000015000020704700207047072303700020BC
:10B410007047002070470020704710F8012B11F88A
:10B42000013B012A28BF9A42F7D0D01A7047034641
:10B4300013F8012B002AFBD1181A013870470000BD
:10B44000014805F0D3BB00BF9408002138B5094D71
:10B450004FF0FF324FF0FF33284605F095FB0446CE
:10B4600001F0CEFC10B1204601F012FB06F04CF8C2
:10B47000EEE700BFC40800210346F7B5054613F800
:10B48000010B4A1E02282DD0052845D001284FD196
:10B49000022A4DD9EA780C1F944249D10322002098
:10B4A000CDE900320022002301F072FC064600289C
:10B4B0003ED000F10C07384607F056FF844205D90C
:10B4C000304603B0BDE8F04001F0E2BA2246291D43
:10B4D000384607F037FF3146164803B0BDE8F04064
:10B4E00009F00ABA032A23D9B5F803204C1F944265
:10B4F0001ED10422019200930022002301F048FC97
:10B500000646A8B100F10C07384607F02DFF84422B
:10B51000D6D82246691DDBE7032A09D9B5F80320EE
:10B520004C1FC2F30D02944202D104200190E2E7C5
:10B5300003B0F0BDC408002108B50A4801F06CFC56
:10B5400070B9094807F045FC002802DA10F1780FBD
:10B5500006D1BDE80840054A0549034807F047BC45
:10B5600008BD00BFAC080021645003013C07002166
:10B57000E071002170B54FF0FF324FF0FF331548F6
:10B5800005F058FB144D154E4FF0FF324FF0FF33CE
:10B59000284605F0F9FA017E0446032906D005295C
:10B5A00005D0012910D001F073FAEDE7022104F172
:10B5B0000C0007F0D0FE3046228AE16807F02BFC31
:10B5C000002803DB2046EEE70421F0E705F09CFFAE
:10B5D000F1E700BF94080021AC080021E0710021D0
:10B5E000014B1B68184700BF54070021014B18602E
:10B5F000704700BF5407002130B585B004460D46A2
:10B6000010220021684609F097FC02238DF80230D1
:10B61000044B2A4621466846019306F0C3FD05B057
:10B6200030BD00BFE1B5020180B505460E461746A4
:10B63000984606F009F8034609F086FC0446DFF850
:10B640001890424649F8003039463046A84754F829
:10B65000090000F0EFFD00BF080000002DE9F047F1
:10B66000058B04462807904611D4022905F00705EA
:10B6700040F0CC80204607F0C5FA78B10138218B24
:10B68000042811D8DFE800F0C2106D85950001296B
:10B690000CBF45F0100545F02005258388F311887F
:10B6A000BFF36F8FBDE8F08701F0070AAA4500F0ED
:10B6B000A5800027B9463E46A368002B00F0BC8059
:10B6C00041F00801218388F31188BFF36F8FA168CF
:10B6D000002900F0BA800D68002900F0B6803346DA
:10B6E00052462046D1F80480C047002D76D02B6802
:10B6F00029461D46F0E701F007035A1F012A1BD80F
:10B70000002221F00701062B276889B2C4E9002234
:10B7100009D13B4603E0628B013262831B68002B38
:10B72000F9D141F002012046218307F06BFA00288D
:10B730007AD041F0200176E0042B0AD121F00701F4
:10B7400089B22046218307F05DFA10B141F0200153
:10B750002183218B01F0070AAA454FD00027B94663
:10B76000AAE7236921F0070141F00601062DD3F86D
:10B77000009021832DD1B9F1000F3FD041F0080195
:10B78000218388F31188BFF36F8F20463949C8475A
:10B7900029E021F00701236941F0040189B2042D59
:10B7A000D3F804902183E6D000274FF0040A3E46E8
:10B7B00082E721F00701236941F0050189B2052DD7
:10B7C000D3F808902183D6D000274FF0050A3E46D3
:10B7D00072E700274FF0060A3E466DE72B4687E7E3
:10B7E000B9F1000FD1D1EFF31188402383F3128810
:10B7F000BFF36F8F238B23F008032383258BEA0687
:10B800002ED525F01003238305F007056669218BEB
:10B81000002EBFF670AF00232768C4E9003321F083
:10B82000070141F001012183218B4FF0000901F054
:10B83000070AAA457FF440AF002F9CD041F00801D1
:10B84000218388F31188BFF36F8F002FC8D03D6824
:10B85000394633465246204607F000FA2F46F4E7B1
:10B86000AB067FF51BAF25F02003238305F007050A
:10B8700000E700BF892C030130B50C460E4985B0A6
:10B880000291D0F8D4110546CDE9003100F1F00164
:10B890004FF0FF33204604F0E5FC50B9012384F853
:10B8A0006C30D5F8D03123B1204605B0BDE830402A
:10B8B000184705B030BD00BF392F030138B50C461D
:10B8C0001146054607F03AFB034638B928460449B5
:10B8D00007F034FB03460020236038BD0120FBE75E
:10B8E000695B03012DE9F04F012381460569466834
:10B8F00087B005F56377D7E8EF2F002A03D1C7E8B3
:10B90000E13F0029F7D10CBF1A46002240F0B48075
:10B91000B368B16A05F5F8781C1F104607F092FB72
:10B92000844272D8013A00F0A180B2FA82F24FF05C
:10B930000044D44072682046073222F00302C5F862
:10B940008822B16A07F07EFBC5F88C02B36A4046D4
:10B950006343033323F0030302EB4302230103EBAE
:10B960004403093323F0030303EBC403C5F8802227
:10B970001A440832C5F87C227368C5F88442C5F8B9
:10B9800078323F4BC5E9B363D9F80030C5F82432AB
:10B99000316800F0DFF90446002834D1D9F810B03E
:10B9A000D9F804A0D9F800300BF53A790590049342
:10B9B0004846DAE90734012B08BF103C09F01BF8B0
:10B9C000DAF824002F4904AB01EB80214FF48062A8
:10B9D00048460093234605F0AFFA2B490BF5367025
:10B9E00008F0C2FFDAE9050183685C684CB15B4688
:10B9F000264AA047044630B9DAE9050183681B6985
:10BA00002BB96FF05704002129E0013285E70122AC
:10BA1000984704460028F6D11D4B2846C5F8D0317A
:10BA20001C4BC5F8D4311C4B0393D5F83832029324
:10BA3000D5F83032CDE90083D5F89032B26AD5F826
:10BA4000881300F04FF904460028DCD105F1F0001E
:10BA500004F0AEFC0028C5F890030ADB022138464A
:10BA600007F0A0FA204607B0BDE8F08F6FF00B0496
:10BA7000C9E76FF01504C6E76FF07704F2E700BF7F
:10BA80008F2F0301E87C0021752F0301692F03012B
:10BA90009DBA02011B310301D52F030113B50446E2
:10BAA00040B100230122CDE90032074BD0E9091251
:10BAB00004F088FB236F1B6823B1606F02B0BDE800
:10BAC0001040184702B010BD695B030113B504466E
:10BAD0000846216901F56371D1E8AF1F022910D131
:10BAE00093B1A0B10121CDE900311346D0E909128B
:10BAF00004F068FB074B984208BF6FF00B0002B0E0
:10BB000010BD6FF00F00FAE76FF04C00F7E76FF031
:10BB10000100F4E72EF8FFFF2DE9F74388461546AC
:10BB2000066906F56373D3E8AF3F022B5FD1136854
:10BB300023B96FF0150003B0BDE8F0831B78002B2C
:10BB4000F7D0D6F88893B9F1000F33D106F5EC772A
:10BB50004FF0FF324FF0FF33384604F061FF3046BC
:10BB60002A6801A9FFF7AAFE019C1CB9384607F014
:10BB700017FADEE705F1080323676B6984F86C9018
:10BB80006367646460B1384607F00AFA21463046BC
:10BB9000A36E2A68FFF770FE0020C8F80040CAE7CD
:10BBA0002022296804F1480009F047F9384607F0D7
:10BBB000F7F9F1E730460F4907F0C0F904460028CD
:10BBC000B7D005F1080303676B694064436700233E
:10BBD00080F86C3020222968483009F02EF922467E
:10BBE0000121304600F060F80028D5D0A1E76FF0C1
:10BBF0000F00A0E7695B030110B50C46006900F572
:10BC00006373D3E8AF3F022B0FD189B10A4900F526
:10BC1000367008F0D5FE204608F083FA782200211D
:10BC2000204609F089F9002010BD6FF00F00FBE7F6
:10BC30006FF00100F8E700BFE87100212DE9F04F37
:10BC400005460E4690460027D0F8C4A085B0AAF558
:10BC5000BE7421463046FFF7E0FBE0B9114BA4F17A
:10BC6000480B0293DAF810303246CDE900832946BA
:10BC70004FF0FF335846AAF5E27904F0F3FA60B9C1
:10BC80007823012203FB079383F86C20DAF80C3049
:10BC90000BB158469847783417B105B0BDE8F08F1E
:10BCA0000127D6E7493103011FB5144690B18AB187
:10BCB000012912D10A4B00F1F0010293D0F8D431DE
:10BCC000483201934FF0FF332046009304F0CAFA44
:10BCD00004B010BD6FF01500FAE70020F8E700BFD0
:10BCE000493103012DE9F04387B00E46DDE90E81AD
:10BCF0001446DDE910251F4630B329B3DFF850C0E4
:10BD000000F1F009002D08BF65469EB9CDE9034456
:10BD100000F5E2742046059608F09DFC03ABCDE9E2
:10BD200000432A463B464146484604F0BBFB07B069
:10BD3000BDE8F083002241460E9248462A4607B0ED
:10BD4000BDE8F04304F004BD6FF01500EFE700BF5D
:10BD50003DBC0201F0B50E46044689B0002872D001
:10BD6000436B0BB9394B436301232246E363002342
:10BD7000D4F8981004F1400042F8301FCDE90133A7
:10BD80004FF0FF330093D4F89C3007F09EFE304A0A
:10BD900006AB92E8030083E80300184604F018F9A4
:10BDA0000546D8B904F1340004F0F4F80546A8B902
:10BDB000616B284805AA07F064FE054670B9059B2B
:10BDC0009A6872B10C33D4F89400C4F8A03007F02C
:10BDD000ECF9C4F8D40030B96FF00B05284609B06F
:10BDE000F0BD0346EFE7D4F8940007F0DEF9C4F89D
:10BDF000D8000028F0D0D4F88C30D4F8A010C4F8C3
:10BE0000A8300423C4F8AC30C4F8C4300223A362C1
:10BE1000114BB4F89420D4F8D470C4F8B810C4F816
:10BE2000D010D4F89010236204F1A403A4F8B02039
:10BE3000C4F8A470C4F8C010A4F8C820C4F8BC00AA
:10BE4000A661E362CAE76FF01505C7E74F59030122
:10BE5000B05103015959030114560301014B03600A
:10BE6000002070474056030108B5044806F0BDFEA7
:10BE7000BDE80840024806F0B8BE00BF61590301A2
:10BE80009759030130BFFFF7FDBF00BF2DE9F04117
:10BE900005460B4EDFF82C80324606EB0807CC1B1C
:10BEA0002046094909F03BF8A01942460021083C08
:10BEB00009F042F86C6707F10800BDE8F08100BFA7
:10BEC0000000000004000000B0510301074A93681D
:10BED00093F90E10002907DB526993421FBF044AF1
:10BEE000536843F080535360704700BF347400219F
:10BEF00000ED00E0154B9A6A12F0007F9A6A14BFB9
:10BF00001E201D2012F0807F9A6A18BF1F2012F495
:10BF1000801F9A6A18BF022012F4002F9A6A18BF75
:10BF2000212012F4802F9A6A18BF222012F4003FB9
:10BF30009A6A18BF232012F4803F9A6A18BF2420FF
:10BF40006FEA02426FEA12429A62704700ED00E027
:10BF500010B5164B9A6A9C6A12F4805F14BF1722C0
:10BF6000162214F4006F9C6A18BF1822A40509D584
:10BF70009A6B9A6A120404D518B19A6A22F40042A4
:10BF80009A621922094B986A10F4806F986A18BF58
:10BF90001A2210F4807F986A40F47F4098624FF034
:10BFA00000030CBF10461B200B7010BD00ED00E01D
:10BFB00010B5154B0246986A9C6A10F0100F14BF1A
:10BFC0001120102014F0080F9C6A18BF1220A4073B
:10BFD00009D5586B986A000604D51AB19A6A22F0FE
:10BFE00080029A621320084B9A6A12F0010F9A6A33
:10BFF00018BF1420D20658BF9A6A9A6A42F0FF020C
:10C000009A6200230B7010BD00ED00E0F0B5474BC5
:10C0100004465B6800258BB0C3F3080385F31188E1
:10C02000BFF36F8F02F07F40B0F17F4F11D102F06C
:10C030000C0008280DD010074CBF0C46012500222B
:10C04000033B8DF80720032B05D8DFE803F02462BB
:10C05000665F2C46F3E700239DF80720CAB902AEBD
:10C0600004F12007324620686168083403C2BC42EC
:10C070001646F7D1099A002D53D0C2F3080121B911
:10C080006FEA52226FEA42220992184602A907F08B
:10C09000CAF80BB0F0BD254BDA6A9107DBD4DA6A37
:10C0A000002AD8DBDA6A5200D5D55A69A16942F470
:10C0B00080725A61BFF34F8FBFF36F8F5A6931F8A7
:10C0C000021C22F480725A61BFF34F8FBFF36F8F4F
:10C0D0004DF60272914209D09A6AD2B242B1012061
:10C0E0000DF10701FFF764FF0346B5E72368B3E7E7
:10C0F0009A6A12F47F4F05D001200DF10701FFF776
:10C1000027FFF1E79B6AB3F5803FA4D3FFF7F2FE68
:10C11000EAE700200DF10701E4E700200DF1070137
:10C12000EDE722F4FF7222F00102ADE700ED00E03E
:10C13000064B5A6942F010025A615A6942F4806211
:10C140005A615A6922F008025A61704700ED00E016
:10C15000EFF30880EFF3098101B57246FFF756FF50
:10C1600001BD00BF002080F31488BFF36F8F002053
:10C1700080F30A8880F30B8803F07AF900200E49D7
:10C180000860BFF34F8F0D4880F3088800F02CF84B
:10C19000402080F311880A484FF40061401880F372
:10C1A0000988EFF314800221084380F31488BFF359
:10C1B0006F8F00F007F9000094ED00E0E895002192
:10C1C000E8840021002318460649D1F89020C2F3E4
:10C1D0000722934200DB7047C1F89830C1F8A000F5
:10C1E0000133F6E700ED00E010B572B6002484F3E9
:10C1F0001388FFF7E7FF23464FF0FF300C4A03F1A7
:10C2000020010133102B42F82100F8D100234FF018
:10C21000FF30074A03F160010133102B42F821007F
:10C22000F8D162B6BFF34F8FBFF36F8F10BD00BF61
:10C2300000E100E0084B9B6883420BD1EFF30583DC
:10C2400043B1064B5A6842F080525A605A6A22F44F
:10C2500000425A6208F0AFBC3474002100ED00E0E7
:10C260006FF00A01084A9368D967084998674B68D4
:10C2700043F080534B60002383F31188BFF36F8F2B
:10C280009368D86F704700BF3474002100ED00E060
:10C29000EFF31183402383F31288BFF36F8F4FF0C6
:10C2A0000061084A53699360074A5160596F074A11
:10C2B000116000219A6F996782F31188BFF36F8F25
:10C2C000704700BF3474002100ED00E010720021BF
:10C2D0000E498A684FF030001044EFF3098C80E873
:10C2E000F01F74467046FFF7D3FFA64607498A68D9
:10C2F00002F1300090E8F01F8CF3098802F1000091
:10C3000004B506F0A5FFBDE8044070473474002171
:10C310001EF0040F0CBFEFF30880EFF30980816972
:10C3200011F8021C0229FFD001B506F082FF01BD01
:10C3300040B2002807DB01234109034A00F01F0037
:10C34000834042F82130704700E100E040B200280D
:10C350000CDB01220649430900F01F008240203314
:10C3600041F82320BFF34F8FBFF36F8F704700BF9B
:10C3700000E100E0054B420953F82220012300F0C0
:10C380001F0003FA00F01040704700BF00E100E01A
:10C39000D30748BF002140B258BF02310028ACBFCC
:10C3A00000F16040064A4FEA4113DBB2ABBF00F533
:10C3B000614000F00F0080F800331354704700BF55
:10C3C00014ED00E008B5084B084A23F07F039360A2
:10C3D000BFF34F8FBFF36F8F04F060FA05F0D2F90F
:10C3E00000F04CF804F09AFA0000000100ED00E0C3
:10C3F00042F8203C009B0B4942F81C3C019B21F079
:10C40000010142F8183C029B42F8081C42F8143C17
:10C410004FF0807342F8043C0023203A02658367A2
:10C42000704700BF29B6020100B50D4B1546986054
:10C43000426F0C4B0E461A60436E83F30B882C46FA
:10C4400086F309884FF00000074B984720464FF0CD
:10C4500000014FF000024FF00003044C204700BFE2
:10C4600034740021107200215932030129B60201EF
:10C470001022014B1A61704700ED00E000234021BB
:10C480000348C21801331E2B82F80013F9D17047FC
:10C4900000E100E008B5EFF30583064A103B02EB2C
:10C4A000C30152F8330049688847BDE80840FFF7E8
:10C4B0000DBD00BF8C5003011FB5094C094A23462E
:10C4C0000121094800F0FAF800230393074B0121EA
:10C4D000E41A01A80193029400F0FAF804B010BD28
:10C4E00000000121000000214056030190090021B5
:10C4F00010B50C7A0B6804F01F0223F01F031A43D7
:10C50000CB68640923F01F03054943EA440343F061
:10C510000103C1F89800C1F89C20C1F8A03010BDFB
:10C5200000ED00E010B5074BD3F89030C3F30723BC
:10C53000013B984202D8FFF7DBFF10BD6FF01500FA
:10C54000FBE700BF00ED00E02DE9F04F0F46144679
:10C5500006464FF000084D4D85B0B84580F29280F8
:10C56000D6F80490B9F1000F36D0B9F11F0F40F2A0
:10C57000878019F01F0F40F08380D6F800A01AF0D2
:10C580001F0F7DD1504606F0A7FE834609EB0A0037
:10C59000013806F0A1FE834572D11BF1160F6FD052
:10C5A0005C456DDDC5F898B0D5F89C10C5F898B01D
:10C5B000D5F8A03021F01F0143F01F0AD6E9003260
:10C5C0001A44994202F1FF391ED1CA4508D13146B9
:10C5D0005FFA8BF006F089FE08F101080C36BCE723
:10C5E0003146C5F898B0D5F89C3022F01F0203F010
:10C5F0001F031343C5F89C30E0B206F076FE10F13D
:10C60000160F3DD0441CE7E7C5F898B0D5F8A02038
:10C61000013B23F01F0302F01F021343CA453146BA
:10C62000E0B2C5F8A030E8D006F05FFE10F1160FBA
:10C6300026D0C5F898B0D5F89C209DF808300AF1AE
:10C64000FF3A62F304038DF80830D5F8A0309DF866
:10C6500008205B0863F347128DF80820D6E9003202
:10C660001344009323F01F035344A3EB0903013049
:10C6700023F01F036946C0B20393FFF753FFBEE7E1
:10C680006FF01504204605B0BDE8F08F00ED00E026
:10C690000522044BC3F89420BFF34F8FBFF36F8F75
:10C6A000704700BF00ED00E0BFF35F8F0022024B38
:10C6B000C3F89420704700BF00ED00E010B5034CB4
:10C6C0002278FFF741FF207010BD00BF6C7400217D
:10C6D0002DE9F74F294D8A4606464FF00008AB4634
:10C6E000274FD0451BDAD6F80490B9F1000F3FD0A0
:10C6F00031680846019106F0EFFD0199044609EB07
:10C700000100013806F0E8FD84424FF014021D4B91
:10C7100008D002FB08F36FF015024BF8032003B0BA
:10C72000BDE8F08F14F1160F2C60F8D01978A142F3
:10C73000F5DD02FB08B0C7F89840C7F89840D7F875
:10C740009C4000F10801007B64F304000871D7F8F5
:10C75000A0000C79400860F347140C71D7F89C10C6
:10C7600021F01F016960D7F8A01021F01F01296195
:10C7700008F1010814350C36B3E700BF147200212C
:10C7800000ED00E06C740021F0B54149414CD1F856
:10C7900090302568C3F307239D4287B075D80020E9
:10C7A000FFF782FF3C4BC1F8C030854216D13B4CAD
:10C7B00001A82570FFF752FB00250646384FAE4210
:10C7C00013D1002023783249D1F89020C2F30722F8
:10C7D000934254DBFFF75CFF00202FE0616801EB20
:10C7E0000011FFF785FE0130DFE70199280101EB19
:10C7F0000513DA683A40B2F5001F21D0B2F5800F78
:10C800002BD0B2F5801F38D15A689B680958013B7C
:10C8100022F01F0003440120844623F01F0340EA56
:10C820004C10CDE902218DF8100002A92078059363
:10C83000FFF778FE00281DDA6FF0150007B0F0BD95
:10C840005A689B680958013B22F01F0003444FF0CF
:10C85000020C012023F01F03E1E75A689B68095886
:10C86000013B22F01F0003444FF0000C062023F090
:10C870001F03D4E723780133237001359FE7C1F804
:10C880009830C1F8A00001339EE74FF0FF30D5E7A4
:10C8900000ED00E04C560301AAFF44006C74002137
:10C8A0000000F0FF08B5024B1B689847002008BD48
:10C8B00028720021034B044A1860937843F0020366
:10C8C00093707047287200218407002108B506493B
:10C8D000064821F00701C1F1045202F5803206F04A
:10C8E0002AF9002008BD00BF53D700212C72002177
:10C8F00070B541690446867A0A4D59B1437ADB071F
:10C9000006D42C2303FB06535B6A1B689B6898477D
:10C91000002363612C20214600FB0650BDE87040D7
:10C9200007F0F5BFDC0800212C21827A054B01FBC2
:10C9300002339A6A1B7F801A1B3323F00303B0FB78
:10C94000F3F07047DC08002138B52C24827A064BBE
:10C9500004FB02335B6AD3E901240C601568FFF71E
:10C96000E3FF04FB005038BDDC0800212DE9F04F47
:10C9700085B00546684691461C4690469A46039106
:10C9800008F076F9DDE90067EFF3118B402383F3BC
:10C990001288BFF36F8F698B002942D02B8B8B429B
:10C9A00026D900220023284604F0EEF80446F8B108
:10C9B0008BF31188BFF36F8F039B002B4FD0324650
:10C9C0003B46684608F078F92C21A27A2C4B204689
:10C9D00001FB02335B6A03A91B681D68DDE90023C4
:10C9E000A847606100283BD12046FFF781FF31E076
:10C9F000698B4B1E6B838BF31188BFF36F8F2B7F7B
:10CA00002A8BAC6A1B3323F00303521A02FB034444
:10CA10001B4B1C4AEB1A9B105343A3722B7FE372F0
:10CA2000CAE78BF31188BFF36F8F54EA090409D06A
:10CA300008F08AFA144A154B12589A420ABF8846DF
:10CA4000C846C24642465346284604F09DF804466E
:10CA50000028B1D10024204605B0BDE8F08F636105
:10CA6000012300252381039B29466382E27A6560C6
:10CA700004F1180008F060FA63692582E360EAE7D0
:10CA8000DC080021A38B2EBA08000000A070002152
:10CA900070B52C250B4C00B970BD037A4668013B7C
:10CAA000DBB20372002BF7D1C3604360837A05FBCE
:10CAB00003431B6A13B198473046ECE7FFF718FFB2
:10CAC000FAE700BFDC080021064AD2F8AC3123F0B7
:10CAD0000043C2F8AC310022034BC3F84C21D3F819
:10CAE0004C31704700200141006001410122024B9E
:10CAF0000020C3F84025704700000841502314224D
:10CB000013B51F4C0DF10700C4F80C351D4BC3F8CD
:10CB100020214FF400621C4BC3F8BC254FF4806207
:10CB2000C3F8382506F02CFF184B984225D1184938
:10CB30009DF8070006F013FF16499DF8070006F060
:10CB400013FF15499DF8070006F009FF21469DF8DF
:10CB5000070006F009FF01209DF80730984002F019
:10CB60002BFD4FF4002200200C4BC3F84423C3F8E4
:10CB70004C01D3F84C3102B010BD6FF00B00FAE756
:10CB800000B0004100302041002001410000AD0B09
:10CB90004C610141282001412C21014100600141EB
:10CBA00073B5354BD3E84F3F00233449CDE900330B
:10CBB000334BD3F80445BFF35F8FD1F80465BFF35F
:10CBC0005F8FD3F804259442F3D16B4622460121AE
:10CBD0002B4806F0D1FB324605460F21274801AB12
:10CBE00006F0CAFBE0B1019B0DB9009302E0009A88
:10CBF0009342FAD3009B22481C44013CD0F84C35A8
:10CC000024F07F449C421F4932D0FFF75DFFC0F8FB
:10CC10004C451D4B009A9A4218D901230B7001E034
:10CC2000002DE7D1194AD2F8AC3143F00043C2F8E5
:10CC3000AC31134BD3F84C2132B90121144A516065
:10CC4000D3F84C3103B1116001230DE0BFF35F8FC6
:10CC5000D0F80435E41A24F07F440E4B033C9C4288
:10CC6000DBD900230B7000230B4A137002B070BD98
:10CC70000B78002BF7D0D5E771740021001001412B
:10CC8000006001416F740021FEFF7F000020014120
:10CC900000B00041FBFF7F0070740021F8B51E4911
:10CCA0000023C1E8423F52BB1C4B1D783DB3052316
:10CCB0001B4E1C4F34780134B4FBF3F303EB8303B6
:10CCC000E41A06F035FD184A137823B157F82430DA
:10CCD000C01A072813D9154BD3F8141141B10021FC
:10CCE000C3F81411D3F8143134700CB90123137044
:10CCF000347806F01DFD47F824002846F8BD0C4A9C
:10CD00000025D2F8AC3123F00043C2F8AC31012247
:10CD1000084B5A60F1E700BF717400217074002164
:10CD20006E740021387200216D74002100500041A2
:10CD30000020014100B0004120B1034B800143F0CD
:10CD400001031847704700BFE055030108B5034BC6
:10CD5000186807F0D1FD002008BD00BF4C7200210B
:10CD6000052838B5054608D82A21C140C90704D589
:10CD7000064806F0D9FA044610B90024204638BD0A
:10CD800001210C3006F0D4FA2576F7E7600900217E
:10CD90002DE9F04102280546DDE906870BD004287D
:10CDA0000BD020B9134806F0BFFA044638B9002466
:10CDB0002046BDE8F0811048F5E71048F3E700F1A0
:10CDC0000C060121304606F0B3FA2576B8F1000FC3
:10CDD000EED0002FECD0304606F0C6FA874203D9D9
:10CDE0002046FFF755FEE2E73A464146304606F058
:10CDF000A9FADDE708090021DC0800213409002137
:10CE0000038A014623B1034B186883689B6818475F
:10CE1000122070479407002110B5084B084C186089
:10CE2000206807F046FC30B1206806498368BDE8F9
:10CE300010401B6818476FF0120010BD4C720021A3
:10CE4000940700214DCD0201084B70B5C31A0D4661
:10CE500007499B10044659434022064806F0CBFA86
:10CE60002B4601462046BDE87040184764720021F9
:10CE7000B76DDBB6EC4F0301402373B50B4C009349
:10CE8000041B0B460D460A49A41061430646094A95
:10CE9000094806F0DCFA011E05DA30462B4602B0DE
:10CEA000BDE87040184702B070BD00BF6472002139
:10CEB000B76DDBB6B9340301EC4F030110B5EFF3E6
:10CEC0001184402383F31288BFF36F8F074A1368DE
:10CED00023F00201DB07116002D4012006F034FDCB
:10CEE00084F31188BFF36F8F10BD00BFB4720021AF
:10CEF00070B50022012104460520FFF749FA0F48CA
:10CF000002F0AEFA0E4B984215D106F022FD2669CA
:10CF10000C49304605F0C5FE00280BDB01253564C1
:10CF20002469084904F11C0005F0BBFE002801DB60
:10CF30000020E56470BD6FF00400FBE74DD00201F6
:10CF40000000AD0BC05603017FB500220123CDE9DF
:10CF5000022304ABCDE90433094A6B46CDF800D077
:10CF6000CDF804D006F0A1FA002805DB4FF480428A
:10CF70000023684603F05EFE07B05DF804FB00BFC7
:10CF8000D73403010C22104B014602FB0033002072
:10CF900030B4D3E90E529863EFF31180402484F348
:10CFA0001288BFF36F8F1C6C04F0C00444F00204BD
:10CFB0001C6480F31188BFF36F8F1DB12B4630BC0A
:10CFC0000248184730BC704764720021EC4F0301DF
:10CFD00010B4EFF31182402383F31288BFF36F8FF5
:10CFE0001748016841F002040460C80707D482F3BF
:10CFF0001188BFF36F8F012010BC02F021BA1149D4
:10D00000D1F80C04D1F80C14C907F0D5EFF3118056
:10D0100083F31288BFF36F8F0B490B6C03F0C003CF
:10D0200043F002030B6480F31188BFF36F8F82F328
:10D030001188BFF36F8F002010BCFFF7A3BF00BFA4
:10D04000B4720021005000416472002110B1012827
:10D0500004D07047034B1B6C5B0701D1FFF792BFF5
:10D06000704700BF647200212DE9F041012207469C
:10D070003449D1E8EF3FC1E8E02F0028F9D133B9B6
:10D08000314932484B60CB608A6005F01DFE7B1E43
:10D09000012B28D8012F06D12D4BD3F81C3403F0D7
:10D0A0000303022B1FD007F0ACFC0546E8B9294B5F
:10D0B0001B78D3B102220646254BC3F80823244C23
:10D0C000DFF89480D4F81824D4F81834D20315D596
:10D0D00003F00303022B01D0012F0FD16DB386F3B0
:10D0E0001188BFF36F8FBDE8F081EFF31186402305
:10D0F00083F31288BFF36F8F0125E0E7C5B1304697
:10D1000006F0CCF8D4F81835DBB2012BDAD1D4F81C
:10D110000421002AD6D00022C4F80421D4F8042126
:10D120000222C4F818252022C8F88021A360C9E78C
:10D130000021212004F06AFAE4E70222044BC3F83C
:10D140000423D0E760720021507200218072002118
:10D1500000500041E076002100E100E008B50748FA
:10D1600007F0A7FA38B10648FFF7A4FB0448FEF71A
:10D170003DFA002008BD6FF01200FBE73C500301B0
:10D1800085D102010A2838B50446074D04D1AB68A1
:10D190000D2128465B689847AB6803485B68E1B29D
:10D1A0009847204638BD00BF3C500301EFF3118281
:10D1B000402383F31288BFF36F8F0A4BD3F800111B
:10D1C00061B10021D3F80805C3F80011D3F800318C
:10D1D000C0B282F31188BFF36F8F70476FF00A00FF
:10D1E000F7E700BF009000410346F0B510469C7879
:10D1F00093F803C0EFF31182402585F31288BFF343
:10D200006F8F1F7893F801E0E41B04EA0C04A0423E
:10D2100088BFA0B23E180CEA06063D461E7082F397
:10D220001188BFF36F8F0A188A4216D177450CD147
:10D23000EFF31182402181F31288BFF36F8F1978C9
:10D24000597082F31188BFF36F8F1B79241AA342A0
:10D2500022BF0122054B1A60F0BD5E1976790135B7
:10D2600001F8016B05EA0C05DEE700BF0090004104
:10D27000DB432DE9F04713F001050E46144604D0B8
:10D280002248FFF7B1FFBDE8F0879AB3EFF31188AA
:10D29000402383F31288BFF36F8F0920FFF76AF8EA
:10D2A00007460920FFF752F888F31188BFF36F8F04
:10D2B000DFF85CA04FF40079CAF80051DAF80031C9
:10D2C00001232546DFF84C80CAF80030C8F8809169
:10D2D000DAF8003183B1FFF769FF031EC8F88091C7
:10D2E000F6DB013DADB27355002DF1D117B1092028
:10D2F000FFF71EF82046C6E7EFF31180402383F3C3
:10D300001288BFF36F8F05F0C9FFE1E7E8720021D3
:10D310000090004100E100E02DE9F0410D46144687
:10D32000114F07F1450814B92046BDE8F0814FF0D0
:10D33000FF334FF0FF32384603F07CFC224629468B
:10D340004046FFF751FF0646384603F04FFC3EB912
:10D350004FF0FF324FF0FF33044803F06BFCE6E779
:10D36000A41BA4B23544DEE7B8720021D0720021BC
:10D3700038B50122184C1146204607F0D2FA012296
:10D38000002104F1180007F0CCFA40F20743A4F89A
:10D3900048304FF0706323630C230025012184F88B
:10D3A00034300E4B84F84550A4F84650D3F8042589
:10D3B000092022F00102C3F80425C3F80051D3F874
:10D3C0000021C3F804132A461960FEF7E1FF092083
:10D3D000FEF7AEFF284638BDB8720021009000412C
:10D3E00010B5FFF7E3FE002820DB174BC0B293F81F
:10D3F000322093F8314093F83310141B31EA0404BF
:10D400000DD193F8472093F8464093F84810141B29
:10D4100031EA04040BD101220C4B5A600EE09C1837
:10D420000132114084F8350083F8321010BD9C1889
:10D430000132114084F84A0083F847100448BDE8DF
:10D44000104003F0D3BB00BFB87200210090004130
:10D45000D0720021F0B5406801F01F04057B87B051
:10D4600044EA45140569002D63D0B2F5001F00F1B0
:10D47000100506D12146284606F001FB002007B022
:10D48000F0BD0027B2F5800F01AE0197776039D16A
:10D49000B3F1007F14BF052304238DF8043000236B
:10D4A000CDE904630393836823FA01F111F00101CC
:10D4B0001AD1B2F1A07F17D104F01F03620903F162
:10D4C00080032AD0012A3AD11E4A52F82330DB07C2
:10D4D0000AD40DF1030632462146284602F0D6FA58
:10D4E000194B98421BD002962146284603AA02F007
:10D4F00089F9164B98421FD101222146284602F095
:10D5000027FBBBE7B3F1C06F05D0B3F1007F14BFB9
:10D5100001230223C1E70323BFE70D4AD5E73146C4
:10D52000284602F00FFB094B9842DCD06FF00B004D
:10D53000A5E76FF08500A2E76FF015009FE751F8AF
:10D540002330FFDE00088C410400AD0B0000AD0B62
:10D5500000058C4138B545682B69B3B110352846B4
:10D5600002F0E0FA044680B90146284602F0A8FA23
:10D57000084B98420BD122462846074902F080FA10
:10D58000224605210A20FEF703FF002038BD6FF078
:10D590000400FBE70000AD0B9DD5020142090346E4
:10D5A00070B502D0012A17D070BD0D4E3269516896
:10D5B0000029F9D0012503F01F030C689D400029C4
:10D5C000F2D08A682A4002D030464B6898472CB186
:10D5D000236821461C46F2E7024EE7E72346F8E7B8
:10D5E00014500301005003012DE9F04340F20635C9
:10D5F0004668D00648BF0320337B02EA050558BFC2
:10D60000C2F3401087B001F01F07B5F5837F1446C1
:10D6100047EA43178DF8030043D00FD8062D18D0E2
:10D6200007D8B5B1022D3ED06FF0150007B0BDE8A8
:10D63000F083B5F5807FF7D101250AE040F20222A0
:10D64000954232D0B5F5407F31D0B5F5007FEBD1B2
:10D65000022522032DD5012372688B409360326925
:10D6600082BB07F01F037F092AD0012F77D13E4AE2
:10D6700002EB830284F48033D2F80012C3F3004338
:10D68000C4F3404444EA430421F4706144EA800452
:10D6900021F00F0144EA05230B43C2F800320020B9
:10D6A000C4E70725D5E70425D3E70525D1E70325FA
:10D6B000CFE7630341BF012372688B40D360CEE79D
:10D6C0002A4AD5E71036394630460DF1020202F0FB
:10D6D000DDF914F4403F80460CD13946304606F05F
:10D6E000CCF9234B9845DAD130469DF8021002F070
:10D6F00023FAD4E74FF0000901AB3946304603AABC
:10D70000CDE90439CDE90199CDF80C9002F07AF811
:10D71000174B984288D114F4003315D09DF803308C
:10D7200084F48034C4F300448DF80E3039464B46FF
:10D73000304603AA8DF80C508DF80D4002F01EF90A
:10D740000B4B9842CDD06FE7CDE9043339460DF14C
:10D750000303304603AA039302F054F8F0E7803342
:10D7600052F82330FFDE00BF00088C4100058C41D9
:10D770000000AD0B10B504460269A2B0C2F88000EB
:10D780001649002002F014FB002201211220FEF7AE
:10D79000FFFD8422002101A8646807F0CDFB00236F
:10D7A000012001AA61680432D940C90744BF00FAC8
:10D7B00003F142F8041C2168D940C90748BF00FAA8
:10D7C00003F103F1010348BFD163102BEAD101A893
:10D7D00002F006FB002022B010BD00BF7735030128
:10D7E0002DE9F04F8C46002640F2FF1EDFF8E48062
:10D7F000DFF8E490DFF8E4A0F3B29C4502D8002003
:10D80000BDE8F08F50F82610C1F3C324082CC1F3F3
:10D81000080350D8890C734508BF4FF0FF3318F840
:10D82000044003294AD8DFE801F002083033C2F887
:10D830000C35591C2FD10136DEE7C2F814355D1CBA
:10D84000F9D0002550F8261001F40047002F0EBF34
:10D85000AB464FF0010B002503F01F075B0928D0F2
:10D86000012B31D1534603EB8707C1F34121240239
:10D87000D7F8003244EA81042C4303EA090344EA5E
:10D880004B042343C7F80032D5E7C2F80835D0E788
:10D89000C2F81035D3E7590909D0012911D10F4F2A
:10D8A000012503F01F0105FA01F1B960CAE70C4F29
:10D8B000F6E70B4BD7E76FF01500A1E76FF0850097
:10D8C0009EE700239B60FFDE0023803753F827305C
:10D8D000F9E700BF1D5A0301F0F0FCFF00088C417E
:10D8E00000058C412DE9F04104460D46476807F0DC
:10D8F00088F84FF0400888B9264B1B7873B164262E
:10D90000606805F0D8FEF0B9012006F026F8013E67
:10D91000F6D10021212003F079FEF0E7EFF3118624
:10D92000314688F31288BFF36F8F606805F0C3FE3D
:10D93000A8B986F31188BFF36F8FEFE786F31188DC
:10D94000BFF36F8FE5E7EFF31186314688F3128856
:10D95000BFF36F8F606805F0AEFE0028EED0FB6964
:10D9600000201D706368FA691B68C3F84425012212
:10D97000C3F84825C3F82001D3F82041C3F8580163
:10D98000D3F858019A6081F31188BFF36F8FBDE817
:10D99000F08100BFE0760021F7B5054600220121A5
:10D9A0001320FEF7F5FC1320FEF7C2FC6B681A6922
:10D9B0001868C0F82425997D5A7D0A43198B1B7D70
:10D9C0000B431343C0F86C356E68D6E9004313F07F
:10D9D000010348D02F6907F1080005F0D1FF304B53
:10D9E00098425AD1387A04F10C0204F5907105F08E
:10D9F000C0FF387A012707FA00F001F0DDFD0823A7
:10DA0000C4F80035F369C4F844350023C4F8483538
:10DA1000A760D4F85831002BFBD00021C4F80015C2
:10DA20006B6801AADC68204605F018FE002805DBBB
:10DA3000019B226819791868FFF7D2FE08216A68ED
:10DA40001368C3F80015117A51B9126AC3F8342566
:10DA50000122C3F83825C3F81011D3F810111A6049
:10DA6000002003B0F0BD0822C4F80025F269C4F814
:10DA70004425C4F848350123A360D4F82031002B95
:10DA8000FBD00023C4F82031D4F820310123E36017
:10DA90004FF48073C4F80433BBE76FF00400E0E791
:10DAA0000000AD0B0123834070B5DC430B4AD2E884
:10DAB000EF1F01EA0405C2E8E65F002EF7D14FF43C
:10DAC000803282400648C0F80823BFF35F8FBFF35F
:10DAD0006F8F0B4214BF0120002070BDBC7300216A
:10DAE0000060014170B40E4922F07F46D1E9003454
:10DAF000D01AC31844F10004C1E90034A6F500139C
:10DB0000B3F5400F09D2074B1B681A0A1B069C1974
:10DB1000054B42F10005C3E9004570BC03F00CBFA2
:10DB2000901E0021C0730021981E0021D9B101234D
:10DB30000D4A8340D2E8EFCF4CEA030CC2E8E1CFB4
:10DB40000029F7D14FF48033084A8340C2F80433E8
:10DB5000074BD3E8AF3FC340DB0742BF4FF480021F
:10DB6000044BC3F800217047BC73002100600141E1
:10DB7000B873002100E100E00D4B1868010A0006AF
:10DB8000BFF35F8F0B4BD3F80435181841F1000138
:10DB9000B3F5801F0AD2084BD3E90023904271EB02
:10DBA000030303D210F1807041F10001704700BF00
:10DBB000C073002100600141981E00212DE9F04F43
:10DBC00085B016461F4604469DF840A0FFF76AFF41
:10DBD0000190FFF7D1FFB04271EB070352D23B4BEC
:10DBE000301A67EB0101984271F100014DD2384BB8
:10DBF00003EB0413D3E902239F4208BF964258D097
:10DC00004FF48038334908FA04F8204626F07F4B59
:10DC1000C1F8488305F080FD4FF00309584604F130
:10DC20005005AD00ADB205F1824504F5A87305F5C8
:10DC3000B0350293029A20F07F4341F82230C1F8B8
:10DC40004483D1F80435244AC01A033820F07F40B9
:10DC500090422ED9286868B1D1F80435A3EB0B00A7
:10DC600020F07F40B0F5000F039322D9204605F045
:10DC700053FD039BBAF1000F07D109EB030009F133
:10DC80000109D7E7BAF1000F09D06FF0150520465A
:10DC90000199FFF74BFF284605B0BDE8F08F01233F
:10DCA0000E4AA340D2E8EF0F1843C2E8E10F002963
:10DCB000F8D107490E982301C8500F9B01EB0412BD
:10DCC0000025C2E902675360E1E700BF0100800060
:10DCD000801E002100600141FDFF7F00B87300211C
:10DCE0007FB500254FF0FF304FF0FF31194C1A4B34
:10DCF0000226C4F80833C4F84833184BC4F8085552
:10DD0000C3E902014FF480334FF48002C4F80433B6
:10DD1000134B0121C4F804631620C3F880212A465E
:10DD2000FEF736FB1620FEF703FB01230D4AA36026
:10DD3000236013600C4B0D4A009328460023CDE965
:10DD40000155FFF73BFF3046FFF78EF9284604B038
:10DD500070BD00BF0060014103000F00801E002164
:10DD600000E100E0BC730021E5DA0201FFFF7F0063
:10DD70002DE9F74305F031FB2A4BD3F80423900734
:10DD80000BD5D3F8042142B10022C3F80421264A5E
:10DD9000D3F80431136801331360224AD2F80433F4
:10DDA000D90320D5214BD3E8EF1F21F00100C3E8B0
:10DDB000E40F002CF7D1CB0702D4D2F8403193B155
:10DDC0000025184CC4F84051D4F84031FFF7D4FE78
:10DDD000EFF3108272B6164BD3E90267B042B94135
:10DDE00004D282F3108803B0BDE8F0834FF0FF380F
:10DDF000D3E900104FF0FF391D60C3E902894FF4E9
:10DE00008033C4F84833C4F84051D4F8403182F329
:10DE100010880029E7D0009032463B4628468847C4
:10DE2000E1E700BF00600141C0730021B873002129
:10DE3000801E002130B5431C124C85B005D08442B1
:10DE4000A8BF0446012CB8BF0124FFF795FE0E4B76
:10DE50000C4DD3E90013401AB0F5000F0FD2221871
:10DE6000AA4228BF2A46002052180849CDE90100DD
:10DE7000009143F10003FFF7A1FE05B030BD2A4633
:10DE8000F1E700BFFFFF7F00901E0021E5DA0201ED
:10DE900008B5FFF771FE024B1B68C01A08BD00BF32
:10DEA000901E002102460B46014802F0B9BD00BF9A
:10DEB00080080021014802F02BBE00BF800800212D
:10DEC00070B5064688B036480D46364906F04CFD1A
:10DED00001F0E8F903A8D3F79FF9334806F0E9FB0E
:10DEE000002856D0314B01A80193D3F73FFB0028FF
:10DEF00052D14FF0FF304FF0FF31FFF7D3FF044610
:10DF000038B92B492B48D3F73DF9044620B1FFF728
:10DF1000D1FF204608B070BD40F6C41302A802939A
:10DF2000F5F7D5F820B1FFF7C5FF6FF08504F0E7EE
:10DF30004FF4C86302A80293F5F7E6F80028F2D17F
:10DF400040F2145302A80293F5F7E3F80028EAD14F
:10DF5000029002A8F5F7E0F80028E4D102A80294A4
:10DF6000F5F7B3F80028DED1012368468DF80030BC
:10DF7000F5F7A3F80028D6D147F2305302A8029350
:10DF8000F5F7ADF80028CED1FFF794FF33691D6097
:10DF9000BFE76FF01204BCE76FF01504B9E700BFEC
:10DFA000C8730021EB3703012850030125E2020169
:10DFB000A01E002115E202017FB59448D2F7D4FFDC
:10DFC000D3F73CF918B16FF0850004B070BDD3F7FA
:10DFD000B5F90028F7D1D3F747F90028F3D1D3F7E3
:10DFE000C3F90028EFD1D3F755F90028EBD1D3F7C7
:10DFF0006DF90028E7D1D3F785F90028E3D1D3F7ED
:10E000008FF90028DFD1D3F759FA0028DBD1D3F7F5
:10E010006BFA0028D7D1D3F77DFA0028D3D1D3F7F4
:10E020008FFA0028CFD1D3F75FF90028CBD1D3F7EF
:10E0300069F90028C7D1D3F773F90028C3D1D3F702
:10E04000B7F90028BFD1D3F7C1F90028BBD1D3F766
:10E05000CBF90028B7D1D3F7E1F90028B3D1D3F732
:10E06000F9F90028AFD1D3F70FFA04460028AAD156
:10E070000226012101AA8DF80460D2F7C9FF002809
:10E08000A3DB01253146204601AA8DF80450D2F7C2
:10E09000BFFF002899DB08260721204601AAADF81A
:10E0A0000460D2F7B5FF00288FDB594B03212046CF
:10E0B00001AA0193D2F7ACFF002886DB0421204699
:10E0C00001AA8DF80450D2F7A3FF0028FFF67DAF18
:10E0D000FB230621204601AAADF80430D2F798FFB1
:10E0E0000028FFF672AF3146204601AA8DF8045091
:10E0F000D2F78EFF0028FFF668AF032305212046E4
:10E1000001AA8DF80430D2F783FF0028FFF65DAF37
:10E110000921204601AA8DF80450D2F779FF002882
:10E12000FFF653AF03250A21002001AA8DF8045001
:10E13000D2F76EFF0028FFF648AF0B21204601AA58
:10E140008DF80440D2F764FF0028FFF63EAF0123AC
:10E150001021204601AA8DF80430D2F759FF00287B
:10E16000FFF633AF02261121204601AA8DF8046084
:10E17000D2F74EFF0028FFF628AF1221204601AA51
:10E180008DF80460D2F744FF0028FFF61EAF14217B
:10E19000204601AA8DF80460D2F73AFF0028FFF666
:10E1A00014AF1321204601AA8DF80460D2F730FF86
:10E1B0000028FFF60AAFFB23ADF80C30F7238DF8EB
:10E1C00004500425CDF80540ADF8063040F2034375
:10E1D000152120460DEB05020294ADF808308DF8AC
:10E1E0000A50D2F715FF0028FFF6EFAE45F26003A4
:10E1F000984208DD84F31188BFF36F8F284602DF51
:10E200006FF00B00E1E62046DFE600BF393703017F
:10E210001B1B03020149024806F0C2BBC873002160
:10E22000006F002110B403460A46034881680C6859
:10E230001946234610BC18472850030173B54FF008
:10E24000FF304FF0FF31FFF72DFE002875D13C4D18
:10E250000DF10701284600F041FF0446FFF72AFEB2
:10E26000002C6AD19DF80730042B36D128783E283F
:10E2700017D0FF2825D04FF0FF324FF0FF33214653
:10E2800005F0ADF8044600283ED06A782C490232E9
:10E290000C3005F057F821462A4B1B682A4898474E
:10E2A00032E0AB78022B08D00D2BE4D1EE78012EB2
:10E2B000E1D1A98811F0100109D000220023012426
:10E2C000DDE7AB7803F0FD03802BD4D1F5E74FF009
:10E2D000FF324FF0FF330C46D1E7022B19D14FF03C
:10E2E000FF324FF0FF330320FEF73AFD064658B1E8
:10E2F0006A880432B2F5847F16D984F31188BFF39B
:10E300006F8F0423184602DF02B0BDE87040FFF7AC
:10E3100081BF082BF8D14FF0FF324FF0FF330520BB
:10E32000FEF71EFD0646E3E7294606F10C0005F060
:10E3300009F8044B31461B68B0E702B070BD00BF5E
:10E3400074740021C47300217850030142F2640305
:10E3500098423FD02ED842F2260398421ED842F26D
:10E360000C03984214D840F20643984232D040F24F
:10E370001D43C01A18BF01207047A0F5015028386E
:10E38000154B80B2C34003F0010383F001007047D6
:10E39000A0F500500D38114B80B2F3E742F2320382
:10E3A000984217D0A0F501500338012894BF0020EF
:10E3B0000120704742F28503984206D842F2670373
:10E3C0009842DAD842F26603D3E74FF6025320F0C0
:10E3D0000800CEE7002070472F8040204112000344
:10E3E0002DE9F341B14D07882A7804463BB2002A53
:10E3F00040F06D8642F24A018B424BDC42F235011D
:10E400008B422FDC42F207018B425AD03BDC40F6B4
:10E4100003418B425DD042F20602934238D004237E
:10E420008DF80730A24B2688D3F80080B8F1000F92
:10E4300079D00DF1070220469E490DF10603C04731
:10E44000012802466FD09DF80630002B40F0548121
:10E450009DF807300E21AB7001236970EB70AE8020
:10E46000AA7147E0A7F50053373B122B1CD8DFE811
:10E4700003F01919191F1B19191919191919191943
:10E48000191919191900A7F50053083B052BC6D80F
:10E49000042218E042F25C0293420DD042F25D0287
:10E4A0009342BCD1042201E0EA71052202230BE071
:10E4B000EA712A720622F9E7B0F80330A5F80730AE
:10E4C000F8E7EA71052201237B48017821B903703E
:10E4D000A5E7794B1A70A2E79942A0D03846FFF71A
:10E4E00035FFA8B10E236B700123EB700C23AA70CB
:10E4F000AF80AB7101232B7040F635439F4203D1AF
:10E50000AB79002B00F0E085002002B0BDE8F0817F
:10E510000F236B700423AB700C23EB700123A5F861
:10E5200005702B71E6E7B6F5105F4FEA96230DD222
:10E530007BB1013B072B0CD8DFE813F00D000B007B
:10E540002C009C0002010B000B0013013F2B00F07C
:10E5500087840122D0E0204640F2064230F9033B96
:10E56000934207D040F21D429342F2D1F4F79BFE52
:10E57000024602E0F4F795FE02463046FFF7E6FE5B
:10E5800080F00100C0B2002840F0B680012A7FF47C
:10E590005FAFDEE7204640F6354130F8032B13B27B
:10E5A0008B4229DC40F62C418B420BDC40F60142C9
:10E5B000934231D040F603429342CAD1D3F7B6F822
:10E5C0000246DAE7A2F62D43082BC2D801A252F880
:10E5D00023F000BF21E6020153E5020153E50201E9
:10E5E00053E5020135E6020153E502013DE6020171
:10E5F00053E5020145E6020140F67B42934225D0F5
:10E6000040F67C4293422BD040F663429342A0D125
:10E61000F4F7DFFC0246B0E7F4F7CEFC0246ACE7C5
:10E620009DF80730254903338DF80730F4F7C9FC0E
:10E630000246A2E7F4F7C7FC02469EE7F4F7C5FCE2
:10E6400002469AE7F4F7C3FC024696E79DF80730C6
:10E650001A4904338DF80730F4F7C0FC02468CE702
:10E660009DF80730154902338DF80730F4F7B8FCF0
:10E67000024682E72388A3F58053013B082B3FF62F
:10E6800068AF01A252F823F0C1E60201D5E602010B
:10E690000DE7020153E5020153E5020153E50201D2
:10E6A00053E5020153E502012DE702017D750021CA
:10E6B000D87300217E7500217C75002184750021AE
:10E6C0009DF80730E64808338DF80730F4F72EFD43
:10E6D000024652E79DF80730E14840338DF8073095
:10E6E00005F085F83046FFF731FE80F00100C0B23A
:10E6F000002200283FF4ACAE0F236B700423AB70F4
:10E700000123EA702B71A5F80560F3E600229DF85D
:10E71000073008338DF80730D14B1A605A60EB7A16
:10E7200023F0600343F06003EB72DBE79DF80730F2
:10E73000CB4806338DF80730F4F7FAFC02461CE7A5
:10E7400041F2054322889A427FF403AF9DF80730D7
:10E75000C3490333E01C8DF80730F4F7A6FD0246E9
:10E760000BE7204642F27C0130F8033B1AB28A42A2
:10E770003FF7EFAEB2F5005F0DDC40F615439A426D
:10E7800000F0B68240F616439A427FF4E2AEF4F708
:10E790002BFC0246F1E6A3F50053013B7B2B3FF631
:10E7A000D8AE01A252F823F099E90201A1E90201D1
:10E7B000B5E9020153E50201C7E90201CFE902010F
:10E7C000D7E90201EBE90201F3E90201FBE90201E9
:10E7D0000BEA020113EA02011BEA020123EA020129
:10E7E0002BEA02013FEA020147EA02014FEA020175
:10E7F00057EA020165EA02016DEA020181EA0201BB
:10E8000089EA02019DEA0201B1EA0201B9EA0201C4
:10E81000CDEA0201E1EA020153E5020153E50201FA
:10E8200053E5020153E5020153E5020153E50201FC
:10E8300053E5020153E50201F1EA0201F9EA02019E
:10E8400009EB020111EB020119EB020121EB0201BC
:10E8500053E5020153E5020135EB02013DEB0201F4
:10E8600053E5020145EB020159EB020161EB0201A4
:10E8700053E5020153E5020169EB020171EB02016C
:10E8800085EB02018DEB020195EB02019DEB02018C
:10E89000B1EB0201C5EB0201CDEB0201D5EB0201A8
:10E8A000DDEB0201E5EB0201EDEB0201F5EB02010C
:10E8B000FDEB020105EC02010DEC020115EC020179
:10E8C0001DEC020125EC02012DEC020135EC0201E8
:10E8D00049EC02016DEC020181EC02015DEC0201E8
:10E8E00053E5020153E5020153E5020153E502013C
:10E8F00053E5020153E5020153E5020153E502012C
:10E9000053E5020153E5020165EC020189EC0201C5
:10E910009DEC0201B1EC0201C5EC020101EB020128
:10E9200053E502018DED0201A3ED020105ED0201A7
:10E930001FED020139ED020141ED0201D5EC0201AA
:10E94000DDEC020171ED020179ED020183ED0201BE
:10E9500055ED02015DED0201CDEC0201FFED02017A
:10E9600015EE0201BDED0201D3ED0201E9ED020158
:10E970002BEE020157EE020141EE020153E50201C6
:10E9800053E5020153E5020153E5020153E502019B
:10E9900053E5020103EA0201F4F7CCFB0246ECE581
:10E9A0009DF807302E4803338DF80730F4F7C7FB86
:10E9B0000246E2E59DF80730294808338DF8073014
:10E9C00004F05BFF8EE6F4F7BCFB0246D5E5F4F7F6
:10E9D000BAFB0246D1E59DF80730214801338DF896
:10E9E0000730F4F7B2FB0246C7E5F4F7B0FB024686
:10E9F000C3E5F4F7AEFB0246BFE5F4F7ACFB024615
:10EA0000BBE5F4F74CFC0246B7E5F4F7A6FB02467B
:10EA1000B3E5F4F7A4FB0246AFE5F4F7A2FB024628
:10EA2000ABE5F4F7A0FB0246A7E59DF807300C48DC
:10EA300001338DF80730F4F798FB02469DE5F4F7B3
:10EA400096FB024699E5F4F794FB024695E5F4F748
:10EA500092FB024691E5F4F790FB02468DE500BF7C
:10EA600084750021F4F78BFB024686E59DF807309C
:10EA7000D14907338DF80730F4F783FB02467CE574
:10EA8000F4F781FB024678E59DF80730CA49103358
:10EA90008DF80730F4F779FB02466EE59DF80730F4
:10EAA000C54808338DF80730F4F771FB024664E57A
:10EAB000F4F76FFB024660E59DF80730BE4902336C
:10EAC0008DF80730F4F767FB024656E59DF80730EE
:10EAD000B94902338DF80730F4F761FB02464CE583
:10EAE0009DF8073008338DF80730FF23EB711BE6E4
:10EAF00000F0E0FB024640E504F0E2FE02463CE5A1
:10EB000004F0E1FE024638E5F4F74DFB024634E539
:10EB1000F4F74BFB024630E5F4F749FB02462CE5DF
:10EB20009DF80730A44801338DF80730F4F741FB16
:10EB3000024622E5F4F73FFB02461EE5F4F73DFBF3
:10EB400002461AE59DF807309B4904338DF80730DB
:10EB5000F4F735FB024610E5F4F733FB02460CE50B
:10EB6000F4F731FB024608E5F4F72FFB024604E513
:10EB70009DF80730904901338DF80730F4F727FBF3
:10EB80000246FAE4F4F725FB0246F6E4F4F723FB29
:10EB90000246F2E4F4F721FB0246EEE49DF807306A
:10EBA000854802338DF80730F4F719FB0246E4E498
:10EBB0009DF80730804801338DF80730F4F711FBDA
:10EBC0000246DAE4F4F70FFB0246D6E4F4F70DFB55
:10EBD0000246D2E4F4F70BFB0246CEE4F4F709FB5D
:10EBE0000246CAE4F4F707FB0246C6E4F4F705FB65
:10EBF0000246C2E4F4F703FB0246BEE4F4F701FB6D
:10EC00000246BAE4F4F7FFFA0246B6E4F4F7FDFA76
:10EC10000246B2E4F4F7FBFA0246AEE4F4F7F9FA7E
:10EC20000246AAE4F4F7F7FA0246A6E4F4F7F5FA86
:10EC30000246A2E49DF807305F4801338DF80730A3
:10EC4000F4F7EDFA024698E49DF807305A4802338B
:10EC50008DF80730F4F7E5FA02468EE4F4F7E7FAA8
:10EC600002468AE4F4F7E5FA024686E49DF80730A6
:10EC7000514804338DF80730F4F7D5FA02467CE4A6
:10EC8000F4F7D3FA024678E49DF807304A49023394
:10EC90008DF80730F4F7CFFA02466EE49DF807309E
:10ECA000454902338DF80730F4F7C9FA024664E4A7
:10ECB0009DF80730404902338DF80730F4F7BDFA6C
:10ECC00002465AE4F4F7BDFA024656E4F4F7D5FAE0
:10ECD000024652E4F4F7C3FA02464EE49DF80730C8
:10ECE000354902338DF80730F4F7BBFA024644E4A5
:10ECF0009DF80730304802338DF80730F4F772F989
:10ED000002463AE42C49F4F7A2FA297A9DF8073032
:10ED1000013103EB410302468DF807302DE426490B
:10ED2000F4F797FA297A9DF80730013103EB410394
:10ED300002468DF8073020E4F4F78DFA02461CE411
:10ED40009DF807301C4901338DF80730F4F785FA38
:10ED5000024612E4F4F787FA02460EE49DF8073003
:10ED6000154901338DF80730F4F77FFA024604E4C1
:10ED7000F4F77DFA024600E4F4F77BFA0246FFF767
:10ED8000FCBBF4F778FA0246FFF7F7BB9DF80730B3
:10ED9000094806338DF80730F4F755FA0246FFF7B5
:10EDA000ECBB9DF8073004490B338DF80730F4F7BE
:10EDB0004CFA0246FFF7E1BB847500219DF807304D
:10EDC000C54902338DF80730F4F75FFA0246FFF7C2
:10EDD000D4BB9DF80730C04902338DF80730F4F7F3
:10EDE00056FA0246FFF7C9BB9DF80730BA490E3301
:10EDF0008DF80730F4F74FFA0246FFF7BEBB9DF8D7
:10EE00000730B54902338DF80730F4F73AFA024675
:10EE1000FFF7B3BB9DF80730AF4902338DF80730D9
:10EE2000F4F731FA0246FFF7A8BB9DF80730AA496C
:10EE30000E338DF80730F4F72CFA0246FFF79DBB2E
:10EE40009DF80730A4491E338DF80730F4F725FAF2
:10EE50000246FFF792BBF4F712FA0246FFF78DBBAA
:10EE600020464FF60B4230F8033B934222D8B3F5CD
:10EE70007C4F7FF66EABA3F57C43013B0A2B3FF63C
:10EE800068AB01A252F823F049EF02015FEF0201E3
:10EE900053E5020153E5020153E50201B7EF020118
:10EEA00053E5020153E502018BEF0201A1EF0201DC
:10EEB000C1EF020103F5407292B21D2A3FF649AB41
:10EEC000A3F57D431D2B3FF644AB01A252F823F07E
:10EED000D7EF020107F0020111F002011BF002015D
:10EEE00025F002012FF0020153E5020153E5020172
:10EEF00053E5020139F0020153E5020153E5020135
:10EF000043F0020153E5020153E5020153E502011A
:10EF100053E5020153E502014DF0020153E5020100
:10EF200057F0020153E502016DF0020177F0020192
:10EF30008DF0020197F00201A1F00201ABF0020195
:10EF4000B5F00201BFF002019DF8073062480C33B2
:10EF50008DF80730F4F74AF80246FFF70EBB00229F
:10EF60009DF8073040338DF807305B4B1A80EB7902
:10EF700023F0230343F02303EB712B7A23F00703E1
:10EF800043F007032B72FFF7ADBB9DF807305248E3
:10EF900017338DF80730D2F7D7FB0246FFF7EDBAEB
:10EFA0009DF807304C4820338DF80730D2F71EFC0F
:10EFB0000246FFF7E2BAF4F734F80246FFF7DDBA8B
:10EFC0009DF80730444801338DF80730F4F72BF8EB
:10EFD0000246FFF7D2BA00229DF8073040338DF881
:10EFE00007303D4B1A60EB7923F03F0343F03F03BA
:10EFF000EB712B7A63F05F032B726B7A63F0010382
:10F000006B72FFF76FBBF4F724F80246FFF7B5BA4F
:10F01000F4F721F80246FFF7B0BAF4F74EF80246CB
:10F02000FFF7ABBAF4F74BF80246FFF7A6BAF4F7CE
:10F030004CF80246FFF7A1BAF4F74BF80246FFF787
:10F040009CBAF4F74AF80246FFF797BAF4F747F884
:10F050000246FFF792BA9DF807301F4904338DF836
:10F060000730F4F73EF80246FFF787BAF4F748F89E
:10F070000246FFF782BA9DF80730174908338DF82A
:10F080000730F4F73FF80246FFF777BAF4F73CF899
:10F090000246FFF772BAF4F73CF80246FFF76DBA82
:10F0A000F4F73AF80246FFF768BAF4F730F8024688
:10F0B000FFF763BAF4F736F80246FFF75EBAF4F7E3
:10F0C00033F80246FFF759BA2B70FFF71DBA4FF01D
:10F0D000FF30FFF71ABA00BF8475002138B5094C1C
:10F0E0000D4623781BB9BDE83840F3F755BFA27829
:10F0F000611C023205F013FF0020042320702B70E6
:10F1000038BD00BF7D75002170B505460E46084C20
:10F11000204605F0CEFA38B1A36829462046B2B29F
:10F120001B68BDE8704018476FF0120070BD00BF4B
:10F1300028500301F8B51C4D1C4905F12002002898
:10F1400008BF2946104602F0D9FC4FF0FF320028D4
:10F150004FF0FF334FF0010014BF12270027FDF7D7
:10F16000FFFD00F10C0602210446304604F0E4F8ED
:10F170003E230370222301214370304604F0DCF863
:10F18000092321210370304604F0D6F800F8017BF2
:10F190002FB12022FF2105F0CFFE2046F8BD05F15A
:10F1A000200104F080FBF8E7807600213F5A03013C
:10F1B0002DE9F041364BD3E8AF2F022A1F4660D02D
:10F1C000042A63D0012A48D1324C334E20212046F4
:10F1D000FFF79AFF002849D120223146204605F04A
:10F1E0000AFE0028F2D021462C4802F073FC0546A6
:10F1F0000028EBD14FF0FF324FF0FF330120FDF735
:10F20000AFFD00F10C0602210446304604F094F8EC
:10F210003E230370422301214370304604F08CF8F2
:10F22000082341210370304604F086F8064600F8B2
:10F23000015BEDB14022002105F07EFE0023D7E8FE
:10F24000EF2FC7E8E13F0029F9D16CB114482146FE
:10F25000BDE8F04103691B6818470022D3E8EF1F9F
:10F26000C3E8E02F0028F9D1BDE8F0811F25C1E7F0
:10F270000A4904F018FB203106F1210004F013FBC9
:10F28000DCE70020FFF756FF0446D7E70120F9E747
:10F29000EC730021807600213F5A0301A076002103
:10F2A000785003010149024805F05EBBBB380301F9
:10F2B000DC730021012208B5084BD3E8EF1F0029B9
:10F2C00003D1C3E8E02F0028F7D105D10449054850
:10F2D00005F066FB002008BD0C20FCE7EC73002164
:10F2E000DC730021006F0021002910B508BF022245
:10F2F000044618BF04220D4BD3E8EF1F002903D1A9
:10F30000C3E8E02F0028F7D10ED12146084804F0C9
:10F31000CAFA084804F1200104F0C5FA0649074872
:10F3200005F03EFB002010BD0C20FCE7EC73002133
:10F33000A0760021C0760021DC730021006F00213F
:10F340000A4608B50146074803F04FFC064803F09B
:10F350004CFC002383F31188BFF36F8F03231846FF
:10F3600002DF08BD5F5A0301685B030137B5102255
:10F37000164B1748C3F82025FCF706F83223012561
:10F38000ADF8043000231A216846124A8DF8063081
:10F39000ADF800508DF80230F2F75EFD044690B9EA
:10F3A0004FF4AF60FCF704F82A4621460C20FCF726
:10F3B000EFFF2A4621461120FCF7EAFF2A462146A4
:10F3C0000820FCF7E5FF204603B030BD00200141D6
:10F3D0001020014141F302010149024805F0E0BA61
:10F3E000F0730021006F002137B500240C4D6FF041
:10F3F00009034FF4806228460A49009401F09CFDFD
:10F400000949284605F003FB0849094805F0ACFA0C
:10F41000224604211A20FCF7BBFF204603B030BD72
:10F42000006F0021E8800021745A0301F1380301C4
:10F43000F0730021014B00201B6818470074002165
:10F4400020B1012806D10448EFF7E2BE034B0120AA
:10F450001B681847704700BF35F402010074002193
:10F46000014B186001487047007400210000AD0B8B
:10F470000022D30003F1FF7303F58033D3F80013A8
:10F48000013107D0D3F800130132D3F80433202A16
:10F490000B60EED1224BD3E94C32072B26D1023A36
:10F4A000032A204B28D9D3F80024D10732D41C4B8F
:10F4B000D3F83021072A19D1D3F83431023B032B7A
:10F4C00002D8194AD35C8BB17F23184A1849C2F875
:10F4D00018310023C1F8043EC1F8083EC2F82431B7
:10F4E000C2F82C3102F57F22C2F81031114B1A6894
:10F4F000114BC3F84425704710498A5C002AD2D0CA
:10F50000D3F80024D207CED50022C3F81421C3F8C3
:10F510001821C8E76FF00102C3F80024C7E700BF55
:10F520000000FF01005000417E5A0301002000410D
:10F53000000008410080FF0100600041825A030181
:10F5400030B50468ACB1B4FA84F30122C3F11F03EF
:10F55000DBB29A4024EA0202D0E8EF5FA54204D170
:10F56000C0E8EC2FBCF1000FF6D1EAD102480B70D5
:10F5700030BD0248FCE700BF0000AD0B0200AD0B40
:10F5800010B50368CB40DB0710D401238B40026821
:10F5900043EA0201D0E8EF4F944204D1C0E8EC1FE7
:10F5A000BCF1000FF6D1F2D1014810BD0148FCE7D3
:10F5B0000000AD0B0400AD0B014BC3F80405704710
:10F5C00000F0004101460148FFF7BABFA007002143
:10F5D000036803F01F025B09026004D0012B03489B
:10F5E00018BF002070470248704700BF00088C41D8
:10F5F00000058C41034A4309D35C00F01F00184406
:10F60000C0B27047865A030170B50546FFF7F2FF96
:10F610000C4C083034F810300E46DA0508D5C3F328
:10F62000432304EBC302284654F83330526898470A
:10F63000A3682BB131462846E268BDE87040184700
:10F6400070BD00BFA407002108B5FFF7D3FF034B2F
:10F65000083033F81000400B08BD00BFA40700219C
:10F6600008B5FFF7C7FF034B083033F81000C0F3AD
:10F67000400008BDA407002108B5FFF7BBFF034BFE
:10F68000083033F81000C0F3401008BDA407002173
:10F69000034611F0010010B5CCB20BD1A207C4F3A0
:10F6A00040000DD5074A106A58601062003818BF34
:10F6B000012005E004490A6A1A600A62002AEDD0B6
:10F6C00010BD00BF00088C4100058C4110B5FFF74C
:10F6D00091FF124A083032F81030D9051CD5C3F317
:10F6E000432123F4F85322F81030002002F10E04D5
:10F6F00034F8023F13F4807F03D0C3F343239942CD
:10F700000AD001303028F3D1002342F831300448C8
:10F71000BDE81040FFF734BF10BD00BFA4070021B3
:10F720001C080021F0B505460020012604460746C6
:10F730008C420BD1114BD3F87C2132B10022C3F89B
:10F740007C21D3F87C3140F00040F0BDE3B29B0057
:10F7500003F580729B0806FA03F31D420BD002F1F9
:10F76000824202F52042D2F800C0BCF1000F02D064
:10F770001760126818430134DAE700BF00A00041A7
:10F78000F7B506460846FFF735FF1A4F00F10805A2
:10F7900037F815300C46DB0729D5304604F04AF916
:10F7A0002046FFF769FF50B12046FFF74DFF0023C9
:10F7B000316801EB8000C0F81035C0F810352046E4
:10F7C000FFF784FF002301A827F815300194FFF705
:10F7D000FFFE019B00EB8300D0F80022064B134094
:10F7E00043F00203C0F80032044803B0F0BD0448FF
:10F7F000FBE700BFA4070021F0F0FCFF0000AD0B09
:10F800000400AD0B2DE9F0431646804685B008464E
:10F81000FFF7F0FE0D463168044609B32846FFF7AE
:10F820001FFF18B12846FFF727FF10BB00230DF17B
:10F830000F02CDE900338DF80E308DF80F302846D9
:10F840000B460DF10E0104F09DF8484A04F1080141
:10F8500032F8113023F0020343F0010322F8113093
:10F8600073687BB328461F785968FFF7F9FE10B11B
:10F87000E9B13F4829E03D4A04F1080032F8103070
:10F8800023F02003DB04DB0C22F8103079B1032FC6
:10F89000EFD87168496891F800C0D8F800104FEAB5
:10F8A0008C094944A7B9C1F81075C1F810752F4AE1
:10F8B00004F1080132F8113023F01C0343EA8703F6
:10F8C00022F81130B3683BBB2A4805B0BDE8F0838D
:10F8D000D1F810E543EA4C332EF0030EC1F810E5E1
:10F8E000D8F8001043F0200301EB090EDEF81015E4
:10F8F00022F8103021F44F3121F44071CEF8101568
:10F900002902DEF8108501F47C5141EA074141EA01
:10F910000801CEF81015CAE72846D3E90067FFF7BB
:10F92000D5FE002ED0D0114DD5E90023964203D14B
:10F930009F4201D1002209E00F480DF10F01FFF7AE
:10F94000FFFD0C4B9842C0D19DF80F2005EBC20380
:10F9500008345F6035F8143045F8326043EA4223DA
:10F9600043F4807325F81430AEE700BFA4070021EC
:10F970000400AD0B0000AD0B1C0800212DE9F04385
:10F980000C46804685B0204611461E46FFF732FEE3
:10F99000054629B32046FFF763FE18B92046FFF756
:10F9A0006BFE18BB334F05F1080937F8193013F017
:10F9B0001C0F02D04B78012B18D001238DF80F308B
:10F9C00000234A1CCDE9001320468B1C0DF10F01CA
:10F9D00003F0D8FF37F8193043F0030327F8193044
:10F9E000002E44D02046FFF73BFE18B9224805B050
:10F9F000BDE8F083002296F800C0D8F800301D4F13
:10FA000003EB8C03C3F81025C3F8102505F1080299
:10FA100037F812104FEA8C0E21F02001C904C90CEE
:10FA200027F81210757815B3D8F80000B67870442E
:10FA3000D0F810352D0423F4991323F4F853C0F8AB
:10FA40001035230203F47C5305F440353605D0F815
:10FA500010E52B4306F48016334341EA4C3143EA68
:10FA60000E0341F02001C0F8103527F812100348AA
:10FA7000BDE700BFA40700210400AD0B0000AD0BE3
:10FA8000014BC3E902127047A407002110B50846D4
:10FA90001446FFF7F1FD50B10846FFF7ABFD054BEB
:10FAA000083033F8103004485B0B237010BD034856
:10FAB000FCE700BFA40700210000AD0B0400AD0B64
:10FAC00070B5154D064695F880401CBB2146602256
:10FAD00005F1100005F030FA214630682E6F8E4295
:10FAE0000ED10023C0F87C31D0F87C3140F30730D0
:10FAF000FCF71EFC0123094885F88030AB6770BD18
:10FB0000CBB29B0003F580727C2B04BF84508358DA
:10FB10000131E4E70248F2E7A40700210000AD0B41
:10FB20000C00AD0B034B93F88000003818BF012088
:10FB3000704700BFA40700210148FFF721BD00BFA7
:10FB4000180800210148FFF7FBBC00BF180800217E
:10FB500073B503681646D3F804230546002AA8BFE8
:10FB60004FF000420846A8BFC3F804230C46FFF735
:10FB700083FDE8B10846FFF773FD0146C0B9204692
:10FB8000FFF762FD2C68820002F58073E150E358B4
:10FB90002B681344D3F8102542F00102C3F8102556
:10FBA00026B101232A688340C2F8043302B070BD35
:10FBB0002046FFF71FFD0F4B083033F81030C3F31A
:10FBC0008203042B11D0052B11D001A80194FFF75B
:10FBD000FFFC019A0369D34003F00103991C2046FE
:10FBE00002B0BDE8704003F016BF0321F7E7022121
:10FBF000F5E700BFA40700212DE9F04F684BDFF8BF
:10FC0000A481D3F80403D8F87010C0B289B040F0D2
:10FC10000040FFF787FD051E2FDAC24600235AF881
:10FC20007C1F06A8CDE90633FFF732FD4FF0000B2D
:10FC30005D4B0DF118090193019A12F8013B0192F5
:10FC4000DA081AF8022003F0070322FA03F3DA07AE
:10FC50001CD409F10409BBF1000F14D0D8F87010BE
:10FC60004FF00040FFF75EFDD8F87C1006A8FFF7C4
:10FC70000FFD0028DAD125F000450124002D76D1B2
:10FC800009B0BDE8F08F4FF0010BD5E7474B5B445F
:10FC90000293D9F800100029DBD091FAA1F1B1FA52
:10FCA00081F1029B1C7841EA44142046FFF7A2FC34
:10FCB000083038F81070C808BB080393012319F8FE
:10FCC000002001F0070103FA01F122EA010209F81C
:10FCD000002005A80594FFF77BFC059A039B803262
:10FCE00050F82220C7F382065B073746C2F3014271
:10FCF00022D520463946D6B2FFF786FC05A80594E2
:10FD0000FFF766FC059B803350F82330C3F30143B3
:10FD10009E4207D10021204603F07DFE3146204659
:10FD200003F079FE05A80594FFF752FC0122059B1C
:10FD300002FA03F30362ACE7022A0CD10321204646
:10FD400003F069FE06F00503012BEBD1394620468E
:10FD5000FFF75AFCE6E702212046039203F05BFE20
:10FD6000032EF3D0039A032ADCD1022EEDE795FA95
:10FD7000A5F3B3FA83F304FA03F29B0003F1824381
:10FD800003F52043D3F81005D3F81015C0F3052070
:10FD9000C1F3014125EA0205FFF736FC6EE700BF1B
:10FDA00000A00041A4070021965A0301965A0301BE
:10FDB00070B5084C0E462379154643B91220FCF75E
:10FDC000B7FA0123044823712660A56070BD03487B
:10FDD000FCE700BF047400210000AD0B0C00AD0B6C
:10FDE000002330B50D4A50F8234003F5A2710133CA
:10FDF000102B42F82140F6D10023084A00F13C01C3
:10FE000003F5B27451F8045F0133102B42F824500B
:10FE1000F6D1D0F88030C2F8043330BD0020014163
:10FE20000123024A8340C2F8043370470020014195
:10FE30000123024A8340C2F8083370470020014181
:10FE4000F8B5012600270B4B0B4DD3F80C4304B932
:10FE5000F8BD94FAA4F0B0FA80F006FA00F324EAB0
:10FE60000304064B82009F502B68002BEFD0A9683B
:10FE70009847ECE700200141047400210021014172
:10FE80002DE9F0410E4617460C4D55F81C4FAC427B
:10FE900003D16FF01200BDE8F081314654F8440CF4
:10FEA000A4F14408FBF7B9FA30B9C7F8008040461E
:10FEB000BDE8F04103F0D9BE2468E8E710740021E2
:10FEC00010B5D0E909124A60416A00F124031160BB
:10FED000C0E909334368044603B19847054A93686B
:10FEE00033B11279062A03D90720226802499847BC
:10FEF000002010BD10740021985A03012DE9F04133
:10FF000007460D460B4E56F80C4FB44202D16FF027
:10FF100001000AE0394654F8240CA4F12408FBF748
:10FF20007CFA20B91DB1C5F80080BDE8F0812468D5
:10FF3000EBE700BF1074002138B5044600B3006839
:10FF4000F0B10378E3B10021FFF7D8FFD8B104F195
:10FF50001C03C4E907330D4B04F12402196903F1B2
:10FF60000C00A16260621A610A609D6835B11B795C
:10FF7000062B03D9072022680549A847002038BD71
:10FF80006FF01500FBE76FF01000F8E71074002128
:10FF90009A5A030110B5036893B11B7883B1836843
:10FFA000012B0DD8084B00F144014360074B1A6A3E
:10FFB00003F11C048264446400201962116010BDC6
:10FFC0006FF01500FBE700BF280800211074002126
:10FFD00038B5114C0546216819B100200131216066
:10FFE00038BD2422204604F0A7FF2B682846A360D2
:10FFF0002B79237104F10C03C4E9033304F11403D6
:020000040103F6
:10000000C4E9053304F11C03C4E9073300F018F810
:100010000028E5D12168E0E71074002138B5074DCC
:100020002C68013C2C6044B900F012F821462846A7
:10003000BDE83840242204F07FBF38BD1074002191
:1000400008B50248FFF778FF002008BD2808002106
:100050000148FFF735BF00BF280800210EB4431E3A
:10006000062B33B588BF0020094B05AC54F8045B60
:1000700053F82010074802F0B8FD214628460194A5
:10008000FBF7BAFA02B0BDE8304003B0704700BFDA
:10009000C8570301AD5A03012DE9F04F87B0174649
:1000A0009B460446DDF840A000284BD0056A35B1D8
:1000B0002D6825B1AC4607B0BDE8F04F6047A36A94
:1000C0009F4242D80026BE4203D1002007B0BDE8BF
:1000D000F08F182303FB06F8D4F82C90A26909EBE3
:1000E00008052B1D0593CAB9686969680368B5F8E6
:1000F0000CC0C91AAB680CF1030E5D1E05EB0C15A4
:100100005B4205EB4E051D4005EBCC0385680633CD
:10011000A94228BF4FF0FF3103F074FD59F80830B1
:1001200020460293236AB1B29B6A01935AF82630A3
:1001300000935BF82620059B03F0B5FD0028C5D190
:100140000136C0E76FF01500C0E70148BEE700BF09
:1001500040F4FFFF10B5044690B1028D43899A42E6
:1001600009D0084A936833B11279032A03D9426847
:100170000549042098472046BDE8104004F030BEF1
:1001800010BD00BF10740021485B030130B54489E5
:100190008C4212D9436A013C5D882C4003EBC403B6
:1001A00059609A60BFF35B8F426A53880133538072
:1001B000438D01334385002030BD0148FCE700BF7B
:1001C00041F4FFFF70B4039E144660B1006A50B161
:1001D0004BB1013407D0002E05DBD0F8844014B1B8
:1001E000A44670BC6047014870BC70472DF8FFFF03
:1001F00070B4039E144660B1006A50B14BB1013433
:1002000007D0002E05DBD0F8944014B1A44670BC92
:100210006047014870BC70472DF8FFFF70B50C4671
:1002200011461E460E4B05462022002908BF1946DE
:10023000204604F02AFA0123E362049B6662A3626B
:10024000059B25626363069BA363079B63646A68DF
:1002500004F13C03C4E90F526B60226C136070BD63
:10026000695B03012DE9FF47DDF834800E469146B6
:100270009A460546002876D0002974D0B8F1000FC0
:1002800071D001F16407384603F09DFEBAF1FF3FDB
:1002900049D1346E06F1500204F18000844204F02A
:1002A0001F0C07D2C4F3411152F8211021FA0CF1AE
:1002B000C90736D4012104F07F04600952F82030C8
:1002C00004F5806A01FA0CF104F201440B4304F0D6
:1002D0007F0442F8203034666B6C4A4603930E9BD1
:1002E0002946CDE901830C9B304600935346FFF726
:1002F00095FF384600F07AFC2C7874B196F8A4404B
:100300005CB1AB6A013330D10021284603F09AFE7C
:10031000044610B1284603F06BFE204604B0BDE849
:10032000F0870134BAE7BAF5806FD5D3AAF58063B8
:100330007F2B06F150010FD8580951F8204003F0E7
:100340001F0324FA03F2D2070BD4012202FA03F3AB
:10035000234341F82030BFE7054C384600F046FC07
:10036000DBE7044CF9E7024CD7E70024D5E700BFF0
:100370002DF8FFFF29F8FFFF08B583681A0C0AD192
:10038000094A93682BB11279022A02D9032007493E
:100390009847002008BDA3F5803383601B0C0CBF79
:1003A00001200020F6E700BF107400216A5B030102
:1003B00038B50446E0B100F16405284603F0E1FEDB
:1003C000D4F8B4309B6953B9D4F8A840103C002C41
:1003D00000DC084C284603F0D2FE204638BD012B35
:1003E000F7D1D4F8BC0003F0D6FDA0F11004EEE77D
:1003F000014CF2E72EF8FFFF2DF8FFFF38B5044659
:10040000E0B100F16405284603F0BBFED4F8B43037
:100410009B6953B9D4F8AC40103C002C00DC084C6C
:10042000284603F0ACFE204638BD012BF7D1D4F8A6
:10043000B80003F0B0FDA0F11004EEE7014CF2E7C4
:100440002EF8FFFF2DF8FFFF2DE9F04385B00F4692
:10045000904603A90D9A0546994604F055F80446BE
:10046000E0B10C9E039BD5F8C0009E42A8BF1E467B
:100470000168D0F808C0611A33464A46614528BF72
:100480004FF0FF3103F084FB2346424639462846AD
:10049000009603F0D9FF05B0BDE8F0830048FAE705
:1004A0002EF8FFFF2DE9F0438BB00E46DDE91289EF
:1004B00015461F46044620B9954D28460BB0BDE8A9
:1004C000F0830029F8D0002BF6D00021A822C0F834
:1004D000D01004F031FD012204F16400114604F053
:1004E00020FA8C4BC4F8B460E5677462C4F88430B9
:1004F000894BD4F8B450C4F88830884BC4F88C3099
:10050000874BC4F89030874BC4F89430864BC4F8BE
:100510009830864BC4F89C30854BC4F8A030AB694A
:1005200043B9B9F1000FC7D099E8070004F1A80357
:1005300083E80700AB69012B07D0D4F8B400E0B919
:100540006FF01505B9E74307F7D4D4F8B4000028D5
:10055000F6D0036A002B00F0D8809B68002B00F0D7
:10056000D48098474206EED50021D4F8B40003F0B9
:10057000F6FD05460028E8D09FE7036A002B00F04F
:10058000C4801B69002B00F0C080984700F0010078
:1005900084F8A400D4F8B4008369E3B999F808306A
:1005A000002B00F0858008F10C03C4F8C430B8F1CA
:1005B000000F81D0D8F80820002A00F0A4809B68A2
:1005C000002B00F0A0805B4B04935B4B05935B4BCF
:1005D00006935B4B07938369012B07D1564B04931A
:1005E000544B0593564B0693544B0793002104F14B
:1005F000C803C4E9323306ABC4F8C07002220093CA
:10060000019104ABFFF748FD054600287FF455AF84
:10061000D4F8B4309A693AB9F26A1268C4F8B820CA
:10062000F26A9269C4F8BC209B69012B07D1F36A76
:100630009B69C4F8B830F36A1B68C4F8BC30D4F8BE
:10064000BC0003F043FCF36A1B68DF62F36A9B693A
:10065000DF62D4F8B430D3F81890B9F1000F07D1A5
:10066000D4F8AC300993D4F8B8305B894B4521D825
:1006700094F8A430C4E9004463B100230293314BE1
:10068000204601933523304A0394009304F1080176
:10069000FFF7C4FDD4F8B4008369002B7FF40DAFDD
:1006A000042103F05CFD064600283FF406AF24E079
:1006B00043467AE74046D4F8AC1003F016FF0646EE
:1006C000D0B139680890411AB8680022814228BF29
:1006D0004FF0FF31D4F8AC30384603F093FA00966F
:1006E00001230022D4F8B80008A903F009FB06464C
:1006F00018B909F10109B6E7144ED4F8B40003F0B3
:1007000027FD3546D9E6114DD7E66FF00505D4E64D
:100710002DF8FFFF49040301D741030149430301B9
:1007200009450301494403018F410301FD0303010E
:10073000B10303018B5B0301915B0301754303016B
:100740007D410301FB410301975B03012EF8FFFF8D
:10075000F0B505460E46174687B0074A03AC07CAF0
:1007600084E807000C9A3146009228463A460194E4
:10077000FFF798FE07B0F0BDB851030138B5EFF3AD
:100780001185402383F31288BFF36F8F064B9C685B
:1007900003F0A2FF85F31188BFF36F8F2046BDE8F9
:1007A0003840FBF747BD00BF3474002138B5094B12
:1007B00053F82040013053F82050A54200D838BDEE
:1007C000636823B1204603F08AFF0834F5E7236805
:1007D0009847FAE7E8570301012270B52A4B032036
:1007E00086B01A70FFF7E2FFFBF73EFB03F093FFC2
:1007F0000420FFF7DBFF254C254D2646AE4204F1D1
:10080000300410D300F044FE204C224EAC4226D3DC
:1008100000F052FE01F029FF1F4A137B23F0010371
:10082000137306B070BD54F80C3C059354F8103C9B
:10083000049354F8143C039354F8183C029354F86E
:100840001C3C019354F8203C009354E90A2354E9DA
:100850000C0100F0EBFB54F8303C5E65CDE7D4E9C9
:100860000A23B3F1FF3F08BFB2F1FF3F05D052EAC0
:100870000301206803D104F0CDF83034C6E73146D7
:10088000183000F0DFFFF8E7E07600218051030127
:10089000B0510301434B03012070002108B5034808
:1008A000034A0021121A03F032FF08BD900900210B
:1008B000E47600210023012270B586B0CDE904233F
:1008C0000F220193CDE9023214230F4D0F4E03FB8B
:1008D00000550F4906EBC016044601EB00214FF40A
:1008E000807230460B4B009500F0A0FB737B2C749C
:1008F00023F004037373084B013403EBC423EE604D
:100900006B6006B070BD00BF34740021A06F002181
:10091000E88C0021E3470301E8840021BFB50020F3
:10092000FFF744FF2D4B03F5006282F3088883F341
:100930000A88E0232A4D002485F822302023EB7713
:100940002C766C76AC7685F820406B6A254E43F4A5
:10095000E0236B6285F82340FBF7EAFBFBF788FD99
:100960004FF0FF33AB62EB62FBF70EFFFBF7A4FD2A
:1009700040F201131C4D1D4F2846AB81C5E91944B7
:1009800001F08AF8B56003F093FE0120FFF70EFF37
:100990000220174DFFF70AFF00F0AEFD154B756101
:1009A0000593012314494FF40062CDE9034328461F
:1009B0003B46CDE90144009400F038FB06466A7BD3
:1009C000284622F004026A7304F060F82046FFF71C
:1009D00071FF3A4631462846FBF726FDE8840021A0
:1009E00000ED00E03474002140710021D9070301BB
:1009F000207000219A5B0301E88D002138B5064C78
:100A0000064DAC4201D3002038BD2046D4E9011286
:100A100003F082FE1434F4E76C0800218008002102
:100A20002DE9F341044617461E46EFF31188402393
:100A300083F31288BFF36F8FC368334A7BB180683A
:100A40009168884219D057EA060318D188F31188B3
:100A5000BFF36F8F6FF00F0002B0BDE8F0819168B7
:100A600091F90E100133E36093682161A36088F36C
:100A70001188BFF36F8F0020EEE72169F2E791F94B
:100A80000E1090F90E306FF07E029942A8BF194601
:100A90009142B8BF11468B422DDD03F0ADFE0546F5
:100AA00022464146CDE90076184800F03DFC00287A
:100AB000E1D0EFF31186402383F31288BFF36F8FE9
:100AC000A068D0B1236821699C420AD04BB193F948
:100AD0000E309942A8BF19466FF07E039942B8BF05
:100AE000194603F089FE40B13146084800F08CFCFD
:100AF0006FF00A00B0E70025D2E7002DF4D186F3AD
:100B00001188BFF36F8FF3E734740021E176002181
:100B100038B58368044663B3194A926893422BD16F
:100B2000C368012B03D9013BC360002038BDEFF33C
:100B30001185402383F31288BFF36F8F01698068AA
:100B400003F05AFE204604F000F8A06058B190F976
:100B50000E2022610022C26703F098FF294609484F
:100B600000F052FCE1E7E06085F31188BFF36F8F7E
:100B7000DBE76FF01500D9E74FF0FF30D6E700BF95
:100B800034740021E176002137B51146EFF3118569
:100B9000402282F31288BFF36F8F04689CB12368F0
:100BA000426823F003039442036008BF43600121BD
:100BB000204603F095FE044685F31188BFF36F8F3E
:100BC000204603B030BD51EA0302F5D000F108021F
:100BD000CDE900131046294600F0A6FB0028EFD10E
:100BE000014B9B685C69EBE73474002138B504461F
:100BF000EFF31185402383F31288BFF36F8F03F067
:100C0000A4FF48B10022C26703F040FF2946BDE8B7
:100C10003840074800F0F8BBD4E902329A4218BFC6
:100C200001330221A36004F1100004F0ACF8EDE7F9
:100C3000E176002113B5EFF31181402484F312888B
:100C4000BFF36F8F846844B1013C846081F31188E5
:100C5000BFF36F8F002002B010BD52EA030406D12B
:100C600081F31188BFF36F8F6FF00F00F3E7CDE9C9
:100C700000230246014800F057FBECE7E176002133
:100C80001FB5094A02AB92E803004FF4006283E803
:100C90000300009305494FF0FF33054800F04CF97D
:100CA000002005B05DF804FBC4510301E895002164
:100CB000A07000212DE9F04305464FF0FF364FF0BC
:100CC000FF37DFF82C8185B0EFF31189402383F3E0
:100CD0001288BFF36F8FD5F880408CB9022105F1DF
:100CE000980003F02EFE002860D100234946CDE98C
:100CF0000067029305F188023E4800F0ABFCE3E791
:100D0000D5F8842023689442C5F8803008BFC5F820
:100D10008430D5F8983043F00203C5F89830E36882
:100D200023F0040343F00103E360636889F311884F
:100D3000BFF36F8F20469847EFF31189402383F369
:100D40001288BFF36F8FE368D90623F0010237D40E
:100D5000E260E3689A071AD5D8F8000023F002038E
:100D6000E360A0B10021026888B143689C4237D19A
:100D7000036869BBD8F80420C8F80030824201D16A
:100D8000C8F80430002340F8083BFFF72FFFD5F8E0
:100D9000983023F00203C5F8983089F31188BFF327
:100DA0006F8FDB0590D400F0AFFB8DE705F1900469
:100DB00000220121204603F020FF0028F8D194E70B
:100DC00023F01103E36004F11000FFF70FFFC0E709
:100DD0000B60D8F80430834208BFC8F80410D1E78C
:100DE00022B11368014610461A46BDE71346F9E7DB
:100DF00054740021E1760021F8B5C36804469A07CF
:100E00000F46C3F340062CD45B071AD40B680BB90A
:100E100083680B60E368DD0742BFA36802263B607E
:100E20003D6858BF0126002D3AD01F4B9B68AB424E
:100E30000AD0D5F89830D807C3F3800214D46FF0E5
:100E4000120600233B6025E003F0DBFDD5F8983067
:100E50000028F0D1D907C3F3C002F0D552B15B0727
:100E600008D46FF00F06ECE7002AFAD1C3F3C003F1
:100E7000002BF6D100232360D5F8843063B9C5E98F
:100E80002044284603F069FDE36843F00403E3606F
:100E90003B68A3603046F8BD1C60C5F88440F0E7AD
:100EA0006FF01506CDE700BF347400212DE9F04145
:100EB000C368074603F00503002B0C4614BF4FF030
:100EC00001084FF0000822D08668D6F8805025B17E
:100ED000AF4201D02D68FAE701250122002104F17B
:100EE000100003F01EFD2046124903F03DFDE368AB
:100EF00043F01003E3609DB13B68236073B9D6F8FB
:100F000084303BB9C6E92044304603F026FD404614
:100F1000BDE8F0811C60C6F88440F5E73C60F3E76B
:100F2000D6F880302360D6F88430C6F88040002B95
:100F3000EAD1F0E759490301F0B50446002089B031
:100F4000C4E920000E9D04F18800C4E9220004F1E8
:100F50009000C4E924004DB32879002840F2011024
:100F600008BF0120C4F8980000204FF0FF364FF072
:100F7000FF37CDE90330CDE90100CDE90667204612
:100F80000B4B009400F090F855B1296811B1204640
:100F900003F03DFD6B791BB1237B43F00103237309
:100FA000204609B0BDE8F04003F034BD0120D9E788
:100FB000B50C030130B50A46044685B0EFF3118540
:100FC000402383F31288BFF36F8FD0F8983013F06B
:100FD000060F1DD1B1B143F00C03C4F89830204680
:100FE00003F0BBFC00234FF0FF3202934FF0FF33BE
:100FF0002946CDE900230C4804F1900200F02AFBB9
:1010000005B030BDD0F8800048B143F00403E4E7F8
:1010100043F00401C0F89810002AE0D0DBE785F324
:101020001188BFF36F8FEBE7E17600212DE9F043E4
:10103000984685B000F15803C0E91633109B00268E
:1010400003730423073222F0070543730F9B01EB60
:1010500005090F4683734946C0E906668660C67374
:101060000446FAF713FF0E9B073020F00700E066F6
:10107000C4E9197502930D9BA9EB000901930C9B20
:101080004A460093394643462046FBF7B1F9054BE3
:1010900066659B6803B11B6F4846236705B0BDE8D2
:1010A000F08300BF34740021F0B5002587B00595AA
:1010B000109DDDE9127604950F9D044603950E9D63
:1010C00002950D9D01950C9D0095FFF7AFFFB6F1C0
:1010D000FF3F08BFB7F1FF3F05D056EA070305D130
:1010E000204600F0A3F9204607B0F0BD3A4633464B
:1010F000024904F1180000F0A5FBF4E7434B03019B
:1011000038B50D4D2B4653F8184F9C4200D004B90A
:10111000EC68AB6838B95A7BD20604D1A26912B91F
:10112000DA897F2A05D89C4202D0204600F0D2FA04
:1011300023466B6138BD00BF3474002108B590F9B7
:101140000D200146002A437B04DA03F07F0343733A
:1011500003F062FC044B9868431A58425841BDE8BA
:101160000840FFF7CDBF00BF3474002170B490F980
:101170000D30427B002B29DBD30627D183692BBBA3
:10118000134962F07F0242730A4652F8184F9442A4
:1011900018BF2346CC6923B9C0E900242060C86188
:1011A0000CE090F90E5093F90E60B5420AD0AE42B1
:1011B00008DD5A68C0E9003210605860002070BC39
:1011C000FFF79EBF9C42E7D01B68E4E770BC704706
:1011D00034740021002A2DE9F0410E460CBF102185
:1011E0000821427B044611420FD141EA0203D20991
:1011F00018D1437308291BD00120FFF781FFBFF3EB
:101200005F8F637B23F060036373284B9B68A3426B
:1012100045D1EFF30583002B41D13046BDE8F041C5
:10122000FBF71EB803F07F03437303F0F5FBE1E720
:10123000A36813B1204603F0F7FB04F1180003F094
:10124000FEFCA56D04F15807AF4211D04FF0000825
:1012500075B1284603F0E8FB05F1180003F0EFFC38
:101260002846C5F87C80FFF781FFA56DAF42EFD11E
:101270000E4FBB689C42BFD1EFF30583002BBBD060
:101280000120FFF73DFF40F20113094DAB81002320
:101290002846C5E9193300F0FFFBBD60AFE786F3D0
:1012A0001188BFF36F8FBDE8F08100BF3474002157
:1012B0004071002170B590F90D200146002A437B52
:1012C00004DA03F07F03437303F0A6FB154A4B7B5C
:1012D000104663F07F034B7350F8183FD469834284
:1012E00008BF002323B9C1E900042160D1610CE0EB
:1012F00091F90E5093F90E60B5420ED0AE420CDD5E
:101300005868C1E90030016059609068BDE87040DC
:10131000431A58425841FFF7F3BE9C42E3D01B6882
:10132000E0E700BF34740021F8B5124B0C46DDE94C
:10133000067611469868104A1060EFF31182402239
:1013400082F31288BFF36F8F9D68284603F076FB07
:10135000B6F1FF3F08BFB7F1FF3F06D03A4633462C
:10136000064905F1180000F06DFA2046BDE8F84086
:10137000FAF776BF347400215C740021434B0301FB
:10138000F8B50446EFF31186402383F31288BFF3C8
:101390006F8F437B49B2DA0619D18569BDB903F075
:1013A0007F03437303F038FB437B164A63F07F03EC
:1013B00043731346817353F8180F984218BF0546BC
:1013C000D0695DB9C4E900300460D46111E0002047
:1013D000A17386F31188BFF36F8FF8BD95F90E7076
:1013E000B9420BD08F4209DD6B68C4E900531C6021
:1013F0006C600120FFF784FE0120EAE7A842E1D0FB
:101400002D68DEE73474002149B9EFF3058030B967
:10141000054B5A699B689A4201D0FAF721BF81F3C4
:101420001188BFF36F8F70473474002110B5EFF34C
:101430001184402282F31288BFF36F8F427B5107E1
:1014400004D484F31188BFF36F8F10BD22F004021F
:101450004273FFF78BFE2146BDE810400148FFF7BD
:10146000D3BF00BFE1760021034648B9EFF3058200
:1014700032B9064A51699268914201D0FAF7F0BE3A
:1014800083F31188BFF36F8F704700BF347400215E
:10149000EFF31181402383F31288BFF36F8F054B65
:1014A0009A68D37B013BD37381F31188BFF36F8FAD
:1014B000704700BF3474002138B5EFF31185402424
:1014C00084F31288BFF36F8F0A4B00209A68D37B96
:1014D0000133D373FFF714FE85F31188BFF36F8FC9
:1014E000EFF3118084F31288BFF36F8FBDE83840AB
:1014F000FFF7BABF34740021024B03F11802C3E9AD
:101500000622704734740021F8B5EFF311854023AB
:1015100083F31288BFF36F8F19498868437B03F008
:101520007F03437303F078FA08468B685A7B62F0B6
:101530007F025A7350F8182FCC69824208BF0022EC
:1015400022B9C3E900042360CB610CE093F90E607B
:1015500092F90E70BE420ED0B7420CDD5168C3E95D
:1015600000210B6053600120FFF7CAFD2846BDE84B
:10157000F840FAF775BEA242E3D01268E0E700BF78
:101580003474002150EA01032DE9F04105460E466E
:1015900003D1FFF7B9FF00202BE0831C71F1FF336B
:1015A00029DB03F061FB2C18EFF31188402383F350
:1015B0001288BFF36F8F124F124BB8681860FFF795
:1015C000BDFDB86810492A463346183000F03AF994
:1015D000BA684046537B43F010035373FAF740FE5A
:1015E00003F042FB201A63EB0303012873F10003AD
:1015F000D1DBBDE8F0816FF00104241AD4E700BF0D
:10160000347400215C740021434B0301B1F1FF3FAE
:1016100008BFB0F1FF3F08B506D10A4B986803F048
:1016200044FA4FF0FF3008BDFFF7ACFF4FF47A717A
:1016300047F6FF730022C0FB0132D80B40EA42405C
:10164000F1E700BF34740021014B9868704700BF78
:1016500034740021D3B5DDE90667089CCDE9006745
:10166000FFF762FE1CB1034B9B685B69236002B00D
:10167000D0BD00BF347400210122044BC01A044BBA
:10168000C0105843034B1A54704700BFC07100216B
:10169000ABAAAAAAE1760021C3897F2B12D80A4BF4
:1016A0001B6863B1094B90F90E201B689A4209DB55
:1016B000437BDB0606D1064BC31A18BF012303F098
:1016C000010070470023FAE7647400216074002170
:1016D000A06F002170B50E4B0E4C1E7C182303FB2F
:1016E00006440546204603F0AAFA00220A4B284683
:1016F0009A55FFF7D1FF48B1084B2046BDE870402E
:101700001A680749013AD31700F09CB870BD00BFB2
:1017100034740021C0710021E1760021647400213D
:101720007916030138B5EFF31185402383F312884E
:10173000BFF36F8F104B114A9C681068A04206D10E
:10174000FFF7C8FF85F31188BFF36F8F38BD002105
:101750001B7C11600A4AD35C002BF3D02046FFF7B4
:101760009BFF0028EED0637BDB0602D12046FFF70B
:10177000A1FD2046E4E700BF347400215C74002121
:10178000E176002108B50648064A0749121A02F018
:10179000C0FFBDE80840054A0549064802F0B9BF48
:1017A000000000218C090021D45B0301000000002F
:1017B000D45B030100000021034B1B680BB9FCF74D
:1017C00067BB0020704700BF6874002130B570B15E
:1017D0000B4B5B6898420AD0036843B1D3E90421FC
:1017E000D0E90445121941EB0501C3E90421D0E910
:1017F000003213605A600023C0E9003330BD00BFDF
:101800005408002110B50E4B1C689C4204D1FFF710
:10181000D3FF6FF0004010BDFFF7CEFF002CF8D0D3
:10182000D4E904321B1A62EBE072B3F1004F72F19B
:101830000001EEDA002AACBF18460020EBE700BF3B
:1018400054080021B3F1FF3F08BFB2F1FF3FF8B5E4
:1018500004461D4616465ED08160EFF31187402393
:1018600083F31288BFF36F8F013275F1FF3324DAEF
:101870006FF001032D49D1E900209B1A4FF0FF3290
:1018800062EB00009E1B60EB0500012E70F100036F
:1018900001DA01260020C4E90460254ED6F800C014
:1018A0007568B44508BF4FF0000CBCF1000F0DD1B6
:1018B000C4E900652C6074601CE0FFF77DFF013611
:1018C00045F10005361845EBE070E4E7DCE904205B
:1018D000D4E90431934271EB000E1DDAD21ADCF820
:1018E000043060EB0100CCE90420C4E900C31C60B3
:1018F000CCF804403368B34209D09C4207D10D4B69
:101900001C6824B9FFF77EFF2146FCF793FA87F3A2
:101910001188BFF36F8FF8BD9B1A61EB0001AC45D6
:10192000C4E90431C4D0DCF800C0BEE7D87100219E
:1019300054080021687400212DE9F84FEFF3118C51
:10194000402383F31288BFF36F8FDFF8B0A0DFF876
:10195000B0900024C9F80000DAF8000000255045D6
:1019600008BF0020274FE046D7E90021D9F8003012
:1019700078B3D0E9046C4FEAE37EB3427EEB0C0B04
:1019800005DAF61A6CEB0E04C0E9046421E0B21823
:1019900041EBE671C0E90445C7E90021FFF716FFF6
:1019A00088F31188BFF36F8F83689847EFF311882E
:1019B000402383F31288BFF36F8FD9F80030DAF831
:1019C00000009B1B5045C446C9F80030CBD1D7E975
:1019D000002100249A1841EBE373C7E90023C9F8FA
:1019E0000040FFF70FFF2146FCF724FA88F3118827
:1019F000BFF36F8FBDE8F84FFFF794BE5408002186
:101A000068740021D871002110B5EFF311844023D0
:101A100083F31288BFF36F8FFFF7CEFE0346054AAC
:101A2000D2E90001181841EBE37184F31188BFF388
:101A30006F8F10BDD871002138B50346EFF31185C3
:101A4000402282F31288BFF36F8FC1600121816051
:101A50000068834206D185F31188BFF36F8F00249D
:101A6000204638BDD0E9003213605A600023C0E937
:101A7000003303F042F9294604460248FFF7C4FC4C
:101A8000EEE700BFE27600210A460146014803F076
:101A900094B900BF6C080021014B0367704700BF79
:101AA0006C08002138B504460D4602F0AAFF20B9A3
:101AB000064B9B681B6F0BB938BD054B2A46214668
:101AC0001846BDE8384003F078B900BF34740021EF
:101AD0006C08002130B599B00546684600F02AF838
:101AE0006946044608A800F055FA034608A92846A6
:101AF0001C4300F08BF9204619B030BD70B598B08A
:101B000005466846164600F015F83146044608A812
:101B100000F048F9034608A96A4608461C4300F04D
:101B200083F9034608A928461C4300F06DF92046B6
:101B300018B070BD38B50B68124D1BBAC3614B6845
:101B40002A461BBA83618B6804461BBA4361CB6883
:101B50001BBA03610B691BBAC3604B691BBA836074
:101B60008B691BBA4360CB6901461BBA0360CEF791
:101B7000C3FA034620461C4629461A46CEF7DCFA2D
:101B8000601E38BD005803012DE9F04106460C46A1
:101B9000904688B0684602F1200106F12007CEF792
:101BA00067FE6A4669466846CEF784FD6946384650
:101BB000CEF75EFE3A463946384604F12005CEF7A8
:101BC00079FD6A4669466846CEF774FD4146284667
:101BD000CEF74EFE6A4641463046CEF731FE2A46E3
:101BE00029466846CEF766FD2A4669466846CEF71E
:101BF00061FD69466846114ACEF75CFD694620469C
:101C0000CEF736FE324621462046CEF791FD3246CB
:101C100021462046CEF78CFD224631462846CEF797
:101C200087FD6A4629462846CEF70AFE3A462946E7
:101C30002846CEF77DFD08B0BDE8F081E0580301ED
:101C4000F0B504460D4699B02A4668462146CEF7BF
:101C50006FFD69466846CEF70BFE6A46214608A826
:101C600005F1200604F12007CEF7EAFD6A46294671
:101C70006846CEF7E5FD3246394610A8CEF71AFD84
:101C8000324639463046CEF753FD31462846CEF728
:101C9000EFFD6A46204608A9CEF70CFD22462946EC
:101CA0002846CEF745FD6A46684608A9CEF740FDAE
:101CB0006A4639463846CEF7C3FD2A46684608A923
:101CC000CEF736FD6A4631463046CEF7B9FD3A4684
:101CD00031463046CEF72CFD684610A9CEF7C8FD38
:101CE000224669462046CEF723FD08A9224608462B
:101CF000CEF71EFD10A9084608AACEF7A1FD3A4668
:101D0000384610A9CEF714FD19B0F0BD2DE9F04109
:101D100005460C46904688B00A4668462946CEF7E6
:101D200007FD69466846CEF7A3FD6A462946284660
:101D300004F12006CEF784FD05F120076A4621460E
:101D40006846CEF77DFD324639463046CEF7F0FC88
:101D500031462046CEF78CFD2A4621462046CEF756
:101D6000E7FC6A4621462046CEF7E2FC6A46294651
:101D70004046CEF7DDFC424639463846CEF760FD98
:101D8000224629466846CEF7D3FC6A46314630469D
:101D9000CEF756FD3A4631463046CEF7C9FC08B07C
:101DA000BDE8F08170B504460D4690B004F1200600
:101DB00000F014F9304605F1200100F00FF921463A
:101DC00008A8CEF755FD08A908460D4ACEF772FCC3
:101DD00008A922460846CEF733FD08A90846094A55
:101DE000CEF768FC31466846CEF742FD20226946B0
:101DF0000DEB0200CEF730FC013810B070BD00BF13
:101E0000E0580301C058030100F002B938B5054697
:101E10000C4600F0FDF805F1200004F12001BDE8BA
:101E2000384000F0F5B800BF13462DE9F047B8B0D0
:101E30008946544A1946804610A8CEF75DF95249A2
:101E4000024610A8CEF778F90746179E4D4907EAD3
:101E5000D676C6F1010210A8CEF76EF9179C4A4655
:101E6000E44328A918A8FFF78FFEE40F20A908462D
:101E7000C4F101024FF0FE0AC7F1010700F090F82B
:101E800025466A4618A928A8FFF740FF4FEA6A13BB
:101E900038AA02EB830353F8A04C0AF01F03DC407E
:101EA00004F0010465402A4628A918A8CEF7A0F935
:101EB0002A4630A920A8CEF79BF90AF1FF3A28A9B3
:101EC00018A8FFF7BDFEBAF1FF3FD9D1C4F1010256
:101ED00020A908A800F064F866406A4618A928A856
:101EE000FFF714FF324628A918A8CEF781F9324629
:101EF00030A920A8CEF77CF908A96A460846CEF793
:101F00009FFC08A9084600F09DF808A908F12004E4
:101F1000084609F12002CEF793FC204620A908AA22
:101F2000CEF78EFC08AA684618A9CEF789FC694648
:101F30006846CEF79DFC18AA694608A8CEF780FC33
:101F400021466846CEF794FC08AA69461046CEF7AB
:101F5000EFFB68460D4A08A9CEF7EAFB2046202190
:101F6000CEF78EFB024608A9684654423C43CEF7A2
:101F70003FF940466946064ACEF762FC204638B033
:101F8000BDE8F0874058030160580301C0580301C1
:101F9000205803010A460149FFF746BF8058030154
:101FA00070B588B004460D461646002120226846CA
:101FB00002F0C2FF0023294620222046009302F0AF
:101FC000AEFF2A4669466846CEF7B2FB32466946FE
:101FD0002046CEF70DF908B070BD00BF0B681BBAE4
:101FE000C3614B681BBA83618B681BBA4361CB68C2
:101FF0001BBA03610B691BBAC3604B691BBA8360D0
:102000008B691BBA4360CB691BBA0360704700BF82
:10201000CB691BBA03608B691BBA43604B691BBA5F
:1020200083600B691BBAC360CB681BBA03618B6802
:102030001BBA43614B681BBA83610B681BBAC3614F
:10204000704700BF70B50D46052498B0064610A82D
:10205000CEF70EFC2A46684610A9CEF7F1FB69467A
:1020600010A8CEF705FC10A90846CEF701FC6A4679
:1020700010A908A8CEF7E4FB08A910A8CEF7F8FB32
:1020800010A90846CEF7F4FB10A90846CEF7F0FBDE
:1020900010A90846CEF7ECFB10A908AA0846CEF70F
:1020A000CFFB10A90846CEF7E3FB10A90846CEF7F0
:1020B000DFFB10A96A4608A8CEF7C2FB08A910A842
:1020C000CEF7D6FB10A90846CEF7D2FB013C10A9EB
:1020D000F5D1084608AACEF7B3FB052410A9084697
:1020E000CEF7C6FB10A90846CEF7C2FB013CF5D1DE
:1020F00010A908AA0846CEF7A3FB10A908A8CEF796
:10210000B7FB08A90846CEF7B3FB08A96A4668469C
:10211000CEF796FB1024694610A8CEF7A9FB10A9AC
:102120000846CEF7A5FB013C10A9F5D12A46084682
:10213000CEF786FB402410A90846CEF799FB10A9DC
:102140000846CEF795FB013CF5D110A96A46084632
:10215000CEF776FB102410A90846CEF789FB10A90C
:102160000846CEF785FB013CF5D110A96A46084622
:10217000CEF766FB102410A90846CEF779FB10A90C
:102180000846CEF775FB013CF5D110A9084608AA10
:10219000CEF756FB2A46304610A9CEF751FB18B0B1
:1021A00070BD00BF2DE9F04F43688DB015468046E5
:1021B000029383789A0740F10D8100240E78002E57
:1021C00000F00A81252E0BD04B1C039301344146AD
:1021D0003046029B98470028C0F2F6800399EDE74D
:1021E0004E788B1C252E0393F0D00027B946BB46B2
:1021F000BBF11F0F38D8A6F12003102B0AD8DFE857
:1022000003F02A0909300909092109090928092DBA
:1022100009091F00A6F13003092B33D92A2E37D123
:102220001BF0400F55F8043B40F08280002BA7BF05
:102230004BF0200B9946C3F100094BF0280B01E04D
:102240004BF0010B039B13F8016B0393002ECFD1CE
:1022500030E04BF0020B4BF0040BF3E74BF0080BB4
:10226000F0E74BF0100BEDE7BBF17F0F19D8A6F1AB
:102270003003092BD2D81BF0400F03D00A2101FBF9
:102280000737DFE70A214BF0200B01FB0939D9E7BB
:102290002E2E06D11BF0400F40F09E804BF0400BDD
:1022A000D0E76C2E31D02BD8682E36D06A2E3CD099
:1022B0004C2E3AD0002F46F02003B8BF2BF040023E
:1022C000A3F16501BCBF00271FFA82FB022901D9D7
:1022D000612B2FD107350727DFF8ACA225F00705C2
:1022E00008351BF0080F66D00AEB070B56465E4513
:1022F00063D1A4EB0A0AA9EB070906EB0A026FE116
:10230000742E9FD07A2E9DD0D4E71BF0800F18BF7B
:102310004BF4007B4BF0800B94E71BF4807F18BFDD
:102320004BF4007B4BF4807B8CE74BF4207B89E7FC
:102330001F4687E7A6F16301122900F2F080DFE86B
:1023400011F013004F00EE00EE00EE00EE004F0023
:10235000EE00EE00EE00EE00EE00FE00E900EE0002
:10236000EE001B00EE00AF0055F8043B01270DF115
:10237000180A8DF81830B4E755F804AB834BBAF15E
:10238000000F08BF9A461BF0400F504614BF394655
:102390004FF0FF3102F061FD0746A2E741462020E1
:1023A000029B984700280FDB013EB742F6D34C440E
:1023B000B146A41B98E74E46F7E7414616F8010BD5
:1023C000029B9847002892DA98F8023043F0040301
:1023D00088F802304FF0FF3420460DB0BDE8F08F92
:1023E0001BF0800F34D01BF4007F2CD0073525F074
:1023F0000705AA4669685AF8080B2BF01005002952
:10240000ADB237DA404245F4806561EB41010DF130
:10241000180B0A235A4602F02CFDA0EB0B03019384
:102420006B0662D5019B25F001019F4289B240F302
:10243000A180002E00F0998015F0100240F09C80E1
:10244000BB460D4623E0AA465AF8040BC117D4E751
:10245000AA461BF4807F5AF8041B01D10846F5E711
:102460001BF4007F19BF48B241F3C01108B241F319
:10247000C031C2E750EA0103C9D11BF0400FC6D0FA
:10248000002FC4D12BF01102BB46019795B240F248
:10249000064115EA01021CBF0BF1010B00222CE0E2
:1024A0002BF010020A231FFA82FB1BF0800C49D08C
:1024B0001BF4007115BF0735AA4625F007055AF829
:1024C000040B1EBFAA4669685AF8080B50EA0105BA
:1024D00045D12BF016051BF0400FADB242D0002FB6
:1024E00040D12BF01702019795B215F0100248D099
:1024F000019B002E42D103F1010B29075AD4EB07AF
:1025000006D5D9456FDDA9EB0B030199CB465F18C2
:102510005B4649E04BF0100B10237826C5E7782B7B
:1025200004D1C6F1780343F01003BEE741462520ED
:10253000029B98470028FFF647AF023447E608237E
:102540000026B2E7AA461BF480715AF8040BBDD0EE
:102550001BF400711ABFC0B2614680B2B6E72BF01F
:10256000060295B20DF1180B54E725F01105BB4694
:10257000ADB28CE70D46B8E73B460D4603F1020BC2
:10258000BBE7DDF804B082E7CA5B0301C35B03016C
:10259000CDE9043241462020029B98470028FFF6EF
:1025A00013AF049B059A01339945F1DCA4EB0B01B1
:1025B0009B46CC180AB341463020029B984700281E
:1025C000FFF602AF8EB901342744391B019B9942B3
:1025D00024DC1D4655BB019AA9EB0B095546224444
:1025E0001446914433E0019F92E70234414630465D
:1025F000029B98470028E7DAE6E640F206410D42E2
:10260000E2D015F0020F04F10104414614BF2B2063
:10261000202015F4806F18BF2D20E9E741463020B7
:10262000029B013498470028CFDACDE606AB013D86
:102630004146585D029B98470028CBDAC4E64146E4
:102640002020029B013498470028FFF6BDAEA9EB7D
:102650000403002BF3DCC1E57047EFF31183402343
:1026600083F31288BFF36F8FFEE708B5F8F764FFB6
:1026700010B110F1580F06D1F8F77CFF10F1580F88
:1026800002D00028F8D008BD0020FCE7836800EBEA
:10269000C101B3F5004F2CBF51F8220031F81200F0
:1026A000704700EBC1018068B0F5004F2CBF41F8C6
:1026B000223021F812307047012208B5FFF7E6FFFB
:1026C000D04008BD836800EBC101B3F5004F08D3CB
:1026D0004B681AB143F001034B60704723F00103CC
:1026E000FAE74B881AB143F001034B80704723F09F
:1026F0000103FAE753000122FFF7D3BF8368B3F564
:10270000004F34BF04230823C91A081AC0087047B1
:10271000B0F5004F34BF04230823481C0833A0EB56
:10272000D300B0FA80F0C0F11F0070472DE9F041EE
:10273000174603220E460446FFF7A8FF86420546C9
:1027400007F104080AD10122E368BA4023EA020330
:10275000E360002344F82830BDE8F08131460222CE
:102760002046FFF793FF06462B46014603222046EC
:1027700044F82850FFF795FF334629462046BDE828
:10278000F0410222FFF78DBF70B50D468668044602
:10279000FFF792FFB6F5004F014601D3012809D09B
:1027A0003046FFF7B5FF294602462046BDE8704097
:1027B000FFF7BCBF70BD2DE9F04705468068FFF705
:1027C000A7FF05EB800ADAF8109088460646B9F1B3
:1027D000000F1BD00327DAF8104028462146FFF7E8
:1027E0006BFF404507D3324621462846FFF79EFF40
:1027F0002046BDE8F087032221462846FFF746FF22
:10280000013FCAF8100001D08145E4D14FF0FF34F8
:10281000EB680136B4401C40EAD094FAA4F2B2FA54
:1028200082F2131D55F82340DEE72DE9F0411446EE
:102830000E460546FFF740FFA4EB0608371B07448A
:10284000424631462846FFF755FF3A46214628467C
:10285000FFF750FF4346002221462846FFF721FF9D
:1028600021462846FFF728FF3B462118002228462C
:10287000BDE8F041FFF715BF2DE9F04116460446CB
:102880000F46FFF719FF314605462046FFF714FFB4
:1028900005442A4639462046FFF72CFF314620469C
:1028A000FFF70AFF2B46311800222046BDE8F04111
:1028B000FFF7F7BE2DE9F0410D4686680446FFF7A5
:1028C000FBFEB6F5004F014601D3012832D0304659
:1028D000FFF71EFF04EB80010E6996B90122E36841
:1028E00082401343E36002220D612B4629462046B5
:1028F000FFF7D7FE032229462046BDE8F041FFF747
:10290000D0BE022231462046FFF7C0FE07460346EE
:1029100029462046FFF7C5FE0322334629462046B6
:10292000FFF7BFFE39462B462046FFF7BAFE0222CC
:102930003146E1E7BDE8F081F8B50C460546FFF702
:10294000BBFE2618012231462846FFF79FFEC3072B
:102950000CD431462846FFF717FF21462846FFF7DB
:10296000ABFE214622182846FFF786FF00222146AB
:102970002846FFF78BFE271A012239462846FFF723
:1029800085FE10EA020613D139462846FFF7FCFE01
:10299000214632462846FFF779FE2246211A28466C
:1029A000FFF76AFF214632462846FFF76FFE241ADA
:1029B00021462846BDE8F840FFF77CBF38B571B125
:1029C000056800222846FFF799FE0446014628467E
:1029D000FFF778FE2146BDE83840FFF7ADBF38BDB0
:1029E00070B5066809B9002070BDB368B3EBD10FAC
:1029F000F9D9B3F5004F34BF04230823CC1D1C4480
:102A0000E40821463046FFF7D6FE05460028EAD006
:102A100001463046FFF750FEA04209D92C44294612
:102A200030462246FFF701FF21463046FFF742FFBE
:102A3000304601222946FFF745FEB368B3F5004F43
:102A400034BF0423082303EBC5031844CCE72DE966
:102A5000F84306681446B26801F1FF39B2F5004F39
:102A600034BF0423082319EA01090F460BD0494259
:102A700039408B424F4628BF0B46894654B9002542
:102A80002846BDE8F8839942F8D82146BDE8F843C6
:102A9000FFF7A6BFB2EBD40FF1D9B2F5004F34BFA8
:102AA00004220822E11D3944C91A11443046C908DC
:102AB000FFF781FE80460028E1D0B36809EBC0052E
:102AC000B3F5004F34BF042308231D4435447B1E57
:102AD0001D44B5FBF7F57D43A5EB090529463046B6
:102AE000FFF70CFE2C44073424F00704A41B804598
:102AF00007464FEAE40408D2024641463046FFF753
:102B000094FE41463046FFF7D5FE39463046FFF782
:102B1000D3FD3844844208D2394630462246FFF776
:102B200084FE21463046FFF7C5FE01223946304675
:102B3000FFF7C8FDA4E7B2F5802F2CBF08230423BC
:102B40002DE9F0410026D21A8C18CD1D25F007057D
:102B500024F00704641BE408056021462046AC60AD
:102B6000EE60FFF7D5FD421D9200013002F107072C
:102B70004FEAD7073146A2F1100205F11000B8BFA5
:102B8000324602F0D9F93A4631462846FFF7B2FDFF
:102B90003346324631462846FFF783FDA4EB07084B
:102BA000284631460122FFF78DFD42463946FFF7A0
:102BB000A1FD3B46324639462846FFF772FD2146C5
:102BC0002846FFF797FD4346324621462846FFF741
:102BD00068FD214628460122FFF774FD3946BDE80D
:102BE000F041FFF767BE002070470FB407B504A996
:102BF00051F8040B0191F8F7FFFC03B05DF804EB0A
:102C000004B07047038B13F0070305D10368002B52
:102C10000CBF002003207047022B05D1408BB0FA77
:102C200080F0400980007047012B05D10368002B1C
:102C30000CBF0020052070470020704710B50C46DF
:102C400000B111B96FF0150010BD081D00F093F828
:102C50000028F9D1A368032BF6D9F3E72DE9F04159
:102C60000D4607461946281D90461E4600F097F867
:102C7000044638B13346424629463846A446BDE8A4
:102C8000F0416047BDE8F08110B4EFF311824024B9
:102C900084F31288BFF36F8F416110BC0121F8F7F4
:102CA000DDBC38B50C46054658B151B10B6843B18F
:102CB0004B6833B11C22002102F03EF900202C6148
:102CC00038BD6FF01500FBE770B505460E46FFF7FF
:102CD000B5FF041E14DBEFF31182402383F3128847
:102CE000BFF36F8F4FF6FF716B8B2C8B8B4204F011
:102CF000070407D182F31188BFF36F8F6FF00A04C6
:102D0000204670BD022C0CD101336B8382F31188F5
:102D1000BFF36F8F0023224631462846FFF79EFF00
:102D2000EEE7062C14D8DFE804F004131313041A9A
:102D30000400002333606B683BB9C5E90066ACB999
:102D400002212846F8F78AFCDAE71E606E60F6E793
:102D500082F31188BFF36F8F6FF00404D0E782F322
:102D60001188BFF36F8F6FF08504C9E782F3118874
:102D7000BFF36F8FC4E7034640B1426802F003021D
:102D8000022A06D0032A04D0012A05D06FF01500CC
:102D900070471A68002AF9D000209860704710B573
:102DA0004268034602F00302022A4FF000048160E9
:102DB00007D0032A02D05C60002001E018685C6044
:102DC00010BD18685C600028F6D0FEF735FEF3E70A
:102DD000704720B183682BB11B6833B118476FF07F
:102DE000150070476FF0040070471846704730B404
:102DF00050B149B142B1846854B1E56845B141F878
:102E0000040BE36830BC18476FF0150030BC704706
:102E10006FF00400FAE730B41346044650B100687E
:102E200060B182686AB195685DB10A46AC46616876
:102E300030BC60476FF0150030BC70476FF0010088
:102E4000FAE76FF00400F7E70369D3F890037047DF
:102E50006FF085007047084608B5114618B101F0BB
:102E600013F9002008BD6FF00100FBE7084608B524
:102E7000114618B101F0FFF8002008BD6FF0010005
:102E8000FBE713B504460846216901F56371D1E8F3
:102E9000AF1F022909D15BB168B100931346D0E995
:102EA0000912FDF7A5F902B010BD6FF00F00FAE7A7
:102EB0006FF04C00F7E76FF00100F4E72DE9F843FD
:102EC0001C46DDE90853164698460F46006939B39B
:102ED0004AB344B36A1C43F10003022A73F10003AE
:102EE00024D2226842B1D0F890339A4204D96FF0CC
:102EF0000B002360BDE8F88305EA080909F1010326
:102F00005A425A412146384601F0C7F888B9B8F10B
:102F1000FF3F08BFB5F1FF3FF0D06FF06800E9E771
:102F20006FF00100E6E76FF01500E3E76FF0850052
:102F3000E0E730600020DDE701F0F3B838B50D467A
:102F4000044600F148012846F8F767FA30B12846F0
:102F500004F1C001F8F761FA20B90120782303FBDE
:102F6000004038BD0020FCE702F5367102F53A70EA
:102F700001F016BDD0F8B030A0F53670003B18BF98
:102F8000012300EB8300D0F8C40201F016B8C86832
:102F900028B1096983681B680BB100221847704784
:102FA000FDF7B6BDD0E8EF3FC0E8E21F002AF9D137
:102FB000704710B5436804691B68C4F8883304F58A
:102FC000EC7001F021FC002104F56370FFF7EAFFCB
:102FD000084610BD2DE9F34117460D4679B30B782D
:102FE0006BB3D0F8C440A4F5E27814344FF0FF324C
:102FF0004FF0FF332046FDF713FD2A46404601A956
:10300000F8F75CFC019E2EB9204602B0BDE8F04105
:10301000FFF7C6BF58B12046FFF7C2FF3B462A461E
:103020003146404602B0BDE8F041F8F725BC202209
:10303000294606F1480001F000FFB766E4E702B058
:10304000BDE8F081030103EB4003093323F00303E0
:1030500003EBC00348430330083320F00300184457
:10306000400070472DE9F84306464FF00109056915
:10307000D0F8048005F56377D7E8EF3F022B03D142
:10308000C7E8E29F002AF7D141D195F86C30002BB8
:1030900040D195F8E430002B3CD12846D5F8881370
:1030A00000F054F8044680BB73683669D3E9050123
:1030B00083681B693BB322469847044628BB06F544
:1030C0003A7649463046FDF775FF304605F5F87605
:1030D000F9F7B0F83046D8F8001000F074F804465C
:1030E00098B90146E822304601F026FF21464FF408
:1030F000F672284601F020FF21463846FFF752FFBE
:103100002046BDE8F8836FF057040221F5E76FF021
:103110007704F5E76FF00F04F2E710B50846029B5D
:10312000114652B993F86C202AB90122184683F847
:103130006C20F8F7B3FC002010BD1A6F5468002C07
:10314000F9D05A6FA047F6E700F0EBBF38B50D464F
:10315000044660B1F03001F085FA0DB1002038BDB1
:10316000C4F8C451C4F8C851C4F8CC51F6E76FF0A4
:103170001500F4E70268D2F8E03013B1D2F8DC10A1
:10318000184770477047836913B9D0F888301970B1
:103190007047012070478369012B04D1D0F8883033
:1031A0001878C0B270470420704738B5C41DE400D9
:1031B000204601F01CFE054618B12246002101F010
:1031C000BBFE284638BD38B504463022002101F048
:1031D000B3FE1822002104F1BC0001F0ADFE18225C
:1031E000002104F1A40001F0A7FED4F8D800FCF7F8
:1031F000B1FFD4F8D400FCF7ADFF002304F1340094
:10320000C4F8A03000F05BFCFCF708FFE36E04F1AB
:1032100040050BB12846984738220021284601F086
:103220008BFE002038BD012801D1EFF30583FDF7A7
:10323000A5BA01460068FFF7F6BF08B5F8F722FE09
:10324000BDE80840F8F742BE00210120FFF7EBBFC0
:10325000436E83F30B88704761B662B680F31188C2
:10326000BFF36F8F704708B5F9F79AFC72B6002369
:1032700083F31188BFF36F8FF9F710FD50B1BFF3DF
:103280004F8F30BF00BF00BF00BF00BF00BF00BFF7
:1032900000BF00BF62B6BFF36F8F08BD10B5044614
:1032A000F9F77EFC72B6002383F31188BFF36F8FAA
:1032B000F9F7F4FC50B1BFF34F8F20BF00BF00BF40
:1032C00000BF00BF00BF00BF00BF00BF84F3118874
:1032D000BFF36F8F62B610BD40E800F313F4803F78
:1032E000D8B208BF6FF01500704730B50C684B6856
:1032F00085B00A894D890094013B24F01F042344C2
:1033000002F01F0242EA451223F01F0369468DF8BE
:1033100008200393F9F706F905B030BD08B5F9F7B1
:10332000C1FA002008BD7047416A8968F9F71EBBE1
:1033300083680B4403607047838802681944818066
:10334000D018704730B484880568A3188380281982
:1033500030BC01F0E4BD0268531E03608388013372
:10336000838002F8011C70478388C2888168D21A62
:1033700003685B1AD01A7047F0B5D0F8047306469C
:1033800017F002001CBFC2F1807018604FF00005FA
:1033900018BF01204FF0010C4FF4803E0CFA05F4E9
:1033A0000C4214D00EFA05F43C4210D005F5A87476
:1033B00056F82440A41A34F07F4408BF4FF08074BC
:1033C00008B91C6002E01868A042FAD80120013553
:1033D000042DE3D1F0BDF9F777BBF9F775BB0120F8
:1033E000F9F7BEBC0C220369C9B201FB0233186CA9
:1033F00000F00700704770B5C9B20369EFF311859B
:10340000402484F31288BFF36F8F0C2606FB01342F
:10341000246C14F0C00408D0A24206D085F31188B1
:10342000BFF36F8F4FF0FF3070BD012206FB0133F9
:103430001A6485F31188BFF36F8F436803EBC103F0
:103440005B6898470020EFE78022FFF7D4BFF8B50C
:10345000069F0469C9B2EFF31186402585F31288EF
:10346000BFF36F8F0C2505FB0144256C05F0070C9D
:10347000BCF1010F0CD1276486F31188BFF36F8F65
:10348000C4E90E23436853F8313098470020F8BD53
:1034900005F0C005AF4286F31188BFF36F8F0CBFF4
:1034A0006FF077004FF0FF30F1E713B58024009400
:1034B000FFF7CDFF02B010BD10B41C240069CBB2E1
:1034C00003FB0400002110BC10470020FBF7B8BF2D
:1034D000002000F039BA1046FDF788BB4368002091
:1034E0005B681B690B607047436802EA01005B6818
:1034F00021EA020198600020D960704743680020EB
:103500005B6899607047436800205B68D9607047CA
:1035100043685A68536821EA03000B40906000201A
:10352000D360704710B503695868F8B1884219D163
:103530009C680868A142586000D19860002008602B
:103540002AB15A680A609A68596002B999600020E5
:1035500010E0814206D10868206098688142EDD170
:103560009C60EBE7044600680028F2D1002AE8D10D
:103570006FF0150010BD30B451F820500C4601EB2F
:1035800080023DB10146AC46D4F88000002330BC37
:10359000126C604730BC704710B500690F299FBF9F
:1035A00000EB810440F821202364002088BF6FF0E5
:1035B000150010BD00207047102070470F290ED84D
:1035C00043685B68CB40DB0709D501228B00DBB287
:1035D00003F1824303F5903300201A6070476FF0C7
:1035E0001500704738B50F290C46056933D8436874
:1035F0001B68CB40DB072ED5D5F8841021FA04F3E5
:1036000003F001031AB99BB96FF0770022E0002B99
:10361000FAD111B91220F8F78BFE0122D5F88430C7
:10362000A2401343C5F88430E0B2FCF7F9FB0AE08E
:10363000E0B2FCF7FDFB0122D5F88430A24023EA7A
:103640000203C5F88430D5F8843013B91220F8F796
:103650007DFE002038BD6FF01500FBE730B54368F4
:103660001360057A446804EBC504A34202D36FF0EB
:10367000010030BD5C798C4201D00833F0E70020B6
:10368000F7E743681B68D3F88004C3F880047047E9
:1036900042681368D3F8100150B10020126A127802
:1036A0000A70C3F81001D3F8102101221A60704784
:1036B0004FF0FF30704702680346D2F8580140B916
:1036C0005B68DB0706D4D2F82001003818BF012060
:1036D00070470120704743681B68D3F80423D20564
:1036E00017D5D3F82021A2B1EFF31182402181F345
:1036F0001288BFF36F8FD3F8201131B10021C3F8C6
:103700002011D3F820110121D96082F31188BFF371
:103710006F8FD3F858317047002200F150039B009F
:103720009BB203F1824303F5B0331A601B68704704
:1037300008B5FAF721FA08BDFEF78FBF10B500F003
:10374000BEF84FF0FF304FF0FF31FAF7ABFB044605
:1037500020B9CDF74DFD0446FAF7ACFB204610BD6D
:1037600038B50B8A0D462BB10B7E022B05D0042BEE
:103770002ED0ABB16FF0150410E04FF0FF304FF0DA
:10378000FF31FAF78FFB044640B9E868EFF7DBFB3F
:103790000446FAF78FFBB4B1FAF73CFD204638BD7A
:1037A0004FF0FF304FF0FF31FAF77CFB0446002862
:1037B000F4D1E868FAF714FE0446FAF77BFB002C14
:1037C000ECD1FAF727FD2846F9F762F90024E5E77E
:1037D0004FF0FF304FF0FF31FAF764FB044600284A
:1037E000DCD1E868EFF7B9FBD2E7FAF727BD312261
:1037F00010B50021044601F09FFB20237F22237097
:1038000080232277A37030226FF03F0384F82020BA
:1038100063716FF009026FF01B0384F82320A37219
:103820004022282384F82D20A3730C222223E27146
:10383000E3737E22042384F82220A37507226FF00D
:10384000080384F8272063766FF01F02FF2384F8B3
:103850002820A3766FF01802E37684F8243084F8E9
:10386000253084F8263084F82A3084F82B3007235A
:1038700084F8292084F82C3010BD002303604360B5
:10388000037863F022030370437823F0790343F055
:1038900079034370C37863F00803C370037943F07E
:1038A00010030371704701F12003013813F8012D53
:1038B0008B4200F8012FF9D17047FBF779BC7047B4
:1038C0000021FBF711BD90F84010012901D8FBF74A
:1038D0000BBD12207047684620F007018D4601B5E8
:1038E000ECF744FAF8F7F2FABDE801408546704774
:1038F00008B54FF0FF314FF0FF30FAF7D3FAF7F782
:103900006DFDBDE80840FAF7D5BA684620F007011A
:103910008D4601B5FFF75FFDECF7AEF9BDE801405C
:1039200085467047684620F007018D4601B5EBF7E4
:10393000BBFDF8F7CBFABDE801408546704708B5F6
:10394000F7F7E0FC002008BD012801D1EBF770BCBF
:1039500070477047EBF70EBB004700F0A5BE40F084
:103960000040C1F88000704740F00040C1F880007E
:10397000704740F00040C1F88000C2F880007047F6
:10398000FBF720BEF7B51646DDE90847019001A810
:103990001D46FBF71DFE019BB6F1000C18BF4FF052
:1039A000010C00EB83000B1E18BF0123002D43EA1E
:1039B0004C0314BF4FF00C0C4FF0000C002C43EAEA
:1039C0000C0314BF4FF4706C4FF0000C002F43EA4F
:1039D0000C0314BF4FF4403C4FF0000CD0F8002211
:1039E00043EA0C0322EA030301B109780EB13678E9
:1039F000760019430DB12D78AD0031430CB1247818
:103A0000240229430FB13F783F040C433C43C0F8E4
:103A1000004203B0F0BD1FB50DF10F030193002369
:103A20008DF80F101A4619460093FFF7ABFF05B04B
:103A30005DF804FB38B5054608460C46FBF71CFE4E
:103A4000A8B10846FBF70CFE88B90846FBF7FCFD59
:103A500001232A688340C2F808332B6803EB8000F7
:103A6000D0F8103523F00303C0F8103538BD2046D8
:103A7000BDE838400021FFF7CEBFFBF781BEFFF75E
:103A8000D9BF37B50C46154690B1037883B179B1EB
:103A90000B786BB162B101A9FCF730FA50B901980B
:103AA00083684BB12A46214603B0BDE83040184731
:103AB0006FF0150003B030BD6FF01200FAE7014659
:103AC0004068C36803B1184770472DE9F04389B0D7
:103AD000109E0446894690460021202268461F46D3
:103AE000129D01F029FA1F2E97BF01234FF0FF33DB
:103AF000B34003F1FF332361119BC4E90098C4E98B
:103B000002766361183445B10FCD0FC495E80F00FC
:103B100084E80F0009B0BDE8F0836D46F4E773B5A3
:103B20000468661C31D08568A9422ED264182CD056
:103B30005E18AE4288BF6B1A056A35B10093052343
:103B4000A8470346184602B070BDBFF35B8F194605
:103B5000A41A101919B140EA0205AD070AD10329C8
:103B60000DDC013811448A42ECD010F8014F02F804
:103B7000014BF8E70078013902F8010BE9E750F84A
:103B8000044B043942F8044BE9E76FF02103D9E70D
:103B900073B50468651C32D08568A9422FD26418B9
:103BA0002DD05E18AE4288BF6B1A456ACDB1009326
:103BB0000523A84702B070BD12F8015B01390570FA
:103BC0001546A01819B140EA0206B607F4D1032938
:103BD0000ADC013D014488420CD1BFF35B8F1846DB
:103BE000E8E71946A41AEBE755F8042B043940F826
:103BF000042BECE715F8012F00F8012BEBE76FF031
:103C00002100D7E773B51C46036815465A1C29D016
:103C10008268914226D25B1824D066189642866A42
:103C200088BF541A36B105232A460094B04720466F
:103C300002B070BD184622464AB9294601F07CF907
:103C4000BFF35B8FF3E700F8015B013AF4E783070A
:103C5000F9D14FF001336B43032AEEDD40F8043B0A
:103C6000043AF9E76FF02100E2E70020704710B452
:103C7000046B02460B4684B9C1681F2998BF23FA1A
:103C800001F4416861B18068834209D2106918402B
:103C900051F82430184410BC7047234610BC184714
:103CA0004FF0FF30F7E730B5059CC4E90002039AF6
:103CB00021811989E260049A618121856261D3E9D9
:103CC000002502EB0113C4E906128A1C236203EBF0
:103CD00042036A1C13446D422B406362836953B9EB
:103CE0000139E2698B4202EB031206DB0023937376
:103CF0006FF07F03D373002030BD0133D381F0E731
:103D00002DE9F04FB0F830A004465546002685B0A6
:103D100002EB030891460E9A00EBCA031FFA88FBD8
:103D20009A63A3F83CB008F1FF32C3690F1D0192FA
:103D3000B0451ADC238D2586A3EB0B032385236A6C
:103D400061895A8801390A4003EB4203A3F804A0B1
:103D5000BFF35B8F0020226A538801335380638D49
:103D60000133638505B0BDE8F08FE06A2A0157F89A
:103D7000041C03EB0515029303680392C91A8368B8
:103D80000837994228BF4FF0FF31FFF770FFDDE998
:103D90000232985000226A6057F8082CAA60019AF3
:103DA0009642ACBF00220122B145D8BF42F00202C8
:103DB000AA810136ED89BBE7F0B550B3456A448E60
:103DC0006B88A34230D0631C43864389BFF35B8F6B
:103DD000013B1C4005EBC4056B689EB209B1AD68A0
:103DE0000D60D0F81CC09BB20CEB031100EBC303B9
:103DF0009D8F078D2F44013D07859D878D896F0716
:103E00000ED5058ECD8100210686986B996302B18F
:103E10001480F0BD9D8FC989013D0CEB01119D8778
:103E20008D89ED07F6D4ECE70020F2E7C36903EBD8
:103E300001139868704770B5C369C56A09015E5877
:103E40006B6BE3B92C69621C09BF6B6834401C685A
:103E5000341B21462846FFF70AFF864207D02B690C
:103E600001331C44AB689C42F3D34FF0FF34286805
:103E7000431C09D0AB68A34206D9204470BD31462B
:103E8000284698470446F2E70020F7E770B5BFF3ED
:103E90005B8F0D46016A1646838E4A8804469A4215
:103EA00012D05A1C82864289013A134001EB430129
:103EB0008988298089B2FFF7BEFF2A88E36903EB6E
:103EC00002139B68336070BD0020FCE710B50268E8
:103ED00093691269920017D543B9438E026A8169CA
:103EE0004489013B1B1B02EB4102938003689B69E1
:103EF000012B08D1838E426A81694089013B1B1ADC
:103F000002EBC102938010BD23B9026A138843F00B
:103F10000103138003689B69012B01BF426A138868
:103F200043F001031380EEE710B5BFF35B8F036826
:103F300004461A699B6912F0005F1AD07BB9036AC4
:103F4000426A5B888169013B02EBC10292889B1A3D
:103F5000628D9BB29A4214D80023638510BD012B59
:103F6000FAD1436A026A5B888169013B02EB410234
:103F7000ECE763B9436A1B88DB4303F00103002BC2
:103F8000EAD06369002BE7D020469847E4E7012B8D
:103F9000E2D1036AEFE7036A828E598891420AD020
:103FA000418901390A4003EB42039A88C36903EB54
:103FB00002139868704700207047BFF35B8FC36897
:103FC00003B1184770474FF0FF324FF0FF33FCF753
:103FD00031BE10B1C36A0133C362704738B1C26ADF
:103FE000013AC2621AB9026B02B11047026270470D
:103FF00070B50446056A05F164063046FFF7E3FF35
:10400000636AA3F580637F2B0BD8012259095035D1
:1040100003F01F039A4055F8213023EA020345F8C4
:104020002130D4E90F124A60E16B04F13C031160C6
:104030002046C4E90F33FFF7D1FF3046BDE870409A
:10404000FCF7D4BD10B58CB0436A04460B91202216
:10405000014602A80A9300F018FB28230122CDE9AB
:10406000003220463522616A02ABFCF7ABF800EA69
:10407000E0700CB010BD30B1006A20B119B1D0F8B9
:10408000883003B11847704730B1006A20B119B1C8
:10409000D0F88C3003B11847704730B1006A20B1B6
:1040A00019B1D0F8903003B11847002070472DE9BE
:1040B000F84306468846174699460468A64201D149
:1040C000002520E07A1CA4F13C0502D06B6ABB42BB
:1040D00019D0B8F1000F22D020224146284600F026
:1040E0009AFEE0B9B9F1FF3F02D0AB6A4B450AD066
:1040F0007B1C0BD02468B442E2D054F8183CA4F1E5
:104100003C059F42E8D12846BDE8F883AB6A0133FD
:10411000F9D02468B442D3D0A4F13C05D9E724688F
:10412000CCE710B5044690B1036A83B102784AB176
:1041300093F8A43033B1436AB3F5806F02D3012101
:10414000FFF780FF2046BDE81040FFF751BF10BDCC
:1041500020B1036A13B15B6803B11847704708B513
:1041600030B1036A3BB1DB682BB19847002008BD32
:104170006FF01500FBE76FF00500F8E77047FCF7FC
:1041800035BD4FF0FF324FF0FF33FCF753BDF8B5AC
:104190000C4600F164070546A4F110063846FFF707
:1041A000F0FF3046FCF7E8F880B154F8083C24F8FA
:1041B000083CD5F8CC3044F80C3C05F1C80344F871
:1041C000103CC5F8CC6054F80C3C1E603846FFF734
:1041D000D6FF0020F8BD38B50D4600F16404204636
:1041E000FFF7CFFF55F8083C204603F5803345F82C
:1041F000083CBDE83840FFF7C2BF2DE9F04188B068
:104200000E9C282A8846D4F8C0006ED101688568C3
:10421000A8EB0101A94228BF4FF0FF3120236A46D5
:10422000FFF77DFC04F16406D8F820703046FFF7F4
:10423000A8FF3B464FF0FF3269462046FFF737FFA5
:10424000D8F824300546E0B1D0F8308003F00103FF
:10425000B8F1000F02D0DBB9AF6230E0002BFBD029
:104260004FF0FF3383623046FFF789FFAB6B83BBB0
:10427000D4F88030002B38D03A466946204698471B
:1042800033E0DB071FD43046FFF779FFE36FF1E738
:104290004FF0FF338362FFF79CFE3046FFF76FFF5E
:1042A000AB6BA3B9D4F880301BB13A4669462046BF
:1042B00098473046FFF765FF2846FFF78FFE3046E8
:1042C000FFF75DFF11E03046FFF759FFD0E74FF0F1
:1042D000010828469847D4F880301BB13A46694611
:1042E00020469847B8F1000FE3D1002008B0BDE8A0
:1042F000F081F0B504468E680D46B6B23146D0F86E
:10430000B80085B0FFF792FDD4F8B43007469A693B
:1043100042B90095CDE902500123D4F8B80002A9B2
:10432000FFF7EEFCD4F8B4309B69012B05D13A4677
:104330003146D4F8B800FBF729FFD4F8B80005B02F
:10434000BDE8F040FFF7F0BD70B500F16406A1F1E3
:10435000100504463046FFF714FF2846FCF70CF81A
:1043600018B129462046FFF7C4FF3046BDE870402B
:10437000FFF705BFF0B5036885B05F6A07F1640613
:104380003046FFF7FEFED7F8B4309B69002B4DD0C6
:10439000012B46D1D7F8B80003AA0DF10A01FFF7A7
:1043A00075FD04463046FFF7EAFE002C3CD0BDF810
:1043B0000A303046A360FFF7E4FE4FF0FF330021E0
:1043C00062683846FFF773FE0546FFF702FEA368F2
:1043D000304603F58033A360FFF7D1FE7DB1AB6AB1
:1043E000696C013308BF2368284608BFAB622368A5
:1043F000A2890091D5F834C004F11001E04730469D
:10440000FFF7BFFE2846FFF7E9FD2046FBF7B4FFA4
:1044100018B121463846FFF76CFF3046FFF7AFFE74
:10442000AEE73046FFF7ABFE05B0F0BDD7F8B800F9
:104430000DF10A0203A9FFF7BFFCD7F8B430044618
:104440009B69012BAED1A5E72DE9F041A3F1100640
:1044500053F8085C002388B00693ADF81E3004467C
:104460001023CDE904120E9FD0F8C000ADF81C70E7
:104470000168D0F808C0711A0DEB0302614528BF2E
:104480004FF0FF3104F16408FFF782FB4046FFF76D
:1044900078FED4F8B430ADB29B69CBB9D4F8A8207B
:1044A000D4F8B430D4F8BC009B69C3B9CDE902623A
:1044B0000096012202A9FFF723FCD4F8BC00FFF705
:1044C00033FD4046FFF75BFE384608B0BDE8F0819B
:1044D0002946D4F8BC00FFF7A9FC0246E0E7012B0F
:1044E000EBD12946FBF752FEE7E710B548B149B1D9
:1044F00043688B4206D382680468D21A5B1A436011
:10450000A01810BD0020FCE72DE9F3470546D0F8C0
:10451000B4000E46904618B9002002B0BDE8F087FE
:10452000036A002BF8D09B68002BF5D0984743070F
:10453000F2D543F69823B8F1000F18BF984605F15D
:10454000640705F1C8093846FFF71BFED5F8C840D7
:104550004C452BD054B3D4E90023536022681A6031
:10456000C4E90044D5F8B43021899B69ADF8061040
:104570007BB1012B14D03846FFF701FEBDF80630A1
:1045800004F1100003F58033A3603368103B3360FF
:10459000C3E7D5F8A8303360D5F8B4309B69E8E7B5
:1045A000D5F8BC00FFF742FC3060E4E7D5F8B43042
:1045B000D3F818A0BAF1000F36D13146D5F8BC00B7
:1045C0000DF10602FFF7F8FB04460028D3D1D5F819
:1045D000BC301B8DB3B93846FFF7D1FDB8F1000FE1
:1045E0009AD0D5E92D3218211289DB6A01FB0233FA
:1045F000D5F8D02022BB21200021FDF707F808F1D3
:10460000FF38A0E7D5F8A810D5F8C400FFF76DFF74
:104610000446D5F8A830ADF806A033603846FFF759
:10462000AEFD002CDAD0A9E7BAF1010FD3D13246A2
:10463000D5F8BC000DF10601FFF728FC0446EDE7B4
:104640001969284690476FF4FB639842D3D000283D
:104650007FF479AF60E720B119B112B1C0E901224E
:104660000160704710B5044618B910BD3C38FFF71B
:1046700058FD20688442F9D10023C4E92E33D4F8D0
:10468000B400BDE81040FFF763BD034608463AB9E1
:10469000F6F7CDBE10F8011B03F8011B0029F7D077
:1046A000013AF7D11A70F3E708B1F8F745BB704744
:1046B000704740B1C368587810F001001EBF1878E9
:1046C000B0FA80F040097047EFF31183402383F381
:1046D0001288BFF36F8FFEE708B5FFF7F5FF10B53F
:1046E000D0E9003433B90020E268537843F0010385
:1046F000537010BD204698470028F4D00028B8BF5A
:104700004042FF28A8BFFF20E3681870ECE700F0E4
:1047100013BC00F004BC704710B400F10C04C0E9F5
:10472000034410BCFEF707BA2DE9F04F054689B0E7
:10473000DDE9126791463B46324606A8059105F130
:10474000140A00F095FADDE90634CDE90234EFF3FE
:1047500011844FF0400888F31288BFF36F8F05F182
:104760000C0B4A4628460599FEF771F930B184F3DF
:104770001188BFF36F8F09B0BDE8F08F3E43F6D0CC
:10478000DDE9022306A800F097FADDE906675A463C
:1047900021465046CDE90067FCF7C6FDEFF31184D2
:1047A00088F31288BFF36F8FDBE738B50446EFF369
:1047B0001185402383F31288BFF36F8FFEF7FEF855
:1047C00004F10C0000F0E4F930B1294604F11400C2
:1047D000BDE83840FCF718BE85F31188BFF36F8F32
:1047E00038BD402408B5EFF3118384F31288BFF37A
:1047F0006F8FFEF738FDF6E790F90E308B4201D04F
:10480000FCF7BEBD0020704703460020C3E900331B
:10481000C3E9020070472DE9F843994604460D4666
:1048200090469DF8203000F10806EFF311874022F2
:1048300082F31288BFF36F8F03B14568304600F0F2
:1048400084F958B10023C0F81480C36700F01EF942
:1048500030463946FCF7D8FD00200CE0B9F1000FD6
:104860001BD00821FDF71EF938B987F31188BFF373
:104870006F8F6FF00B00BDE8F8830122C0F8048051
:104880000260016801F003015DB922680A43026019
:10489000626820606AB960600BE04046C8F800902A
:1048A000EFE72A68032A10D80160616839B9C4E9C2
:1048B0000000042104F1100000F065FAC8E70A685E
:1048C00002F0030202430A60E5E722F003020A4312
:1048D00002602A6802F0030240EA02032B60E8E764
:1048E00010B5044630B10268930703D0446809B19B
:1048F00000F076FA204610BD012307B5009300238F
:104900000A461946FFF787FF03B05DF804FB002352
:1049100007B50A4600931946FFF77DFF03B05DF81F
:1049200004FB5AB18A4209D300F11003C0E9021214
:10493000C0E90000C0E90433002070476FF01500A3
:104940007047012302688B4022EA0303036022FAC6
:1049500001F000F001007047704720B1002288305C
:10496000114600F04AB9704738B504460D4610228A
:10497000002100F0E1FA656038BD13B501900846EA
:10498000EFF31184402383F31288BFF36F8F01A9E3
:10499000FCF732FA84F31188BFF36F8F02B010BDB9
:1049A00010B5FFF7EAFF041E08DDEFF31180402386
:1049B00083F31288BFF36F8FFCF756FD204610BDBE
:1049C00070B50D46EFF31186402383F31288BFF3D1
:1049D0006F8FFCF76BFA044686F31188BFF36F8F75
:1049E00038B14FF0FF324FF0FF3305F11000FCF704
:1049F00021F9204670BD08B5A022002100F09CFAE4
:104A000008BDEFF30580003818BF012070476FF034
:104A100057007047FCF70ABDD0E9003213605A60B6
:104A20000023C0E90033704708B5FFF7F5FF437B6B
:104A300023F0020343730023836008BD38B50446A6
:104A40000D46FCF77BFB637B43F002036373E5B128
:104A5000A5602B689D4209D16B68C4E900531C60B6
:104A60006C6012E06A689A42F6D01B68002BF3D0A3
:104A700094F90E2093F90E108A42F3D09142F1DDA1
:104A80005A68C4E9003214605C6038BD10B5EFF3B9
:104A90001184402383F31288BFF36F8FFCF766FB0A
:104AA00084F31188BFF36F8F10BD10B50446183022
:104AB00000F0C5F8EFF31181402383F31288BFF3B0
:104AC0006F8F627B12F0100204D081F31188BFF364
:104AD0006F8F10BD2046BDE81040FCF77BBB08B5CA
:104AE000EFF31181402282F31288BFF36F8F836846
:104AF0000BB1FFF799FF81F31188BFF36F8F08BDEA
:104B000038B50446EFF31185402383F31288BFF3D1
:104B10006F8F437B13F0280F0BD183680BB1FFF726
:104B200083FF637B51B903F0FB0320466373FCF7FB
:104B30001DFB85F31188BFF36F8F38BD03F0EB03C6
:104B4000F3E701211838FFF7DBBF38B5EFF3118524
:104B5000402383F31288BFF36F8F0468A0420DD007
:104B600034B12046FFF760FF04F1180000F067F849
:104B700085F31188BFF36F8F204638BD0024F7E717
:104B800010B5FFF7ACFFBDE81040183000F057B883
:104B900038B5054604680020AC4200D138BD002C71
:104BA000FCD02046FFF7ECFF2046FFF76FFF2C6894
:104BB0000120A542F1E7EFF31181402282F3128830
:104BC000BFF36F8F027BD2070CD581F31188BFF33F
:104BD0006F8F002383F31188BFF36F8F0423184670
:104BE00002DF7047437B1B0704D581F31188BFF3B5
:104BF0006F8F70470122FCF7EDBA38B5EFF31185DE
:104C0000402383F31288BFF36F8F0468A04212D051
:104C10009CB1E16762612046FFF706FF04F11800CE
:104C200000F00DF82046FCF7A1FA012085F3118869
:104C3000BFF36F8F38BD0020F8E72046F6E710B5C8
:104C4000EFF31184402282F31288BFF36F8F036861
:104C50003BB1FCF7BBFD002084F31188BFF36F8FDD
:104C600010BD6FF01500F7E708B5FCF7CDFE08BDE5
:104C7000B3F1FF3F08BFB2F1FF3F70B504461D46D8
:104C8000164613D01A4315D06FF001024FF0FF33D0
:104C9000921B63EB0501002904DAFCF7B5FE8219CB
:104CA00041EB0501C4E90021204670BD4FF0FF3201
:104CB0001146F7E70022FBE7B3F1FF3F08BFB2F16F
:104CC000FF3FF8B5074616461C4610D054EA0203CB
:104CD00011D0FCF799FEB0420A46A14103460AD220
:104CE000F31A64EB0204C7E900343846F8BD4FF00C
:104CF000FF331C46F7E70023FBE72DE9F04184680A
:104D000005460E46ECB16378012B25D114F8533CCF
:104D10009A0714D5A4F160073846FFF731FF082E33
:104D20000CBF6FF003030023E36114F8533CDB0670
:104D300005D154F8483C13B93846FFF7A7FE0023C5
:104D400023700020EB68A860C3F38632164366F335
:104D50009433EB60BDE8F081022BF0D12378002B77
:104D6000EDD054F8048CB8F1000FE8D004F1140031
:104D7000FFF765FF0023A4F1140739464046E362BC
:104D8000FFF7FBFDDBE7034610B5EFF3118440228C
:104D900082F31288BFF36F8F0068834208D0D0E996
:104DA000003213605A600023C0E90033FFF7A5FF0B
:104DB00084F31188BFF36F8F10BD0432D3B504465E
:104DC00008D20026002741F00401CDE90067FFF773
:104DD000ABFC10B9002002B0D0BD40F8044BFAE79C
:104DE00020B1011F50F8040CFFF7DFBC70470146EB
:104DF0000420FCF749BE0139024410B5904201D1AC
:104E0000002005E0037811F8014FA34201D0181BE0
:104E100010BD0130F2E710B56AB10139841810F8FD
:104E2000012B11F8013F9A4203D1A04201D0002A80
:104E3000F5D1D01A10BD1046FCE710B50139044673
:104E400032B111F8013F013A00F8013B002BF7D1D4
:104E5000002100F071F8204610BD0246014410B553
:104E60008A42134603D01C780132002CF8D1181A5C
:104E700010BDF0B5C3F13707044603F01F03104619
:104E8000FFB2082BE6B232D0102B3DD06508A40843
:104E900045EAC17544EA81748A082D1942EB510232
:104EA000290941EA02716D1842EB1212290A41EAFE
:104EB00002616D1842EB1222290C41EA02416D1881
:104EC00042EB1242AD1842F10002EC0844EA42748F
:104ED000D10804EB8402A6EB4205EDB2092D0CD9F2
:104EE0000134A5F10A0541F10001EDB212E0E40838
:104EF00006F0070544EA4174C908303554EA010256
:104F000000F8015BBDD1F0BD240906F00F0544EAAD
:104F100001740909092D84BFED19EDB2EDE70A44CA
:104F2000431E914200D1704710B511F8014B9142D8
:104F300003F8014FF9D110BD02440346934200D15A
:104F4000704703F8011BF9E701480068704700004B
:104F500010720021C664FF7F01000000EDCA02014B
:104F600000000000F1CE0201EC4F0301FD09030136
:104F70000000000055D502011450030155D502016F
:104F8000005003016DF30201000000003F390301EE
:104F90000000000071D302012850030199D90201D9
:104FA0003C5003015DD1020100000000E1DC020180
:104FB00000000000FDCA020100000000CDC802018F
:104FC0000000000075D7020150500301E9F302010F
:104FD00000000000810C030100000000B32F03015A
:104FE00064500301B9DF020178500301D459030171
:104FF000CC560301DC5603015E08002164720021D7
:10500000F3590301005703013057030162080021DF
:105010000C730021015A0301185703013057030193
:105020006408002118730021E35903010000000007
:10503000F856030160080021B8720021265A0301C6
:1050400068570301B057030168080021AC730021C1
:105050000F5A0301980700215457030166080021E5
:10506000247300214A59030158070021E855030120
:105070005C080021E81A0021345A030100000000F6
:10508000BC5703016A080021C4730021000000001E
:105090004932030100000000493203010000000012
:1050A0004932030100000000493203010000000002
:1050B0004932030155390301593903010000000049
:1050C00049320301000000004932030100000000E2
:1050D00049320301B8720021E1D30201F9FB020158
:1050E00059390301000000004932030100000000AB
:1050F00049320301000000004932030100000000B2
:1051000049320301000000004932030100000000A1
:1051100049320301000000004932030141FE02014F
:10512000593903013C500301D73603010000000048
:105130004932030100000000493203010000000071
:1051400071DD02010000000049320301000000008F
:105150004932030100000000493203010000000051
:10516000D9F30201000000004932030100000000F1
:10517000493203010000000049320301FFFFFFFF35
:10518000681A0021E8760021000600004DB40201F3
:105190000000000000000000000000000700000008
:1051A000000000003D590301000000000000000065
:1051B0005D00030106000000000200000002000084
:1051C000000000009F5B03010001000000010302DA
:1051D00000002CA6E0A120A820A80000F401FA00FD
:1051E000960064004B0032001E0014000A00050007
:1051F000020001000102040025262700010203032A
:10520000250D0F0F0102040000000000141E000015
:105210003011000060EA000060EA000000002CA6E7
:10522000E0A120A820A8000000002CA6E0A120A852
:1052300020A800000001030200002CA6E0A120A885
:1052400020A8000001020303F401FA0096006400A4
:105250004B0032001E0014000A000500020001008D
:1052600000002CA6E0A120A820A80000000000005B
:10527000141E00003011000060EA000060EA000027
:10528000F401FA00960064004B0032001E00140086
:105290000A000500020001000102030301010002EF
:1052A00007000102040100010000010100000100EB
:1052B00001000001000100000000F401FA00960066
:1052C00064004B0032001E0014000A0005000200BA
:1052D000010001000B0002000A00050009000A009D
:1052E0000800140007001E000600320005004B00F5
:1052F00004006400030096000200FA000100F401BB
:105300000000010203030C0802170D010102090944
:105310000101060209181803010109090303050325
:105320000201230202240910040405050B0B040BDF
:105330002B1B1B151A1A1C021D16130501490D15EE
:10534000050000002CA6E0A120A820A800002CA6A3
:10535000E0A120A820A80001020201020400A3018C
:10536000B103BF05EF024906A309C505F50B2512D8
:105370000E021C045A03B4063006600C010203033B
:1053800000002CA6E0A120A820A80102030301022E
:1053900004010203030000002CA6E0A120A820A81D
:1053A000F401FA00960064004B0032001E00140065
:1053B0000A0005000200010000000000141E0000A9
:1053C0003011000060EA000060EA000000002CA636
:1053D000E0A120A820A800002CA6E0A120A820A8D9
:1053E0000102030300000000141E00003011000041
:1053F00060EA000060EA000001020400030000000F
:105400002CA6E0A120A820A800000000141E000087
:105410003011000060EA000060EA000000002CA6E5
:10542000E0A120A820A8F401FA00960064004B0037
:1054300032001E0014000A000500020001000000F6
:1054400000002CA6E0A120A820A8F401FA009600F4
:1054500064004B0032001E0014000A000500020028
:105460000100000000000000141E000030110000C8
:1054700060EA000060EA0000010203030102040088
:105480000102020000002CA6E0A120A820A8000133
:1054900003020000E3A3C3000406080A0C0E101266
:1054A0001416181C1E20222426282A2C2E303234B2
:1054B00036383A3C3E40424446484A4C4E021A5026
:1054C000000000002800000018000000500100004B
:1054D0005001000000000000141E00003011000008
:1054E00060EA000060EA000000000000141E0000F6
:1054F00030110000B45F00003C730000B80BD0070F
:105500006C396C390000000000000001000080636D
:1055100000008063010000000700000000000000A0
:10552000000000000000000000002CA6E0A120A860
:1055300020A8000000003408E803280A280A000018
:105540000000000070170000A00F00003C280000C1
:105550003C2800000000DC05E8030000D417000030
:1055600000000000141E00003011000060EA00007E
:1055700060EA0000000103020000000000000000DB
:105580000000000000000000000000000101010117
:1055900002020202030303030405060708090A0BBB
:1055A0000C0D0E0FD8ECF0F4F8F9FAFBFCFDFEFF41
:1055B0000001020306080801020600100200FA00BA
:1055C00000000000FBB3020107B402010BB40201AA
:1055D00013B4020117B40201000000000000000033
:1055E0000338FDD870470000E5B8020165300301BB
:1055F000CDBA020119BB0201F9BB0201492E030118
:10560000BD2E0301512E0301832E03016D2E0301D4
:10561000572E030100000000000000009731030135
:10562000873103019331030185310301000000003C
:1056300000000000000000000000000075310301C0
:105640000000002100000000060001000200000030
:105650005456030100000001C55903010600000073
:10566000E0FF030100000021CD59030121000000EB
:10567000E0FF002149C902010000000027330301B7
:10568000745603018C56030104010000E8BD00219B
:10569000745603019C5603012000000008BF00213E
:1056A00074560301AC56030103010000ACC0002195
:1056B00074560301BC56030108010000E4CB00212D
:1056C00079CE020149CE020100000000D1CF0201D3
:1056D000BDCE0201CB340301D134030149CF020115
:1056E00049340301AB34030100000000E53303013A
:1056F000000000000000000019D3020171D2020175
:10570000FFFF000000088C410000000001000000C5
:1057100000A0004100000000FFFFFFFF00058C41DA
:10572000000000000000000000A000410000000098
:10573000E9D50201DD340301E9340301FD3403013D
:10574000073503011135030155D402012535030145
:1057500000000000BD35030199350301B535030193
:10576000B9350301E53503010030014101000000B6
:10577000000000008C5703010000D601000000006B
:105780000000000073740021727400210030014198
:105790009857030101000000A05703010400000016
:1057A000290000002A000800280604002B060C002F
:1057B00091360301E5D8020183360301C1DE0201FF
:1057C0003D37030161370301B05A0301C35A030196
:1057D000D65A0301E95A0301FC5A03010F5B030186
:1057E000225B0301355B03015C4F03015C4F030146
:1057F000AC4F0301B44F0301EC4F0301EC4F030125
:10580000512563FCC2CAB9F3849E17A7ADFAE6BC62
:10581000FFFFFFFFFFFFFFFF00000000FFFFFFFF94
:10582000AAAAAAAAAAAAAAAAAAAAAAAA555555552C
:10583000555555555555555500000000555555556C
:10584000522563FCC2CAB9F3849E17A7ADFAE6BC21
:10585000FFFFFFFFFFFFFFFF00000000FFFFFFFF54
:10586000512563FCC2CAB9F3849E17A7ADFAE6BC02
:10587000FFFFFFFFFFFFFFFF00000000FFFFFFFF34
:1058800096C298D84539A1F4A033EB2D817D0377DA
:10589000F240A463E5E6BCF847422CE1F2D1176B75
:1058A000F551BF376840B6CBCE5E316B5733CE2B48
:1058B000169E0F7C4AEBE78E9B7F1AFEE242E34F77
:1058C0004B60D2273E3CCE3BF6B053CCB0061D65B4
:1058D000BC86987655BDEBB3E7933AAAD835C65A3D
:1058E000FCFFFFFFFFFFFFFFFFFFFFFF00000000C7
:1058F000000000000000000001000000FFFFFFFFAB
:10590000647261676F6F6E2F6C6962732F73636867
:105910006564756C696E672F7372632F72656D5F56
:1059200068616C5F6576656E745F74696D65722E13
:1059300063006E72665F62745F6863690074785FAB
:105940007468726561645F696400697063300073D4
:1059500072616D302E73686D0067656E6572696384
:10596000002A2A2A20426F6F74696E67206E5246A1
:1059700020436F6E6E6563742053444B2076322E45
:10598000382E39392D66643530333634303065641D
:1059900034202A2A2A0A002A2A2A205573696E6787
:1059A000205A6570687972204F532076332E372E37
:1059B00039392D613733356332346431373233202E
:1059C0002A2A2A0A00464C4153485F30005352416C
:1059D0004D5F3000636C6F636B4034313030353075
:1059E00030300072616E646F6D4034313030393068
:1059F0003030006770696F40343138633038303090
:105A0000006770696F403431386330353030006D75
:105A1000626F784034313031323030300000010272
:105A200003040506070B756172744034313031335D
:105A30003030300062745F6863695F736463003F95
:105A400049F6D4A3C55F3874C9B3E3D2103F504AB6
:105A5000FF607BEB40B7995899B8A6CD3C1ABD4D75
:105A600050534C204153534552543A2025732C2017
:105A700025640A004D50534C20576F726B00000094
:105A80000001010000000020303030303030303074
:105A90003030303030300001756E72656769737474
:105AA00065726564202573206275730A0025730092
:105AB0006D6574616C3A20656D657267656E6379BA
:105AC0003A20006D6574616C3A20616C6572743ABD
:105AD0002020202020006D6574616C3A206372697B
:105AE000746963616C3A2020006D6574616C3A20C2
:105AF0006572726F723A2020202020006D657461FB
:105B00006C3A207761726E696E673A202020006DD2
:105B10006574616C3A206E6F746963653A20202069
:105B200020006D6574616C3A20696E666F3A2020C2
:105B300020202020006D6574616C3A2064656275D8
:105B4000673A20202020200025733A206672656580
:105B5000696E67206E6F6E2D656D70747920766941
:105B6000727471756575650D0A00756E657870657E
:105B700063746564206275666665722068656C642E
:105B800020636F756E7465720D0A0072785F7671AE
:105B90000074785F7671004E53006D61696E00731A
:105BA0007973776F726B7100E0058308F89F3E721E
:105BB0008C341CDA19092679D8E8285C00FFFFFF2D
:105BC000FF1F00286E756C6C29002A666C6F61746B
:105BD0002A000000FFFFFFFFFF1F00001F00000062
:105BE000000000007FFE0000E4070000DD50000020
:105BF00000000000FFFFFFFF1F000000A0354D0068
:105C0000FF000000C40900000000000000C00041C7
:105C100000000000000000000C00000000FF7F00FA
:105C20000000000000000000000000000000000074
:105C30000000000000000000000000000000000064
:105C40000000000000000000000000000000000054
:105C50000000000000000000000000000000000044
:105C60000000000000000000000000000000000034
:105C7000000000000000000000000000C54400011A
:105C8000094500017D480001C1610001094400018E
:105C9000515F0001B55E00010944000109440001A3
:105CA000555E000129610001F95D000109600001F4
:105CB00045450001CD630001AD460001715700016B
:105CC000896300016D630001B15C0001F95C0001B2
:105CD0009D5D0001495D000135570001DD44000173
:105CE000914500019145000161480001F544000122
:105CF000F96800019D480001316F0001016F00014A
:105D000045500001BD5000010000000000000000EF
:105D100039640001DC000021EC000021A800002112
:105D20001C010021040100211D4E0001AD450001B0
:105D30009D6000016D5C000100000000000000009B
:105D40000000000000000000000000000000000053
:105D50000000000000000000000000000000000043
:105D60000000000000000000000000000000000033
:105D700045200101000000009761020100000000C1
:105D8000DD200101000000004F6202010000000060
:105D9000C5200101000000004F6202010000000068
:105DA00091200101000000004B6102010000000091
:105DB000A9200101000000004B6102010000000069
:105DC0007962020100000000FB6102010000000096
:105DD000476102010000000075620201000000003E
:105DE0007D2001010000000013620201000000009C
:105DF0003561020100000000ED60020100000000BA
:105E0000DF610201000000001D210101000000000F
:105E1000E36102010000000000000000000000003B
:105E20000000000000000000000000000000000072
:105E30000000000000000000000000000000000062
:105E40000000000000000000000000000000000052
:105E50000000000000000000000000000000000042
:105E60000000000000000000000000000000000032
:105E70000000000000000000000000000000000022
:105E80000000000000000000000000000000000012
:105E90000000000000000000000000000000000002
:105EA00000000000000000000000000000000000F2
:105EB00000000000000000000000000000000000E2
:105EC00000000000000000000000000000000000D2
:105ED00000000000000000000000000000000000C2
:105EE00000000000000000000000000000000000B2
:105EF00000000000000000000000000000000000A2
:105F00000000000000000000000000000000000091
:105F10000000000000000000000000000000000081
:105F20000000000000000000000000000000000071
:105F30000000000000000000000000000000000061
:105F40000000000000000000000000000000000051
:105F50000000000000000000000000000000000041
:105F60000000000000000000000000000000000031
:105F70000000000000000000000000000000000021
:105F80000000000000000000000000000000000011
:105F90000000000000000000000000000000000001
:105FA00000000000000000000000000000000000F1
:105FB00000000000000000000000000000000000E1
:105FC00000000000000000000000000000000000D1
:105FD00000000000000000000000000000000000C1
:105FE00000000000000000000000000000000000B1
:105FF00000000000000000000000000000000000A1
:106000000000000000000000000000000000000090
:106010000000000000000000000000000000000080
:106020000000000000000000000000000000000070
:106030000000000000000000000000000000000060
:106040000000000000000000000000000000000050
:106050000000000000000000000000000000000040
:106060000000000000000000000000000000000030
:106070000000000000000000000000000000000020
:106080000000000000000000000000000000000010
:106090000000000000000000000000000000000000
:1060A00000000000000000000000000000000000F0
:1060B00000000000000000000000000000000000E0
:1060C00000000000000000000000000000000000D0
:1060D00000000000000000000000000000000000C0
:1060E00000000000000000000000000000000000B0
:1060F00000000000000000000000000000000000A0
:10610000000000000000000000000000000000008F
:10611000000000000000000000000000000000007F
:10612000000000000000000000000000000000006F
:10613000000000000000000000000000000000005F
:10614000000000000000000000000000000000004F
:10615000000000000000000000000000000000003F
:10616000000000000000000000000000000000002F
:10617000000000000000000000000000000000001F
:10618000000000000000000000000000000000000F
:1061900000000000000000000000000000000000FF
:1061A00000000000000000000000000000000000EF
:1061B00000000000000000000000000000000000DF
:1061C00000000000000000000000000000000000CF
:1061D00000000000000000000000000000000000BF
:1061E00000000000000000000000000000000000AF
:1061F000000000000000000000000000000000009F
:10620000000000000000000000000000000000008E
:10621000000000000000000000000000000000007E
:10622000000000000000000000000000000000006E
:10623000000000000000000000000000000000005E
:10624000000000000000000000000000000000004E
:10625000000000000000000000000000000000003E
:10626000000000000000000000000000000000002E
:10627000000000000000000000000000000000001E
:10628000000000000000000000000000000000000E
:1062900000000000000000000000000000000000FE
:1062A0004599020131A10101E5980201E99D010131
:1062B00000000000000000000000000000000000DE
:1062C000F006002133B3020139B302013BB30201EE
:1062D00065B302013FB302016FB3020145B302018E
:1062E0007BB302014BB3020181B302014DB3020142
:1062F0005BB302015FB3020151B3020157B3020164
:106300006BB3020175B30201C45503010100000023
:10631000325903010000000041B4020179B40201C6
:106320000000000000000000E72B03010100000056
:106330000000072000000100505003010100000090
:1063400050500301000000000200000000000000A7
:106350000000000000020000000000001D330301E7
:10636000000000000000000078500301FFFF000063
:10637000FFFF000000E0FFFF000000000000000041
:10638000000000000000000000000000000000000D
:1063900000000000000000000000000000000000FD
:1063A00000000000000000000000000000000000ED
:1063B00000000000000000000000000000000000DD
:1063C00000000000000000000000000000000000CD
:1063D00000000000000000000000000000000000BD
:1063E000000000000000000008000000FF000000A6
:1063F00000000000030000000000000059590301E4
:106400000000000081FE020100000000000000000A
:10641000000000000000000000000000000000007C
:106420000000000000000000540800215408002172
:10643000000000000000000000000000000000005C
:1064400000000000E89D0021002000000000000086
:1064500000000000800800218008002100000000EA
:10646000000000000E0000009408002194080021A4
:106470000000000001000000A4080021A408002181
:106480000000000000000000B4080021B408002152
:10649000BC080021BC080021000000000000000032
:1064A000CC080021CC080021D4080021D408002108
:1064B0000000000000000000E4080021E4080021C2
:1064C000EC080021EC080021070007000100000093
:1064D0000000000090560301E8BF0021000000000A
:1064E00000000000100900211009002118090021F6
:1064F000180900210A000A00010000000000000045
:10650000A0560301CCCA00210000000000000000DA
:106510003C0900213C0900214409002144090021D3
:10652000010001000100000000000000805603018E
:10653000ECBE0021000000000000000068090021FE
:106540006809002170090021700900210A000A0071
:106550000100000000000000B056030134D6002105
:0465600015E015E04D
:00000001FF
